source_id,chapter_id,lesson_id,role,why
barbosa-moreira-temas-serie4-1989,01-os-temas-fundamentais-do-direito-brasileiro-nos-anos-80,aula-02.html,unused,O capítulo «Os temas fundamentais do direito brasileiro nos anos 80: Direito Processual Civil» trata de tema distinto; não se conecta diretamente à improcedência liminar ou à audiência inicial desta aula.
barbosa-moreira-temas-serie4-1989,02-sobre-a-multiplicidade-de-perspectivas-no-estudo-do-processo,aula-02.html,unused,O capítulo «Sobre a multiplicidade de perspectivas no estudo do processo» trata de tema distinto; não se conecta diretamente à improcedência liminar ou à audiência inicial desta aula.
barbosa-moreira-temas-serie4-1989,03-dimensiones-sociales-del-proceso-civil,aula-02.html,unused,O capítulo «Dimensiones sociales del proceso civil» trata de tema distinto; não se conecta diretamente à improcedência liminar ou à audiência inicial desta aula.
barbosa-moreira-temas-serie4-1989,04-o-problema-da-divisao-do-trabalho-entre-juiz-e-partes,aula-02.html,unused,O capítulo «O problema da “divisão do trabalho” entre juiz e partes: aspectos terminológicos» trata de tema distinto; não se conecta diretamente à improcedência liminar ou à audiência inicial desta aula.
barbosa-moreira-temas-serie4-1989,05-os-poderes-do-juiz-na-direcao-e-na-instrucao-do-processo,aula-02.html,unused,O capítulo «Os poderes do juiz na direção e na instrução do processo» trata de tema distinto; não se conecta diretamente à improcedência liminar ou à audiência inicial desta aula.
barbosa-moreira-temas-serie4-1989,06-sobre-a-participacao-do-juiz-no-processo-civil,aula-02.html,unused,O capítulo «Sobre a “participação” do juiz no processo civil» trata de tema distinto; não se conecta diretamente à improcedência liminar ou à audiência inicial desta aula.
barbosa-moreira-temas-serie4-1989,07-la-igualdad-de-las-partes-en-el-proceso-civil,aula-02.html,unused,O capítulo «La igualdad de las partes en el proceso civil» trata de tema distinto; não se conecta diretamente à improcedência liminar ou à audiência inicial desta aula.
barbosa-moreira-temas-serie4-1989,08-sobre-pressupostos-processuais,aula-02.html,unused,O capítulo «Sobre pressupostos processuais» trata de tema distinto; não se conecta diretamente à improcedência liminar ou à audiência inicial desta aula.
barbosa-moreira-temas-serie4-1989,09-a-competencia-como-questao-preliminar-e-como-questao-de-merito,aula-02.html,unused,O capítulo «A competência como questão preliminar e como questão de mérito» trata de tema distinto; não se conecta diretamente à improcedência liminar ou à audiência inicial desta aula.
barbosa-moreira-temas-serie4-1989,10-saneamento-do-processo-e-audiencia-preliminar-parte-i-apresentacao-do-problema,aula-02.html,unused,"Discute saneamento e audiência preliminar, sem tratar diretamente da improcedência liminar nem da audiência inicial do art. 334."
barbosa-moreira-temas-serie4-1989,10-saneamento-do-processo-e-audiencia-preliminar-parte-ii-possibilidades-de-solucao,aula-02.html,unused,"Discute saneamento e audiência preliminar, sem tratar diretamente da improcedência liminar nem da audiência inicial do art. 334."
barbosa-moreira-temas-serie4-1989,10-saneamento-do-processo-e-audiencia-preliminar-parte-iii-modelos-concretos-tecnica-escrita,aula-02.html,unused,"Discute saneamento e audiência preliminar, sem tratar diretamente da improcedência liminar nem da audiência inicial do art. 334."
barbosa-moreira-temas-serie4-1989,10-saneamento-do-processo-e-audiencia-preliminar-parte-iv-modelos-concretos-tecnica-oral,aula-02.html,unused,"Discute saneamento e audiência preliminar, sem tratar diretamente da improcedência liminar nem da audiência inicial do art. 334."
barbosa-moreira-temas-serie4-1989,10-saneamento-do-processo-e-audiencia-preliminar-parte-v-apreciacao-critica,aula-02.html,unused,"Discute saneamento e audiência preliminar, sem tratar diretamente da improcedência liminar nem da audiência inicial do art. 334."
barbosa-moreira-temas-serie4-1989,11-alguns-problemas-atuais-da-prova-civil,aula-02.html,unused,O capítulo «Alguns problemas atuais da prova civil» trata de tema distinto; não se conecta diretamente à improcedência liminar ou à audiência inicial desta aula.
barbosa-moreira-temas-serie4-1989,12-la-collaboration-des-tiers-dans-lactivite-dinstruction,aula-02.html,unused,O capítulo «La collaboration des tiers dans l’activité d’instruction» trata de tema distinto; não se conecta diretamente à improcedência liminar ou à audiência inicial desta aula.
barbosa-moreira-temas-serie4-1989,13-conteudo-e-efeitos-da-sentenca-variacoes-sobre-o-tema,aula-02.html,unused,O capítulo «Conteúdo e efeitos da sentença: variações sobre o tema» trata de tema distinto; não se conecta diretamente à improcedência liminar ou à audiência inicial desta aula.
barbosa-moreira-temas-serie4-1989,14-eficacia-da-sentenca-de-interdicao-por-alienacao-mental,aula-02.html,unused,O capítulo «Eficácia da sentença de interdição por alienação mental» trata de tema distinto; não se conecta diretamente à improcedência liminar ou à audiência inicial desta aula.
barbosa-moreira-temas-serie4-1989,15-publicite-et-secret-du-delibere-dans-la-justice-bresilienne,aula-02.html,unused,O capítulo «Publicité et secret du délibéré dans la justice brésilienne» trata de tema distinto; não se conecta diretamente à improcedência liminar ou à audiência inicial desta aula.
barbosa-moreira-temas-serie4-1989,16-consideracoes-sobre-a-causa-de-pedir-na-acao-rescisoria,aula-02.html,unused,O capítulo «Considerações sobre a causa de pedir na ação rescisória» trata de tema distinto; não se conecta diretamente à improcedência liminar ou à audiência inicial desta aula.
barbosa-moreira-temas-serie4-1989,17-tendencias-na-execucao-de-sentencas-e-ordens-judiciais,aula-02.html,unused,O capítulo «Tendências na execução de sentenças e ordens judiciais» trata de tema distinto; não se conecta diretamente à improcedência liminar ou à audiência inicial desta aula.
barbosa-moreira-temas-serie4-1989,18-problemas-e-solucoes-em-materia-de-reconhecimento-e-execucao-introducao,aula-02.html,unused,O capítulo «Problemas e soluções em matéria de reconhecimento e execução de sentenças e laudos arbitrais estrangeiros» trata de tema distinto; não se conecta diretamente à improcedência liminar ou à audiência inicial desta aula.
barbosa-moreira-temas-serie4-1989,18-problemas-e-solucoes-em-materia-de-reconhecimento-e-execucao-i-visao-panoramica,aula-02.html,unused,O capítulo «Problemas e soluções em matéria de reconhecimento e execução de sentenças e laudos arbitrais estrangeiros» trata de tema distinto; não se conecta diretamente à improcedência liminar ou à audiência inicial desta aula.
barbosa-moreira-temas-serie4-1989,18-problemas-e-solucoes-em-materia-de-reconhecimento-e-execucao-ii-mecanismos-restritivos,aula-02.html,unused,O capítulo «Problemas e soluções em matéria de reconhecimento e execução de sentenças e laudos arbitrais estrangeiros» trata de tema distinto; não se conecta diretamente à improcedência liminar ou à audiência inicial desta aula.
barbosa-moreira-temas-serie4-1989,18-problemas-e-solucoes-em-materia-de-reconhecimento-e-execucao-iii-possibilidades-de-abolicao-ou-atenuacao,aula-02.html,unused,O capítulo «Problemas e soluções em matéria de reconhecimento e execução de sentenças e laudos arbitrais estrangeiros» trata de tema distinto; não se conecta diretamente à improcedência liminar ou à audiência inicial desta aula.
barbosa-moreira-temas-serie4-1989,18-problemas-e-solucoes-em-materia-de-reconhecimento-e-execucao-iv-laudos-arbitrais-estrangeiros,aula-02.html,unused,O capítulo «Problemas e soluções em matéria de reconhecimento e execução de sentenças e laudos arbitrais estrangeiros» trata de tema distinto; não se conecta diretamente à improcedência liminar ou à audiência inicial desta aula.
barbosa-moreira-temas-serie4-1989,18-problemas-e-solucoes-em-materia-de-reconhecimento-e-execucao-v-papel-dos-tratados-e-convencoes,aula-02.html,unused,O capítulo «Problemas e soluções em matéria de reconhecimento e execução de sentenças e laudos arbitrais estrangeiros» trata de tema distinto; não se conecta diretamente à improcedência liminar ou à audiência inicial desta aula.
barbosa-moreira-temas-serie4-1989,18-problemas-e-solucoes-em-materia-de-reconhecimento-e-execucao-vi-conclusoes-gerais,aula-02.html,unused,O capítulo «Problemas e soluções em matéria de reconhecimento e execução de sentenças e laudos arbitrais estrangeiros» trata de tema distinto; não se conecta diretamente à improcedência liminar ou à audiência inicial desta aula.
barbosa-moreira-temas-serie4-1989,19-medida-cautelar-liminarmente-concedida-e-omissao-do-requerente,aula-02.html,unused,O capítulo «Medida cautelar liminarmente concedida e omissão do requerente em propor a tempo a ação principal» trata de tema distinto; não se conecta diretamente à improcedência liminar ou à audiência inicial desta aula.
barbosa-moreira-temas-serie4-1989,20-le-juge-bresilien-et-le-droit-etranger,aula-02.html,unused,O capítulo «Le juge brésilien et le droit étranger» trata de tema distinto; não se conecta diretamente à improcedência liminar ou à audiência inicial desta aula.
barbosa-moreira-temas-serie4-1989,21-apendice-presenca-de-couture,aula-02.html,unused,O capítulo «Apêndice — Presença de Couture» trata de tema distinto; não se conecta diretamente à improcedência liminar ou à audiência inicial desta aula.
barbosa-moreira-temas-serie4-1989,22-indice-onomastico,aula-02.html,unused,O capítulo «Índice onomástico» trata de tema distinto; não se conecta diretamente à improcedência liminar ou à audiência inicial desta aula.
barbosa-moreira-temas-serie4-1989,23-indice-alfabetico-remissivo,aula-02.html,unused,O capítulo «Índice alfabético-remissivo» trata de tema distinto; não se conecta diretamente à improcedência liminar ou à audiência inicial desta aula.
carpes-onus-da-prova,assigned-reading,aula-02.html,unused,"O capítulo «Carpes, Ônus dinâmico da prova, pp. 45–61» trata de tema distinto; não se conecta diretamente à improcedência liminar ou à audiência inicial desta aula."
costa-atos-processuais,capitulo-atos-processuais,aula-02.html,unused,"O capítulo «Eduardo José da Fonseca Costa, Atos Processuais (art. 188)» trata de tema distinto; não se conecta diretamente à improcedência liminar ou à audiência inicial desta aula."
cpc-lei-13105-capture-2026-09-28,Art. 1,aula-02.html,unused,"Art. 1 trata de «O processo civil será ordenado, disciplinado e interpretado conforme os valores e as nor…», fora da regra de improcedência liminar (art. 332) e da audiência inicial (art. 334)."
cpc-lei-13105-capture-2026-09-28,Art. 2,aula-02.html,unused,"Art. 2 trata de «O processo começa por iniciativa da parte e se desenvolve por impulso oficial, salvo as…», fora da regra de improcedência liminar (art. 332) e da audiência inicial (art. 334)."
cpc-lei-13105-capture-2026-09-28,Art. 3,aula-02.html,supporting,"Estabelece o estímulo estatal à solução consensual, enquadrando a audiência de conciliação ou mediação do art. 334."
cpc-lei-13105-capture-2026-09-28,Art. 4,aula-02.html,unused,"Art. 4 trata de «As partes têm o direito de obter em prazo razoável a solução integral do mérito, incluíd…», fora da regra de improcedência liminar (art. 332) e da audiência inicial (art. 334)."
cpc-lei-13105-capture-2026-09-28,Art. 5,aula-02.html,unused,"Art. 5 trata de «Aquele que de qualquer forma participa do processo deve comportar-se de acordo com a boa…», fora da regra de improcedência liminar (art. 332) e da audiência inicial (art. 334)."
cpc-lei-13105-capture-2026-09-28,Art. 6,aula-02.html,unused,"Art. 6 trata de «Todos os sujeitos do processo devem cooperar entre si para que se obtenha, em tempo razo…», fora da regra de improcedência liminar (art. 332) e da audiência inicial (art. 334)."
cpc-lei-13105-capture-2026-09-28,Art. 7,aula-02.html,unused,"Art. 7 trata de «É assegurada às partes paridade de tratamento em relação ao exercício de direitos e facu…», fora da regra de improcedência liminar (art. 332) e da audiência inicial (art. 334)."
cpc-lei-13105-capture-2026-09-28,Art. 8,aula-02.html,unused,"Art. 8 trata de «Ao aplicar o ordenamento jurídico, o juiz atenderá aos fins sociais e às exigências do b…», fora da regra de improcedência liminar (art. 332) e da audiência inicial (art. 334)."
cpc-lei-13105-capture-2026-09-28,Art. 9,aula-02.html,supporting,"Traz a regra geral de prévia oitiva, em contraste útil com o julgamento do art. 332 antes da citação do réu."
cpc-lei-13105-capture-2026-09-28,Art. 10,aula-02.html,supporting,"Veda decisão por fundamento sem oportunidade de manifestação, limite útil para a formação do julgamento liminar."
cpc-lei-13105-capture-2026-09-28,Art. 11,aula-02.html,unused,"Art. 11 trata de «Todos os julgamentos dos órgãos do Poder Judiciário serão públicos, e fundamentadas toda…», fora da regra de improcedência liminar (art. 332) e da audiência inicial (art. 334)."
cpc-lei-13105-capture-2026-09-28,Art. 12,aula-02.html,unused,"Art. 12 trata de «Os juízes e os tribunais deverão obedecer à ordem cronológica de conclusão para proferir…», fora da regra de improcedência liminar (art. 332) e da audiência inicial (art. 334)."
cpc-lei-13105-capture-2026-09-28,Art. 13,aula-02.html,unused,"Art. 13 trata de «A jurisdição civil será regida pelas normas processuais brasileiras, ressalvadas as disp…», fora da regra de improcedência liminar (art. 332) e da audiência inicial (art. 334)."
cpc-lei-13105-capture-2026-09-28,Art. 14,aula-02.html,unused,"Art. 14 trata de «A norma processual não retroagirá e será aplicável imediatamente aos processos em curso…», fora da regra de improcedência liminar (art. 332) e da audiência inicial (art. 334)."
cpc-lei-13105-capture-2026-09-28,Art. 15,aula-02.html,unused,"Art. 15 trata de «Na ausência de normas que regulem processos eleitorais, trabalhistas ou administrativos…», fora da regra de improcedência liminar (art. 332) e da audiência inicial (art. 334)."
cpc-lei-13105-capture-2026-09-28,Art. 16,aula-02.html,unused,"Art. 16 trata de «A jurisdição civil é exercida pelos juízes e pelos tribunais em todo o território nacion…», fora da regra de improcedência liminar (art. 332) e da audiência inicial (art. 334)."
cpc-lei-13105-capture-2026-09-28,Art. 17,aula-02.html,unused,"Art. 17 trata de «Para postular em juízo é necessário ter interesse e legitimidade.», fora da regra de improcedência liminar (art. 332) e da audiência inicial (art. 334)."
cpc-lei-13105-capture-2026-09-28,Art. 18,aula-02.html,unused,"Art. 18 trata de «Ninguém poderá pleitear direito alheio em nome próprio, salvo quando autorizado pelo ord…», fora da regra de improcedência liminar (art. 332) e da audiência inicial (art. 334)."
cpc-lei-13105-capture-2026-09-28,Art. 19,aula-02.html,unused,"Art. 19 trata de «O interesse do autor pode limitar-se à declaração…», fora da regra de improcedência liminar (art. 332) e da audiência inicial (art. 334)."
cpc-lei-13105-capture-2026-09-28,Art. 20,aula-02.html,unused,"Art. 20 trata de «É admissível a ação meramente declaratória, ainda que tenha ocorrido a violação do direi…», fora da regra de improcedência liminar (art. 332) e da audiência inicial (art. 334)."
cpc-lei-13105-capture-2026-09-28,Art. 21,aula-02.html,unused,"Art. 21 trata de «Compete à autoridade judiciária brasileira processar e julgar as ações em que…», fora da regra de improcedência liminar (art. 332) e da audiência inicial (art. 334)."
cpc-lei-13105-capture-2026-09-28,Art. 22,aula-02.html,unused,"Art. 22 trata de «Compete, ainda, à autoridade judiciária brasileira processar e julgar as ações…», fora da regra de improcedência liminar (art. 332) e da audiência inicial (art. 334)."
cpc-lei-13105-capture-2026-09-28,Art. 23,aula-02.html,unused,"Art. 23 trata de «Compete à autoridade judiciária brasileira, com exclusão de qualquer outra…», fora da regra de improcedência liminar (art. 332) e da audiência inicial (art. 334)."
cpc-lei-13105-capture-2026-09-28,Art. 24,aula-02.html,unused,"Art. 24 trata de «A ação proposta perante tribunal estrangeiro não induz litispendência e não obsta a que…», fora da regra de improcedência liminar (art. 332) e da audiência inicial (art. 334)."
cpc-lei-13105-capture-2026-09-28,Art. 25,aula-02.html,unused,"Art. 25 trata de «Não compete à autoridade judiciária brasileira o processamento e o julgamento da ação qu…», fora da regra de improcedência liminar (art. 332) e da audiência inicial (art. 334)."
cpc-lei-13105-capture-2026-09-28,Art. 26,aula-02.html,unused,"Art. 26 trata de «A cooperação jurídica internacional será regida por tratado de que o Brasil faz parte e…», fora da regra de improcedência liminar (art. 332) e da audiência inicial (art. 334)."
cpc-lei-13105-capture-2026-09-28,Art. 27,aula-02.html,unused,"Art. 27 trata de «A cooperação jurídica internacional terá por objeto…», fora da regra de improcedência liminar (art. 332) e da audiência inicial (art. 334)."
cpc-lei-13105-capture-2026-09-28,Art. 28,aula-02.html,unused,"Art. 28 trata de «Cabe auxílio direto quando a medida não decorrer diretamente de decisão de autoridade ju…», fora da regra de improcedência liminar (art. 332) e da audiência inicial (art. 334)."
cpc-lei-13105-capture-2026-09-28,Art. 29,aula-02.html,unused,"Art. 29 trata de «A solicitação de auxílio direto será encaminhada pelo órgão estrangeiro interessado à au…», fora da regra de improcedência liminar (art. 332) e da audiência inicial (art. 334)."
cpc-lei-13105-capture-2026-09-28,Art. 30,aula-02.html,unused,"Art. 30 trata de «Além dos casos previstos em tratados de que o Brasil faz parte, o auxílio direto terá os…», fora da regra de improcedência liminar (art. 332) e da audiência inicial (art. 334)."
cpc-lei-13105-capture-2026-09-28,Art. 31,aula-02.html,unused,"Art. 31 trata de «A autoridade central brasileira comunicar-se-á diretamente com suas congêneres e, se nec…», fora da regra de improcedência liminar (art. 332) e da audiência inicial (art. 334)."
cpc-lei-13105-capture-2026-09-28,Art. 32,aula-02.html,unused,"Art. 32 trata de «No caso de auxílio direto para a prática de atos que, segundo a lei brasileira, não nece…», fora da regra de improcedência liminar (art. 332) e da audiência inicial (art. 334)."
cpc-lei-13105-capture-2026-09-28,Art. 33,aula-02.html,unused,"Art. 33 trata de «Recebido o pedido de auxílio direto passivo, a autoridade central o encaminhará à Advoca…», fora da regra de improcedência liminar (art. 332) e da audiência inicial (art. 334)."
cpc-lei-13105-capture-2026-09-28,Art. 34,aula-02.html,unused,"Art. 34 trata de «Compete ao juízo federal do lugar em que deva ser executada a medida apreciar pedido de…», fora da regra de improcedência liminar (art. 332) e da audiência inicial (art. 334)."
cpc-lei-13105-capture-2026-09-28,Art. 35,aula-02.html,unused,"Art. 35 trata de «(VETADO).», fora da regra de improcedência liminar (art. 332) e da audiência inicial (art. 334)."
cpc-lei-13105-capture-2026-09-28,Art. 36,aula-02.html,unused,"Art. 36 trata de «O procedimento da carta rogatória perante o Superior Tribunal de Justiça é de jurisdição…», fora da regra de improcedência liminar (art. 332) e da audiência inicial (art. 334)."
cpc-lei-13105-capture-2026-09-28,Art. 37,aula-02.html,unused,"Art. 37 trata de «O pedido de cooperação jurídica internacional oriundo de autoridade brasileira competent…», fora da regra de improcedência liminar (art. 332) e da audiência inicial (art. 334)."
cpc-lei-13105-capture-2026-09-28,Art. 38,aula-02.html,unused,"Art. 38 trata de «O pedido de cooperação oriundo de autoridade brasileira competente e os documentos anexo…», fora da regra de improcedência liminar (art. 332) e da audiência inicial (art. 334)."
cpc-lei-13105-capture-2026-09-28,Art. 39,aula-02.html,unused,"Art. 39 trata de «O pedido passivo de cooperação jurídica internacional será recusado se configurar manife…», fora da regra de improcedência liminar (art. 332) e da audiência inicial (art. 334)."
cpc-lei-13105-capture-2026-09-28,Art. 40,aula-02.html,unused,"Art. 40 trata de «A cooperação jurídica internacional para execução de decisão estrangeira dar-se-á por me…», fora da regra de improcedência liminar (art. 332) e da audiência inicial (art. 334)."
cpc-lei-13105-capture-2026-09-28,Art. 41,aula-02.html,unused,"Art. 41 trata de «Considera-se autêntico o documento que instruir pedido de cooperação jurídica internacio…», fora da regra de improcedência liminar (art. 332) e da audiência inicial (art. 334)."
cpc-lei-13105-capture-2026-09-28,Art. 42,aula-02.html,unused,"Art. 42 trata de «As causas cíveis serão processadas e decididas pelo juiz nos limites de sua competência…», fora da regra de improcedência liminar (art. 332) e da audiência inicial (art. 334)."
cpc-lei-13105-capture-2026-09-28,Art. 43,aula-02.html,unused,"Art. 43 trata de «Determina-se a competência no momento do registro ou da distribuição da petição inicial…», fora da regra de improcedência liminar (art. 332) e da audiência inicial (art. 334)."
cpc-lei-13105-capture-2026-09-28,Art. 44,aula-02.html,unused,"Art. 44 trata de «Obedecidos os limites estabelecidos pela», fora da regra de improcedência liminar (art. 332) e da audiência inicial (art. 334)."
cpc-lei-13105-capture-2026-09-28,Art. 45,aula-02.html,unused,"Art. 45 trata de «Tramitando o processo perante outro juízo, os autos serão remetidos ao juízo federal com…», fora da regra de improcedência liminar (art. 332) e da audiência inicial (art. 334)."
cpc-lei-13105-capture-2026-09-28,Art. 46,aula-02.html,unused,"Art. 46 trata de «A ação fundada em direito pessoal ou em direito real sobre bens móveis será proposta, em…», fora da regra de improcedência liminar (art. 332) e da audiência inicial (art. 334)."
cpc-lei-13105-capture-2026-09-28,Art. 47,aula-02.html,unused,"Art. 47 trata de «Para as ações fundadas em direito real sobre imóveis é competente o foro de situação da…», fora da regra de improcedência liminar (art. 332) e da audiência inicial (art. 334)."
cpc-lei-13105-capture-2026-09-28,Art. 48,aula-02.html,unused,"Art. 48 trata de «O foro de domicílio do autor da herança, no Brasil, é o competente para o inventário, a…», fora da regra de improcedência liminar (art. 332) e da audiência inicial (art. 334)."
cpc-lei-13105-capture-2026-09-28,Art. 49,aula-02.html,unused,"Art. 49 trata de «A ação em que o ausente for réu será proposta no foro de seu último domicílio, também co…», fora da regra de improcedência liminar (art. 332) e da audiência inicial (art. 334)."
cpc-lei-13105-capture-2026-09-28,Art. 50,aula-02.html,unused,"Art. 50 trata de «A ação em que o incapaz for réu será proposta no foro de domicílio de seu representante…», fora da regra de improcedência liminar (art. 332) e da audiência inicial (art. 334)."
cpc-lei-13105-capture-2026-09-28,Art. 51,aula-02.html,unused,"Art. 51 trata de «É competente o foro de domicílio do réu para as causas em que seja autora a União.», fora da regra de improcedência liminar (art. 332) e da audiência inicial (art. 334)."
cpc-lei-13105-capture-2026-09-28,Art. 52,aula-02.html,unused,"Art. 52 trata de «É competente o foro de domicílio do réu para as causas em que seja autor Estado ou o Dis…», fora da regra de improcedência liminar (art. 332) e da audiência inicial (art. 334)."
cpc-lei-13105-capture-2026-09-28,Art. 53,aula-02.html,unused,"Art. 53 trata de «É competente o foro…», fora da regra de improcedência liminar (art. 332) e da audiência inicial (art. 334)."
cpc-lei-13105-capture-2026-09-28,Art. 54,aula-02.html,unused,"Art. 54 trata de «A competência relativa poderá modificar-se pela conexão ou pela continência, observado o…», fora da regra de improcedência liminar (art. 332) e da audiência inicial (art. 334)."
cpc-lei-13105-capture-2026-09-28,Art. 55,aula-02.html,unused,"Art. 55 trata de «Reputam-se conexas 2 (duas) ou mais ações quando lhes for comum o pedido ou a causa de p…», fora da regra de improcedência liminar (art. 332) e da audiência inicial (art. 334)."
cpc-lei-13105-capture-2026-09-28,Art. 56,aula-02.html,unused,"Art. 56 trata de «Dá-se a continência entre 2 (duas) ou mais ações quando houver identidade quanto às part…», fora da regra de improcedência liminar (art. 332) e da audiência inicial (art. 334)."
cpc-lei-13105-capture-2026-09-28,Art. 57,aula-02.html,unused,"Art. 57 trata de «Quando houver continência e a ação continente tiver sido proposta anteriormente, no proc…», fora da regra de improcedência liminar (art. 332) e da audiência inicial (art. 334)."
cpc-lei-13105-capture-2026-09-28,Art. 58,aula-02.html,unused,"Art. 58 trata de «A reunião das ações propostas em separado far-se-á no juízo prevento, onde serão decidid…», fora da regra de improcedência liminar (art. 332) e da audiência inicial (art. 334)."
cpc-lei-13105-capture-2026-09-28,Art. 59,aula-02.html,unused,"Art. 59 trata de «O registro ou a distribuição da petição inicial torna prevento o juízo.», fora da regra de improcedência liminar (art. 332) e da audiência inicial (art. 334)."
cpc-lei-13105-capture-2026-09-28,Art. 60,aula-02.html,unused,"Art. 60 trata de «Se o imóvel se achar situado em mais de um Estado, comarca, seção ou subseção judiciária…», fora da regra de improcedência liminar (art. 332) e da audiência inicial (art. 334)."
cpc-lei-13105-capture-2026-09-28,Art. 61,aula-02.html,unused,"Art. 61 trata de «A ação acessória será proposta no juízo competente para a ação principal.», fora da regra de improcedência liminar (art. 332) e da audiência inicial (art. 334)."
cpc-lei-13105-capture-2026-09-28,Art. 62,aula-02.html,unused,"Art. 62 trata de «A competência determinada em razão da matéria, da pessoa ou da função é inderrogável por…», fora da regra de improcedência liminar (art. 332) e da audiência inicial (art. 334)."
cpc-lei-13105-capture-2026-09-28,Art. 63,aula-02.html,unused,"Art. 63 trata de «As partes podem modificar a competência em razão do valor e do território, elegendo foro…», fora da regra de improcedência liminar (art. 332) e da audiência inicial (art. 334)."
cpc-lei-13105-capture-2026-09-28,Art. 64,aula-02.html,unused,"Art. 64 trata de «A incompetência, absoluta ou relativa, será alegada como questão preliminar de contestaç…», fora da regra de improcedência liminar (art. 332) e da audiência inicial (art. 334)."
cpc-lei-13105-capture-2026-09-28,Art. 65,aula-02.html,unused,"Art. 65 trata de «Prorrogar-se-á a competência relativa se o réu não alegar a incompetência em preliminar…», fora da regra de improcedência liminar (art. 332) e da audiência inicial (art. 334)."
cpc-lei-13105-capture-2026-09-28,Art. 66,aula-02.html,unused,"Art. 66 trata de «Há conflito de competência quando…», fora da regra de improcedência liminar (art. 332) e da audiência inicial (art. 334)."
cpc-lei-13105-capture-2026-09-28,Art. 67,aula-02.html,unused,"Art. 67 trata de «Aos órgãos do Poder Judiciário, estadual ou federal, especializado ou comum, em todas as…», fora da regra de improcedência liminar (art. 332) e da audiência inicial (art. 334)."
cpc-lei-13105-capture-2026-09-28,Art. 68,aula-02.html,unused,"Art. 68 trata de «Os juízos poderão formular entre si pedido de cooperação para prática de qualquer ato pr…», fora da regra de improcedência liminar (art. 332) e da audiência inicial (art. 334)."
cpc-lei-13105-capture-2026-09-28,Art. 69,aula-02.html,unused,"Art. 69 trata de «O pedido de cooperação jurisdicional deve ser prontamente atendido, prescinde de forma e…», fora da regra de improcedência liminar (art. 332) e da audiência inicial (art. 334)."
cpc-lei-13105-capture-2026-09-28,Art. 70,aula-02.html,unused,"Art. 70 trata de «Toda pessoa que se encontre no exercício de seus direitos tem capacidade para estar em j…», fora da regra de improcedência liminar (art. 332) e da audiência inicial (art. 334)."
cpc-lei-13105-capture-2026-09-28,Art. 71,aula-02.html,unused,"Art. 71 trata de «O incapaz será representado ou assistido por seus pais, por tutor ou por curador, na for…», fora da regra de improcedência liminar (art. 332) e da audiência inicial (art. 334)."
cpc-lei-13105-capture-2026-09-28,Art. 72,aula-02.html,unused,"Art. 72 trata de «O juiz nomeará curador especial ao…», fora da regra de improcedência liminar (art. 332) e da audiência inicial (art. 334)."
cpc-lei-13105-capture-2026-09-28,Art. 73,aula-02.html,unused,"Art. 73 trata de «O cônjuge necessitará do consentimento do outro para propor ação que verse sobre direito…», fora da regra de improcedência liminar (art. 332) e da audiência inicial (art. 334)."
cpc-lei-13105-capture-2026-09-28,Art. 74,aula-02.html,unused,"Art. 74 trata de «O consentimento previsto no», fora da regra de improcedência liminar (art. 332) e da audiência inicial (art. 334)."
cpc-lei-13105-capture-2026-09-28,Art. 75,aula-02.html,unused,"Art. 75 trata de «Serão representados em juízo, ativa e passivamente…», fora da regra de improcedência liminar (art. 332) e da audiência inicial (art. 334)."
cpc-lei-13105-capture-2026-09-28,Art. 76,aula-02.html,unused,"Art. 76 trata de «Verificada a incapacidade processual ou a irregularidade da representação da parte, o ju…», fora da regra de improcedência liminar (art. 332) e da audiência inicial (art. 334)."
cpc-lei-13105-capture-2026-09-28,Art. 77,aula-02.html,unused,"Art. 77 trata de «Além de outros previstos neste Código, são deveres das partes, de seus procuradores e de…», fora da regra de improcedência liminar (art. 332) e da audiência inicial (art. 334)."
cpc-lei-13105-capture-2026-09-28,Art. 78,aula-02.html,unused,"Art. 78 trata de «É vedado às partes, a seus procuradores, aos juízes, aos membros do Ministério Público e…», fora da regra de improcedência liminar (art. 332) e da audiência inicial (art. 334)."
cpc-lei-13105-capture-2026-09-28,Art. 79,aula-02.html,unused,"Art. 79 trata de «Responde por perdas e danos aquele que litigar de má-fé como autor, réu ou interveniente…», fora da regra de improcedência liminar (art. 332) e da audiência inicial (art. 334)."
cpc-lei-13105-capture-2026-09-28,Art. 80,aula-02.html,unused,"Art. 80 trata de «Considera-se litigante de má-fé aquele que…», fora da regra de improcedência liminar (art. 332) e da audiência inicial (art. 334)."
cpc-lei-13105-capture-2026-09-28,Art. 81,aula-02.html,unused,"Art. 81 trata de «De ofício ou a requerimento, o juiz condenará o litigante de má-fé a pagar multa, que de…», fora da regra de improcedência liminar (art. 332) e da audiência inicial (art. 334)."
cpc-lei-13105-capture-2026-09-28,Art. 82,aula-02.html,unused,"Art. 82 trata de «Salvo as disposições concernentes à gratuidade da justiça, incumbe às partes prover as d…», fora da regra de improcedência liminar (art. 332) e da audiência inicial (art. 334)."
cpc-lei-13105-capture-2026-09-28,Art. 83,aula-02.html,unused,"Art. 83 trata de «O autor, brasileiro ou estrangeiro, que residir fora do Brasil ou deixar de residir no p…», fora da regra de improcedência liminar (art. 332) e da audiência inicial (art. 334)."
cpc-lei-13105-capture-2026-09-28,Art. 84,aula-02.html,unused,"Art. 84 trata de «As despesas abrangem as custas dos atos do processo, a indenização de viagem, a remunera…», fora da regra de improcedência liminar (art. 332) e da audiência inicial (art. 334)."
cpc-lei-13105-capture-2026-09-28,Art. 85,aula-02.html,unused,"Art. 85 trata de «A sentença condenará o vencido a pagar honorários ao advogado do vencedor.», fora da regra de improcedência liminar (art. 332) e da audiência inicial (art. 334)."
cpc-lei-13105-capture-2026-09-28,Art. 86,aula-02.html,unused,"Art. 86 trata de «Se cada litigante for, em parte, vencedor e vencido, serão proporcionalmente distribuída…», fora da regra de improcedência liminar (art. 332) e da audiência inicial (art. 334)."
cpc-lei-13105-capture-2026-09-28,Art. 87,aula-02.html,unused,"Art. 87 trata de «Concorrendo diversos autores ou diversos réus, os vencidos respondem proporcionalmente p…», fora da regra de improcedência liminar (art. 332) e da audiência inicial (art. 334)."
cpc-lei-13105-capture-2026-09-28,Art. 88,aula-02.html,unused,"Art. 88 trata de «Nos procedimentos de jurisdição voluntária, as despesas serão adiantadas pelo requerente…», fora da regra de improcedência liminar (art. 332) e da audiência inicial (art. 334)."
cpc-lei-13105-capture-2026-09-28,Art. 89,aula-02.html,unused,"Art. 89 trata de «Nos juízos divisórios, não havendo litígio, os interessados pagarão as despesas proporci…», fora da regra de improcedência liminar (art. 332) e da audiência inicial (art. 334)."
cpc-lei-13105-capture-2026-09-28,Art. 90,aula-02.html,unused,"Art. 90 trata de «Proferida sentença com fundamento em desistência, em renúncia ou em reconhecimento do pe…», fora da regra de improcedência liminar (art. 332) e da audiência inicial (art. 334)."
cpc-lei-13105-capture-2026-09-28,Art. 91,aula-02.html,unused,"Art. 91 trata de «As despesas dos atos processuais praticados a requerimento da Fazenda Pública, do Minist…», fora da regra de improcedência liminar (art. 332) e da audiência inicial (art. 334)."
cpc-lei-13105-capture-2026-09-28,Art. 92,aula-02.html,unused,"Art. 92 trata de «Quando, a requerimento do réu, o juiz proferir sentença sem resolver o mérito, o autor n…», fora da regra de improcedência liminar (art. 332) e da audiência inicial (art. 334)."
cpc-lei-13105-capture-2026-09-28,Art. 93,aula-02.html,unused,"Art. 93 trata de «As despesas de atos adiados ou cuja repetição for necessária ficarão a cargo da parte, d…», fora da regra de improcedência liminar (art. 332) e da audiência inicial (art. 334)."
cpc-lei-13105-capture-2026-09-28,Art. 94,aula-02.html,unused,"Art. 94 trata de «Se o assistido for vencido, o assistente será condenado ao pagamento das custas em propo…», fora da regra de improcedência liminar (art. 332) e da audiência inicial (art. 334)."
cpc-lei-13105-capture-2026-09-28,Art. 95,aula-02.html,unused,"Art. 95 trata de «Cada parte adiantará a remuneração do assistente técnico que houver indicado, sendo a do…», fora da regra de improcedência liminar (art. 332) e da audiência inicial (art. 334)."
cpc-lei-13105-capture-2026-09-28,Art. 96,aula-02.html,unused,"Art. 96 trata de «O valor das sanções impostas ao litigante de má-fé reverterá em benefício da parte contr…», fora da regra de improcedência liminar (art. 332) e da audiência inicial (art. 334)."
cpc-lei-13105-capture-2026-09-28,Art. 97,aula-02.html,unused,"Art. 97 trata de «A União e os Estados podem criar fundos de modernização do Poder Judiciário, aos quais s…», fora da regra de improcedência liminar (art. 332) e da audiência inicial (art. 334)."
cpc-lei-13105-capture-2026-09-28,Art. 98,aula-02.html,unused,"Art. 98 trata de «A pessoa natural ou jurídica, brasileira ou estrangeira, com insuficiência de recursos p…», fora da regra de improcedência liminar (art. 332) e da audiência inicial (art. 334)."
cpc-lei-13105-capture-2026-09-28,Art. 99,aula-02.html,unused,"Art. 99 trata de «O pedido de gratuidade da justiça pode ser formulado na petição inicial, na contestação…», fora da regra de improcedência liminar (art. 332) e da audiência inicial (art. 334)."
cpc-lei-13105-capture-2026-09-28,Art. 100,aula-02.html,unused,"Art. 100 trata de «Deferido o pedido, a parte contrária poderá oferecer impugnação na contestação, na répli…», fora da regra de improcedência liminar (art. 332) e da audiência inicial (art. 334)."
cpc-lei-13105-capture-2026-09-28,Art. 101,aula-02.html,unused,"Art. 101 trata de «Contra a decisão que indeferir a gratuidade ou a que acolher pedido de sua revogação cab…», fora da regra de improcedência liminar (art. 332) e da audiência inicial (art. 334)."
cpc-lei-13105-capture-2026-09-28,Art. 102,aula-02.html,unused,"Art. 102 trata de «Sobrevindo o trânsito em julgado de decisão que revoga a gratuidade, a parte deverá efet…», fora da regra de improcedência liminar (art. 332) e da audiência inicial (art. 334)."
cpc-lei-13105-capture-2026-09-28,Art. 103,aula-02.html,unused,"Art. 103 trata de «A parte será representada em juízo por advogado regularmente inscrito na Ordem dos Advog…», fora da regra de improcedência liminar (art. 332) e da audiência inicial (art. 334)."
cpc-lei-13105-capture-2026-09-28,Art. 104,aula-02.html,unused,"Art. 104 trata de «O advogado não será admitido a postular em juízo sem procuração, salvo para evitar precl…», fora da regra de improcedência liminar (art. 332) e da audiência inicial (art. 334)."
cpc-lei-13105-capture-2026-09-28,Art. 105,aula-02.html,unused,"Art. 105 trata de «A procuração geral para o foro, outorgada por instrumento público ou particular assinado…», fora da regra de improcedência liminar (art. 332) e da audiência inicial (art. 334)."
cpc-lei-13105-capture-2026-09-28,Art. 106,aula-02.html,unused,"Art. 106 trata de «Quando postular em causa própria, incumbe ao advogado…», fora da regra de improcedência liminar (art. 332) e da audiência inicial (art. 334)."
cpc-lei-13105-capture-2026-09-28,Art. 107,aula-02.html,unused,"Art. 107 trata de «O advogado tem direito a…», fora da regra de improcedência liminar (art. 332) e da audiência inicial (art. 334)."
cpc-lei-13105-capture-2026-09-28,Art. 108,aula-02.html,unused,"Art. 108 trata de «No curso do processo, somente é lícita a sucessão voluntária das partes nos casos expres…», fora da regra de improcedência liminar (art. 332) e da audiência inicial (art. 334)."
cpc-lei-13105-capture-2026-09-28,Art. 109,aula-02.html,unused,"Art. 109 trata de «A alienação da coisa ou do direito litigioso por ato entre vivos, a título particular, n…», fora da regra de improcedência liminar (art. 332) e da audiência inicial (art. 334)."
cpc-lei-13105-capture-2026-09-28,Art. 110,aula-02.html,unused,"Art. 110 trata de «Ocorrendo a morte de qualquer das partes, dar-se-á a sucessão pelo seu espólio ou pelos…», fora da regra de improcedência liminar (art. 332) e da audiência inicial (art. 334)."
cpc-lei-13105-capture-2026-09-28,Art. 111,aula-02.html,unused,"Art. 111 trata de «A parte que revogar o mandato outorgado a seu advogado constituirá, no mesmo ato, outro…», fora da regra de improcedência liminar (art. 332) e da audiência inicial (art. 334)."
cpc-lei-13105-capture-2026-09-28,Art. 112,aula-02.html,unused,"Art. 112 trata de «O advogado poderá renunciar ao mandato a qualquer tempo, provando, na forma prevista nes…», fora da regra de improcedência liminar (art. 332) e da audiência inicial (art. 334)."
cpc-lei-13105-capture-2026-09-28,Art. 113,aula-02.html,unused,"Art. 113 trata de «Duas ou mais pessoas podem litigar, no mesmo processo, em conjunto, ativa ou passivament…», fora da regra de improcedência liminar (art. 332) e da audiência inicial (art. 334)."
cpc-lei-13105-capture-2026-09-28,Art. 114,aula-02.html,unused,"Art. 114 trata de «O litisconsórcio será necessário por disposição de lei ou quando, pela natureza da relaç…», fora da regra de improcedência liminar (art. 332) e da audiência inicial (art. 334)."
cpc-lei-13105-capture-2026-09-28,Art. 115,aula-02.html,unused,"Art. 115 trata de «A sentença de mérito, quando proferida sem a integração do contraditório, será…», fora da regra de improcedência liminar (art. 332) e da audiência inicial (art. 334)."
cpc-lei-13105-capture-2026-09-28,Art. 116,aula-02.html,unused,"Art. 116 trata de «O litisconsórcio será unitário quando, pela natureza da relação jurídica, o juiz tiver d…», fora da regra de improcedência liminar (art. 332) e da audiência inicial (art. 334)."
cpc-lei-13105-capture-2026-09-28,Art. 117,aula-02.html,unused,"Art. 117 trata de «Os litisconsortes serão considerados, em suas relações com a parte adversa, como litigan…», fora da regra de improcedência liminar (art. 332) e da audiência inicial (art. 334)."
cpc-lei-13105-capture-2026-09-28,Art. 118,aula-02.html,unused,"Art. 118 trata de «Cada litisconsorte tem o direito de promover o andamento do processo, e todos devem ser…», fora da regra de improcedência liminar (art. 332) e da audiência inicial (art. 334)."
cpc-lei-13105-capture-2026-09-28,Art. 119,aula-02.html,unused,"Art. 119 trata de «Pendendo causa entre 2 (duas) ou mais pessoas, o terceiro juridicamente interessado em q…», fora da regra de improcedência liminar (art. 332) e da audiência inicial (art. 334)."
cpc-lei-13105-capture-2026-09-28,Art. 120,aula-02.html,unused,"Art. 120 trata de «Não havendo impugnação no prazo de 15 (quinze) dias, o pedido do assistente será deferid…», fora da regra de improcedência liminar (art. 332) e da audiência inicial (art. 334)."
cpc-lei-13105-capture-2026-09-28,Art. 121,aula-02.html,unused,"Art. 121 trata de «O assistente simples atuará como auxiliar da parte principal, exercerá os mesmos poderes…», fora da regra de improcedência liminar (art. 332) e da audiência inicial (art. 334)."
cpc-lei-13105-capture-2026-09-28,Art. 122,aula-02.html,unused,"Art. 122 trata de «A assistência simples não obsta a que a parte principal reconheça a procedência do pedid…», fora da regra de improcedência liminar (art. 332) e da audiência inicial (art. 334)."
cpc-lei-13105-capture-2026-09-28,Art. 123,aula-02.html,unused,"Art. 123 trata de «Transitada em julgado a sentença no processo em que interveio o assistente, este não pod…», fora da regra de improcedência liminar (art. 332) e da audiência inicial (art. 334)."
cpc-lei-13105-capture-2026-09-28,Art. 124,aula-02.html,unused,"Art. 124 trata de «Considera-se litisconsorte da parte principal o assistente sempre que a sentença influir…», fora da regra de improcedência liminar (art. 332) e da audiência inicial (art. 334)."
cpc-lei-13105-capture-2026-09-28,Art. 125,aula-02.html,unused,"Art. 125 trata de «É admissível a denunciação da lide, promovida por qualquer das partes…», fora da regra de improcedência liminar (art. 332) e da audiência inicial (art. 334)."
cpc-lei-13105-capture-2026-09-28,Art. 126,aula-02.html,unused,"Art. 126 trata de «A citação do denunciado será requerida na petição inicial, se o denunciante for autor, o…», fora da regra de improcedência liminar (art. 332) e da audiência inicial (art. 334)."
cpc-lei-13105-capture-2026-09-28,Art. 127,aula-02.html,unused,"Art. 127 trata de «Feita a denunciação pelo autor, o denunciado poderá assumir a posição de litisconsorte d…», fora da regra de improcedência liminar (art. 332) e da audiência inicial (art. 334)."
cpc-lei-13105-capture-2026-09-28,Art. 128,aula-02.html,unused,"Art. 128 trata de «Feita a denunciação pelo réu…», fora da regra de improcedência liminar (art. 332) e da audiência inicial (art. 334)."
cpc-lei-13105-capture-2026-09-28,Art. 129,aula-02.html,unused,"Art. 129 trata de «Se o denunciante for vencido na ação principal, o juiz passará ao julgamento da denuncia…», fora da regra de improcedência liminar (art. 332) e da audiência inicial (art. 334)."
cpc-lei-13105-capture-2026-09-28,Art. 130,aula-02.html,unused,"Art. 130 trata de «É admissível o chamamento ao processo, requerido pelo réu…», fora da regra de improcedência liminar (art. 332) e da audiência inicial (art. 334)."
cpc-lei-13105-capture-2026-09-28,Art. 131,aula-02.html,unused,"Art. 131 trata de «A citação daqueles que devam figurar em litisconsórcio passivo será requerida pelo réu n…», fora da regra de improcedência liminar (art. 332) e da audiência inicial (art. 334)."
cpc-lei-13105-capture-2026-09-28,Art. 132,aula-02.html,unused,"Art. 132 trata de «A sentença de procedência valerá como título executivo em favor do réu que satisfizer a…», fora da regra de improcedência liminar (art. 332) e da audiência inicial (art. 334)."
cpc-lei-13105-capture-2026-09-28,Art. 133,aula-02.html,unused,"Art. 133 trata de «O incidente de desconsideração da personalidade jurídica será instaurado a pedido da par…», fora da regra de improcedência liminar (art. 332) e da audiência inicial (art. 334)."
cpc-lei-13105-capture-2026-09-28,Art. 134,aula-02.html,unused,"Art. 134 trata de «O incidente de desconsideração é cabível em todas as fases do processo de conhecimento…», fora da regra de improcedência liminar (art. 332) e da audiência inicial (art. 334)."
cpc-lei-13105-capture-2026-09-28,Art. 135,aula-02.html,unused,"Art. 135 trata de «Instaurado o incidente, o sócio ou a pessoa jurídica será citado para manifestar-se e re…», fora da regra de improcedência liminar (art. 332) e da audiência inicial (art. 334)."
cpc-lei-13105-capture-2026-09-28,Art. 136,aula-02.html,unused,"Art. 136 trata de «Concluída a instrução, se necessária, o incidente será resolvido por decisão interlocutó…», fora da regra de improcedência liminar (art. 332) e da audiência inicial (art. 334)."
cpc-lei-13105-capture-2026-09-28,Art. 137,aula-02.html,unused,"Art. 137 trata de «Acolhido o pedido de desconsideração, a alienação ou a oneração de bens, havida em fraud…», fora da regra de improcedência liminar (art. 332) e da audiência inicial (art. 334)."
cpc-lei-13105-capture-2026-09-28,Art. 138,aula-02.html,unused,"Art. 138 trata de «O juiz ou o relator, considerando a relevância da matéria, a especificidade do tema obje…», fora da regra de improcedência liminar (art. 332) e da audiência inicial (art. 334)."
cpc-lei-13105-capture-2026-09-28,Art. 139,aula-02.html,supporting,"Atribui ao juiz o dever de promover a autocomposição, contexto da audiência do art. 334."
cpc-lei-13105-capture-2026-09-28,Art. 140,aula-02.html,unused,"Art. 140 trata de «O juiz não se exime de decidir sob a alegação de lacuna ou obscuridade do ordenamento ju…», fora da regra de improcedência liminar (art. 332) e da audiência inicial (art. 334)."
cpc-lei-13105-capture-2026-09-28,Art. 141,aula-02.html,unused,"Art. 141 trata de «O juiz decidirá o mérito nos limites propostos pelas partes, sendo-lhe vedado conhecer d…», fora da regra de improcedência liminar (art. 332) e da audiência inicial (art. 334)."
cpc-lei-13105-capture-2026-09-28,Art. 142,aula-02.html,unused,"Art. 142 trata de «Convencendo-se, pelas circunstâncias, de que autor e réu se serviram do processo para pr…», fora da regra de improcedência liminar (art. 332) e da audiência inicial (art. 334)."
cpc-lei-13105-capture-2026-09-28,Art. 143,aula-02.html,unused,"Art. 143 trata de «O juiz responderá, civil e regressivamente, por perdas e danos quando…», fora da regra de improcedência liminar (art. 332) e da audiência inicial (art. 334)."
cpc-lei-13105-capture-2026-09-28,Art. 144,aula-02.html,unused,"Art. 144 trata de «Há impedimento do juiz, sendo-lhe vedado exercer suas funções no processo…», fora da regra de improcedência liminar (art. 332) e da audiência inicial (art. 334)."
cpc-lei-13105-capture-2026-09-28,Art. 145,aula-02.html,unused,"Art. 145 trata de «Há suspeição do juiz…», fora da regra de improcedência liminar (art. 332) e da audiência inicial (art. 334)."
cpc-lei-13105-capture-2026-09-28,Art. 146,aula-02.html,unused,"Art. 146 trata de «No prazo de 15 (quinze) dias, a contar do conhecimento do fato, a parte alegará o impedi…», fora da regra de improcedência liminar (art. 332) e da audiência inicial (art. 334)."
cpc-lei-13105-capture-2026-09-28,Art. 147,aula-02.html,unused,"Art. 147 trata de «Quando 2 (dois) ou mais juízes forem parentes, consanguíneos ou afins, em linha reta ou…», fora da regra de improcedência liminar (art. 332) e da audiência inicial (art. 334)."
cpc-lei-13105-capture-2026-09-28,Art. 148,aula-02.html,unused,"Art. 148 trata de «Aplicam-se os motivos de impedimento e de suspeição…», fora da regra de improcedência liminar (art. 332) e da audiência inicial (art. 334)."
cpc-lei-13105-capture-2026-09-28,Art. 149,aula-02.html,unused,"Art. 149 trata de «São auxiliares da Justiça, além de outros cujas atribuições sejam determinadas pelas nor…», fora da regra de improcedência liminar (art. 332) e da audiência inicial (art. 334)."
cpc-lei-13105-capture-2026-09-28,Art. 150,aula-02.html,unused,"Art. 150 trata de «Em cada juízo haverá um ou mais ofícios de justiça, cujas atribuições serão determinadas…», fora da regra de improcedência liminar (art. 332) e da audiência inicial (art. 334)."
cpc-lei-13105-capture-2026-09-28,Art. 151,aula-02.html,unused,"Art. 151 trata de «Em cada comarca, seção ou subseção judiciária haverá, no mínimo, tantos oficiais de just…», fora da regra de improcedência liminar (art. 332) e da audiência inicial (art. 334)."
cpc-lei-13105-capture-2026-09-28,Art. 152,aula-02.html,unused,"Art. 152 trata de «Incumbe ao escrivão ou ao chefe de secretaria…», fora da regra de improcedência liminar (art. 332) e da audiência inicial (art. 334)."
cpc-lei-13105-capture-2026-09-28,Art. 153,aula-02.html,unused,"Art. 153 trata de «O escrivão ou chefe de secretaria deverá obedecer à ordem cronológica de recebimento par…», fora da regra de improcedência liminar (art. 332) e da audiência inicial (art. 334)."
cpc-lei-13105-capture-2026-09-28,Art. 154,aula-02.html,unused,"Art. 154 trata de «Incumbe ao oficial de justiça…», fora da regra de improcedência liminar (art. 332) e da audiência inicial (art. 334)."
cpc-lei-13105-capture-2026-09-28,Art. 155,aula-02.html,unused,"Art. 155 trata de «O escrivão, o chefe de secretaria e o oficial de justiça são responsáveis, civil e regre…», fora da regra de improcedência liminar (art. 332) e da audiência inicial (art. 334)."
cpc-lei-13105-capture-2026-09-28,Art. 156,aula-02.html,unused,"Art. 156 trata de «O juiz será assistido por perito quando a prova do fato depender de conhecimento técnico…», fora da regra de improcedência liminar (art. 332) e da audiência inicial (art. 334)."
cpc-lei-13105-capture-2026-09-28,Art. 157,aula-02.html,unused,"Art. 157 trata de «O perito tem o dever de cumprir o ofício no prazo que lhe designar o juiz, empregando to…», fora da regra de improcedência liminar (art. 332) e da audiência inicial (art. 334)."
cpc-lei-13105-capture-2026-09-28,Art. 158,aula-02.html,unused,"Art. 158 trata de «O perito que, por dolo ou culpa, prestar informações inverídicas responderá pelos prejuí…», fora da regra de improcedência liminar (art. 332) e da audiência inicial (art. 334)."
cpc-lei-13105-capture-2026-09-28,Art. 159,aula-02.html,unused,"Art. 159 trata de «A guarda e a conservação de bens penhorados, arrestados, sequestrados ou arrecadados ser…», fora da regra de improcedência liminar (art. 332) e da audiência inicial (art. 334)."
cpc-lei-13105-capture-2026-09-28,Art. 160,aula-02.html,unused,"Art. 160 trata de «Por seu trabalho o depositário ou o administrador perceberá remuneração que o juiz fixar…», fora da regra de improcedência liminar (art. 332) e da audiência inicial (art. 334)."
cpc-lei-13105-capture-2026-09-28,Art. 161,aula-02.html,unused,"Art. 161 trata de «O depositário ou o administrador responde pelos prejuízos que, por dolo ou culpa, causar…», fora da regra de improcedência liminar (art. 332) e da audiência inicial (art. 334)."
cpc-lei-13105-capture-2026-09-28,Art. 162,aula-02.html,unused,"Art. 162 trata de «O juiz nomeará intérprete ou tradutor quando necessário para…», fora da regra de improcedência liminar (art. 332) e da audiência inicial (art. 334)."
cpc-lei-13105-capture-2026-09-28,Art. 163,aula-02.html,unused,"Art. 163 trata de «Não pode ser intérprete ou tradutor quem…», fora da regra de improcedência liminar (art. 332) e da audiência inicial (art. 334)."
cpc-lei-13105-capture-2026-09-28,Art. 164,aula-02.html,unused,"Art. 164 trata de «O intérprete ou tradutor, oficial ou não, é obrigado a desempenhar seu ofício, aplicando…», fora da regra de improcedência liminar (art. 332) e da audiência inicial (art. 334)."
cpc-lei-13105-capture-2026-09-28,Art. 165,aula-02.html,supporting,"Define os centros responsáveis por sessões e audiências de conciliação e mediação, complementando o art. 334."
cpc-lei-13105-capture-2026-09-28,Art. 166,aula-02.html,supporting,"Enuncia princípios que orientam a conciliação e a mediação judiciais, úteis ao conteúdo da audiência inicial."
cpc-lei-13105-capture-2026-09-28,Art. 167,aula-02.html,unused,"Art. 167 trata de «Os conciliadores, os mediadores e as câmaras privadas de conciliação e mediação serão in…», fora da regra de improcedência liminar (art. 332) e da audiência inicial (art. 334)."
cpc-lei-13105-capture-2026-09-28,Art. 168,aula-02.html,unused,"Art. 168 trata de «As partes podem escolher, de comum acordo, o conciliador, o mediador ou a câmara privada…», fora da regra de improcedência liminar (art. 332) e da audiência inicial (art. 334)."
cpc-lei-13105-capture-2026-09-28,Art. 169,aula-02.html,unused,"Art. 169 trata de «Ressalvada a hipótese do», fora da regra de improcedência liminar (art. 332) e da audiência inicial (art. 334)."
cpc-lei-13105-capture-2026-09-28,Art. 170,aula-02.html,unused,"Art. 170 trata de «No caso de impedimento, o conciliador ou mediador o comunicará imediatamente, de preferê…», fora da regra de improcedência liminar (art. 332) e da audiência inicial (art. 334)."
cpc-lei-13105-capture-2026-09-28,Art. 171,aula-02.html,unused,"Art. 171 trata de «No caso de impossibilidade temporária do exercício da função, o conciliador ou mediador…», fora da regra de improcedência liminar (art. 332) e da audiência inicial (art. 334)."
cpc-lei-13105-capture-2026-09-28,Art. 172,aula-02.html,unused,"Art. 172 trata de «O conciliador e o mediador ficam impedidos, pelo prazo de 1 (um) ano, contado do término…», fora da regra de improcedência liminar (art. 332) e da audiência inicial (art. 334)."
cpc-lei-13105-capture-2026-09-28,Art. 173,aula-02.html,unused,"Art. 173 trata de «Será excluído do cadastro de conciliadores e mediadores aquele que…», fora da regra de improcedência liminar (art. 332) e da audiência inicial (art. 334)."
cpc-lei-13105-capture-2026-09-28,Art. 174,aula-02.html,unused,"Art. 174 trata de «A União, os Estados, o Distrito Federal e os Municípios criarão câmaras de mediação e co…», fora da regra de improcedência liminar (art. 332) e da audiência inicial (art. 334)."
cpc-lei-13105-capture-2026-09-28,Art. 175,aula-02.html,unused,"Art. 175 trata de «As disposições desta Seção não excluem outras formas de conciliação e mediação extrajudi…», fora da regra de improcedência liminar (art. 332) e da audiência inicial (art. 334)."
cpc-lei-13105-capture-2026-09-28,Art. 176,aula-02.html,unused,"Art. 176 trata de «O Ministério Público atuará na defesa da ordem jurídica, do regime democrático e dos int…», fora da regra de improcedência liminar (art. 332) e da audiência inicial (art. 334)."
cpc-lei-13105-capture-2026-09-28,Art. 177,aula-02.html,unused,"Art. 177 trata de «O Ministério Público exercerá o direito de ação em conformidade com suas atribuições con…», fora da regra de improcedência liminar (art. 332) e da audiência inicial (art. 334)."
cpc-lei-13105-capture-2026-09-28,Art. 178,aula-02.html,unused,"Art. 178 trata de «O Ministério Público será intimado para, no prazo de 30 (trinta) dias, intervir como fis…», fora da regra de improcedência liminar (art. 332) e da audiência inicial (art. 334)."
cpc-lei-13105-capture-2026-09-28,Art. 179,aula-02.html,unused,"Art. 179 trata de «Nos casos de intervenção como fiscal da ordem jurídica, o Ministério Público…», fora da regra de improcedência liminar (art. 332) e da audiência inicial (art. 334)."
cpc-lei-13105-capture-2026-09-28,Art. 180,aula-02.html,unused,"Art. 180 trata de «O Ministério Público gozará de prazo em dobro para manifestar-se nos autos, que terá iní…», fora da regra de improcedência liminar (art. 332) e da audiência inicial (art. 334)."
cpc-lei-13105-capture-2026-09-28,Art. 181,aula-02.html,unused,"Art. 181 trata de «O membro do Ministério Público será civil e regressivamente responsável quando agir com…», fora da regra de improcedência liminar (art. 332) e da audiência inicial (art. 334)."
cpc-lei-13105-capture-2026-09-28,Art. 182,aula-02.html,unused,"Art. 182 trata de «Incumbe à Advocacia Pública, na forma da lei, defender e promover os interesses públicos…», fora da regra de improcedência liminar (art. 332) e da audiência inicial (art. 334)."
cpc-lei-13105-capture-2026-09-28,Art. 183,aula-02.html,unused,"Art. 183 trata de «A União, os Estados, o Distrito Federal, os Municípios e suas respectivas autarquias e f…», fora da regra de improcedência liminar (art. 332) e da audiência inicial (art. 334)."
cpc-lei-13105-capture-2026-09-28,Art. 184,aula-02.html,unused,"Art. 184 trata de «O membro da Advocacia Pública será civil e regressivamente responsável quando agir com d…», fora da regra de improcedência liminar (art. 332) e da audiência inicial (art. 334)."
cpc-lei-13105-capture-2026-09-28,Art. 185,aula-02.html,unused,"Art. 185 trata de «A Defensoria Pública exercerá a orientação jurídica, a promoção dos direitos humanos e a…», fora da regra de improcedência liminar (art. 332) e da audiência inicial (art. 334)."
cpc-lei-13105-capture-2026-09-28,Art. 186,aula-02.html,unused,"Art. 186 trata de «A Defensoria Pública gozará de prazo em dobro para todas as suas manifestações processua…», fora da regra de improcedência liminar (art. 332) e da audiência inicial (art. 334)."
cpc-lei-13105-capture-2026-09-28,Art. 187,aula-02.html,unused,"Art. 187 trata de «O membro da Defensoria Pública será civil e regressivamente responsável quando agir com…», fora da regra de improcedência liminar (art. 332) e da audiência inicial (art. 334)."
cpc-lei-13105-capture-2026-09-28,Art. 188,aula-02.html,unused,"Art. 188 trata de «Os atos e os termos processuais independem de forma determinada, salvo quando a lei expr…», fora da regra de improcedência liminar (art. 332) e da audiência inicial (art. 334)."
cpc-lei-13105-capture-2026-09-28,Art. 189,aula-02.html,unused,"Art. 189 trata de «Os atos processuais são públicos, todavia tramitam em segredo de justiça os processos…», fora da regra de improcedência liminar (art. 332) e da audiência inicial (art. 334)."
cpc-lei-13105-capture-2026-09-28,Art. 190,aula-02.html,unused,"Art. 190 trata de «Versando o processo sobre direitos que admitam autocomposição, é lícito às partes plenam…», fora da regra de improcedência liminar (art. 332) e da audiência inicial (art. 334)."
cpc-lei-13105-capture-2026-09-28,Art. 191,aula-02.html,unused,"Art. 191 trata de «De comum acordo, o juiz e as partes podem fixar calendário para a prática dos atos proce…», fora da regra de improcedência liminar (art. 332) e da audiência inicial (art. 334)."
cpc-lei-13105-capture-2026-09-28,Art. 192,aula-02.html,unused,"Art. 192 trata de «Em todos os atos e termos do processo é obrigatório o uso da língua portuguesa.», fora da regra de improcedência liminar (art. 332) e da audiência inicial (art. 334)."
cpc-lei-13105-capture-2026-09-28,Art. 193,aula-02.html,unused,"Art. 193 trata de «Os atos processuais podem ser total ou parcialmente digitais, de forma a permitir que se…», fora da regra de improcedência liminar (art. 332) e da audiência inicial (art. 334)."
cpc-lei-13105-capture-2026-09-28,Art. 194,aula-02.html,unused,"Art. 194 trata de «Os sistemas de automação processual respeitarão a publicidade dos atos, o acesso e a par…», fora da regra de improcedência liminar (art. 332) e da audiência inicial (art. 334)."
cpc-lei-13105-capture-2026-09-28,Art. 195,aula-02.html,unused,"Art. 195 trata de «O registro de ato processual eletrônico deverá ser feito em padrões abertos, que atender…», fora da regra de improcedência liminar (art. 332) e da audiência inicial (art. 334)."
cpc-lei-13105-capture-2026-09-28,Art. 196,aula-02.html,unused,"Art. 196 trata de «Compete ao Conselho Nacional de Justiça e, supletivamente, aos tribunais, regulamentar a…», fora da regra de improcedência liminar (art. 332) e da audiência inicial (art. 334)."
cpc-lei-13105-capture-2026-09-28,Art. 197,aula-02.html,unused,"Art. 197 trata de «Os tribunais divulgarão as informações constantes de seu sistema de automação em página…», fora da regra de improcedência liminar (art. 332) e da audiência inicial (art. 334)."
cpc-lei-13105-capture-2026-09-28,Art. 198,aula-02.html,unused,"Art. 198 trata de «As unidades do Poder Judiciário deverão manter gratuitamente, à disposição dos interessa…», fora da regra de improcedência liminar (art. 332) e da audiência inicial (art. 334)."
cpc-lei-13105-capture-2026-09-28,Art. 199,aula-02.html,unused,"Art. 199 trata de «As unidades do Poder Judiciário assegurarão às pessoas com deficiência acessibilidade ao…», fora da regra de improcedência liminar (art. 332) e da audiência inicial (art. 334)."
cpc-lei-13105-capture-2026-09-28,Art. 200,aula-02.html,unused,"Art. 200 trata de «Os atos das partes consistentes em declarações unilaterais ou bilaterais de vontade prod…», fora da regra de improcedência liminar (art. 332) e da audiência inicial (art. 334)."
cpc-lei-13105-capture-2026-09-28,Art. 201,aula-02.html,unused,"Art. 201 trata de «As partes poderão exigir recibo de petições, arrazoados, papéis e documentos que entrega…», fora da regra de improcedência liminar (art. 332) e da audiência inicial (art. 334)."
cpc-lei-13105-capture-2026-09-28,Art. 202,aula-02.html,unused,"Art. 202 trata de «É vedado lançar nos autos cotas marginais ou interlineares, as quais o juiz mandará risc…», fora da regra de improcedência liminar (art. 332) e da audiência inicial (art. 334)."
cpc-lei-13105-capture-2026-09-28,Art. 203,aula-02.html,unused,"Art. 203 trata de «Os pronunciamentos do juiz consistirão em sentenças, decisões interlocutórias e despacho…», fora da regra de improcedência liminar (art. 332) e da audiência inicial (art. 334)."
cpc-lei-13105-capture-2026-09-28,Art. 204,aula-02.html,unused,"Art. 204 trata de «Acórdão é o julgamento colegiado proferido pelos tribunais.», fora da regra de improcedência liminar (art. 332) e da audiência inicial (art. 334)."
cpc-lei-13105-capture-2026-09-28,Art. 205,aula-02.html,unused,"Art. 205 trata de «Os despachos, as decisões, as sentenças e os acórdãos serão redigidos, datados e assinad…», fora da regra de improcedência liminar (art. 332) e da audiência inicial (art. 334)."
cpc-lei-13105-capture-2026-09-28,Art. 206,aula-02.html,unused,"Art. 206 trata de «Ao receber a petição inicial de processo, o escrivão ou o chefe de secretaria a autuará…», fora da regra de improcedência liminar (art. 332) e da audiência inicial (art. 334)."
cpc-lei-13105-capture-2026-09-28,Art. 207,aula-02.html,unused,"Art. 207 trata de «O escrivão ou o chefe de secretaria numerará e rubricará todas as folhas dos autos.», fora da regra de improcedência liminar (art. 332) e da audiência inicial (art. 334)."
cpc-lei-13105-capture-2026-09-28,Art. 208,aula-02.html,unused,"Art. 208 trata de «Os termos de juntada, vista, conclusão e outros semelhantes constarão de notas datadas e…», fora da regra de improcedência liminar (art. 332) e da audiência inicial (art. 334)."
cpc-lei-13105-capture-2026-09-28,Art. 209,aula-02.html,unused,"Art. 209 trata de «Os atos e os termos do processo serão assinados pelas pessoas que neles intervierem, tod…», fora da regra de improcedência liminar (art. 332) e da audiência inicial (art. 334)."
cpc-lei-13105-capture-2026-09-28,Art. 210,aula-02.html,unused,"Art. 210 trata de «É lícito o uso da taquigrafia, da estenotipia ou de outro método idôneo em qualquer juíz…», fora da regra de improcedência liminar (art. 332) e da audiência inicial (art. 334)."
cpc-lei-13105-capture-2026-09-28,Art. 211,aula-02.html,unused,"Art. 211 trata de «Não se admitem nos atos e termos processuais espaços em branco, salvo os que forem inuti…», fora da regra de improcedência liminar (art. 332) e da audiência inicial (art. 334)."
cpc-lei-13105-capture-2026-09-28,Art. 212,aula-02.html,unused,"Art. 212 trata de «Os atos processuais serão realizados em dias úteis, das 6 (seis) às 20 (vinte) horas.», fora da regra de improcedência liminar (art. 332) e da audiência inicial (art. 334)."
cpc-lei-13105-capture-2026-09-28,Art. 213,aula-02.html,unused,"Art. 213 trata de «A prática eletrônica de ato processual pode ocorrer em qualquer horário até as 24 (vinte…», fora da regra de improcedência liminar (art. 332) e da audiência inicial (art. 334)."
cpc-lei-13105-capture-2026-09-28,Art. 214,aula-02.html,unused,"Art. 214 trata de «Durante as férias forenses e nos feriados, não se praticarão atos processuais, excetuand…», fora da regra de improcedência liminar (art. 332) e da audiência inicial (art. 334)."
cpc-lei-13105-capture-2026-09-28,Art. 215,aula-02.html,unused,"Art. 215 trata de «Processam-se durante as férias forenses, onde as houver, e não se suspendem pela superve…», fora da regra de improcedência liminar (art. 332) e da audiência inicial (art. 334)."
cpc-lei-13105-capture-2026-09-28,Art. 216,aula-02.html,unused,"Art. 216 trata de «Além dos declarados em lei, são feriados, para efeito forense, os sábados, os domingos e…», fora da regra de improcedência liminar (art. 332) e da audiência inicial (art. 334)."
cpc-lei-13105-capture-2026-09-28,Art. 217,aula-02.html,unused,"Art. 217 trata de «Os atos processuais realizar-se-ão ordinariamente na sede do juízo, ou, excepcionalmente…», fora da regra de improcedência liminar (art. 332) e da audiência inicial (art. 334)."
cpc-lei-13105-capture-2026-09-28,Art. 218,aula-02.html,unused,"Art. 218 trata de «Os atos processuais serão realizados nos prazos prescritos em lei.», fora da regra de improcedência liminar (art. 332) e da audiência inicial (art. 334)."
cpc-lei-13105-capture-2026-09-28,Art. 219,aula-02.html,unused,"Art. 219 trata de «Na contagem de prazo em dias, estabelecido por lei ou pelo juiz, computar-se-ão somente…», fora da regra de improcedência liminar (art. 332) e da audiência inicial (art. 334)."
cpc-lei-13105-capture-2026-09-28,Art. 220,aula-02.html,unused,"Art. 220 trata de «Suspende-se o curso do prazo processual nos dias compreendidos entre 20 de dezembro e 20…», fora da regra de improcedência liminar (art. 332) e da audiência inicial (art. 334)."
cpc-lei-13105-capture-2026-09-28,Art. 221,aula-02.html,unused,"Art. 221 trata de «Suspende-se o curso do prazo por obstáculo criado em detrimento da parte ou ocorrendo qu…», fora da regra de improcedência liminar (art. 332) e da audiência inicial (art. 334)."
cpc-lei-13105-capture-2026-09-28,Art. 222,aula-02.html,unused,"Art. 222 trata de «Na comarca, seção ou subseção judiciária onde for difícil o transporte, o juiz poderá pr…», fora da regra de improcedência liminar (art. 332) e da audiência inicial (art. 334)."
cpc-lei-13105-capture-2026-09-28,Art. 223,aula-02.html,unused,"Art. 223 trata de «Decorrido o prazo, extingue-se o direito de praticar ou de emendar o ato processual, ind…», fora da regra de improcedência liminar (art. 332) e da audiência inicial (art. 334)."
cpc-lei-13105-capture-2026-09-28,Art. 224,aula-02.html,unused,"Art. 224 trata de «Salvo disposição em contrário, os prazos serão contados excluindo o dia do começo e incl…», fora da regra de improcedência liminar (art. 332) e da audiência inicial (art. 334)."
cpc-lei-13105-capture-2026-09-28,Art. 225,aula-02.html,unused,"Art. 225 trata de «A parte poderá renunciar ao prazo estabelecido exclusivamente em seu favor, desde que o…», fora da regra de improcedência liminar (art. 332) e da audiência inicial (art. 334)."
cpc-lei-13105-capture-2026-09-28,Art. 226,aula-02.html,unused,"Art. 226 trata de «O juiz proferirá…», fora da regra de improcedência liminar (art. 332) e da audiência inicial (art. 334)."
cpc-lei-13105-capture-2026-09-28,Art. 227,aula-02.html,unused,"Art. 227 trata de «Em qualquer grau de jurisdição, havendo motivo justificado, pode o juiz exceder, por igu…», fora da regra de improcedência liminar (art. 332) e da audiência inicial (art. 334)."
cpc-lei-13105-capture-2026-09-28,Art. 228,aula-02.html,unused,"Art. 228 trata de «Incumbirá ao serventuário remeter os autos conclusos no prazo de 1 (um) dia e executar o…», fora da regra de improcedência liminar (art. 332) e da audiência inicial (art. 334)."
cpc-lei-13105-capture-2026-09-28,Art. 229,aula-02.html,unused,"Art. 229 trata de «Os litisconsortes que tiverem diferentes procuradores, de escritórios de advocacia disti…», fora da regra de improcedência liminar (art. 332) e da audiência inicial (art. 334)."
cpc-lei-13105-capture-2026-09-28,Art. 230,aula-02.html,unused,"Art. 230 trata de «O prazo para a parte, o procurador, a Advocacia Pública, a Defensoria Pública e o Minist…», fora da regra de improcedência liminar (art. 332) e da audiência inicial (art. 334)."
cpc-lei-13105-capture-2026-09-28,Art. 231,aula-02.html,unused,"Art. 231 trata de «Salvo disposição em sentido diverso, considera-se dia do começo do prazo…», fora da regra de improcedência liminar (art. 332) e da audiência inicial (art. 334)."
cpc-lei-13105-capture-2026-09-28,Art. 232,aula-02.html,unused,"Art. 232 trata de «Nos atos de comunicação por carta precatória, rogatória ou de ordem, a realização da cit…», fora da regra de improcedência liminar (art. 332) e da audiência inicial (art. 334)."
cpc-lei-13105-capture-2026-09-28,Art. 233,aula-02.html,unused,"Art. 233 trata de «Incumbe ao juiz verificar se o serventuário excedeu, sem motivo legítimo, os prazos esta…», fora da regra de improcedência liminar (art. 332) e da audiência inicial (art. 334)."
cpc-lei-13105-capture-2026-09-28,Art. 234,aula-02.html,unused,"Art. 234 trata de «Os advogados públicos ou privados, o defensor público e o membro do Ministério Público d…», fora da regra de improcedência liminar (art. 332) e da audiência inicial (art. 334)."
cpc-lei-13105-capture-2026-09-28,Art. 235,aula-02.html,unused,"Art. 235 trata de «Qualquer parte, o Ministério Público ou a Defensoria Pública poderá representar ao corre…», fora da regra de improcedência liminar (art. 332) e da audiência inicial (art. 334)."
cpc-lei-13105-capture-2026-09-28,Art. 236,aula-02.html,unused,"Art. 236 trata de «Os atos processuais serão cumpridos por ordem judicial.», fora da regra de improcedência liminar (art. 332) e da audiência inicial (art. 334)."
cpc-lei-13105-capture-2026-09-28,Art. 237,aula-02.html,unused,"Art. 237 trata de «Será expedida carta…», fora da regra de improcedência liminar (art. 332) e da audiência inicial (art. 334)."
cpc-lei-13105-capture-2026-09-28,Art. 238,aula-02.html,unused,"Art. 238 trata de «Citação é o ato pelo qual são convocados o réu, o executado ou o interessado para integr…», fora da regra de improcedência liminar (art. 332) e da audiência inicial (art. 334)."
cpc-lei-13105-capture-2026-09-28,Art. 239,aula-02.html,unused,"Art. 239 trata de «Para a validade do processo é indispensável a citação do réu ou do executado, ressalvada…», fora da regra de improcedência liminar (art. 332) e da audiência inicial (art. 334)."
cpc-lei-13105-capture-2026-09-28,Art. 240,aula-02.html,unused,"Art. 240 trata de «A citação válida, ainda quando ordenada por juízo incompetente, induz litispendência, to…», fora da regra de improcedência liminar (art. 332) e da audiência inicial (art. 334)."
cpc-lei-13105-capture-2026-09-28,Art. 241,aula-02.html,unused,"Art. 241 trata de «Transitada em julgado a sentença de mérito proferida em favor do réu antes da citação, i…», fora da regra de improcedência liminar (art. 332) e da audiência inicial (art. 334)."
cpc-lei-13105-capture-2026-09-28,Art. 242,aula-02.html,unused,"Art. 242 trata de «A citação será pessoal, podendo, no entanto, ser feita na pessoa do representante legal…», fora da regra de improcedência liminar (art. 332) e da audiência inicial (art. 334)."
cpc-lei-13105-capture-2026-09-28,Art. 243,aula-02.html,unused,"Art. 243 trata de «A citação poderá ser feita em qualquer lugar em que se encontre o réu, o executado ou o…», fora da regra de improcedência liminar (art. 332) e da audiência inicial (art. 334)."
cpc-lei-13105-capture-2026-09-28,Art. 244,aula-02.html,unused,"Art. 244 trata de «Não se fará a citação, salvo para evitar o perecimento do direito…», fora da regra de improcedência liminar (art. 332) e da audiência inicial (art. 334)."
cpc-lei-13105-capture-2026-09-28,Art. 245,aula-02.html,unused,"Art. 245 trata de «Não se fará citação quando se verificar que o citando é mentalmente incapaz ou está impo…», fora da regra de improcedência liminar (art. 332) e da audiência inicial (art. 334)."
cpc-lei-13105-capture-2026-09-28,Art. 246,aula-02.html,unused,"Art. 246 trata de «A citação será feita…», fora da regra de improcedência liminar (art. 332) e da audiência inicial (art. 334)."
cpc-lei-13105-capture-2026-09-28,Art. 247,aula-02.html,unused,"Art. 247 trata de «A citação será feita pelo correio para qualquer comarca do país, exceto…», fora da regra de improcedência liminar (art. 332) e da audiência inicial (art. 334)."
cpc-lei-13105-capture-2026-09-28,Art. 248,aula-02.html,unused,"Art. 248 trata de «Deferida a citação pelo correio, o escrivão ou o chefe de secretaria remeterá ao citando…», fora da regra de improcedência liminar (art. 332) e da audiência inicial (art. 334)."
cpc-lei-13105-capture-2026-09-28,Art. 249,aula-02.html,unused,"Art. 249 trata de «A citação será feita por meio de oficial de justiça nas hipóteses previstas neste Código…», fora da regra de improcedência liminar (art. 332) e da audiência inicial (art. 334)."
cpc-lei-13105-capture-2026-09-28,Art. 250,aula-02.html,unused,"Art. 250 trata de «O mandado que o oficial de justiça tiver de cumprir conterá…», fora da regra de improcedência liminar (art. 332) e da audiência inicial (art. 334)."
cpc-lei-13105-capture-2026-09-28,Art. 251,aula-02.html,unused,"Art. 251 trata de «Incumbe ao oficial de justiça procurar o citando e, onde o encontrar, citá-lo…», fora da regra de improcedência liminar (art. 332) e da audiência inicial (art. 334)."
cpc-lei-13105-capture-2026-09-28,Art. 252,aula-02.html,unused,"Art. 252 trata de «Quando, por 2 (duas) vezes, o oficial de justiça houver procurado o citando em seu domic…», fora da regra de improcedência liminar (art. 332) e da audiência inicial (art. 334)."
cpc-lei-13105-capture-2026-09-28,Art. 253,aula-02.html,unused,"Art. 253 trata de «No dia e na hora designados, o oficial de justiça, independentemente de novo despacho, c…», fora da regra de improcedência liminar (art. 332) e da audiência inicial (art. 334)."
cpc-lei-13105-capture-2026-09-28,Art. 254,aula-02.html,unused,"Art. 254 trata de «Feita a citação com hora certa, o escrivão ou chefe de secretaria enviará ao réu, execut…», fora da regra de improcedência liminar (art. 332) e da audiência inicial (art. 334)."
cpc-lei-13105-capture-2026-09-28,Art. 255,aula-02.html,unused,"Art. 255 trata de «Nas comarcas contíguas de fácil comunicação e nas que se situem na mesma região metropol…», fora da regra de improcedência liminar (art. 332) e da audiência inicial (art. 334)."
cpc-lei-13105-capture-2026-09-28,Art. 256,aula-02.html,unused,"Art. 256 trata de «A citação por edital será feita…», fora da regra de improcedência liminar (art. 332) e da audiência inicial (art. 334)."
cpc-lei-13105-capture-2026-09-28,Art. 257,aula-02.html,unused,"Art. 257 trata de «São requisitos da citação por edital…», fora da regra de improcedência liminar (art. 332) e da audiência inicial (art. 334)."
cpc-lei-13105-capture-2026-09-28,Art. 258,aula-02.html,unused,"Art. 258 trata de «A parte que requerer a citação por edital, alegando dolosamente a ocorrência das circuns…», fora da regra de improcedência liminar (art. 332) e da audiência inicial (art. 334)."
cpc-lei-13105-capture-2026-09-28,Art. 259,aula-02.html,unused,"Art. 259 trata de «Serão publicados editais…», fora da regra de improcedência liminar (art. 332) e da audiência inicial (art. 334)."
cpc-lei-13105-capture-2026-09-28,Art. 260,aula-02.html,unused,"Art. 260 trata de «São requisitos das cartas de ordem, precatória e rogatória…», fora da regra de improcedência liminar (art. 332) e da audiência inicial (art. 334)."
cpc-lei-13105-capture-2026-09-28,Art. 261,aula-02.html,unused,"Art. 261 trata de «Em todas as cartas o juiz fixará o prazo para cumprimento, atendendo à facilidade das co…», fora da regra de improcedência liminar (art. 332) e da audiência inicial (art. 334)."
cpc-lei-13105-capture-2026-09-28,Art. 262,aula-02.html,unused,"Art. 262 trata de «A carta tem caráter itinerante, podendo, antes ou depois de lhe ser ordenado o cumprimen…», fora da regra de improcedência liminar (art. 332) e da audiência inicial (art. 334)."
cpc-lei-13105-capture-2026-09-28,Art. 263,aula-02.html,unused,"Art. 263 trata de «As cartas deverão, preferencialmente, ser expedidas por meio eletrônico, caso em que a a…», fora da regra de improcedência liminar (art. 332) e da audiência inicial (art. 334)."
cpc-lei-13105-capture-2026-09-28,Art. 264,aula-02.html,unused,"Art. 264 trata de «A carta de ordem e a carta precatória por meio eletrônico, por telefone ou por telegrama…», fora da regra de improcedência liminar (art. 332) e da audiência inicial (art. 334)."
cpc-lei-13105-capture-2026-09-28,Art. 265,aula-02.html,unused,"Art. 265 trata de «O secretário do tribunal, o escrivão ou o chefe de secretaria do juízo deprecante transm…», fora da regra de improcedência liminar (art. 332) e da audiência inicial (art. 334)."
cpc-lei-13105-capture-2026-09-28,Art. 266,aula-02.html,unused,"Art. 266 trata de «Serão praticados de ofício os atos requisitados por meio eletrônico e de telegrama, deve…», fora da regra de improcedência liminar (art. 332) e da audiência inicial (art. 334)."
cpc-lei-13105-capture-2026-09-28,Art. 268,aula-02.html,unused,"Art. 268 trata de «Cumprida a carta, será devolvida ao juízo de origem no prazo de 10 (dez) dias, independe…», fora da regra de improcedência liminar (art. 332) e da audiência inicial (art. 334)."
cpc-lei-13105-capture-2026-09-28,Art. 269,aula-02.html,unused,"Art. 269 trata de «Intimação é o ato pelo qual se dá ciência a alguém dos atos e dos termos do processo.», fora da regra de improcedência liminar (art. 332) e da audiência inicial (art. 334)."
cpc-lei-13105-capture-2026-09-28,Art. 270,aula-02.html,unused,"Art. 270 trata de «As intimações realizam-se, sempre que possível, por meio eletrônico, na forma da lei.», fora da regra de improcedência liminar (art. 332) e da audiência inicial (art. 334)."
cpc-lei-13105-capture-2026-09-28,Art. 271,aula-02.html,unused,"Art. 271 trata de «O juiz determinará de ofício as intimações em processos pendentes, salvo disposição em c…», fora da regra de improcedência liminar (art. 332) e da audiência inicial (art. 334)."
cpc-lei-13105-capture-2026-09-28,Art. 272,aula-02.html,unused,"Art. 272 trata de «Quando não realizadas por meio eletrônico, consideram-se feitas as intimações pela publi…», fora da regra de improcedência liminar (art. 332) e da audiência inicial (art. 334)."
cpc-lei-13105-capture-2026-09-28,Art. 273,aula-02.html,unused,"Art. 273 trata de «Se inviável a intimação por meio eletrônico e não houver na localidade publicação em órg…», fora da regra de improcedência liminar (art. 332) e da audiência inicial (art. 334)."
cpc-lei-13105-capture-2026-09-28,Art. 274,aula-02.html,unused,"Art. 274 trata de «Não dispondo a lei de outro modo, as intimações serão feitas às partes, aos seus represe…», fora da regra de improcedência liminar (art. 332) e da audiência inicial (art. 334)."
cpc-lei-13105-capture-2026-09-28,Art. 275,aula-02.html,unused,"Art. 275 trata de «A intimação será feita por oficial de justiça quando frustrada a realização por meio ele…», fora da regra de improcedência liminar (art. 332) e da audiência inicial (art. 334)."
cpc-lei-13105-capture-2026-09-28,Art. 276,aula-02.html,unused,"Art. 276 trata de «Quando a lei prescrever determinada forma sob pena de nulidade, a decretação desta não p…», fora da regra de improcedência liminar (art. 332) e da audiência inicial (art. 334)."
cpc-lei-13105-capture-2026-09-28,Art. 277,aula-02.html,unused,"Art. 277 trata de «Quando a lei prescrever determinada forma, o juiz considerará válido o ato se, realizado…», fora da regra de improcedência liminar (art. 332) e da audiência inicial (art. 334)."
cpc-lei-13105-capture-2026-09-28,Art. 278,aula-02.html,unused,"Art. 278 trata de «A nulidade dos atos deve ser alegada na primeira oportunidade em que couber à parte fala…», fora da regra de improcedência liminar (art. 332) e da audiência inicial (art. 334)."
cpc-lei-13105-capture-2026-09-28,Art. 279,aula-02.html,unused,"Art. 279 trata de «É nulo o processo quando o membro do Ministério Público não for intimado a acompanhar o…», fora da regra de improcedência liminar (art. 332) e da audiência inicial (art. 334)."
cpc-lei-13105-capture-2026-09-28,Art. 280,aula-02.html,unused,"Art. 280 trata de «As citações e as intimações serão nulas quando feitas sem observância das prescrições le…», fora da regra de improcedência liminar (art. 332) e da audiência inicial (art. 334)."
cpc-lei-13105-capture-2026-09-28,Art. 281,aula-02.html,unused,"Art. 281 trata de «Anulado o ato, consideram-se de nenhum efeito todos os subsequentes que dele dependam, t…», fora da regra de improcedência liminar (art. 332) e da audiência inicial (art. 334)."
cpc-lei-13105-capture-2026-09-28,Art. 282,aula-02.html,unused,"Art. 282 trata de «Ao pronunciar a nulidade, o juiz declarará que atos são atingidos e ordenará as providên…», fora da regra de improcedência liminar (art. 332) e da audiência inicial (art. 334)."
cpc-lei-13105-capture-2026-09-28,Art. 283,aula-02.html,unused,"Art. 283 trata de «O erro de forma do processo acarreta unicamente a anulação dos atos que não possam ser a…», fora da regra de improcedência liminar (art. 332) e da audiência inicial (art. 334)."
cpc-lei-13105-capture-2026-09-28,Art. 284,aula-02.html,unused,"Art. 284 trata de «Todos os processos estão sujeitos a registro, devendo ser distribuídos onde houver mais…», fora da regra de improcedência liminar (art. 332) e da audiência inicial (art. 334)."
cpc-lei-13105-capture-2026-09-28,Art. 285,aula-02.html,unused,"Art. 285 trata de «A distribuição, que poderá ser eletrônica, será alternada e aleatória, obedecendo-se rig…», fora da regra de improcedência liminar (art. 332) e da audiência inicial (art. 334)."
cpc-lei-13105-capture-2026-09-28,Art. 287,aula-02.html,unused,"Art. 287 trata de «A petição inicial deve vir acompanhada de procuração, que conterá os endereços do advoga…», fora da regra de improcedência liminar (art. 332) e da audiência inicial (art. 334)."
cpc-lei-13105-capture-2026-09-28,Art. 288,aula-02.html,unused,"Art. 288 trata de «O juiz, de ofício ou a requerimento do interessado, corrigirá o erro ou compensará a fal…», fora da regra de improcedência liminar (art. 332) e da audiência inicial (art. 334)."
cpc-lei-13105-capture-2026-09-28,Art. 289,aula-02.html,unused,"Art. 289 trata de «A distribuição poderá ser fiscalizada pela parte, por seu procurador, pelo Ministério Pú…», fora da regra de improcedência liminar (art. 332) e da audiência inicial (art. 334)."
cpc-lei-13105-capture-2026-09-28,Art. 290,aula-02.html,unused,"Art. 290 trata de «Será cancelada a distribuição do feito se a parte, intimada na pessoa de seu advogado, n…», fora da regra de improcedência liminar (art. 332) e da audiência inicial (art. 334)."
cpc-lei-13105-capture-2026-09-28,Art. 291,aula-02.html,unused,"Art. 291 trata de «A toda causa será atribuído valor certo, ainda que não tenha conteúdo econômico imediata…», fora da regra de improcedência liminar (art. 332) e da audiência inicial (art. 334)."
cpc-lei-13105-capture-2026-09-28,Art. 292,aula-02.html,unused,"Art. 292 trata de «O valor da causa constará da petição inicial ou da reconvenção e será…», fora da regra de improcedência liminar (art. 332) e da audiência inicial (art. 334)."
cpc-lei-13105-capture-2026-09-28,Art. 293,aula-02.html,unused,"Art. 293 trata de «O réu poderá impugnar, em preliminar da contestação, o valor atribuído à causa pelo auto…», fora da regra de improcedência liminar (art. 332) e da audiência inicial (art. 334)."
cpc-lei-13105-capture-2026-09-28,Art. 294,aula-02.html,unused,"Art. 294 trata de «A tutela provisória pode fundamentar-se em urgência ou evidência.», fora da regra de improcedência liminar (art. 332) e da audiência inicial (art. 334)."
cpc-lei-13105-capture-2026-09-28,Art. 295,aula-02.html,unused,"Art. 295 trata de «A tutela provisória requerida em caráter incidental independe do pagamento de custas.», fora da regra de improcedência liminar (art. 332) e da audiência inicial (art. 334)."
cpc-lei-13105-capture-2026-09-28,Art. 297,aula-02.html,unused,"Art. 297 trata de «O juiz poderá determinar as medidas que considerar adequadas para efetivação da tutela p…», fora da regra de improcedência liminar (art. 332) e da audiência inicial (art. 334)."
cpc-lei-13105-capture-2026-09-28,Art. 298,aula-02.html,unused,"Art. 298 trata de «Na decisão que conceder, negar, modificar ou revogar a tutela provisória, o juiz motivar…», fora da regra de improcedência liminar (art. 332) e da audiência inicial (art. 334)."
cpc-lei-13105-capture-2026-09-28,Art. 299,aula-02.html,unused,"Art. 299 trata de «A tutela provisória será requerida ao juízo da causa e, quando antecedente, ao juízo com…», fora da regra de improcedência liminar (art. 332) e da audiência inicial (art. 334)."
cpc-lei-13105-capture-2026-09-28,Art. 300,aula-02.html,unused,"Art. 300 trata de «A tutela de urgência será concedida quando houver elementos que evidenciem a probabilida…», fora da regra de improcedência liminar (art. 332) e da audiência inicial (art. 334)."
cpc-lei-13105-capture-2026-09-28,Art. 301,aula-02.html,unused,"Art. 301 trata de «A tutela de urgência de natureza cautelar pode ser efetivada mediante arresto, sequestro…», fora da regra de improcedência liminar (art. 332) e da audiência inicial (art. 334)."
cpc-lei-13105-capture-2026-09-28,Art. 302,aula-02.html,unused,"Art. 302 trata de «Independentemente da reparação por dano processual, a parte responde pelo prejuízo que a…», fora da regra de improcedência liminar (art. 332) e da audiência inicial (art. 334)."
cpc-lei-13105-capture-2026-09-28,Art. 303,aula-02.html,unused,"Art. 303 trata de «Nos casos em que a urgência for contemporânea à propositura da ação, a petição inicial p…», fora da regra de improcedência liminar (art. 332) e da audiência inicial (art. 334)."
cpc-lei-13105-capture-2026-09-28,Art. 304,aula-02.html,unused,"Art. 304 trata de «A tutela antecipada, concedida nos termos do», fora da regra de improcedência liminar (art. 332) e da audiência inicial (art. 334)."
cpc-lei-13105-capture-2026-09-28,Art. 305,aula-02.html,unused,"Art. 305 trata de «A petição inicial da ação que visa à prestação de tutela cautelar em caráter antecedente…», fora da regra de improcedência liminar (art. 332) e da audiência inicial (art. 334)."
cpc-lei-13105-capture-2026-09-28,Art. 306,aula-02.html,unused,"Art. 306 trata de «O réu será citado para, no prazo de 5 (cinco) dias, contestar o pedido e indicar as prov…», fora da regra de improcedência liminar (art. 332) e da audiência inicial (art. 334)."
cpc-lei-13105-capture-2026-09-28,Art. 307,aula-02.html,unused,"Art. 307 trata de «Não sendo contestado o pedido, os fatos alegados pelo autor presumir-se-ão aceitos pelo…», fora da regra de improcedência liminar (art. 332) e da audiência inicial (art. 334)."
cpc-lei-13105-capture-2026-09-28,Art. 308,aula-02.html,unused,"Art. 308 trata de «Efetivada a tutela cautelar, o pedido principal terá de ser formulado pelo autor no praz…», fora da regra de improcedência liminar (art. 332) e da audiência inicial (art. 334)."
cpc-lei-13105-capture-2026-09-28,Art. 309,aula-02.html,unused,"Art. 309 trata de «Cessa a eficácia da tutela concedida em caráter antecedente, se…», fora da regra de improcedência liminar (art. 332) e da audiência inicial (art. 334)."
cpc-lei-13105-capture-2026-09-28,Art. 310,aula-02.html,unused,"Art. 310 trata de «O indeferimento da tutela cautelar não obsta a que a parte formule o pedido principal, n…», fora da regra de improcedência liminar (art. 332) e da audiência inicial (art. 334)."
cpc-lei-13105-capture-2026-09-28,Art. 311,aula-02.html,unused,"Art. 311 trata de «A tutela da evidência será concedida, independentemente da demonstração de perigo de dan…», fora da regra de improcedência liminar (art. 332) e da audiência inicial (art. 334)."
cpc-lei-13105-capture-2026-09-28,Art. 312,aula-02.html,unused,"Art. 312 trata de «Considera-se proposta a ação quando a petição inicial for protocolada, todavia, a propos…», fora da regra de improcedência liminar (art. 332) e da audiência inicial (art. 334)."
cpc-lei-13105-capture-2026-09-28,Art. 313,aula-02.html,unused,"Art. 313 trata de «Suspende-se o processo…», fora da regra de improcedência liminar (art. 332) e da audiência inicial (art. 334)."
cpc-lei-13105-capture-2026-09-28,Art. 314,aula-02.html,unused,"Art. 314 trata de «Durante a suspensão é vedado praticar qualquer ato processual, podendo o juiz, todavia…», fora da regra de improcedência liminar (art. 332) e da audiência inicial (art. 334)."
cpc-lei-13105-capture-2026-09-28,Art. 315,aula-02.html,unused,"Art. 315 trata de «Se o conhecimento do mérito depender de verificação da existência de fato delituoso, o j…», fora da regra de improcedência liminar (art. 332) e da audiência inicial (art. 334)."
cpc-lei-13105-capture-2026-09-28,Art. 316,aula-02.html,unused,"Art. 316 trata de «A extinção do processo dar-se-á por sentença.», fora da regra de improcedência liminar (art. 332) e da audiência inicial (art. 334)."
cpc-lei-13105-capture-2026-09-28,Art. 317,aula-02.html,unused,"Art. 317 trata de «Antes de proferir decisão sem resolução de mérito, o juiz deverá conceder à parte oportu…», fora da regra de improcedência liminar (art. 332) e da audiência inicial (art. 334)."
cpc-lei-13105-capture-2026-09-28,Art. 318,aula-02.html,unused,"Art. 318 trata de «Aplica-se a todas as causas o procedimento comum, salvo disposição em contrário deste Có…», fora da regra de improcedência liminar (art. 332) e da audiência inicial (art. 334)."
cpc-lei-13105-capture-2026-09-28,Art. 319,aula-02.html,supporting,O inciso VII registra na inicial a opção do autor sobre a audiência; orienta o encaminhamento previsto no art. 334.
cpc-lei-13105-capture-2026-09-28,Art. 320,aula-02.html,unused,"Art. 320 trata de «A petição inicial será instruída com os documentos indispensáveis à propositura da ação.», fora da regra de improcedência liminar (art. 332) e da audiência inicial (art. 334)."
cpc-lei-13105-capture-2026-09-28,Art. 321,aula-02.html,unused,"Art. 321 trata de «O juiz, ao verificar que a petição inicial não preenche os requisitos dos», fora da regra de improcedência liminar (art. 332) e da audiência inicial (art. 334)."
cpc-lei-13105-capture-2026-09-28,Art. 322,aula-02.html,unused,"Art. 322 trata de «O pedido deve ser certo.», fora da regra de improcedência liminar (art. 332) e da audiência inicial (art. 334)."
cpc-lei-13105-capture-2026-09-28,Art. 323,aula-02.html,unused,"Art. 323 trata de «Na ação que tiver por objeto cumprimento de obrigação em prestações sucessivas, essas se…», fora da regra de improcedência liminar (art. 332) e da audiência inicial (art. 334)."
cpc-lei-13105-capture-2026-09-28,Art. 324,aula-02.html,unused,"Art. 324 trata de «O pedido deve ser determinado.», fora da regra de improcedência liminar (art. 332) e da audiência inicial (art. 334)."
cpc-lei-13105-capture-2026-09-28,Art. 325,aula-02.html,unused,"Art. 325 trata de «O pedido será alternativo quando, pela natureza da obrigação, o devedor puder cumprir a…», fora da regra de improcedência liminar (art. 332) e da audiência inicial (art. 334)."
cpc-lei-13105-capture-2026-09-28,Art. 326,aula-02.html,unused,"Art. 326 trata de «É lícito formular mais de um pedido em ordem subsidiária, a fim de que o juiz conheça do…», fora da regra de improcedência liminar (art. 332) e da audiência inicial (art. 334)."
cpc-lei-13105-capture-2026-09-28,Art. 327,aula-02.html,unused,"Art. 327 trata de «É lícita a cumulação, em um único processo, contra o mesmo réu, de vários pedidos, ainda…», fora da regra de improcedência liminar (art. 332) e da audiência inicial (art. 334)."
cpc-lei-13105-capture-2026-09-28,Art. 328,aula-02.html,unused,"Art. 328 trata de «Na obrigação indivisível com pluralidade de credores, aquele que não participou do proce…», fora da regra de improcedência liminar (art. 332) e da audiência inicial (art. 334)."
cpc-lei-13105-capture-2026-09-28,Art. 329,aula-02.html,unused,"Art. 329 trata de «O autor poderá…», fora da regra de improcedência liminar (art. 332) e da audiência inicial (art. 334)."
cpc-lei-13105-capture-2026-09-28,Art. 330,aula-02.html,supporting,"Oferece o contraste com o indeferimento da petição inicial, resposta processual distinta da improcedência de mérito do art. 332."
cpc-lei-13105-capture-2026-09-28,Art. 331,aula-02.html,supporting,"Disciplina o recurso contra o indeferimento da inicial, contraste útil à resposta recursal ao julgamento do art. 332."
cpc-lei-13105-capture-2026-09-28,Art. 332,aula-02.html,supporting,É a regra normativa central da improcedência liminar e suas hipóteses antes da citação; acompanha o capítulo de Didier.
cpc-lei-13105-capture-2026-09-28,Art. 333,aula-02.html,unused,"Art. 333 trata de «(VETADO).», fora da regra de improcedência liminar (art. 332) e da audiência inicial (art. 334)."
cpc-lei-13105-capture-2026-09-28,Art. 334,aula-02.html,supporting,Fixa a audiência de conciliação ou mediação quando não houver improcedência liminar; é o eixo normativo da segunda metade da aula.
cpc-lei-13105-capture-2026-09-28,Art. 335,aula-02.html,unused,"Art. 335 trata de «O réu poderá oferecer contestação, por petição, no prazo de 15 (quinze) dias, cujo termo…», fora da regra de improcedência liminar (art. 332) e da audiência inicial (art. 334)."
cpc-lei-13105-capture-2026-09-28,Art. 336,aula-02.html,unused,"Art. 336 trata de «Incumbe ao réu alegar, na contestação, toda a matéria de defesa, expondo as razões de fa…», fora da regra de improcedência liminar (art. 332) e da audiência inicial (art. 334)."
cpc-lei-13105-capture-2026-09-28,Art. 337,aula-02.html,unused,"Art. 337 trata de «Incumbe ao réu, antes de discutir o mérito, alegar…», fora da regra de improcedência liminar (art. 332) e da audiência inicial (art. 334)."
cpc-lei-13105-capture-2026-09-28,Art. 338,aula-02.html,unused,"Art. 338 trata de «Alegando o réu, na contestação, ser parte ilegítima ou não ser o responsável pelo prejuí…», fora da regra de improcedência liminar (art. 332) e da audiência inicial (art. 334)."
cpc-lei-13105-capture-2026-09-28,Art. 339,aula-02.html,unused,"Art. 339 trata de «Quando alegar sua ilegitimidade, incumbe ao réu indicar o sujeito passivo da relação jur…», fora da regra de improcedência liminar (art. 332) e da audiência inicial (art. 334)."
cpc-lei-13105-capture-2026-09-28,Art. 340,aula-02.html,unused,"Art. 340 trata de «Havendo alegação de incompetência relativa ou absoluta, a contestação poderá ser protoco…», fora da regra de improcedência liminar (art. 332) e da audiência inicial (art. 334)."
cpc-lei-13105-capture-2026-09-28,Art. 341,aula-02.html,unused,"Art. 341 trata de «Incumbe também ao réu manifestar-se precisamente sobre as alegações de fato constantes d…», fora da regra de improcedência liminar (art. 332) e da audiência inicial (art. 334)."
cpc-lei-13105-capture-2026-09-28,Art. 342,aula-02.html,unused,"Art. 342 trata de «Depois da contestação, só é lícito ao réu deduzir novas alegações quando…», fora da regra de improcedência liminar (art. 332) e da audiência inicial (art. 334)."
cpc-lei-13105-capture-2026-09-28,Art. 343,aula-02.html,unused,"Art. 343 trata de «Na contestação, é lícito ao réu propor reconvenção para manifestar pretensão própria, co…», fora da regra de improcedência liminar (art. 332) e da audiência inicial (art. 334)."
cpc-lei-13105-capture-2026-09-28,Art. 344,aula-02.html,unused,"Art. 344 trata de «Se o réu não contestar a ação, será considerado revel e presumir-se-ão verdadeiras as al…», fora da regra de improcedência liminar (art. 332) e da audiência inicial (art. 334)."
cpc-lei-13105-capture-2026-09-28,Art. 345,aula-02.html,unused,"Art. 345 trata de «A revelia não produz o efeito mencionado no», fora da regra de improcedência liminar (art. 332) e da audiência inicial (art. 334)."
cpc-lei-13105-capture-2026-09-28,Art. 346,aula-02.html,unused,"Art. 346 trata de «Os prazos contra o revel que não tenha patrono nos autos fluirão da data de publicação d…», fora da regra de improcedência liminar (art. 332) e da audiência inicial (art. 334)."
cpc-lei-13105-capture-2026-09-28,Art. 347,aula-02.html,unused,"Art. 347 trata de «Findo o prazo para a contestação, o juiz tomará, conforme o caso, as providências prelim…», fora da regra de improcedência liminar (art. 332) e da audiência inicial (art. 334)."
cpc-lei-13105-capture-2026-09-28,Art. 348,aula-02.html,unused,"Art. 348 trata de «Se o réu não contestar a ação, o juiz, verificando a inocorrência do efeito da revelia p…», fora da regra de improcedência liminar (art. 332) e da audiência inicial (art. 334)."
cpc-lei-13105-capture-2026-09-28,Art. 349,aula-02.html,unused,"Art. 349 trata de «Ao réu revel será lícita a produção de provas, contrapostas às alegações do autor, desde…», fora da regra de improcedência liminar (art. 332) e da audiência inicial (art. 334)."
cpc-lei-13105-capture-2026-09-28,Art. 350,aula-02.html,unused,"Art. 350 trata de «Se o réu alegar fato impeditivo, modificativo ou extintivo do direito do autor, este ser…», fora da regra de improcedência liminar (art. 332) e da audiência inicial (art. 334)."
cpc-lei-13105-capture-2026-09-28,Art. 351,aula-02.html,unused,"Art. 351 trata de «Se o réu alegar qualquer das matérias enumeradas no», fora da regra de improcedência liminar (art. 332) e da audiência inicial (art. 334)."
cpc-lei-13105-capture-2026-09-28,Art. 352,aula-02.html,unused,"Art. 352 trata de «Verificando a existência de irregularidades ou de vícios sanáveis, o juiz determinará su…», fora da regra de improcedência liminar (art. 332) e da audiência inicial (art. 334)."
cpc-lei-13105-capture-2026-09-28,Art. 353,aula-02.html,unused,"Art. 353 trata de «Cumpridas as providências preliminares ou não havendo necessidade delas, o juiz proferir…», fora da regra de improcedência liminar (art. 332) e da audiência inicial (art. 334)."
cpc-lei-13105-capture-2026-09-28,Art. 354,aula-02.html,unused,"Art. 354 trata de «Ocorrendo qualquer das hipóteses previstas nos», fora da regra de improcedência liminar (art. 332) e da audiência inicial (art. 334)."
cpc-lei-13105-capture-2026-09-28,Art. 355,aula-02.html,supporting,"Permite distinguir a improcedência antes da citação do julgamento antecipado do mérito, conexão feita no capítulo principal."
cpc-lei-13105-capture-2026-09-28,Art. 356,aula-02.html,unused,"Art. 356 trata de «O juiz decidirá parcialmente o mérito quando um ou mais dos pedidos formulados ou parcel…», fora da regra de improcedência liminar (art. 332) e da audiência inicial (art. 334)."
cpc-lei-13105-capture-2026-09-28,Art. 357,aula-02.html,unused,"Art. 357 trata de «Não ocorrendo nenhuma das hipóteses deste Capítulo, deverá o juiz, em decisão de saneame…», fora da regra de improcedência liminar (art. 332) e da audiência inicial (art. 334)."
cpc-lei-13105-capture-2026-09-28,Art. 358,aula-02.html,unused,"Art. 358 trata de «No dia e na hora designados, o juiz declarará aberta a audiência de instrução e julgamen…», fora da regra de improcedência liminar (art. 332) e da audiência inicial (art. 334)."
cpc-lei-13105-capture-2026-09-28,Art. 359,aula-02.html,unused,"Art. 359 trata de «Instalada a audiência, o juiz tentará conciliar as partes, independentemente do emprego…», fora da regra de improcedência liminar (art. 332) e da audiência inicial (art. 334)."
cpc-lei-13105-capture-2026-09-28,Art. 360,aula-02.html,unused,"Art. 360 trata de «O juiz exerce o poder de polícia, incumbindo-lhe…», fora da regra de improcedência liminar (art. 332) e da audiência inicial (art. 334)."
cpc-lei-13105-capture-2026-09-28,Art. 361,aula-02.html,unused,"Art. 361 trata de «As provas orais serão produzidas em audiência, ouvindo-se nesta ordem, preferencialmente…», fora da regra de improcedência liminar (art. 332) e da audiência inicial (art. 334)."
cpc-lei-13105-capture-2026-09-28,Art. 362,aula-02.html,unused,"Art. 362 trata de «A audiência poderá ser adiada…», fora da regra de improcedência liminar (art. 332) e da audiência inicial (art. 334)."
cpc-lei-13105-capture-2026-09-28,Art. 363,aula-02.html,unused,"Art. 363 trata de «Havendo antecipação ou adiamento da audiência, o juiz, de ofício ou a requerimento da pa…», fora da regra de improcedência liminar (art. 332) e da audiência inicial (art. 334)."
cpc-lei-13105-capture-2026-09-28,Art. 364,aula-02.html,unused,"Art. 364 trata de «Finda a instrução, o juiz dará a palavra ao advogado do autor e do réu, bem como ao memb…», fora da regra de improcedência liminar (art. 332) e da audiência inicial (art. 334)."
cpc-lei-13105-capture-2026-09-28,Art. 365,aula-02.html,unused,"Art. 365 trata de «A audiência é una e contínua, podendo ser excepcional e justificadamente cindida na ausê…», fora da regra de improcedência liminar (art. 332) e da audiência inicial (art. 334)."
cpc-lei-13105-capture-2026-09-28,Art. 366,aula-02.html,unused,"Art. 366 trata de «Encerrado o debate ou oferecidas as razões finais, o juiz proferirá sentença em audiênci…», fora da regra de improcedência liminar (art. 332) e da audiência inicial (art. 334)."
cpc-lei-13105-capture-2026-09-28,Art. 367,aula-02.html,unused,"Art. 367 trata de «O servidor lavrará, sob ditado do juiz, termo que conterá, em resumo, o ocorrido na audi…», fora da regra de improcedência liminar (art. 332) e da audiência inicial (art. 334)."
cpc-lei-13105-capture-2026-09-28,Art. 368,aula-02.html,unused,"Art. 368 trata de «A audiência será pública, ressalvadas as exceções legais.», fora da regra de improcedência liminar (art. 332) e da audiência inicial (art. 334)."
cpc-lei-13105-capture-2026-09-28,Art. 369,aula-02.html,unused,"Art. 369 trata de «As partes têm o direito de empregar todos os meios legais, bem como os moralmente legíti…», fora da regra de improcedência liminar (art. 332) e da audiência inicial (art. 334)."
cpc-lei-13105-capture-2026-09-28,Art. 370,aula-02.html,unused,"Art. 370 trata de «Caberá ao juiz, de ofício ou a requerimento da parte, determinar as provas necessárias a…», fora da regra de improcedência liminar (art. 332) e da audiência inicial (art. 334)."
cpc-lei-13105-capture-2026-09-28,Art. 371,aula-02.html,unused,"Art. 371 trata de «O juiz apreciará a prova constante dos autos, independentemente do sujeito que a tiver p…», fora da regra de improcedência liminar (art. 332) e da audiência inicial (art. 334)."
cpc-lei-13105-capture-2026-09-28,Art. 372,aula-02.html,unused,"Art. 372 trata de «O juiz poderá admitir a utilização de prova produzida em outro processo, atribuindo-lhe…», fora da regra de improcedência liminar (art. 332) e da audiência inicial (art. 334)."
cpc-lei-13105-capture-2026-09-28,Art. 373,aula-02.html,unused,"Art. 373 trata de «O ônus da prova incumbe…», fora da regra de improcedência liminar (art. 332) e da audiência inicial (art. 334)."
cpc-lei-13105-capture-2026-09-28,Art. 374,aula-02.html,unused,"Art. 374 trata de «Não dependem de prova os fatos…», fora da regra de improcedência liminar (art. 332) e da audiência inicial (art. 334)."
cpc-lei-13105-capture-2026-09-28,Art. 375,aula-02.html,unused,"Art. 375 trata de «O juiz aplicará as regras de experiência comum subministradas pela observação do que ord…», fora da regra de improcedência liminar (art. 332) e da audiência inicial (art. 334)."
cpc-lei-13105-capture-2026-09-28,Art. 376,aula-02.html,unused,"Art. 376 trata de «A parte que alegar direito municipal, estadual, estrangeiro ou consuetudinário provar-lh…», fora da regra de improcedência liminar (art. 332) e da audiência inicial (art. 334)."
cpc-lei-13105-capture-2026-09-28,Art. 377,aula-02.html,unused,"Art. 377 trata de «A carta precatória, a carta rogatória e o auxílio direto suspenderão o julgamento da cau…», fora da regra de improcedência liminar (art. 332) e da audiência inicial (art. 334)."
cpc-lei-13105-capture-2026-09-28,Art. 378,aula-02.html,unused,"Art. 378 trata de «Ninguém se exime do dever de colaborar com o Poder Judiciário para o descobrimento da ve…», fora da regra de improcedência liminar (art. 332) e da audiência inicial (art. 334)."
cpc-lei-13105-capture-2026-09-28,Art. 379,aula-02.html,unused,"Art. 379 trata de «Preservado o direito de não produzir prova contra si própria, incumbe à parte…», fora da regra de improcedência liminar (art. 332) e da audiência inicial (art. 334)."
cpc-lei-13105-capture-2026-09-28,Art. 380,aula-02.html,unused,"Art. 380 trata de «Incumbe ao terceiro, em relação a qualquer causa…», fora da regra de improcedência liminar (art. 332) e da audiência inicial (art. 334)."
cpc-lei-13105-capture-2026-09-28,Art. 381,aula-02.html,unused,"Art. 381 trata de «A produção antecipada da prova será admitida nos casos em que…», fora da regra de improcedência liminar (art. 332) e da audiência inicial (art. 334)."
cpc-lei-13105-capture-2026-09-28,Art. 382,aula-02.html,unused,"Art. 382 trata de «Na petição, o requerente apresentará as razões que justificam a necessidade de antecipaç…», fora da regra de improcedência liminar (art. 332) e da audiência inicial (art. 334)."
cpc-lei-13105-capture-2026-09-28,Art. 383,aula-02.html,unused,"Art. 383 trata de «Os autos permanecerão em cartório durante 1 (um) mês para extração de cópias e certidões…», fora da regra de improcedência liminar (art. 332) e da audiência inicial (art. 334)."
cpc-lei-13105-capture-2026-09-28,Art. 384,aula-02.html,unused,"Art. 384 trata de «A existência e o modo de existir de algum fato podem ser atestados ou documentados, a re…», fora da regra de improcedência liminar (art. 332) e da audiência inicial (art. 334)."
cpc-lei-13105-capture-2026-09-28,Art. 385,aula-02.html,unused,"Art. 385 trata de «Cabe à parte requerer o depoimento pessoal da outra parte, a fim de que esta seja interr…», fora da regra de improcedência liminar (art. 332) e da audiência inicial (art. 334)."
cpc-lei-13105-capture-2026-09-28,Art. 386,aula-02.html,unused,"Art. 386 trata de «Quando a parte, sem motivo justificado, deixar de responder ao que lhe for perguntado ou…», fora da regra de improcedência liminar (art. 332) e da audiência inicial (art. 334)."
cpc-lei-13105-capture-2026-09-28,Art. 387,aula-02.html,unused,"Art. 387 trata de «A parte responderá pessoalmente sobre os fatos articulados, não podendo servir-se de esc…», fora da regra de improcedência liminar (art. 332) e da audiência inicial (art. 334)."
cpc-lei-13105-capture-2026-09-28,Art. 388,aula-02.html,unused,"Art. 388 trata de «A parte não é obrigada a depor sobre fatos…», fora da regra de improcedência liminar (art. 332) e da audiência inicial (art. 334)."
cpc-lei-13105-capture-2026-09-28,Art. 389,aula-02.html,unused,"Art. 389 trata de «Há confissão, judicial ou extrajudicial, quando a parte admite a verdade de fato contrár…», fora da regra de improcedência liminar (art. 332) e da audiência inicial (art. 334)."
cpc-lei-13105-capture-2026-09-28,Art. 390,aula-02.html,unused,"Art. 390 trata de «A confissão judicial pode ser espontânea ou provocada.», fora da regra de improcedência liminar (art. 332) e da audiência inicial (art. 334)."
cpc-lei-13105-capture-2026-09-28,Art. 391,aula-02.html,unused,"Art. 391 trata de «A confissão judicial faz prova contra o confitente, não prejudicando, todavia, os litisc…», fora da regra de improcedência liminar (art. 332) e da audiência inicial (art. 334)."
cpc-lei-13105-capture-2026-09-28,Art. 392,aula-02.html,unused,"Art. 392 trata de «Não vale como confissão a admissão, em juízo, de fatos relativos a direitos indisponívei…», fora da regra de improcedência liminar (art. 332) e da audiência inicial (art. 334)."
cpc-lei-13105-capture-2026-09-28,Art. 393,aula-02.html,unused,"Art. 393 trata de «A confissão é irrevogável, mas pode ser anulada se decorreu de erro de fato ou de coação…», fora da regra de improcedência liminar (art. 332) e da audiência inicial (art. 334)."
cpc-lei-13105-capture-2026-09-28,Art. 394,aula-02.html,unused,"Art. 394 trata de «A confissão extrajudicial, quando feita oralmente, só terá eficácia nos casos em que a l…», fora da regra de improcedência liminar (art. 332) e da audiência inicial (art. 334)."
cpc-lei-13105-capture-2026-09-28,Art. 395,aula-02.html,unused,"Art. 395 trata de «A confissão é, em regra, indivisível, não podendo a parte que a quiser invocar como prov…», fora da regra de improcedência liminar (art. 332) e da audiência inicial (art. 334)."
cpc-lei-13105-capture-2026-09-28,Art. 396,aula-02.html,unused,"Art. 396 trata de «O juiz pode ordenar que a parte exiba documento ou coisa que se encontre em seu poder.», fora da regra de improcedência liminar (art. 332) e da audiência inicial (art. 334)."
cpc-lei-13105-capture-2026-09-28,Art. 397,aula-02.html,unused,"Art. 397 trata de «O pedido formulado pela parte conterá…», fora da regra de improcedência liminar (art. 332) e da audiência inicial (art. 334)."
cpc-lei-13105-capture-2026-09-28,Art. 398,aula-02.html,unused,"Art. 398 trata de «O requerido dará sua resposta nos 5 (cinco) dias subsequentes à sua intimação.», fora da regra de improcedência liminar (art. 332) e da audiência inicial (art. 334)."
cpc-lei-13105-capture-2026-09-28,Art. 399,aula-02.html,unused,"Art. 399 trata de «O juiz não admitirá a recusa se…», fora da regra de improcedência liminar (art. 332) e da audiência inicial (art. 334)."
cpc-lei-13105-capture-2026-09-28,Art. 400,aula-02.html,unused,"Art. 400 trata de «Ao decidir o pedido, o juiz admitirá como verdadeiros os fatos que, por meio do document…», fora da regra de improcedência liminar (art. 332) e da audiência inicial (art. 334)."
cpc-lei-13105-capture-2026-09-28,Art. 401,aula-02.html,unused,"Art. 401 trata de «Quando o documento ou a coisa estiver em poder de terceiro, o juiz ordenará sua citação…», fora da regra de improcedência liminar (art. 332) e da audiência inicial (art. 334)."
cpc-lei-13105-capture-2026-09-28,Art. 402,aula-02.html,unused,"Art. 402 trata de «Se o terceiro negar a obrigação de exibir ou a posse do documento ou da coisa, o juiz de…», fora da regra de improcedência liminar (art. 332) e da audiência inicial (art. 334)."
cpc-lei-13105-capture-2026-09-28,Art. 403,aula-02.html,unused,"Art. 403 trata de «Se o terceiro, sem justo motivo, se recusar a efetuar a exibição, o juiz ordenar-lhe-á q…», fora da regra de improcedência liminar (art. 332) e da audiência inicial (art. 334)."
cpc-lei-13105-capture-2026-09-28,Art. 404,aula-02.html,unused,"Art. 404 trata de «A parte e o terceiro se escusam de exibir, em juízo, o documento ou a coisa se…», fora da regra de improcedência liminar (art. 332) e da audiência inicial (art. 334)."
cpc-lei-13105-capture-2026-09-28,Art. 405,aula-02.html,unused,"Art. 405 trata de «O documento público faz prova não só da sua formação, mas também dos fatos que o escrivã…», fora da regra de improcedência liminar (art. 332) e da audiência inicial (art. 334)."
cpc-lei-13105-capture-2026-09-28,Art. 406,aula-02.html,unused,"Art. 406 trata de «Quando a lei exigir instrumento público como da substância do ato, nenhuma outra prova…», fora da regra de improcedência liminar (art. 332) e da audiência inicial (art. 334)."
cpc-lei-13105-capture-2026-09-28,Art. 407,aula-02.html,unused,"Art. 407 trata de «O documento feito por oficial público incompetente ou sem a observância das formalidades…», fora da regra de improcedência liminar (art. 332) e da audiência inicial (art. 334)."
cpc-lei-13105-capture-2026-09-28,Art. 408,aula-02.html,unused,"Art. 408 trata de «As declarações constantes do documento particular escrito e assinado ou somente assinado…», fora da regra de improcedência liminar (art. 332) e da audiência inicial (art. 334)."
cpc-lei-13105-capture-2026-09-28,Art. 409,aula-02.html,unused,"Art. 409 trata de «A data do documento particular, quando a seu respeito surgir dúvida ou impugnação entre…», fora da regra de improcedência liminar (art. 332) e da audiência inicial (art. 334)."
cpc-lei-13105-capture-2026-09-28,Art. 410,aula-02.html,unused,"Art. 410 trata de «Considera-se autor do documento particular…», fora da regra de improcedência liminar (art. 332) e da audiência inicial (art. 334)."
cpc-lei-13105-capture-2026-09-28,Art. 411,aula-02.html,unused,"Art. 411 trata de «Considera-se autêntico o documento quando…», fora da regra de improcedência liminar (art. 332) e da audiência inicial (art. 334)."
cpc-lei-13105-capture-2026-09-28,Art. 412,aula-02.html,unused,"Art. 412 trata de «O documento particular de cuja autenticidade não se duvida prova que o seu autor fez a d…», fora da regra de improcedência liminar (art. 332) e da audiência inicial (art. 334)."
cpc-lei-13105-capture-2026-09-28,Art. 413,aula-02.html,unused,"Art. 413 trata de «O telegrama, o radiograma ou qualquer outro meio de transmissão tem a mesma força probat…», fora da regra de improcedência liminar (art. 332) e da audiência inicial (art. 334)."
cpc-lei-13105-capture-2026-09-28,Art. 414,aula-02.html,unused,"Art. 414 trata de «O telegrama ou o radiograma presume-se conforme com o original, provando as datas de sua…», fora da regra de improcedência liminar (art. 332) e da audiência inicial (art. 334)."
cpc-lei-13105-capture-2026-09-28,Art. 415,aula-02.html,unused,"Art. 415 trata de «As cartas e os registros domésticos provam contra quem os escreveu quando…», fora da regra de improcedência liminar (art. 332) e da audiência inicial (art. 334)."
cpc-lei-13105-capture-2026-09-28,Art. 416,aula-02.html,unused,"Art. 416 trata de «A nota escrita pelo credor em qualquer parte de documento representativo de obrigação, a…», fora da regra de improcedência liminar (art. 332) e da audiência inicial (art. 334)."
cpc-lei-13105-capture-2026-09-28,Art. 417,aula-02.html,unused,"Art. 417 trata de «Os livros empresariais provam contra seu autor, sendo lícito ao empresário, todavia, dem…», fora da regra de improcedência liminar (art. 332) e da audiência inicial (art. 334)."
cpc-lei-13105-capture-2026-09-28,Art. 418,aula-02.html,unused,"Art. 418 trata de «Os livros empresariais que preencham os requisitos exigidos por lei provam a favor de se…», fora da regra de improcedência liminar (art. 332) e da audiência inicial (art. 334)."
cpc-lei-13105-capture-2026-09-28,Art. 419,aula-02.html,unused,"Art. 419 trata de «A escrituração contábil é indivisível, e, se dos fatos que resultam dos lançamentos, uns…», fora da regra de improcedência liminar (art. 332) e da audiência inicial (art. 334)."
cpc-lei-13105-capture-2026-09-28,Art. 420,aula-02.html,unused,"Art. 420 trata de «O juiz pode ordenar, a requerimento da parte, a exibição integral dos livros empresariai…», fora da regra de improcedência liminar (art. 332) e da audiência inicial (art. 334)."
cpc-lei-13105-capture-2026-09-28,Art. 421,aula-02.html,unused,"Art. 421 trata de «O juiz pode, de ofício, ordenar à parte a exibição parcial dos livros e dos documentos…», fora da regra de improcedência liminar (art. 332) e da audiência inicial (art. 334)."
cpc-lei-13105-capture-2026-09-28,Art. 422,aula-02.html,unused,"Art. 422 trata de «Qualquer reprodução mecânica, como a fotográfica, a cinematográfica, a fonográfica ou de…», fora da regra de improcedência liminar (art. 332) e da audiência inicial (art. 334)."
cpc-lei-13105-capture-2026-09-28,Art. 423,aula-02.html,unused,"Art. 423 trata de «As reproduções dos documentos particulares, fotográficas ou obtidas por outros processos…», fora da regra de improcedência liminar (art. 332) e da audiência inicial (art. 334)."
cpc-lei-13105-capture-2026-09-28,Art. 424,aula-02.html,unused,"Art. 424 trata de «A cópia de documento particular tem o mesmo valor probante que o original, cabendo ao es…», fora da regra de improcedência liminar (art. 332) e da audiência inicial (art. 334)."
cpc-lei-13105-capture-2026-09-28,Art. 425,aula-02.html,unused,"Art. 425 trata de «Fazem a mesma prova que os originais…», fora da regra de improcedência liminar (art. 332) e da audiência inicial (art. 334)."
cpc-lei-13105-capture-2026-09-28,Art. 426,aula-02.html,unused,"Art. 426 trata de «O juiz apreciará fundamentadamente a fé que deva merecer o documento, quando em ponto su…», fora da regra de improcedência liminar (art. 332) e da audiência inicial (art. 334)."
cpc-lei-13105-capture-2026-09-28,Art. 427,aula-02.html,unused,"Art. 427 trata de «Cessa a fé do documento público ou particular sendo-lhe declarada judicialmente a falsid…», fora da regra de improcedência liminar (art. 332) e da audiência inicial (art. 334)."
cpc-lei-13105-capture-2026-09-28,Art. 428,aula-02.html,unused,"Art. 428 trata de «Cessa a fé do documento particular quando…», fora da regra de improcedência liminar (art. 332) e da audiência inicial (art. 334)."
cpc-lei-13105-capture-2026-09-28,Art. 429,aula-02.html,unused,"Art. 429 trata de «Incumbe o ônus da prova quando…», fora da regra de improcedência liminar (art. 332) e da audiência inicial (art. 334)."
cpc-lei-13105-capture-2026-09-28,Art. 430,aula-02.html,unused,"Art. 430 trata de «A falsidade deve ser suscitada na contestação, na réplica ou no prazo de 15 (quinze) dia…», fora da regra de improcedência liminar (art. 332) e da audiência inicial (art. 334)."
cpc-lei-13105-capture-2026-09-28,Art. 431,aula-02.html,unused,"Art. 431 trata de «A parte arguirá a falsidade expondo os motivos em que funda a sua pretensão e os meios c…», fora da regra de improcedência liminar (art. 332) e da audiência inicial (art. 334)."
cpc-lei-13105-capture-2026-09-28,Art. 432,aula-02.html,unused,"Art. 432 trata de «Depois de ouvida a outra parte no prazo de 15 (quinze) dias, será realizado o exame peri…», fora da regra de improcedência liminar (art. 332) e da audiência inicial (art. 334)."
cpc-lei-13105-capture-2026-09-28,Art. 433,aula-02.html,unused,"Art. 433 trata de «A declaração sobre a falsidade do documento, quando suscitada como questão principal, co…», fora da regra de improcedência liminar (art. 332) e da audiência inicial (art. 334)."
cpc-lei-13105-capture-2026-09-28,Art. 434,aula-02.html,unused,"Art. 434 trata de «Incumbe à parte instruir a petição inicial ou a contestação com os documentos destinados…», fora da regra de improcedência liminar (art. 332) e da audiência inicial (art. 334)."
cpc-lei-13105-capture-2026-09-28,Art. 435,aula-02.html,unused,"Art. 435 trata de «É lícito às partes, em qualquer tempo, juntar aos autos documentos novos, quando destina…», fora da regra de improcedência liminar (art. 332) e da audiência inicial (art. 334)."
cpc-lei-13105-capture-2026-09-28,Art. 436,aula-02.html,unused,"Art. 436 trata de «A parte, intimada a falar sobre documento constante dos autos, poderá…», fora da regra de improcedência liminar (art. 332) e da audiência inicial (art. 334)."
cpc-lei-13105-capture-2026-09-28,Art. 437,aula-02.html,unused,"Art. 437 trata de «O réu manifestar-se-á na contestação sobre os documentos anexados à inicial, e o autor m…», fora da regra de improcedência liminar (art. 332) e da audiência inicial (art. 334)."
cpc-lei-13105-capture-2026-09-28,Art. 438,aula-02.html,unused,"Art. 438 trata de «O juiz requisitará às repartições públicas, em qualquer tempo ou grau de jurisdição…», fora da regra de improcedência liminar (art. 332) e da audiência inicial (art. 334)."
cpc-lei-13105-capture-2026-09-28,Art. 439,aula-02.html,unused,"Art. 439 trata de «A utilização de documentos eletrônicos no processo convencional dependerá de sua convers…», fora da regra de improcedência liminar (art. 332) e da audiência inicial (art. 334)."
cpc-lei-13105-capture-2026-09-28,Art. 440,aula-02.html,unused,"Art. 440 trata de «O juiz apreciará o valor probante do documento eletrônico não convertido, assegurado às…», fora da regra de improcedência liminar (art. 332) e da audiência inicial (art. 334)."
cpc-lei-13105-capture-2026-09-28,Art. 441,aula-02.html,unused,"Art. 441 trata de «Serão admitidos documentos eletrônicos produzidos e conservados com a observância da leg…», fora da regra de improcedência liminar (art. 332) e da audiência inicial (art. 334)."
cpc-lei-13105-capture-2026-09-28,Art. 442,aula-02.html,unused,"Art. 442 trata de «A prova testemunhal é sempre admissível, não dispondo a lei de modo diverso.», fora da regra de improcedência liminar (art. 332) e da audiência inicial (art. 334)."
cpc-lei-13105-capture-2026-09-28,Art. 443,aula-02.html,unused,"Art. 443 trata de «O juiz indeferirá a inquirição de testemunhas sobre fatos…», fora da regra de improcedência liminar (art. 332) e da audiência inicial (art. 334)."
cpc-lei-13105-capture-2026-09-28,Art. 444,aula-02.html,unused,"Art. 444 trata de «Nos casos em que a lei exigir prova escrita da obrigação, é admissível a prova testemunh…», fora da regra de improcedência liminar (art. 332) e da audiência inicial (art. 334)."
cpc-lei-13105-capture-2026-09-28,Art. 445,aula-02.html,unused,"Art. 445 trata de «Também se admite a prova testemunhal quando o credor não pode ou não podia, moral ou mat…», fora da regra de improcedência liminar (art. 332) e da audiência inicial (art. 334)."
cpc-lei-13105-capture-2026-09-28,Art. 446,aula-02.html,unused,"Art. 446 trata de «É lícito à parte provar com testemunhas…», fora da regra de improcedência liminar (art. 332) e da audiência inicial (art. 334)."
cpc-lei-13105-capture-2026-09-28,Art. 447,aula-02.html,unused,"Art. 447 trata de «Podem depor como testemunhas todas as pessoas, exceto as incapazes, impedidas ou suspeit…», fora da regra de improcedência liminar (art. 332) e da audiência inicial (art. 334)."
cpc-lei-13105-capture-2026-09-28,Art. 448,aula-02.html,unused,"Art. 448 trata de «A testemunha não é obrigada a depor sobre fatos…», fora da regra de improcedência liminar (art. 332) e da audiência inicial (art. 334)."
cpc-lei-13105-capture-2026-09-28,Art. 449,aula-02.html,unused,"Art. 449 trata de «Salvo disposição especial em contrário, as testemunhas devem ser ouvidas na sede do juíz…», fora da regra de improcedência liminar (art. 332) e da audiência inicial (art. 334)."
cpc-lei-13105-capture-2026-09-28,Art. 450,aula-02.html,unused,"Art. 450 trata de «O rol de testemunhas conterá, sempre que possível, o nome, a profissão, o estado civil…», fora da regra de improcedência liminar (art. 332) e da audiência inicial (art. 334)."
cpc-lei-13105-capture-2026-09-28,Art. 451,aula-02.html,unused,"Art. 451 trata de «Depois de apresentado o rol de que tratam os», fora da regra de improcedência liminar (art. 332) e da audiência inicial (art. 334)."
cpc-lei-13105-capture-2026-09-28,Art. 452,aula-02.html,unused,"Art. 452 trata de «Quando for arrolado como testemunha, o juiz da causa…», fora da regra de improcedência liminar (art. 332) e da audiência inicial (art. 334)."
cpc-lei-13105-capture-2026-09-28,Art. 453,aula-02.html,unused,"Art. 453 trata de «As testemunhas depõem, na audiência de instrução e julgamento, perante o juiz da causa…», fora da regra de improcedência liminar (art. 332) e da audiência inicial (art. 334)."
cpc-lei-13105-capture-2026-09-28,Art. 454,aula-02.html,unused,"Art. 454 trata de «São inquiridos em sua residência ou onde exercem sua função…», fora da regra de improcedência liminar (art. 332) e da audiência inicial (art. 334)."
cpc-lei-13105-capture-2026-09-28,Art. 455,aula-02.html,unused,"Art. 455 trata de «Cabe ao advogado da parte informar ou intimar a testemunha por ele arrolada do dia, da h…», fora da regra de improcedência liminar (art. 332) e da audiência inicial (art. 334)."
cpc-lei-13105-capture-2026-09-28,Art. 456,aula-02.html,unused,"Art. 456 trata de «O juiz inquirirá as testemunhas separada e sucessivamente, primeiro as do autor e depois…», fora da regra de improcedência liminar (art. 332) e da audiência inicial (art. 334)."
cpc-lei-13105-capture-2026-09-28,Art. 457,aula-02.html,unused,"Art. 457 trata de «Antes de depor, a testemunha será qualificada, declarará ou confirmará seus dados e info…», fora da regra de improcedência liminar (art. 332) e da audiência inicial (art. 334)."
cpc-lei-13105-capture-2026-09-28,Art. 458,aula-02.html,unused,"Art. 458 trata de «Ao início da inquirição, a testemunha prestará o compromisso de dizer a verdade do que s…», fora da regra de improcedência liminar (art. 332) e da audiência inicial (art. 334)."
cpc-lei-13105-capture-2026-09-28,Art. 459,aula-02.html,unused,"Art. 459 trata de «As perguntas serão formuladas pelas partes diretamente à testemunha, começando pela que…», fora da regra de improcedência liminar (art. 332) e da audiência inicial (art. 334)."
cpc-lei-13105-capture-2026-09-28,Art. 460,aula-02.html,unused,"Art. 460 trata de «O depoimento poderá ser documentado por meio de gravação.», fora da regra de improcedência liminar (art. 332) e da audiência inicial (art. 334)."
cpc-lei-13105-capture-2026-09-28,Art. 461,aula-02.html,unused,"Art. 461 trata de «O juiz pode ordenar, de ofício ou a requerimento da parte…», fora da regra de improcedência liminar (art. 332) e da audiência inicial (art. 334)."
cpc-lei-13105-capture-2026-09-28,Art. 462,aula-02.html,unused,"Art. 462 trata de «A testemunha pode requerer ao juiz o pagamento da despesa que efetuou para compareciment…», fora da regra de improcedência liminar (art. 332) e da audiência inicial (art. 334)."
cpc-lei-13105-capture-2026-09-28,Art. 463,aula-02.html,unused,"Art. 463 trata de «O depoimento prestado em juízo é considerado serviço público.», fora da regra de improcedência liminar (art. 332) e da audiência inicial (art. 334)."
cpc-lei-13105-capture-2026-09-28,Art. 464,aula-02.html,unused,"Art. 464 trata de «A prova pericial consiste em exame, vistoria ou avaliação.», fora da regra de improcedência liminar (art. 332) e da audiência inicial (art. 334)."
cpc-lei-13105-capture-2026-09-28,Art. 465,aula-02.html,unused,"Art. 465 trata de «O juiz nomeará perito especializado no objeto da perícia e fixará de imediato o prazo pa…», fora da regra de improcedência liminar (art. 332) e da audiência inicial (art. 334)."
cpc-lei-13105-capture-2026-09-28,Art. 466,aula-02.html,unused,"Art. 466 trata de «O perito cumprirá escrupulosamente o encargo que lhe foi cometido, independentemente de…», fora da regra de improcedência liminar (art. 332) e da audiência inicial (art. 334)."
cpc-lei-13105-capture-2026-09-28,Art. 467,aula-02.html,unused,"Art. 467 trata de «O perito pode escusar-se ou ser recusado por impedimento ou suspeição.», fora da regra de improcedência liminar (art. 332) e da audiência inicial (art. 334)."
cpc-lei-13105-capture-2026-09-28,Art. 468,aula-02.html,unused,"Art. 468 trata de «O perito pode ser substituído quando…», fora da regra de improcedência liminar (art. 332) e da audiência inicial (art. 334)."
cpc-lei-13105-capture-2026-09-28,Art. 469,aula-02.html,unused,"Art. 469 trata de «As partes poderão apresentar quesitos suplementares durante a diligência, que poderão se…», fora da regra de improcedência liminar (art. 332) e da audiência inicial (art. 334)."
cpc-lei-13105-capture-2026-09-28,Art. 470,aula-02.html,unused,"Art. 470 trata de «Incumbe ao juiz…», fora da regra de improcedência liminar (art. 332) e da audiência inicial (art. 334)."
cpc-lei-13105-capture-2026-09-28,Art. 471,aula-02.html,unused,"Art. 471 trata de «As partes podem, de comum acordo, escolher o perito, indicando-o mediante requerimento…», fora da regra de improcedência liminar (art. 332) e da audiência inicial (art. 334)."
cpc-lei-13105-capture-2026-09-28,Art. 472,aula-02.html,unused,"Art. 472 trata de «O juiz poderá dispensar prova pericial quando as partes, na inicial e na contestação, ap…», fora da regra de improcedência liminar (art. 332) e da audiência inicial (art. 334)."
cpc-lei-13105-capture-2026-09-28,Art. 473,aula-02.html,unused,"Art. 473 trata de «O laudo pericial deverá conter…», fora da regra de improcedência liminar (art. 332) e da audiência inicial (art. 334)."
cpc-lei-13105-capture-2026-09-28,Art. 474,aula-02.html,unused,"Art. 474 trata de «As partes terão ciência da data e do local designados pelo juiz ou indicados pelo perito…», fora da regra de improcedência liminar (art. 332) e da audiência inicial (art. 334)."
cpc-lei-13105-capture-2026-09-28,Art. 475,aula-02.html,unused,"Art. 475 trata de «Tratando-se de perícia complexa que abranja mais de uma área de conhecimento especializa…», fora da regra de improcedência liminar (art. 332) e da audiência inicial (art. 334)."
cpc-lei-13105-capture-2026-09-28,Art. 476,aula-02.html,unused,"Art. 476 trata de «Se o perito, por motivo justificado, não puder apresentar o laudo dentro do prazo, o jui…», fora da regra de improcedência liminar (art. 332) e da audiência inicial (art. 334)."
cpc-lei-13105-capture-2026-09-28,Art. 478,aula-02.html,unused,"Art. 478 trata de «Quando o exame tiver por objeto a autenticidade ou a falsidade de documento ou for de na…», fora da regra de improcedência liminar (art. 332) e da audiência inicial (art. 334)."
cpc-lei-13105-capture-2026-09-28,Art. 479,aula-02.html,unused,"Art. 479 trata de «O juiz apreciará a prova pericial de acordo com o disposto no», fora da regra de improcedência liminar (art. 332) e da audiência inicial (art. 334)."
cpc-lei-13105-capture-2026-09-28,Art. 480,aula-02.html,unused,"Art. 480 trata de «O juiz determinará, de ofício ou a requerimento da parte, a realização de nova perícia q…», fora da regra de improcedência liminar (art. 332) e da audiência inicial (art. 334)."
cpc-lei-13105-capture-2026-09-28,Art. 481,aula-02.html,unused,"Art. 481 trata de «O juiz, de ofício ou a requerimento da parte, pode, em qualquer fase do processo, inspec…», fora da regra de improcedência liminar (art. 332) e da audiência inicial (art. 334)."
cpc-lei-13105-capture-2026-09-28,Art. 482,aula-02.html,unused,"Art. 482 trata de «Ao realizar a inspeção, o juiz poderá ser assistido por um ou mais peritos.», fora da regra de improcedência liminar (art. 332) e da audiência inicial (art. 334)."
cpc-lei-13105-capture-2026-09-28,Art. 483,aula-02.html,unused,"Art. 483 trata de «O juiz irá ao local onde se encontre a pessoa ou a coisa quando…», fora da regra de improcedência liminar (art. 332) e da audiência inicial (art. 334)."
cpc-lei-13105-capture-2026-09-28,Art. 484,aula-02.html,unused,"Art. 484 trata de «Concluída a diligência, o juiz mandará lavrar auto circunstanciado, mencionando nele tud…», fora da regra de improcedência liminar (art. 332) e da audiência inicial (art. 334)."
cpc-lei-13105-capture-2026-09-28,Art. 485,aula-02.html,unused,"Art. 485 trata de «O juiz não resolverá o mérito quando…», fora da regra de improcedência liminar (art. 332) e da audiência inicial (art. 334)."
cpc-lei-13105-capture-2026-09-28,Art. 486,aula-02.html,unused,"Art. 486 trata de «O pronunciamento judicial que não resolve o mérito não obsta a que a parte proponha de n…», fora da regra de improcedência liminar (art. 332) e da audiência inicial (art. 334)."
cpc-lei-13105-capture-2026-09-28,Art. 487,aula-02.html,supporting,"Define hipóteses de resolução do mérito, base para identificar a natureza da improcedência liminar."
cpc-lei-13105-capture-2026-09-28,Art. 488,aula-02.html,unused,"Art. 488 trata de «Desde que possível, o juiz resolverá o mérito sempre que a decisão for favorável à parte…», fora da regra de improcedência liminar (art. 332) e da audiência inicial (art. 334)."
cpc-lei-13105-capture-2026-09-28,Art. 489,aula-02.html,unused,"Art. 489 trata de «São elementos essenciais da sentença…», fora da regra de improcedência liminar (art. 332) e da audiência inicial (art. 334)."
cpc-lei-13105-capture-2026-09-28,Art. 490,aula-02.html,unused,"Art. 490 trata de «O juiz resolverá o mérito acolhendo ou rejeitando, no todo ou em parte, os pedidos formu…», fora da regra de improcedência liminar (art. 332) e da audiência inicial (art. 334)."
cpc-lei-13105-capture-2026-09-28,Art. 491,aula-02.html,unused,"Art. 491 trata de «Na ação relativa à obrigação de pagar quantia, ainda que formulado pedido genérico, a de…», fora da regra de improcedência liminar (art. 332) e da audiência inicial (art. 334)."
cpc-lei-13105-capture-2026-09-28,Art. 492,aula-02.html,unused,"Art. 492 trata de «É vedado ao juiz proferir decisão de natureza diversa da pedida, bem como condenar a par…», fora da regra de improcedência liminar (art. 332) e da audiência inicial (art. 334)."
cpc-lei-13105-capture-2026-09-28,Art. 493,aula-02.html,unused,"Art. 493 trata de «Se, depois da propositura da ação, algum fato constitutivo, modificativo ou extintivo do…», fora da regra de improcedência liminar (art. 332) e da audiência inicial (art. 334)."
cpc-lei-13105-capture-2026-09-28,Art. 494,aula-02.html,unused,"Art. 494 trata de «Publicada a sentença, o juiz só poderá alterá-la…», fora da regra de improcedência liminar (art. 332) e da audiência inicial (art. 334)."
cpc-lei-13105-capture-2026-09-28,Art. 495,aula-02.html,unused,"Art. 495 trata de «A decisão que condenar o réu ao pagamento de prestação consistente em dinheiro e a que d…», fora da regra de improcedência liminar (art. 332) e da audiência inicial (art. 334)."
cpc-lei-13105-capture-2026-09-28,Art. 496,aula-02.html,unused,"Art. 496 trata de «Está sujeita ao duplo grau de jurisdição, não produzindo efeito senão depois de confirma…», fora da regra de improcedência liminar (art. 332) e da audiência inicial (art. 334)."
cpc-lei-13105-capture-2026-09-28,Art. 497,aula-02.html,unused,"Art. 497 trata de «Na ação que tenha por objeto a prestação de fazer ou de não fazer, o juiz, se procedente…», fora da regra de improcedência liminar (art. 332) e da audiência inicial (art. 334)."
cpc-lei-13105-capture-2026-09-28,Art. 498,aula-02.html,unused,"Art. 498 trata de «Na ação que tenha por objeto a entrega de coisa, o juiz, ao conceder a tutela específica…», fora da regra de improcedência liminar (art. 332) e da audiência inicial (art. 334)."
cpc-lei-13105-capture-2026-09-28,Art. 499,aula-02.html,unused,"Art. 499 trata de «A obrigação somente será convertida em perdas e danos se o autor o requerer ou se imposs…», fora da regra de improcedência liminar (art. 332) e da audiência inicial (art. 334)."
cpc-lei-13105-capture-2026-09-28,Art. 500,aula-02.html,unused,"Art. 500 trata de «A indenização por perdas e danos dar-se-á sem prejuízo da multa fixada periodicamente pa…», fora da regra de improcedência liminar (art. 332) e da audiência inicial (art. 334)."
cpc-lei-13105-capture-2026-09-28,Art. 501,aula-02.html,unused,"Art. 501 trata de «Na ação que tenha por objeto a emissão de declaração de vontade, a sentença que julgar p…», fora da regra de improcedência liminar (art. 332) e da audiência inicial (art. 334)."
cpc-lei-13105-capture-2026-09-28,Art. 502,aula-02.html,unused,"Art. 502 trata de «Denomina-se coisa julgada material a autoridade que torna imutável e indiscutível a deci…», fora da regra de improcedência liminar (art. 332) e da audiência inicial (art. 334)."
cpc-lei-13105-capture-2026-09-28,Art. 503,aula-02.html,unused,"Art. 503 trata de «A decisão que julgar total ou parcialmente o mérito tem força de lei nos limites da ques…», fora da regra de improcedência liminar (art. 332) e da audiência inicial (art. 334)."
cpc-lei-13105-capture-2026-09-28,Art. 504,aula-02.html,unused,"Art. 504 trata de «Não fazem coisa julgada…», fora da regra de improcedência liminar (art. 332) e da audiência inicial (art. 334)."
cpc-lei-13105-capture-2026-09-28,Art. 506,aula-02.html,unused,"Art. 506 trata de «A sentença faz coisa julgada às partes entre as quais é dada, não prejudicando terceiros…», fora da regra de improcedência liminar (art. 332) e da audiência inicial (art. 334)."
cpc-lei-13105-capture-2026-09-28,Art. 507,aula-02.html,unused,"Art. 507 trata de «É vedado à parte discutir no curso do processo as questões já decididas a cujo respeito…», fora da regra de improcedência liminar (art. 332) e da audiência inicial (art. 334)."
cpc-lei-13105-capture-2026-09-28,Art. 508,aula-02.html,unused,"Art. 508 trata de «Transitada em julgado a decisão de mérito, considerar-se-ão deduzidas e repelidas todas…», fora da regra de improcedência liminar (art. 332) e da audiência inicial (art. 334)."
cpc-lei-13105-capture-2026-09-28,Art. 509,aula-02.html,unused,"Art. 509 trata de «Quando a sentença condenar ao pagamento de quantia ilíquida, proceder-se-á à sua liquida…», fora da regra de improcedência liminar (art. 332) e da audiência inicial (art. 334)."
cpc-lei-13105-capture-2026-09-28,Art. 510,aula-02.html,unused,"Art. 510 trata de «Na liquidação por arbitramento, o juiz intimará as partes para a apresentação de parecer…», fora da regra de improcedência liminar (art. 332) e da audiência inicial (art. 334)."
cpc-lei-13105-capture-2026-09-28,Art. 511,aula-02.html,unused,"Art. 511 trata de «Na liquidação pelo procedimento comum, o juiz determinará a intimação do requerido, na p…», fora da regra de improcedência liminar (art. 332) e da audiência inicial (art. 334)."
cpc-lei-13105-capture-2026-09-28,Art. 513,aula-02.html,unused,"Art. 513 trata de «O cumprimento da sentença será feito segundo as regras deste Título, observando-se, no q…», fora da regra de improcedência liminar (art. 332) e da audiência inicial (art. 334)."
cpc-lei-13105-capture-2026-09-28,Art. 514,aula-02.html,unused,"Art. 514 trata de «Quando o juiz decidir relação jurídica sujeita a condição ou termo, o cumprimento da sen…», fora da regra de improcedência liminar (art. 332) e da audiência inicial (art. 334)."
cpc-lei-13105-capture-2026-09-28,Art. 515,aula-02.html,unused,"Art. 515 trata de «São títulos executivos judiciais, cujo cumprimento dar-se-á de acordo com os artigos pre…», fora da regra de improcedência liminar (art. 332) e da audiência inicial (art. 334)."
cpc-lei-13105-capture-2026-09-28,Art. 516,aula-02.html,unused,"Art. 516 trata de «O cumprimento da sentença efetuar-se-á perante…», fora da regra de improcedência liminar (art. 332) e da audiência inicial (art. 334)."
cpc-lei-13105-capture-2026-09-28,Art. 517,aula-02.html,unused,"Art. 517 trata de «A decisão judicial transitada em julgado poderá ser levada a protesto, nos termos da lei…», fora da regra de improcedência liminar (art. 332) e da audiência inicial (art. 334)."
cpc-lei-13105-capture-2026-09-28,Art. 518,aula-02.html,unused,"Art. 518 trata de «Todas as questões relativas à validade do procedimento de cumprimento da sentença e dos…», fora da regra de improcedência liminar (art. 332) e da audiência inicial (art. 334)."
cpc-lei-13105-capture-2026-09-28,Art. 519,aula-02.html,unused,"Art. 519 trata de «Aplicam-se as disposições relativas ao cumprimento da sentença, provisório ou definitivo…», fora da regra de improcedência liminar (art. 332) e da audiência inicial (art. 334)."
cpc-lei-13105-capture-2026-09-28,Art. 520,aula-02.html,unused,"Art. 520 trata de «O cumprimento provisório da sentença impugnada por recurso desprovido de efeito suspensi…», fora da regra de improcedência liminar (art. 332) e da audiência inicial (art. 334)."
cpc-lei-13105-capture-2026-09-28,Art. 521,aula-02.html,unused,"Art. 521 trata de «A caução prevista no», fora da regra de improcedência liminar (art. 332) e da audiência inicial (art. 334)."
cpc-lei-13105-capture-2026-09-28,Art. 522,aula-02.html,unused,"Art. 522 trata de «O cumprimento provisório da sentença será requerido por petição dirigida ao juízo compet…», fora da regra de improcedência liminar (art. 332) e da audiência inicial (art. 334)."
cpc-lei-13105-capture-2026-09-28,Art. 523,aula-02.html,unused,"Art. 523 trata de «No caso de condenação em quantia certa, ou já fixada em liquidação, e no caso de decisão…», fora da regra de improcedência liminar (art. 332) e da audiência inicial (art. 334)."
cpc-lei-13105-capture-2026-09-28,Art. 524,aula-02.html,unused,"Art. 524 trata de «O requerimento previsto no», fora da regra de improcedência liminar (art. 332) e da audiência inicial (art. 334)."
cpc-lei-13105-capture-2026-09-28,Art. 525,aula-02.html,unused,"Art. 525 trata de «Transcorrido o prazo previsto no», fora da regra de improcedência liminar (art. 332) e da audiência inicial (art. 334)."
cpc-lei-13105-capture-2026-09-28,Art. 526,aula-02.html,unused,"Art. 526 trata de «É lícito ao réu, antes de ser intimado para o cumprimento da sentença, comparecer em juí…», fora da regra de improcedência liminar (art. 332) e da audiência inicial (art. 334)."
cpc-lei-13105-capture-2026-09-28,Art. 527,aula-02.html,unused,"Art. 527 trata de «Aplicam-se as disposições deste Capítulo ao cumprimento provisório da sentença, no que c…», fora da regra de improcedência liminar (art. 332) e da audiência inicial (art. 334)."
cpc-lei-13105-capture-2026-09-28,Art. 528,aula-02.html,unused,"Art. 528 trata de «No cumprimento de sentença que condene ao pagamento de prestação alimentícia ou de decis…», fora da regra de improcedência liminar (art. 332) e da audiência inicial (art. 334)."
cpc-lei-13105-capture-2026-09-28,Art. 529,aula-02.html,unused,"Art. 529 trata de «Quando o executado for funcionário público, militar, diretor ou gerente de empresa ou em…», fora da regra de improcedência liminar (art. 332) e da audiência inicial (art. 334)."
cpc-lei-13105-capture-2026-09-28,Art. 530,aula-02.html,unused,"Art. 530 trata de «Não cumprida a obrigação, observar-se-á o disposto nos», fora da regra de improcedência liminar (art. 332) e da audiência inicial (art. 334)."
cpc-lei-13105-capture-2026-09-28,Art. 531,aula-02.html,unused,"Art. 531 trata de «O disposto neste Capítulo aplica-se aos alimentos definitivos ou provisórios.», fora da regra de improcedência liminar (art. 332) e da audiência inicial (art. 334)."
cpc-lei-13105-capture-2026-09-28,Art. 532,aula-02.html,unused,"Art. 532 trata de «Verificada a conduta procrastinatória do executado, o juiz deverá, se for o caso, dar ci…», fora da regra de improcedência liminar (art. 332) e da audiência inicial (art. 334)."
cpc-lei-13105-capture-2026-09-28,Art. 533,aula-02.html,unused,"Art. 533 trata de «Quando a indenização por ato ilícito incluir prestação de alimentos, caberá ao executado…», fora da regra de improcedência liminar (art. 332) e da audiência inicial (art. 334)."
cpc-lei-13105-capture-2026-09-28,Art. 534,aula-02.html,unused,"Art. 534 trata de «No cumprimento de sentença que impuser à Fazenda Pública o dever de pagar quantia certa…», fora da regra de improcedência liminar (art. 332) e da audiência inicial (art. 334)."
cpc-lei-13105-capture-2026-09-28,Art. 535,aula-02.html,unused,"Art. 535 trata de «A Fazenda Pública será intimada na pessoa de seu representante judicial, por carga, reme…», fora da regra de improcedência liminar (art. 332) e da audiência inicial (art. 334)."
cpc-lei-13105-capture-2026-09-28,Art. 536,aula-02.html,unused,"Art. 536 trata de «No cumprimento de sentença que reconheça a exigibilidade de obrigação de fazer ou de não…», fora da regra de improcedência liminar (art. 332) e da audiência inicial (art. 334)."
cpc-lei-13105-capture-2026-09-28,Art. 537,aula-02.html,unused,"Art. 537 trata de «A multa independe de requerimento da parte e poderá ser aplicada na fase de conhecimento…», fora da regra de improcedência liminar (art. 332) e da audiência inicial (art. 334)."
cpc-lei-13105-capture-2026-09-28,Art. 538,aula-02.html,unused,"Art. 538 trata de «Não cumprida a obrigação de entregar coisa no prazo estabelecido na sentença, será exped…», fora da regra de improcedência liminar (art. 332) e da audiência inicial (art. 334)."
cpc-lei-13105-capture-2026-09-28,Art. 539,aula-02.html,unused,"Art. 539 trata de «Nos casos previstos em lei, poderá o devedor ou terceiro requerer, com efeito de pagamen…», fora da regra de improcedência liminar (art. 332) e da audiência inicial (art. 334)."
cpc-lei-13105-capture-2026-09-28,Art. 540,aula-02.html,unused,"Art. 540 trata de «Requerer-se-á a consignação no lugar do pagamento, cessando para o devedor, à data do de…», fora da regra de improcedência liminar (art. 332) e da audiência inicial (art. 334)."
cpc-lei-13105-capture-2026-09-28,Art. 541,aula-02.html,unused,"Art. 541 trata de «Tratando-se de prestações sucessivas, consignada uma delas, pode o devedor continuar a d…», fora da regra de improcedência liminar (art. 332) e da audiência inicial (art. 334)."
cpc-lei-13105-capture-2026-09-28,Art. 542,aula-02.html,unused,"Art. 542 trata de «Na petição inicial, o autor requererá…», fora da regra de improcedência liminar (art. 332) e da audiência inicial (art. 334)."
cpc-lei-13105-capture-2026-09-28,Art. 543,aula-02.html,unused,"Art. 543 trata de «Se o objeto da prestação for coisa indeterminada e a escolha couber ao credor, será este…», fora da regra de improcedência liminar (art. 332) e da audiência inicial (art. 334)."
cpc-lei-13105-capture-2026-09-28,Art. 544,aula-02.html,unused,"Art. 544 trata de «Na contestação, o réu poderá alegar que…», fora da regra de improcedência liminar (art. 332) e da audiência inicial (art. 334)."
cpc-lei-13105-capture-2026-09-28,Art. 545,aula-02.html,unused,"Art. 545 trata de «Alegada a insuficiência do depósito, é lícito ao autor completá-lo, em 10 (dez) dias, sa…», fora da regra de improcedência liminar (art. 332) e da audiência inicial (art. 334)."
cpc-lei-13105-capture-2026-09-28,Art. 546,aula-02.html,unused,"Art. 546 trata de «Julgado procedente o pedido, o juiz declarará extinta a obrigação e condenará o réu ao p…», fora da regra de improcedência liminar (art. 332) e da audiência inicial (art. 334)."
cpc-lei-13105-capture-2026-09-28,Art. 547,aula-02.html,unused,"Art. 547 trata de «Se ocorrer dúvida sobre quem deva legitimamente receber o pagamento, o autor requererá o…», fora da regra de improcedência liminar (art. 332) e da audiência inicial (art. 334)."
cpc-lei-13105-capture-2026-09-28,Art. 548,aula-02.html,unused,"Art. 548 trata de «No caso do», fora da regra de improcedência liminar (art. 332) e da audiência inicial (art. 334)."
cpc-lei-13105-capture-2026-09-28,Art. 549,aula-02.html,unused,"Art. 549 trata de «Aplica-se o procedimento estabelecido neste Capítulo, no que couber, ao resgate do afora…», fora da regra de improcedência liminar (art. 332) e da audiência inicial (art. 334)."
cpc-lei-13105-capture-2026-09-28,Art. 550,aula-02.html,unused,"Art. 550 trata de «Aquele que afirmar ser titular do direito de exigir contas requererá a citação do réu pa…», fora da regra de improcedência liminar (art. 332) e da audiência inicial (art. 334)."
cpc-lei-13105-capture-2026-09-28,Art. 551,aula-02.html,unused,"Art. 551 trata de «As contas do réu serão apresentadas na forma adequada, especificando-se as receitas, a a…», fora da regra de improcedência liminar (art. 332) e da audiência inicial (art. 334)."
cpc-lei-13105-capture-2026-09-28,Art. 552,aula-02.html,unused,"Art. 552 trata de «A sentença apurará o saldo e constituirá título executivo judicial.», fora da regra de improcedência liminar (art. 332) e da audiência inicial (art. 334)."
cpc-lei-13105-capture-2026-09-28,Art. 553,aula-02.html,unused,"Art. 553 trata de «As contas do inventariante, do tutor, do curador, do depositário e de qualquer outro adm…», fora da regra de improcedência liminar (art. 332) e da audiência inicial (art. 334)."
cpc-lei-13105-capture-2026-09-28,Art. 554,aula-02.html,unused,"Art. 554 trata de «A propositura de uma ação possessória em vez de outra não obstará a que o juiz conheça d…», fora da regra de improcedência liminar (art. 332) e da audiência inicial (art. 334)."
cpc-lei-13105-capture-2026-09-28,Art. 555,aula-02.html,unused,"Art. 555 trata de «É lícito ao autor cumular ao pedido possessório o de…», fora da regra de improcedência liminar (art. 332) e da audiência inicial (art. 334)."
cpc-lei-13105-capture-2026-09-28,Art. 556,aula-02.html,unused,"Art. 556 trata de «É lícito ao réu, na contestação, alegando que foi o ofendido em sua posse, demandar a pr…», fora da regra de improcedência liminar (art. 332) e da audiência inicial (art. 334)."
cpc-lei-13105-capture-2026-09-28,Art. 557,aula-02.html,unused,"Art. 557 trata de «Na pendência de ação possessória é vedado, tanto ao autor quanto ao réu, propor ação de…», fora da regra de improcedência liminar (art. 332) e da audiência inicial (art. 334)."
cpc-lei-13105-capture-2026-09-28,Art. 558,aula-02.html,unused,"Art. 558 trata de «Regem o procedimento de manutenção e de reintegração de posse as normas da Seção II dest…», fora da regra de improcedência liminar (art. 332) e da audiência inicial (art. 334)."
cpc-lei-13105-capture-2026-09-28,Art. 559,aula-02.html,unused,"Art. 559 trata de «Se o réu provar, em qualquer tempo, que o autor provisoriamente mantido ou reintegrado n…», fora da regra de improcedência liminar (art. 332) e da audiência inicial (art. 334)."
cpc-lei-13105-capture-2026-09-28,Art. 560,aula-02.html,unused,"Art. 560 trata de «O possuidor tem direito a ser mantido na posse em caso de turbação e reintegrado em caso…», fora da regra de improcedência liminar (art. 332) e da audiência inicial (art. 334)."
cpc-lei-13105-capture-2026-09-28,Art. 561,aula-02.html,unused,"Art. 561 trata de «Incumbe ao autor provar…», fora da regra de improcedência liminar (art. 332) e da audiência inicial (art. 334)."
cpc-lei-13105-capture-2026-09-28,Art. 562,aula-02.html,unused,"Art. 562 trata de «Estando a petição inicial devidamente instruída, o juiz deferirá, sem ouvir o réu, a exp…», fora da regra de improcedência liminar (art. 332) e da audiência inicial (art. 334)."
cpc-lei-13105-capture-2026-09-28,Art. 563,aula-02.html,unused,"Art. 563 trata de «Considerada suficiente a justificação, o juiz fará logo expedir mandado de manutenção ou…», fora da regra de improcedência liminar (art. 332) e da audiência inicial (art. 334)."
cpc-lei-13105-capture-2026-09-28,Art. 565,aula-02.html,unused,"Art. 565 trata de «No litígio coletivo pela posse de imóvel, quando o esbulho ou a turbação afirmado na pet…», fora da regra de improcedência liminar (art. 332) e da audiência inicial (art. 334)."
cpc-lei-13105-capture-2026-09-28,Art. 566,aula-02.html,unused,"Art. 566 trata de «Aplica-se, quanto ao mais, o procedimento comum.», fora da regra de improcedência liminar (art. 332) e da audiência inicial (art. 334)."
cpc-lei-13105-capture-2026-09-28,Art. 567,aula-02.html,unused,"Art. 567 trata de «O possuidor direto ou indireto que tenha justo receio de ser molestado na posse poderá r…», fora da regra de improcedência liminar (art. 332) e da audiência inicial (art. 334)."
cpc-lei-13105-capture-2026-09-28,Art. 568,aula-02.html,unused,"Art. 568 trata de «Aplica-se ao interdito proibitório o disposto na Seção II deste Capítulo.», fora da regra de improcedência liminar (art. 332) e da audiência inicial (art. 334)."
cpc-lei-13105-capture-2026-09-28,Art. 569,aula-02.html,unused,"Art. 569 trata de «Cabe…», fora da regra de improcedência liminar (art. 332) e da audiência inicial (art. 334)."
cpc-lei-13105-capture-2026-09-28,Art. 570,aula-02.html,unused,"Art. 570 trata de «É lícita a cumulação dessas ações, caso em que deverá processar-se primeiramente a demar…», fora da regra de improcedência liminar (art. 332) e da audiência inicial (art. 334)."
cpc-lei-13105-capture-2026-09-28,Art. 571,aula-02.html,unused,"Art. 571 trata de «A demarcação e a divisão poderão ser realizadas por escritura pública, desde que maiores…», fora da regra de improcedência liminar (art. 332) e da audiência inicial (art. 334)."
cpc-lei-13105-capture-2026-09-28,Art. 572,aula-02.html,unused,"Art. 572 trata de «Fixados os marcos da linha de demarcação, os confinantes considerar-se-ão terceiros quan…», fora da regra de improcedência liminar (art. 332) e da audiência inicial (art. 334)."
cpc-lei-13105-capture-2026-09-28,Art. 573,aula-02.html,unused,"Art. 573 trata de «Tratando-se de imóvel georreferenciado, com averbação no registro de imóveis, pode o jui…», fora da regra de improcedência liminar (art. 332) e da audiência inicial (art. 334)."
cpc-lei-13105-capture-2026-09-28,Art. 574,aula-02.html,unused,"Art. 574 trata de «Na petição inicial, instruída com os títulos da propriedade, designar-se-á o imóvel pela…», fora da regra de improcedência liminar (art. 332) e da audiência inicial (art. 334)."
cpc-lei-13105-capture-2026-09-28,Art. 575,aula-02.html,unused,"Art. 575 trata de «Qualquer condômino é parte legítima para promover a demarcação do imóvel comum, requeren…», fora da regra de improcedência liminar (art. 332) e da audiência inicial (art. 334)."
cpc-lei-13105-capture-2026-09-28,Art. 576,aula-02.html,unused,"Art. 576 trata de «A citação dos réus será feita por correio, observado o disposto no», fora da regra de improcedência liminar (art. 332) e da audiência inicial (art. 334)."
cpc-lei-13105-capture-2026-09-28,Art. 577,aula-02.html,unused,"Art. 577 trata de «Feitas as citações, terão os réus o prazo comum de 15 (quinze) dias para contestar.», fora da regra de improcedência liminar (art. 332) e da audiência inicial (art. 334)."
cpc-lei-13105-capture-2026-09-28,Art. 578,aula-02.html,unused,"Art. 578 trata de «Após o prazo de resposta do réu, observar-se-á o procedimento comum.», fora da regra de improcedência liminar (art. 332) e da audiência inicial (art. 334)."
cpc-lei-13105-capture-2026-09-28,Art. 579,aula-02.html,unused,"Art. 579 trata de «Antes de proferir a sentença, o juiz nomeará um ou mais peritos para levantar o traçado…», fora da regra de improcedência liminar (art. 332) e da audiência inicial (art. 334)."
cpc-lei-13105-capture-2026-09-28,Art. 580,aula-02.html,unused,"Art. 580 trata de «Concluídos os estudos, os peritos apresentarão minucioso laudo sobre o traçado da linha…», fora da regra de improcedência liminar (art. 332) e da audiência inicial (art. 334)."
cpc-lei-13105-capture-2026-09-28,Art. 581,aula-02.html,unused,"Art. 581 trata de «A sentença que julgar procedente o pedido determinará o traçado da linha demarcanda.», fora da regra de improcedência liminar (art. 332) e da audiência inicial (art. 334)."
cpc-lei-13105-capture-2026-09-28,Art. 582,aula-02.html,unused,"Art. 582 trata de «Transitada em julgado a sentença, o perito efetuará a demarcação e colocará os marcos ne…», fora da regra de improcedência liminar (art. 332) e da audiência inicial (art. 334)."
cpc-lei-13105-capture-2026-09-28,Art. 583,aula-02.html,unused,"Art. 583 trata de «As plantas serão acompanhadas das cadernetas de operações de campo e do memorial descrit…», fora da regra de improcedência liminar (art. 332) e da audiência inicial (art. 334)."
cpc-lei-13105-capture-2026-09-28,Art. 584,aula-02.html,unused,"Art. 584 trata de «É obrigatória a colocação de marcos tanto na estação inicial, dita marco primordial, qua…», fora da regra de improcedência liminar (art. 332) e da audiência inicial (art. 334)."
cpc-lei-13105-capture-2026-09-28,Art. 585,aula-02.html,unused,"Art. 585 trata de «A linha será percorrida pelos peritos, que examinarão os marcos e os rumos, consignando…», fora da regra de improcedência liminar (art. 332) e da audiência inicial (art. 334)."
cpc-lei-13105-capture-2026-09-28,Art. 586,aula-02.html,unused,"Art. 586 trata de «Juntado aos autos o relatório dos peritos, o juiz determinará que as partes se manifeste…», fora da regra de improcedência liminar (art. 332) e da audiência inicial (art. 334)."
cpc-lei-13105-capture-2026-09-28,Art. 587,aula-02.html,unused,"Art. 587 trata de «Assinado o auto pelo juiz e pelos peritos, será proferida a sentença homologatória da de…», fora da regra de improcedência liminar (art. 332) e da audiência inicial (art. 334)."
cpc-lei-13105-capture-2026-09-28,Art. 588,aula-02.html,unused,"Art. 588 trata de «A petição inicial será instruída com os títulos de domínio do promovente e conterá…», fora da regra de improcedência liminar (art. 332) e da audiência inicial (art. 334)."
cpc-lei-13105-capture-2026-09-28,Art. 589,aula-02.html,unused,"Art. 589 trata de «Feitas as citações como preceitua o», fora da regra de improcedência liminar (art. 332) e da audiência inicial (art. 334)."
cpc-lei-13105-capture-2026-09-28,Art. 590,aula-02.html,unused,"Art. 590 trata de «O juiz nomeará um ou mais peritos para promover a medição do imóvel e as operações de di…», fora da regra de improcedência liminar (art. 332) e da audiência inicial (art. 334)."
cpc-lei-13105-capture-2026-09-28,Art. 591,aula-02.html,unused,"Art. 591 trata de «Todos os condôminos serão intimados a apresentar, dentro de 10 (dez) dias, os seus títul…», fora da regra de improcedência liminar (art. 332) e da audiência inicial (art. 334)."
cpc-lei-13105-capture-2026-09-28,Art. 592,aula-02.html,unused,"Art. 592 trata de «O juiz ouvirá as partes no prazo comum de 15 (quinze) dias.», fora da regra de improcedência liminar (art. 332) e da audiência inicial (art. 334)."
cpc-lei-13105-capture-2026-09-28,Art. 593,aula-02.html,unused,"Art. 593 trata de «Se qualquer linha do perímetro atingir benfeitorias permanentes dos confinantes feitas h…», fora da regra de improcedência liminar (art. 332) e da audiência inicial (art. 334)."
cpc-lei-13105-capture-2026-09-28,Art. 594,aula-02.html,unused,"Art. 594 trata de «Os confinantes do imóvel dividendo podem demandar a restituição dos terrenos que lhes te…», fora da regra de improcedência liminar (art. 332) e da audiência inicial (art. 334)."
cpc-lei-13105-capture-2026-09-28,Art. 595,aula-02.html,unused,"Art. 595 trata de «Os peritos proporão, em laudo fundamentado, a forma da divisão, devendo consultar, quant…», fora da regra de improcedência liminar (art. 332) e da audiência inicial (art. 334)."
cpc-lei-13105-capture-2026-09-28,Art. 596,aula-02.html,unused,"Art. 596 trata de «Ouvidas as partes, no prazo comum de 15 (quinze) dias, sobre o cálculo e o plano da divi…», fora da regra de improcedência liminar (art. 332) e da audiência inicial (art. 334)."
cpc-lei-13105-capture-2026-09-28,Art. 597,aula-02.html,unused,"Art. 597 trata de «Terminados os trabalhos e desenhados na planta os quinhões e as servidões aparentes, o p…», fora da regra de improcedência liminar (art. 332) e da audiência inicial (art. 334)."
cpc-lei-13105-capture-2026-09-28,Art. 598,aula-02.html,unused,"Art. 598 trata de «Aplica-se às divisões o disposto nos», fora da regra de improcedência liminar (art. 332) e da audiência inicial (art. 334)."
cpc-lei-13105-capture-2026-09-28,Art. 599,aula-02.html,unused,"Art. 599 trata de «A ação de dissolução parcial de sociedade pode ter por objeto…», fora da regra de improcedência liminar (art. 332) e da audiência inicial (art. 334)."
cpc-lei-13105-capture-2026-09-28,Art. 600,aula-02.html,unused,"Art. 600 trata de «A ação pode ser proposta…», fora da regra de improcedência liminar (art. 332) e da audiência inicial (art. 334)."
cpc-lei-13105-capture-2026-09-28,Art. 601,aula-02.html,unused,"Art. 601 trata de «Os sócios e a sociedade serão citados para, no prazo de 15 (quinze) dias, concordar com…», fora da regra de improcedência liminar (art. 332) e da audiência inicial (art. 334)."
cpc-lei-13105-capture-2026-09-28,Art. 602,aula-02.html,unused,"Art. 602 trata de «A sociedade poderá formular pedido de indenização compensável com o valor dos haveres a…», fora da regra de improcedência liminar (art. 332) e da audiência inicial (art. 334)."
cpc-lei-13105-capture-2026-09-28,Art. 603,aula-02.html,unused,"Art. 603 trata de «Havendo manifestação expressa e unânime pela concordância da dissolução, o juiz a decret…», fora da regra de improcedência liminar (art. 332) e da audiência inicial (art. 334)."
cpc-lei-13105-capture-2026-09-28,Art. 604,aula-02.html,unused,"Art. 604 trata de «Para apuração dos haveres, o juiz…», fora da regra de improcedência liminar (art. 332) e da audiência inicial (art. 334)."
cpc-lei-13105-capture-2026-09-28,Art. 605,aula-02.html,unused,"Art. 605 trata de «A data da resolução da sociedade será…», fora da regra de improcedência liminar (art. 332) e da audiência inicial (art. 334)."
cpc-lei-13105-capture-2026-09-28,Art. 606,aula-02.html,unused,"Art. 606 trata de «Em caso de omissão do contrato social, o juiz definirá, como critério de apuração de hav…», fora da regra de improcedência liminar (art. 332) e da audiência inicial (art. 334)."
cpc-lei-13105-capture-2026-09-28,Art. 607,aula-02.html,unused,"Art. 607 trata de «A data da resolução e o critério de apuração de haveres podem ser revistos pelo juiz, a…», fora da regra de improcedência liminar (art. 332) e da audiência inicial (art. 334)."
cpc-lei-13105-capture-2026-09-28,Art. 608,aula-02.html,unused,"Art. 608 trata de «Até a data da resolução, integram o valor devido ao ex-sócio, ao espólio ou aos sucessor…», fora da regra de improcedência liminar (art. 332) e da audiência inicial (art. 334)."
cpc-lei-13105-capture-2026-09-28,Art. 609,aula-02.html,unused,"Art. 609 trata de «Uma vez apurados, os haveres do sócio retirante serão pagos conforme disciplinar o contr…», fora da regra de improcedência liminar (art. 332) e da audiência inicial (art. 334)."
cpc-lei-13105-capture-2026-09-28,Art. 610,aula-02.html,unused,"Art. 610 trata de «Havendo testamento ou interessado incapaz, proceder-se-á ao inventário judicial.», fora da regra de improcedência liminar (art. 332) e da audiência inicial (art. 334)."
cpc-lei-13105-capture-2026-09-28,Art. 611,aula-02.html,unused,"Art. 611 trata de «O processo de inventário e de partilha deve ser instaurado dentro de 2 (dois) meses, a c…», fora da regra de improcedência liminar (art. 332) e da audiência inicial (art. 334)."
cpc-lei-13105-capture-2026-09-28,Art. 612,aula-02.html,unused,"Art. 612 trata de «O juiz decidirá todas as questões de direito desde que os fatos relevantes estejam prova…», fora da regra de improcedência liminar (art. 332) e da audiência inicial (art. 334)."
cpc-lei-13105-capture-2026-09-28,Art. 613,aula-02.html,unused,"Art. 613 trata de «Até que o inventariante preste o compromisso, continuará o espólio na posse do administr…», fora da regra de improcedência liminar (art. 332) e da audiência inicial (art. 334)."
cpc-lei-13105-capture-2026-09-28,Art. 614,aula-02.html,unused,"Art. 614 trata de «O administrador provisório representa ativa e passivamente o espólio, é obrigado a traze…», fora da regra de improcedência liminar (art. 332) e da audiência inicial (art. 334)."
cpc-lei-13105-capture-2026-09-28,Art. 615,aula-02.html,unused,"Art. 615 trata de «O requerimento de inventário e de partilha incumbe a quem estiver na posse e na administ…», fora da regra de improcedência liminar (art. 332) e da audiência inicial (art. 334)."
cpc-lei-13105-capture-2026-09-28,Art. 616,aula-02.html,unused,"Art. 616 trata de «Têm, contudo, legitimidade concorrente…», fora da regra de improcedência liminar (art. 332) e da audiência inicial (art. 334)."
cpc-lei-13105-capture-2026-09-28,Art. 617,aula-02.html,unused,"Art. 617 trata de «O juiz nomeará inventariante na seguinte ordem…», fora da regra de improcedência liminar (art. 332) e da audiência inicial (art. 334)."
cpc-lei-13105-capture-2026-09-28,Art. 618,aula-02.html,unused,"Art. 618 trata de «Incumbe ao inventariante…», fora da regra de improcedência liminar (art. 332) e da audiência inicial (art. 334)."
cpc-lei-13105-capture-2026-09-28,Art. 619,aula-02.html,unused,"Art. 619 trata de «Incumbe ainda ao inventariante, ouvidos os interessados e com autorização do juiz…», fora da regra de improcedência liminar (art. 332) e da audiência inicial (art. 334)."
cpc-lei-13105-capture-2026-09-28,Art. 620,aula-02.html,unused,"Art. 620 trata de «Dentro de 20 (vinte) dias contados da data em que prestou o compromisso, o inventariante…», fora da regra de improcedência liminar (art. 332) e da audiência inicial (art. 334)."
cpc-lei-13105-capture-2026-09-28,Art. 621,aula-02.html,unused,"Art. 621 trata de «Só se pode arguir sonegação ao inventariante depois de encerrada a descrição dos bens, c…», fora da regra de improcedência liminar (art. 332) e da audiência inicial (art. 334)."
cpc-lei-13105-capture-2026-09-28,Art. 622,aula-02.html,unused,"Art. 622 trata de «O inventariante será removido de ofício ou a requerimento…», fora da regra de improcedência liminar (art. 332) e da audiência inicial (art. 334)."
cpc-lei-13105-capture-2026-09-28,Art. 623,aula-02.html,unused,"Art. 623 trata de «Requerida a remoção com fundamento em qualquer dos incisos do», fora da regra de improcedência liminar (art. 332) e da audiência inicial (art. 334)."
cpc-lei-13105-capture-2026-09-28,Art. 624,aula-02.html,unused,"Art. 624 trata de «Decorrido o prazo, com a defesa do inventariante ou sem ela, o juiz decidirá.», fora da regra de improcedência liminar (art. 332) e da audiência inicial (art. 334)."
cpc-lei-13105-capture-2026-09-28,Art. 625,aula-02.html,unused,"Art. 625 trata de «O inventariante removido entregará imediatamente ao substituto os bens do espólio e, cas…», fora da regra de improcedência liminar (art. 332) e da audiência inicial (art. 334)."
cpc-lei-13105-capture-2026-09-28,Art. 626,aula-02.html,unused,"Art. 626 trata de «Feitas as primeiras declarações, o juiz mandará citar, para os termos do inventário e da…», fora da regra de improcedência liminar (art. 332) e da audiência inicial (art. 334)."
cpc-lei-13105-capture-2026-09-28,Art. 627,aula-02.html,unused,"Art. 627 trata de «Concluídas as citações, abrir-se-á vista às partes, em cartório e pelo prazo comum de 15…», fora da regra de improcedência liminar (art. 332) e da audiência inicial (art. 334)."
cpc-lei-13105-capture-2026-09-28,Art. 628,aula-02.html,unused,"Art. 628 trata de «Aquele que se julgar preterido poderá demandar sua admissão no inventário, requerendo-a…», fora da regra de improcedência liminar (art. 332) e da audiência inicial (art. 334)."
cpc-lei-13105-capture-2026-09-28,Art. 629,aula-02.html,unused,"Art. 629 trata de «A Fazenda Pública, no prazo de 15 (quinze) dias, após a vista de que trata o», fora da regra de improcedência liminar (art. 332) e da audiência inicial (art. 334)."
cpc-lei-13105-capture-2026-09-28,Art. 630,aula-02.html,unused,"Art. 630 trata de «Findo o prazo previsto no», fora da regra de improcedência liminar (art. 332) e da audiência inicial (art. 334)."
cpc-lei-13105-capture-2026-09-28,Art. 632,aula-02.html,unused,"Art. 632 trata de «Não se expedirá carta precatória para a avaliação de bens situados fora da comarca onde…», fora da regra de improcedência liminar (art. 332) e da audiência inicial (art. 334)."
cpc-lei-13105-capture-2026-09-28,Art. 633,aula-02.html,unused,"Art. 633 trata de «Sendo capazes todas as partes, não se procederá à avaliação se a Fazenda Pública, intima…», fora da regra de improcedência liminar (art. 332) e da audiência inicial (art. 334)."
cpc-lei-13105-capture-2026-09-28,Art. 634,aula-02.html,unused,"Art. 634 trata de «Se os herdeiros concordarem com o valor dos bens declarados pela Fazenda Pública, a aval…», fora da regra de improcedência liminar (art. 332) e da audiência inicial (art. 334)."
cpc-lei-13105-capture-2026-09-28,Art. 635,aula-02.html,unused,"Art. 635 trata de «Entregue o laudo de avaliação, o juiz mandará que as partes se manifestem no prazo de 15…», fora da regra de improcedência liminar (art. 332) e da audiência inicial (art. 334)."
cpc-lei-13105-capture-2026-09-28,Art. 636,aula-02.html,unused,"Art. 636 trata de «Aceito o laudo ou resolvidas as impugnações suscitadas a seu respeito, lavrar-se-á em se…», fora da regra de improcedência liminar (art. 332) e da audiência inicial (art. 334)."
cpc-lei-13105-capture-2026-09-28,Art. 637,aula-02.html,unused,"Art. 637 trata de «Ouvidas as partes sobre as últimas declarações no prazo comum de 15 (quinze) dias, proce…», fora da regra de improcedência liminar (art. 332) e da audiência inicial (art. 334)."
cpc-lei-13105-capture-2026-09-28,Art. 638,aula-02.html,unused,"Art. 638 trata de «Feito o cálculo, sobre ele serão ouvidas todas as partes no prazo comum de 5 (cinco) dia…», fora da regra de improcedência liminar (art. 332) e da audiência inicial (art. 334)."
cpc-lei-13105-capture-2026-09-28,Art. 639,aula-02.html,unused,"Art. 639 trata de «No prazo estabelecido no», fora da regra de improcedência liminar (art. 332) e da audiência inicial (art. 334)."
cpc-lei-13105-capture-2026-09-28,Art. 640,aula-02.html,unused,"Art. 640 trata de «O herdeiro que renunciou à herança ou o que dela foi excluído não se exime, pelo fato da…», fora da regra de improcedência liminar (art. 332) e da audiência inicial (art. 334)."
cpc-lei-13105-capture-2026-09-28,Art. 641,aula-02.html,unused,"Art. 641 trata de «Se o herdeiro negar o recebimento dos bens ou a obrigação de os conferir, o juiz, ouvida…», fora da regra de improcedência liminar (art. 332) e da audiência inicial (art. 334)."
cpc-lei-13105-capture-2026-09-28,Art. 642,aula-02.html,unused,"Art. 642 trata de «Antes da partilha, poderão os credores do espólio requerer ao juízo do inventário o paga…», fora da regra de improcedência liminar (art. 332) e da audiência inicial (art. 334)."
cpc-lei-13105-capture-2026-09-28,Art. 643,aula-02.html,unused,"Art. 643 trata de «Não havendo concordância de todas as partes sobre o pedido de pagamento feito pelo credo…», fora da regra de improcedência liminar (art. 332) e da audiência inicial (art. 334)."
cpc-lei-13105-capture-2026-09-28,Art. 644,aula-02.html,unused,"Art. 644 trata de «O credor de dívida líquida e certa, ainda não vencida, pode requerer habilitação no inve…», fora da regra de improcedência liminar (art. 332) e da audiência inicial (art. 334)."
cpc-lei-13105-capture-2026-09-28,Art. 645,aula-02.html,unused,"Art. 645 trata de «O legatário é parte legítima para manifestar-se sobre as dívidas do espólio…», fora da regra de improcedência liminar (art. 332) e da audiência inicial (art. 334)."
cpc-lei-13105-capture-2026-09-28,Art. 646,aula-02.html,unused,"Art. 646 trata de «Sem prejuízo do disposto no», fora da regra de improcedência liminar (art. 332) e da audiência inicial (art. 334)."
cpc-lei-13105-capture-2026-09-28,Art. 647,aula-02.html,unused,"Art. 647 trata de «Cumprido o disposto no», fora da regra de improcedência liminar (art. 332) e da audiência inicial (art. 334)."
cpc-lei-13105-capture-2026-09-28,Art. 648,aula-02.html,unused,"Art. 648 trata de «Na partilha, serão observadas as seguintes regras…», fora da regra de improcedência liminar (art. 332) e da audiência inicial (art. 334)."
cpc-lei-13105-capture-2026-09-28,Art. 649,aula-02.html,unused,"Art. 649 trata de «Os bens insuscetíveis de divisão cômoda que não couberem na parte do cônjuge ou companhe…», fora da regra de improcedência liminar (art. 332) e da audiência inicial (art. 334)."
cpc-lei-13105-capture-2026-09-28,Art. 650,aula-02.html,unused,"Art. 650 trata de «Se um dos interessados for nascituro, o quinhão que lhe caberá será reservado em poder d…», fora da regra de improcedência liminar (art. 332) e da audiência inicial (art. 334)."
cpc-lei-13105-capture-2026-09-28,Art. 651,aula-02.html,unused,"Art. 651 trata de «O partidor organizará o esboço da partilha de acordo com a decisão judicial, observando…», fora da regra de improcedência liminar (art. 332) e da audiência inicial (art. 334)."
cpc-lei-13105-capture-2026-09-28,Art. 652,aula-02.html,unused,"Art. 652 trata de «Feito o esboço, as partes manifestar-se-ão sobre esse no prazo comum de 15 (quinze) dias…», fora da regra de improcedência liminar (art. 332) e da audiência inicial (art. 334)."
cpc-lei-13105-capture-2026-09-28,Art. 653,aula-02.html,unused,"Art. 653 trata de «A partilha constará…», fora da regra de improcedência liminar (art. 332) e da audiência inicial (art. 334)."
cpc-lei-13105-capture-2026-09-28,Art. 654,aula-02.html,unused,"Art. 654 trata de «Pago o imposto de transmissão a título de morte e juntada aos autos certidão ou informaç…», fora da regra de improcedência liminar (art. 332) e da audiência inicial (art. 334)."
cpc-lei-13105-capture-2026-09-28,Art. 655,aula-02.html,unused,"Art. 655 trata de «Transitada em julgado a sentença mencionada no», fora da regra de improcedência liminar (art. 332) e da audiência inicial (art. 334)."
cpc-lei-13105-capture-2026-09-28,Art. 656,aula-02.html,unused,"Art. 656 trata de «A partilha, mesmo depois de transitada em julgado a sentença, pode ser emendada nos mesm…», fora da regra de improcedência liminar (art. 332) e da audiência inicial (art. 334)."
cpc-lei-13105-capture-2026-09-28,Art. 657,aula-02.html,unused,"Art. 657 trata de «A partilha amigável, lavrada em instrumento público, reduzida a termo nos autos do inven…», fora da regra de improcedência liminar (art. 332) e da audiência inicial (art. 334)."
cpc-lei-13105-capture-2026-09-28,Art. 658,aula-02.html,unused,"Art. 658 trata de «É rescindível a partilha julgada por sentença…», fora da regra de improcedência liminar (art. 332) e da audiência inicial (art. 334)."
cpc-lei-13105-capture-2026-09-28,Art. 659,aula-02.html,unused,"Art. 659 trata de «A partilha amigável, celebrada entre partes capazes, nos termos da lei, será homologada…», fora da regra de improcedência liminar (art. 332) e da audiência inicial (art. 334)."
cpc-lei-13105-capture-2026-09-28,Art. 660,aula-02.html,unused,"Art. 660 trata de «Na petição de inventário, que se processará na forma de arrolamento sumário, independent…», fora da regra de improcedência liminar (art. 332) e da audiência inicial (art. 334)."
cpc-lei-13105-capture-2026-09-28,Art. 661,aula-02.html,unused,"Art. 661 trata de «Ressalvada a hipótese prevista no parágrafo único do», fora da regra de improcedência liminar (art. 332) e da audiência inicial (art. 334)."
cpc-lei-13105-capture-2026-09-28,Art. 662,aula-02.html,unused,"Art. 662 trata de «No arrolamento, não serão conhecidas ou apreciadas questões relativas ao lançamento, ao…», fora da regra de improcedência liminar (art. 332) e da audiência inicial (art. 334)."
cpc-lei-13105-capture-2026-09-28,Art. 663,aula-02.html,unused,"Art. 663 trata de «A existência de credores do espólio não impedirá a homologação da partilha ou da adjudic…», fora da regra de improcedência liminar (art. 332) e da audiência inicial (art. 334)."
cpc-lei-13105-capture-2026-09-28,Art. 664,aula-02.html,unused,"Art. 664 trata de «Quando o valor dos bens do espólio for igual ou inferior a 1.000 (mil) salários-mínimos…», fora da regra de improcedência liminar (art. 332) e da audiência inicial (art. 334)."
cpc-lei-13105-capture-2026-09-28,Art. 665,aula-02.html,unused,"Art. 665 trata de «O inventário processar-se-á também na forma do», fora da regra de improcedência liminar (art. 332) e da audiência inicial (art. 334)."
cpc-lei-13105-capture-2026-09-28,Art. 666,aula-02.html,unused,"Art. 666 trata de «Independerá de inventário ou de arrolamento o pagamento dos valores previstos na», fora da regra de improcedência liminar (art. 332) e da audiência inicial (art. 334)."
cpc-lei-13105-capture-2026-09-28,Art. 667,aula-02.html,unused,"Art. 667 trata de «Aplicam-se subsidiariamente a esta Seção as disposições das Seções VII e VIII deste Capí…», fora da regra de improcedência liminar (art. 332) e da audiência inicial (art. 334)."
cpc-lei-13105-capture-2026-09-28,Art. 668,aula-02.html,unused,"Art. 668 trata de «Cessa a eficácia da tutela provisória prevista nas Seções deste Capítulo…», fora da regra de improcedência liminar (art. 332) e da audiência inicial (art. 334)."
cpc-lei-13105-capture-2026-09-28,Art. 669,aula-02.html,unused,"Art. 669 trata de «São sujeitos à sobrepartilha os bens…», fora da regra de improcedência liminar (art. 332) e da audiência inicial (art. 334)."
cpc-lei-13105-capture-2026-09-28,Art. 670,aula-02.html,unused,"Art. 670 trata de «Na sobrepartilha dos bens, observar-se-á o processo de inventário e de partilha.», fora da regra de improcedência liminar (art. 332) e da audiência inicial (art. 334)."
cpc-lei-13105-capture-2026-09-28,Art. 671,aula-02.html,unused,"Art. 671 trata de «O juiz nomeará curador especial…», fora da regra de improcedência liminar (art. 332) e da audiência inicial (art. 334)."
cpc-lei-13105-capture-2026-09-28,Art. 672,aula-02.html,unused,"Art. 672 trata de «É lícita a cumulação de inventários para a partilha de heranças de pessoas diversas quan…», fora da regra de improcedência liminar (art. 332) e da audiência inicial (art. 334)."
cpc-lei-13105-capture-2026-09-28,Art. 673,aula-02.html,unused,"Art. 673 trata de «No caso previsto no», fora da regra de improcedência liminar (art. 332) e da audiência inicial (art. 334)."
cpc-lei-13105-capture-2026-09-28,Art. 674,aula-02.html,unused,"Art. 674 trata de «Quem, não sendo parte no processo, sofrer constrição ou ameaça de constrição sobre bens…», fora da regra de improcedência liminar (art. 332) e da audiência inicial (art. 334)."
cpc-lei-13105-capture-2026-09-28,Art. 675,aula-02.html,unused,"Art. 675 trata de «Os embargos podem ser opostos a qualquer tempo no processo de conhecimento enquanto não…», fora da regra de improcedência liminar (art. 332) e da audiência inicial (art. 334)."
cpc-lei-13105-capture-2026-09-28,Art. 676,aula-02.html,unused,"Art. 676 trata de «Os embargos serão distribuídos por dependência ao juízo que ordenou a constrição e autua…», fora da regra de improcedência liminar (art. 332) e da audiência inicial (art. 334)."
cpc-lei-13105-capture-2026-09-28,Art. 677,aula-02.html,unused,"Art. 677 trata de «Na petição inicial, o embargante fará a prova sumária de sua posse ou de seu domínio e d…», fora da regra de improcedência liminar (art. 332) e da audiência inicial (art. 334)."
cpc-lei-13105-capture-2026-09-28,Art. 678,aula-02.html,unused,"Art. 678 trata de «A decisão que reconhecer suficientemente provado o domínio ou a posse determinará a susp…», fora da regra de improcedência liminar (art. 332) e da audiência inicial (art. 334)."
cpc-lei-13105-capture-2026-09-28,Art. 679,aula-02.html,unused,"Art. 679 trata de «Os embargos poderão ser contestados no prazo de 15 (quinze) dias, findo o qual se seguir…», fora da regra de improcedência liminar (art. 332) e da audiência inicial (art. 334)."
cpc-lei-13105-capture-2026-09-28,Art. 681,aula-02.html,unused,"Art. 681 trata de «Acolhido o pedido inicial, o ato de constrição judicial indevida será cancelado, com o r…», fora da regra de improcedência liminar (art. 332) e da audiência inicial (art. 334)."
cpc-lei-13105-capture-2026-09-28,Art. 682,aula-02.html,unused,"Art. 682 trata de «Quem pretender, no todo ou em parte, a coisa ou o direito sobre que controvertem autor e…», fora da regra de improcedência liminar (art. 332) e da audiência inicial (art. 334)."
cpc-lei-13105-capture-2026-09-28,Art. 683,aula-02.html,unused,"Art. 683 trata de «O opoente deduzirá o pedido em observação aos requisitos exigidos para propositura da aç…», fora da regra de improcedência liminar (art. 332) e da audiência inicial (art. 334)."
cpc-lei-13105-capture-2026-09-28,Art. 684,aula-02.html,unused,"Art. 684 trata de «Se um dos opostos reconhecer a procedência do pedido, contra o outro prosseguirá o opoen…», fora da regra de improcedência liminar (art. 332) e da audiência inicial (art. 334)."
cpc-lei-13105-capture-2026-09-28,Art. 685,aula-02.html,unused,"Art. 685 trata de «Admitido o processamento, a oposição será apensada aos autos e tramitará simultaneamente…», fora da regra de improcedência liminar (art. 332) e da audiência inicial (art. 334)."
cpc-lei-13105-capture-2026-09-28,Art. 686,aula-02.html,unused,"Art. 686 trata de «Cabendo ao juiz decidir simultaneamente a ação originária e a oposição, desta conhecerá…», fora da regra de improcedência liminar (art. 332) e da audiência inicial (art. 334)."
cpc-lei-13105-capture-2026-09-28,Art. 687,aula-02.html,unused,"Art. 687 trata de «A habilitação ocorre quando, por falecimento de qualquer das partes, os interessados hou…», fora da regra de improcedência liminar (art. 332) e da audiência inicial (art. 334)."
cpc-lei-13105-capture-2026-09-28,Art. 688,aula-02.html,unused,"Art. 688 trata de «A habilitação pode ser requerida…», fora da regra de improcedência liminar (art. 332) e da audiência inicial (art. 334)."
cpc-lei-13105-capture-2026-09-28,Art. 689,aula-02.html,unused,"Art. 689 trata de «Proceder-se-á à habilitação nos autos do processo principal, na instância em que estiver…», fora da regra de improcedência liminar (art. 332) e da audiência inicial (art. 334)."
cpc-lei-13105-capture-2026-09-28,Art. 690,aula-02.html,unused,"Art. 690 trata de «Recebida a petição, o juiz ordenará a citação dos requeridos para se pronunciarem no pra…», fora da regra de improcedência liminar (art. 332) e da audiência inicial (art. 334)."
cpc-lei-13105-capture-2026-09-28,Art. 691,aula-02.html,unused,"Art. 691 trata de «O juiz decidirá o pedido de habilitação imediatamente, salvo se este for impugnado e hou…», fora da regra de improcedência liminar (art. 332) e da audiência inicial (art. 334)."
cpc-lei-13105-capture-2026-09-28,Art. 692,aula-02.html,unused,"Art. 692 trata de «Transitada em julgado a sentença de habilitação, o processo principal retomará o seu cur…», fora da regra de improcedência liminar (art. 332) e da audiência inicial (art. 334)."
cpc-lei-13105-capture-2026-09-28,Art. 693,aula-02.html,unused,"Art. 693 trata de «As normas deste Capítulo aplicam-se aos processos contenciosos de divórcio, separação, r…», fora da regra de improcedência liminar (art. 332) e da audiência inicial (art. 334)."
cpc-lei-13105-capture-2026-09-28,Art. 694,aula-02.html,unused,"Art. 694 trata de «Nas ações de família, todos os esforços serão empreendidos para a solução consensual da…», fora da regra de improcedência liminar (art. 332) e da audiência inicial (art. 334)."
cpc-lei-13105-capture-2026-09-28,Art. 695,aula-02.html,unused,"Art. 695 trata de «Recebida a petição inicial e, se for o caso, tomadas as providências referentes à tutela…», fora da regra de improcedência liminar (art. 332) e da audiência inicial (art. 334)."
cpc-lei-13105-capture-2026-09-28,Art. 696,aula-02.html,unused,"Art. 696 trata de «A audiência de mediação e conciliação poderá dividir-se em tantas sessões quantas sejam…», fora da regra de improcedência liminar (art. 332) e da audiência inicial (art. 334)."
cpc-lei-13105-capture-2026-09-28,Art. 697,aula-02.html,unused,"Art. 697 trata de «Não realizado o acordo, passarão a incidir, a partir de então, as normas do procedimento…», fora da regra de improcedência liminar (art. 332) e da audiência inicial (art. 334)."
cpc-lei-13105-capture-2026-09-28,Art. 698,aula-02.html,unused,"Art. 698 trata de «Nas ações de família, o Ministério Público somente intervirá quando houver interesse de…», fora da regra de improcedência liminar (art. 332) e da audiência inicial (art. 334)."
cpc-lei-13105-capture-2026-09-28,Art. 699,aula-02.html,unused,"Art. 699 trata de «Quando o processo envolver discussão sobre fato relacionado a abuso ou a alienação paren…», fora da regra de improcedência liminar (art. 332) e da audiência inicial (art. 334)."
cpc-lei-13105-capture-2026-09-28,Art. 700,aula-02.html,unused,"Art. 700 trata de «A ação monitória pode ser proposta por aquele que afirmar, com base em prova escrita sem…», fora da regra de improcedência liminar (art. 332) e da audiência inicial (art. 334)."
cpc-lei-13105-capture-2026-09-28,Art. 701,aula-02.html,unused,"Art. 701 trata de «Sendo evidente o direito do autor, o juiz deferirá a expedição de mandado de pagamento…», fora da regra de improcedência liminar (art. 332) e da audiência inicial (art. 334)."
cpc-lei-13105-capture-2026-09-28,Art. 702,aula-02.html,unused,"Art. 702 trata de «Independentemente de prévia segurança do juízo, o réu poderá opor, nos próprios autos, n…», fora da regra de improcedência liminar (art. 332) e da audiência inicial (art. 334)."
cpc-lei-13105-capture-2026-09-28,Art. 703,aula-02.html,unused,"Art. 703 trata de «Tomado o penhor legal nos casos previstos em lei, requererá o credor, ato contínuo, a ho…», fora da regra de improcedência liminar (art. 332) e da audiência inicial (art. 334)."
cpc-lei-13105-capture-2026-09-28,Art. 704,aula-02.html,unused,"Art. 704 trata de «A defesa só pode consistir em…», fora da regra de improcedência liminar (art. 332) e da audiência inicial (art. 334)."
cpc-lei-13105-capture-2026-09-28,Art. 705,aula-02.html,unused,"Art. 705 trata de «A partir da audiência preliminar, observar-se-á o procedimento comum.», fora da regra de improcedência liminar (art. 332) e da audiência inicial (art. 334)."
cpc-lei-13105-capture-2026-09-28,Art. 706,aula-02.html,unused,"Art. 706 trata de «Homologado judicialmente o penhor legal, consolidar-se-á a posse do autor sobre o objeto…», fora da regra de improcedência liminar (art. 332) e da audiência inicial (art. 334)."
cpc-lei-13105-capture-2026-09-28,Art. 707,aula-02.html,unused,"Art. 707 trata de «Quando inexistir consenso acerca da nomeação de um regulador de avarias, o juiz de direi…», fora da regra de improcedência liminar (art. 332) e da audiência inicial (art. 334)."
cpc-lei-13105-capture-2026-09-28,Art. 708,aula-02.html,unused,"Art. 708 trata de «O regulador declarará justificadamente se os danos são passíveis de rateio na forma de a…», fora da regra de improcedência liminar (art. 332) e da audiência inicial (art. 334)."
cpc-lei-13105-capture-2026-09-28,Art. 709,aula-02.html,unused,"Art. 709 trata de «As partes deverão apresentar nos autos os documentos necessários à regulação da avaria g…», fora da regra de improcedência liminar (art. 332) e da audiência inicial (art. 334)."
cpc-lei-13105-capture-2026-09-28,Art. 710,aula-02.html,unused,"Art. 710 trata de «O regulador apresentará o regulamento da avaria grossa no prazo de até 12 (doze) meses…», fora da regra de improcedência liminar (art. 332) e da audiência inicial (art. 334)."
cpc-lei-13105-capture-2026-09-28,Art. 711,aula-02.html,unused,"Art. 711 trata de «Aplicam-se ao regulador de avarias os», fora da regra de improcedência liminar (art. 332) e da audiência inicial (art. 334)."
cpc-lei-13105-capture-2026-09-28,Art. 712,aula-02.html,unused,"Art. 712 trata de «Verificado o desaparecimento dos autos, eletrônicos ou não, pode o juiz, de ofício, qual…», fora da regra de improcedência liminar (art. 332) e da audiência inicial (art. 334)."
cpc-lei-13105-capture-2026-09-28,Art. 713,aula-02.html,unused,"Art. 713 trata de «Na petição inicial, declarará a parte o estado do processo ao tempo do desaparecimento d…», fora da regra de improcedência liminar (art. 332) e da audiência inicial (art. 334)."
cpc-lei-13105-capture-2026-09-28,Art. 714,aula-02.html,unused,"Art. 714 trata de «A parte contrária será citada para contestar o pedido no prazo de 5 (cinco) dias, cabend…», fora da regra de improcedência liminar (art. 332) e da audiência inicial (art. 334)."
cpc-lei-13105-capture-2026-09-28,Art. 715,aula-02.html,unused,"Art. 715 trata de «Se a perda dos autos tiver ocorrido depois da produção das provas em audiência, o juiz…», fora da regra de improcedência liminar (art. 332) e da audiência inicial (art. 334)."
cpc-lei-13105-capture-2026-09-28,Art. 716,aula-02.html,unused,"Art. 716 trata de «Julgada a restauração, seguirá o processo os seus termos.», fora da regra de improcedência liminar (art. 332) e da audiência inicial (art. 334)."
cpc-lei-13105-capture-2026-09-28,Art. 717,aula-02.html,unused,"Art. 717 trata de «Se o desaparecimento dos autos tiver ocorrido no tribunal, o processo de restauração ser…», fora da regra de improcedência liminar (art. 332) e da audiência inicial (art. 334)."
cpc-lei-13105-capture-2026-09-28,Art. 718,aula-02.html,unused,"Art. 718 trata de «Quem houver dado causa ao desaparecimento dos autos responderá pelas custas da restauraç…», fora da regra de improcedência liminar (art. 332) e da audiência inicial (art. 334)."
cpc-lei-13105-capture-2026-09-28,Art. 719,aula-02.html,unused,"Art. 719 trata de «Quando este Código não estabelecer procedimento especial, regem os procedimentos de juri…», fora da regra de improcedência liminar (art. 332) e da audiência inicial (art. 334)."
cpc-lei-13105-capture-2026-09-28,Art. 720,aula-02.html,unused,"Art. 720 trata de «O procedimento terá início por provocação do interessado, do Ministério Público ou da De…», fora da regra de improcedência liminar (art. 332) e da audiência inicial (art. 334)."
cpc-lei-13105-capture-2026-09-28,Art. 721,aula-02.html,unused,"Art. 721 trata de «Serão citados todos os interessados, bem como intimado o Ministério Público, nos casos d…», fora da regra de improcedência liminar (art. 332) e da audiência inicial (art. 334)."
cpc-lei-13105-capture-2026-09-28,Art. 722,aula-02.html,unused,"Art. 722 trata de «A Fazenda Pública será sempre ouvida nos casos em que tiver interesse.», fora da regra de improcedência liminar (art. 332) e da audiência inicial (art. 334)."
cpc-lei-13105-capture-2026-09-28,Art. 723,aula-02.html,unused,"Art. 723 trata de «O juiz decidirá o pedido no prazo de 10 (dez) dias.», fora da regra de improcedência liminar (art. 332) e da audiência inicial (art. 334)."
cpc-lei-13105-capture-2026-09-28,Art. 724,aula-02.html,unused,"Art. 724 trata de «Da sentença caberá apelação.», fora da regra de improcedência liminar (art. 332) e da audiência inicial (art. 334)."
cpc-lei-13105-capture-2026-09-28,Art. 725,aula-02.html,unused,"Art. 725 trata de «Processar-se-á na forma estabelecida nesta Seção o pedido de…», fora da regra de improcedência liminar (art. 332) e da audiência inicial (art. 334)."
cpc-lei-13105-capture-2026-09-28,Art. 726,aula-02.html,unused,"Art. 726 trata de «Quem tiver interesse em manifestar formalmente sua vontade a outrem sobre assunto juridi…», fora da regra de improcedência liminar (art. 332) e da audiência inicial (art. 334)."
cpc-lei-13105-capture-2026-09-28,Art. 727,aula-02.html,unused,"Art. 727 trata de «Também poderá o interessado interpelar o requerido, no caso do», fora da regra de improcedência liminar (art. 332) e da audiência inicial (art. 334)."
cpc-lei-13105-capture-2026-09-28,Art. 728,aula-02.html,unused,"Art. 728 trata de «O requerido será previamente ouvido antes do deferimento da notificação ou do respectivo…», fora da regra de improcedência liminar (art. 332) e da audiência inicial (art. 334)."
cpc-lei-13105-capture-2026-09-28,Art. 729,aula-02.html,unused,"Art. 729 trata de «Deferida e realizada a notificação ou interpelação, os autos serão entregues ao requeren…», fora da regra de improcedência liminar (art. 332) e da audiência inicial (art. 334)."
cpc-lei-13105-capture-2026-09-28,Art. 730,aula-02.html,unused,"Art. 730 trata de «Nos casos expressos em lei, não havendo acordo entre os interessados sobre o modo como s…», fora da regra de improcedência liminar (art. 332) e da audiência inicial (art. 334)."
cpc-lei-13105-capture-2026-09-28,Art. 731,aula-02.html,unused,"Art. 731 trata de «A homologação do divórcio ou da separação consensuais, observados os requisitos legais…», fora da regra de improcedência liminar (art. 332) e da audiência inicial (art. 334)."
cpc-lei-13105-capture-2026-09-28,Art. 732,aula-02.html,unused,"Art. 732 trata de «As disposições relativas ao processo de homologação judicial de divórcio ou de separação…», fora da regra de improcedência liminar (art. 332) e da audiência inicial (art. 334)."
cpc-lei-13105-capture-2026-09-28,Art. 733,aula-02.html,unused,"Art. 733 trata de «O divórcio consensual, a separação consensual e a extinção consensual de união estável…», fora da regra de improcedência liminar (art. 332) e da audiência inicial (art. 334)."
cpc-lei-13105-capture-2026-09-28,Art. 734,aula-02.html,unused,"Art. 734 trata de «A alteração do regime de bens do casamento, observados os requisitos legais, poderá ser…», fora da regra de improcedência liminar (art. 332) e da audiência inicial (art. 334)."
cpc-lei-13105-capture-2026-09-28,Art. 735,aula-02.html,unused,"Art. 735 trata de «Recebendo testamento cerrado, o juiz, se não achar vício externo que o torne suspeito de…», fora da regra de improcedência liminar (art. 332) e da audiência inicial (art. 334)."
cpc-lei-13105-capture-2026-09-28,Art. 736,aula-02.html,unused,"Art. 736 trata de «Qualquer interessado, exibindo o traslado ou a certidão de testamento público, poderá re…», fora da regra de improcedência liminar (art. 332) e da audiência inicial (art. 334)."
cpc-lei-13105-capture-2026-09-28,Art. 737,aula-02.html,unused,"Art. 737 trata de «A publicação do testamento particular poderá ser requerida, depois da morte do testador…», fora da regra de improcedência liminar (art. 332) e da audiência inicial (art. 334)."
cpc-lei-13105-capture-2026-09-28,Art. 738,aula-02.html,unused,"Art. 738 trata de «Nos casos em que a lei considere jacente a herança, o juiz em cuja comarca tiver domicíl…», fora da regra de improcedência liminar (art. 332) e da audiência inicial (art. 334)."
cpc-lei-13105-capture-2026-09-28,Art. 739,aula-02.html,unused,"Art. 739 trata de «A herança jacente ficará sob a guarda, a conservação e a administração de um curador até…», fora da regra de improcedência liminar (art. 332) e da audiência inicial (art. 334)."
cpc-lei-13105-capture-2026-09-28,Art. 740,aula-02.html,unused,"Art. 740 trata de «O juiz ordenará que o oficial de justiça, acompanhado do escrivão ou do chefe de secreta…», fora da regra de improcedência liminar (art. 332) e da audiência inicial (art. 334)."
cpc-lei-13105-capture-2026-09-28,Art. 741,aula-02.html,unused,"Art. 741 trata de «Ultimada a arrecadação, o juiz mandará expedir edital, que será publicado na rede mundia…», fora da regra de improcedência liminar (art. 332) e da audiência inicial (art. 334)."
cpc-lei-13105-capture-2026-09-28,Art. 742,aula-02.html,unused,"Art. 742 trata de «O juiz poderá autorizar a alienação…», fora da regra de improcedência liminar (art. 332) e da audiência inicial (art. 334)."
cpc-lei-13105-capture-2026-09-28,Art. 743,aula-02.html,unused,"Art. 743 trata de «Passado 1 (um) ano da primeira publicação do edital e não havendo herdeiro habilitado ne…», fora da regra de improcedência liminar (art. 332) e da audiência inicial (art. 334)."
cpc-lei-13105-capture-2026-09-28,Art. 744,aula-02.html,unused,"Art. 744 trata de «Declarada a ausência nos casos previstos em lei, o juiz mandará arrecadar os bens do aus…», fora da regra de improcedência liminar (art. 332) e da audiência inicial (art. 334)."
cpc-lei-13105-capture-2026-09-28,Art. 745,aula-02.html,unused,"Art. 745 trata de «Feita a arrecadação, o juiz mandará publicar editais na rede mundial de computadores, no…», fora da regra de improcedência liminar (art. 332) e da audiência inicial (art. 334)."
cpc-lei-13105-capture-2026-09-28,Art. 746,aula-02.html,unused,"Art. 746 trata de «Recebendo do descobridor coisa alheia perdida, o juiz mandará lavrar o respectivo auto…», fora da regra de improcedência liminar (art. 332) e da audiência inicial (art. 334)."
cpc-lei-13105-capture-2026-09-28,Art. 747,aula-02.html,unused,"Art. 747 trata de «A interdição pode ser promovida…», fora da regra de improcedência liminar (art. 332) e da audiência inicial (art. 334)."
cpc-lei-13105-capture-2026-09-28,Art. 748,aula-02.html,unused,"Art. 748 trata de «O Ministério Público só promoverá interdição em caso de doença mental grave…», fora da regra de improcedência liminar (art. 332) e da audiência inicial (art. 334)."
cpc-lei-13105-capture-2026-09-28,Art. 749,aula-02.html,unused,"Art. 749 trata de «Incumbe ao autor, na petição inicial, especificar os fatos que demonstram a incapacidade…», fora da regra de improcedência liminar (art. 332) e da audiência inicial (art. 334)."
cpc-lei-13105-capture-2026-09-28,Art. 750,aula-02.html,unused,"Art. 750 trata de «O requerente deverá juntar laudo médico para fazer prova de suas alegações ou informar a…», fora da regra de improcedência liminar (art. 332) e da audiência inicial (art. 334)."
cpc-lei-13105-capture-2026-09-28,Art. 751,aula-02.html,unused,"Art. 751 trata de «O interditando será citado para, em dia designado, comparecer perante o juiz, que o entr…», fora da regra de improcedência liminar (art. 332) e da audiência inicial (art. 334)."
cpc-lei-13105-capture-2026-09-28,Art. 752,aula-02.html,unused,"Art. 752 trata de «Dentro do prazo de 15 (quinze) dias contado da entrevista, o interditando poderá impugna…», fora da regra de improcedência liminar (art. 332) e da audiência inicial (art. 334)."
cpc-lei-13105-capture-2026-09-28,Art. 753,aula-02.html,unused,"Art. 753 trata de «Decorrido o prazo previsto no», fora da regra de improcedência liminar (art. 332) e da audiência inicial (art. 334)."
cpc-lei-13105-capture-2026-09-28,Art. 754,aula-02.html,unused,"Art. 754 trata de «Apresentado o laudo, produzidas as demais provas e ouvidos os interessados, o juiz profe…», fora da regra de improcedência liminar (art. 332) e da audiência inicial (art. 334)."
cpc-lei-13105-capture-2026-09-28,Art. 755,aula-02.html,unused,"Art. 755 trata de «Na sentença que decretar a interdição, o juiz…», fora da regra de improcedência liminar (art. 332) e da audiência inicial (art. 334)."
cpc-lei-13105-capture-2026-09-28,Art. 756,aula-02.html,unused,"Art. 756 trata de «Levantar-se-á a curatela quando cessar a causa que a determinou.», fora da regra de improcedência liminar (art. 332) e da audiência inicial (art. 334)."
cpc-lei-13105-capture-2026-09-28,Art. 757,aula-02.html,unused,"Art. 757 trata de «A autoridade do curador estende-se à pessoa e aos bens do incapaz que se encontrar sob a…», fora da regra de improcedência liminar (art. 332) e da audiência inicial (art. 334)."
cpc-lei-13105-capture-2026-09-28,Art. 758,aula-02.html,unused,"Art. 758 trata de «O curador deverá buscar tratamento e apoio apropriados à conquista da autonomia pelo int…», fora da regra de improcedência liminar (art. 332) e da audiência inicial (art. 334)."
cpc-lei-13105-capture-2026-09-28,Art. 759,aula-02.html,unused,"Art. 759 trata de «O tutor ou o curador será intimado a prestar compromisso no prazo de 5 (cinco) dias cont…», fora da regra de improcedência liminar (art. 332) e da audiência inicial (art. 334)."
cpc-lei-13105-capture-2026-09-28,Art. 760,aula-02.html,unused,"Art. 760 trata de «O tutor ou o curador poderá eximir-se do encargo apresentando escusa ao juiz no prazo de…», fora da regra de improcedência liminar (art. 332) e da audiência inicial (art. 334)."
cpc-lei-13105-capture-2026-09-28,Art. 761,aula-02.html,unused,"Art. 761 trata de «Incumbe ao Ministério Público ou a quem tenha legítimo interesse requerer, nos casos pre…», fora da regra de improcedência liminar (art. 332) e da audiência inicial (art. 334)."
cpc-lei-13105-capture-2026-09-28,Art. 762,aula-02.html,unused,"Art. 762 trata de «Em caso de extrema gravidade, o juiz poderá suspender o tutor ou o curador do exercício…», fora da regra de improcedência liminar (art. 332) e da audiência inicial (art. 334)."
cpc-lei-13105-capture-2026-09-28,Art. 763,aula-02.html,unused,"Art. 763 trata de «Cessando as funções do tutor ou do curador pelo decurso do prazo em que era obrigado a s…», fora da regra de improcedência liminar (art. 332) e da audiência inicial (art. 334)."
cpc-lei-13105-capture-2026-09-28,Art. 764,aula-02.html,unused,"Art. 764 trata de «O juiz decidirá sobre a aprovação do estatuto das fundações e de suas alterações sempre…», fora da regra de improcedência liminar (art. 332) e da audiência inicial (art. 334)."
cpc-lei-13105-capture-2026-09-28,Art. 765,aula-02.html,unused,"Art. 765 trata de «Qualquer interessado ou o Ministério Público promoverá em juízo a extinção da fundação q…», fora da regra de improcedência liminar (art. 332) e da audiência inicial (art. 334)."
cpc-lei-13105-capture-2026-09-28,Art. 766,aula-02.html,unused,"Art. 766 trata de «Todos os protestos e os processos testemunháveis formados a bordo e lançados no livro Di…», fora da regra de improcedência liminar (art. 332) e da audiência inicial (art. 334)."
cpc-lei-13105-capture-2026-09-28,Art. 767,aula-02.html,unused,"Art. 767 trata de «A petição inicial conterá a transcrição dos termos lançados no livro Diário da Navegação…», fora da regra de improcedência liminar (art. 332) e da audiência inicial (art. 334)."
cpc-lei-13105-capture-2026-09-28,Art. 768,aula-02.html,unused,"Art. 768 trata de «A petição inicial deverá ser distribuída com urgência e encaminhada ao juiz, que ouvirá…», fora da regra de improcedência liminar (art. 332) e da audiência inicial (art. 334)."
cpc-lei-13105-capture-2026-09-28,Art. 769,aula-02.html,unused,"Art. 769 trata de «Aberta a audiência, o juiz mandará apregoar os consignatários das cargas indicados na pe…», fora da regra de improcedência liminar (art. 332) e da audiência inicial (art. 334)."
cpc-lei-13105-capture-2026-09-28,Art. 770,aula-02.html,unused,"Art. 770 trata de «Inquiridos o comandante e as testemunhas, o juiz, convencido da veracidade dos termos la…», fora da regra de improcedência liminar (art. 332) e da audiência inicial (art. 334)."
cpc-lei-13105-capture-2026-09-28,Art. 771,aula-02.html,unused,"Art. 771 trata de «Este Livro regula o procedimento da execução fundada em título extrajudicial, e suas dis…», fora da regra de improcedência liminar (art. 332) e da audiência inicial (art. 334)."
cpc-lei-13105-capture-2026-09-28,Art. 772,aula-02.html,unused,"Art. 772 trata de «O juiz pode, em qualquer momento do processo…», fora da regra de improcedência liminar (art. 332) e da audiência inicial (art. 334)."
cpc-lei-13105-capture-2026-09-28,Art. 773,aula-02.html,unused,"Art. 773 trata de «O juiz poderá, de ofício ou a requerimento, determinar as medidas necessárias ao cumprim…», fora da regra de improcedência liminar (art. 332) e da audiência inicial (art. 334)."
cpc-lei-13105-capture-2026-09-28,Art. 774,aula-02.html,unused,"Art. 774 trata de «Considera-se atentatória à dignidade da justiça a conduta comissiva ou omissiva do execu…», fora da regra de improcedência liminar (art. 332) e da audiência inicial (art. 334)."
cpc-lei-13105-capture-2026-09-28,Art. 775,aula-02.html,unused,"Art. 775 trata de «O exequente tem o direito de desistir de toda a execução ou de apenas alguma medida exec…», fora da regra de improcedência liminar (art. 332) e da audiência inicial (art. 334)."
cpc-lei-13105-capture-2026-09-28,Art. 776,aula-02.html,unused,"Art. 776 trata de «O exequente ressarcirá ao executado os danos que este sofreu, quando a sentença, transit…», fora da regra de improcedência liminar (art. 332) e da audiência inicial (art. 334)."
cpc-lei-13105-capture-2026-09-28,Art. 777,aula-02.html,unused,"Art. 777 trata de «A cobrança de multas ou de indenizações decorrentes de litigância de má-fé ou de prática…», fora da regra de improcedência liminar (art. 332) e da audiência inicial (art. 334)."
cpc-lei-13105-capture-2026-09-28,Art. 778,aula-02.html,unused,"Art. 778 trata de «Pode promover a execução forçada o credor a quem a lei confere título executivo.», fora da regra de improcedência liminar (art. 332) e da audiência inicial (art. 334)."
cpc-lei-13105-capture-2026-09-28,Art. 779,aula-02.html,unused,"Art. 779 trata de «A execução pode ser promovida contra…», fora da regra de improcedência liminar (art. 332) e da audiência inicial (art. 334)."
cpc-lei-13105-capture-2026-09-28,Art. 780,aula-02.html,unused,"Art. 780 trata de «O exequente pode cumular várias execuções, ainda que fundadas em títulos diferentes, qua…», fora da regra de improcedência liminar (art. 332) e da audiência inicial (art. 334)."
cpc-lei-13105-capture-2026-09-28,Art. 781,aula-02.html,unused,"Art. 781 trata de «A execução fundada em título extrajudicial será processada perante o juízo competente, o…», fora da regra de improcedência liminar (art. 332) e da audiência inicial (art. 334)."
cpc-lei-13105-capture-2026-09-28,Art. 782,aula-02.html,unused,"Art. 782 trata de «Não dispondo a lei de modo diverso, o juiz determinará os atos executivos, e o oficial d…», fora da regra de improcedência liminar (art. 332) e da audiência inicial (art. 334)."
cpc-lei-13105-capture-2026-09-28,Art. 783,aula-02.html,unused,"Art. 783 trata de «A execução para cobrança de crédito fundar-se-á sempre em título de obrigação certa, líq…», fora da regra de improcedência liminar (art. 332) e da audiência inicial (art. 334)."
cpc-lei-13105-capture-2026-09-28,Art. 784,aula-02.html,unused,"Art. 784 trata de «São títulos executivos extrajudiciais…», fora da regra de improcedência liminar (art. 332) e da audiência inicial (art. 334)."
cpc-lei-13105-capture-2026-09-28,Art. 785,aula-02.html,unused,"Art. 785 trata de «A existência de título executivo extrajudicial não impede a parte de optar pelo processo…», fora da regra de improcedência liminar (art. 332) e da audiência inicial (art. 334)."
cpc-lei-13105-capture-2026-09-28,Art. 787,aula-02.html,unused,"Art. 787 trata de «Se o devedor não for obrigado a satisfazer sua prestação senão mediante a contraprestaçã…», fora da regra de improcedência liminar (art. 332) e da audiência inicial (art. 334)."
cpc-lei-13105-capture-2026-09-28,Art. 788,aula-02.html,unused,"Art. 788 trata de «O credor não poderá iniciar a execução ou nela prosseguir se o devedor cumprir a obrigaç…», fora da regra de improcedência liminar (art. 332) e da audiência inicial (art. 334)."
cpc-lei-13105-capture-2026-09-28,Art. 789,aula-02.html,unused,"Art. 789 trata de «O devedor responde com todos os seus bens presentes e futuros para o cumprimento de suas…», fora da regra de improcedência liminar (art. 332) e da audiência inicial (art. 334)."
cpc-lei-13105-capture-2026-09-28,Art. 790,aula-02.html,unused,"Art. 790 trata de «São sujeitos à execução os bens…», fora da regra de improcedência liminar (art. 332) e da audiência inicial (art. 334)."
cpc-lei-13105-capture-2026-09-28,Art. 791,aula-02.html,unused,"Art. 791 trata de «Se a execução tiver por objeto obrigação de que seja sujeito passivo o proprietário de t…», fora da regra de improcedência liminar (art. 332) e da audiência inicial (art. 334)."
cpc-lei-13105-capture-2026-09-28,Art. 792,aula-02.html,unused,"Art. 792 trata de «A alienação ou a oneração de bem é considerada fraude à execução…», fora da regra de improcedência liminar (art. 332) e da audiência inicial (art. 334)."
cpc-lei-13105-capture-2026-09-28,Art. 793,aula-02.html,unused,"Art. 793 trata de «O exequente que estiver, por direito de retenção, na posse de coisa pertencente ao deved…», fora da regra de improcedência liminar (art. 332) e da audiência inicial (art. 334)."
cpc-lei-13105-capture-2026-09-28,Art. 794,aula-02.html,unused,"Art. 794 trata de «O fiador, quando executado, tem o direito de exigir que primeiro sejam executados os ben…», fora da regra de improcedência liminar (art. 332) e da audiência inicial (art. 334)."
cpc-lei-13105-capture-2026-09-28,Art. 795,aula-02.html,unused,"Art. 795 trata de «Os bens particulares dos sócios não respondem pelas dívidas da sociedade, senão nos caso…», fora da regra de improcedência liminar (art. 332) e da audiência inicial (art. 334)."
cpc-lei-13105-capture-2026-09-28,Art. 796,aula-02.html,unused,"Art. 796 trata de «O espólio responde pelas dívidas do falecido, mas, feita a partilha, cada herdeiro respo…», fora da regra de improcedência liminar (art. 332) e da audiência inicial (art. 334)."
cpc-lei-13105-capture-2026-09-28,Art. 797,aula-02.html,unused,"Art. 797 trata de «Ressalvado o caso de insolvência do devedor, em que tem lugar o concurso universal, real…», fora da regra de improcedência liminar (art. 332) e da audiência inicial (art. 334)."
cpc-lei-13105-capture-2026-09-28,Art. 798,aula-02.html,unused,"Art. 798 trata de «Ao propor a execução, incumbe ao exequente…», fora da regra de improcedência liminar (art. 332) e da audiência inicial (art. 334)."
cpc-lei-13105-capture-2026-09-28,Art. 799,aula-02.html,unused,"Art. 799 trata de «Incumbe ainda ao exequente…», fora da regra de improcedência liminar (art. 332) e da audiência inicial (art. 334)."
cpc-lei-13105-capture-2026-09-28,Art. 800,aula-02.html,unused,"Art. 800 trata de «Nas obrigações alternativas, quando a escolha couber ao devedor, esse será citado para e…», fora da regra de improcedência liminar (art. 332) e da audiência inicial (art. 334)."
cpc-lei-13105-capture-2026-09-28,Art. 801,aula-02.html,unused,"Art. 801 trata de «Verificando que a petição inicial está incompleta ou que não está acompanhada dos docume…», fora da regra de improcedência liminar (art. 332) e da audiência inicial (art. 334)."
cpc-lei-13105-capture-2026-09-28,Art. 802,aula-02.html,unused,"Art. 802 trata de «Na execução, o despacho que ordena a citação, desde que realizada em observância ao disp…», fora da regra de improcedência liminar (art. 332) e da audiência inicial (art. 334)."
cpc-lei-13105-capture-2026-09-28,Art. 803,aula-02.html,unused,"Art. 803 trata de «É nula a execução se…», fora da regra de improcedência liminar (art. 332) e da audiência inicial (art. 334)."
cpc-lei-13105-capture-2026-09-28,Art. 804,aula-02.html,unused,"Art. 804 trata de «A alienação de bem gravado por penhor, hipoteca ou anticrese será ineficaz em relação ao…», fora da regra de improcedência liminar (art. 332) e da audiência inicial (art. 334)."
cpc-lei-13105-capture-2026-09-28,Art. 805,aula-02.html,unused,"Art. 805 trata de «Quando por vários meios o exequente puder promover a execução, o juiz mandará que se faç…», fora da regra de improcedência liminar (art. 332) e da audiência inicial (art. 334)."
cpc-lei-13105-capture-2026-09-28,Art. 806,aula-02.html,unused,"Art. 806 trata de «O devedor de obrigação de entrega de coisa certa, constante de título executivo extrajud…», fora da regra de improcedência liminar (art. 332) e da audiência inicial (art. 334)."
cpc-lei-13105-capture-2026-09-28,Art. 807,aula-02.html,unused,"Art. 807 trata de «Se o executado entregar a coisa, será lavrado o termo respectivo e considerada satisfeit…», fora da regra de improcedência liminar (art. 332) e da audiência inicial (art. 334)."
cpc-lei-13105-capture-2026-09-28,Art. 808,aula-02.html,unused,"Art. 808 trata de «Alienada a coisa quando já litigiosa, será expedido mandado contra o terceiro adquirente…», fora da regra de improcedência liminar (art. 332) e da audiência inicial (art. 334)."
cpc-lei-13105-capture-2026-09-28,Art. 809,aula-02.html,unused,"Art. 809 trata de «O exequente tem direito a receber, além de perdas e danos, o valor da coisa, quando essa…», fora da regra de improcedência liminar (art. 332) e da audiência inicial (art. 334)."
cpc-lei-13105-capture-2026-09-28,Art. 810,aula-02.html,unused,"Art. 810 trata de «Havendo benfeitorias indenizáveis feitas na coisa pelo executado ou por terceiros de cuj…», fora da regra de improcedência liminar (art. 332) e da audiência inicial (art. 334)."
cpc-lei-13105-capture-2026-09-28,Art. 811,aula-02.html,unused,"Art. 811 trata de «Quando a execução recair sobre coisa determinada pelo gênero e pela quantidade, o execut…», fora da regra de improcedência liminar (art. 332) e da audiência inicial (art. 334)."
cpc-lei-13105-capture-2026-09-28,Art. 812,aula-02.html,unused,"Art. 812 trata de «Qualquer das partes poderá, no prazo de 15 (quinze) dias, impugnar a escolha feita pela…», fora da regra de improcedência liminar (art. 332) e da audiência inicial (art. 334)."
cpc-lei-13105-capture-2026-09-28,Art. 813,aula-02.html,unused,"Art. 813 trata de «Aplicar-se-ão à execução para entrega de coisa incerta, no que couber, as disposições da…», fora da regra de improcedência liminar (art. 332) e da audiência inicial (art. 334)."
cpc-lei-13105-capture-2026-09-28,Art. 814,aula-02.html,unused,"Art. 814 trata de «Na execução de obrigação de fazer ou de não fazer fundada em título extrajudicial, ao de…», fora da regra de improcedência liminar (art. 332) e da audiência inicial (art. 334)."
cpc-lei-13105-capture-2026-09-28,Art. 815,aula-02.html,unused,"Art. 815 trata de «Quando o objeto da execução for obrigação de fazer, o executado será citado para satisfa…», fora da regra de improcedência liminar (art. 332) e da audiência inicial (art. 334)."
cpc-lei-13105-capture-2026-09-28,Art. 816,aula-02.html,unused,"Art. 816 trata de «Se o executado não satisfizer a obrigação no prazo designado, é lícito ao exequente, nos…», fora da regra de improcedência liminar (art. 332) e da audiência inicial (art. 334)."
cpc-lei-13105-capture-2026-09-28,Art. 817,aula-02.html,unused,"Art. 817 trata de «Se a obrigação puder ser satisfeita por terceiro, é lícito ao juiz autorizar, a requerim…», fora da regra de improcedência liminar (art. 332) e da audiência inicial (art. 334)."
cpc-lei-13105-capture-2026-09-28,Art. 818,aula-02.html,unused,"Art. 818 trata de «Realizada a prestação, o juiz ouvirá as partes no prazo de 10 (dez) dias e, não havendo…», fora da regra de improcedência liminar (art. 332) e da audiência inicial (art. 334)."
cpc-lei-13105-capture-2026-09-28,Art. 819,aula-02.html,unused,"Art. 819 trata de «Se o terceiro contratado não realizar a prestação no prazo ou se o fizer de modo incompl…», fora da regra de improcedência liminar (art. 332) e da audiência inicial (art. 334)."
cpc-lei-13105-capture-2026-09-28,Art. 820,aula-02.html,unused,"Art. 820 trata de «Se o exequente quiser executar ou mandar executar, sob sua direção e vigilância, as obra…», fora da regra de improcedência liminar (art. 332) e da audiência inicial (art. 334)."
cpc-lei-13105-capture-2026-09-28,Art. 821,aula-02.html,unused,"Art. 821 trata de «Na obrigação de fazer, quando se convencionar que o executado a satisfaça pessoalmente…», fora da regra de improcedência liminar (art. 332) e da audiência inicial (art. 334)."
cpc-lei-13105-capture-2026-09-28,Art. 822,aula-02.html,unused,"Art. 822 trata de «Se o executado praticou ato a cuja abstenção estava obrigado por lei ou por contrato, o…», fora da regra de improcedência liminar (art. 332) e da audiência inicial (art. 334)."
cpc-lei-13105-capture-2026-09-28,Art. 823,aula-02.html,unused,"Art. 823 trata de «Havendo recusa ou mora do executado, o exequente requererá ao juiz que mande desfazer o…», fora da regra de improcedência liminar (art. 332) e da audiência inicial (art. 334)."
cpc-lei-13105-capture-2026-09-28,Art. 824,aula-02.html,unused,"Art. 824 trata de «A execução por quantia certa realiza-se pela expropriação de bens do executado, ressalva…», fora da regra de improcedência liminar (art. 332) e da audiência inicial (art. 334)."
cpc-lei-13105-capture-2026-09-28,Art. 825,aula-02.html,unused,"Art. 825 trata de «A expropriação consiste em…», fora da regra de improcedência liminar (art. 332) e da audiência inicial (art. 334)."
cpc-lei-13105-capture-2026-09-28,Art. 826,aula-02.html,unused,"Art. 826 trata de «Antes de adjudicados ou alienados os bens, o executado pode, a todo tempo, remir a execu…», fora da regra de improcedência liminar (art. 332) e da audiência inicial (art. 334)."
cpc-lei-13105-capture-2026-09-28,Art. 827,aula-02.html,unused,"Art. 827 trata de «Ao despachar a inicial, o juiz fixará, de plano, os honorários advocatícios de dez por c…», fora da regra de improcedência liminar (art. 332) e da audiência inicial (art. 334)."
cpc-lei-13105-capture-2026-09-28,Art. 828,aula-02.html,unused,"Art. 828 trata de «O exequente poderá obter certidão de que a execução foi admitida pelo juiz, com identifi…», fora da regra de improcedência liminar (art. 332) e da audiência inicial (art. 334)."
cpc-lei-13105-capture-2026-09-28,Art. 829,aula-02.html,unused,"Art. 829 trata de «O executado será citado para pagar a dívida no prazo de 3 (três) dias, contado da citaçã…», fora da regra de improcedência liminar (art. 332) e da audiência inicial (art. 334)."
cpc-lei-13105-capture-2026-09-28,Art. 830,aula-02.html,unused,"Art. 830 trata de «Se o oficial de justiça não encontrar o executado, arrestar-lhe-á tantos bens quantos ba…», fora da regra de improcedência liminar (art. 332) e da audiência inicial (art. 334)."
cpc-lei-13105-capture-2026-09-28,Art. 831,aula-02.html,unused,"Art. 831 trata de «A penhora deverá recair sobre tantos bens quantos bastem para o pagamento do principal a…», fora da regra de improcedência liminar (art. 332) e da audiência inicial (art. 334)."
cpc-lei-13105-capture-2026-09-28,Art. 832,aula-02.html,unused,"Art. 832 trata de «Não estão sujeitos à execução os bens que a lei considera impenhoráveis ou inalienáveis.», fora da regra de improcedência liminar (art. 332) e da audiência inicial (art. 334)."
cpc-lei-13105-capture-2026-09-28,Art. 833,aula-02.html,unused,"Art. 833 trata de «São impenhoráveis…», fora da regra de improcedência liminar (art. 332) e da audiência inicial (art. 334)."
cpc-lei-13105-capture-2026-09-28,Art. 834,aula-02.html,unused,"Art. 834 trata de «Podem ser penhorados, à falta de outros bens, os frutos e os rendimentos dos bens inalie…», fora da regra de improcedência liminar (art. 332) e da audiência inicial (art. 334)."
cpc-lei-13105-capture-2026-09-28,Art. 835,aula-02.html,unused,"Art. 835 trata de «A penhora observará, preferencialmente, a seguinte ordem…», fora da regra de improcedência liminar (art. 332) e da audiência inicial (art. 334)."
cpc-lei-13105-capture-2026-09-28,Art. 836,aula-02.html,unused,"Art. 836 trata de «Não se levará a efeito a penhora quando ficar evidente que o produto da execução dos ben…», fora da regra de improcedência liminar (art. 332) e da audiência inicial (art. 334)."
cpc-lei-13105-capture-2026-09-28,Art. 837,aula-02.html,unused,"Art. 837 trata de «Obedecidas as normas de segurança instituídas sob critérios uniformes pelo Conselho Naci…», fora da regra de improcedência liminar (art. 332) e da audiência inicial (art. 334)."
cpc-lei-13105-capture-2026-09-28,Art. 838,aula-02.html,unused,"Art. 838 trata de «A penhora será realizada mediante auto ou termo, que conterá…», fora da regra de improcedência liminar (art. 332) e da audiência inicial (art. 334)."
cpc-lei-13105-capture-2026-09-28,Art. 839,aula-02.html,unused,"Art. 839 trata de «Considerar-se-á feita a penhora mediante a apreensão e o depósito dos bens, lavrando-se…», fora da regra de improcedência liminar (art. 332) e da audiência inicial (art. 334)."
cpc-lei-13105-capture-2026-09-28,Art. 840,aula-02.html,unused,"Art. 840 trata de «Serão preferencialmente depositados…», fora da regra de improcedência liminar (art. 332) e da audiência inicial (art. 334)."
cpc-lei-13105-capture-2026-09-28,Art. 841,aula-02.html,unused,"Art. 841 trata de «Formalizada a penhora por qualquer dos meios legais, dela será imediatamente intimado o…», fora da regra de improcedência liminar (art. 332) e da audiência inicial (art. 334)."
cpc-lei-13105-capture-2026-09-28,Art. 842,aula-02.html,unused,"Art. 842 trata de «Recaindo a penhora sobre bem imóvel ou direito real sobre imóvel, será intimado também o…», fora da regra de improcedência liminar (art. 332) e da audiência inicial (art. 334)."
cpc-lei-13105-capture-2026-09-28,Art. 843,aula-02.html,unused,"Art. 843 trata de «Tratando-se de penhora de bem indivisível, o equivalente à quota-parte do coproprietário…», fora da regra de improcedência liminar (art. 332) e da audiência inicial (art. 334)."
cpc-lei-13105-capture-2026-09-28,Art. 844,aula-02.html,unused,"Art. 844 trata de «Para presunção absoluta de conhecimento por terceiros, cabe ao exequente providenciar a…», fora da regra de improcedência liminar (art. 332) e da audiência inicial (art. 334)."
cpc-lei-13105-capture-2026-09-28,Art. 845,aula-02.html,unused,"Art. 845 trata de «Efetuar-se-á a penhora onde se encontrem os bens, ainda que sob a posse, a detenção ou a…», fora da regra de improcedência liminar (art. 332) e da audiência inicial (art. 334)."
cpc-lei-13105-capture-2026-09-28,Art. 846,aula-02.html,unused,"Art. 846 trata de «Se o executado fechar as portas da casa a fim de obstar a penhora dos bens, o oficial de…», fora da regra de improcedência liminar (art. 332) e da audiência inicial (art. 334)."
cpc-lei-13105-capture-2026-09-28,Art. 847,aula-02.html,unused,"Art. 847 trata de «O executado pode, no prazo de 10 (dez) dias contado da intimação da penhora, requerer a…», fora da regra de improcedência liminar (art. 332) e da audiência inicial (art. 334)."
cpc-lei-13105-capture-2026-09-28,Art. 848,aula-02.html,unused,"Art. 848 trata de «As partes poderão requerer a substituição da penhora se…», fora da regra de improcedência liminar (art. 332) e da audiência inicial (art. 334)."
cpc-lei-13105-capture-2026-09-28,Art. 849,aula-02.html,unused,"Art. 849 trata de «Sempre que ocorrer a substituição dos bens inicialmente penhorados, será lavrado novo te…», fora da regra de improcedência liminar (art. 332) e da audiência inicial (art. 334)."
cpc-lei-13105-capture-2026-09-28,Art. 851,aula-02.html,unused,"Art. 851 trata de «Não se procede à segunda penhora, salvo se…», fora da regra de improcedência liminar (art. 332) e da audiência inicial (art. 334)."
cpc-lei-13105-capture-2026-09-28,Art. 852,aula-02.html,unused,"Art. 852 trata de «O juiz determinará a alienação antecipada dos bens penhorados quando…», fora da regra de improcedência liminar (art. 332) e da audiência inicial (art. 334)."
cpc-lei-13105-capture-2026-09-28,Art. 853,aula-02.html,unused,"Art. 853 trata de «Quando uma das partes requerer alguma das medidas previstas nesta Subseção, o juiz ouvir…», fora da regra de improcedência liminar (art. 332) e da audiência inicial (art. 334)."
cpc-lei-13105-capture-2026-09-28,Art. 854,aula-02.html,unused,"Art. 854 trata de «Para possibilitar a penhora de dinheiro em depósito ou em aplicação financeira, o juiz…», fora da regra de improcedência liminar (art. 332) e da audiência inicial (art. 334)."
cpc-lei-13105-capture-2026-09-28,Art. 855,aula-02.html,unused,"Art. 855 trata de «Quando recair em crédito do executado, enquanto não ocorrer a hipótese prevista no», fora da regra de improcedência liminar (art. 332) e da audiência inicial (art. 334)."
cpc-lei-13105-capture-2026-09-28,Art. 856,aula-02.html,unused,"Art. 856 trata de «A penhora de crédito representado por letra de câmbio, nota promissória, duplicata, cheq…», fora da regra de improcedência liminar (art. 332) e da audiência inicial (art. 334)."
cpc-lei-13105-capture-2026-09-28,Art. 857,aula-02.html,unused,"Art. 857 trata de «Feita a penhora em direito e ação do executado, e não tendo ele oferecido embargos ou se…», fora da regra de improcedência liminar (art. 332) e da audiência inicial (art. 334)."
cpc-lei-13105-capture-2026-09-28,Art. 858,aula-02.html,unused,"Art. 858 trata de «Quando a penhora recair sobre dívidas de dinheiro a juros, de direito a rendas ou de pre…», fora da regra de improcedência liminar (art. 332) e da audiência inicial (art. 334)."
cpc-lei-13105-capture-2026-09-28,Art. 859,aula-02.html,unused,"Art. 859 trata de «Recaindo a penhora sobre direito a prestação ou a restituição de coisa determinada, o ex…», fora da regra de improcedência liminar (art. 332) e da audiência inicial (art. 334)."
cpc-lei-13105-capture-2026-09-28,Art. 860,aula-02.html,unused,"Art. 860 trata de «Quando o direito estiver sendo pleiteado em juízo, a penhora que recair sobre ele será a…», fora da regra de improcedência liminar (art. 332) e da audiência inicial (art. 334)."
cpc-lei-13105-capture-2026-09-28,Art. 861,aula-02.html,unused,"Art. 861 trata de «Penhoradas as quotas ou as ações de sócio em sociedade simples ou empresária, o juiz ass…», fora da regra de improcedência liminar (art. 332) e da audiência inicial (art. 334)."
cpc-lei-13105-capture-2026-09-28,Art. 862,aula-02.html,unused,"Art. 862 trata de «Quando a penhora recair em estabelecimento comercial, industrial ou agrícola, bem como e…», fora da regra de improcedência liminar (art. 332) e da audiência inicial (art. 334)."
cpc-lei-13105-capture-2026-09-28,Art. 864,aula-02.html,unused,"Art. 864 trata de «A penhora de navio ou de aeronave não obsta que continuem navegando ou operando até a al…», fora da regra de improcedência liminar (art. 332) e da audiência inicial (art. 334)."
cpc-lei-13105-capture-2026-09-28,Art. 866,aula-02.html,unused,"Art. 866 trata de «Se o executado não tiver outros bens penhoráveis ou se, tendo-os, esses forem de difícil…», fora da regra de improcedência liminar (art. 332) e da audiência inicial (art. 334)."
cpc-lei-13105-capture-2026-09-28,Art. 867,aula-02.html,unused,"Art. 867 trata de «O juiz pode ordenar a penhora de frutos e rendimentos de coisa móvel ou imóvel quando a…», fora da regra de improcedência liminar (art. 332) e da audiência inicial (art. 334)."
cpc-lei-13105-capture-2026-09-28,Art. 868,aula-02.html,unused,"Art. 868 trata de «Ordenada a penhora de frutos e rendimentos, o juiz nomeará administrador-depositário, qu…», fora da regra de improcedência liminar (art. 332) e da audiência inicial (art. 334)."
cpc-lei-13105-capture-2026-09-28,Art. 869,aula-02.html,unused,"Art. 869 trata de «O juiz poderá nomear administrador-depositário o exequente ou o executado, ouvida a part…», fora da regra de improcedência liminar (art. 332) e da audiência inicial (art. 334)."
cpc-lei-13105-capture-2026-09-28,Art. 870,aula-02.html,unused,"Art. 870 trata de «A avaliação será feita pelo oficial de justiça.», fora da regra de improcedência liminar (art. 332) e da audiência inicial (art. 334)."
cpc-lei-13105-capture-2026-09-28,Art. 871,aula-02.html,unused,"Art. 871 trata de «Não se procederá à avaliação quando…», fora da regra de improcedência liminar (art. 332) e da audiência inicial (art. 334)."
cpc-lei-13105-capture-2026-09-28,Art. 872,aula-02.html,unused,"Art. 872 trata de «A avaliação realizada pelo oficial de justiça constará de vistoria e de laudo anexados a…», fora da regra de improcedência liminar (art. 332) e da audiência inicial (art. 334)."
cpc-lei-13105-capture-2026-09-28,Art. 873,aula-02.html,unused,"Art. 873 trata de «É admitida nova avaliação quando…», fora da regra de improcedência liminar (art. 332) e da audiência inicial (art. 334)."
cpc-lei-13105-capture-2026-09-28,Art. 874,aula-02.html,unused,"Art. 874 trata de «Após a avaliação, o juiz poderá, a requerimento do interessado e ouvida a parte contrári…», fora da regra de improcedência liminar (art. 332) e da audiência inicial (art. 334)."
cpc-lei-13105-capture-2026-09-28,Art. 875,aula-02.html,unused,"Art. 875 trata de «Realizadas a penhora e a avaliação, o juiz dará início aos atos de expropriação do bem.», fora da regra de improcedência liminar (art. 332) e da audiência inicial (art. 334)."
cpc-lei-13105-capture-2026-09-28,Art. 876,aula-02.html,unused,"Art. 876 trata de «É lícito ao exequente, oferecendo preço não inferior ao da avaliação, requerer que lhe s…», fora da regra de improcedência liminar (art. 332) e da audiência inicial (art. 334)."
cpc-lei-13105-capture-2026-09-28,Art. 877,aula-02.html,unused,"Art. 877 trata de «Transcorrido o prazo de 5 (cinco) dias, contado da última intimação, e decididas eventua…», fora da regra de improcedência liminar (art. 332) e da audiência inicial (art. 334)."
cpc-lei-13105-capture-2026-09-28,Art. 878,aula-02.html,unused,"Art. 878 trata de «Frustradas as tentativas de alienação do bem, será reaberta oportunidade para requerimen…», fora da regra de improcedência liminar (art. 332) e da audiência inicial (art. 334)."
cpc-lei-13105-capture-2026-09-28,Art. 879,aula-02.html,unused,"Art. 879 trata de «A alienação far-se-á…», fora da regra de improcedência liminar (art. 332) e da audiência inicial (art. 334)."
cpc-lei-13105-capture-2026-09-28,Art. 880,aula-02.html,unused,"Art. 880 trata de «Não efetivada a adjudicação, o exequente poderá requerer a alienação por sua própria ini…», fora da regra de improcedência liminar (art. 332) e da audiência inicial (art. 334)."
cpc-lei-13105-capture-2026-09-28,Art. 881,aula-02.html,unused,"Art. 881 trata de «A alienação far-se-á em leilão judicial se não efetivada a adjudicação ou a alienação po…», fora da regra de improcedência liminar (art. 332) e da audiência inicial (art. 334)."
cpc-lei-13105-capture-2026-09-28,Art. 882,aula-02.html,unused,"Art. 882 trata de «Não sendo possível a sua realização por meio eletrônico, o leilão será presencial.», fora da regra de improcedência liminar (art. 332) e da audiência inicial (art. 334)."
cpc-lei-13105-capture-2026-09-28,Art. 883,aula-02.html,unused,"Art. 883 trata de «Caberá ao juiz a designação do leiloeiro público, que poderá ser indicado pelo exequente…», fora da regra de improcedência liminar (art. 332) e da audiência inicial (art. 334)."
cpc-lei-13105-capture-2026-09-28,Art. 884,aula-02.html,unused,"Art. 884 trata de «Incumbe ao leiloeiro público…», fora da regra de improcedência liminar (art. 332) e da audiência inicial (art. 334)."
cpc-lei-13105-capture-2026-09-28,Art. 885,aula-02.html,unused,"Art. 885 trata de «O juiz da execução estabelecerá o preço mínimo, as condições de pagamento e as garantias…», fora da regra de improcedência liminar (art. 332) e da audiência inicial (art. 334)."
cpc-lei-13105-capture-2026-09-28,Art. 886,aula-02.html,unused,"Art. 886 trata de «O leilão será precedido de publicação de edital, que conterá…», fora da regra de improcedência liminar (art. 332) e da audiência inicial (art. 334)."
cpc-lei-13105-capture-2026-09-28,Art. 887,aula-02.html,unused,"Art. 887 trata de «O leiloeiro público designado adotará providências para a ampla divulgação da alienação.», fora da regra de improcedência liminar (art. 332) e da audiência inicial (art. 334)."
cpc-lei-13105-capture-2026-09-28,Art. 888,aula-02.html,unused,"Art. 888 trata de «Não se realizando o leilão por qualquer motivo, o juiz mandará publicar a transferência…», fora da regra de improcedência liminar (art. 332) e da audiência inicial (art. 334)."
cpc-lei-13105-capture-2026-09-28,Art. 889,aula-02.html,unused,"Art. 889 trata de «Serão cientificados da alienação judicial, com pelo menos 5 (cinco) dias de antecedência…», fora da regra de improcedência liminar (art. 332) e da audiência inicial (art. 334)."
cpc-lei-13105-capture-2026-09-28,Art. 890,aula-02.html,unused,"Art. 890 trata de «Pode oferecer lance quem estiver na livre administração de seus bens, com exceção…», fora da regra de improcedência liminar (art. 332) e da audiência inicial (art. 334)."
cpc-lei-13105-capture-2026-09-28,Art. 891,aula-02.html,unused,"Art. 891 trata de «Não será aceito lance que ofereça preço vil.», fora da regra de improcedência liminar (art. 332) e da audiência inicial (art. 334)."
cpc-lei-13105-capture-2026-09-28,Art. 892,aula-02.html,unused,"Art. 892 trata de «Salvo pronunciamento judicial em sentido diverso, o pagamento deverá ser realizado de im…», fora da regra de improcedência liminar (art. 332) e da audiência inicial (art. 334)."
cpc-lei-13105-capture-2026-09-28,Art. 893,aula-02.html,unused,"Art. 893 trata de «Se o leilão for de diversos bens e houver mais de um lançador, terá preferência aquele q…», fora da regra de improcedência liminar (art. 332) e da audiência inicial (art. 334)."
cpc-lei-13105-capture-2026-09-28,Art. 894,aula-02.html,unused,"Art. 894 trata de «Quando o imóvel admitir cômoda divisão, o juiz, a requerimento do executado, ordenará a…», fora da regra de improcedência liminar (art. 332) e da audiência inicial (art. 334)."
cpc-lei-13105-capture-2026-09-28,Art. 895,aula-02.html,unused,"Art. 895 trata de «O interessado em adquirir o bem penhorado em prestações poderá apresentar, por escrito…», fora da regra de improcedência liminar (art. 332) e da audiência inicial (art. 334)."
cpc-lei-13105-capture-2026-09-28,Art. 896,aula-02.html,unused,"Art. 896 trata de «Quando o imóvel de incapaz não alcançar em leilão pelo menos oitenta por cento do valor…», fora da regra de improcedência liminar (art. 332) e da audiência inicial (art. 334)."
cpc-lei-13105-capture-2026-09-28,Art. 897,aula-02.html,unused,"Art. 897 trata de «Se o arrematante ou seu fiador não pagar o preço no prazo estabelecido, o juiz impor-lhe…», fora da regra de improcedência liminar (art. 332) e da audiência inicial (art. 334)."
cpc-lei-13105-capture-2026-09-28,Art. 898,aula-02.html,unused,"Art. 898 trata de «O fiador do arrematante que pagar o valor do lance e a multa poderá requerer que a arrem…», fora da regra de improcedência liminar (art. 332) e da audiência inicial (art. 334)."
cpc-lei-13105-capture-2026-09-28,Art. 899,aula-02.html,unused,"Art. 899 trata de «Será suspensa a arrematação logo que o produto da alienação dos bens for suficiente para…», fora da regra de improcedência liminar (art. 332) e da audiência inicial (art. 334)."
cpc-lei-13105-capture-2026-09-28,Art. 900,aula-02.html,unused,"Art. 900 trata de «O leilão prosseguirá no dia útil imediato, à mesma hora em que teve início, independente…», fora da regra de improcedência liminar (art. 332) e da audiência inicial (art. 334)."
cpc-lei-13105-capture-2026-09-28,Art. 901,aula-02.html,unused,"Art. 901 trata de «A arrematação constará de auto que será lavrado de imediato e poderá abranger bens penho…», fora da regra de improcedência liminar (art. 332) e da audiência inicial (art. 334)."
cpc-lei-13105-capture-2026-09-28,Art. 902,aula-02.html,unused,"Art. 902 trata de «No caso de leilão de bem hipotecado, o executado poderá remi-lo até a assinatura do auto…», fora da regra de improcedência liminar (art. 332) e da audiência inicial (art. 334)."
cpc-lei-13105-capture-2026-09-28,Art. 903,aula-02.html,unused,"Art. 903 trata de «Qualquer que seja a modalidade de leilão, assinado o auto pelo juiz, pelo arrematante e…», fora da regra de improcedência liminar (art. 332) e da audiência inicial (art. 334)."
cpc-lei-13105-capture-2026-09-28,Art. 904,aula-02.html,unused,"Art. 904 trata de «A satisfação do crédito exequendo far-se-á…», fora da regra de improcedência liminar (art. 332) e da audiência inicial (art. 334)."
cpc-lei-13105-capture-2026-09-28,Art. 905,aula-02.html,unused,"Art. 905 trata de «O juiz autorizará que o exequente levante, até a satisfação integral de seu crédito, o d…», fora da regra de improcedência liminar (art. 332) e da audiência inicial (art. 334)."
cpc-lei-13105-capture-2026-09-28,Art. 906,aula-02.html,unused,"Art. 906 trata de «Ao receber o mandado de levantamento, o exequente dará ao executado, por termo nos autos…», fora da regra de improcedência liminar (art. 332) e da audiência inicial (art. 334)."
cpc-lei-13105-capture-2026-09-28,Art. 907,aula-02.html,unused,"Art. 907 trata de «Pago ao exequente o principal, os juros, as custas e os honorários, a importância que so…», fora da regra de improcedência liminar (art. 332) e da audiência inicial (art. 334)."
cpc-lei-13105-capture-2026-09-28,Art. 908,aula-02.html,unused,"Art. 908 trata de «Havendo pluralidade de credores ou exequentes, o dinheiro lhes será distribuído e entreg…», fora da regra de improcedência liminar (art. 332) e da audiência inicial (art. 334)."
cpc-lei-13105-capture-2026-09-28,Art. 909,aula-02.html,unused,"Art. 909 trata de «Os exequentes formularão as suas pretensões, que versarão unicamente sobre o direito de…», fora da regra de improcedência liminar (art. 332) e da audiência inicial (art. 334)."
cpc-lei-13105-capture-2026-09-28,Art. 910,aula-02.html,unused,"Art. 910 trata de «Na execução fundada em título extrajudicial, a Fazenda Pública será citada para opor emb…», fora da regra de improcedência liminar (art. 332) e da audiência inicial (art. 334)."
cpc-lei-13105-capture-2026-09-28,Art. 911,aula-02.html,unused,"Art. 911 trata de «Na execução fundada em título executivo extrajudicial que contenha obrigação alimentar…», fora da regra de improcedência liminar (art. 332) e da audiência inicial (art. 334)."
cpc-lei-13105-capture-2026-09-28,Art. 912,aula-02.html,unused,"Art. 912 trata de «Quando o executado for funcionário público, militar, diretor ou gerente de empresa, bem…», fora da regra de improcedência liminar (art. 332) e da audiência inicial (art. 334)."
cpc-lei-13105-capture-2026-09-28,Art. 913,aula-02.html,unused,"Art. 913 trata de «Não requerida a execução nos termos deste Capítulo, observar-se-á o disposto no», fora da regra de improcedência liminar (art. 332) e da audiência inicial (art. 334)."
cpc-lei-13105-capture-2026-09-28,Art. 914,aula-02.html,unused,"Art. 914 trata de «O executado, independentemente de penhora, depósito ou caução, poderá se opor à execução…», fora da regra de improcedência liminar (art. 332) e da audiência inicial (art. 334)."
cpc-lei-13105-capture-2026-09-28,Art. 915,aula-02.html,unused,"Art. 915 trata de «Os embargos serão oferecidos no prazo de 15 (quinze) dias, contado, conforme o caso, na…», fora da regra de improcedência liminar (art. 332) e da audiência inicial (art. 334)."
cpc-lei-13105-capture-2026-09-28,Art. 916,aula-02.html,unused,"Art. 916 trata de «No prazo para embargos, reconhecendo o crédito do exequente e comprovando o depósito de…», fora da regra de improcedência liminar (art. 332) e da audiência inicial (art. 334)."
cpc-lei-13105-capture-2026-09-28,Art. 917,aula-02.html,unused,"Art. 917 trata de «Nos embargos à execução, o executado poderá alegar…», fora da regra de improcedência liminar (art. 332) e da audiência inicial (art. 334)."
cpc-lei-13105-capture-2026-09-28,Art. 918,aula-02.html,unused,"Art. 918 trata de «O juiz rejeitará liminarmente os embargos…», fora da regra de improcedência liminar (art. 332) e da audiência inicial (art. 334)."
cpc-lei-13105-capture-2026-09-28,Art. 919,aula-02.html,unused,"Art. 919 trata de «Os embargos à execução não terão efeito suspensivo.», fora da regra de improcedência liminar (art. 332) e da audiência inicial (art. 334)."
cpc-lei-13105-capture-2026-09-28,Art. 920,aula-02.html,unused,"Art. 920 trata de «Recebidos os embargos…», fora da regra de improcedência liminar (art. 332) e da audiência inicial (art. 334)."
cpc-lei-13105-capture-2026-09-28,Art. 921,aula-02.html,unused,"Art. 921 trata de «Suspende-se a execução…», fora da regra de improcedência liminar (art. 332) e da audiência inicial (art. 334)."
cpc-lei-13105-capture-2026-09-28,Art. 922,aula-02.html,unused,"Art. 922 trata de «Convindo as partes, o juiz declarará suspensa a execução durante o prazo concedido pelo…», fora da regra de improcedência liminar (art. 332) e da audiência inicial (art. 334)."
cpc-lei-13105-capture-2026-09-28,Art. 923,aula-02.html,unused,"Art. 923 trata de «Suspensa a execução, não serão praticados atos processuais, podendo o juiz, entretanto…», fora da regra de improcedência liminar (art. 332) e da audiência inicial (art. 334)."
cpc-lei-13105-capture-2026-09-28,Art. 924,aula-02.html,unused,"Art. 924 trata de «Extingue-se a execução quando…», fora da regra de improcedência liminar (art. 332) e da audiência inicial (art. 334)."
cpc-lei-13105-capture-2026-09-28,Art. 925,aula-02.html,unused,"Art. 925 trata de «A extinção só produz efeito quando declarada por sentença.», fora da regra de improcedência liminar (art. 332) e da audiência inicial (art. 334)."
cpc-lei-13105-capture-2026-09-28,Art. 926,aula-02.html,unused,"Art. 926 trata de «Os tribunais devem uniformizar sua jurisprudência e mantê-la estável, íntegra e coerente…», fora da regra de improcedência liminar (art. 332) e da audiência inicial (art. 334)."
cpc-lei-13105-capture-2026-09-28,Art. 927,aula-02.html,supporting,Lista padrões de precedentes relacionados às hipóteses do art. 332 e ajuda a delimitar quando cabe a improcedência liminar.
cpc-lei-13105-capture-2026-09-28,Art. 928,aula-02.html,unused,"Art. 928 trata de «Para os fins deste Código, considera-se julgamento de casos repetitivos a decisão profer…», fora da regra de improcedência liminar (art. 332) e da audiência inicial (art. 334)."
cpc-lei-13105-capture-2026-09-28,Art. 929,aula-02.html,unused,"Art. 929 trata de «Os autos serão registrados no protocolo do tribunal no dia de sua entrada, cabendo à sec…», fora da regra de improcedência liminar (art. 332) e da audiência inicial (art. 334)."
cpc-lei-13105-capture-2026-09-28,Art. 930,aula-02.html,unused,"Art. 930 trata de «Far-se-á a distribuição de acordo com o regimento interno do tribunal, observando-se a a…», fora da regra de improcedência liminar (art. 332) e da audiência inicial (art. 334)."
cpc-lei-13105-capture-2026-09-28,Art. 931,aula-02.html,unused,"Art. 931 trata de «Distribuídos, os autos serão imediatamente conclusos ao relator, que, em 30 (trinta) dia…», fora da regra de improcedência liminar (art. 332) e da audiência inicial (art. 334)."
cpc-lei-13105-capture-2026-09-28,Art. 932,aula-02.html,unused,"Art. 932 trata de «Incumbe ao relator…», fora da regra de improcedência liminar (art. 332) e da audiência inicial (art. 334)."
cpc-lei-13105-capture-2026-09-28,Art. 933,aula-02.html,unused,"Art. 933 trata de «Se o relator constatar a ocorrência de fato superveniente à decisão recorrida ou a exist…», fora da regra de improcedência liminar (art. 332) e da audiência inicial (art. 334)."
cpc-lei-13105-capture-2026-09-28,Art. 934,aula-02.html,unused,"Art. 934 trata de «Em seguida, os autos serão apresentados ao presidente, que designará dia para julgamento…», fora da regra de improcedência liminar (art. 332) e da audiência inicial (art. 334)."
cpc-lei-13105-capture-2026-09-28,Art. 935,aula-02.html,unused,"Art. 935 trata de «Entre a data de publicação da pauta e a da sessão de julgamento decorrerá, pelo menos, o…», fora da regra de improcedência liminar (art. 332) e da audiência inicial (art. 334)."
cpc-lei-13105-capture-2026-09-28,Art. 936,aula-02.html,unused,"Art. 936 trata de «Ressalvadas as preferências legais e regimentais, os recursos, a remessa necessária e os…», fora da regra de improcedência liminar (art. 332) e da audiência inicial (art. 334)."
cpc-lei-13105-capture-2026-09-28,Art. 938,aula-02.html,unused,"Art. 938 trata de «A questão preliminar suscitada no julgamento será decidida antes do mérito, deste não se…», fora da regra de improcedência liminar (art. 332) e da audiência inicial (art. 334)."
cpc-lei-13105-capture-2026-09-28,Art. 939,aula-02.html,unused,"Art. 939 trata de «Se a preliminar for rejeitada ou se a apreciação do mérito for com ela compatível, segui…», fora da regra de improcedência liminar (art. 332) e da audiência inicial (art. 334)."
cpc-lei-13105-capture-2026-09-28,Art. 940,aula-02.html,unused,"Art. 940 trata de «O relator ou outro juiz que não se considerar habilitado a proferir imediatamente seu vo…», fora da regra de improcedência liminar (art. 332) e da audiência inicial (art. 334)."
cpc-lei-13105-capture-2026-09-28,Art. 941,aula-02.html,unused,"Art. 941 trata de «Proferidos os votos, o presidente anunciará o resultado do julgamento, designando para r…», fora da regra de improcedência liminar (art. 332) e da audiência inicial (art. 334)."
cpc-lei-13105-capture-2026-09-28,Art. 942,aula-02.html,unused,"Art. 942 trata de «Quando o resultado da apelação for não unânime, o julgamento terá prosseguimento em sess…», fora da regra de improcedência liminar (art. 332) e da audiência inicial (art. 334)."
cpc-lei-13105-capture-2026-09-28,Art. 943,aula-02.html,unused,"Art. 943 trata de «Os votos, os acórdãos e os demais atos processuais podem ser registrados em documento el…», fora da regra de improcedência liminar (art. 332) e da audiência inicial (art. 334)."
cpc-lei-13105-capture-2026-09-28,Art. 944,aula-02.html,unused,"Art. 944 trata de «Não publicado o acórdão no prazo de 30 (trinta) dias, contado da data da sessão de julga…», fora da regra de improcedência liminar (art. 332) e da audiência inicial (art. 334)."
cpc-lei-13105-capture-2026-09-28,Art. 945,aula-02.html,unused,"Art. 945 trata de «A critério do órgão julgador, o julgamento dos recursos e dos processos de competência o…», fora da regra de improcedência liminar (art. 332) e da audiência inicial (art. 334)."
cpc-lei-13105-capture-2026-09-28,Art. 946,aula-02.html,unused,"Art. 946 trata de «O agravo de instrumento será julgado antes da apelação interposta no mesmo processo.», fora da regra de improcedência liminar (art. 332) e da audiência inicial (art. 334)."
cpc-lei-13105-capture-2026-09-28,Art. 947,aula-02.html,unused,"Art. 947 trata de «É admissível a assunção de competência quando o julgamento de recurso, de remessa necess…», fora da regra de improcedência liminar (art. 332) e da audiência inicial (art. 334)."
cpc-lei-13105-capture-2026-09-28,Art. 948,aula-02.html,unused,"Art. 948 trata de «Arguida, em controle difuso, a inconstitucionalidade de lei ou de ato normativo do poder…», fora da regra de improcedência liminar (art. 332) e da audiência inicial (art. 334)."
cpc-lei-13105-capture-2026-09-28,Art. 949,aula-02.html,unused,"Art. 949 trata de «Se a arguição for…», fora da regra de improcedência liminar (art. 332) e da audiência inicial (art. 334)."
cpc-lei-13105-capture-2026-09-28,Art. 950,aula-02.html,unused,"Art. 950 trata de «Remetida cópia do acórdão a todos os juízes, o presidente do tribunal designará a sessão…», fora da regra de improcedência liminar (art. 332) e da audiência inicial (art. 334)."
cpc-lei-13105-capture-2026-09-28,Art. 951,aula-02.html,unused,"Art. 951 trata de «O conflito de competência pode ser suscitado por qualquer das partes, pelo Ministério Pú…», fora da regra de improcedência liminar (art. 332) e da audiência inicial (art. 334)."
cpc-lei-13105-capture-2026-09-28,Art. 952,aula-02.html,unused,"Art. 952 trata de «Não pode suscitar conflito a parte que, no processo, arguiu incompetência relativa.», fora da regra de improcedência liminar (art. 332) e da audiência inicial (art. 334)."
cpc-lei-13105-capture-2026-09-28,Art. 953,aula-02.html,unused,"Art. 953 trata de «O conflito será suscitado ao tribunal…», fora da regra de improcedência liminar (art. 332) e da audiência inicial (art. 334)."
cpc-lei-13105-capture-2026-09-28,Art. 954,aula-02.html,unused,"Art. 954 trata de «Após a distribuição, o relator determinará a oitiva dos juízes em conflito ou, se um del…», fora da regra de improcedência liminar (art. 332) e da audiência inicial (art. 334)."
cpc-lei-13105-capture-2026-09-28,Art. 955,aula-02.html,unused,"Art. 955 trata de «O relator poderá, de ofício ou a requerimento de qualquer das partes, determinar, quando…», fora da regra de improcedência liminar (art. 332) e da audiência inicial (art. 334)."
cpc-lei-13105-capture-2026-09-28,Art. 956,aula-02.html,unused,"Art. 956 trata de «Decorrido o prazo designado pelo relator, será ouvido o Ministério Público, no prazo de…», fora da regra de improcedência liminar (art. 332) e da audiência inicial (art. 334)."
cpc-lei-13105-capture-2026-09-28,Art. 957,aula-02.html,unused,"Art. 957 trata de «Ao decidir o conflito, o tribunal declarará qual o juízo competente, pronunciando-se tam…», fora da regra de improcedência liminar (art. 332) e da audiência inicial (art. 334)."
cpc-lei-13105-capture-2026-09-28,Art. 958,aula-02.html,unused,"Art. 958 trata de «No conflito que envolva órgãos fracionários dos tribunais, desembargadores e juízes em e…», fora da regra de improcedência liminar (art. 332) e da audiência inicial (art. 334)."
cpc-lei-13105-capture-2026-09-28,Art. 959,aula-02.html,unused,"Art. 959 trata de «O regimento interno do tribunal regulará o processo e o julgamento do conflito de atribu…», fora da regra de improcedência liminar (art. 332) e da audiência inicial (art. 334)."
cpc-lei-13105-capture-2026-09-28,Art. 960,aula-02.html,unused,"Art. 960 trata de «A homologação de decisão estrangeira será requerida por ação de homologação de decisão e…», fora da regra de improcedência liminar (art. 332) e da audiência inicial (art. 334)."
cpc-lei-13105-capture-2026-09-28,Art. 961,aula-02.html,unused,"Art. 961 trata de «A decisão estrangeira somente terá eficácia no Brasil após a homologação de sentença est…», fora da regra de improcedência liminar (art. 332) e da audiência inicial (art. 334)."
cpc-lei-13105-capture-2026-09-28,Art. 962,aula-02.html,unused,"Art. 962 trata de «É passível de execução a decisão estrangeira concessiva de medida de urgência.», fora da regra de improcedência liminar (art. 332) e da audiência inicial (art. 334)."
cpc-lei-13105-capture-2026-09-28,Art. 963,aula-02.html,unused,"Art. 963 trata de «Constituem requisitos indispensáveis à homologação da decisão…», fora da regra de improcedência liminar (art. 332) e da audiência inicial (art. 334)."
cpc-lei-13105-capture-2026-09-28,Art. 964,aula-02.html,unused,"Art. 964 trata de «Não será homologada a decisão estrangeira na hipótese de competência exclusiva da autori…», fora da regra de improcedência liminar (art. 332) e da audiência inicial (art. 334)."
cpc-lei-13105-capture-2026-09-28,Art. 965,aula-02.html,unused,"Art. 965 trata de «O cumprimento de decisão estrangeira far-se-á perante o juízo federal competente, a requ…», fora da regra de improcedência liminar (art. 332) e da audiência inicial (art. 334)."
cpc-lei-13105-capture-2026-09-28,Art. 966,aula-02.html,unused,"Art. 966 trata de «A decisão de mérito, transitada em julgado, pode ser rescindida quando…», fora da regra de improcedência liminar (art. 332) e da audiência inicial (art. 334)."
cpc-lei-13105-capture-2026-09-28,Art. 967,aula-02.html,unused,"Art. 967 trata de «Têm legitimidade para propor a ação rescisória…», fora da regra de improcedência liminar (art. 332) e da audiência inicial (art. 334)."
cpc-lei-13105-capture-2026-09-28,Art. 968,aula-02.html,unused,"Art. 968 trata de «A petição inicial será elaborada com observância dos requisitos essenciais do», fora da regra de improcedência liminar (art. 332) e da audiência inicial (art. 334)."
cpc-lei-13105-capture-2026-09-28,Art. 969,aula-02.html,unused,"Art. 969 trata de «A propositura da ação rescisória não impede o cumprimento da decisão rescindenda, ressal…», fora da regra de improcedência liminar (art. 332) e da audiência inicial (art. 334)."
cpc-lei-13105-capture-2026-09-28,Art. 970,aula-02.html,unused,"Art. 970 trata de «O relator ordenará a citação do réu, designando-lhe prazo nunca inferior a 15 (quinze) d…», fora da regra de improcedência liminar (art. 332) e da audiência inicial (art. 334)."
cpc-lei-13105-capture-2026-09-28,Art. 971,aula-02.html,unused,"Art. 971 trata de «Na ação rescisória, devolvidos os autos pelo relator, a secretaria do tribunal expedirá…», fora da regra de improcedência liminar (art. 332) e da audiência inicial (art. 334)."
cpc-lei-13105-capture-2026-09-28,Art. 972,aula-02.html,unused,"Art. 972 trata de «Se os fatos alegados pelas partes dependerem de prova, o relator poderá delegar a compet…», fora da regra de improcedência liminar (art. 332) e da audiência inicial (art. 334)."
cpc-lei-13105-capture-2026-09-28,Art. 973,aula-02.html,unused,"Art. 973 trata de «Concluída a instrução, será aberta vista ao autor e ao réu para razões finais, sucessiva…», fora da regra de improcedência liminar (art. 332) e da audiência inicial (art. 334)."
cpc-lei-13105-capture-2026-09-28,Art. 974,aula-02.html,unused,"Art. 974 trata de «Julgando procedente o pedido, o tribunal rescindirá a decisão, proferirá, se for o caso…», fora da regra de improcedência liminar (art. 332) e da audiência inicial (art. 334)."
cpc-lei-13105-capture-2026-09-28,Art. 975,aula-02.html,unused,"Art. 975 trata de «O direito à rescisão se extingue em 2 (dois) anos contados do trânsito em julgado da últ…», fora da regra de improcedência liminar (art. 332) e da audiência inicial (art. 334)."
cpc-lei-13105-capture-2026-09-28,Art. 976,aula-02.html,unused,"Art. 976 trata de «É cabível a instauração do incidente de resolução de demandas repetitivas quando houver…», fora da regra de improcedência liminar (art. 332) e da audiência inicial (art. 334)."
cpc-lei-13105-capture-2026-09-28,Art. 977,aula-02.html,unused,"Art. 977 trata de «O pedido de instauração do incidente será dirigido ao presidente de tribunal…», fora da regra de improcedência liminar (art. 332) e da audiência inicial (art. 334)."
cpc-lei-13105-capture-2026-09-28,Art. 978,aula-02.html,unused,"Art. 978 trata de «O julgamento do incidente caberá ao órgão indicado pelo regimento interno dentre aqueles…», fora da regra de improcedência liminar (art. 332) e da audiência inicial (art. 334)."
cpc-lei-13105-capture-2026-09-28,Art. 979,aula-02.html,unused,"Art. 979 trata de «A instauração e o julgamento do incidente serão sucedidos da mais ampla e específica div…», fora da regra de improcedência liminar (art. 332) e da audiência inicial (art. 334)."
cpc-lei-13105-capture-2026-09-28,Art. 980,aula-02.html,unused,"Art. 980 trata de «O incidente será julgado no prazo de 1 (um) ano e terá preferência sobre os demais feito…», fora da regra de improcedência liminar (art. 332) e da audiência inicial (art. 334)."
cpc-lei-13105-capture-2026-09-28,Art. 981,aula-02.html,unused,"Art. 981 trata de «Após a distribuição, o órgão colegiado competente para julgar o incidente procederá ao s…», fora da regra de improcedência liminar (art. 332) e da audiência inicial (art. 334)."
cpc-lei-13105-capture-2026-09-28,Art. 982,aula-02.html,unused,"Art. 982 trata de «Admitido o incidente, o relator…», fora da regra de improcedência liminar (art. 332) e da audiência inicial (art. 334)."
cpc-lei-13105-capture-2026-09-28,Art. 983,aula-02.html,unused,"Art. 983 trata de «O relator ouvirá as partes e os demais interessados, inclusive pessoas, órgãos e entidad…», fora da regra de improcedência liminar (art. 332) e da audiência inicial (art. 334)."
cpc-lei-13105-capture-2026-09-28,Art. 984,aula-02.html,unused,"Art. 984 trata de «No julgamento do incidente, observar-se-á a seguinte ordem…», fora da regra de improcedência liminar (art. 332) e da audiência inicial (art. 334)."
cpc-lei-13105-capture-2026-09-28,Art. 985,aula-02.html,unused,"Art. 985 trata de «Julgado o incidente, a tese jurídica será aplicada…», fora da regra de improcedência liminar (art. 332) e da audiência inicial (art. 334)."
cpc-lei-13105-capture-2026-09-28,Art. 986,aula-02.html,unused,"Art. 986 trata de «A revisão da tese jurídica firmada no incidente far-se-á pelo mesmo tribunal, de ofício…», fora da regra de improcedência liminar (art. 332) e da audiência inicial (art. 334)."
cpc-lei-13105-capture-2026-09-28,Art. 987,aula-02.html,unused,"Art. 987 trata de «Do julgamento do mérito do incidente caberá recurso extraordinário ou especial, conforme…», fora da regra de improcedência liminar (art. 332) e da audiência inicial (art. 334)."
cpc-lei-13105-capture-2026-09-28,Art. 988,aula-02.html,unused,"Art. 988 trata de «Caberá reclamação da parte interessada ou do Ministério Público para…», fora da regra de improcedência liminar (art. 332) e da audiência inicial (art. 334)."
cpc-lei-13105-capture-2026-09-28,Art. 989,aula-02.html,unused,"Art. 989 trata de «Ao despachar a reclamação, o relator…», fora da regra de improcedência liminar (art. 332) e da audiência inicial (art. 334)."
cpc-lei-13105-capture-2026-09-28,Art. 990,aula-02.html,unused,"Art. 990 trata de «Qualquer interessado poderá impugnar o pedido do reclamante.», fora da regra de improcedência liminar (art. 332) e da audiência inicial (art. 334)."
cpc-lei-13105-capture-2026-09-28,Art. 991,aula-02.html,unused,"Art. 991 trata de «Na reclamação que não houver formulado, o Ministério Público terá vista do processo por…», fora da regra de improcedência liminar (art. 332) e da audiência inicial (art. 334)."
cpc-lei-13105-capture-2026-09-28,Art. 992,aula-02.html,unused,"Art. 992 trata de «Julgando procedente a reclamação, o tribunal cassará a decisão exorbitante de seu julgad…», fora da regra de improcedência liminar (art. 332) e da audiência inicial (art. 334)."
cpc-lei-13105-capture-2026-09-28,Art. 993,aula-02.html,unused,"Art. 993 trata de «O presidente do tribunal determinará o imediato cumprimento da decisão, lavrando-se o ac…», fora da regra de improcedência liminar (art. 332) e da audiência inicial (art. 334)."
cpc-lei-13105-capture-2026-09-28,Art. 994,aula-02.html,unused,"Art. 994 trata de «São cabíveis os seguintes recursos…», fora da regra de improcedência liminar (art. 332) e da audiência inicial (art. 334)."
cpc-lei-13105-capture-2026-09-28,Art. 995,aula-02.html,unused,"Art. 995 trata de «Os recursos não impedem a eficácia da decisão, salvo disposição legal ou decisão judicia…», fora da regra de improcedência liminar (art. 332) e da audiência inicial (art. 334)."
cpc-lei-13105-capture-2026-09-28,Art. 996,aula-02.html,unused,"Art. 996 trata de «O recurso pode ser interposto pela parte vencida, pelo terceiro prejudicado e pelo Minis…», fora da regra de improcedência liminar (art. 332) e da audiência inicial (art. 334)."
cpc-lei-13105-capture-2026-09-28,Art. 997,aula-02.html,unused,"Art. 997 trata de «Cada parte interporá o recurso independentemente, no prazo e com observância das exigênc…», fora da regra de improcedência liminar (art. 332) e da audiência inicial (art. 334)."
cpc-lei-13105-capture-2026-09-28,Art. 998,aula-02.html,unused,"Art. 998 trata de «O recorrente poderá, a qualquer tempo, sem a anuência do recorrido ou dos litisconsortes…», fora da regra de improcedência liminar (art. 332) e da audiência inicial (art. 334)."
cpc-lei-13105-capture-2026-09-28,Art. 999,aula-02.html,unused,"Art. 999 trata de «A renúncia ao direito de recorrer independe da aceitação da outra parte.», fora da regra de improcedência liminar (art. 332) e da audiência inicial (art. 334)."
cpc-lei-13105-capture-2026-09-28,Art. 1000,aula-02.html,unused,"Art. 1000 trata de «000. A parte que aceitar expressa ou tacitamente a decisão não poderá recorrer.», fora da regra de improcedência liminar (art. 332) e da audiência inicial (art. 334)."
cpc-lei-13105-capture-2026-09-28,Art. 1001,aula-02.html,unused,"Art. 1001 trata de «001. Dos despachos não cabe recurso.», fora da regra de improcedência liminar (art. 332) e da audiência inicial (art. 334)."
cpc-lei-13105-capture-2026-09-28,Art. 1002,aula-02.html,unused,"Art. 1002 trata de «002. A decisão pode ser impugnada no todo ou em parte.», fora da regra de improcedência liminar (art. 332) e da audiência inicial (art. 334)."
cpc-lei-13105-capture-2026-09-28,Art. 1003,aula-02.html,unused,"Art. 1003 trata de «003. O prazo para interposição de recurso conta-se da data em que os advogados, a socied…», fora da regra de improcedência liminar (art. 332) e da audiência inicial (art. 334)."
cpc-lei-13105-capture-2026-09-28,Art. 1004,aula-02.html,unused,"Art. 1004 trata de «004. Se, durante o prazo para a interposição do recurso, sobrevier o falecimento da part…», fora da regra de improcedência liminar (art. 332) e da audiência inicial (art. 334)."
cpc-lei-13105-capture-2026-09-28,Art. 1005,aula-02.html,unused,"Art. 1005 trata de «005. O recurso interposto por um dos litisconsortes a todos aproveita, salvo se distinto…», fora da regra de improcedência liminar (art. 332) e da audiência inicial (art. 334)."
cpc-lei-13105-capture-2026-09-28,Art. 1006,aula-02.html,unused,"Art. 1006 trata de «006. Certificado o trânsito em julgado, com menção expressa da data de sua ocorrência, o…», fora da regra de improcedência liminar (art. 332) e da audiência inicial (art. 334)."
cpc-lei-13105-capture-2026-09-28,Art. 1007,aula-02.html,unused,"Art. 1007 trata de «007. No ato de interposição do recurso, o recorrente comprovará, quando exigido pela leg…», fora da regra de improcedência liminar (art. 332) e da audiência inicial (art. 334)."
cpc-lei-13105-capture-2026-09-28,Art. 1008,aula-02.html,unused,"Art. 1008 trata de «008. O julgamento proferido pelo tribunal substituirá a decisão impugnada no que tiver s…», fora da regra de improcedência liminar (art. 332) e da audiência inicial (art. 334)."
cpc-lei-13105-capture-2026-09-28,Art. 1009,aula-02.html,unused,"Art. 1009 trata de «009. Da sentença cabe apelação.», fora da regra de improcedência liminar (art. 332) e da audiência inicial (art. 334)."
cpc-lei-13105-capture-2026-09-28,Art. 1010,aula-02.html,unused,"Art. 1010 trata de «010. A apelação, interposta por petição dirigida ao juízo de primeiro grau, conterá…», fora da regra de improcedência liminar (art. 332) e da audiência inicial (art. 334)."
cpc-lei-13105-capture-2026-09-28,Art. 1011,aula-02.html,unused,"Art. 1011 trata de «011. Recebido o recurso de apelação no tribunal e distribuído imediatamente, o relator…», fora da regra de improcedência liminar (art. 332) e da audiência inicial (art. 334)."
cpc-lei-13105-capture-2026-09-28,Art. 1012,aula-02.html,unused,"Art. 1012 trata de «012. A apelação terá efeito suspensivo.», fora da regra de improcedência liminar (art. 332) e da audiência inicial (art. 334)."
cpc-lei-13105-capture-2026-09-28,Art. 1013,aula-02.html,unused,"Art. 1013 trata de «013. A apelação devolverá ao tribunal o conhecimento da matéria impugnada.», fora da regra de improcedência liminar (art. 332) e da audiência inicial (art. 334)."
cpc-lei-13105-capture-2026-09-28,Art. 1014,aula-02.html,unused,"Art. 1014 trata de «014. As questões de fato não propostas no juízo inferior poderão ser suscitadas na apela…», fora da regra de improcedência liminar (art. 332) e da audiência inicial (art. 334)."
cpc-lei-13105-capture-2026-09-28,Art. 1015,aula-02.html,unused,"Art. 1015 trata de «015. Cabe agravo de instrumento contra as decisões interlocutórias que versarem sobre…», fora da regra de improcedência liminar (art. 332) e da audiência inicial (art. 334)."
cpc-lei-13105-capture-2026-09-28,Art. 1016,aula-02.html,unused,"Art. 1016 trata de «016. O agravo de instrumento será dirigido diretamente ao tribunal competente, por meio…», fora da regra de improcedência liminar (art. 332) e da audiência inicial (art. 334)."
cpc-lei-13105-capture-2026-09-28,Art. 1017,aula-02.html,unused,"Art. 1017 trata de «017. A petição de agravo de instrumento será instruída…», fora da regra de improcedência liminar (art. 332) e da audiência inicial (art. 334)."
cpc-lei-13105-capture-2026-09-28,Art. 1018,aula-02.html,unused,"Art. 1018 trata de «018. O agravante poderá requerer a juntada, aos autos do processo, de cópia da petição d…», fora da regra de improcedência liminar (art. 332) e da audiência inicial (art. 334)."
cpc-lei-13105-capture-2026-09-28,Art. 1019,aula-02.html,unused,"Art. 1019 trata de «019. Recebido o agravo de instrumento no tribunal e distribuído imediatamente, se não fo…», fora da regra de improcedência liminar (art. 332) e da audiência inicial (art. 334)."
cpc-lei-13105-capture-2026-09-28,Art. 1020,aula-02.html,unused,"Art. 1020 trata de «020. O relator solicitará dia para julgamento em prazo não superior a 1 (um) mês da inti…», fora da regra de improcedência liminar (art. 332) e da audiência inicial (art. 334)."
cpc-lei-13105-capture-2026-09-28,Art. 1021,aula-02.html,unused,"Art. 1021 trata de «021. Contra decisão proferida pelo relator caberá agravo interno para o respectivo órgão…», fora da regra de improcedência liminar (art. 332) e da audiência inicial (art. 334)."
cpc-lei-13105-capture-2026-09-28,Art. 1022,aula-02.html,unused,"Art. 1022 trata de «022. Cabem embargos de declaração contra qualquer decisão judicial para…», fora da regra de improcedência liminar (art. 332) e da audiência inicial (art. 334)."
cpc-lei-13105-capture-2026-09-28,Art. 1023,aula-02.html,unused,"Art. 1023 trata de «023. Os embargos serão opostos, no prazo de 5 (cinco) dias, em petição dirigida ao juiz…», fora da regra de improcedência liminar (art. 332) e da audiência inicial (art. 334)."
cpc-lei-13105-capture-2026-09-28,Art. 1024,aula-02.html,unused,"Art. 1024 trata de «024. O juiz julgará os embargos em 5 (cinco) dias.», fora da regra de improcedência liminar (art. 332) e da audiência inicial (art. 334)."
cpc-lei-13105-capture-2026-09-28,Art. 1025,aula-02.html,unused,"Art. 1025 trata de «025. Consideram-se incluídos no acórdão os elementos que o embargante suscitou, para fin…», fora da regra de improcedência liminar (art. 332) e da audiência inicial (art. 334)."
cpc-lei-13105-capture-2026-09-28,Art. 1026,aula-02.html,unused,"Art. 1026 trata de «026. Os embargos de declaração não possuem efeito suspensivo e interrompem o prazo para…», fora da regra de improcedência liminar (art. 332) e da audiência inicial (art. 334)."
cpc-lei-13105-capture-2026-09-28,Art. 1027,aula-02.html,unused,"Art. 1027 trata de «027. Serão julgados em recurso ordinário…», fora da regra de improcedência liminar (art. 332) e da audiência inicial (art. 334)."
cpc-lei-13105-capture-2026-09-28,Art. 1028,aula-02.html,unused,"Art. 1028 trata de «028. Ao recurso mencionado no», fora da regra de improcedência liminar (art. 332) e da audiência inicial (art. 334)."
cpc-lei-13105-capture-2026-09-28,Art. 1029,aula-02.html,unused,"Art. 1029 trata de «029. O recurso extraordinário e o recurso especial, nos casos previstos na», fora da regra de improcedência liminar (art. 332) e da audiência inicial (art. 334)."
cpc-lei-13105-capture-2026-09-28,Art. 1030,aula-02.html,unused,"Art. 1030 trata de «030. Recebida a petição do recurso pela secretaria do tribunal, o recorrido será intimad…», fora da regra de improcedência liminar (art. 332) e da audiência inicial (art. 334)."
cpc-lei-13105-capture-2026-09-28,Art. 1031,aula-02.html,unused,"Art. 1031 trata de «031. Na hipótese de interposição conjunta de recurso extraordinário e recurso especial…», fora da regra de improcedência liminar (art. 332) e da audiência inicial (art. 334)."
cpc-lei-13105-capture-2026-09-28,Art. 1032,aula-02.html,unused,"Art. 1032 trata de «032. Se o relator, no Superior Tribunal de Justiça, entender que o recurso especial vers…», fora da regra de improcedência liminar (art. 332) e da audiência inicial (art. 334)."
cpc-lei-13105-capture-2026-09-28,Art. 1033,aula-02.html,unused,"Art. 1033 trata de «033. Se o Supremo Tribunal Federal considerar como reflexa a ofensa à Constituição afirm…», fora da regra de improcedência liminar (art. 332) e da audiência inicial (art. 334)."
cpc-lei-13105-capture-2026-09-28,Art. 1034,aula-02.html,unused,"Art. 1034 trata de «034. Admitido o recurso extraordinário ou o recurso especial, o Supremo Tribunal Federal…», fora da regra de improcedência liminar (art. 332) e da audiência inicial (art. 334)."
cpc-lei-13105-capture-2026-09-28,Art. 1035,aula-02.html,unused,"Art. 1035 trata de «035. O Supremo Tribunal Federal, em decisão irrecorrível, não conhecerá do recurso extra…», fora da regra de improcedência liminar (art. 332) e da audiência inicial (art. 334)."
cpc-lei-13105-capture-2026-09-28,Art. 1036,aula-02.html,unused,"Art. 1036 trata de «036. Sempre que houver multiplicidade de recursos extraordinários ou especiais com funda…», fora da regra de improcedência liminar (art. 332) e da audiência inicial (art. 334)."
cpc-lei-13105-capture-2026-09-28,Art. 1037,aula-02.html,unused,"Art. 1037 trata de «037. Selecionados os recursos, o relator, no tribunal superior, constatando a presença d…», fora da regra de improcedência liminar (art. 332) e da audiência inicial (art. 334)."
cpc-lei-13105-capture-2026-09-28,Art. 1038,aula-02.html,unused,"Art. 1038 trata de «038. O relator poderá…», fora da regra de improcedência liminar (art. 332) e da audiência inicial (art. 334)."
cpc-lei-13105-capture-2026-09-28,Art. 1039,aula-02.html,unused,"Art. 1039 trata de «039. Decididos os recursos afetados, os órgãos colegiados declararão prejudicados os dem…», fora da regra de improcedência liminar (art. 332) e da audiência inicial (art. 334)."
cpc-lei-13105-capture-2026-09-28,Art. 1040,aula-02.html,unused,"Art. 1040 trata de «040. Publicado o acórdão paradigma…», fora da regra de improcedência liminar (art. 332) e da audiência inicial (art. 334)."
cpc-lei-13105-capture-2026-09-28,Art. 1041,aula-02.html,unused,"Art. 1041 trata de «041. Mantido o acórdão divergente pelo tribunal de origem, o recurso especial ou extraor…», fora da regra de improcedência liminar (art. 332) e da audiência inicial (art. 334)."
cpc-lei-13105-capture-2026-09-28,Art. 1043,aula-02.html,unused,"Art. 1043 trata de «043. É embargável o acórdão de órgão fracionário que…», fora da regra de improcedência liminar (art. 332) e da audiência inicial (art. 334)."
cpc-lei-13105-capture-2026-09-28,Art. 1044,aula-02.html,unused,"Art. 1044 trata de «044. No recurso de embargos de divergência, será observado o procedimento estabelecido n…», fora da regra de improcedência liminar (art. 332) e da audiência inicial (art. 334)."
cpc-lei-13105-capture-2026-09-28,Art. 1045,aula-02.html,unused,"Art. 1045 trata de «045. Este Código entra em vigor após decorrido 1 (um) ano da data de sua publicação ofic…», fora da regra de improcedência liminar (art. 332) e da audiência inicial (art. 334)."
cpc-lei-13105-capture-2026-09-28,Art. 1046,aula-02.html,unused,"Art. 1046 trata de «046. Ao entrar em vigor este Código, suas disposições se aplicarão desde logo aos proces…», fora da regra de improcedência liminar (art. 332) e da audiência inicial (art. 334)."
cpc-lei-13105-capture-2026-09-28,Art. 1047,aula-02.html,unused,"Art. 1047 trata de «047. As disposições de direito probatório adotadas neste Código aplicam-se apenas às pro…», fora da regra de improcedência liminar (art. 332) e da audiência inicial (art. 334)."
cpc-lei-13105-capture-2026-09-28,Art. 1048,aula-02.html,unused,"Art. 1048 trata de «048. Terão prioridade de tramitação, em qualquer juízo ou tribunal, os procedimentos jud…», fora da regra de improcedência liminar (art. 332) e da audiência inicial (art. 334)."
cpc-lei-13105-capture-2026-09-28,Art. 1049,aula-02.html,unused,"Art. 1049 trata de «049. Sempre que a lei remeter a procedimento previsto na lei processual sem especificá-l…», fora da regra de improcedência liminar (art. 332) e da audiência inicial (art. 334)."
cpc-lei-13105-capture-2026-09-28,Art. 1050,aula-02.html,unused,"Art. 1050 trata de «050. A União, os Estados, o Distrito Federal, os Municípios, suas respectivas entidades…», fora da regra de improcedência liminar (art. 332) e da audiência inicial (art. 334)."
cpc-lei-13105-capture-2026-09-28,Art. 1051,aula-02.html,unused,"Art. 1051 trata de «051. As empresas públicas e privadas devem cumprir o disposto no», fora da regra de improcedência liminar (art. 332) e da audiência inicial (art. 334)."
cpc-lei-13105-capture-2026-09-28,Art. 1052,aula-02.html,unused,"Art. 1052 trata de «052. Até a edição de lei específica, as execuções contra devedor insolvente, em curso ou…», fora da regra de improcedência liminar (art. 332) e da audiência inicial (art. 334)."
cpc-lei-13105-capture-2026-09-28,Art. 1053,aula-02.html,unused,"Art. 1053 trata de «053. Os atos processuais praticados por meio eletrônico até a transição definitiva para…», fora da regra de improcedência liminar (art. 332) e da audiência inicial (art. 334)."
cpc-lei-13105-capture-2026-09-28,Art. 1054,aula-02.html,unused,"Art. 1054 trata de «054. O disposto no», fora da regra de improcedência liminar (art. 332) e da audiência inicial (art. 334)."
cpc-lei-13105-capture-2026-09-28,Art. 1055,aula-02.html,unused,"Art. 1055 trata de «055. (VETADO).», fora da regra de improcedência liminar (art. 332) e da audiência inicial (art. 334)."
cpc-lei-13105-capture-2026-09-28,Art. 1056,aula-02.html,unused,"Art. 1056 trata de «056. Considerar-se-á como termo inicial do prazo da prescrição prevista no», fora da regra de improcedência liminar (art. 332) e da audiência inicial (art. 334)."
cpc-lei-13105-capture-2026-09-28,Art. 1057,aula-02.html,unused,"Art. 1057 trata de «057. O disposto no», fora da regra de improcedência liminar (art. 332) e da audiência inicial (art. 334)."
cpc-lei-13105-capture-2026-09-28,Art. 1058,aula-02.html,unused,"Art. 1058 trata de «058. Em todos os casos em que houver recolhimento de importância em dinheiro, esta será…», fora da regra de improcedência liminar (art. 332) e da audiência inicial (art. 334)."
cpc-lei-13105-capture-2026-09-28,Art. 1059,aula-02.html,unused,"Art. 1059 trata de «059. À tutela provisória requerida contra a Fazenda Pública aplica-se o disposto nos», fora da regra de improcedência liminar (art. 332) e da audiência inicial (art. 334)."
cpc-lei-13105-capture-2026-09-28,Art. 1060,aula-02.html,unused,"Art. 1060 trata de «060. O inciso II do art. 14 da», fora da regra de improcedência liminar (art. 332) e da audiência inicial (art. 334)."
cpc-lei-13105-capture-2026-09-28,Art. 1061,aula-02.html,unused,"Art. 1061 trata de «061. O § 3º do art. 33 da», fora da regra de improcedência liminar (art. 332) e da audiência inicial (art. 334)."
cpc-lei-13105-capture-2026-09-28,Art. 1062,aula-02.html,unused,"Art. 1062 trata de «062. O incidente de desconsideração da personalidade jurídica aplica-se ao processo de c…», fora da regra de improcedência liminar (art. 332) e da audiência inicial (art. 334)."
cpc-lei-13105-capture-2026-09-28,Art. 1063,aula-02.html,unused,"Art. 1063 trata de «063. Até a edição de lei específica, os juizados especiais cíveis previstos na», fora da regra de improcedência liminar (art. 332) e da audiência inicial (art. 334)."
cpc-lei-13105-capture-2026-09-28,Art. 1064,aula-02.html,unused,"Art. 1064 trata de «064. O», fora da regra de improcedência liminar (art. 332) e da audiência inicial (art. 334)."
cpc-lei-13105-capture-2026-09-28,Art. 1065,aula-02.html,unused,"Art. 1065 trata de «065. O art. 50 da», fora da regra de improcedência liminar (art. 332) e da audiência inicial (art. 334)."
cpc-lei-13105-capture-2026-09-28,Art. 1066,aula-02.html,unused,"Art. 1066 trata de «066. O art. 83 da», fora da regra de improcedência liminar (art. 332) e da audiência inicial (art. 334)."
cpc-lei-13105-capture-2026-09-28,Art. 1067,aula-02.html,unused,"Art. 1067 trata de «067. O art. 275 da», fora da regra de improcedência liminar (art. 332) e da audiência inicial (art. 334)."
cpc-lei-13105-capture-2026-09-28,Art. 1068,aula-02.html,unused,"Art. 1068 trata de «068. O art. 274 e o», fora da regra de improcedência liminar (art. 332) e da audiência inicial (art. 334)."
cpc-lei-13105-capture-2026-09-28,Art. 1069,aula-02.html,unused,"Art. 1069 trata de «069. O Conselho Nacional de Justiça promoverá, periodicamente, pesquisas estatísticas pa…», fora da regra de improcedência liminar (art. 332) e da audiência inicial (art. 334)."
cpc-lei-13105-capture-2026-09-28,Art. 1070,aula-02.html,unused,"Art. 1070 trata de «070. É de 15 (quinze) dias o prazo para a interposição de qualquer agravo, previsto em l…», fora da regra de improcedência liminar (art. 332) e da audiência inicial (art. 334)."
cpc-lei-13105-capture-2026-09-28,Art. 1071,aula-02.html,unused,"Art. 1071 trata de «071. O Capítulo III do Título V da», fora da regra de improcedência liminar (art. 332) e da audiência inicial (art. 334)."
cpc-lei-13105-capture-2026-09-28,Art. 1072,aula-02.html,unused,"Art. 1072 trata de «072. Revogam-se…», fora da regra de improcedência liminar (art. 332) e da audiência inicial (art. 334)."
cronograma-processo-civil-2026-2,cronograma-completo,aula-02.html,unused,"Registra o cronograma e a distribuição da semana, informação já transcrita no mapa S0, não conteúdo jurídico de estudo."
didier-curso-vol1-2017,00-front-matter,aula-02.html,unused,O capítulo «Front matter and sumário» trata de tema distinto; não se conecta diretamente à improcedência liminar ou à audiência inicial desta aula.
didier-curso-vol1-2017,ch01-s01,aula-02.html,unused,"O capítulo «Introdução ao Direito Processual Civil — 1. Tar.to mais consistente um pem:amento, tanto maior o número d» trata de tema distinto; não se conecta diretamente à improcedência liminar ou à audiência inicial desta aula."
didier-curso-vol1-2017,ch01-s02,aula-02.html,unused,"O capítulo «Introdução ao Direito Processual Civil — 12. Desde Bülow {BÜLOW, Oskar. Lo teoria de los excepciones proc» trata de tema distinto; não se conecta diretamente à improcedência liminar ou à audiência inicial desta aula."
didier-curso-vol1-2017,ch02-s01,aula-02.html,unused,O capítulo «Normas fundamentais do Processo Civil — 1. A ideia foi encampada pelo Fórum Permanente de Processualistas» trata de tema distinto; não se conecta diretamente à improcedência liminar ou à audiência inicial desta aula.
didier-curso-vol1-2017,ch02-s02,aula-02.html,unused,"O capítulo «Normas fundamentais do Processo Civil — 25. BONAVIDES, Paulo. Curso de Direito Constitucional. 12a ed. re» trata de tema distinto; não se conecta diretamente à improcedência liminar ou à audiência inicial desta aula."
didier-curso-vol1-2017,ch02-s03,aula-02.html,unused,"O capítulo «Normas fundamentais do Processo Civil — 25. BONAVIDES, Paulo. Curso de Direito Constitucional. 12a ed. re» trata de tema distinto; não se conecta diretamente à improcedência liminar ou à audiência inicial desta aula."
didier-curso-vol1-2017,ch03-s01,aula-02.html,unused,O capítulo «Jurisdição — Opening» trata de tema distinto; não se conecta diretamente à improcedência liminar ou à audiência inicial desta aula.
didier-curso-vol1-2017,ch03-s02,aula-02.html,unused,"O capítulo «Jurisdição — 29. ALMEIDA, Diogo Assumpção Rezende. ""O princípio da adequação e os métodos de solução de c» trata de tema distinto; não se conecta diretamente à improcedência liminar ou à audiência inicial desta aula."
didier-curso-vol1-2017,ch04-s01,aula-02.html,unused,O capítulo «Competência — Opening» trata de tema distinto; não se conecta diretamente à improcedência liminar ou à audiência inicial desta aula.
didier-curso-vol1-2017,ch04-s02,aula-02.html,unused,O capítulo «Competência — 9. Há precedente do STJ nesse sentido: NCOMPETtNCIA. Imóvel. Reivindicatória. Desmembrament» trata de tema distinto; não se conecta diretamente à improcedência liminar ou à audiência inicial desta aula.
didier-curso-vol1-2017,ch04-s03,aula-02.html,unused,O capítulo «Competência — 1. perante os órgãos Judiciários da União (Tribunais Superiores) e» trata de tema distinto; não se conecta diretamente à improcedência liminar ou à audiência inicial desta aula.
didier-curso-vol1-2017,ch05,aula-02.html,supporting,"Expõe conciliação e mediação, oferecendo base conceitual para compreender a técnica usada na audiência inicial."
didier-curso-vol1-2017,ch06,aula-02.html,unused,O capítulo «Teoria da ação: da ação e do direito de ação» trata de tema distinto; não se conecta diretamente à improcedência liminar ou à audiência inicial desta aula.
didier-curso-vol1-2017,ch07-s01,aula-02.html,unused,O capítulo «Pressupostos processuais — Opening» trata de tema distinto; não se conecta diretamente à improcedência liminar ou à audiência inicial desta aula.
didier-curso-vol1-2017,ch07-s02,aula-02.html,unused,"O capítulo «Pressupostos processuais — 23. Nesse sentido, enunciado n. 383 do Fórum Permanente de Processualistas Civ» trata de tema distinto; não se conecta diretamente à improcedência liminar ou à audiência inicial desta aula."
didier-curso-vol1-2017,ch08,aula-02.html,unused,O capítulo «Teoria dos fatos jurídicos processuais» trata de tema distinto; não se conecta diretamente à improcedência liminar ou à audiência inicial desta aula.
didier-curso-vol1-2017,ch09,aula-02.html,unused,O capítulo «Invalidades processuais» trata de tema distinto; não se conecta diretamente à improcedência liminar ou à audiência inicial desta aula.
didier-curso-vol1-2017,ch10,aula-02.html,unused,O capítulo «Preclusão» trata de tema distinto; não se conecta diretamente à improcedência liminar ou à audiência inicial desta aula.
didier-curso-vol1-2017,ch11,aula-02.html,unused,O capítulo «Teoria da cognição judicial» trata de tema distinto; não se conecta diretamente à improcedência liminar ou à audiência inicial desta aula.
didier-curso-vol1-2017,ch12,aula-02.html,unused,O capítulo «Litisconsórcio» trata de tema distinto; não se conecta diretamente à improcedência liminar ou à audiência inicial desta aula.
didier-curso-vol1-2017,ch13-s01,aula-02.html,unused,O capítulo «Intervenção de terceiro — Opening» trata de tema distinto; não se conecta diretamente à improcedência liminar ou à audiência inicial desta aula.
didier-curso-vol1-2017,ch13-s02,aula-02.html,unused,"O capítulo «Intervenção de terceiro — 30. ""Na verdade, o pedido deduzido na ação principal é questão preliminar em re» trata de tema distinto; não se conecta diretamente à improcedência liminar ou à audiência inicial desta aula."
didier-curso-vol1-2017,ch13-s03,aula-02.html,unused,"O capítulo «Intervenção de terceiro — 30. ""Na verdade, o pedido deduzido na ação principal é questão preliminar em re» trata de tema distinto; não se conecta diretamente à improcedência liminar ou à audiência inicial desta aula."
didier-curso-vol1-2017,ch14,aula-02.html,unused,O capítulo «Alienação da coisa ou do direito litigioso» trata de tema distinto; não se conecta diretamente à improcedência liminar ou à audiência inicial desta aula.
didier-curso-vol1-2017,ch15-s01,aula-02.html,unused,"O capítulo «Formação do processo e petição inicial — Opening» alimenta a aula 01 sobre formação do processo e petição inicial, não os dois tópicos recortados aqui."
didier-curso-vol1-2017,ch15-s02,aula-02.html,unused,"O capítulo «Formação do processo e petição inicial — 13. Assim, enunciado n. 281 do Fórum Permanente de Pro» alimenta a aula 01 sobre formação do processo e petição inicial, não os dois tópicos recortados aqui."
didier-curso-vol1-2017,ch16,aula-02.html,primary,Capítulo de 7.051 palavras dedicado ao regime e às hipóteses de improcedência liminar; é o único capítulo primário de livro essencial que trata diretamente do núcleo decisório da aula.
didier-curso-vol1-2017,ch17,aula-02.html,unused,O capítulo sobre citação é tema próprio da aula 06; aqui importa apenas a designação da audiência inicial após a análise do pedido.
didier-curso-vol1-2017,ch18,aula-02.html,supporting,"Trata especificamente da audiência preliminar de conciliação ou mediação e de sua sequência, complementando o art. 334."
didier-curso-vol1-2017,ch19-s01,aula-02.html,unused,"O capítulo «Teoria da exceção, resposta do réu e revelia — Opening» trata de tema distinto; não se conecta diretamente à improcedência liminar ou à audiência inicial desta aula."
didier-curso-vol1-2017,ch19-s02,aula-02.html,unused,"O capítulo «Teoria da exceção, resposta do réu e revelia — 17. t tomo diz Eduardo Couture: ""Se o juiz fôsse <onstrang» trata de tema distinto; não se conecta diretamente à improcedência liminar ou à audiência inicial desta aula."
didier-curso-vol1-2017,ch20,aula-02.html,unused,O capítulo «Arguição de impedimento ou suspeição» trata de tema distinto; não se conecta diretamente à improcedência liminar ou à audiência inicial desta aula.
didier-curso-vol1-2017,ch21,aula-02.html,unused,O capítulo «Providências preliminares e julgamento conforme o estado do processo» trata de tema distinto; não se conecta diretamente à improcedência liminar ou à audiência inicial desta aula.
didier-curso-vol1-2017,ch22,aula-02.html,unused,O capítulo «Extinção do processo» trata de tema distinto; não se conecta diretamente à improcedência liminar ou à audiência inicial desta aula.
didier-curso-vol1-2017,ch23,aula-02.html,unused,O capítulo «Suspensão do processo» trata de tema distinto; não se conecta diretamente à improcedência liminar ou à audiência inicial desta aula.
didier-curso-vol1-2017,24-bibliography-01,aula-02.html,unused,"O capítulo «Bibliografia, parte 1» trata de tema distinto; não se conecta diretamente à improcedência liminar ou à audiência inicial desta aula."
didier-curso-vol1-2017,24-bibliography-02,aula-02.html,unused,"O capítulo «Bibliografia, parte 2» trata de tema distinto; não se conecta diretamente à improcedência liminar ou à audiência inicial desta aula."
didier-resposta-reu-revelia,assigned-reading,aula-02.html,unused,"O trecho de resposta do réu e revelia pertence à aula 08, etapa posterior à audiência inicial deste recorte."
eid-litisconsorcio-unitario,assigned-reading,aula-02.html,unused,A leitura atribuída à semana foi reservada pelo mapa a partes e litisconsórcio da aula 03; não serve ao recorte desta aula 02.
exam-2015-1-avaliacao-1,exam-2015-1-avaliacao-1,aula-02.html,unused,"A prova «2015/1 Avaliação 1 (29/04), Scarparo» reúne outros temas da disciplina; o texto indexado não indica questão de improcedência liminar ou audiência inicial."
exam-2015-1-avaliacao-2,exam-2015-1-avaliacao-2,aula-02.html,unused,"A prova «2015/1 Avaliação 2 (24/06), Scarparo; only P2 exam in this set» reúne outros temas da disciplina; o texto indexado não indica questão de improcedência liminar ou audiência inicial."
exam-2017-2-p1,exam-2017-2-p1,aula-02.html,unused,"A prova «2017/2 P1 (31/10), Scarparo, with gabarito» reúne outros temas da disciplina; o texto indexado não indica questão de improcedência liminar ou audiência inicial."
exam-2018-1-p1,document,aula-02.html,unused,"A prova «2018/1 P1 (30/04), Scarparo, with gabarito» reúne outros temas da disciplina; o texto indexado não indica questão de improcedência liminar ou audiência inicial."
exam-2018-2-p1-v1,document,aula-02.html,unused,"A prova «2018/2 P1 v1 (02/10), Scarparo, with gabarito» reúne outros temas da disciplina; o texto indexado não indica questão de improcedência liminar ou audiência inicial."
exam-2018-2-p1-v2,document,aula-02.html,unused,"A prova «2018/2 P1 v2 (02/10), Scarparo, with gabarito» reúne outros temas da disciplina; o texto indexado não indica questão de improcedência liminar ou audiência inicial."
exam-2019-2-p1,document,aula-02.html,unused,"A prova «2019/2 P1 (03/09), Scarparo» reúne outros temas da disciplina; o texto indexado não indica questão de improcedência liminar ou audiência inicial."
exam-2025-2-p1-candidate,document,aula-02.html,unused,A prova «2025/2 P1 candidate (filename: mily)» reúne outros temas da disciplina; o texto indexado não indica questão de improcedência liminar ou audiência inicial.
exam-questions-extract-2026-09-28,exam-questions-extract-2026-09-28,aula-02.html,unused,A prova «28/09 intake questions.csv (28 extracted questions; starting point only)» reúne outros temas da disciplina; o texto indexado não indica questão de improcedência liminar ou audiência inicial.
knijnik-prova-caps1-2,assigned-reading,aula-02.html,unused,"O capítulo «Knijnik, A prova nos juízos cível, penal e tributário, caps. I–II, pp. 3–48» trata de tema distinto; não se conecta diretamente à improcedência liminar ou à audiência inicial desta aula."
koplin-audiencias,artigo-audiencias,aula-02.html,supporting,"Panorama das audiências no CPC/2015, incluindo a audiência inicial de conciliação ou mediação e sua organização."
lucon-cpc-355-357,assigned-reading,aula-02.html,unused,"O comentário aos arts. 355–357 é leitura da etapa de julgamento conforme o estado do processo, não fonte direta deste recorte inicial."
marinoni-novo-curso-vol1-2017,front-matter,aula-02.html,unused,"O capítulo «Front matter (title page, authors and presentation)» trata de tema distinto; não se conecta diretamente à improcedência liminar ou à audiência inicial desta aula."
marinoni-novo-curso-vol1-2017,introducao,aula-02.html,unused,O capítulo «Introdução — teoria do processo civil» trata de tema distinto; não se conecta diretamente à improcedência liminar ou à audiência inicial desta aula.
marinoni-novo-curso-vol1-2017,parte-i-cap-01,aula-02.html,unused,"O capítulo «Parte I, capítulo 1 — A Influência Dos Valores Do Estado Liberal De Direito E Do Positivismo Jurídico Sob» trata de tema distinto; não se conecta diretamente à improcedência liminar ou à audiência inicial desta aula."
marinoni-novo-curso-vol1-2017,parte-i-cap-02,aula-02.html,unused,"O capítulo «Parte I, capítulo 2 — Do Mito Do Cognitivismo Interpretativo E Do Logicismo Na Aplicação Do Direito No Po» trata de tema distinto; não se conecta diretamente à improcedência liminar ou à audiência inicial desta aula."
marinoni-novo-curso-vol1-2017,parte-i-cap-03,aula-02.html,unused,"O capítulo «Parte I, capítulo 3 — A Transformação Do Princípio Da Legalidade: Da Legalidade Formal Pelas Regras À Leg» trata de tema distinto; não se conecta diretamente à improcedência liminar ou à audiência inicial desta aula."
marinoni-novo-curso-vol1-2017,parte-i-cap-04,aula-02.html,unused,"O capítulo «Parte I, capítulo 4 — O Controle Da Constitucionalidade Pelo Juiz Singular No Direito Brasileiro» trata de tema distinto; não se conecta diretamente à improcedência liminar ou à audiência inicial desta aula."
marinoni-novo-curso-vol1-2017,parte-i-cap-05,aula-02.html,unused,"O capítulo «Parte I, capítulo 5 — A Teoria Dos Direitos Fundamentais» trata de tema distinto; não se conecta diretamente à improcedência liminar ou à audiência inicial desta aula."
marinoni-novo-curso-vol1-2017,parte-i-cap-06,aula-02.html,unused,"O capítulo «Parte I, capítulo 6 — A Jurisdição No Estado Constitucional» trata de tema distinto; não se conecta diretamente à improcedência liminar ou à audiência inicial desta aula."
marinoni-novo-curso-vol1-2017,parte-i-cap-07,aula-02.html,unused,"O capítulo «Parte I, capítulo 7 — A Jurisdição E A Justiça Civil» trata de tema distinto; não se conecta diretamente à improcedência liminar ou à audiência inicial desta aula."
marinoni-novo-curso-vol1-2017,parte-i-cap-08,aula-02.html,unused,"O capítulo «Parte I, capítulo 8 — A Jurisdição No Quadro Das Formas De Resolução De Litígios» trata de tema distinto; não se conecta diretamente à improcedência liminar ou à audiência inicial desta aula."
marinoni-novo-curso-vol1-2017,parte-i-cap-09,aula-02.html,unused,"O capítulo «Parte I, capítulo 9 — O Direito À Jurisdição E Ao Juiz Natural Na Constituição E No Novo Código De Proces» trata de tema distinto; não se conecta diretamente à improcedência liminar ou à audiência inicial desta aula."
marinoni-novo-curso-vol1-2017,parte-ii-cap-01,aula-02.html,unused,"O capítulo «Parte II, capítulo 1 — As Teorias Da Ação E A Posição Do Novo Cpc. Primeiros Apontamentos Para Uma Concep» trata de tema distinto; não se conecta diretamente à improcedência liminar ou à audiência inicial desta aula."
marinoni-novo-curso-vol1-2017,parte-ii-cap-02,aula-02.html,unused,"O capítulo «Parte II, capítulo 2 — A Influência Dos Valores Do Estado Social Sobre O Direito De Ação» trata de tema distinto; não se conecta diretamente à improcedência liminar ou à audiência inicial desta aula."
marinoni-novo-curso-vol1-2017,parte-ii-cap-03,aula-02.html,unused,"O capítulo «Parte II, capítulo 3 — O Direito De Ação No Quadro Dos Direitos Fundamentais» trata de tema distinto; não se conecta diretamente à improcedência liminar ou à audiência inicial desta aula."
marinoni-novo-curso-vol1-2017,parte-ii-cap-04,aula-02.html,unused,"O capítulo «Parte II, capítulo 4 — O Conteúdo Do Direito De Ação A Partir Da Constituição E Do Novo Código De Process» trata de tema distinto; não se conecta diretamente à improcedência liminar ou à audiência inicial desta aula."
marinoni-novo-curso-vol1-2017,parte-ii-cap-05,aula-02.html,unused,"O capítulo «Parte II, capítulo 5 — Da Ação Abstrata E Uniforme (Ação Única) À Ação Adequada À Tutela Do Direito Mater» trata de tema distinto; não se conecta diretamente à improcedência liminar ou à audiência inicial desta aula."
marinoni-novo-curso-vol1-2017,parte-iii-cap-01,aula-02.html,unused,"O capítulo «Parte II, capítulo 1 — Conceito De Direito De Defesa» trata de tema distinto; não se conecta diretamente à improcedência liminar ou à audiência inicial desta aula."
marinoni-novo-curso-vol1-2017,parte-iii-cap-02,aula-02.html,unused,"O capítulo «Parte II, capítulo 2 — Direito De Defesa E Acesso À Justiça» trata de tema distinto; não se conecta diretamente à improcedência liminar ou à audiência inicial desta aula."
marinoni-novo-curso-vol1-2017,parte-iii-cap-03,aula-02.html,unused,"O capítulo «Parte II, capítulo 3 — O Direito De Defesa Na Constituição. O Significado Do Direito À Ampla Defesa» trata de tema distinto; não se conecta diretamente à improcedência liminar ou à audiência inicial desta aula."
marinoni-novo-curso-vol1-2017,parte-iii-cap-04,aula-02.html,unused,"O capítulo «Parte II, capítulo 4 — O Direito De Defesa No Novo Código De Processo Civil» trata de tema distinto; não se conecta diretamente à improcedência liminar ou à audiência inicial desta aula."
marinoni-novo-curso-vol1-2017,parte-iii-cap-05,aula-02.html,unused,"O capítulo «Parte II, capítulo 5 — O Direito Fundamental De Defesa Diante Do Direito Fundamental De Ação» trata de tema distinto; não se conecta diretamente à improcedência liminar ou à audiência inicial desta aula."
marinoni-novo-curso-vol1-2017,parte-iii-cap-06,aula-02.html,unused,"O capítulo «Parte II, capítulo 6 — Problematização Do Direito Fundamental De Defesa» trata de tema distinto; não se conecta diretamente à improcedência liminar ou à audiência inicial desta aula."
marinoni-novo-curso-vol1-2017,parte-iv-cap-01,aula-02.html,unused,"O capítulo «Parte IV, capítulo 1 — Processo E Procedimento Na Doutrina Clássica» trata de tema distinto; não se conecta diretamente à improcedência liminar ou à audiência inicial desta aula."
marinoni-novo-curso-vol1-2017,parte-iv-cap-02,aula-02.html,unused,"O capítulo «Parte IV, capítulo 2 — Bases Para Um Novo Conceito De Processo» trata de tema distinto; não se conecta diretamente à improcedência liminar ou à audiência inicial desta aula."
marinoni-novo-curso-vol1-2017,parte-iv-cap-03,aula-02.html,unused,"O capítulo «Parte IV, capítulo 3 — O Processo Na Perspectiva Dos Direitos Fundamentais. O Direito Fundamental Ao Proc» trata de tema distinto; não se conecta diretamente à improcedência liminar ou à audiência inicial desta aula."
marinoni-novo-curso-vol1-2017,parte-iv-cap-04,aula-02.html,unused,"O capítulo «Parte IV, capítulo 4 — O Processo, Os Pressupostos Processuais E O Mérito Da Causa» trata de tema distinto; não se conecta diretamente à improcedência liminar ou à audiência inicial desta aula."
marinoni-novo-curso-vol1-2017,parte-iv-cap-05,aula-02.html,unused,"O capítulo «Parte IV, capítulo 5 — Processo De Conhecimento E Processo De Execução No Novo Código De Processo Civil» trata de tema distinto; não se conecta diretamente à improcedência liminar ou à audiência inicial desta aula."
marinoni-novo-curso-vol1-2017,referencias-bibliograficas,aula-02.html,unused,O capítulo «Referências bibliográficas» trata de tema distinto; não se conecta diretamente à improcedência liminar ou à audiência inicial desta aula.
marinoni-novo-curso-vol2,01,aula-02.html,unused,O capítulo «Técnica processual e tutela dos direitos» trata de tema distinto; não se conecta diretamente à improcedência liminar ou à audiência inicial desta aula.
marinoni-novo-curso-vol2,02,aula-02.html,unused,O capítulo «Jurisdição e competência» trata de tema distinto; não se conecta diretamente à improcedência liminar ou à audiência inicial desta aula.
marinoni-novo-curso-vol2,03a,aula-02.html,unused,O capítulo «Participação no processo: itens 3.1–3.3» trata de tema distinto; não se conecta diretamente à improcedência liminar ou à audiência inicial desta aula.
marinoni-novo-curso-vol2,03b,aula-02.html,unused,O capítulo «Participação no processo: item 3.4 e caso» trata de tema distinto; não se conecta diretamente à improcedência liminar ou à audiência inicial desta aula.
marinoni-novo-curso-vol2,04,aula-02.html,unused,O capítulo «Atos processuais» trata de tema distinto; não se conecta diretamente à improcedência liminar ou à audiência inicial desta aula.
marinoni-novo-curso-vol2,05,aula-02.html,unused,"O capítulo «Formação, suspensão e extinção do processo» trata de tema distinto; não se conecta diretamente à improcedência liminar ou à audiência inicial desta aula."
marinoni-novo-curso-vol2,06,aula-02.html,supporting,"Situa a passagem da petição inicial à audiência ou à defesa no procedimento comum, útil para ordenar a resposta inicial."
marinoni-novo-curso-vol2,07,aula-02.html,unused,"O capítulo «Petição inicial» pertence à petição inicial, resposta ou a etapa posterior; o recorte aqui termina na organização da audiência inicial."
marinoni-novo-curso-vol2,08,aula-02.html,supporting,"Trata da audiência de conciliação ou mediação anterior à defesa e de sua organização, apoio direto ao fluxo da aula."
marinoni-novo-curso-vol2,09,aula-02.html,unused,"O capítulo «Atitudes do réu» pertence à petição inicial, resposta ou a etapa posterior; o recorte aqui termina na organização da audiência inicial."
marinoni-novo-curso-vol2,10,aula-02.html,unused,O capítulo «Antecipação da tutela» trata de tema distinto; não se conecta diretamente à improcedência liminar ou à audiência inicial desta aula.
marinoni-novo-curso-vol2,11,aula-02.html,unused,"O capítulo «Julgamento conforme o estado do processo» pertence à petição inicial, resposta ou a etapa posterior; o recorte aqui termina na organização da audiência inicial."
marinoni-novo-curso-vol2,12,aula-02.html,unused,"O capítulo «Organização do processo» pertence à petição inicial, resposta ou a etapa posterior; o recorte aqui termina na organização da audiência inicial."
marinoni-novo-curso-vol2,13,aula-02.html,unused,"O capítulo «Audiência de instrução e julgamento» pertence à petição inicial, resposta ou a etapa posterior; o recorte aqui termina na organização da audiência inicial."
marinoni-novo-curso-vol2,14.01,aula-02.html,unused,O capítulo «Prova» trata de tema distinto; não se conecta diretamente à improcedência liminar ou à audiência inicial desta aula.
marinoni-novo-curso-vol2,14.02,aula-02.html,unused,O capítulo «Prova» trata de tema distinto; não se conecta diretamente à improcedência liminar ou à audiência inicial desta aula.
marinoni-novo-curso-vol2,14.03,aula-02.html,unused,O capítulo «Prova» trata de tema distinto; não se conecta diretamente à improcedência liminar ou à audiência inicial desta aula.
marinoni-novo-curso-vol2,14.04,aula-02.html,unused,O capítulo «Prova» trata de tema distinto; não se conecta diretamente à improcedência liminar ou à audiência inicial desta aula.
marinoni-novo-curso-vol2,14.05,aula-02.html,unused,O capítulo «Prova» trata de tema distinto; não se conecta diretamente à improcedência liminar ou à audiência inicial desta aula.
marinoni-novo-curso-vol2,14.06,aula-02.html,unused,O capítulo «Prova» trata de tema distinto; não se conecta diretamente à improcedência liminar ou à audiência inicial desta aula.
marinoni-novo-curso-vol2,14.07,aula-02.html,unused,O capítulo «Prova» trata de tema distinto; não se conecta diretamente à improcedência liminar ou à audiência inicial desta aula.
marinoni-novo-curso-vol2,15.01,aula-02.html,unused,O capítulo «Sentença» trata de tema distinto; não se conecta diretamente à improcedência liminar ou à audiência inicial desta aula.
marinoni-novo-curso-vol2,15.02,aula-02.html,unused,O capítulo «Sentença» trata de tema distinto; não se conecta diretamente à improcedência liminar ou à audiência inicial desta aula.
marinoni-novo-curso-vol2,15.03,aula-02.html,unused,O capítulo «Sentença» trata de tema distinto; não se conecta diretamente à improcedência liminar ou à audiência inicial desta aula.
marinoni-novo-curso-vol2,15.04,aula-02.html,unused,O capítulo «Sentença» trata de tema distinto; não se conecta diretamente à improcedência liminar ou à audiência inicial desta aula.
marinoni-novo-curso-vol2,16.01,aula-02.html,unused,O capítulo «Recursos» trata de tema distinto; não se conecta diretamente à improcedência liminar ou à audiência inicial desta aula.
marinoni-novo-curso-vol2,16.02,aula-02.html,unused,O capítulo «Recursos» trata de tema distinto; não se conecta diretamente à improcedência liminar ou à audiência inicial desta aula.
marinoni-novo-curso-vol2,16.03,aula-02.html,unused,O capítulo «Recursos» trata de tema distinto; não se conecta diretamente à improcedência liminar ou à audiência inicial desta aula.
marinoni-novo-curso-vol2,17.01,aula-02.html,unused,O capítulo «Processo nos tribunais» trata de tema distinto; não se conecta diretamente à improcedência liminar ou à audiência inicial desta aula.
marinoni-novo-curso-vol2,17.02,aula-02.html,unused,O capítulo «Processo nos tribunais» trata de tema distinto; não se conecta diretamente à improcedência liminar ou à audiência inicial desta aula.
marinoni-novo-curso-vol2,18,aula-02.html,unused,O capítulo «Precedentes» trata de tema distinto; não se conecta diretamente à improcedência liminar ou à audiência inicial desta aula.
marinoni-novo-curso-vol2,19.01,aula-02.html,unused,O capítulo «Coisa julgada» trata de tema distinto; não se conecta diretamente à improcedência liminar ou à audiência inicial desta aula.
marinoni-novo-curso-vol2,19.02,aula-02.html,unused,O capítulo «Coisa julgada» trata de tema distinto; não se conecta diretamente à improcedência liminar ou à audiência inicial desta aula.
marinoni-novo-curso-vol2,21,aula-02.html,unused,O capítulo «Teoria da efetivação das decisões judiciais mediante cumprimento de sentença (abertura e item 1.1)» trata de tema distinto; não se conecta diretamente à improcedência liminar ou à audiência inicial desta aula.
marinoni-novo-curso-vol2,23,aula-02.html,unused,O capítulo «1.2 Panorama histórico da efetivação de sentenças» trata de tema distinto; não se conecta diretamente à improcedência liminar ou à audiência inicial desta aula.
marinoni-novo-curso-vol2,24,aula-02.html,unused,O capítulo «1.3 Técnica executiva e tutela dos direitos» trata de tema distinto; não se conecta diretamente à improcedência liminar ou à audiência inicial desta aula.
marinoni-novo-curso-vol2,25,aula-02.html,unused,O capítulo «1.4 Princípios fundamentais da execução» trata de tema distinto; não se conecta diretamente à improcedência liminar ou à audiência inicial desta aula.
marinoni-novo-curso-vol2,26,aula-02.html,unused,O capítulo «1.5 As formas de execução» trata de tema distinto; não se conecta diretamente à improcedência liminar ou à audiência inicial desta aula.
marinoni-novo-curso-vol2,27,aula-02.html,unused,"O capítulo «1.6 O art. 515, I, do CPC e as sentenças que dependem de execução» trata de tema distinto; não se conecta diretamente à improcedência liminar ou à audiência inicial desta aula."
marinoni-novo-curso-vol2,28,aula-02.html,unused,O capítulo «1.7 Os títulos executivos judiciais» trata de tema distinto; não se conecta diretamente à improcedência liminar ou à audiência inicial desta aula.
marinoni-novo-curso-vol2,29,aula-02.html,unused,O capítulo «1.8 Liquidação da obrigação» trata de tema distinto; não se conecta diretamente à improcedência liminar ou à audiência inicial desta aula.
marinoni-novo-curso-vol2,30,aula-02.html,unused,O capítulo «1.9 Questões gerais do procedimento de cumprimento de sentença» trata de tema distinto; não se conecta diretamente à improcedência liminar ou à audiência inicial desta aula.
marinoni-novo-curso-vol2,38,aula-02.html,unused,"O capítulo «2.1 Imposição de fazer e de não fazer, prestação da tutela do direito e meios de execução adequados» trata de tema distinto; não se conecta diretamente à improcedência liminar ou à audiência inicial desta aula."
marinoni-novo-curso-vol2,39,aula-02.html,unused,O capítulo «2.2 Técnicas de execução e controle do poder executivo do juiz» trata de tema distinto; não se conecta diretamente à improcedência liminar ou à audiência inicial desta aula.
marinoni-novo-curso-vol2,40,aula-02.html,unused,O capítulo «2.3 Defesa do executado» trata de tema distinto; não se conecta diretamente à improcedência liminar ou à audiência inicial desta aula.
marinoni-novo-curso-vol2,41,aula-02.html,unused,O capítulo «2.4 A sentença que reconhece obrigação de prestar declaração de vontade» trata de tema distinto; não se conecta diretamente à improcedência liminar ou à audiência inicial desta aula.
marinoni-novo-curso-vol2,32,aula-02.html,unused,O capítulo «A sentença que reconhece a obrigação de entregar coisa» trata de tema distinto; não se conecta diretamente à improcedência liminar ou à audiência inicial desta aula.
marinoni-novo-curso-vol2,42,aula-02.html,unused,O capítulo «4.1 Tutela pecuniária e técnicas de execução» trata de tema distinto; não se conecta diretamente à improcedência liminar ou à audiência inicial desta aula.
marinoni-novo-curso-vol2,43,aula-02.html,unused,O capítulo «4.2 Fase inicial da execução» trata de tema distinto; não se conecta diretamente à improcedência liminar ou à audiência inicial desta aula.
marinoni-novo-curso-vol2,51,aula-02.html,unused,O capítulo «4.3.1–4.3.2 Penhora e responsabilidade patrimonial» trata de tema distinto; não se conecta diretamente à improcedência liminar ou à audiência inicial desta aula.
marinoni-novo-curso-vol2,52,aula-02.html,unused,O capítulo «4.3.3–4.3.4 Bens de terceiros e fraude» trata de tema distinto; não se conecta diretamente à improcedência liminar ou à audiência inicial desta aula.
marinoni-novo-curso-vol2,53,aula-02.html,unused,O capítulo «4.3.5 Procedimento da penhora» trata de tema distinto; não se conecta diretamente à improcedência liminar ou à audiência inicial desta aula.
marinoni-novo-curso-vol2,45,aula-02.html,unused,O capítulo «4.4 Providências preliminares à satisfação do credor» trata de tema distinto; não se conecta diretamente à improcedência liminar ou à audiência inicial desta aula.
marinoni-novo-curso-vol2,46,aula-02.html,unused,O capítulo «4.5 A defesa do executado» trata de tema distinto; não se conecta diretamente à improcedência liminar ou à audiência inicial desta aula.
marinoni-novo-curso-vol2,47,aula-02.html,unused,O capítulo «4.6 Satisfação do credor» trata de tema distinto; não se conecta diretamente à improcedência liminar ou à audiência inicial desta aula.
marinoni-novo-curso-vol2,48,aula-02.html,unused,O capítulo «4.7 Entrega do dinheiro ao credor e caso» trata de tema distinto; não se conecta diretamente à improcedência liminar ou à audiência inicial desta aula.
marinoni-novo-curso-vol2,34,aula-02.html,unused,O capítulo «Suspensão e conclusão do cumprimento de sentença» trata de tema distinto; não se conecta diretamente à improcedência liminar ou à audiência inicial desta aula.
marinoni-novo-curso-vol2,35,aula-02.html,unused,O capítulo «A execução da decisão provisória» trata de tema distinto; não se conecta diretamente à improcedência liminar ou à audiência inicial desta aula.
marinoni-novo-curso-vol2,49,aula-02.html,unused,O capítulo «7.1 Cumprimento de decisão de prestação alimentícia» trata de tema distinto; não se conecta diretamente à improcedência liminar ou à audiência inicial desta aula.
marinoni-novo-curso-vol2,50,aula-02.html,unused,O capítulo «7.2 Cumprimento contra a Fazenda Pública e caso» trata de tema distinto; não se conecta diretamente à improcedência liminar ou à audiência inicial desta aula.
marinoni-novo-curso-vol2,37,aula-02.html,unused,O capítulo «Particularidades da execução dos demais títulos judiciais» trata de tema distinto; não se conecta diretamente à improcedência liminar ou à audiência inicial desta aula.
mitidiero-processo-civil-2022,capitulo-i,aula-02.html,unused,O capítulo «Capítulo I: O Mapa» trata de tema distinto; não se conecta diretamente à improcedência liminar ou à audiência inicial desta aula.
mitidiero-processo-civil-2022,capitulo-ii,aula-02.html,unused,O capítulo «Capítulo II: O Ouriço e a Raposa» trata de tema distinto; não se conecta diretamente à improcedência liminar ou à audiência inicial desta aula.
mitidiero-processo-civil-2022,capitulo-iii-1,aula-02.html,unused,"O capítulo «Capítulo III, § 3.1: Ação e defesa» trata de tema distinto; não se conecta diretamente à improcedência liminar ou à audiência inicial desta aula."
mitidiero-processo-civil-2022,capitulo-iii-2,aula-02.html,unused,"O capítulo «Capítulo III, § 3.2: Jurisdição» trata de tema distinto; não se conecta diretamente à improcedência liminar ou à audiência inicial desta aula."
mitidiero-processo-civil-2022,capitulo-iii-3,aula-02.html,unused,"O capítulo «Capítulo III, § 3.3: Processo» trata de tema distinto; não se conecta diretamente à improcedência liminar ou à audiência inicial desta aula."
mitidiero-processo-civil-2022,capitulo-iii-4,aula-02.html,unused,"O capítulo «Capítulo III, § 3.4: Princípios formativos, devido processo e normas fundamentais» trata de tema distinto; não se conecta diretamente à improcedência liminar ou à audiência inicial desta aula."
mitidiero-processo-civil-2022,capitulo-iv-1,aula-02.html,unused,"O capítulo «Capítulo IV, § 4.1: Procedimento» trata de tema distinto; não se conecta diretamente à improcedência liminar ou à audiência inicial desta aula."
mitidiero-processo-civil-2022,capitulo-iv-2,aula-02.html,unused,"O capítulo «Capítulo IV, § 4.2: Participantes» trata de tema distinto; não se conecta diretamente à improcedência liminar ou à audiência inicial desta aula."
mitidiero-processo-civil-2022,capitulo-iv-3,aula-02.html,unused,"O capítulo «Capítulo IV, § 4.3: Atos processuais» trata de tema distinto; não se conecta diretamente à improcedência liminar ou à audiência inicial desta aula."
mitidiero-processo-civil-2022,capitulo-iv-4,aula-02.html,unused,"O capítulo «Capítulo IV, § 4.4: Formação, suspensão e extinção do processo» trata de tema distinto; não se conecta diretamente à improcedência liminar ou à audiência inicial desta aula."
mitidiero-processo-civil-2022,capitulo-v-1,aula-02.html,unused,"O capítulo «Capítulo V, § 5.1: Procedimento comum» trata de tema distinto; não se conecta diretamente à improcedência liminar ou à audiência inicial desta aula."
mitidiero-processo-civil-2022,capitulo-v-2,aula-02.html,unused,"O capítulo «Capítulo V, § 5.2: Fase de conhecimento» trata de tema distinto; não se conecta diretamente à improcedência liminar ou à audiência inicial desta aula."
mitidiero-processo-civil-2022,capitulo-v-3,aula-02.html,unused,"O capítulo «Capítulo V, § 5.3: Fase de cumprimento» trata de tema distinto; não se conecta diretamente à improcedência liminar ou à audiência inicial desta aula."
mitidiero-processo-civil-2022,capitulo-vi-1,aula-02.html,unused,"O capítulo «Capítulo VI, § 6.1: Cortes de Justiça e Cortes Supremas» trata de tema distinto; não se conecta diretamente à improcedência liminar ou à audiência inicial desta aula."
mitidiero-processo-civil-2022,capitulo-vi-2,aula-02.html,unused,"O capítulo «Capítulo VI, § 6.2: Recursos» trata de tema distinto; não se conecta diretamente à improcedência liminar ou à audiência inicial desta aula."
mitidiero-processo-civil-2022,capitulo-vi-3,aula-02.html,unused,"O capítulo «Capítulo VI, § 6.3: Incidentes» trata de tema distinto; não se conecta diretamente à improcedência liminar ou à audiência inicial desta aula."
mitidiero-processo-civil-2022,capitulo-vi-4,aula-02.html,unused,"O capítulo «Capítulo VI, § 6.4: Ações» trata de tema distinto; não se conecta diretamente à improcedência liminar ou à audiência inicial desta aula."
mitidiero-processo-civil-2022,capitulo-vii,aula-02.html,unused,O capítulo «Capítulo VII: Os Moinhos de Vento» trata de tema distinto; não se conecta diretamente à improcedência liminar ou à audiência inicial desta aula.
mitidiero-processo-civil-2022,capitulo-viii,aula-02.html,unused,O capítulo «Capítulo VIII: Uma História sem Fim» trata de tema distinto; não se conecta diretamente à improcedência liminar ou à audiência inicial desta aula.
moodle-export-ar,moodle-export-ar,aula-02.html,unused,"O modelo «Detached Moodle export: Exemplo de AR» serve à aula de comunicação dos atos (aula 06), posterior ao recorte desta aula."
moodle-export-certidao-ne,moodle-export-certidao-ne,aula-02.html,unused,O exemplo «Detached Moodle export: Exemplo de Certificação de NE (autos físicos)» não alimenta diretamente a decisão liminar nem a audiência de conciliação/mediação desta aula.
moodle-export-edital,exemplo-de-edital,aula-02.html,unused,"O modelo «Exemplo de Edital» serve à aula de comunicação dos atos (aula 06), posterior ao recorte desta aula."
moodle-export-mandado-cumprido,moodle-export-mandado-cumprido,aula-02.html,unused,"O modelo «Detached Moodle export: Exemplo de mandado cumprido (autos físicos)» serve à aula de comunicação dos atos (aula 06), posterior ao recorte desta aula."
moodle-export-mandado-nao-cumprido,moodle-export-mandado-nao-cumprido,aula-02.html,unused,"O modelo «Detached Moodle export: Exemplo pitoresco de mandado não cumprido» serve à aula de comunicação dos atos (aula 06), posterior ao recorte desta aula."
moodle-model-ar,modelo-ar,aula-02.html,unused,"O modelo «Modelo de Aviso de Recebimento positivo (AR)» serve à aula de comunicação dos atos (aula 06), posterior ao recorte desta aula."
moodle-model-certidao-ne,modelo-certidao-ne,aula-02.html,unused,"O modelo «Modelo de certidão de Nota de Expediente (NE)» serve à aula de comunicação dos atos (aula 06), posterior ao recorte desta aula."
moodle-model-edital,moodle-model-edital-document,aula-02.html,unused,"O modelo «Edital de Citação - Execução» serve à aula de comunicação dos atos (aula 06), posterior ao recorte desta aula."
moodle-model-julgamento-sinceridade,moodle-model-julgamento-sinceridade,aula-02.html,unused,O exemplo «Modelos e Exemplos: julgamento conforme a sinceridade do processo» não alimenta diretamente a decisão liminar nem a audiência de conciliação/mediação desta aula.
moodle-model-mandado-cumprido,moodle-model-mandado-cumprido,aula-02.html,unused,"O modelo «Modelos e Exemplos: mandado cumprido/certificado» serve à aula de comunicação dos atos (aula 06), posterior ao recorte desta aula."
moodle-model-mandado-nao-cumprido,moodle-model-mandado-nao-cumprido,aula-02.html,unused,"O modelo «Modelos e Exemplos: mandado não cumprido» serve à aula de comunicação dos atos (aula 06), posterior ao recorte desta aula."
passos-teoria-nulidades,assigned-reading,aula-02.html,unused,"O capítulo «Passos, Esboço de uma teoria das nulidades, pp. 123–142» trata de tema distinto; não se conecta diretamente à improcedência liminar ou à audiência inicial desta aula."
peer-note-carolina-leite-p2,peer-note-carolina-leite-p2,aula-02.html,unused,"A anotação de colega «Carolina Leite, Direito Processual Civil I p2» não cobre diretamente estes dois tópicos e não é fonte de autoridade jurídica."
peer-note-resuminho,document,aula-02.html,unused,A anotação de colega «RESUMINHO (resumo de colega)» não cobre diretamente estes dois tópicos e não é fonte de autoridade jurídica.
peer-note-whatsapp-00001291,peer-note-whatsapp-00001291,aula-02.html,unused,"A anotação de colega «WhatsApp C10, 00001291 Direito Processual Civil I» não cobre diretamente estes dois tópicos e não é fonte de autoridade jurídica."
peer-note-whatsapp-00003003,peer-note-whatsapp-00003003,aula-02.html,unused,"A anotação de colega «WhatsApp C10, 00003003-2608» não cobre diretamente estes dois tópicos e não é fonte de autoridade jurídica."
taruffo-la-prova-1992,00-front-matter,aula-02.html,unused,O capítulo «Front matter and indice-sommario» trata de tema distinto; não se conecta diretamente à improcedência liminar ou à audiência inicial desta aula.
taruffo-la-prova-1992,01-prova-e-verita,aula-02.html,unused,O capítulo «Capitolo I — Prova e verità nel processo civile» trata de tema distinto; não se conecta diretamente à improcedência liminar ou à audiência inicial desta aula.
taruffo-la-prova-1992,02-il-fatto,aula-02.html,unused,O capítulo «Capitolo II — Il fatto» trata de tema distinto; não se conecta diretamente à improcedência liminar ou à audiência inicial desta aula.
taruffo-la-prova-1992,03-verita-verosimiglianza-probabilita,aula-02.html,unused,"O capítulo «Capitolo III — Verità, verosimiglianza, probabilità» trata de tema distinto; não se conecta diretamente à improcedência liminar ou à audiência inicial desta aula."
taruffo-la-prova-1992,04-ipotesi-prove-scelte,aula-02.html,unused,"O capítulo «Capitolo IV — Ipotesi, prove, scelte» trata de tema distinto; não se conecta diretamente à improcedência liminar ou à audiência inicial desta aula."
taruffo-la-prova-1992,05-prova-giuridica,aula-02.html,unused,O capítulo «Capitolo V — La prova giuridica» trata de tema distinto; não se conecta diretamente à improcedência liminar ou à audiência inicial desta aula.
taruffo-la-prova-1992,06-lessico-delle-prove,aula-02.html,unused,O capítulo «Capitolo VI — Elementi per un lessico delle prove» trata de tema distinto; não se conecta diretamente à improcedência liminar ou à audiência inicial desta aula.
taruffo-la-prova-1992,07-indici,aula-02.html,unused,O capítulo «Indici analitico e delle fonti» trata de tema distinto; não se conecta diretamente à improcedência liminar ou à audiência inicial desta aula.
marinoni-novo-curso-vol2,14.04b,aula-02.html,unused,"A continuação (§ 9.13 e seguintes) trata de depoimento pessoal, procedimento probatório e confissão; não atende ao recorte desta aula. O capítulo «Prova» trata de tema distinto; não se conecta diretamente à improcedência liminar ou à audiência inicial desta aula."
