source_id,chapter_id,lesson_id,role,why
barbosa-moreira-temas-serie4-1989,01-os-temas-fundamentais-do-direito-brasileiro-nos-anos-80,aula-12.html,unused,O capítulo trata de Os temas fundamentais do direito brasileiro nos anos 80: Direito Processual Civil e não aborda diretamente a denunciação da lide.
barbosa-moreira-temas-serie4-1989,02-sobre-a-multiplicidade-de-perspectivas-no-estudo-do-processo,aula-12.html,unused,O capítulo trata de Sobre a multiplicidade de perspectivas no estudo do processo e não aborda diretamente a denunciação da lide.
barbosa-moreira-temas-serie4-1989,03-dimensiones-sociales-del-proceso-civil,aula-12.html,unused,O capítulo trata de Dimensiones sociales del proceso civil e não aborda diretamente a denunciação da lide.
barbosa-moreira-temas-serie4-1989,04-o-problema-da-divisao-do-trabalho-entre-juiz-e-partes,aula-12.html,unused,O capítulo trata de O problema da “divisão do trabalho” entre juiz e partes: aspectos terminológicos e não aborda diretamente a denunciação da lide.
barbosa-moreira-temas-serie4-1989,05-os-poderes-do-juiz-na-direcao-e-na-instrucao-do-processo,aula-12.html,unused,O capítulo trata de Os poderes do juiz na direção e na instrução do processo e não aborda diretamente a denunciação da lide.
barbosa-moreira-temas-serie4-1989,06-sobre-a-participacao-do-juiz-no-processo-civil,aula-12.html,unused,O capítulo trata de Sobre a “participação” do juiz no processo civil e não aborda diretamente a denunciação da lide.
barbosa-moreira-temas-serie4-1989,07-la-igualdad-de-las-partes-en-el-proceso-civil,aula-12.html,unused,O capítulo trata de La igualdad de las partes en el proceso civil e não aborda diretamente a denunciação da lide.
barbosa-moreira-temas-serie4-1989,08-sobre-pressupostos-processuais,aula-12.html,unused,O capítulo trata de Sobre pressupostos processuais e não aborda diretamente a denunciação da lide.
barbosa-moreira-temas-serie4-1989,09-a-competencia-como-questao-preliminar-e-como-questao-de-merito,aula-12.html,unused,O capítulo trata de A competência como questão preliminar e como questão de mérito e não aborda diretamente a denunciação da lide.
barbosa-moreira-temas-serie4-1989,10-saneamento-do-processo-e-audiencia-preliminar-parte-i-apresentacao-do-problema,aula-12.html,unused,O capítulo trata de Saneamento do processo e audiência preliminar — Parte I — Apresentação do problema e não aborda diretamente a denunciação da lide.
barbosa-moreira-temas-serie4-1989,10-saneamento-do-processo-e-audiencia-preliminar-parte-ii-possibilidades-de-solucao,aula-12.html,unused,O capítulo trata de Saneamento do processo e audiência preliminar — Parte II — Possibilidades de solução e não aborda diretamente a denunciação da lide.
barbosa-moreira-temas-serie4-1989,10-saneamento-do-processo-e-audiencia-preliminar-parte-iii-modelos-concretos-tecnica-escrita,aula-12.html,unused,O capítulo trata de Saneamento do processo e audiência preliminar — Parte III — Exame de alguns modelos concretos: técnica escrita e não aborda diretamente a denunciação da lide.
barbosa-moreira-temas-serie4-1989,10-saneamento-do-processo-e-audiencia-preliminar-parte-iv-modelos-concretos-tecnica-oral,aula-12.html,unused,O capítulo trata de Saneamento do processo e audiência preliminar — Parte IV — Exame de alguns modelos concretos: técnica oral e não aborda diretamente a denunciação da lide.
barbosa-moreira-temas-serie4-1989,10-saneamento-do-processo-e-audiencia-preliminar-parte-v-apreciacao-critica,aula-12.html,unused,O capítulo trata de Saneamento do processo e audiência preliminar — Parte V — Apreciação crítica e não aborda diretamente a denunciação da lide.
barbosa-moreira-temas-serie4-1989,11-alguns-problemas-atuais-da-prova-civil,aula-12.html,unused,O capítulo trata de Alguns problemas atuais da prova civil e não aborda diretamente a denunciação da lide.
barbosa-moreira-temas-serie4-1989,12-la-collaboration-des-tiers-dans-lactivite-dinstruction,aula-12.html,unused,O capítulo trata de La collaboration des tiers dans l’activité d’instruction e não aborda diretamente a denunciação da lide.
barbosa-moreira-temas-serie4-1989,13-conteudo-e-efeitos-da-sentenca-variacoes-sobre-o-tema,aula-12.html,unused,O capítulo trata de Conteúdo e efeitos da sentença: variações sobre o tema e não aborda diretamente a denunciação da lide.
barbosa-moreira-temas-serie4-1989,14-eficacia-da-sentenca-de-interdicao-por-alienacao-mental,aula-12.html,unused,O capítulo trata de Eficácia da sentença de interdição por alienação mental e não aborda diretamente a denunciação da lide.
barbosa-moreira-temas-serie4-1989,15-publicite-et-secret-du-delibere-dans-la-justice-bresilienne,aula-12.html,unused,O capítulo trata de Publicité et secret du délibéré dans la justice brésilienne e não aborda diretamente a denunciação da lide.
barbosa-moreira-temas-serie4-1989,16-consideracoes-sobre-a-causa-de-pedir-na-acao-rescisoria,aula-12.html,unused,O capítulo trata de Considerações sobre a causa de pedir na ação rescisória e não aborda diretamente a denunciação da lide.
barbosa-moreira-temas-serie4-1989,17-tendencias-na-execucao-de-sentencas-e-ordens-judiciais,aula-12.html,unused,O capítulo trata de Tendências na execução de sentenças e ordens judiciais e não aborda diretamente a denunciação da lide.
barbosa-moreira-temas-serie4-1989,18-problemas-e-solucoes-em-materia-de-reconhecimento-e-execucao-i-visao-panoramica,aula-12.html,unused,O capítulo trata de Problemas e soluções em matéria de reconhecimento e execução de sentenças e laudos arbitrais estrangeiros — I — Visão panorâmica da situação atual e não aborda diretamente a denunciação da lide.
barbosa-moreira-temas-serie4-1989,18-problemas-e-solucoes-em-materia-de-reconhecimento-e-execucao-ii-mecanismos-restritivos,aula-12.html,unused,O capítulo trata de Problemas e soluções em matéria de reconhecimento e execução de sentenças e laudos arbitrais estrangeiros — II — Os mecanismos restritivos da extensão internacional dos efeitos das sentenças e não aborda diretamente a denunciação da lide.
barbosa-moreira-temas-serie4-1989,18-problemas-e-solucoes-em-materia-de-reconhecimento-e-execucao-iii-possibilidades-de-abolicao-ou-atenuacao,aula-12.html,unused,O capítulo trata de Problemas e soluções em matéria de reconhecimento e execução de sentenças e laudos arbitrais estrangeiros — III — Possibilidades de abolição ou atenuação dos mecanismos restritivos e não aborda diretamente a denunciação da lide.
barbosa-moreira-temas-serie4-1989,18-problemas-e-solucoes-em-materia-de-reconhecimento-e-execucao-introducao,aula-12.html,unused,O capítulo trata de Problemas e soluções em matéria de reconhecimento e execução de sentenças e laudos arbitrais estrangeiros — Introdução e não aborda diretamente a denunciação da lide.
barbosa-moreira-temas-serie4-1989,18-problemas-e-solucoes-em-materia-de-reconhecimento-e-execucao-iv-laudos-arbitrais-estrangeiros,aula-12.html,unused,O capítulo trata de Problemas e soluções em matéria de reconhecimento e execução de sentenças e laudos arbitrais estrangeiros — IV — Laudos arbitrais estrangeiros e não aborda diretamente a denunciação da lide.
barbosa-moreira-temas-serie4-1989,18-problemas-e-solucoes-em-materia-de-reconhecimento-e-execucao-v-papel-dos-tratados-e-convencoes,aula-12.html,unused,O capítulo trata de Problemas e soluções em matéria de reconhecimento e execução de sentenças e laudos arbitrais estrangeiros — V — O papel dos tratados e convenções e não aborda diretamente a denunciação da lide.
barbosa-moreira-temas-serie4-1989,18-problemas-e-solucoes-em-materia-de-reconhecimento-e-execucao-vi-conclusoes-gerais,aula-12.html,unused,O capítulo trata de Problemas e soluções em matéria de reconhecimento e execução de sentenças e laudos arbitrais estrangeiros — VI — Conclusões gerais e não aborda diretamente a denunciação da lide.
barbosa-moreira-temas-serie4-1989,19-medida-cautelar-liminarmente-concedida-e-omissao-do-requerente,aula-12.html,unused,O capítulo trata de Medida cautelar liminarmente concedida e omissão do requerente em propor a tempo a ação principal e não aborda diretamente a denunciação da lide.
barbosa-moreira-temas-serie4-1989,20-le-juge-bresilien-et-le-droit-etranger,aula-12.html,unused,O capítulo trata de Le juge brésilien et le droit étranger e não aborda diretamente a denunciação da lide.
barbosa-moreira-temas-serie4-1989,21-apendice-presenca-de-couture,aula-12.html,unused,O capítulo trata de Apêndice — Presença de Couture e não aborda diretamente a denunciação da lide.
barbosa-moreira-temas-serie4-1989,22-indice-onomastico,aula-12.html,unused,O capítulo trata de Índice onomástico e não aborda diretamente a denunciação da lide.
barbosa-moreira-temas-serie4-1989,23-indice-alfabetico-remissivo,aula-12.html,unused,O capítulo trata de Índice alfabético-remissivo e não aborda diretamente a denunciação da lide.
carpes-onus-da-prova,assigned-reading,aula-12.html,unused,"O capítulo trata de Carpes, Ônus dinâmico da prova, pp. 45–61 e não aborda diretamente a denunciação da lide."
costa-atos-processuais,capitulo-atos-processuais,aula-12.html,unused,"O capítulo trata de Eduardo José da Fonseca Costa, Atos Processuais (art. 188) e não aborda diretamente a denunciação da lide."
cpc-lei-13105-capture-2026-09-28,Art. 1,aula-12.html,unused,"O capítulo trata de Art. 1º O processo civil será ordenado, disciplinado e interpretado conforme os valores e as normas fundamentais estabelecidos na e não aborda diretamente a denunciação da lide."
cpc-lei-13105-capture-2026-09-28,Art. 10,aula-12.html,unused,"O capítulo trata de Art. 10. O juiz não pode decidir, em grau algum de jurisdição, com base em fundamento a respeito do qual não se tenha dado às partes oportunidade de se manifestar, ainda que se trate de matéria sobre a qual deva decidir de ofício. e não aborda diretamente a denunciação da lide."
cpc-lei-13105-capture-2026-09-28,Art. 100,aula-12.html,unused,"O capítulo trata de Art. 100. Deferido o pedido, a parte contrária poderá oferecer impugnação na contestação, na réplica, nas contrarrazões de recurso ou, nos casos de pedido superveniente ou formulado por terceiro, por meio de petição simples, a ser apresentada no prazo de 15 (quinze) dias, nos autos do próprio processo, sem suspensão de seu curso. e não aborda diretamente a denunciação da lide."
cpc-lei-13105-capture-2026-09-28,Art. 1000,aula-12.html,unused,O capítulo trata de Art. 1.000. A parte que aceitar expressa ou tacitamente a decisão não poderá recorrer. e não aborda diretamente a denunciação da lide.
cpc-lei-13105-capture-2026-09-28,Art. 1001,aula-12.html,unused,O capítulo trata de Art. 1.001. Dos despachos não cabe recurso. e não aborda diretamente a denunciação da lide.
cpc-lei-13105-capture-2026-09-28,Art. 1002,aula-12.html,unused,O capítulo trata de Art. 1.002. A decisão pode ser impugnada no todo ou em parte. e não aborda diretamente a denunciação da lide.
cpc-lei-13105-capture-2026-09-28,Art. 1003,aula-12.html,unused,"O capítulo trata de Art. 1.003. O prazo para interposição de recurso conta-se da data em que os advogados, a sociedade de advogados, a Advocacia Pública, a Defensoria Pública ou o Ministério Público são intimados da decisão. e não aborda diretamente a denunciação da lide."
cpc-lei-13105-capture-2026-09-28,Art. 1004,aula-12.html,unused,"O capítulo trata de Art. 1.004. Se, durante o prazo para a interposição do recurso, sobrevier o falecimento da parte ou de seu advogado ou ocorrer motivo de força maior que suspenda o curso do processo, será tal prazo restituído em proveito da parte, do herdeiro ou do sucessor, contra quem começará a correr novamente depois da intimação. e não aborda diretamente a denunciação da lide."
cpc-lei-13105-capture-2026-09-28,Art. 1005,aula-12.html,unused,"O capítulo trata de Art. 1.005. O recurso interposto por um dos litisconsortes a todos aproveita, salvo se distintos ou opostos os seus interesses. e não aborda diretamente a denunciação da lide."
cpc-lei-13105-capture-2026-09-28,Art. 1006,aula-12.html,unused,"O capítulo trata de Art. 1.006. Certificado o trânsito em julgado, com menção expressa da data de sua ocorrência, o escrivão ou o chefe de secretaria, independentemente de despacho, providenciará a baixa dos autos ao juízo de origem, no prazo de 5 (cinco) dias. e não aborda diretamente a denunciação da lide."
cpc-lei-13105-capture-2026-09-28,Art. 1007,aula-12.html,unused,"O capítulo trata de Art. 1.007. No ato de interposição do recurso, o recorrente comprovará, quando exigido pela legislação pertinente, o respectivo preparo, inclusive porte de remessa e de retorno, sob pena de deserção. e não aborda diretamente a denunciação da lide."
cpc-lei-13105-capture-2026-09-28,Art. 1008,aula-12.html,unused,O capítulo trata de Art. 1.008. O julgamento proferido pelo tribunal substituirá a decisão impugnada no que tiver sido objeto de recurso. e não aborda diretamente a denunciação da lide.
cpc-lei-13105-capture-2026-09-28,Art. 1009,aula-12.html,unused,O capítulo trata de Art. 1.009. Da sentença cabe apelação. e não aborda diretamente a denunciação da lide.
cpc-lei-13105-capture-2026-09-28,Art. 101,aula-12.html,unused,"O capítulo trata de Art. 101. Contra a decisão que indeferir a gratuidade ou a que acolher pedido de sua revogação caberá agravo de instrumento, exceto quando a questão for resolvida na sentença, contra a qual caberá apelação. e não aborda diretamente a denunciação da lide."
cpc-lei-13105-capture-2026-09-28,Art. 1010,aula-12.html,unused,"O capítulo trata de Art. 1.010. A apelação, interposta por petição dirigida ao juízo de primeiro grau, conterá: e não aborda diretamente a denunciação da lide."
cpc-lei-13105-capture-2026-09-28,Art. 1011,aula-12.html,unused,"O capítulo trata de Art. 1.011. Recebido o recurso de apelação no tribunal e distribuído imediatamente, o relator: e não aborda diretamente a denunciação da lide."
cpc-lei-13105-capture-2026-09-28,Art. 1012,aula-12.html,unused,O capítulo trata de Art. 1.012. A apelação terá efeito suspensivo. e não aborda diretamente a denunciação da lide.
cpc-lei-13105-capture-2026-09-28,Art. 1013,aula-12.html,unused,O capítulo trata de Art. 1.013. A apelação devolverá ao tribunal o conhecimento da matéria impugnada. e não aborda diretamente a denunciação da lide.
cpc-lei-13105-capture-2026-09-28,Art. 1014,aula-12.html,unused,"O capítulo trata de Art. 1.014. As questões de fato não propostas no juízo inferior poderão ser suscitadas na apelação, se a parte provar que deixou de fazê-lo por motivo de força maior. e não aborda diretamente a denunciação da lide."
cpc-lei-13105-capture-2026-09-28,Art. 1015,aula-12.html,unused,O capítulo trata de Art. 1.015. Cabe agravo de instrumento contra as decisões interlocutórias que versarem sobre: e não aborda diretamente a denunciação da lide.
cpc-lei-13105-capture-2026-09-28,Art. 1016,aula-12.html,unused,"O capítulo trata de Art. 1.016. O agravo de instrumento será dirigido diretamente ao tribunal competente, por meio de petição com os seguintes requisitos: e não aborda diretamente a denunciação da lide."
cpc-lei-13105-capture-2026-09-28,Art. 1017,aula-12.html,unused,O capítulo trata de Art. 1.017. A petição de agravo de instrumento será instruída: e não aborda diretamente a denunciação da lide.
cpc-lei-13105-capture-2026-09-28,Art. 1018,aula-12.html,unused,"O capítulo trata de Art. 1.018. O agravante poderá requerer a juntada, aos autos do processo, de cópia da petição do agravo de instrumento, do comprovante de sua interposição e da relação dos documentos que instruíram o recurso. e não aborda diretamente a denunciação da lide."
cpc-lei-13105-capture-2026-09-28,Art. 1019,aula-12.html,unused,"O capítulo trata de Art. 1.019. Recebido o agravo de instrumento no tribunal e distribuído imediatamente, se não for o caso de aplicação do e não aborda diretamente a denunciação da lide."
cpc-lei-13105-capture-2026-09-28,Art. 102,aula-12.html,unused,"O capítulo trata de Art. 102. Sobrevindo o trânsito em julgado de decisão que revoga a gratuidade, a parte deverá efetuar o recolhimento de todas as despesas de cujo adiantamento foi dispensada, inclusive as relativas ao recurso interposto, se houver, no prazo fixado pelo juiz, sem prejuízo de aplicação das sanções previstas em lei. e não aborda diretamente a denunciação da lide."
cpc-lei-13105-capture-2026-09-28,Art. 1020,aula-12.html,unused,O capítulo trata de Art. 1.020. O relator solicitará dia para julgamento em prazo não superior a 1 (um) mês da intimação do agravado. e não aborda diretamente a denunciação da lide.
cpc-lei-13105-capture-2026-09-28,Art. 1021,aula-12.html,unused,"O capítulo trata de Art. 1.021. Contra decisão proferida pelo relator caberá agravo interno para o respectivo órgão colegiado, observadas, quanto ao processamento, as regras do regimento interno do tribunal. e não aborda diretamente a denunciação da lide."
cpc-lei-13105-capture-2026-09-28,Art. 1022,aula-12.html,unused,O capítulo trata de Art. 1.022. Cabem embargos de declaração contra qualquer decisão judicial para: e não aborda diretamente a denunciação da lide.
cpc-lei-13105-capture-2026-09-28,Art. 1023,aula-12.html,unused,"O capítulo trata de Art. 1.023. Os embargos serão opostos, no prazo de 5 (cinco) dias, em petição dirigida ao juiz, com indicação do erro, obscuridade, contradição ou omissão, e não se sujeitam a preparo. e não aborda diretamente a denunciação da lide."
cpc-lei-13105-capture-2026-09-28,Art. 1024,aula-12.html,unused,O capítulo trata de Art. 1.024. O juiz julgará os embargos em 5 (cinco) dias. e não aborda diretamente a denunciação da lide.
cpc-lei-13105-capture-2026-09-28,Art. 1025,aula-12.html,unused,"O capítulo trata de Art. 1.025. Consideram-se incluídos no acórdão os elementos que o embargante suscitou, para fins de pré-questionamento, ainda que os embargos de declaração sejam inadmitidos ou rejeitados, caso o tribunal superior considere existentes erro, omissão, contradição ou obscuridade. e não aborda diretamente a denunciação da lide."
cpc-lei-13105-capture-2026-09-28,Art. 1026,aula-12.html,unused,O capítulo trata de Art. 1.026. Os embargos de declaração não possuem efeito suspensivo e interrompem o prazo para a interposição de recurso. e não aborda diretamente a denunciação da lide.
cpc-lei-13105-capture-2026-09-28,Art. 1027,aula-12.html,unused,O capítulo trata de Art. 1.027. Serão julgados em recurso ordinário: e não aborda diretamente a denunciação da lide.
cpc-lei-13105-capture-2026-09-28,Art. 1028,aula-12.html,unused,O capítulo trata de Art. 1.028. Ao recurso mencionado no e não aborda diretamente a denunciação da lide.
cpc-lei-13105-capture-2026-09-28,Art. 1029,aula-12.html,unused,"O capítulo trata de Art. 1.029. O recurso extraordinário e o recurso especial, nos casos previstos na e não aborda diretamente a denunciação da lide."
cpc-lei-13105-capture-2026-09-28,Art. 103,aula-12.html,unused,O capítulo trata de Art. 103. A parte será representada em juízo por advogado regularmente inscrito na Ordem dos Advogados do Brasil. e não aborda diretamente a denunciação da lide.
cpc-lei-13105-capture-2026-09-28,Art. 1030,aula-12.html,unused,"O capítulo trata de Art. 1.030. Recebida a petição do recurso pela secretaria do tribunal, o recorrido será intimado para apresentar contrarrazões no prazo de 15 (quinze) dias, findo o qual os autos serão remetidos ao respectivo tribunal superior. e não aborda diretamente a denunciação da lide."
cpc-lei-13105-capture-2026-09-28,Art. 1031,aula-12.html,unused,"O capítulo trata de Art. 1.031. Na hipótese de interposição conjunta de recurso extraordinário e recurso especial, os autos serão remetidos ao Superior Tribunal de Justiça. e não aborda diretamente a denunciação da lide."
cpc-lei-13105-capture-2026-09-28,Art. 1032,aula-12.html,unused,"O capítulo trata de Art. 1.032. Se o relator, no Superior Tribunal de Justiça, entender que o recurso especial versa sobre questão constitucional, deverá conceder prazo de 15 (quinze) dias para que o recorrente demonstre a existência de repercussão geral e se manifeste sobre a questão constitucional. e não aborda diretamente a denunciação da lide."
cpc-lei-13105-capture-2026-09-28,Art. 1033,aula-12.html,unused,"O capítulo trata de Art. 1.033. Se o Supremo Tribunal Federal considerar como reflexa a ofensa à Constituição afirmada no recurso extraordinário, por pressupor a revisão da interpretação de lei federal ou de tratado, remetê-lo-á ao Superior Tribunal de Justiça para julgamento como recurso especial. e não aborda diretamente a denunciação da lide."
cpc-lei-13105-capture-2026-09-28,Art. 1034,aula-12.html,unused,"O capítulo trata de Art. 1.034. Admitido o recurso extraordinário ou o recurso especial, o Supremo Tribunal Federal ou o Superior Tribunal de Justiça julgará o processo, aplicando o direito. e não aborda diretamente a denunciação da lide."
cpc-lei-13105-capture-2026-09-28,Art. 1035,aula-12.html,unused,"O capítulo trata de Art. 1.035. O Supremo Tribunal Federal, em decisão irrecorrível, não conhecerá do recurso extraordinário quando a questão constitucional nele versada não tiver repercussão geral, nos termos deste artigo. e não aborda diretamente a denunciação da lide."
cpc-lei-13105-capture-2026-09-28,Art. 1036,aula-12.html,unused,"O capítulo trata de Art. 1.036. Sempre que houver multiplicidade de recursos extraordinários ou especiais com fundamento em idêntica questão de direito, haverá afetação para julgamento de acordo com as disposições desta Subseção, observado o disposto no Regimento Interno do Supremo Tribunal Federal e no do Superior Tribunal de Justiça. e não aborda diretamente a denunciação da lide."
cpc-lei-13105-capture-2026-09-28,Art. 1037,aula-12.html,unused,"O capítulo trata de Art. 1.037. Selecionados os recursos, o relator, no tribunal superior, constatando a presença do pressuposto do e não aborda diretamente a denunciação da lide."
cpc-lei-13105-capture-2026-09-28,Art. 1038,aula-12.html,unused,O capítulo trata de Art. 1.038. O relator poderá: e não aborda diretamente a denunciação da lide.
cpc-lei-13105-capture-2026-09-28,Art. 1039,aula-12.html,unused,"O capítulo trata de Art. 1.039. Decididos os recursos afetados, os órgãos colegiados declararão prejudicados os demais recursos versando sobre idêntica controvérsia ou os decidirão aplicando a tese firmada. e não aborda diretamente a denunciação da lide."
cpc-lei-13105-capture-2026-09-28,Art. 104,aula-12.html,unused,"O capítulo trata de Art. 104. O advogado não será admitido a postular em juízo sem procuração, salvo para evitar preclusão, decadência ou prescrição, ou para praticar ato considerado urgente. e não aborda diretamente a denunciação da lide."
cpc-lei-13105-capture-2026-09-28,Art. 1040,aula-12.html,unused,O capítulo trata de Art. 1.040. Publicado o acórdão paradigma: e não aborda diretamente a denunciação da lide.
cpc-lei-13105-capture-2026-09-28,Art. 1041,aula-12.html,unused,"O capítulo trata de Art. 1.041. Mantido o acórdão divergente pelo tribunal de origem, o recurso especial ou extraordinário será remetido ao respectivo tribunal superior, na forma do e não aborda diretamente a denunciação da lide."
cpc-lei-13105-capture-2026-09-28,Art. 1043,aula-12.html,unused,O capítulo trata de Art. 1.043. É embargável o acórdão de órgão fracionário que: e não aborda diretamente a denunciação da lide.
cpc-lei-13105-capture-2026-09-28,Art. 1044,aula-12.html,unused,"O capítulo trata de Art. 1.044. No recurso de embargos de divergência, será observado o procedimento estabelecido no regimento interno do respectivo tribunal superior. e não aborda diretamente a denunciação da lide."
cpc-lei-13105-capture-2026-09-28,Art. 1045,aula-12.html,unused,O capítulo trata de Art. 1.045. Este Código entra em vigor após decorrido 1 (um) ano da data de sua publicação oficial. e não aborda diretamente a denunciação da lide.
cpc-lei-13105-capture-2026-09-28,Art. 1046,aula-12.html,unused,"O capítulo trata de Art. 1.046. Ao entrar em vigor este Código, suas disposições se aplicarão desde logo aos processos pendentes, ficando revogada a e não aborda diretamente a denunciação da lide."
cpc-lei-13105-capture-2026-09-28,Art. 1047,aula-12.html,unused,O capítulo trata de Art. 1.047. As disposições de direito probatório adotadas neste Código aplicam-se apenas às provas requeridas ou determinadas de ofício a partir da data de início de sua vigência. e não aborda diretamente a denunciação da lide.
cpc-lei-13105-capture-2026-09-28,Art. 1048,aula-12.html,unused,"O capítulo trata de Art. 1.048. Terão prioridade de tramitação, em qualquer juízo ou tribunal, os procedimentos judiciais: e não aborda diretamente a denunciação da lide."
cpc-lei-13105-capture-2026-09-28,Art. 1049,aula-12.html,unused,"O capítulo trata de Art. 1.049. Sempre que a lei remeter a procedimento previsto na lei processual sem especificá-lo, será observado o procedimento comum previsto neste Código. e não aborda diretamente a denunciação da lide."
cpc-lei-13105-capture-2026-09-28,Art. 105,aula-12.html,unused,"O capítulo trata de Art. 105. A procuração geral para o foro, outorgada por instrumento público ou particular assinado pela parte, habilita o advogado a praticar todos os atos do processo, exceto receber citação, confessar, reconhecer a procedência do pedido, transigir, desistir, renunciar ao direito sobre o qual se funda a ação, receber, dar quitação, firmar compromisso e assinar declaração de hipossuficiência econômica, que devem constar de cláusula específica. e não aborda diretamente a denunciação da lide."
cpc-lei-13105-capture-2026-09-28,Art. 1050,aula-12.html,unused,"O capítulo trata de Art. 1.050. A União, os Estados, o Distrito Federal, os Municípios, suas respectivas entidades da administração indireta, o Ministério Público, a Defensoria Pública e a Advocacia Pública, no prazo de 30 (trinta) dias a contar da data da entrada em e não aborda diretamente a denunciação da lide."
cpc-lei-13105-capture-2026-09-28,Art. 1051,aula-12.html,unused,O capítulo trata de Art. 1.051. As empresas públicas e privadas devem cumprir o disposto no e não aborda diretamente a denunciação da lide.
cpc-lei-13105-capture-2026-09-28,Art. 1052,aula-12.html,unused,"O capítulo trata de Art. 1.052. Até a edição de lei específica, as execuções contra devedor insolvente, em curso ou que venham a ser propostas, permanecem reguladas pelo e não aborda diretamente a denunciação da lide."
cpc-lei-13105-capture-2026-09-28,Art. 1053,aula-12.html,unused,"O capítulo trata de Art. 1.053. Os atos processuais praticados por meio eletrônico até a transição definitiva para certificação digital ficam convalidados, ainda que não tenham observado os requisitos mínimos estabelecidos por este Código, desde que tenham atingido sua finalidade e não tenha havido prejuízo à defesa de qualquer das partes. e não aborda diretamente a denunciação da lide."
cpc-lei-13105-capture-2026-09-28,Art. 1054,aula-12.html,unused,O capítulo trata de Art. 1.054. O disposto no e não aborda diretamente a denunciação da lide.
cpc-lei-13105-capture-2026-09-28,Art. 1055,aula-12.html,unused,O capítulo trata de Art. 1.055. (VETADO). e não aborda diretamente a denunciação da lide.
cpc-lei-13105-capture-2026-09-28,Art. 1056,aula-12.html,unused,O capítulo trata de Art. 1.056. Considerar-se-á como termo inicial do prazo da prescrição prevista no e não aborda diretamente a denunciação da lide.
cpc-lei-13105-capture-2026-09-28,Art. 1057,aula-12.html,unused,O capítulo trata de Art. 1.057. O disposto no e não aborda diretamente a denunciação da lide.
cpc-lei-13105-capture-2026-09-28,Art. 1058,aula-12.html,unused,"O capítulo trata de Art. 1.058. Em todos os casos em que houver recolhimento de importância em dinheiro, esta será depositada em nome da parte ou do interessado, em conta especial movimentada por ordem do juiz, nos termos do e não aborda diretamente a denunciação da lide."
cpc-lei-13105-capture-2026-09-28,Art. 1059,aula-12.html,unused,O capítulo trata de Art. 1.059. À tutela provisória requerida contra a Fazenda Pública aplica-se o disposto nos e não aborda diretamente a denunciação da lide.
cpc-lei-13105-capture-2026-09-28,Art. 106,aula-12.html,unused,"O capítulo trata de Art. 106. Quando postular em causa própria, incumbe ao advogado: e não aborda diretamente a denunciação da lide."
cpc-lei-13105-capture-2026-09-28,Art. 1060,aula-12.html,unused,O capítulo trata de Art. 1.060. O inciso II do art. 14 da e não aborda diretamente a denunciação da lide.
cpc-lei-13105-capture-2026-09-28,Art. 1061,aula-12.html,unused,O capítulo trata de Art. 1.061. O § 3º do art. 33 da e não aborda diretamente a denunciação da lide.
cpc-lei-13105-capture-2026-09-28,Art. 1062,aula-12.html,unused,O capítulo trata de Art. 1.062. O incidente de desconsideração da personalidade jurídica aplica-se ao processo de competência dos juizados especiais. e não aborda diretamente a denunciação da lide.
cpc-lei-13105-capture-2026-09-28,Art. 1063,aula-12.html,unused,"O capítulo trata de Art. 1.063. Até a edição de lei específica, os juizados especiais cíveis previstos na e não aborda diretamente a denunciação da lide."
cpc-lei-13105-capture-2026-09-28,Art. 1064,aula-12.html,unused,O capítulo trata de Art. 1.064. O e não aborda diretamente a denunciação da lide.
cpc-lei-13105-capture-2026-09-28,Art. 1065,aula-12.html,unused,O capítulo trata de Art. 1.065. O art. 50 da e não aborda diretamente a denunciação da lide.
cpc-lei-13105-capture-2026-09-28,Art. 1066,aula-12.html,unused,O capítulo trata de Art. 1.066. O art. 83 da e não aborda diretamente a denunciação da lide.
cpc-lei-13105-capture-2026-09-28,Art. 1067,aula-12.html,unused,O capítulo trata de Art. 1.067. O art. 275 da e não aborda diretamente a denunciação da lide.
cpc-lei-13105-capture-2026-09-28,Art. 1068,aula-12.html,unused,O capítulo trata de Art. 1.068. O art. 274 e o e não aborda diretamente a denunciação da lide.
cpc-lei-13105-capture-2026-09-28,Art. 1069,aula-12.html,unused,"O capítulo trata de Art. 1.069. O Conselho Nacional de Justiça promoverá, periodicamente, pesquisas estatísticas para avaliação da efetividade das normas previstas neste Código. e não aborda diretamente a denunciação da lide."
cpc-lei-13105-capture-2026-09-28,Art. 107,aula-12.html,unused,O capítulo trata de Art. 107. O advogado tem direito a: e não aborda diretamente a denunciação da lide.
cpc-lei-13105-capture-2026-09-28,Art. 1070,aula-12.html,unused,"O capítulo trata de Art. 1.070. É de 15 (quinze) dias o prazo para a interposição de qualquer agravo, previsto em lei ou em regimento interno de tribunal, contra decisão de relator ou outra decisão unipessoal proferida em tribunal. e não aborda diretamente a denunciação da lide."
cpc-lei-13105-capture-2026-09-28,Art. 1071,aula-12.html,unused,O capítulo trata de Art. 1.071. O Capítulo III do Título V da e não aborda diretamente a denunciação da lide.
cpc-lei-13105-capture-2026-09-28,Art. 1072,aula-12.html,unused,O capítulo trata de Art. 1.072. Revogam-se: e não aborda diretamente a denunciação da lide.
cpc-lei-13105-capture-2026-09-28,Art. 108,aula-12.html,unused,"O capítulo trata de Art. 108. No curso do processo, somente é lícita a sucessão voluntária das partes nos casos expressos em lei. e não aborda diretamente a denunciação da lide."
cpc-lei-13105-capture-2026-09-28,Art. 109,aula-12.html,unused,"O capítulo trata de Art. 109. A alienação da coisa ou do direito litigioso por ato entre vivos, a título particular, não altera a legitimidade das partes. e não aborda diretamente a denunciação da lide."
cpc-lei-13105-capture-2026-09-28,Art. 11,aula-12.html,unused,"O capítulo trata de Art. 11. Todos os julgamentos dos órgãos do Poder Judiciário serão públicos, e fundamentadas todas as decisões, sob pena de nulidade. e não aborda diretamente a denunciação da lide."
cpc-lei-13105-capture-2026-09-28,Art. 110,aula-12.html,unused,"O capítulo trata de Art. 110. Ocorrendo a morte de qualquer das partes, dar-se-á a sucessão pelo seu espólio ou pelos seus sucessores, observado o disposto no e não aborda diretamente a denunciação da lide."
cpc-lei-13105-capture-2026-09-28,Art. 111,aula-12.html,unused,"O capítulo trata de Art. 111. A parte que revogar o mandato outorgado a seu advogado constituirá, no mesmo ato, outro que assuma o patrocínio da causa. e não aborda diretamente a denunciação da lide."
cpc-lei-13105-capture-2026-09-28,Art. 112,aula-12.html,unused,"O capítulo trata de Art. 112. O advogado poderá renunciar ao mandato a qualquer tempo, provando, na forma prevista neste Código, que comunicou a renúncia ao mandante, a fim de que este nomeie sucessor. e não aborda diretamente a denunciação da lide."
cpc-lei-13105-capture-2026-09-28,Art. 113,aula-12.html,unused,"O capítulo trata de Art. 113. Duas ou mais pessoas podem litigar, no mesmo processo, em conjunto, ativa ou passivamente, quando: e não aborda diretamente a denunciação da lide."
cpc-lei-13105-capture-2026-09-28,Art. 114,aula-12.html,unused,"O capítulo trata de Art. 114. O litisconsórcio será necessário por disposição de lei ou quando, pela natureza da relação jurídica controvertida, a eficácia da sentença depender da citação de todos que devam ser litisconsortes. e não aborda diretamente a denunciação da lide."
cpc-lei-13105-capture-2026-09-28,Art. 115,aula-12.html,unused,"O capítulo trata de Art. 115. A sentença de mérito, quando proferida sem a integração do contraditório, será: e não aborda diretamente a denunciação da lide."
cpc-lei-13105-capture-2026-09-28,Art. 116,aula-12.html,unused,"O capítulo trata de Art. 116. O litisconsórcio será unitário quando, pela natureza da relação jurídica, o juiz tiver de decidir o mérito de modo uniforme para todos os litisconsortes. e não aborda diretamente a denunciação da lide."
cpc-lei-13105-capture-2026-09-28,Art. 117,aula-12.html,unused,"O capítulo trata de Art. 117. Os litisconsortes serão considerados, em suas relações com a parte adversa, como litigantes distintos, exceto no litisconsórcio unitário, caso em que os atos e as omissões de um não prejudicarão os outros, mas os poderão beneficiar. e não aborda diretamente a denunciação da lide."
cpc-lei-13105-capture-2026-09-28,Art. 118,aula-12.html,unused,"O capítulo trata de Art. 118. Cada litisconsorte tem o direito de promover o andamento do processo, e todos devem ser intimados dos respectivos atos. e não aborda diretamente a denunciação da lide."
cpc-lei-13105-capture-2026-09-28,Art. 119,aula-12.html,unused,"O capítulo trata de Art. 119. Pendendo causa entre 2 (duas) ou mais pessoas, o terceiro juridicamente interessado em que a sentença seja favorável a uma delas poderá intervir no processo para assisti-la. e não aborda diretamente a denunciação da lide."
cpc-lei-13105-capture-2026-09-28,Art. 12,aula-12.html,unused,O capítulo trata de Art. 12. Os juízes e os tribunais deverão obedecer à ordem cronológica de conclusão para proferir sentença ou acórdão. e não aborda diretamente a denunciação da lide.
cpc-lei-13105-capture-2026-09-28,Art. 120,aula-12.html,unused,"O capítulo trata de Art. 120. Não havendo impugnação no prazo de 15 (quinze) dias, o pedido do assistente será deferido, salvo se for caso de rejeição liminar. e não aborda diretamente a denunciação da lide."
cpc-lei-13105-capture-2026-09-28,Art. 121,aula-12.html,unused,"O capítulo trata de Art. 121. O assistente simples atuará como auxiliar da parte principal, exercerá os mesmos poderes e sujeitar-se-á aos mesmos ônus processuais que o assistido. e não aborda diretamente a denunciação da lide."
cpc-lei-13105-capture-2026-09-28,Art. 122,aula-12.html,unused,"O capítulo trata de Art. 122. A assistência simples não obsta a que a parte principal reconheça a procedência do pedido, desista da ação, renuncie ao direito sobre o que se funda a ação ou transija sobre direitos controvertidos. e não aborda diretamente a denunciação da lide."
cpc-lei-13105-capture-2026-09-28,Art. 123,aula-12.html,unused,"O capítulo trata de Art. 123. Transitada em julgado a sentença no processo em que interveio o assistente, este não poderá, em processo posterior, discutir a justiça da decisão, salvo se alegar e provar que: e não aborda diretamente a denunciação da lide."
cpc-lei-13105-capture-2026-09-28,Art. 124,aula-12.html,unused,O capítulo trata de Art. 124. Considera-se litisconsorte da parte principal o assistente sempre que a sentença influir na relação jurídica entre ele e o adversário do assistido. e não aborda diretamente a denunciação da lide.
cpc-lei-13105-capture-2026-09-28,Art. 125,aula-12.html,supporting,"Texto legal diretamente aplicável à admissibilidade e ao procedimento da denunciação da lide (CPC, arts. 125–129)."
cpc-lei-13105-capture-2026-09-28,Art. 126,aula-12.html,supporting,"Texto legal diretamente aplicável à admissibilidade e ao procedimento da denunciação da lide (CPC, arts. 125–129)."
cpc-lei-13105-capture-2026-09-28,Art. 127,aula-12.html,supporting,"Texto legal diretamente aplicável à admissibilidade e ao procedimento da denunciação da lide (CPC, arts. 125–129)."
cpc-lei-13105-capture-2026-09-28,Art. 128,aula-12.html,supporting,"Texto legal diretamente aplicável à admissibilidade e ao procedimento da denunciação da lide (CPC, arts. 125–129)."
cpc-lei-13105-capture-2026-09-28,Art. 129,aula-12.html,supporting,"Texto legal diretamente aplicável à admissibilidade e ao procedimento da denunciação da lide (CPC, arts. 125–129)."
cpc-lei-13105-capture-2026-09-28,Art. 13,aula-12.html,unused,"O capítulo trata de Art. 13. A jurisdição civil será regida pelas normas processuais brasileiras, ressalvadas as disposições específicas previstas em tratados, convenções ou acordos internacionais de que o Brasil seja parte. e não aborda diretamente a denunciação da lide."
cpc-lei-13105-capture-2026-09-28,Art. 130,aula-12.html,unused,"O capítulo trata de Art. 130. É admissível o chamamento ao processo, requerido pelo réu: e não aborda diretamente a denunciação da lide."
cpc-lei-13105-capture-2026-09-28,Art. 131,aula-12.html,unused,"O capítulo trata de Art. 131. A citação daqueles que devam figurar em litisconsórcio passivo será requerida pelo réu na contestação e deve ser promovida no prazo de 30 (trinta) dias, sob pena de ficar sem efeito o chamamento. e não aborda diretamente a denunciação da lide."
cpc-lei-13105-capture-2026-09-28,Art. 132,aula-12.html,unused,"O capítulo trata de Art. 132. A sentença de procedência valerá como título executivo em favor do réu que satisfizer a dívida, a fim de que possa exigi-la, por inteiro, do devedor principal, ou, de cada um dos codevedores, a sua quota, na proporção que lhes tocar. e não aborda diretamente a denunciação da lide."
cpc-lei-13105-capture-2026-09-28,Art. 133,aula-12.html,unused,"O capítulo trata de Art. 133. O incidente de desconsideração da personalidade jurídica será instaurado a pedido da parte ou do Ministério Público, quando lhe couber intervir no processo. e não aborda diretamente a denunciação da lide."
cpc-lei-13105-capture-2026-09-28,Art. 134,aula-12.html,unused,"O capítulo trata de Art. 134. O incidente de desconsideração é cabível em todas as fases do processo de conhecimento, no cumprimento de sentença e na execução fundada em título executivo extrajudicial. e não aborda diretamente a denunciação da lide."
cpc-lei-13105-capture-2026-09-28,Art. 135,aula-12.html,unused,"O capítulo trata de Art. 135. Instaurado o incidente, o sócio ou a pessoa jurídica será citado para manifestar-se e requerer as provas cabíveis no prazo de 15 (quinze) dias. e não aborda diretamente a denunciação da lide."
cpc-lei-13105-capture-2026-09-28,Art. 136,aula-12.html,unused,"O capítulo trata de Art. 136. Concluída a instrução, se necessária, o incidente será resolvido por decisão interlocutória. e não aborda diretamente a denunciação da lide."
cpc-lei-13105-capture-2026-09-28,Art. 137,aula-12.html,unused,"O capítulo trata de Art. 137. Acolhido o pedido de desconsideração, a alienação ou a oneração de bens, havida em fraude de execução, será ineficaz em relação ao requerente. e não aborda diretamente a denunciação da lide."
cpc-lei-13105-capture-2026-09-28,Art. 138,aula-12.html,unused,"O capítulo trata de Art. 138. O juiz ou o relator, considerando a relevância da matéria, a especificidade do tema objeto da demanda ou a repercussão social da controvérsia, poderá, por decisão irrecorrível, de ofício ou a requerimento das partes ou de quem pretenda manifestar-se, solicitar ou admitir a participação de pessoa natural ou jurídica, órgão ou entidade especializada, com representatividade adequada, no prazo de 15 (quinze) dias de sua intimação. e não aborda diretamente a denunciação da lide."
cpc-lei-13105-capture-2026-09-28,Art. 139,aula-12.html,unused,"O capítulo trata de Art. 139. O juiz dirigirá o processo conforme as disposições deste Código, incumbindo-lhe: e não aborda diretamente a denunciação da lide."
cpc-lei-13105-capture-2026-09-28,Art. 14,aula-12.html,unused,"O capítulo trata de Art. 14. A norma processual não retroagirá e será aplicável imediatamente aos processos em curso, respeitados os atos processuais praticados e as situações jurídicas consolidadas sob a vigência da norma revogada. e não aborda diretamente a denunciação da lide."
cpc-lei-13105-capture-2026-09-28,Art. 140,aula-12.html,unused,O capítulo trata de Art. 140. O juiz não se exime de decidir sob a alegação de lacuna ou obscuridade do ordenamento jurídico. e não aborda diretamente a denunciação da lide.
cpc-lei-13105-capture-2026-09-28,Art. 141,aula-12.html,unused,"O capítulo trata de Art. 141. O juiz decidirá o mérito nos limites propostos pelas partes, sendo-lhe vedado conhecer de questões não suscitadas a cujo respeito a lei exige iniciativa da parte. e não aborda diretamente a denunciação da lide."
cpc-lei-13105-capture-2026-09-28,Art. 142,aula-12.html,unused,"O capítulo trata de Art. 142. Convencendo-se, pelas circunstâncias, de que autor e réu se serviram do processo para praticar ato simulado ou conseguir fim vedado por lei, o juiz proferirá decisão que impeça os objetivos das partes, aplicando, de ofício, as penalidades da litigância de má-fé. e não aborda diretamente a denunciação da lide."
cpc-lei-13105-capture-2026-09-28,Art. 143,aula-12.html,unused,"O capítulo trata de Art. 143. O juiz responderá, civil e regressivamente, por perdas e danos quando: e não aborda diretamente a denunciação da lide."
cpc-lei-13105-capture-2026-09-28,Art. 144,aula-12.html,unused,"O capítulo trata de Art. 144. Há impedimento do juiz, sendo-lhe vedado exercer suas funções no processo: e não aborda diretamente a denunciação da lide."
cpc-lei-13105-capture-2026-09-28,Art. 145,aula-12.html,unused,O capítulo trata de Art. 145. Há suspeição do juiz: e não aborda diretamente a denunciação da lide.
cpc-lei-13105-capture-2026-09-28,Art. 146,aula-12.html,unused,"O capítulo trata de Art. 146. No prazo de 15 (quinze) dias, a contar do conhecimento do fato, a parte alegará o impedimento ou a suspeição, em petição específica dirigida ao juiz do processo, na qual indicará o fundamento da recusa, podendo instruí-la com documentos em que se fundar a alegação e com rol de testemunhas. e não aborda diretamente a denunciação da lide."
cpc-lei-13105-capture-2026-09-28,Art. 147,aula-12.html,unused,"O capítulo trata de Art. 147. Quando 2 (dois) ou mais juízes forem parentes, consanguíneos ou afins, em linha reta ou colateral, até o terceiro grau, inclusive, o primeiro que conhecer do processo impede que o outro nele atue, caso em que o segundo se escusará, remetendo os autos ao seu substituto legal. e não aborda diretamente a denunciação da lide."
cpc-lei-13105-capture-2026-09-28,Art. 148,aula-12.html,unused,O capítulo trata de Art. 148. Aplicam-se os motivos de impedimento e de suspeição: e não aborda diretamente a denunciação da lide.
cpc-lei-13105-capture-2026-09-28,Art. 149,aula-12.html,unused,"O capítulo trata de Art. 149. São auxiliares da Justiça, além de outros cujas atribuições sejam determinadas pelas normas de organização judiciária, o escrivão, o chefe de secretaria, o oficial de justiça, o perito, o depositário, o administrador, o intérprete, o tradutor, o mediador, o conciliador judicial, o partidor, o distribuidor, o contabilista e o regulador de avarias. e não aborda diretamente a denunciação da lide."
cpc-lei-13105-capture-2026-09-28,Art. 15,aula-12.html,unused,"O capítulo trata de Art. 15. Na ausência de normas que regulem processos eleitorais, trabalhistas ou administrativos, as disposições deste Código lhes serão aplicadas supletiva e subsidiariamente. e não aborda diretamente a denunciação da lide."
cpc-lei-13105-capture-2026-09-28,Art. 150,aula-12.html,unused,"O capítulo trata de Art. 150. Em cada juízo haverá um ou mais ofícios de justiça, cujas atribuições serão determinadas pelas normas de organização judiciária. e não aborda diretamente a denunciação da lide."
cpc-lei-13105-capture-2026-09-28,Art. 151,aula-12.html,unused,"O capítulo trata de Art. 151. Em cada comarca, seção ou subseção judiciária haverá, no mínimo, tantos oficiais de justiça quantos sejam os juízos. e não aborda diretamente a denunciação da lide."
cpc-lei-13105-capture-2026-09-28,Art. 152,aula-12.html,unused,O capítulo trata de Art. 152. Incumbe ao escrivão ou ao chefe de secretaria: e não aborda diretamente a denunciação da lide.
cpc-lei-13105-capture-2026-09-28,Art. 153,aula-12.html,unused,O capítulo trata de Art. 153. O escrivão ou chefe de secretaria deverá obedecer à ordem cronológica de recebimento para publicação e efetivação dos pronunciamentos judiciais. e não aborda diretamente a denunciação da lide.
cpc-lei-13105-capture-2026-09-28,Art. 154,aula-12.html,unused,O capítulo trata de Art. 154. Incumbe ao oficial de justiça: e não aborda diretamente a denunciação da lide.
cpc-lei-13105-capture-2026-09-28,Art. 155,aula-12.html,unused,"O capítulo trata de Art. 155. O escrivão, o chefe de secretaria e o oficial de justiça são responsáveis, civil e regressivamente, quando: e não aborda diretamente a denunciação da lide."
cpc-lei-13105-capture-2026-09-28,Art. 156,aula-12.html,unused,O capítulo trata de Art. 156. O juiz será assistido por perito quando a prova do fato depender de conhecimento técnico ou científico. e não aborda diretamente a denunciação da lide.
cpc-lei-13105-capture-2026-09-28,Art. 157,aula-12.html,unused,"O capítulo trata de Art. 157. O perito tem o dever de cumprir o ofício no prazo que lhe designar o juiz, empregando toda sua diligência, podendo escusar-se do encargo alegando motivo legítimo. e não aborda diretamente a denunciação da lide."
cpc-lei-13105-capture-2026-09-28,Art. 158,aula-12.html,unused,"O capítulo trata de Art. 158. O perito que, por dolo ou culpa, prestar informações inverídicas responderá pelos prejuízos que causar à parte e ficará inabilitado para atuar em outras perícias no prazo de 2 (dois) a 5 (cinco) anos, independentemente das demais sanções previstas em lei, devendo o juiz comunicar o fato ao respectivo órgão de classe para adoção das medidas que entender cabíveis. e não aborda diretamente a denunciação da lide."
cpc-lei-13105-capture-2026-09-28,Art. 159,aula-12.html,unused,"O capítulo trata de Art. 159. A guarda e a conservação de bens penhorados, arrestados, sequestrados ou arrecadados serão confiadas a depositário ou a administrador, não dispondo a lei de outro modo. e não aborda diretamente a denunciação da lide."
cpc-lei-13105-capture-2026-09-28,Art. 16,aula-12.html,unused,"O capítulo trata de Art. 16. A jurisdição civil é exercida pelos juízes e pelos tribunais em todo o território nacional, conforme as disposições deste Código. e não aborda diretamente a denunciação da lide."
cpc-lei-13105-capture-2026-09-28,Art. 160,aula-12.html,unused,"O capítulo trata de Art. 160. Por seu trabalho o depositário ou o administrador perceberá remuneração que o juiz fixará levando em conta a situação dos bens, ao tempo do serviço e às dificuldades de sua execução. e não aborda diretamente a denunciação da lide."
cpc-lei-13105-capture-2026-09-28,Art. 161,aula-12.html,unused,"O capítulo trata de Art. 161. O depositário ou o administrador responde pelos prejuízos que, por dolo ou culpa, causar à parte, perdendo a remuneração que lhe foi arbitrada, mas tem o direito a haver o que legitimamente despendeu no exercício do encargo. e não aborda diretamente a denunciação da lide."
cpc-lei-13105-capture-2026-09-28,Art. 162,aula-12.html,unused,O capítulo trata de Art. 162. O juiz nomeará intérprete ou tradutor quando necessário para: e não aborda diretamente a denunciação da lide.
cpc-lei-13105-capture-2026-09-28,Art. 163,aula-12.html,unused,O capítulo trata de Art. 163. Não pode ser intérprete ou tradutor quem: e não aborda diretamente a denunciação da lide.
cpc-lei-13105-capture-2026-09-28,Art. 164,aula-12.html,unused,"O capítulo trata de Art. 164. O intérprete ou tradutor, oficial ou não, é obrigado a desempenhar seu ofício, aplicando-se-lhe o disposto nos e não aborda diretamente a denunciação da lide."
cpc-lei-13105-capture-2026-09-28,Art. 165,aula-12.html,unused,"O capítulo trata de Art. 165. Os tribunais criarão centros judiciários de solução consensual de conflitos, responsáveis pela realização de sessões e audiências de conciliação e mediação e pelo desenvolvimento de programas destinados a auxiliar, orientar e estimular a autocomposição. e não aborda diretamente a denunciação da lide."
cpc-lei-13105-capture-2026-09-28,Art. 166,aula-12.html,unused,"O capítulo trata de Art. 166. A conciliação e a mediação são informadas pelos princípios da independência, da imparcialidade, da autonomia da vontade, da confidencialidade, da oralidade, da informalidade e da decisão informada. e não aborda diretamente a denunciação da lide."
cpc-lei-13105-capture-2026-09-28,Art. 167,aula-12.html,unused,"O capítulo trata de Art. 167. Os conciliadores, os mediadores e as câmaras privadas de conciliação e mediação serão inscritos em cadastro nacional e em cadastro de tribunal de justiça ou de tribunal regional federal, que manterá registro de profissionais habilitados, com indicação de sua área profissional. e não aborda diretamente a denunciação da lide."
cpc-lei-13105-capture-2026-09-28,Art. 168,aula-12.html,unused,"O capítulo trata de Art. 168. As partes podem escolher, de comum acordo, o conciliador, o mediador ou a câmara privada de conciliação e de mediação. e não aborda diretamente a denunciação da lide."
cpc-lei-13105-capture-2026-09-28,Art. 169,aula-12.html,unused,O capítulo trata de Art. 169. Ressalvada a hipótese do e não aborda diretamente a denunciação da lide.
cpc-lei-13105-capture-2026-09-28,Art. 17,aula-12.html,unused,O capítulo trata de Art. 17. Para postular em juízo é necessário ter interesse e legitimidade. e não aborda diretamente a denunciação da lide.
cpc-lei-13105-capture-2026-09-28,Art. 170,aula-12.html,unused,"O capítulo trata de Art. 170. No caso de impedimento, o conciliador ou mediador o comunicará imediatamente, de preferência por meio eletrônico, e devolverá os autos ao juiz do processo ou ao coordenador do centro judiciário de solução de conflitos, devendo este realizar nova distribuição. e não aborda diretamente a denunciação da lide."
cpc-lei-13105-capture-2026-09-28,Art. 171,aula-12.html,unused,"O capítulo trata de Art. 171. No caso de impossibilidade temporária do exercício da função, o conciliador ou mediador informará o fato ao centro, preferencialmente por meio eletrônico, para que, durante o período em que perdurar a impossibilidade, não haja novas distribuições e não aborda diretamente a denunciação da lide."
cpc-lei-13105-capture-2026-09-28,Art. 172,aula-12.html,unused,"O capítulo trata de Art. 172. O conciliador e o mediador ficam impedidos, pelo prazo de 1 (um) ano, contado do término da última audiência em que atuaram, de assessorar, representar ou patrocinar qualquer das partes. e não aborda diretamente a denunciação da lide."
cpc-lei-13105-capture-2026-09-28,Art. 173,aula-12.html,unused,O capítulo trata de Art. 173. Será excluído do cadastro de conciliadores e mediadores aquele que: e não aborda diretamente a denunciação da lide.
cpc-lei-13105-capture-2026-09-28,Art. 174,aula-12.html,unused,"O capítulo trata de Art. 174. A União, os Estados, o Distrito Federal e os Municípios criarão câmaras de mediação e conciliação, com atribuições relacionadas à solução consensual de conflitos no âmbito administrativo, tais como: e não aborda diretamente a denunciação da lide."
cpc-lei-13105-capture-2026-09-28,Art. 175,aula-12.html,unused,"O capítulo trata de Art. 175. As disposições desta Seção não excluem outras formas de conciliação e mediação extrajudiciais vinculadas a órgãos institucionais ou realizadas por intermédio de profissionais independentes, que poderão ser regulamentadas por lei específica. e não aborda diretamente a denunciação da lide."
cpc-lei-13105-capture-2026-09-28,Art. 176,aula-12.html,unused,"O capítulo trata de Art. 176. O Ministério Público atuará na defesa da ordem jurídica, do regime democrático e dos interesses e direitos sociais e individuais indisponíveis. e não aborda diretamente a denunciação da lide."
cpc-lei-13105-capture-2026-09-28,Art. 177,aula-12.html,unused,O capítulo trata de Art. 177. O Ministério Público exercerá o direito de ação em conformidade com suas atribuições constitucionais. e não aborda diretamente a denunciação da lide.
cpc-lei-13105-capture-2026-09-28,Art. 178,aula-12.html,unused,"O capítulo trata de Art. 178. O Ministério Público será intimado para, no prazo de 30 (trinta) dias, intervir como fiscal da ordem jurídica nas hipóteses previstas em lei ou na e não aborda diretamente a denunciação da lide."
cpc-lei-13105-capture-2026-09-28,Art. 179,aula-12.html,unused,"O capítulo trata de Art. 179. Nos casos de intervenção como fiscal da ordem jurídica, o Ministério Público: e não aborda diretamente a denunciação da lide."
cpc-lei-13105-capture-2026-09-28,Art. 18,aula-12.html,unused,"O capítulo trata de Art. 18. Ninguém poderá pleitear direito alheio em nome próprio, salvo quando autorizado pelo ordenamento jurídico. e não aborda diretamente a denunciação da lide."
cpc-lei-13105-capture-2026-09-28,Art. 180,aula-12.html,unused,"O capítulo trata de Art. 180. O Ministério Público gozará de prazo em dobro para manifestar-se nos autos, que terá início a partir de sua intimação pessoal, nos termos do e não aborda diretamente a denunciação da lide."
cpc-lei-13105-capture-2026-09-28,Art. 181,aula-12.html,unused,O capítulo trata de Art. 181. O membro do Ministério Público será civil e regressivamente responsável quando agir com dolo ou fraude no exercício de suas funções. e não aborda diretamente a denunciação da lide.
cpc-lei-13105-capture-2026-09-28,Art. 182,aula-12.html,unused,"O capítulo trata de Art. 182. Incumbe à Advocacia Pública, na forma da lei, defender e promover os interesses públicos da União, dos Estados, do Distrito Federal e dos Municípios, por meio da representação judicial, em todos os âmbitos federativos, das pessoas jurídicas de direito público que integram a administração direta e indireta. e não aborda diretamente a denunciação da lide."
cpc-lei-13105-capture-2026-09-28,Art. 183,aula-12.html,unused,"O capítulo trata de Art. 183. A União, os Estados, o Distrito Federal, os Municípios e suas respectivas autarquias e fundações de direito público gozarão de prazo em dobro para todas as suas manifestações processuais, cuja contagem terá início a partir da intimação pessoal. e não aborda diretamente a denunciação da lide."
cpc-lei-13105-capture-2026-09-28,Art. 184,aula-12.html,unused,O capítulo trata de Art. 184. O membro da Advocacia Pública será civil e regressivamente responsável quando agir com dolo ou fraude no exercício de suas funções e não aborda diretamente a denunciação da lide.
cpc-lei-13105-capture-2026-09-28,Art. 185,aula-12.html,unused,"O capítulo trata de Art. 185. A Defensoria Pública exercerá a orientação jurídica, a promoção dos direitos humanos e a defesa dos direitos individuais e coletivos dos necessitados, em todos os graus, de forma integral e gratuita. e não aborda diretamente a denunciação da lide."
cpc-lei-13105-capture-2026-09-28,Art. 186,aula-12.html,unused,O capítulo trata de Art. 186. A Defensoria Pública gozará de prazo em dobro para todas as suas manifestações processuais. e não aborda diretamente a denunciação da lide.
cpc-lei-13105-capture-2026-09-28,Art. 187,aula-12.html,unused,O capítulo trata de Art. 187. O membro da Defensoria Pública será civil e regressivamente responsável quando agir com dolo ou fraude no exercício de suas funções. e não aborda diretamente a denunciação da lide.
cpc-lei-13105-capture-2026-09-28,Art. 188,aula-12.html,unused,"O capítulo trata de Art. 188. Os atos e os termos processuais independem de forma determinada, salvo quando a lei expressamente a exigir, considerando-se válidos os que, realizados de outro modo, lhe preencham a finalidade essencial. e não aborda diretamente a denunciação da lide."
cpc-lei-13105-capture-2026-09-28,Art. 189,aula-12.html,unused,"O capítulo trata de Art. 189. Os atos processuais são públicos, todavia tramitam em segredo de justiça os processos: e não aborda diretamente a denunciação da lide."
cpc-lei-13105-capture-2026-09-28,Art. 19,aula-12.html,unused,O capítulo trata de Art. 19. O interesse do autor pode limitar-se à declaração: e não aborda diretamente a denunciação da lide.
cpc-lei-13105-capture-2026-09-28,Art. 190,aula-12.html,unused,"O capítulo trata de Art. 190. Versando o processo sobre direitos que admitam autocomposição, é lícito às partes plenamente capazes estipular mudanças no procedimento para ajustá-lo às especificidades da causa e convencionar sobre os seus ônus, poderes, faculdades e deveres processuais, antes ou durante o processo. e não aborda diretamente a denunciação da lide."
cpc-lei-13105-capture-2026-09-28,Art. 191,aula-12.html,unused,"O capítulo trata de Art. 191. De comum acordo, o juiz e as partes podem fixar calendário para a prática dos atos processuais, quando for o caso. e não aborda diretamente a denunciação da lide."
cpc-lei-13105-capture-2026-09-28,Art. 192,aula-12.html,unused,O capítulo trata de Art. 192. Em todos os atos e termos do processo é obrigatório o uso da língua portuguesa. e não aborda diretamente a denunciação da lide.
cpc-lei-13105-capture-2026-09-28,Art. 193,aula-12.html,unused,"O capítulo trata de Art. 193. Os atos processuais podem ser total ou parcialmente digitais, de forma a permitir que sejam produzidos, comunicados, armazenados e validados por meio eletrônico, na forma da lei. e não aborda diretamente a denunciação da lide."
cpc-lei-13105-capture-2026-09-28,Art. 194,aula-12.html,unused,"O capítulo trata de Art. 194. Os sistemas de automação processual respeitarão a publicidade dos atos, o acesso e a participação das partes e de seus procuradores, inclusive nas audiências e sessões de julgamento, observadas as garantias da disponibilidade, independência da plataforma computacional, acessibilidade e interoperabilidade dos sistemas, serviços, dados e informações que o Poder Judiciário administre no exercício de suas funções. e não aborda diretamente a denunciação da lide."
cpc-lei-13105-capture-2026-09-28,Art. 195,aula-12.html,unused,"O capítulo trata de Art. 195. O registro de ato processual eletrônico deverá ser feito em padrões abertos, que atenderão aos requisitos de autenticidade, integridade, temporalidade, não repúdio, conservação e, nos casos que tramitem em segredo de justiça, confidencialidade, observada a infraestrutura de chaves públicas unificada nacionalmente, nos termos da lei. e não aborda diretamente a denunciação da lide."
cpc-lei-13105-capture-2026-09-28,Art. 196,aula-12.html,unused,"O capítulo trata de Art. 196. Compete ao Conselho Nacional de Justiça e, supletivamente, aos tribunais, regulamentar a prática e a comunicação oficial de atos processuais por meio eletrônico e velar pela compatibilidade dos sistemas, disciplinando a incorporação progressiva de novos avanços tecnológicos e editando, para esse fim, os atos que forem necessários, respeitadas as normas fundamentais deste Código. e não aborda diretamente a denunciação da lide."
cpc-lei-13105-capture-2026-09-28,Art. 197,aula-12.html,unused,"O capítulo trata de Art. 197. Os tribunais divulgarão as informações constantes de seu sistema de automação em página própria na rede mundial de computadores, gozando a divulgação de presunção de veracidade e confiabilidade. e não aborda diretamente a denunciação da lide."
cpc-lei-13105-capture-2026-09-28,Art. 198,aula-12.html,unused,"O capítulo trata de Art. 198. As unidades do Poder Judiciário deverão manter gratuitamente, à disposição dos interessados, equipamentos necessários à prática de atos processuais e à consulta e ao acesso ao sistema e aos documentos dele constantes. e não aborda diretamente a denunciação da lide."
cpc-lei-13105-capture-2026-09-28,Art. 199,aula-12.html,unused,"O capítulo trata de Art. 199. As unidades do Poder Judiciário assegurarão às pessoas com deficiência acessibilidade aos seus sítios na rede mundial de computadores, ao meio eletrônico de prática de atos judiciais, à comunicação eletrônica dos atos processuais e à assinatura eletrônica. e não aborda diretamente a denunciação da lide."
cpc-lei-13105-capture-2026-09-28,Art. 2,aula-12.html,unused,"O capítulo trata de Art. 2º O processo começa por iniciativa da parte e se desenvolve por impulso oficial, salvo as exceções previstas em lei. e não aborda diretamente a denunciação da lide."
cpc-lei-13105-capture-2026-09-28,Art. 20,aula-12.html,unused,"O capítulo trata de Art. 20. É admissível a ação meramente declaratória, ainda que tenha ocorrido a violação do direito. e não aborda diretamente a denunciação da lide."
cpc-lei-13105-capture-2026-09-28,Art. 200,aula-12.html,unused,"O capítulo trata de Art. 200. Os atos das partes consistentes em declarações unilaterais ou bilaterais de vontade produzem imediatamente a constituição, modificação ou extinção de direitos processuais. e não aborda diretamente a denunciação da lide."
cpc-lei-13105-capture-2026-09-28,Art. 201,aula-12.html,unused,"O capítulo trata de Art. 201. As partes poderão exigir recibo de petições, arrazoados, papéis e documentos que entregarem em cartório. e não aborda diretamente a denunciação da lide."
cpc-lei-13105-capture-2026-09-28,Art. 202,aula-12.html,unused,"O capítulo trata de Art. 202. É vedado lançar nos autos cotas marginais ou interlineares, as quais o juiz mandará riscar, impondo a quem as escrever multa correspondente à metade do salário-mínimo. e não aborda diretamente a denunciação da lide."
cpc-lei-13105-capture-2026-09-28,Art. 203,aula-12.html,unused,"O capítulo trata de Art. 203. Os pronunciamentos do juiz consistirão em sentenças, decisões interlocutórias e despachos. e não aborda diretamente a denunciação da lide."
cpc-lei-13105-capture-2026-09-28,Art. 204,aula-12.html,unused,O capítulo trata de Art. 204. Acórdão é o julgamento colegiado proferido pelos tribunais. e não aborda diretamente a denunciação da lide.
cpc-lei-13105-capture-2026-09-28,Art. 205,aula-12.html,unused,"O capítulo trata de Art. 205. Os despachos, as decisões, as sentenças e os acórdãos serão redigidos, datados e assinados pelos juízes. e não aborda diretamente a denunciação da lide."
cpc-lei-13105-capture-2026-09-28,Art. 206,aula-12.html,unused,"O capítulo trata de Art. 206. Ao receber a petição inicial de processo, o escrivão ou o chefe de secretaria a autuará, mencionando o juízo, a natureza do processo, o número de seu registro, os nomes das partes e a data de seu início, e procederá do mesmo modo em relação aos volumes em formação. e não aborda diretamente a denunciação da lide."
cpc-lei-13105-capture-2026-09-28,Art. 207,aula-12.html,unused,O capítulo trata de Art. 207. O escrivão ou o chefe de secretaria numerará e rubricará todas as folhas dos autos. e não aborda diretamente a denunciação da lide.
cpc-lei-13105-capture-2026-09-28,Art. 208,aula-12.html,unused,"O capítulo trata de Art. 208. Os termos de juntada, vista, conclusão e outros semelhantes constarão de notas datadas e rubricadas pelo escrivão ou pelo chefe de secretaria. e não aborda diretamente a denunciação da lide."
cpc-lei-13105-capture-2026-09-28,Art. 209,aula-12.html,unused,"O capítulo trata de Art. 209. Os atos e os termos do processo serão assinados pelas pessoas que neles intervierem, todavia, quando essas não puderem ou não quiserem firmá-los, o escrivão ou o chefe de secretaria certificará a ocorrência. e não aborda diretamente a denunciação da lide."
cpc-lei-13105-capture-2026-09-28,Art. 21,aula-12.html,unused,O capítulo trata de Art. 21. Compete à autoridade judiciária brasileira processar e julgar as ações em que: e não aborda diretamente a denunciação da lide.
cpc-lei-13105-capture-2026-09-28,Art. 210,aula-12.html,unused,"O capítulo trata de Art. 210. É lícito o uso da taquigrafia, da estenotipia ou de outro método idôneo em qualquer juízo ou tribunal. e não aborda diretamente a denunciação da lide."
cpc-lei-13105-capture-2026-09-28,Art. 211,aula-12.html,unused,"O capítulo trata de Art. 211. Não se admitem nos atos e termos processuais espaços em branco, salvo os que forem inutilizados, assim como entrelinhas, emendas ou rasuras, exceto quando expressamente ressalvadas. e não aborda diretamente a denunciação da lide."
cpc-lei-13105-capture-2026-09-28,Art. 212,aula-12.html,unused,"O capítulo trata de Art. 212. Os atos processuais serão realizados em dias úteis, das 6 (seis) às 20 (vinte) horas. e não aborda diretamente a denunciação da lide."
cpc-lei-13105-capture-2026-09-28,Art. 213,aula-12.html,unused,O capítulo trata de Art. 213. A prática eletrônica de ato processual pode ocorrer em qualquer horário até as 24 (vinte e quatro) horas do último dia do prazo. e não aborda diretamente a denunciação da lide.
cpc-lei-13105-capture-2026-09-28,Art. 214,aula-12.html,unused,"O capítulo trata de Art. 214. Durante as férias forenses e nos feriados, não se praticarão atos processuais, excetuando-se: e não aborda diretamente a denunciação da lide."
cpc-lei-13105-capture-2026-09-28,Art. 215,aula-12.html,unused,"O capítulo trata de Art. 215. Processam-se durante as férias forenses, onde as houver, e não se suspendem pela superveniência delas: e não aborda diretamente a denunciação da lide."
cpc-lei-13105-capture-2026-09-28,Art. 216,aula-12.html,unused,"O capítulo trata de Art. 216. Além dos declarados em lei, são feriados, para efeito forense, os sábados, os domingos e os dias em que não haja expediente forense. e não aborda diretamente a denunciação da lide."
cpc-lei-13105-capture-2026-09-28,Art. 217,aula-12.html,unused,"O capítulo trata de Art. 217. Os atos processuais realizar-se-ão ordinariamente na sede do juízo, ou, excepcionalmente, em outro lugar em razão de deferência, de interesse da justiça, da natureza do ato ou de obstáculo arguido pelo interessado e acolhido pelo juiz. e não aborda diretamente a denunciação da lide."
cpc-lei-13105-capture-2026-09-28,Art. 218,aula-12.html,unused,O capítulo trata de Art. 218. Os atos processuais serão realizados nos prazos prescritos em lei. e não aborda diretamente a denunciação da lide.
cpc-lei-13105-capture-2026-09-28,Art. 219,aula-12.html,unused,"O capítulo trata de Art. 219. Na contagem de prazo em dias, estabelecido por lei ou pelo juiz, computar-se-ão somente os dias úteis. e não aborda diretamente a denunciação da lide."
cpc-lei-13105-capture-2026-09-28,Art. 22,aula-12.html,unused,"O capítulo trata de Art. 22. Compete, ainda, à autoridade judiciária brasileira processar e julgar as ações: e não aborda diretamente a denunciação da lide."
cpc-lei-13105-capture-2026-09-28,Art. 220,aula-12.html,unused,"O capítulo trata de Art. 220. Suspende-se o curso do prazo processual nos dias compreendidos entre 20 de dezembro e 20 de janeiro, inclusive. e não aborda diretamente a denunciação da lide."
cpc-lei-13105-capture-2026-09-28,Art. 221,aula-12.html,unused,O capítulo trata de Art. 221. Suspende-se o curso do prazo por obstáculo criado em detrimento da parte ou ocorrendo qualquer das hipóteses do e não aborda diretamente a denunciação da lide.
cpc-lei-13105-capture-2026-09-28,Art. 222,aula-12.html,unused,"O capítulo trata de Art. 222. Na comarca, seção ou subseção judiciária onde for difícil o transporte, o juiz poderá prorrogar os prazos por até 2 (dois) meses. e não aborda diretamente a denunciação da lide."
cpc-lei-13105-capture-2026-09-28,Art. 223,aula-12.html,unused,"O capítulo trata de Art. 223. Decorrido o prazo, extingue-se o direito de praticar ou de emendar o ato processual, independentemente de declaração judicial, ficando assegurado, porém, à parte provar que não o realizou por justa causa. e não aborda diretamente a denunciação da lide."
cpc-lei-13105-capture-2026-09-28,Art. 224,aula-12.html,unused,"O capítulo trata de Art. 224. Salvo disposição em contrário, os prazos serão contados excluindo o dia do começo e incluindo o dia do vencimento. e não aborda diretamente a denunciação da lide."
cpc-lei-13105-capture-2026-09-28,Art. 225,aula-12.html,unused,"O capítulo trata de Art. 225. A parte poderá renunciar ao prazo estabelecido exclusivamente em seu favor, desde que o faça de maneira expressa. e não aborda diretamente a denunciação da lide."
cpc-lei-13105-capture-2026-09-28,Art. 226,aula-12.html,unused,O capítulo trata de Art. 226. O juiz proferirá: e não aborda diretamente a denunciação da lide.
cpc-lei-13105-capture-2026-09-28,Art. 227,aula-12.html,unused,"O capítulo trata de Art. 227. Em qualquer grau de jurisdição, havendo motivo justificado, pode o juiz exceder, por igual tempo, os prazos a que está submetido. e não aborda diretamente a denunciação da lide."
cpc-lei-13105-capture-2026-09-28,Art. 228,aula-12.html,unused,"O capítulo trata de Art. 228. Incumbirá ao serventuário remeter os autos conclusos no prazo de 1 (um) dia e executar os atos processuais no prazo de 5 (cinco) dias, contado da data em que: e não aborda diretamente a denunciação da lide."
cpc-lei-13105-capture-2026-09-28,Art. 229,aula-12.html,unused,"O capítulo trata de Art. 229. Os litisconsortes que tiverem diferentes procuradores, de escritórios de advocacia distintos, terão prazos contados em dobro para todas as suas manifestações, em qualquer juízo ou tribunal, independentemente de requerimento. e não aborda diretamente a denunciação da lide."
cpc-lei-13105-capture-2026-09-28,Art. 23,aula-12.html,unused,"O capítulo trata de Art. 23. Compete à autoridade judiciária brasileira, com exclusão de qualquer outra: e não aborda diretamente a denunciação da lide."
cpc-lei-13105-capture-2026-09-28,Art. 230,aula-12.html,unused,"O capítulo trata de Art. 230. O prazo para a parte, o procurador, a Advocacia Pública, a Defensoria Pública e o Ministério Público será contado da citação, da intimação ou da notificação. e não aborda diretamente a denunciação da lide."
cpc-lei-13105-capture-2026-09-28,Art. 231,aula-12.html,unused,"O capítulo trata de Art. 231. Salvo disposição em sentido diverso, considera-se dia do começo do prazo: e não aborda diretamente a denunciação da lide."
cpc-lei-13105-capture-2026-09-28,Art. 232,aula-12.html,unused,"O capítulo trata de Art. 232. Nos atos de comunicação por carta precatória, rogatória ou de ordem, a realização da citação ou da intimação será imediatamente informada, por meio eletrônico, pelo juiz deprecado ao juiz deprecante. e não aborda diretamente a denunciação da lide."
cpc-lei-13105-capture-2026-09-28,Art. 233,aula-12.html,unused,"O capítulo trata de Art. 233. Incumbe ao juiz verificar se o serventuário excedeu, sem motivo legítimo, os prazos estabelecidos em lei. e não aborda diretamente a denunciação da lide."
cpc-lei-13105-capture-2026-09-28,Art. 234,aula-12.html,unused,"O capítulo trata de Art. 234. Os advogados públicos ou privados, o defensor público e o membro do Ministério Público devem restituir os autos no prazo do ato a ser praticado. e não aborda diretamente a denunciação da lide."
cpc-lei-13105-capture-2026-09-28,Art. 235,aula-12.html,unused,"O capítulo trata de Art. 235. Qualquer parte, o Ministério Público ou a Defensoria Pública poderá representar ao corregedor do tribunal ou ao Conselho Nacional de Justiça contra juiz ou relator que injustificadamente exceder os prazos previstos em lei, regulamento ou regimento interno. e não aborda diretamente a denunciação da lide."
cpc-lei-13105-capture-2026-09-28,Art. 236,aula-12.html,unused,O capítulo trata de Art. 236. Os atos processuais serão cumpridos por ordem judicial. e não aborda diretamente a denunciação da lide.
cpc-lei-13105-capture-2026-09-28,Art. 237,aula-12.html,unused,O capítulo trata de Art. 237. Será expedida carta: e não aborda diretamente a denunciação da lide.
cpc-lei-13105-capture-2026-09-28,Art. 238,aula-12.html,unused,"O capítulo trata de Art. 238. Citação é o ato pelo qual são convocados o réu, o executado ou o interessado para integrar a relação processual. e não aborda diretamente a denunciação da lide."
cpc-lei-13105-capture-2026-09-28,Art. 239,aula-12.html,unused,"O capítulo trata de Art. 239. Para a validade do processo é indispensável a citação do réu ou do executado, ressalvadas as hipóteses de indeferimento da petição inicial ou de improcedência liminar do pedido. e não aborda diretamente a denunciação da lide."
cpc-lei-13105-capture-2026-09-28,Art. 24,aula-12.html,unused,"O capítulo trata de Art. 24. A ação proposta perante tribunal estrangeiro não induz litispendência e não obsta a que a autoridade judiciária brasileira conheça da mesma causa e das que lhe são conexas, ressalvadas as disposições em contrário de tratados internacionais e acordos bilaterais em vigor no Brasil. e não aborda diretamente a denunciação da lide."
cpc-lei-13105-capture-2026-09-28,Art. 240,aula-12.html,unused,"O capítulo trata de Art. 240. A citação válida, ainda quando ordenada por juízo incompetente, induz litispendência, torna litigiosa a coisa e constitui em mora o devedor, ressalvado o disposto nos e não aborda diretamente a denunciação da lide."
cpc-lei-13105-capture-2026-09-28,Art. 241,aula-12.html,unused,"O capítulo trata de Art. 241. Transitada em julgado a sentença de mérito proferida em favor do réu antes da citação, incumbe ao escrivão ou ao chefe de secretaria comunicar-lhe o resultado do julgamento. e não aborda diretamente a denunciação da lide."
cpc-lei-13105-capture-2026-09-28,Art. 242,aula-12.html,unused,"O capítulo trata de Art. 242. A citação será pessoal, podendo, no entanto, ser feita na pessoa do representante legal ou do procurador do réu, do executado ou do interessado. e não aborda diretamente a denunciação da lide."
cpc-lei-13105-capture-2026-09-28,Art. 243,aula-12.html,unused,"O capítulo trata de Art. 243. A citação poderá ser feita em qualquer lugar em que se encontre o réu, o executado ou o interessado. e não aborda diretamente a denunciação da lide."
cpc-lei-13105-capture-2026-09-28,Art. 244,aula-12.html,unused,"O capítulo trata de Art. 244. Não se fará a citação, salvo para evitar o perecimento do direito: e não aborda diretamente a denunciação da lide."
cpc-lei-13105-capture-2026-09-28,Art. 245,aula-12.html,unused,O capítulo trata de Art. 245. Não se fará citação quando se verificar que o citando é mentalmente incapaz ou está impossibilitado de recebê-la. e não aborda diretamente a denunciação da lide.
cpc-lei-13105-capture-2026-09-28,Art. 246,aula-12.html,unused,O capítulo trata de Art. 246. A citação será feita: e não aborda diretamente a denunciação da lide.
cpc-lei-13105-capture-2026-09-28,Art. 247,aula-12.html,unused,"O capítulo trata de Art. 247. A citação será feita pelo correio para qualquer comarca do país, exceto: e não aborda diretamente a denunciação da lide."
cpc-lei-13105-capture-2026-09-28,Art. 248,aula-12.html,unused,"O capítulo trata de Art. 248. Deferida a citação pelo correio, o escrivão ou o chefe de secretaria remeterá ao citando cópias da petição inicial e do despacho do juiz e comunicará o prazo para resposta, o endereço do juízo e o respectivo cartório. e não aborda diretamente a denunciação da lide."
cpc-lei-13105-capture-2026-09-28,Art. 249,aula-12.html,unused,"O capítulo trata de Art. 249. A citação será feita por meio de oficial de justiça nas hipóteses previstas neste Código ou em lei, ou quando frustrada a citação pelo correio. e não aborda diretamente a denunciação da lide."
cpc-lei-13105-capture-2026-09-28,Art. 25,aula-12.html,unused,"O capítulo trata de Art. 25. Não compete à autoridade judiciária brasileira o processamento e o julgamento da ação quando houver cláusula de eleição de foro exclusivo estrangeiro em contrato internacional, arguida pelo réu na contestação. e não aborda diretamente a denunciação da lide."
cpc-lei-13105-capture-2026-09-28,Art. 250,aula-12.html,unused,O capítulo trata de Art. 250. O mandado que o oficial de justiça tiver de cumprir conterá: e não aborda diretamente a denunciação da lide.
cpc-lei-13105-capture-2026-09-28,Art. 251,aula-12.html,unused,"O capítulo trata de Art. 251. Incumbe ao oficial de justiça procurar o citando e, onde o encontrar, citá-lo: e não aborda diretamente a denunciação da lide."
cpc-lei-13105-capture-2026-09-28,Art. 252,aula-12.html,unused,"O capítulo trata de Art. 252. Quando, por 2 (duas) vezes, o oficial de justiça houver procurado o citando em seu domicílio ou residência sem o encontrar, deverá, havendo suspeita de ocultação, intimar qualquer pessoa da família ou, em sua falta, qualquer vizinho de que, no dia útil imediato, voltará a fim de efetuar a citação, na hora que designar. e não aborda diretamente a denunciação da lide."
cpc-lei-13105-capture-2026-09-28,Art. 253,aula-12.html,unused,"O capítulo trata de Art. 253. No dia e na hora designados, o oficial de justiça, independentemente de novo despacho, comparecerá ao domicílio ou à residência do citando a fim de realizar a diligência. e não aborda diretamente a denunciação da lide."
cpc-lei-13105-capture-2026-09-28,Art. 254,aula-12.html,unused,"O capítulo trata de Art. 254. Feita a citação com hora certa, o escrivão ou chefe de secretaria enviará ao réu, executado ou interessado, no prazo de 10 (dez) dias, contado da data da juntada do mandado aos autos, carta, telegrama ou correspondência eletrônica, dando-lhe de tudo ciência. e não aborda diretamente a denunciação da lide."
cpc-lei-13105-capture-2026-09-28,Art. 255,aula-12.html,unused,"O capítulo trata de Art. 255. Nas comarcas contíguas de fácil comunicação e nas que se situem na mesma região metropolitana, o oficial de justiça poderá efetuar, em qualquer delas, citações, intimações, notificações, penhoras e quaisquer outros atos executivos. e não aborda diretamente a denunciação da lide."
cpc-lei-13105-capture-2026-09-28,Art. 256,aula-12.html,unused,O capítulo trata de Art. 256. A citação por edital será feita: e não aborda diretamente a denunciação da lide.
cpc-lei-13105-capture-2026-09-28,Art. 257,aula-12.html,unused,O capítulo trata de Art. 257. São requisitos da citação por edital: e não aborda diretamente a denunciação da lide.
cpc-lei-13105-capture-2026-09-28,Art. 258,aula-12.html,unused,"O capítulo trata de Art. 258. A parte que requerer a citação por edital, alegando dolosamente a ocorrência das circunstâncias autorizadoras para sua realização, incorrerá em multa de 5 (cinco) vezes o salário-mínimo. e não aborda diretamente a denunciação da lide."
cpc-lei-13105-capture-2026-09-28,Art. 259,aula-12.html,unused,O capítulo trata de Art. 259. Serão publicados editais: e não aborda diretamente a denunciação da lide.
cpc-lei-13105-capture-2026-09-28,Art. 26,aula-12.html,unused,O capítulo trata de Art. 26. A cooperação jurídica internacional será regida por tratado de que o Brasil faz parte e observará: e não aborda diretamente a denunciação da lide.
cpc-lei-13105-capture-2026-09-28,Art. 260,aula-12.html,unused,"O capítulo trata de Art. 260. São requisitos das cartas de ordem, precatória e rogatória: e não aborda diretamente a denunciação da lide."
cpc-lei-13105-capture-2026-09-28,Art. 261,aula-12.html,unused,"O capítulo trata de Art. 261. Em todas as cartas o juiz fixará o prazo para cumprimento, atendendo à facilidade das comunicações e à natureza da diligência. e não aborda diretamente a denunciação da lide."
cpc-lei-13105-capture-2026-09-28,Art. 262,aula-12.html,unused,"O capítulo trata de Art. 262. A carta tem caráter itinerante, podendo, antes ou depois de lhe ser ordenado o cumprimento, ser encaminhada a juízo diverso do que dela consta, a fim de se praticar o ato. e não aborda diretamente a denunciação da lide."
cpc-lei-13105-capture-2026-09-28,Art. 263,aula-12.html,unused,"O capítulo trata de Art. 263. As cartas deverão, preferencialmente, ser expedidas por meio eletrônico, caso em que a assinatura do juiz deverá ser eletrônica, na forma da lei. e não aborda diretamente a denunciação da lide."
cpc-lei-13105-capture-2026-09-28,Art. 264,aula-12.html,unused,"O capítulo trata de Art. 264. A carta de ordem e a carta precatória por meio eletrônico, por telefone ou por telegrama conterão, em resumo substancial, os requisitos mencionados no e não aborda diretamente a denunciação da lide."
cpc-lei-13105-capture-2026-09-28,Art. 265,aula-12.html,unused,"O capítulo trata de Art. 265. O secretário do tribunal, o escrivão ou o chefe de secretaria do juízo deprecante transmitirá, por telefone, a carta de ordem ou a carta precatória ao juízo em que houver de se cumprir o ato, por intermédio do escrivão do primeiro ofício da primeira vara, se houver na comarca mais de um ofício ou de uma vara, observando-se, quanto aos requisitos, o disposto no e não aborda diretamente a denunciação da lide."
cpc-lei-13105-capture-2026-09-28,Art. 266,aula-12.html,unused,"O capítulo trata de Art. 266. Serão praticados de ofício os atos requisitados por meio eletrônico e de telegrama, devendo a parte depositar, contudo, na secretaria do tribunal ou no cartório do juízo deprecante, a importância correspondente às despesas que serão feitas no juízo em que houver de praticar-se o ato. e não aborda diretamente a denunciação da lide."
cpc-lei-13105-capture-2026-09-28,Art. 268,aula-12.html,unused,"O capítulo trata de Art. 268. Cumprida a carta, será devolvida ao juízo de origem no prazo de 10 (dez) dias, independentemente de traslado, pagas as custas pela parte. e não aborda diretamente a denunciação da lide."
cpc-lei-13105-capture-2026-09-28,Art. 269,aula-12.html,unused,O capítulo trata de Art. 269. Intimação é o ato pelo qual se dá ciência a alguém dos atos e dos termos do processo. e não aborda diretamente a denunciação da lide.
cpc-lei-13105-capture-2026-09-28,Art. 27,aula-12.html,unused,O capítulo trata de Art. 27. A cooperação jurídica internacional terá por objeto: e não aborda diretamente a denunciação da lide.
cpc-lei-13105-capture-2026-09-28,Art. 270,aula-12.html,unused,"O capítulo trata de Art. 270. As intimações realizam-se, sempre que possível, por meio eletrônico, na forma da lei. e não aborda diretamente a denunciação da lide."
cpc-lei-13105-capture-2026-09-28,Art. 271,aula-12.html,unused,"O capítulo trata de Art. 271. O juiz determinará de ofício as intimações em processos pendentes, salvo disposição em contrário. e não aborda diretamente a denunciação da lide."
cpc-lei-13105-capture-2026-09-28,Art. 272,aula-12.html,unused,"O capítulo trata de Art. 272. Quando não realizadas por meio eletrônico, consideram-se feitas as intimações pela publicação dos atos no órgão oficial. e não aborda diretamente a denunciação da lide."
cpc-lei-13105-capture-2026-09-28,Art. 273,aula-12.html,unused,"O capítulo trata de Art. 273. Se inviável a intimação por meio eletrônico e não houver na localidade publicação em órgão oficial, incumbirá ao escrivão ou chefe de secretaria intimar de todos os atos do processo os advogados das partes: e não aborda diretamente a denunciação da lide."
cpc-lei-13105-capture-2026-09-28,Art. 274,aula-12.html,unused,"O capítulo trata de Art. 274. Não dispondo a lei de outro modo, as intimações serão feitas às partes, aos seus representantes legais, aos advogados e aos demais sujeitos do processo pelo correio ou, se presentes em cartório, diretamente pelo escrivão ou chefe de secretaria. e não aborda diretamente a denunciação da lide."
cpc-lei-13105-capture-2026-09-28,Art. 275,aula-12.html,unused,O capítulo trata de Art. 275. A intimação será feita por oficial de justiça quando frustrada a realização por meio eletrônico ou pelo correio. e não aborda diretamente a denunciação da lide.
cpc-lei-13105-capture-2026-09-28,Art. 276,aula-12.html,unused,"O capítulo trata de Art. 276. Quando a lei prescrever determinada forma sob pena de nulidade, a decretação desta não pode ser requerida pela parte que lhe deu causa. e não aborda diretamente a denunciação da lide."
cpc-lei-13105-capture-2026-09-28,Art. 277,aula-12.html,unused,"O capítulo trata de Art. 277. Quando a lei prescrever determinada forma, o juiz considerará válido o ato se, realizado de outro modo, lhe alcançar a finalidade. e não aborda diretamente a denunciação da lide."
cpc-lei-13105-capture-2026-09-28,Art. 278,aula-12.html,unused,"O capítulo trata de Art. 278. A nulidade dos atos deve ser alegada na primeira oportunidade em que couber à parte falar nos autos, sob pena de preclusão. e não aborda diretamente a denunciação da lide."
cpc-lei-13105-capture-2026-09-28,Art. 279,aula-12.html,unused,O capítulo trata de Art. 279. É nulo o processo quando o membro do Ministério Público não for intimado a acompanhar o feito em que deva intervir. e não aborda diretamente a denunciação da lide.
cpc-lei-13105-capture-2026-09-28,Art. 28,aula-12.html,unused,O capítulo trata de Art. 28. Cabe auxílio direto quando a medida não decorrer diretamente de decisão de autoridade jurisdicional estrangeira a ser submetida a juízo de delibação no Brasil. e não aborda diretamente a denunciação da lide.
cpc-lei-13105-capture-2026-09-28,Art. 280,aula-12.html,unused,O capítulo trata de Art. 280. As citações e as intimações serão nulas quando feitas sem observância das prescrições legais. e não aborda diretamente a denunciação da lide.
cpc-lei-13105-capture-2026-09-28,Art. 281,aula-12.html,unused,"O capítulo trata de Art. 281. Anulado o ato, consideram-se de nenhum efeito todos os subsequentes que dele dependam, todavia, a nulidade de uma parte do ato não prejudicará as outras que dela sejam independentes. e não aborda diretamente a denunciação da lide."
cpc-lei-13105-capture-2026-09-28,Art. 282,aula-12.html,unused,"O capítulo trata de Art. 282. Ao pronunciar a nulidade, o juiz declarará que atos são atingidos e ordenará as providências necessárias a fim de que sejam repetidos ou retificados. e não aborda diretamente a denunciação da lide."
cpc-lei-13105-capture-2026-09-28,Art. 283,aula-12.html,unused,"O capítulo trata de Art. 283. O erro de forma do processo acarreta unicamente a anulação dos atos que não possam ser aproveitados, devendo ser praticados os que forem necessários a fim de se observarem as prescrições legais. e não aborda diretamente a denunciação da lide."
cpc-lei-13105-capture-2026-09-28,Art. 284,aula-12.html,unused,"O capítulo trata de Art. 284. Todos os processos estão sujeitos a registro, devendo ser distribuídos onde houver mais de um juiz. e não aborda diretamente a denunciação da lide."
cpc-lei-13105-capture-2026-09-28,Art. 285,aula-12.html,unused,"O capítulo trata de Art. 285. A distribuição, que poderá ser eletrônica, será alternada e aleatória, obedecendo-se rigorosa igualdade. e não aborda diretamente a denunciação da lide."
cpc-lei-13105-capture-2026-09-28,Art. 287,aula-12.html,unused,"O capítulo trata de Art. 287. A petição inicial deve vir acompanhada de procuração, que conterá os endereços do advogado, eletrônico e não eletrônico. e não aborda diretamente a denunciação da lide."
cpc-lei-13105-capture-2026-09-28,Art. 288,aula-12.html,unused,"O capítulo trata de Art. 288. O juiz, de ofício ou a requerimento do interessado, corrigirá o erro ou compensará a falta de distribuição. e não aborda diretamente a denunciação da lide."
cpc-lei-13105-capture-2026-09-28,Art. 289,aula-12.html,unused,"O capítulo trata de Art. 289. A distribuição poderá ser fiscalizada pela parte, por seu procurador, pelo Ministério Público e pela Defensoria Pública. e não aborda diretamente a denunciação da lide."
cpc-lei-13105-capture-2026-09-28,Art. 29,aula-12.html,unused,"O capítulo trata de Art. 29. A solicitação de auxílio direto será encaminhada pelo órgão estrangeiro interessado à autoridade central, cabendo ao Estado requerente assegurar a autenticidade e a clareza do pedido. e não aborda diretamente a denunciação da lide."
cpc-lei-13105-capture-2026-09-28,Art. 290,aula-12.html,unused,"O capítulo trata de Art. 290. Será cancelada a distribuição do feito se a parte, intimada na pessoa de seu advogado, não realizar o pagamento das custas e despesas de ingresso em 15 (quinze) dias. e não aborda diretamente a denunciação da lide."
cpc-lei-13105-capture-2026-09-28,Art. 291,aula-12.html,unused,"O capítulo trata de Art. 291. A toda causa será atribuído valor certo, ainda que não tenha conteúdo econômico imediatamente aferível. e não aborda diretamente a denunciação da lide."
cpc-lei-13105-capture-2026-09-28,Art. 292,aula-12.html,unused,O capítulo trata de Art. 292. O valor da causa constará da petição inicial ou da reconvenção e será: e não aborda diretamente a denunciação da lide.
cpc-lei-13105-capture-2026-09-28,Art. 293,aula-12.html,unused,"O capítulo trata de Art. 293. O réu poderá impugnar, em preliminar da contestação, o valor atribuído à causa pelo autor, sob pena de preclusão, e o juiz decidirá a respeito, impondo, se for o caso, a complementação das custas. e não aborda diretamente a denunciação da lide."
cpc-lei-13105-capture-2026-09-28,Art. 294,aula-12.html,unused,O capítulo trata de Art. 294. A tutela provisória pode fundamentar-se em urgência ou evidência. e não aborda diretamente a denunciação da lide.
cpc-lei-13105-capture-2026-09-28,Art. 295,aula-12.html,unused,O capítulo trata de Art. 295. A tutela provisória requerida em caráter incidental independe do pagamento de custas. e não aborda diretamente a denunciação da lide.
cpc-lei-13105-capture-2026-09-28,Art. 297,aula-12.html,unused,O capítulo trata de Art. 297. O juiz poderá determinar as medidas que considerar adequadas para efetivação da tutela provisória. e não aborda diretamente a denunciação da lide.
cpc-lei-13105-capture-2026-09-28,Art. 298,aula-12.html,unused,"O capítulo trata de Art. 298. Na decisão que conceder, negar, modificar ou revogar a tutela provisória, o juiz motivará seu convencimento de modo claro e preciso. e não aborda diretamente a denunciação da lide."
cpc-lei-13105-capture-2026-09-28,Art. 299,aula-12.html,unused,"O capítulo trata de Art. 299. A tutela provisória será requerida ao juízo da causa e, quando antecedente, ao juízo competente para conhecer do pedido principal. e não aborda diretamente a denunciação da lide."
cpc-lei-13105-capture-2026-09-28,Art. 3,aula-12.html,unused,O capítulo trata de Art. 3º Não se excluirá da apreciação jurisdicional ameaça ou lesão a direito. e não aborda diretamente a denunciação da lide.
cpc-lei-13105-capture-2026-09-28,Art. 30,aula-12.html,unused,"O capítulo trata de Art. 30. Além dos casos previstos em tratados de que o Brasil faz parte, o auxílio direto terá os seguintes objetos: e não aborda diretamente a denunciação da lide."
cpc-lei-13105-capture-2026-09-28,Art. 300,aula-12.html,unused,O capítulo trata de Art. 300. A tutela de urgência será concedida quando houver elementos que evidenciem a probabilidade do direito e o perigo de dano ou o risco ao resultado útil do processo. e não aborda diretamente a denunciação da lide.
cpc-lei-13105-capture-2026-09-28,Art. 301,aula-12.html,unused,"O capítulo trata de Art. 301. A tutela de urgência de natureza cautelar pode ser efetivada mediante arresto, sequestro, arrolamento de bens, registro de protesto contra alienação de bem e qualquer outra medida idônea para asseguração do direito. e não aborda diretamente a denunciação da lide."
cpc-lei-13105-capture-2026-09-28,Art. 302,aula-12.html,unused,"O capítulo trata de Art. 302. Independentemente da reparação por dano processual, a parte responde pelo prejuízo que a efetivação da tutela de urgência causar à parte adversa, se: e não aborda diretamente a denunciação da lide."
cpc-lei-13105-capture-2026-09-28,Art. 303,aula-12.html,unused,"O capítulo trata de Art. 303. Nos casos em que a urgência for contemporânea à propositura da ação, a petição inicial pode limitar-se ao requerimento da tutela antecipada e à indicação do pedido de tutela final, com a exposição da lide, do direito que se busca realizar e do perigo de dano ou do risco ao resultado útil do processo. e não aborda diretamente a denunciação da lide."
cpc-lei-13105-capture-2026-09-28,Art. 304,aula-12.html,unused,"O capítulo trata de Art. 304. A tutela antecipada, concedida nos termos do e não aborda diretamente a denunciação da lide."
cpc-lei-13105-capture-2026-09-28,Art. 305,aula-12.html,unused,"O capítulo trata de Art. 305. A petição inicial da ação que visa à prestação de tutela cautelar em caráter antecedente indicará a lide e seu fundamento, a exposição sumária do direito que se objetiva assegurar e o perigo de dano ou o risco ao resultado útil do processo. e não aborda diretamente a denunciação da lide."
cpc-lei-13105-capture-2026-09-28,Art. 306,aula-12.html,unused,"O capítulo trata de Art. 306. O réu será citado para, no prazo de 5 (cinco) dias, contestar o pedido e indicar as provas que pretende produzir. e não aborda diretamente a denunciação da lide."
cpc-lei-13105-capture-2026-09-28,Art. 307,aula-12.html,unused,"O capítulo trata de Art. 307. Não sendo contestado o pedido, os fatos alegados pelo autor presumir-se-ão aceitos pelo réu como ocorridos, caso em que o juiz decidirá dentro de 5 (cinco) dias. e não aborda diretamente a denunciação da lide."
cpc-lei-13105-capture-2026-09-28,Art. 308,aula-12.html,unused,"O capítulo trata de Art. 308. Efetivada a tutela cautelar, o pedido principal terá de ser formulado pelo autor no prazo de 30 (trinta) dias, caso em que será apresentado nos mesmos autos em que deduzido o pedido de tutela cautelar, não dependendo do adiantamento de novas custas processuais. e não aborda diretamente a denunciação da lide."
cpc-lei-13105-capture-2026-09-28,Art. 309,aula-12.html,unused,"O capítulo trata de Art. 309. Cessa a eficácia da tutela concedida em caráter antecedente, se: e não aborda diretamente a denunciação da lide."
cpc-lei-13105-capture-2026-09-28,Art. 31,aula-12.html,unused,"O capítulo trata de Art. 31. A autoridade central brasileira comunicar-se-á diretamente com suas congêneres e, se necessário, com outros órgãos estrangeiros responsáveis pela tramitação e pela execução de pedidos de cooperação enviados e recebidos pelo Estado brasileiro, respeitadas disposições específicas constantes de tratado. e não aborda diretamente a denunciação da lide."
cpc-lei-13105-capture-2026-09-28,Art. 310,aula-12.html,unused,"O capítulo trata de Art. 310. O indeferimento da tutela cautelar não obsta a que a parte formule o pedido principal, nem influi no julgamento desse, salvo se o motivo do indeferimento for o reconhecimento de decadência ou de prescrição. e não aborda diretamente a denunciação da lide."
cpc-lei-13105-capture-2026-09-28,Art. 311,aula-12.html,unused,"O capítulo trata de Art. 311. A tutela da evidência será concedida, independentemente da demonstração de perigo de dano ou de risco ao resultado útil do processo, quando: e não aborda diretamente a denunciação da lide."
cpc-lei-13105-capture-2026-09-28,Art. 312,aula-12.html,unused,"O capítulo trata de Art. 312. Considera-se proposta a ação quando a petição inicial for protocolada, todavia, a propositura da ação só produz quanto ao réu os efeitos mencionados no e não aborda diretamente a denunciação da lide."
cpc-lei-13105-capture-2026-09-28,Art. 313,aula-12.html,unused,O capítulo trata de Art. 313. Suspende-se o processo: e não aborda diretamente a denunciação da lide.
cpc-lei-13105-capture-2026-09-28,Art. 314,aula-12.html,unused,"O capítulo trata de Art. 314. Durante a suspensão é vedado praticar qualquer ato processual, podendo o juiz, todavia, determinar a realização de atos urgentes a fim de evitar dano irreparável, salvo no caso de arguição de impedimento e de suspeição. e não aborda diretamente a denunciação da lide."
cpc-lei-13105-capture-2026-09-28,Art. 315,aula-12.html,unused,"O capítulo trata de Art. 315. Se o conhecimento do mérito depender de verificação da existência de fato delituoso, o juiz pode determinar a suspensão do processo até que se pronuncie a justiça criminal. e não aborda diretamente a denunciação da lide."
cpc-lei-13105-capture-2026-09-28,Art. 316,aula-12.html,unused,O capítulo trata de Art. 316. A extinção do processo dar-se-á por sentença. e não aborda diretamente a denunciação da lide.
cpc-lei-13105-capture-2026-09-28,Art. 317,aula-12.html,unused,"O capítulo trata de Art. 317. Antes de proferir decisão sem resolução de mérito, o juiz deverá conceder à parte oportunidade para, se possível, corrigir o vício. e não aborda diretamente a denunciação da lide."
cpc-lei-13105-capture-2026-09-28,Art. 318,aula-12.html,unused,"O capítulo trata de Art. 318. Aplica-se a todas as causas o procedimento comum, salvo disposição em contrário deste Código ou de lei. e não aborda diretamente a denunciação da lide."
cpc-lei-13105-capture-2026-09-28,Art. 319,aula-12.html,unused,O capítulo trata de Art. 319. A petição inicial indicará: e não aborda diretamente a denunciação da lide.
cpc-lei-13105-capture-2026-09-28,Art. 32,aula-12.html,unused,"O capítulo trata de Art. 32. No caso de auxílio direto para a prática de atos que, segundo a lei brasileira, não necessitem de prestação jurisdicional, a autoridade central adotará as providências necessárias para seu cumprimento. e não aborda diretamente a denunciação da lide."
cpc-lei-13105-capture-2026-09-28,Art. 320,aula-12.html,unused,O capítulo trata de Art. 320. A petição inicial será instruída com os documentos indispensáveis à propositura da ação. e não aborda diretamente a denunciação da lide.
cpc-lei-13105-capture-2026-09-28,Art. 321,aula-12.html,unused,"O capítulo trata de Art. 321. O juiz, ao verificar que a petição inicial não preenche os requisitos dos e não aborda diretamente a denunciação da lide."
cpc-lei-13105-capture-2026-09-28,Art. 322,aula-12.html,unused,O capítulo trata de Art. 322. O pedido deve ser certo. e não aborda diretamente a denunciação da lide.
cpc-lei-13105-capture-2026-09-28,Art. 323,aula-12.html,unused,"O capítulo trata de Art. 323. Na ação que tiver por objeto cumprimento de obrigação em prestações sucessivas, essas serão consideradas incluídas no pedido, independentemente de declaração expressa do autor, e serão incluídas na condenação, enquanto durar a obrigação, se o devedor, no curso do processo, deixar de pagá-las ou de consigná-las. e não aborda diretamente a denunciação da lide."
cpc-lei-13105-capture-2026-09-28,Art. 324,aula-12.html,unused,O capítulo trata de Art. 324. O pedido deve ser determinado. e não aborda diretamente a denunciação da lide.
cpc-lei-13105-capture-2026-09-28,Art. 325,aula-12.html,unused,"O capítulo trata de Art. 325. O pedido será alternativo quando, pela natureza da obrigação, o devedor puder cumprir a prestação de mais de um modo. e não aborda diretamente a denunciação da lide."
cpc-lei-13105-capture-2026-09-28,Art. 326,aula-12.html,unused,"O capítulo trata de Art. 326. É lícito formular mais de um pedido em ordem subsidiária, a fim de que o juiz conheça do posterior, quando não acolher o anterior. e não aborda diretamente a denunciação da lide."
cpc-lei-13105-capture-2026-09-28,Art. 327,aula-12.html,unused,"O capítulo trata de Art. 327. É lícita a cumulação, em um único processo, contra o mesmo réu, de vários pedidos, ainda que entre eles não haja conexão. e não aborda diretamente a denunciação da lide."
cpc-lei-13105-capture-2026-09-28,Art. 328,aula-12.html,unused,"O capítulo trata de Art. 328. Na obrigação indivisível com pluralidade de credores, aquele que não participou do processo receberá sua parte, deduzidas as despesas na proporção de seu crédito. e não aborda diretamente a denunciação da lide."
cpc-lei-13105-capture-2026-09-28,Art. 329,aula-12.html,unused,O capítulo trata de Art. 329. O autor poderá: e não aborda diretamente a denunciação da lide.
cpc-lei-13105-capture-2026-09-28,Art. 33,aula-12.html,unused,"O capítulo trata de Art. 33. Recebido o pedido de auxílio direto passivo, a autoridade central o encaminhará à Advocacia-Geral da União, que requererá em juízo a medida solicitada. e não aborda diretamente a denunciação da lide."
cpc-lei-13105-capture-2026-09-28,Art. 330,aula-12.html,unused,O capítulo trata de Art. 330. A petição inicial será indeferida quando: e não aborda diretamente a denunciação da lide.
cpc-lei-13105-capture-2026-09-28,Art. 331,aula-12.html,unused,"O capítulo trata de Art. 331. Indeferida a petição inicial, o autor poderá apelar, facultado ao juiz, no prazo de 5 (cinco) dias, retratar-se. e não aborda diretamente a denunciação da lide."
cpc-lei-13105-capture-2026-09-28,Art. 332,aula-12.html,unused,"O capítulo trata de Art. 332. Nas causas que dispensem a fase instrutória, o juiz, independentemente da citação do réu, julgará liminarmente improcedente o pedido que contrariar: e não aborda diretamente a denunciação da lide."
cpc-lei-13105-capture-2026-09-28,Art. 333,aula-12.html,unused,O capítulo trata de Art. 333. (VETADO). e não aborda diretamente a denunciação da lide.
cpc-lei-13105-capture-2026-09-28,Art. 334,aula-12.html,unused,"O capítulo trata de Art. 334. Se a petição inicial preencher os requisitos essenciais e não for o caso de improcedência liminar do pedido, o juiz designará audiência de conciliação ou de mediação com antecedência mínima de 30 (trinta) dias, devendo ser citado o réu com pelo menos 20 (vinte) dias de antecedência. e não aborda diretamente a denunciação da lide."
cpc-lei-13105-capture-2026-09-28,Art. 335,aula-12.html,unused,"O capítulo trata de Art. 335. O réu poderá oferecer contestação, por petição, no prazo de 15 (quinze) dias, cujo termo inicial será a data: e não aborda diretamente a denunciação da lide."
cpc-lei-13105-capture-2026-09-28,Art. 336,aula-12.html,unused,"O capítulo trata de Art. 336. Incumbe ao réu alegar, na contestação, toda a matéria de defesa, expondo as razões de fato e de direito com que impugna o pedido do autor e especificando as provas que pretende produzir. e não aborda diretamente a denunciação da lide."
cpc-lei-13105-capture-2026-09-28,Art. 337,aula-12.html,unused,"O capítulo trata de Art. 337. Incumbe ao réu, antes de discutir o mérito, alegar: e não aborda diretamente a denunciação da lide."
cpc-lei-13105-capture-2026-09-28,Art. 338,aula-12.html,unused,"O capítulo trata de Art. 338. Alegando o réu, na contestação, ser parte ilegítima ou não ser o responsável pelo prejuízo invocado, o juiz facultará ao autor, em 15 (quinze) dias, a alteração da petição inicial para substituição do réu. e não aborda diretamente a denunciação da lide."
cpc-lei-13105-capture-2026-09-28,Art. 339,aula-12.html,unused,"O capítulo trata de Art. 339. Quando alegar sua ilegitimidade, incumbe ao réu indicar o sujeito passivo da relação jurídica discutida sempre que tiver conhecimento, sob pena de arcar com as despesas processuais e de indenizar o autor pelos prejuízos decorrentes da falta de indicação. e não aborda diretamente a denunciação da lide."
cpc-lei-13105-capture-2026-09-28,Art. 34,aula-12.html,unused,O capítulo trata de Art. 34. Compete ao juízo federal do lugar em que deva ser executada a medida apreciar pedido de auxílio direto passivo que demande prestação de atividade jurisdicional. e não aborda diretamente a denunciação da lide.
cpc-lei-13105-capture-2026-09-28,Art. 340,aula-12.html,unused,"O capítulo trata de Art. 340. Havendo alegação de incompetência relativa ou absoluta, a contestação poderá ser protocolada no foro de domicílio do réu, fato que será imediatamente comunicado ao juiz da causa, preferencialmente por meio eletrônico. e não aborda diretamente a denunciação da lide."
cpc-lei-13105-capture-2026-09-28,Art. 341,aula-12.html,unused,"O capítulo trata de Art. 341. Incumbe também ao réu manifestar-se precisamente sobre as alegações de fato constantes da petição inicial, presumindo-se verdadeiras as não impugnadas, salvo se: e não aborda diretamente a denunciação da lide."
cpc-lei-13105-capture-2026-09-28,Art. 342,aula-12.html,unused,"O capítulo trata de Art. 342. Depois da contestação, só é lícito ao réu deduzir novas alegações quando: e não aborda diretamente a denunciação da lide."
cpc-lei-13105-capture-2026-09-28,Art. 343,aula-12.html,unused,"O capítulo trata de Art. 343. Na contestação, é lícito ao réu propor reconvenção para manifestar pretensão própria, conexa com a ação principal ou com o fundamento da defesa. e não aborda diretamente a denunciação da lide."
cpc-lei-13105-capture-2026-09-28,Art. 344,aula-12.html,unused,"O capítulo trata de Art. 344. Se o réu não contestar a ação, será considerado revel e presumir-se-ão verdadeiras as alegações de fato formuladas pelo autor. e não aborda diretamente a denunciação da lide."
cpc-lei-13105-capture-2026-09-28,Art. 345,aula-12.html,unused,O capítulo trata de Art. 345. A revelia não produz o efeito mencionado no e não aborda diretamente a denunciação da lide.
cpc-lei-13105-capture-2026-09-28,Art. 346,aula-12.html,unused,O capítulo trata de Art. 346. Os prazos contra o revel que não tenha patrono nos autos fluirão da data de publicação do ato decisório no órgão oficial. e não aborda diretamente a denunciação da lide.
cpc-lei-13105-capture-2026-09-28,Art. 347,aula-12.html,unused,"O capítulo trata de Art. 347. Findo o prazo para a contestação, o juiz tomará, conforme o caso, as providências preliminares constantes das seções deste Capítulo. e não aborda diretamente a denunciação da lide."
cpc-lei-13105-capture-2026-09-28,Art. 348,aula-12.html,unused,"O capítulo trata de Art. 348. Se o réu não contestar a ação, o juiz, verificando a inocorrência do efeito da revelia previsto no e não aborda diretamente a denunciação da lide."
cpc-lei-13105-capture-2026-09-28,Art. 349,aula-12.html,unused,"O capítulo trata de Art. 349. Ao réu revel será lícita a produção de provas, contrapostas às alegações do autor, desde que se faça representar nos autos a tempo de praticar os atos processuais indispensáveis a essa produção. e não aborda diretamente a denunciação da lide."
cpc-lei-13105-capture-2026-09-28,Art. 35,aula-12.html,unused,O capítulo trata de Art. 35. (VETADO). e não aborda diretamente a denunciação da lide.
cpc-lei-13105-capture-2026-09-28,Art. 350,aula-12.html,unused,"O capítulo trata de Art. 350. Se o réu alegar fato impeditivo, modificativo ou extintivo do direito do autor, este será ouvido no prazo de 15 (quinze) dias, permitindo-lhe o juiz a produção de prova. e não aborda diretamente a denunciação da lide."
cpc-lei-13105-capture-2026-09-28,Art. 351,aula-12.html,unused,O capítulo trata de Art. 351. Se o réu alegar qualquer das matérias enumeradas no e não aborda diretamente a denunciação da lide.
cpc-lei-13105-capture-2026-09-28,Art. 352,aula-12.html,unused,"O capítulo trata de Art. 352. Verificando a existência de irregularidades ou de vícios sanáveis, o juiz determinará sua correção em prazo nunca superior a 30 (trinta) dias. e não aborda diretamente a denunciação da lide."
cpc-lei-13105-capture-2026-09-28,Art. 353,aula-12.html,unused,"O capítulo trata de Art. 353. Cumpridas as providências preliminares ou não havendo necessidade delas, o juiz proferirá julgamento conforme o estado do processo, observando o que dispõe o Capítulo X. e não aborda diretamente a denunciação da lide."
cpc-lei-13105-capture-2026-09-28,Art. 354,aula-12.html,unused,O capítulo trata de Art. 354. Ocorrendo qualquer das hipóteses previstas nos e não aborda diretamente a denunciação da lide.
cpc-lei-13105-capture-2026-09-28,Art. 355,aula-12.html,unused,"O capítulo trata de Art. 355. O juiz julgará antecipadamente o pedido, proferindo sentença com resolução de mérito, quando: e não aborda diretamente a denunciação da lide."
cpc-lei-13105-capture-2026-09-28,Art. 356,aula-12.html,unused,O capítulo trata de Art. 356. O juiz decidirá parcialmente o mérito quando um ou mais dos pedidos formulados ou parcela deles: e não aborda diretamente a denunciação da lide.
cpc-lei-13105-capture-2026-09-28,Art. 357,aula-12.html,unused,"O capítulo trata de Art. 357. Não ocorrendo nenhuma das hipóteses deste Capítulo, deverá o juiz, em decisão de saneamento e de organização do processo: e não aborda diretamente a denunciação da lide."
cpc-lei-13105-capture-2026-09-28,Art. 358,aula-12.html,unused,"O capítulo trata de Art. 358. No dia e na hora designados, o juiz declarará aberta a audiência de instrução e julgamento e mandará apregoar as partes e os respectivos advogados, bem como outras pessoas que dela devam participar. e não aborda diretamente a denunciação da lide."
cpc-lei-13105-capture-2026-09-28,Art. 359,aula-12.html,unused,"O capítulo trata de Art. 359. Instalada a audiência, o juiz tentará conciliar as partes, independentemente do emprego anterior de outros métodos de solução consensual de conflitos, como a mediação e a arbitragem. e não aborda diretamente a denunciação da lide."
cpc-lei-13105-capture-2026-09-28,Art. 36,aula-12.html,unused,O capítulo trata de Art. 36. O procedimento da carta rogatória perante o Superior Tribunal de Justiça é de jurisdição contenciosa e deve assegurar às partes as garantias do devido processo legal. e não aborda diretamente a denunciação da lide.
cpc-lei-13105-capture-2026-09-28,Art. 360,aula-12.html,unused,"O capítulo trata de Art. 360. O juiz exerce o poder de polícia, incumbindo-lhe: e não aborda diretamente a denunciação da lide."
cpc-lei-13105-capture-2026-09-28,Art. 361,aula-12.html,unused,"O capítulo trata de Art. 361. As provas orais serão produzidas em audiência, ouvindo-se nesta ordem, preferencialmente: e não aborda diretamente a denunciação da lide."
cpc-lei-13105-capture-2026-09-28,Art. 362,aula-12.html,unused,O capítulo trata de Art. 362. A audiência poderá ser adiada: e não aborda diretamente a denunciação da lide.
cpc-lei-13105-capture-2026-09-28,Art. 363,aula-12.html,unused,"O capítulo trata de Art. 363. Havendo antecipação ou adiamento da audiência, o juiz, de ofício ou a requerimento da parte, determinará a intimação dos advogados ou da sociedade de advogados para ciência da nova designação. e não aborda diretamente a denunciação da lide."
cpc-lei-13105-capture-2026-09-28,Art. 364,aula-12.html,unused,"O capítulo trata de Art. 364. Finda a instrução, o juiz dará a palavra ao advogado do autor e do réu, bem como ao membro do Ministério Público, se for o caso de sua intervenção, sucessivamente, pelo prazo de 20 (vinte) minutos para cada um, prorrogável por 10 (dez) minutos, a critério do juiz. e não aborda diretamente a denunciação da lide."
cpc-lei-13105-capture-2026-09-28,Art. 365,aula-12.html,unused,"O capítulo trata de Art. 365. A audiência é una e contínua, podendo ser excepcional e justificadamente cindida na ausência de perito ou de testemunha, desde que haja concordância das partes. e não aborda diretamente a denunciação da lide."
cpc-lei-13105-capture-2026-09-28,Art. 366,aula-12.html,unused,"O capítulo trata de Art. 366. Encerrado o debate ou oferecidas as razões finais, o juiz proferirá sentença em audiência ou no prazo de 30 (trinta) dias. e não aborda diretamente a denunciação da lide."
cpc-lei-13105-capture-2026-09-28,Art. 367,aula-12.html,unused,"O capítulo trata de Art. 367. O servidor lavrará, sob ditado do juiz, termo que conterá, em resumo, o ocorrido na audiência, bem como, por extenso, os despachos, as decisões e a sentença, se proferida no ato. e não aborda diretamente a denunciação da lide."
cpc-lei-13105-capture-2026-09-28,Art. 368,aula-12.html,unused,"O capítulo trata de Art. 368. A audiência será pública, ressalvadas as exceções legais. e não aborda diretamente a denunciação da lide."
cpc-lei-13105-capture-2026-09-28,Art. 369,aula-12.html,unused,"O capítulo trata de Art. 369. As partes têm o direito de empregar todos os meios legais, bem como os moralmente legítimos, ainda que não especificados neste Código, para provar a verdade dos fatos em que se funda o pedido ou a defesa e influir eficazmente na convicção do juiz. e não aborda diretamente a denunciação da lide."
cpc-lei-13105-capture-2026-09-28,Art. 37,aula-12.html,unused,O capítulo trata de Art. 37. O pedido de cooperação jurídica internacional oriundo de autoridade brasileira competente será encaminhado à autoridade central para posterior envio ao Estado requerido para lhe dar andamento. e não aborda diretamente a denunciação da lide.
cpc-lei-13105-capture-2026-09-28,Art. 370,aula-12.html,unused,"O capítulo trata de Art. 370. Caberá ao juiz, de ofício ou a requerimento da parte, determinar as provas necessárias ao julgamento do mérito. e não aborda diretamente a denunciação da lide."
cpc-lei-13105-capture-2026-09-28,Art. 371,aula-12.html,unused,"O capítulo trata de Art. 371. O juiz apreciará a prova constante dos autos, independentemente do sujeito que a tiver promovido, e indicará na decisão as razões da formação de seu convencimento. e não aborda diretamente a denunciação da lide."
cpc-lei-13105-capture-2026-09-28,Art. 372,aula-12.html,unused,"O capítulo trata de Art. 372. O juiz poderá admitir a utilização de prova produzida em outro processo, atribuindo-lhe o valor que considerar adequado, observado o contraditório. e não aborda diretamente a denunciação da lide."
cpc-lei-13105-capture-2026-09-28,Art. 373,aula-12.html,unused,O capítulo trata de Art. 373. O ônus da prova incumbe: e não aborda diretamente a denunciação da lide.
cpc-lei-13105-capture-2026-09-28,Art. 374,aula-12.html,unused,O capítulo trata de Art. 374. Não dependem de prova os fatos: e não aborda diretamente a denunciação da lide.
cpc-lei-13105-capture-2026-09-28,Art. 375,aula-12.html,unused,"O capítulo trata de Art. 375. O juiz aplicará as regras de experiência comum subministradas pela observação do que ordinariamente acontece e, ainda, as regras de experiência técnica, ressalvado, quanto a estas, o exame pericial. e não aborda diretamente a denunciação da lide."
cpc-lei-13105-capture-2026-09-28,Art. 376,aula-12.html,unused,"O capítulo trata de Art. 376. A parte que alegar direito municipal, estadual, estrangeiro ou consuetudinário provar-lhe-á o teor e a vigência, se assim o juiz determinar. e não aborda diretamente a denunciação da lide."
cpc-lei-13105-capture-2026-09-28,Art. 377,aula-12.html,unused,"O capítulo trata de Art. 377. A carta precatória, a carta rogatória e o auxílio direto suspenderão o julgamento da causa no caso previsto no e não aborda diretamente a denunciação da lide."
cpc-lei-13105-capture-2026-09-28,Art. 378,aula-12.html,unused,O capítulo trata de Art. 378. Ninguém se exime do dever de colaborar com o Poder Judiciário para o descobrimento da verdade. e não aborda diretamente a denunciação da lide.
cpc-lei-13105-capture-2026-09-28,Art. 379,aula-12.html,unused,"O capítulo trata de Art. 379. Preservado o direito de não produzir prova contra si própria, incumbe à parte: e não aborda diretamente a denunciação da lide."
cpc-lei-13105-capture-2026-09-28,Art. 38,aula-12.html,unused,"O capítulo trata de Art. 38. O pedido de cooperação oriundo de autoridade brasileira competente e os documentos anexos que o instruem serão encaminhados à autoridade central, acompanhados de tradução para a língua oficial do Estado requerido. e não aborda diretamente a denunciação da lide."
cpc-lei-13105-capture-2026-09-28,Art. 380,aula-12.html,unused,"O capítulo trata de Art. 380. Incumbe ao terceiro, em relação a qualquer causa: e não aborda diretamente a denunciação da lide."
cpc-lei-13105-capture-2026-09-28,Art. 381,aula-12.html,unused,O capítulo trata de Art. 381. A produção antecipada da prova será admitida nos casos em que: e não aborda diretamente a denunciação da lide.
cpc-lei-13105-capture-2026-09-28,Art. 382,aula-12.html,unused,"O capítulo trata de Art. 382. Na petição, o requerente apresentará as razões que justificam a necessidade de antecipação da prova e mencionará com precisão os fatos sobre os quais a prova há de recair. e não aborda diretamente a denunciação da lide."
cpc-lei-13105-capture-2026-09-28,Art. 383,aula-12.html,unused,O capítulo trata de Art. 383. Os autos permanecerão em cartório durante 1 (um) mês para extração de cópias e certidões pelos interessados. e não aborda diretamente a denunciação da lide.
cpc-lei-13105-capture-2026-09-28,Art. 384,aula-12.html,unused,"O capítulo trata de Art. 384. A existência e o modo de existir de algum fato podem ser atestados ou documentados, a requerimento do interessado, mediante ata lavrada por tabelião. e não aborda diretamente a denunciação da lide."
cpc-lei-13105-capture-2026-09-28,Art. 385,aula-12.html,unused,"O capítulo trata de Art. 385. Cabe à parte requerer o depoimento pessoal da outra parte, a fim de que esta seja interrogada na audiência de instrução e julgamento, sem prejuízo do poder do juiz de ordená-lo de ofício. e não aborda diretamente a denunciação da lide."
cpc-lei-13105-capture-2026-09-28,Art. 386,aula-12.html,unused,"O capítulo trata de Art. 386. Quando a parte, sem motivo justificado, deixar de responder ao que lhe for perguntado ou empregar evasivas, o juiz, apreciando as demais circunstâncias e os elementos de prova, declarará, na sentença, se houve recusa de depor. e não aborda diretamente a denunciação da lide."
cpc-lei-13105-capture-2026-09-28,Art. 387,aula-12.html,unused,"O capítulo trata de Art. 387. A parte responderá pessoalmente sobre os fatos articulados, não podendo servir-se de escritos anteriormente preparados, permitindo-lhe o juiz, todavia, a consulta a notas breves, desde que objetivem completar esclarecimentos. e não aborda diretamente a denunciação da lide."
cpc-lei-13105-capture-2026-09-28,Art. 388,aula-12.html,unused,O capítulo trata de Art. 388. A parte não é obrigada a depor sobre fatos: e não aborda diretamente a denunciação da lide.
cpc-lei-13105-capture-2026-09-28,Art. 389,aula-12.html,unused,"O capítulo trata de Art. 389. Há confissão, judicial ou extrajudicial, quando a parte admite a verdade de fato contrário ao seu interesse e favorável ao do adversário. e não aborda diretamente a denunciação da lide."
cpc-lei-13105-capture-2026-09-28,Art. 39,aula-12.html,unused,O capítulo trata de Art. 39. O pedido passivo de cooperação jurídica internacional será recusado se configurar manifesta ofensa à ordem pública. e não aborda diretamente a denunciação da lide.
cpc-lei-13105-capture-2026-09-28,Art. 390,aula-12.html,unused,O capítulo trata de Art. 390. A confissão judicial pode ser espontânea ou provocada. e não aborda diretamente a denunciação da lide.
cpc-lei-13105-capture-2026-09-28,Art. 391,aula-12.html,unused,"O capítulo trata de Art. 391. A confissão judicial faz prova contra o confitente, não prejudicando, todavia, os litisconsortes. e não aborda diretamente a denunciação da lide."
cpc-lei-13105-capture-2026-09-28,Art. 392,aula-12.html,unused,"O capítulo trata de Art. 392. Não vale como confissão a admissão, em juízo, de fatos relativos a direitos indisponíveis. e não aborda diretamente a denunciação da lide."
cpc-lei-13105-capture-2026-09-28,Art. 393,aula-12.html,unused,"O capítulo trata de Art. 393. A confissão é irrevogável, mas pode ser anulada se decorreu de erro de fato ou de coação. e não aborda diretamente a denunciação da lide."
cpc-lei-13105-capture-2026-09-28,Art. 394,aula-12.html,unused,"O capítulo trata de Art. 394. A confissão extrajudicial, quando feita oralmente, só terá eficácia nos casos em que a lei não exija prova literal. e não aborda diretamente a denunciação da lide."
cpc-lei-13105-capture-2026-09-28,Art. 395,aula-12.html,unused,"O capítulo trata de Art. 395. A confissão é, em regra, indivisível, não podendo a parte que a quiser invocar como prova aceitá-la no tópico que a beneficiar e rejeitá-la no que lhe for desfavorável, porém cindir-se-á quando o confitente a ela aduzir fatos novos, capazes de constituir fundamento de defesa de direito material ou de reconvenção. e não aborda diretamente a denunciação da lide."
cpc-lei-13105-capture-2026-09-28,Art. 396,aula-12.html,unused,O capítulo trata de Art. 396. O juiz pode ordenar que a parte exiba documento ou coisa que se encontre em seu poder. e não aborda diretamente a denunciação da lide.
cpc-lei-13105-capture-2026-09-28,Art. 397,aula-12.html,unused,O capítulo trata de Art. 397. O pedido formulado pela parte conterá: e não aborda diretamente a denunciação da lide.
cpc-lei-13105-capture-2026-09-28,Art. 398,aula-12.html,unused,O capítulo trata de Art. 398. O requerido dará sua resposta nos 5 (cinco) dias subsequentes à sua intimação. e não aborda diretamente a denunciação da lide.
cpc-lei-13105-capture-2026-09-28,Art. 399,aula-12.html,unused,O capítulo trata de Art. 399. O juiz não admitirá a recusa se: e não aborda diretamente a denunciação da lide.
cpc-lei-13105-capture-2026-09-28,Art. 4,aula-12.html,unused,"O capítulo trata de Art. 4º As partes têm o direito de obter em prazo razoável a solução integral do mérito, incluída a atividade satisfativa. e não aborda diretamente a denunciação da lide."
cpc-lei-13105-capture-2026-09-28,Art. 40,aula-12.html,unused,"O capítulo trata de Art. 40. A cooperação jurídica internacional para execução de decisão estrangeira dar-se-á por meio de carta rogatória ou de ação de homologação de sentença estrangeira, de acordo com o e não aborda diretamente a denunciação da lide."
cpc-lei-13105-capture-2026-09-28,Art. 400,aula-12.html,unused,"O capítulo trata de Art. 400. Ao decidir o pedido, o juiz admitirá como verdadeiros os fatos que, por meio do documento ou da coisa, a parte pretendia provar se: e não aborda diretamente a denunciação da lide."
cpc-lei-13105-capture-2026-09-28,Art. 401,aula-12.html,unused,"O capítulo trata de Art. 401. Quando o documento ou a coisa estiver em poder de terceiro, o juiz ordenará sua citação para responder no prazo de 15 (quinze) dias. e não aborda diretamente a denunciação da lide."
cpc-lei-13105-capture-2026-09-28,Art. 402,aula-12.html,unused,"O capítulo trata de Art. 402. Se o terceiro negar a obrigação de exibir ou a posse do documento ou da coisa, o juiz designará audiência especial, tomando-lhe o depoimento, bem como o das partes e, se necessário, o de testemunhas, e em seguida proferirá decisão. e não aborda diretamente a denunciação da lide."
cpc-lei-13105-capture-2026-09-28,Art. 403,aula-12.html,unused,"O capítulo trata de Art. 403. Se o terceiro, sem justo motivo, se recusar a efetuar a exibição, o juiz ordenar-lhe-á que proceda ao respectivo depósito em cartório ou em outro lugar designado, no prazo de 5 (cinco) dias, impondo ao requerente que o ressarça pelas despesas que tiver. e não aborda diretamente a denunciação da lide."
cpc-lei-13105-capture-2026-09-28,Art. 404,aula-12.html,unused,"O capítulo trata de Art. 404. A parte e o terceiro se escusam de exibir, em juízo, o documento ou a coisa se: e não aborda diretamente a denunciação da lide."
cpc-lei-13105-capture-2026-09-28,Art. 405,aula-12.html,unused,"O capítulo trata de Art. 405. O documento público faz prova não só da sua formação, mas também dos fatos que o escrivão, o chefe de secretaria, o tabelião ou o servidor declarar que ocorreram em sua presença. e não aborda diretamente a denunciação da lide."
cpc-lei-13105-capture-2026-09-28,Art. 406,aula-12.html,unused,"O capítulo trata de Art. 406. Quando a lei exigir instrumento público como da substância do ato, nenhuma outra prova, por mais especial que seja, pode suprir-lhe a falta. e não aborda diretamente a denunciação da lide."
cpc-lei-13105-capture-2026-09-28,Art. 407,aula-12.html,unused,"O capítulo trata de Art. 407. O documento feito por oficial público incompetente ou sem a observância das formalidades legais, sendo subscrito pelas partes, tem a mesma eficácia probatória do documento particular. e não aborda diretamente a denunciação da lide."
cpc-lei-13105-capture-2026-09-28,Art. 408,aula-12.html,unused,O capítulo trata de Art. 408. As declarações constantes do documento particular escrito e assinado ou somente assinado presumem-se verdadeiras em relação ao signatário. e não aborda diretamente a denunciação da lide.
cpc-lei-13105-capture-2026-09-28,Art. 409,aula-12.html,unused,"O capítulo trata de Art. 409. A data do documento particular, quando a seu respeito surgir dúvida ou impugnação entre os litigantes, provar-se-á por todos os meios de direito. e não aborda diretamente a denunciação da lide."
cpc-lei-13105-capture-2026-09-28,Art. 41,aula-12.html,unused,"O capítulo trata de Art. 41. Considera-se autêntico o documento que instruir pedido de cooperação jurídica internacional, inclusive tradução para a língua portuguesa, quando encaminhado ao Estado brasileiro por meio de autoridade central ou por via diplomática, dispensando-se ajuramentação, autenticação ou qualquer procedimento de legalização. e não aborda diretamente a denunciação da lide."
cpc-lei-13105-capture-2026-09-28,Art. 410,aula-12.html,unused,O capítulo trata de Art. 410. Considera-se autor do documento particular: e não aborda diretamente a denunciação da lide.
cpc-lei-13105-capture-2026-09-28,Art. 411,aula-12.html,unused,O capítulo trata de Art. 411. Considera-se autêntico o documento quando: e não aborda diretamente a denunciação da lide.
cpc-lei-13105-capture-2026-09-28,Art. 412,aula-12.html,unused,O capítulo trata de Art. 412. O documento particular de cuja autenticidade não se duvida prova que o seu autor fez a declaração que lhe é atribuída. e não aborda diretamente a denunciação da lide.
cpc-lei-13105-capture-2026-09-28,Art. 413,aula-12.html,unused,"O capítulo trata de Art. 413. O telegrama, o radiograma ou qualquer outro meio de transmissão tem a mesma força probatória do documento particular se o original constante da estação expedidora tiver sido assinado pelo remetente. e não aborda diretamente a denunciação da lide."
cpc-lei-13105-capture-2026-09-28,Art. 414,aula-12.html,unused,"O capítulo trata de Art. 414. O telegrama ou o radiograma presume-se conforme com o original, provando as datas de sua expedição e de seu recebimento pelo destinatário. e não aborda diretamente a denunciação da lide."
cpc-lei-13105-capture-2026-09-28,Art. 415,aula-12.html,unused,O capítulo trata de Art. 415. As cartas e os registros domésticos provam contra quem os escreveu quando: e não aborda diretamente a denunciação da lide.
cpc-lei-13105-capture-2026-09-28,Art. 416,aula-12.html,unused,"O capítulo trata de Art. 416. A nota escrita pelo credor em qualquer parte de documento representativo de obrigação, ainda que não assinada, faz prova em benefício do devedor. e não aborda diretamente a denunciação da lide."
cpc-lei-13105-capture-2026-09-28,Art. 417,aula-12.html,unused,"O capítulo trata de Art. 417. Os livros empresariais provam contra seu autor, sendo lícito ao empresário, todavia, demonstrar, por todos os meios permitidos em direito, que os lançamentos não correspondem à verdade dos fatos. e não aborda diretamente a denunciação da lide."
cpc-lei-13105-capture-2026-09-28,Art. 418,aula-12.html,unused,O capítulo trata de Art. 418. Os livros empresariais que preencham os requisitos exigidos por lei provam a favor de seu autor no litígio entre empresários. e não aborda diretamente a denunciação da lide.
cpc-lei-13105-capture-2026-09-28,Art. 419,aula-12.html,unused,"O capítulo trata de Art. 419. A escrituração contábil é indivisível, e, se dos fatos que resultam dos lançamentos, uns são favoráveis ao interesse de seu autor e outros lhe são contrários, ambos serão considerados em conjunto, como unidade. e não aborda diretamente a denunciação da lide."
cpc-lei-13105-capture-2026-09-28,Art. 42,aula-12.html,unused,"O capítulo trata de Art. 42. As causas cíveis serão processadas e decididas pelo juiz nos limites de sua competência, ressalvado às partes o direito de instituir juízo arbitral, na forma da lei. e não aborda diretamente a denunciação da lide."
cpc-lei-13105-capture-2026-09-28,Art. 420,aula-12.html,unused,"O capítulo trata de Art. 420. O juiz pode ordenar, a requerimento da parte, a exibição integral dos livros empresariais e dos documentos do arquivo: e não aborda diretamente a denunciação da lide."
cpc-lei-13105-capture-2026-09-28,Art. 421,aula-12.html,unused,"O capítulo trata de Art. 421. O juiz pode, de ofício, ordenar à parte a exibição parcial dos livros e dos documentos, extraindo-se deles a suma que interessar ao litígio, bem como reproduções autenticadas. e não aborda diretamente a denunciação da lide."
cpc-lei-13105-capture-2026-09-28,Art. 422,aula-12.html,unused,"O capítulo trata de Art. 422. Qualquer reprodução mecânica, como a fotográfica, a cinematográfica, a fonográfica ou de outra espécie, tem aptidão para fazer prova dos fatos ou das coisas representadas, se a sua conformidade com o documento original não for impugnada por aquele contra quem foi produzida. e não aborda diretamente a denunciação da lide."
cpc-lei-13105-capture-2026-09-28,Art. 423,aula-12.html,unused,"O capítulo trata de Art. 423. As reproduções dos documentos particulares, fotográficas ou obtidas por outros processos de repetição, valem como certidões sempre que o escrivão ou o chefe de secretaria certificar sua conformidade com o original. e não aborda diretamente a denunciação da lide."
cpc-lei-13105-capture-2026-09-28,Art. 424,aula-12.html,unused,"O capítulo trata de Art. 424. A cópia de documento particular tem o mesmo valor probante que o original, cabendo ao escrivão, intimadas as partes, proceder à conferência e certificar a conformidade entre a cópia e o original. e não aborda diretamente a denunciação da lide."
cpc-lei-13105-capture-2026-09-28,Art. 425,aula-12.html,unused,O capítulo trata de Art. 425. Fazem a mesma prova que os originais: e não aborda diretamente a denunciação da lide.
cpc-lei-13105-capture-2026-09-28,Art. 426,aula-12.html,unused,"O capítulo trata de Art. 426. O juiz apreciará fundamentadamente a fé que deva merecer o documento, quando em ponto substancial e sem ressalva contiver entrelinha, emenda, borrão ou cancelamento. e não aborda diretamente a denunciação da lide."
cpc-lei-13105-capture-2026-09-28,Art. 427,aula-12.html,unused,O capítulo trata de Art. 427. Cessa a fé do documento público ou particular sendo-lhe declarada judicialmente a falsidade. e não aborda diretamente a denunciação da lide.
cpc-lei-13105-capture-2026-09-28,Art. 428,aula-12.html,unused,O capítulo trata de Art. 428. Cessa a fé do documento particular quando: e não aborda diretamente a denunciação da lide.
cpc-lei-13105-capture-2026-09-28,Art. 429,aula-12.html,unused,O capítulo trata de Art. 429. Incumbe o ônus da prova quando: e não aborda diretamente a denunciação da lide.
cpc-lei-13105-capture-2026-09-28,Art. 43,aula-12.html,unused,"O capítulo trata de Art. 43. Determina-se a competência no momento do registro ou da distribuição da petição inicial, sendo irrelevantes as modificações do estado de fato ou de direito ocorridas posteriormente, salvo quando suprimirem órgão judiciário ou alterarem a competência absoluta. e não aborda diretamente a denunciação da lide."
cpc-lei-13105-capture-2026-09-28,Art. 430,aula-12.html,unused,"O capítulo trata de Art. 430. A falsidade deve ser suscitada na contestação, na réplica ou no prazo de 15 (quinze) dias, contado a partir da intimação da juntada do documento aos autos. e não aborda diretamente a denunciação da lide."
cpc-lei-13105-capture-2026-09-28,Art. 431,aula-12.html,unused,O capítulo trata de Art. 431. A parte arguirá a falsidade expondo os motivos em que funda a sua pretensão e os meios com que provará o alegado. e não aborda diretamente a denunciação da lide.
cpc-lei-13105-capture-2026-09-28,Art. 432,aula-12.html,unused,"O capítulo trata de Art. 432. Depois de ouvida a outra parte no prazo de 15 (quinze) dias, será realizado o exame pericial. e não aborda diretamente a denunciação da lide."
cpc-lei-13105-capture-2026-09-28,Art. 433,aula-12.html,unused,"O capítulo trata de Art. 433. A declaração sobre a falsidade do documento, quando suscitada como questão principal, constará da parte dispositiva da sentença e sobre ela incidirá também a autoridade da coisa julgada. e não aborda diretamente a denunciação da lide."
cpc-lei-13105-capture-2026-09-28,Art. 434,aula-12.html,unused,O capítulo trata de Art. 434. Incumbe à parte instruir a petição inicial ou a contestação com os documentos destinados a provar suas alegações. e não aborda diretamente a denunciação da lide.
cpc-lei-13105-capture-2026-09-28,Art. 435,aula-12.html,unused,"O capítulo trata de Art. 435. É lícito às partes, em qualquer tempo, juntar aos autos documentos novos, quando destinados a fazer prova de fatos ocorridos depois dos articulados ou para contrapô-los aos que foram produzidos nos autos. e não aborda diretamente a denunciação da lide."
cpc-lei-13105-capture-2026-09-28,Art. 436,aula-12.html,unused,"O capítulo trata de Art. 436. A parte, intimada a falar sobre documento constante dos autos, poderá: e não aborda diretamente a denunciação da lide."
cpc-lei-13105-capture-2026-09-28,Art. 437,aula-12.html,unused,"O capítulo trata de Art. 437. O réu manifestar-se-á na contestação sobre os documentos anexados à inicial, e o autor manifestar-se-á na réplica sobre os documentos anexados à contestação. e não aborda diretamente a denunciação da lide."
cpc-lei-13105-capture-2026-09-28,Art. 438,aula-12.html,unused,"O capítulo trata de Art. 438. O juiz requisitará às repartições públicas, em qualquer tempo ou grau de jurisdição: e não aborda diretamente a denunciação da lide."
cpc-lei-13105-capture-2026-09-28,Art. 439,aula-12.html,unused,"O capítulo trata de Art. 439. A utilização de documentos eletrônicos no processo convencional dependerá de sua conversão à forma impressa e da verificação de sua autenticidade, na forma da lei. e não aborda diretamente a denunciação da lide."
cpc-lei-13105-capture-2026-09-28,Art. 44,aula-12.html,unused,O capítulo trata de Art. 44. Obedecidos os limites estabelecidos pela e não aborda diretamente a denunciação da lide.
cpc-lei-13105-capture-2026-09-28,Art. 440,aula-12.html,unused,"O capítulo trata de Art. 440. O juiz apreciará o valor probante do documento eletrônico não convertido, assegurado às partes o acesso ao seu teor. e não aborda diretamente a denunciação da lide."
cpc-lei-13105-capture-2026-09-28,Art. 441,aula-12.html,unused,O capítulo trata de Art. 441. Serão admitidos documentos eletrônicos produzidos e conservados com a observância da legislação específica. e não aborda diretamente a denunciação da lide.
cpc-lei-13105-capture-2026-09-28,Art. 442,aula-12.html,unused,"O capítulo trata de Art. 442. A prova testemunhal é sempre admissível, não dispondo a lei de modo diverso. e não aborda diretamente a denunciação da lide."
cpc-lei-13105-capture-2026-09-28,Art. 443,aula-12.html,unused,O capítulo trata de Art. 443. O juiz indeferirá a inquirição de testemunhas sobre fatos: e não aborda diretamente a denunciação da lide.
cpc-lei-13105-capture-2026-09-28,Art. 444,aula-12.html,unused,"O capítulo trata de Art. 444. Nos casos em que a lei exigir prova escrita da obrigação, é admissível a prova testemunhal quando houver começo de prova por escrito, emanado da parte contra a qual se pretende produzir a prova. e não aborda diretamente a denunciação da lide."
cpc-lei-13105-capture-2026-09-28,Art. 445,aula-12.html,unused,"O capítulo trata de Art. 445. Também se admite a prova testemunhal quando o credor não pode ou não podia, moral ou materialmente, obter a prova escrita da obrigação, em casos como o de parentesco, de depósito necessário ou de hospedagem em hotel ou em razão das práticas comerciais do local onde contraída a obrigação. e não aborda diretamente a denunciação da lide."
cpc-lei-13105-capture-2026-09-28,Art. 446,aula-12.html,unused,O capítulo trata de Art. 446. É lícito à parte provar com testemunhas: e não aborda diretamente a denunciação da lide.
cpc-lei-13105-capture-2026-09-28,Art. 447,aula-12.html,unused,"O capítulo trata de Art. 447. Podem depor como testemunhas todas as pessoas, exceto as incapazes, impedidas ou suspeitas. e não aborda diretamente a denunciação da lide."
cpc-lei-13105-capture-2026-09-28,Art. 448,aula-12.html,unused,O capítulo trata de Art. 448. A testemunha não é obrigada a depor sobre fatos: e não aborda diretamente a denunciação da lide.
cpc-lei-13105-capture-2026-09-28,Art. 449,aula-12.html,unused,"O capítulo trata de Art. 449. Salvo disposição especial em contrário, as testemunhas devem ser ouvidas na sede do juízo. e não aborda diretamente a denunciação da lide."
cpc-lei-13105-capture-2026-09-28,Art. 45,aula-12.html,unused,"O capítulo trata de Art. 45. Tramitando o processo perante outro juízo, os autos serão remetidos ao juízo federal competente se nele intervier a União, suas empresas públicas, entidades autárquicas e fundações, ou conselho de fiscalização de atividade profissional, na qualidade de parte ou de terceiro interveniente, exceto as ações: e não aborda diretamente a denunciação da lide."
cpc-lei-13105-capture-2026-09-28,Art. 450,aula-12.html,unused,"O capítulo trata de Art. 450. O rol de testemunhas conterá, sempre que possível, o nome, a profissão, o estado civil, a idade, o número de inscrição no Cadastro de Pessoas Físicas, o número de registro de identidade e o endereço completo da residência e do local de trabalho. e não aborda diretamente a denunciação da lide."
cpc-lei-13105-capture-2026-09-28,Art. 451,aula-12.html,unused,O capítulo trata de Art. 451. Depois de apresentado o rol de que tratam os e não aborda diretamente a denunciação da lide.
cpc-lei-13105-capture-2026-09-28,Art. 452,aula-12.html,unused,"O capítulo trata de Art. 452. Quando for arrolado como testemunha, o juiz da causa: e não aborda diretamente a denunciação da lide."
cpc-lei-13105-capture-2026-09-28,Art. 453,aula-12.html,unused,"O capítulo trata de Art. 453. As testemunhas depõem, na audiência de instrução e julgamento, perante o juiz da causa, exceto: e não aborda diretamente a denunciação da lide."
cpc-lei-13105-capture-2026-09-28,Art. 454,aula-12.html,unused,O capítulo trata de Art. 454. São inquiridos em sua residência ou onde exercem sua função: e não aborda diretamente a denunciação da lide.
cpc-lei-13105-capture-2026-09-28,Art. 455,aula-12.html,unused,"O capítulo trata de Art. 455. Cabe ao advogado da parte informar ou intimar a testemunha por ele arrolada do dia, da hora e do local da audiência designada, dispensando-se a intimação do juízo. e não aborda diretamente a denunciação da lide."
cpc-lei-13105-capture-2026-09-28,Art. 456,aula-12.html,unused,"O capítulo trata de Art. 456. O juiz inquirirá as testemunhas separada e sucessivamente, primeiro as do autor e depois as do réu, e providenciará para que uma não ouça o depoimento das outras. e não aborda diretamente a denunciação da lide."
cpc-lei-13105-capture-2026-09-28,Art. 457,aula-12.html,unused,"O capítulo trata de Art. 457. Antes de depor, a testemunha será qualificada, declarará ou confirmará seus dados e informará se tem relações de parentesco com a parte ou interesse no objeto do processo. e não aborda diretamente a denunciação da lide."
cpc-lei-13105-capture-2026-09-28,Art. 458,aula-12.html,unused,"O capítulo trata de Art. 458. Ao início da inquirição, a testemunha prestará o compromisso de dizer a verdade do que souber e lhe for perguntado. e não aborda diretamente a denunciação da lide."
cpc-lei-13105-capture-2026-09-28,Art. 459,aula-12.html,unused,"O capítulo trata de Art. 459. As perguntas serão formuladas pelas partes diretamente à testemunha, começando pela que a arrolou, não admitindo o juiz aquelas que puderem induzir a resposta, não tiverem relação com as questões de fato objeto da atividade probatória ou importarem repetição de outra já respondida. e não aborda diretamente a denunciação da lide."
cpc-lei-13105-capture-2026-09-28,Art. 46,aula-12.html,unused,"O capítulo trata de Art. 46. A ação fundada em direito pessoal ou em direito real sobre bens móveis será proposta, em regra, no foro de domicílio do réu. e não aborda diretamente a denunciação da lide."
cpc-lei-13105-capture-2026-09-28,Art. 460,aula-12.html,unused,O capítulo trata de Art. 460. O depoimento poderá ser documentado por meio de gravação. e não aborda diretamente a denunciação da lide.
cpc-lei-13105-capture-2026-09-28,Art. 461,aula-12.html,unused,"O capítulo trata de Art. 461. O juiz pode ordenar, de ofício ou a requerimento da parte: e não aborda diretamente a denunciação da lide."
cpc-lei-13105-capture-2026-09-28,Art. 462,aula-12.html,unused,"O capítulo trata de Art. 462. A testemunha pode requerer ao juiz o pagamento da despesa que efetuou para comparecimento à audiência, devendo a parte pagá-la logo que arbitrada ou depositá-la em cartório dentro de 3 (três) dias. e não aborda diretamente a denunciação da lide."
cpc-lei-13105-capture-2026-09-28,Art. 463,aula-12.html,unused,O capítulo trata de Art. 463. O depoimento prestado em juízo é considerado serviço público. e não aborda diretamente a denunciação da lide.
cpc-lei-13105-capture-2026-09-28,Art. 464,aula-12.html,unused,"O capítulo trata de Art. 464. A prova pericial consiste em exame, vistoria ou avaliação. e não aborda diretamente a denunciação da lide."
cpc-lei-13105-capture-2026-09-28,Art. 465,aula-12.html,unused,O capítulo trata de Art. 465. O juiz nomeará perito especializado no objeto da perícia e fixará de imediato o prazo para a entrega do laudo. e não aborda diretamente a denunciação da lide.
cpc-lei-13105-capture-2026-09-28,Art. 466,aula-12.html,unused,"O capítulo trata de Art. 466. O perito cumprirá escrupulosamente o encargo que lhe foi cometido, independentemente de termo de compromisso. e não aborda diretamente a denunciação da lide."
cpc-lei-13105-capture-2026-09-28,Art. 467,aula-12.html,unused,O capítulo trata de Art. 467. O perito pode escusar-se ou ser recusado por impedimento ou suspeição. e não aborda diretamente a denunciação da lide.
cpc-lei-13105-capture-2026-09-28,Art. 468,aula-12.html,unused,O capítulo trata de Art. 468. O perito pode ser substituído quando: e não aborda diretamente a denunciação da lide.
cpc-lei-13105-capture-2026-09-28,Art. 469,aula-12.html,unused,"O capítulo trata de Art. 469. As partes poderão apresentar quesitos suplementares durante a diligência, que poderão ser respondidos pelo perito previamente ou na audiência de instrução e julgamento. e não aborda diretamente a denunciação da lide."
cpc-lei-13105-capture-2026-09-28,Art. 47,aula-12.html,unused,O capítulo trata de Art. 47. Para as ações fundadas em direito real sobre imóveis é competente o foro de situação da coisa. e não aborda diretamente a denunciação da lide.
cpc-lei-13105-capture-2026-09-28,Art. 470,aula-12.html,unused,O capítulo trata de Art. 470. Incumbe ao juiz: e não aborda diretamente a denunciação da lide.
cpc-lei-13105-capture-2026-09-28,Art. 471,aula-12.html,unused,"O capítulo trata de Art. 471. As partes podem, de comum acordo, escolher o perito, indicando-o mediante requerimento, desde que: e não aborda diretamente a denunciação da lide."
cpc-lei-13105-capture-2026-09-28,Art. 472,aula-12.html,unused,"O capítulo trata de Art. 472. O juiz poderá dispensar prova pericial quando as partes, na inicial e na contestação, apresentarem, sobre as questões de fato, pareceres técnicos ou documentos elucidativos que considerar suficientes. e não aborda diretamente a denunciação da lide."
cpc-lei-13105-capture-2026-09-28,Art. 473,aula-12.html,unused,O capítulo trata de Art. 473. O laudo pericial deverá conter: e não aborda diretamente a denunciação da lide.
cpc-lei-13105-capture-2026-09-28,Art. 474,aula-12.html,unused,O capítulo trata de Art. 474. As partes terão ciência da data e do local designados pelo juiz ou indicados pelo perito para ter início a produção da prova. e não aborda diretamente a denunciação da lide.
cpc-lei-13105-capture-2026-09-28,Art. 475,aula-12.html,unused,"O capítulo trata de Art. 475. Tratando-se de perícia complexa que abranja mais de uma área de conhecimento especializado, o juiz poderá nomear mais de um perito, e a parte, indicar mais de um assistente técnico. e não aborda diretamente a denunciação da lide."
cpc-lei-13105-capture-2026-09-28,Art. 476,aula-12.html,unused,"O capítulo trata de Art. 476. Se o perito, por motivo justificado, não puder apresentar o laudo dentro do prazo, o juiz poderá conceder-lhe, por uma vez, prorrogação pela metade do prazo originalmente fixado. e não aborda diretamente a denunciação da lide."
cpc-lei-13105-capture-2026-09-28,Art. 478,aula-12.html,unused,"O capítulo trata de Art. 478. Quando o exame tiver por objeto a autenticidade ou a falsidade de documento ou for de natureza médico-legal, o perito será escolhido, de preferência, entre os técnicos dos estabelecimentos oficiais especializados, a cujos diretores o juiz autorizará a remessa dos autos, bem como do material sujeito a exame. e não aborda diretamente a denunciação da lide."
cpc-lei-13105-capture-2026-09-28,Art. 479,aula-12.html,unused,O capítulo trata de Art. 479. O juiz apreciará a prova pericial de acordo com o disposto no e não aborda diretamente a denunciação da lide.
cpc-lei-13105-capture-2026-09-28,Art. 48,aula-12.html,unused,"O capítulo trata de Art. 48. O foro de domicílio do autor da herança, no Brasil, é o competente para o inventário, a partilha, a arrecadação, o cumprimento de disposições de última vontade, a impugnação ou anulação de partilha extrajudicial e para todas as ações em que o espólio for réu, ainda que o óbito tenha ocorrido no estrangeiro. e não aborda diretamente a denunciação da lide."
cpc-lei-13105-capture-2026-09-28,Art. 480,aula-12.html,unused,"O capítulo trata de Art. 480. O juiz determinará, de ofício ou a requerimento da parte, a realização de nova perícia quando a matéria não estiver suficientemente esclarecida. e não aborda diretamente a denunciação da lide."
cpc-lei-13105-capture-2026-09-28,Art. 481,aula-12.html,unused,"O capítulo trata de Art. 481. O juiz, de ofício ou a requerimento da parte, pode, em qualquer fase do processo, inspecionar pessoas ou coisas, a fim de se esclarecer sobre fato que interesse à decisão da causa. e não aborda diretamente a denunciação da lide."
cpc-lei-13105-capture-2026-09-28,Art. 482,aula-12.html,unused,"O capítulo trata de Art. 482. Ao realizar a inspeção, o juiz poderá ser assistido por um ou mais peritos. e não aborda diretamente a denunciação da lide."
cpc-lei-13105-capture-2026-09-28,Art. 483,aula-12.html,unused,O capítulo trata de Art. 483. O juiz irá ao local onde se encontre a pessoa ou a coisa quando: e não aborda diretamente a denunciação da lide.
cpc-lei-13105-capture-2026-09-28,Art. 484,aula-12.html,unused,"O capítulo trata de Art. 484. Concluída a diligência, o juiz mandará lavrar auto circunstanciado, mencionando nele tudo quanto for útil ao julgamento da causa. e não aborda diretamente a denunciação da lide."
cpc-lei-13105-capture-2026-09-28,Art. 485,aula-12.html,unused,O capítulo trata de Art. 485. O juiz não resolverá o mérito quando: e não aborda diretamente a denunciação da lide.
cpc-lei-13105-capture-2026-09-28,Art. 486,aula-12.html,unused,O capítulo trata de Art. 486. O pronunciamento judicial que não resolve o mérito não obsta a que a parte proponha de novo a ação. e não aborda diretamente a denunciação da lide.
cpc-lei-13105-capture-2026-09-28,Art. 487,aula-12.html,unused,O capítulo trata de Art. 487. Haverá resolução de mérito quando o juiz: e não aborda diretamente a denunciação da lide.
cpc-lei-13105-capture-2026-09-28,Art. 488,aula-12.html,unused,"O capítulo trata de Art. 488. Desde que possível, o juiz resolverá o mérito sempre que a decisão for favorável à parte a quem aproveitaria eventual pronunciamento nos termos do e não aborda diretamente a denunciação da lide."
cpc-lei-13105-capture-2026-09-28,Art. 489,aula-12.html,unused,O capítulo trata de Art. 489. São elementos essenciais da sentença: e não aborda diretamente a denunciação da lide.
cpc-lei-13105-capture-2026-09-28,Art. 49,aula-12.html,unused,"O capítulo trata de Art. 49. A ação em que o ausente for réu será proposta no foro de seu último domicílio, também competente para a arrecadação, o inventário, a partilha e o cumprimento de disposições testamentárias. e não aborda diretamente a denunciação da lide."
cpc-lei-13105-capture-2026-09-28,Art. 490,aula-12.html,unused,"O capítulo trata de Art. 490. O juiz resolverá o mérito acolhendo ou rejeitando, no todo ou em parte, os pedidos formulados pelas partes. e não aborda diretamente a denunciação da lide."
cpc-lei-13105-capture-2026-09-28,Art. 491,aula-12.html,unused,"O capítulo trata de Art. 491. Na ação relativa à obrigação de pagar quantia, ainda que formulado pedido genérico, a decisão definirá desde logo a extensão da obrigação, o índice de correção monetária, a taxa de juros, o termo inicial de ambos e a periodicidade da capitalização dos juros, se for o caso, salvo quando: e não aborda diretamente a denunciação da lide."
cpc-lei-13105-capture-2026-09-28,Art. 492,aula-12.html,unused,"O capítulo trata de Art. 492. É vedado ao juiz proferir decisão de natureza diversa da pedida, bem como condenar a parte em quantidade superior ou em objeto diverso do que lhe foi demandado. e não aborda diretamente a denunciação da lide."
cpc-lei-13105-capture-2026-09-28,Art. 493,aula-12.html,unused,"O capítulo trata de Art. 493. Se, depois da propositura da ação, algum fato constitutivo, modificativo ou extintivo do direito influir no julgamento do mérito, caberá ao juiz tomá-lo em consideração, de ofício ou a requerimento da parte, no momento de proferir a decisão. e não aborda diretamente a denunciação da lide."
cpc-lei-13105-capture-2026-09-28,Art. 494,aula-12.html,unused,"O capítulo trata de Art. 494. Publicada a sentença, o juiz só poderá alterá-la: e não aborda diretamente a denunciação da lide."
cpc-lei-13105-capture-2026-09-28,Art. 495,aula-12.html,unused,"O capítulo trata de Art. 495. A decisão que condenar o réu ao pagamento de prestação consistente em dinheiro e a que determinar a conversão de prestação de fazer, de não fazer ou de dar coisa em prestação pecuniária valerão como título constitutivo de hipoteca judiciária. e não aborda diretamente a denunciação da lide."
cpc-lei-13105-capture-2026-09-28,Art. 496,aula-12.html,unused,"O capítulo trata de Art. 496. Está sujeita ao duplo grau de jurisdição, não produzindo efeito senão depois de confirmada pelo tribunal, a sentença: e não aborda diretamente a denunciação da lide."
cpc-lei-13105-capture-2026-09-28,Art. 497,aula-12.html,unused,"O capítulo trata de Art. 497. Na ação que tenha por objeto a prestação de fazer ou de não fazer, o juiz, se procedente o pedido, concederá a tutela específica ou determinará providências que assegurem a obtenção de tutela pelo resultado prático equivalente. e não aborda diretamente a denunciação da lide."
cpc-lei-13105-capture-2026-09-28,Art. 498,aula-12.html,unused,"O capítulo trata de Art. 498. Na ação que tenha por objeto a entrega de coisa, o juiz, ao conceder a tutela específica, fixará o prazo para o cumprimento da obrigação. e não aborda diretamente a denunciação da lide."
cpc-lei-13105-capture-2026-09-28,Art. 499,aula-12.html,unused,O capítulo trata de Art. 499. A obrigação somente será convertida em perdas e danos se o autor o requerer ou se impossível a tutela específica ou a obtenção de tutela pelo resultado prático equivalente. e não aborda diretamente a denunciação da lide.
cpc-lei-13105-capture-2026-09-28,Art. 5,aula-12.html,unused,O capítulo trata de Art. 5º Aquele que de qualquer forma participa do processo deve comportar-se de acordo com a boa-fé. e não aborda diretamente a denunciação da lide.
cpc-lei-13105-capture-2026-09-28,Art. 50,aula-12.html,unused,O capítulo trata de Art. 50. A ação em que o incapaz for réu será proposta no foro de domicílio de seu representante ou assistente. e não aborda diretamente a denunciação da lide.
cpc-lei-13105-capture-2026-09-28,Art. 500,aula-12.html,unused,O capítulo trata de Art. 500. A indenização por perdas e danos dar-se-á sem prejuízo da multa fixada periodicamente para compelir o réu ao cumprimento específico da obrigação. e não aborda diretamente a denunciação da lide.
cpc-lei-13105-capture-2026-09-28,Art. 501,aula-12.html,unused,"O capítulo trata de Art. 501. Na ação que tenha por objeto a emissão de declaração de vontade, a sentença que julgar procedente o pedido, uma vez transitada em julgado, produzirá todos os efeitos da declaração não emitida. e não aborda diretamente a denunciação da lide."
cpc-lei-13105-capture-2026-09-28,Art. 502,aula-12.html,unused,O capítulo trata de Art. 502. Denomina-se coisa julgada material a autoridade que torna imutável e indiscutível a decisão de mérito não mais sujeita a recurso. e não aborda diretamente a denunciação da lide.
cpc-lei-13105-capture-2026-09-28,Art. 503,aula-12.html,unused,O capítulo trata de Art. 503. A decisão que julgar total ou parcialmente o mérito tem força de lei nos limites da questão principal expressamente decidida. e não aborda diretamente a denunciação da lide.
cpc-lei-13105-capture-2026-09-28,Art. 504,aula-12.html,unused,O capítulo trata de Art. 504. Não fazem coisa julgada: e não aborda diretamente a denunciação da lide.
cpc-lei-13105-capture-2026-09-28,Art. 506,aula-12.html,unused,"O capítulo trata de Art. 506. A sentença faz coisa julgada às partes entre as quais é dada, não prejudicando terceiros. e não aborda diretamente a denunciação da lide."
cpc-lei-13105-capture-2026-09-28,Art. 507,aula-12.html,unused,O capítulo trata de Art. 507. É vedado à parte discutir no curso do processo as questões já decididas a cujo respeito se operou a preclusão. e não aborda diretamente a denunciação da lide.
cpc-lei-13105-capture-2026-09-28,Art. 508,aula-12.html,unused,"O capítulo trata de Art. 508. Transitada em julgado a decisão de mérito, considerar-se-ão deduzidas e repelidas todas as alegações e as defesas que a parte poderia opor tanto ao acolhimento quanto à rejeição do pedido. e não aborda diretamente a denunciação da lide."
cpc-lei-13105-capture-2026-09-28,Art. 509,aula-12.html,unused,"O capítulo trata de Art. 509. Quando a sentença condenar ao pagamento de quantia ilíquida, proceder-se-á à sua liquidação, a requerimento do credor ou do devedor: e não aborda diretamente a denunciação da lide."
cpc-lei-13105-capture-2026-09-28,Art. 51,aula-12.html,unused,O capítulo trata de Art. 51. É competente o foro de domicílio do réu para as causas em que seja autora a União. e não aborda diretamente a denunciação da lide.
cpc-lei-13105-capture-2026-09-28,Art. 510,aula-12.html,unused,"O capítulo trata de Art. 510. Na liquidação por arbitramento, o juiz intimará as partes para a apresentação de pareceres ou documentos elucidativos, no prazo que fixar, e, caso não possa decidir de plano, nomeará perito, observando-se, no que couber, o procedimento da prova pericial. e não aborda diretamente a denunciação da lide."
cpc-lei-13105-capture-2026-09-28,Art. 511,aula-12.html,unused,"O capítulo trata de Art. 511. Na liquidação pelo procedimento comum, o juiz determinará a intimação do requerido, na pessoa de seu advogado ou da sociedade de advogados a que estiver vinculado, para, querendo, apresentar contestação no prazo de 15 (quinze) dias, observando-se, a seguir, no que couber, o disposto no e não aborda diretamente a denunciação da lide."
cpc-lei-13105-capture-2026-09-28,Art. 513,aula-12.html,unused,"O capítulo trata de Art. 513. O cumprimento da sentença será feito segundo as regras deste Título, observando-se, no que couber e conforme a natureza da obrigação, o disposto no Livro II da Parte Especial deste Código. e não aborda diretamente a denunciação da lide."
cpc-lei-13105-capture-2026-09-28,Art. 514,aula-12.html,unused,"O capítulo trata de Art. 514. Quando o juiz decidir relação jurídica sujeita a condição ou termo, o cumprimento da sentença dependerá de demonstração de que se realizou a condição ou de que ocorreu o termo. e não aborda diretamente a denunciação da lide."
cpc-lei-13105-capture-2026-09-28,Art. 515,aula-12.html,unused,"O capítulo trata de Art. 515. São títulos executivos judiciais, cujo cumprimento dar-se-á de acordo com os artigos previstos neste Título: e não aborda diretamente a denunciação da lide."
cpc-lei-13105-capture-2026-09-28,Art. 516,aula-12.html,unused,O capítulo trata de Art. 516. O cumprimento da sentença efetuar-se-á perante: e não aborda diretamente a denunciação da lide.
cpc-lei-13105-capture-2026-09-28,Art. 517,aula-12.html,unused,"O capítulo trata de Art. 517. A decisão judicial transitada em julgado poderá ser levada a protesto, nos termos da lei, depois de transcorrido o prazo para pagamento voluntário previsto no e não aborda diretamente a denunciação da lide."
cpc-lei-13105-capture-2026-09-28,Art. 518,aula-12.html,unused,O capítulo trata de Art. 518. Todas as questões relativas à validade do procedimento de cumprimento da sentença e dos atos executivos subsequentes poderão ser arguidas pelo executado nos próprios autos e nestes serão decididas pelo juiz. e não aborda diretamente a denunciação da lide.
cpc-lei-13105-capture-2026-09-28,Art. 519,aula-12.html,unused,"O capítulo trata de Art. 519. Aplicam-se as disposições relativas ao cumprimento da sentença, provisório ou definitivo, e à liquidação, no que couber, às decisões que concederem tutela provisória. e não aborda diretamente a denunciação da lide."
cpc-lei-13105-capture-2026-09-28,Art. 52,aula-12.html,unused,O capítulo trata de Art. 52. É competente o foro de domicílio do réu para as causas em que seja autor Estado ou o Distrito Federal. e não aborda diretamente a denunciação da lide.
cpc-lei-13105-capture-2026-09-28,Art. 520,aula-12.html,unused,"O capítulo trata de Art. 520. O cumprimento provisório da sentença impugnada por recurso desprovido de efeito suspensivo será realizado da mesma forma que o cumprimento definitivo, sujeitando-se ao seguinte regime: e não aborda diretamente a denunciação da lide."
cpc-lei-13105-capture-2026-09-28,Art. 521,aula-12.html,unused,O capítulo trata de Art. 521. A caução prevista no e não aborda diretamente a denunciação da lide.
cpc-lei-13105-capture-2026-09-28,Art. 522,aula-12.html,unused,O capítulo trata de Art. 522. O cumprimento provisório da sentença será requerido por petição dirigida ao juízo competente. e não aborda diretamente a denunciação da lide.
cpc-lei-13105-capture-2026-09-28,Art. 523,aula-12.html,unused,"O capítulo trata de Art. 523. No caso de condenação em quantia certa, ou já fixada em liquidação, e no caso de decisão sobre parcela incontroversa, o cumprimento definitivo da sentença far-se-á a requerimento do exequente, sendo o executado intimado para pagar o débito, no prazo de 15 (quinze) dias, acrescido de custas, se houver. e não aborda diretamente a denunciação da lide."
cpc-lei-13105-capture-2026-09-28,Art. 524,aula-12.html,unused,O capítulo trata de Art. 524. O requerimento previsto no e não aborda diretamente a denunciação da lide.
cpc-lei-13105-capture-2026-09-28,Art. 525,aula-12.html,unused,O capítulo trata de Art. 525. Transcorrido o prazo previsto no e não aborda diretamente a denunciação da lide.
cpc-lei-13105-capture-2026-09-28,Art. 526,aula-12.html,unused,"O capítulo trata de Art. 526. É lícito ao réu, antes de ser intimado para o cumprimento da sentença, comparecer em juízo e oferecer em pagamento o valor que entender devido, apresentando memória discriminada do cálculo. e não aborda diretamente a denunciação da lide."
cpc-lei-13105-capture-2026-09-28,Art. 527,aula-12.html,unused,"O capítulo trata de Art. 527. Aplicam-se as disposições deste Capítulo ao cumprimento provisório da sentença, no que couber. e não aborda diretamente a denunciação da lide."
cpc-lei-13105-capture-2026-09-28,Art. 528,aula-12.html,unused,"O capítulo trata de Art. 528. No cumprimento de sentença que condene ao pagamento de prestação alimentícia ou de decisão interlocutória que fixe alimentos, o juiz, a requerimento do exequente, mandará intimar o executado pessoalmente para, em 3 (três) dias, pagar o débito, provar que o fez ou justificar a impossibilidade de efetuá-lo. e não aborda diretamente a denunciação da lide."
cpc-lei-13105-capture-2026-09-28,Art. 529,aula-12.html,unused,"O capítulo trata de Art. 529. Quando o executado for funcionário público, militar, diretor ou gerente de empresa ou empregado sujeito à legislação do trabalho, o exequente poderá requerer o desconto em folha de pagamento da importância da prestação alimentícia. e não aborda diretamente a denunciação da lide."
cpc-lei-13105-capture-2026-09-28,Art. 53,aula-12.html,unused,O capítulo trata de Art. 53. É competente o foro: e não aborda diretamente a denunciação da lide.
cpc-lei-13105-capture-2026-09-28,Art. 530,aula-12.html,unused,"O capítulo trata de Art. 530. Não cumprida a obrigação, observar-se-á o disposto nos e não aborda diretamente a denunciação da lide."
cpc-lei-13105-capture-2026-09-28,Art. 531,aula-12.html,unused,O capítulo trata de Art. 531. O disposto neste Capítulo aplica-se aos alimentos definitivos ou provisórios. e não aborda diretamente a denunciação da lide.
cpc-lei-13105-capture-2026-09-28,Art. 532,aula-12.html,unused,"O capítulo trata de Art. 532. Verificada a conduta procrastinatória do executado, o juiz deverá, se for o caso, dar ciência ao Ministério Público dos indícios da prática do crime de abandono material. e não aborda diretamente a denunciação da lide."
cpc-lei-13105-capture-2026-09-28,Art. 533,aula-12.html,unused,"O capítulo trata de Art. 533. Quando a indenização por ato ilícito incluir prestação de alimentos, caberá ao executado, a requerimento do exequente, constituir capital cuja renda assegure o pagamento do valor mensal da pensão. e não aborda diretamente a denunciação da lide."
cpc-lei-13105-capture-2026-09-28,Art. 534,aula-12.html,unused,"O capítulo trata de Art. 534. No cumprimento de sentença que impuser à Fazenda Pública o dever de pagar quantia certa, o exequente apresentará demonstrativo discriminado e atualizado do crédito contendo: e não aborda diretamente a denunciação da lide."
cpc-lei-13105-capture-2026-09-28,Art. 535,aula-12.html,unused,"O capítulo trata de Art. 535. A Fazenda Pública será intimada na pessoa de seu representante judicial, por carga, remessa ou meio eletrônico, para, querendo, no prazo de 30 (trinta) dias e nos próprios autos, impugnar a execução, podendo arguir: e não aborda diretamente a denunciação da lide."
cpc-lei-13105-capture-2026-09-28,Art. 536,aula-12.html,unused,"O capítulo trata de Art. 536. No cumprimento de sentença que reconheça a exigibilidade de obrigação de fazer ou de não fazer, o juiz poderá, de ofício ou a requerimento, para a efetivação da tutela específica ou a obtenção de tutela pelo resultado prático equivalente, determinar as medidas necessárias à satisfação do exequente. e não aborda diretamente a denunciação da lide."
cpc-lei-13105-capture-2026-09-28,Art. 537,aula-12.html,unused,"O capítulo trata de Art. 537. A multa independe de requerimento da parte e poderá ser aplicada na fase de conhecimento, em tutela provisória ou na sentença, ou na fase de execução, desde que seja suficiente e compatível com a obrigação e que se determine prazo razoável para cumprimento do preceito. e não aborda diretamente a denunciação da lide."
cpc-lei-13105-capture-2026-09-28,Art. 538,aula-12.html,unused,"O capítulo trata de Art. 538. Não cumprida a obrigação de entregar coisa no prazo estabelecido na sentença, será expedido mandado de busca e apreensão ou de imissão na posse em favor do credor, conforme se tratar de coisa móvel ou imóvel. e não aborda diretamente a denunciação da lide."
cpc-lei-13105-capture-2026-09-28,Art. 539,aula-12.html,unused,"O capítulo trata de Art. 539. Nos casos previstos em lei, poderá o devedor ou terceiro requerer, com efeito de pagamento, a consignação da quantia ou da coisa devida. e não aborda diretamente a denunciação da lide."
cpc-lei-13105-capture-2026-09-28,Art. 54,aula-12.html,unused,"O capítulo trata de Art. 54. A competência relativa poderá modificar-se pela conexão ou pela continência, observado o disposto nesta Seção. e não aborda diretamente a denunciação da lide."
cpc-lei-13105-capture-2026-09-28,Art. 540,aula-12.html,unused,"O capítulo trata de Art. 540. Requerer-se-á a consignação no lugar do pagamento, cessando para o devedor, à data do depósito, os juros e os riscos, salvo se a demanda for julgada improcedente. e não aborda diretamente a denunciação da lide."
cpc-lei-13105-capture-2026-09-28,Art. 541,aula-12.html,unused,"O capítulo trata de Art. 541. Tratando-se de prestações sucessivas, consignada uma delas, pode o devedor continuar a depositar, no mesmo processo e sem mais formalidades, as que se forem vencendo, desde que o faça em até 5 (cinco) dias contados da data do respectivo vencimento. e não aborda diretamente a denunciação da lide."
cpc-lei-13105-capture-2026-09-28,Art. 542,aula-12.html,unused,"O capítulo trata de Art. 542. Na petição inicial, o autor requererá: e não aborda diretamente a denunciação da lide."
cpc-lei-13105-capture-2026-09-28,Art. 543,aula-12.html,unused,"O capítulo trata de Art. 543. Se o objeto da prestação for coisa indeterminada e a escolha couber ao credor, será este citado para exercer o direito dentro de 5 (cinco) dias, se outro prazo não constar de lei ou do contrato, ou para aceitar que o devedor a faça, devendo o juiz, ao despachar a petição inicial, fixar lugar, dia e hora em que se fará a entrega, sob pena de depósito. e não aborda diretamente a denunciação da lide."
cpc-lei-13105-capture-2026-09-28,Art. 544,aula-12.html,unused,"O capítulo trata de Art. 544. Na contestação, o réu poderá alegar que: e não aborda diretamente a denunciação da lide."
cpc-lei-13105-capture-2026-09-28,Art. 545,aula-12.html,unused,"O capítulo trata de Art. 545. Alegada a insuficiência do depósito, é lícito ao autor completá-lo, em 10 (dez) dias, salvo se corresponder a prestação cujo inadimplemento acarrete a rescisão do contrato. e não aborda diretamente a denunciação da lide."
cpc-lei-13105-capture-2026-09-28,Art. 546,aula-12.html,unused,"O capítulo trata de Art. 546. Julgado procedente o pedido, o juiz declarará extinta a obrigação e condenará o réu ao pagamento de custas e honorários advocatícios. e não aborda diretamente a denunciação da lide."
cpc-lei-13105-capture-2026-09-28,Art. 547,aula-12.html,unused,"O capítulo trata de Art. 547. Se ocorrer dúvida sobre quem deva legitimamente receber o pagamento, o autor requererá o depósito e a citação dos possíveis titulares do crédito para provarem o seu direito. e não aborda diretamente a denunciação da lide."
cpc-lei-13105-capture-2026-09-28,Art. 548,aula-12.html,unused,O capítulo trata de Art. 548. No caso do e não aborda diretamente a denunciação da lide.
cpc-lei-13105-capture-2026-09-28,Art. 549,aula-12.html,unused,"O capítulo trata de Art. 549. Aplica-se o procedimento estabelecido neste Capítulo, no que couber, ao resgate do aforamento. e não aborda diretamente a denunciação da lide."
cpc-lei-13105-capture-2026-09-28,Art. 55,aula-12.html,unused,O capítulo trata de Art. 55. Reputam-se conexas 2 (duas) ou mais ações quando lhes for comum o pedido ou a causa de pedir. e não aborda diretamente a denunciação da lide.
cpc-lei-13105-capture-2026-09-28,Art. 550,aula-12.html,unused,O capítulo trata de Art. 550. Aquele que afirmar ser titular do direito de exigir contas requererá a citação do réu para que as preste ou ofereça contestação no prazo de 15 (quinze) dias. e não aborda diretamente a denunciação da lide.
cpc-lei-13105-capture-2026-09-28,Art. 551,aula-12.html,unused,"O capítulo trata de Art. 551. As contas do réu serão apresentadas na forma adequada, especificando-se as receitas, a aplicação das despesas e os investimentos, se houver. e não aborda diretamente a denunciação da lide."
cpc-lei-13105-capture-2026-09-28,Art. 552,aula-12.html,unused,O capítulo trata de Art. 552. A sentença apurará o saldo e constituirá título executivo judicial. e não aborda diretamente a denunciação da lide.
cpc-lei-13105-capture-2026-09-28,Art. 553,aula-12.html,unused,"O capítulo trata de Art. 553. As contas do inventariante, do tutor, do curador, do depositário e de qualquer outro administrador serão prestadas em apenso aos autos do processo em que tiver sido nomeado. e não aborda diretamente a denunciação da lide."
cpc-lei-13105-capture-2026-09-28,Art. 554,aula-12.html,unused,O capítulo trata de Art. 554. A propositura de uma ação possessória em vez de outra não obstará a que o juiz conheça do pedido e outorgue a proteção legal correspondente àquela cujos pressupostos estejam provados. e não aborda diretamente a denunciação da lide.
cpc-lei-13105-capture-2026-09-28,Art. 555,aula-12.html,unused,O capítulo trata de Art. 555. É lícito ao autor cumular ao pedido possessório o de: e não aborda diretamente a denunciação da lide.
cpc-lei-13105-capture-2026-09-28,Art. 556,aula-12.html,unused,"O capítulo trata de Art. 556. É lícito ao réu, na contestação, alegando que foi o ofendido em sua posse, demandar a proteção possessória e a indenização pelos prejuízos resultantes da turbação ou do esbulho cometido pelo autor. e não aborda diretamente a denunciação da lide."
cpc-lei-13105-capture-2026-09-28,Art. 557,aula-12.html,unused,"O capítulo trata de Art. 557. Na pendência de ação possessória é vedado, tanto ao autor quanto ao réu, propor ação de reconhecimento do domínio, exceto se a pretensão for deduzida em face de terceira pessoa. e não aborda diretamente a denunciação da lide."
cpc-lei-13105-capture-2026-09-28,Art. 558,aula-12.html,unused,O capítulo trata de Art. 558. Regem o procedimento de manutenção e de reintegração de posse as normas da Seção II deste Capítulo quando a ação for proposta dentro de ano e dia da turbação ou do esbulho afirmado na petição inicial. e não aborda diretamente a denunciação da lide.
cpc-lei-13105-capture-2026-09-28,Art. 559,aula-12.html,unused,"O capítulo trata de Art. 559. Se o réu provar, em qualquer tempo, que o autor provisoriamente mantido ou reintegrado na posse carece de idoneidade financeira para, no caso de sucumbência, responder por perdas e danos, o juiz designar-lhe-á o prazo de 5 (cinco) dias para requerer caução, real ou fidejussória, sob pena de ser depositada a coisa litigiosa, ressalvada a impossibilidade da parte economicamente hipossuficiente. e não aborda diretamente a denunciação da lide."
cpc-lei-13105-capture-2026-09-28,Art. 56,aula-12.html,unused,"O capítulo trata de Art. 56. Dá-se a continência entre 2 (duas) ou mais ações quando houver identidade quanto às partes e à causa de pedir, mas o pedido de uma, por ser mais amplo, abrange o das demais. e não aborda diretamente a denunciação da lide."
cpc-lei-13105-capture-2026-09-28,Art. 560,aula-12.html,unused,O capítulo trata de Art. 560. O possuidor tem direito a ser mantido na posse em caso de turbação e reintegrado em caso de esbulho. e não aborda diretamente a denunciação da lide.
cpc-lei-13105-capture-2026-09-28,Art. 561,aula-12.html,unused,O capítulo trata de Art. 561. Incumbe ao autor provar: e não aborda diretamente a denunciação da lide.
cpc-lei-13105-capture-2026-09-28,Art. 562,aula-12.html,unused,"O capítulo trata de Art. 562. Estando a petição inicial devidamente instruída, o juiz deferirá, sem ouvir o réu, a expedição do mandado liminar de manutenção ou de reintegração, caso contrário, determinará que o autor justifique previamente o alegado, citando-se o réu para comparecer à audiência que for designada. e não aborda diretamente a denunciação da lide."
cpc-lei-13105-capture-2026-09-28,Art. 563,aula-12.html,unused,"O capítulo trata de Art. 563. Considerada suficiente a justificação, o juiz fará logo expedir mandado de manutenção ou de reintegração. e não aborda diretamente a denunciação da lide."
cpc-lei-13105-capture-2026-09-28,Art. 565,aula-12.html,unused,"O capítulo trata de Art. 565. No litígio coletivo pela posse de imóvel, quando o esbulho ou a turbação afirmado na petição inicial houver ocorrido há mais de ano e dia, o juiz, antes de apreciar o pedido de concessão da medida liminar, deverá designar audiência de mediação, a realizar-se em até 30 (trinta) dias, que observará o disposto nos §§ 2º e 4º. e não aborda diretamente a denunciação da lide."
cpc-lei-13105-capture-2026-09-28,Art. 566,aula-12.html,unused,"O capítulo trata de Art. 566. Aplica-se, quanto ao mais, o procedimento comum. e não aborda diretamente a denunciação da lide."
cpc-lei-13105-capture-2026-09-28,Art. 567,aula-12.html,unused,"O capítulo trata de Art. 567. O possuidor direto ou indireto que tenha justo receio de ser molestado na posse poderá requerer ao juiz que o segure da turbação ou esbulho iminente, mediante mandado proibitório em que se comine ao réu determinada pena pecuniária caso transgrida o preceito. e não aborda diretamente a denunciação da lide."
cpc-lei-13105-capture-2026-09-28,Art. 568,aula-12.html,unused,O capítulo trata de Art. 568. Aplica-se ao interdito proibitório o disposto na Seção II deste Capítulo. e não aborda diretamente a denunciação da lide.
cpc-lei-13105-capture-2026-09-28,Art. 569,aula-12.html,unused,O capítulo trata de Art. 569. Cabe: e não aborda diretamente a denunciação da lide.
cpc-lei-13105-capture-2026-09-28,Art. 57,aula-12.html,unused,"O capítulo trata de Art. 57. Quando houver continência e a ação continente tiver sido proposta anteriormente, no processo relativo à ação contida será proferida sentença sem resolução de mérito, caso contrário, as ações serão necessariamente reunidas. e não aborda diretamente a denunciação da lide."
cpc-lei-13105-capture-2026-09-28,Art. 570,aula-12.html,unused,"O capítulo trata de Art. 570. É lícita a cumulação dessas ações, caso em que deverá processar-se primeiramente a demarcação total ou parcial da coisa comum, citando-se os confinantes e os condôminos. e não aborda diretamente a denunciação da lide."
cpc-lei-13105-capture-2026-09-28,Art. 571,aula-12.html,unused,"O capítulo trata de Art. 571. A demarcação e a divisão poderão ser realizadas por escritura pública, desde que maiores, capazes e concordes todos os interessados, observando-se, no que couber, os dispositivos deste Capítulo. e não aborda diretamente a denunciação da lide."
cpc-lei-13105-capture-2026-09-28,Art. 572,aula-12.html,unused,"O capítulo trata de Art. 572. Fixados os marcos da linha de demarcação, os confinantes considerar-se-ão terceiros quanto ao processo divisório, ficando-lhes, porém, ressalvado o direito de vindicar os terrenos de que se julguem despojados por invasão das linhas limítrofes constitutivas do perímetro ou de reclamar indenização correspondente ao seu valor. e não aborda diretamente a denunciação da lide."
cpc-lei-13105-capture-2026-09-28,Art. 573,aula-12.html,unused,"O capítulo trata de Art. 573. Tratando-se de imóvel georreferenciado, com averbação no registro de imóveis, pode o juiz dispensar a realização de prova pericial. e não aborda diretamente a denunciação da lide."
cpc-lei-13105-capture-2026-09-28,Art. 574,aula-12.html,unused,"O capítulo trata de Art. 574. Na petição inicial, instruída com os títulos da propriedade, designar-se-á o imóvel pela situação e pela denominação, descrever-se-ão os limites por constituir, aviventar ou renovar e nomear-se-ão todos os confinantes da linha demarcanda. e não aborda diretamente a denunciação da lide."
cpc-lei-13105-capture-2026-09-28,Art. 575,aula-12.html,unused,"O capítulo trata de Art. 575. Qualquer condômino é parte legítima para promover a demarcação do imóvel comum, requerendo a intimação dos demais para, querendo, intervir no processo. e não aborda diretamente a denunciação da lide."
cpc-lei-13105-capture-2026-09-28,Art. 576,aula-12.html,unused,"O capítulo trata de Art. 576. A citação dos réus será feita por correio, observado o disposto no e não aborda diretamente a denunciação da lide."
cpc-lei-13105-capture-2026-09-28,Art. 577,aula-12.html,unused,"O capítulo trata de Art. 577. Feitas as citações, terão os réus o prazo comum de 15 (quinze) dias para contestar. e não aborda diretamente a denunciação da lide."
cpc-lei-13105-capture-2026-09-28,Art. 578,aula-12.html,unused,"O capítulo trata de Art. 578. Após o prazo de resposta do réu, observar-se-á o procedimento comum. e não aborda diretamente a denunciação da lide."
cpc-lei-13105-capture-2026-09-28,Art. 579,aula-12.html,unused,"O capítulo trata de Art. 579. Antes de proferir a sentença, o juiz nomeará um ou mais peritos para levantar o traçado da linha demarcanda. e não aborda diretamente a denunciação da lide."
cpc-lei-13105-capture-2026-09-28,Art. 58,aula-12.html,unused,"O capítulo trata de Art. 58. A reunião das ações propostas em separado far-se-á no juízo prevento, onde serão decididas simultaneamente. e não aborda diretamente a denunciação da lide."
cpc-lei-13105-capture-2026-09-28,Art. 580,aula-12.html,unused,"O capítulo trata de Art. 580. Concluídos os estudos, os peritos apresentarão minucioso laudo sobre o traçado da linha demarcanda, considerando os títulos, os marcos, os rumos, a fama da vizinhança, as informações de antigos moradores do lugar e outros elementos que coligirem. e não aborda diretamente a denunciação da lide."
cpc-lei-13105-capture-2026-09-28,Art. 581,aula-12.html,unused,O capítulo trata de Art. 581. A sentença que julgar procedente o pedido determinará o traçado da linha demarcanda. e não aborda diretamente a denunciação da lide.
cpc-lei-13105-capture-2026-09-28,Art. 582,aula-12.html,unused,"O capítulo trata de Art. 582. Transitada em julgado a sentença, o perito efetuará a demarcação e colocará os marcos necessários. e não aborda diretamente a denunciação da lide."
cpc-lei-13105-capture-2026-09-28,Art. 583,aula-12.html,unused,"O capítulo trata de Art. 583. As plantas serão acompanhadas das cadernetas de operações de campo e do memorial descritivo, que conterá: e não aborda diretamente a denunciação da lide."
cpc-lei-13105-capture-2026-09-28,Art. 584,aula-12.html,unused,"O capítulo trata de Art. 584. É obrigatória a colocação de marcos tanto na estação inicial, dita marco primordial, quanto nos vértices dos ângulos, salvo se algum desses últimos pontos for assinalado por acidentes naturais de difícil remoção ou destruição. e não aborda diretamente a denunciação da lide."
cpc-lei-13105-capture-2026-09-28,Art. 585,aula-12.html,unused,"O capítulo trata de Art. 585. A linha será percorrida pelos peritos, que examinarão os marcos e os rumos, consignando em relatório escrito a exatidão do memorial e da planta apresentados pelo agrimensor ou as divergências porventura encontradas. e não aborda diretamente a denunciação da lide."
cpc-lei-13105-capture-2026-09-28,Art. 586,aula-12.html,unused,"O capítulo trata de Art. 586. Juntado aos autos o relatório dos peritos, o juiz determinará que as partes se manifestem sobre ele no prazo comum de 15 (quinze) dias. e não aborda diretamente a denunciação da lide."
cpc-lei-13105-capture-2026-09-28,Art. 587,aula-12.html,unused,"O capítulo trata de Art. 587. Assinado o auto pelo juiz e pelos peritos, será proferida a sentença homologatória da demarcação. e não aborda diretamente a denunciação da lide."
cpc-lei-13105-capture-2026-09-28,Art. 588,aula-12.html,unused,O capítulo trata de Art. 588. A petição inicial será instruída com os títulos de domínio do promovente e conterá: e não aborda diretamente a denunciação da lide.
cpc-lei-13105-capture-2026-09-28,Art. 589,aula-12.html,unused,O capítulo trata de Art. 589. Feitas as citações como preceitua o e não aborda diretamente a denunciação da lide.
cpc-lei-13105-capture-2026-09-28,Art. 59,aula-12.html,unused,O capítulo trata de Art. 59. O registro ou a distribuição da petição inicial torna prevento o juízo. e não aborda diretamente a denunciação da lide.
cpc-lei-13105-capture-2026-09-28,Art. 590,aula-12.html,unused,"O capítulo trata de Art. 590. O juiz nomeará um ou mais peritos para promover a medição do imóvel e as operações de divisão, observada a legislação especial que dispõe sobre a identificação do imóvel rural. e não aborda diretamente a denunciação da lide."
cpc-lei-13105-capture-2026-09-28,Art. 591,aula-12.html,unused,"O capítulo trata de Art. 591. Todos os condôminos serão intimados a apresentar, dentro de 10 (dez) dias, os seus títulos, se ainda não o tiverem feito, e a formular os seus pedidos sobre a constituição dos quinhões. e não aborda diretamente a denunciação da lide."
cpc-lei-13105-capture-2026-09-28,Art. 592,aula-12.html,unused,O capítulo trata de Art. 592. O juiz ouvirá as partes no prazo comum de 15 (quinze) dias. e não aborda diretamente a denunciação da lide.
cpc-lei-13105-capture-2026-09-28,Art. 593,aula-12.html,unused,"O capítulo trata de Art. 593. Se qualquer linha do perímetro atingir benfeitorias permanentes dos confinantes feitas há mais de 1 (um) ano, serão elas respeitadas, bem como os terrenos onde estiverem, os quais não se computarão na área dividenda. e não aborda diretamente a denunciação da lide."
cpc-lei-13105-capture-2026-09-28,Art. 594,aula-12.html,unused,O capítulo trata de Art. 594. Os confinantes do imóvel dividendo podem demandar a restituição dos terrenos que lhes tenham sido usurpados. e não aborda diretamente a denunciação da lide.
cpc-lei-13105-capture-2026-09-28,Art. 595,aula-12.html,unused,"O capítulo trata de Art. 595. Os peritos proporão, em laudo fundamentado, a forma da divisão, devendo consultar, quanto possível, a comodidade das partes, respeitar, para adjudicação a cada condômino, a preferência dos terrenos contíguos às suas residências e benfeitorias e evitar o retalhamento dos quinhões em glebas separadas. e não aborda diretamente a denunciação da lide."
cpc-lei-13105-capture-2026-09-28,Art. 596,aula-12.html,unused,"O capítulo trata de Art. 596. Ouvidas as partes, no prazo comum de 15 (quinze) dias, sobre o cálculo e o plano da divisão, o juiz deliberará a partilha. e não aborda diretamente a denunciação da lide."
cpc-lei-13105-capture-2026-09-28,Art. 597,aula-12.html,unused,"O capítulo trata de Art. 597. Terminados os trabalhos e desenhados na planta os quinhões e as servidões aparentes, o perito organizará o memorial descritivo. e não aborda diretamente a denunciação da lide."
cpc-lei-13105-capture-2026-09-28,Art. 598,aula-12.html,unused,O capítulo trata de Art. 598. Aplica-se às divisões o disposto nos e não aborda diretamente a denunciação da lide.
cpc-lei-13105-capture-2026-09-28,Art. 599,aula-12.html,unused,O capítulo trata de Art. 599. A ação de dissolução parcial de sociedade pode ter por objeto: e não aborda diretamente a denunciação da lide.
cpc-lei-13105-capture-2026-09-28,Art. 6,aula-12.html,unused,"O capítulo trata de Art. 6º Todos os sujeitos do processo devem cooperar entre si para que se obtenha, em tempo razoável, decisão de mérito justa e efetiva. e não aborda diretamente a denunciação da lide."
cpc-lei-13105-capture-2026-09-28,Art. 60,aula-12.html,unused,"O capítulo trata de Art. 60. Se o imóvel se achar situado em mais de um Estado, comarca, seção ou subseção judiciária, a competência territorial do juízo prevento estender-se-á sobre a totalidade do imóvel. e não aborda diretamente a denunciação da lide."
cpc-lei-13105-capture-2026-09-28,Art. 600,aula-12.html,unused,O capítulo trata de Art. 600. A ação pode ser proposta: e não aborda diretamente a denunciação da lide.
cpc-lei-13105-capture-2026-09-28,Art. 601,aula-12.html,unused,"O capítulo trata de Art. 601. Os sócios e a sociedade serão citados para, no prazo de 15 (quinze) dias, concordar com o pedido ou apresentar contestação. e não aborda diretamente a denunciação da lide."
cpc-lei-13105-capture-2026-09-28,Art. 602,aula-12.html,unused,O capítulo trata de Art. 602. A sociedade poderá formular pedido de indenização compensável com o valor dos haveres a apurar. e não aborda diretamente a denunciação da lide.
cpc-lei-13105-capture-2026-09-28,Art. 603,aula-12.html,unused,"O capítulo trata de Art. 603. Havendo manifestação expressa e unânime pela concordância da dissolução, o juiz a decretará, passando-se imediatamente à fase de liquidação. e não aborda diretamente a denunciação da lide."
cpc-lei-13105-capture-2026-09-28,Art. 604,aula-12.html,unused,"O capítulo trata de Art. 604. Para apuração dos haveres, o juiz: e não aborda diretamente a denunciação da lide."
cpc-lei-13105-capture-2026-09-28,Art. 605,aula-12.html,unused,O capítulo trata de Art. 605. A data da resolução da sociedade será: e não aborda diretamente a denunciação da lide.
cpc-lei-13105-capture-2026-09-28,Art. 606,aula-12.html,unused,"O capítulo trata de Art. 606. Em caso de omissão do contrato social, o juiz definirá, como critério de apuração de haveres, o valor patrimonial apurado em balanço de determinação, tomando-se por referência a data da resolução e avaliando-se bens e direitos do ativo, tangíveis e intangíveis, a preço de saída, além do passivo também a ser apurado de igual forma. e não aborda diretamente a denunciação da lide."
cpc-lei-13105-capture-2026-09-28,Art. 607,aula-12.html,unused,"O capítulo trata de Art. 607. A data da resolução e o critério de apuração de haveres podem ser revistos pelo juiz, a pedido da parte, a qualquer tempo antes do início da perícia. e não aborda diretamente a denunciação da lide."
cpc-lei-13105-capture-2026-09-28,Art. 608,aula-12.html,unused,"O capítulo trata de Art. 608. Até a data da resolução, integram o valor devido ao ex-sócio, ao espólio ou aos sucessores a participação nos lucros ou os juros sobre o capital próprio declarados pela sociedade e, se for o caso, a remuneração como administrador. e não aborda diretamente a denunciação da lide."
cpc-lei-13105-capture-2026-09-28,Art. 609,aula-12.html,unused,"O capítulo trata de Art. 609. Uma vez apurados, os haveres do sócio retirante serão pagos conforme disciplinar o contrato social e, no silêncio deste, nos termos do e não aborda diretamente a denunciação da lide."
cpc-lei-13105-capture-2026-09-28,Art. 61,aula-12.html,unused,O capítulo trata de Art. 61. A ação acessória será proposta no juízo competente para a ação principal. e não aborda diretamente a denunciação da lide.
cpc-lei-13105-capture-2026-09-28,Art. 610,aula-12.html,unused,"O capítulo trata de Art. 610. Havendo testamento ou interessado incapaz, proceder-se-á ao inventário judicial. e não aborda diretamente a denunciação da lide."
cpc-lei-13105-capture-2026-09-28,Art. 611,aula-12.html,unused,"O capítulo trata de Art. 611. O processo de inventário e de partilha deve ser instaurado dentro de 2 (dois) meses, a contar da abertura da sucessão, ultimando-se nos 12 (doze) meses subsequentes, podendo o juiz prorrogar esses prazos, de ofício ou a requerimento de parte. e não aborda diretamente a denunciação da lide."
cpc-lei-13105-capture-2026-09-28,Art. 612,aula-12.html,unused,"O capítulo trata de Art. 612. O juiz decidirá todas as questões de direito desde que os fatos relevantes estejam provados por documento, só remetendo para as vias ordinárias as questões que dependerem de outras provas. e não aborda diretamente a denunciação da lide."
cpc-lei-13105-capture-2026-09-28,Art. 613,aula-12.html,unused,"O capítulo trata de Art. 613. Até que o inventariante preste o compromisso, continuará o espólio na posse do administrador provisório. e não aborda diretamente a denunciação da lide."
cpc-lei-13105-capture-2026-09-28,Art. 614,aula-12.html,unused,"O capítulo trata de Art. 614. O administrador provisório representa ativa e passivamente o espólio, é obrigado a trazer ao acervo os frutos que desde a abertura da sucessão percebeu, tem direito ao reembolso das despesas necessárias e úteis que fez e responde pelo dano a que, por dolo ou culpa, der causa. e não aborda diretamente a denunciação da lide."
cpc-lei-13105-capture-2026-09-28,Art. 615,aula-12.html,unused,"O capítulo trata de Art. 615. O requerimento de inventário e de partilha incumbe a quem estiver na posse e na administração do espólio, no prazo estabelecido no e não aborda diretamente a denunciação da lide."
cpc-lei-13105-capture-2026-09-28,Art. 616,aula-12.html,unused,"O capítulo trata de Art. 616. Têm, contudo, legitimidade concorrente: e não aborda diretamente a denunciação da lide."
cpc-lei-13105-capture-2026-09-28,Art. 617,aula-12.html,unused,O capítulo trata de Art. 617. O juiz nomeará inventariante na seguinte ordem: e não aborda diretamente a denunciação da lide.
cpc-lei-13105-capture-2026-09-28,Art. 618,aula-12.html,unused,O capítulo trata de Art. 618. Incumbe ao inventariante: e não aborda diretamente a denunciação da lide.
cpc-lei-13105-capture-2026-09-28,Art. 619,aula-12.html,unused,"O capítulo trata de Art. 619. Incumbe ainda ao inventariante, ouvidos os interessados e com autorização do juiz: e não aborda diretamente a denunciação da lide."
cpc-lei-13105-capture-2026-09-28,Art. 62,aula-12.html,unused,"O capítulo trata de Art. 62. A competência determinada em razão da matéria, da pessoa ou da função é inderrogável por convenção das partes. e não aborda diretamente a denunciação da lide."
cpc-lei-13105-capture-2026-09-28,Art. 620,aula-12.html,unused,"O capítulo trata de Art. 620. Dentro de 20 (vinte) dias contados da data em que prestou o compromisso, o inventariante fará as primeiras declarações, das quais se lavrará termo circunstanciado, assinado pelo juiz, pelo escrivão e pelo inventariante, no qual serão exarados: e não aborda diretamente a denunciação da lide."
cpc-lei-13105-capture-2026-09-28,Art. 621,aula-12.html,unused,"O capítulo trata de Art. 621. Só se pode arguir sonegação ao inventariante depois de encerrada a descrição dos bens, com a declaração, por ele feita, de não existirem outros por inventariar. e não aborda diretamente a denunciação da lide."
cpc-lei-13105-capture-2026-09-28,Art. 622,aula-12.html,unused,O capítulo trata de Art. 622. O inventariante será removido de ofício ou a requerimento: e não aborda diretamente a denunciação da lide.
cpc-lei-13105-capture-2026-09-28,Art. 623,aula-12.html,unused,O capítulo trata de Art. 623. Requerida a remoção com fundamento em qualquer dos incisos do e não aborda diretamente a denunciação da lide.
cpc-lei-13105-capture-2026-09-28,Art. 624,aula-12.html,unused,"O capítulo trata de Art. 624. Decorrido o prazo, com a defesa do inventariante ou sem ela, o juiz decidirá. e não aborda diretamente a denunciação da lide."
cpc-lei-13105-capture-2026-09-28,Art. 625,aula-12.html,unused,"O capítulo trata de Art. 625. O inventariante removido entregará imediatamente ao substituto os bens do espólio e, caso deixe de fazê-lo, será compelido mediante mandado de busca e apreensão ou de imissão na posse, conforme se tratar de bem móvel ou imóvel, sem prejuízo da multa a ser fixada pelo juiz em montante não superior a três por cento do valor dos bens inventariados. e não aborda diretamente a denunciação da lide."
cpc-lei-13105-capture-2026-09-28,Art. 626,aula-12.html,unused,"O capítulo trata de Art. 626. Feitas as primeiras declarações, o juiz mandará citar, para os termos do inventário e da partilha, o cônjuge, o companheiro, os herdeiros e os legatários e intimar a Fazenda Pública, o Ministério Público, se houver herdeiro incapaz ou ausente, e o testamenteiro, se houver testamento. e não aborda diretamente a denunciação da lide."
cpc-lei-13105-capture-2026-09-28,Art. 627,aula-12.html,unused,"O capítulo trata de Art. 627. Concluídas as citações, abrir-se-á vista às partes, em cartório e pelo prazo comum de 15 (quinze) dias, para que se manifestem sobre as primeiras declarações, incumbindo às partes: e não aborda diretamente a denunciação da lide."
cpc-lei-13105-capture-2026-09-28,Art. 628,aula-12.html,unused,"O capítulo trata de Art. 628. Aquele que se julgar preterido poderá demandar sua admissão no inventário, requerendo-a antes da partilha. e não aborda diretamente a denunciação da lide."
cpc-lei-13105-capture-2026-09-28,Art. 629,aula-12.html,unused,"O capítulo trata de Art. 629. A Fazenda Pública, no prazo de 15 (quinze) dias, após a vista de que trata o e não aborda diretamente a denunciação da lide."
cpc-lei-13105-capture-2026-09-28,Art. 63,aula-12.html,unused,"O capítulo trata de Art. 63. As partes podem modificar a competência em razão do valor e do território, elegendo foro onde será proposta ação oriunda de direitos e obrigações. e não aborda diretamente a denunciação da lide."
cpc-lei-13105-capture-2026-09-28,Art. 630,aula-12.html,unused,O capítulo trata de Art. 630. Findo o prazo previsto no e não aborda diretamente a denunciação da lide.
cpc-lei-13105-capture-2026-09-28,Art. 632,aula-12.html,unused,O capítulo trata de Art. 632. Não se expedirá carta precatória para a avaliação de bens situados fora da comarca onde corre o inventário se eles forem de pequeno valor ou perfeitamente conhecidos do perito nomeado. e não aborda diretamente a denunciação da lide.
cpc-lei-13105-capture-2026-09-28,Art. 633,aula-12.html,unused,"O capítulo trata de Art. 633. Sendo capazes todas as partes, não se procederá à avaliação se a Fazenda Pública, intimada pessoalmente, concordar de forma expressa com o valor atribuído, nas primeiras declarações, aos bens do espólio. e não aborda diretamente a denunciação da lide."
cpc-lei-13105-capture-2026-09-28,Art. 634,aula-12.html,unused,"O capítulo trata de Art. 634. Se os herdeiros concordarem com o valor dos bens declarados pela Fazenda Pública, a avaliação cingir-se-á aos demais. e não aborda diretamente a denunciação da lide."
cpc-lei-13105-capture-2026-09-28,Art. 635,aula-12.html,unused,"O capítulo trata de Art. 635. Entregue o laudo de avaliação, o juiz mandará que as partes se manifestem no prazo de 15 (quinze) dias, que correrá em cartório. e não aborda diretamente a denunciação da lide."
cpc-lei-13105-capture-2026-09-28,Art. 636,aula-12.html,unused,"O capítulo trata de Art. 636. Aceito o laudo ou resolvidas as impugnações suscitadas a seu respeito, lavrar-se-á em seguida o termo de últimas declarações, no qual o inventariante poderá emendar, aditar ou completar as primeiras. e não aborda diretamente a denunciação da lide."
cpc-lei-13105-capture-2026-09-28,Art. 637,aula-12.html,unused,"O capítulo trata de Art. 637. Ouvidas as partes sobre as últimas declarações no prazo comum de 15 (quinze) dias, proceder-se-á ao cálculo do tributo. e não aborda diretamente a denunciação da lide."
cpc-lei-13105-capture-2026-09-28,Art. 638,aula-12.html,unused,"O capítulo trata de Art. 638. Feito o cálculo, sobre ele serão ouvidas todas as partes no prazo comum de 5 (cinco) dias, que correrá em cartório, e, em seguida, a Fazenda Pública. e não aborda diretamente a denunciação da lide."
cpc-lei-13105-capture-2026-09-28,Art. 639,aula-12.html,unused,O capítulo trata de Art. 639. No prazo estabelecido no e não aborda diretamente a denunciação da lide.
cpc-lei-13105-capture-2026-09-28,Art. 64,aula-12.html,unused,"O capítulo trata de Art. 64. A incompetência, absoluta ou relativa, será alegada como questão preliminar de contestação. e não aborda diretamente a denunciação da lide."
cpc-lei-13105-capture-2026-09-28,Art. 640,aula-12.html,unused,"O capítulo trata de Art. 640. O herdeiro que renunciou à herança ou o que dela foi excluído não se exime, pelo fato da renúncia ou da exclusão, de conferir, para o efeito de repor a parte inoficiosa, as liberalidades que obteve do doador. e não aborda diretamente a denunciação da lide."
cpc-lei-13105-capture-2026-09-28,Art. 641,aula-12.html,unused,"O capítulo trata de Art. 641. Se o herdeiro negar o recebimento dos bens ou a obrigação de os conferir, o juiz, ouvidas as partes no prazo comum de 15 (quinze) dias, decidirá à vista das alegações e das provas produzidas. e não aborda diretamente a denunciação da lide."
cpc-lei-13105-capture-2026-09-28,Art. 642,aula-12.html,unused,"O capítulo trata de Art. 642. Antes da partilha, poderão os credores do espólio requerer ao juízo do inventário o pagamento das dívidas vencidas e exigíveis. e não aborda diretamente a denunciação da lide."
cpc-lei-13105-capture-2026-09-28,Art. 643,aula-12.html,unused,"O capítulo trata de Art. 643. Não havendo concordância de todas as partes sobre o pedido de pagamento feito pelo credor, será o pedido remetido às vias ordinárias. e não aborda diretamente a denunciação da lide."
cpc-lei-13105-capture-2026-09-28,Art. 644,aula-12.html,unused,"O capítulo trata de Art. 644. O credor de dívida líquida e certa, ainda não vencida, pode requerer habilitação no inventário. e não aborda diretamente a denunciação da lide."
cpc-lei-13105-capture-2026-09-28,Art. 645,aula-12.html,unused,O capítulo trata de Art. 645. O legatário é parte legítima para manifestar-se sobre as dívidas do espólio: e não aborda diretamente a denunciação da lide.
cpc-lei-13105-capture-2026-09-28,Art. 646,aula-12.html,unused,O capítulo trata de Art. 646. Sem prejuízo do disposto no e não aborda diretamente a denunciação da lide.
cpc-lei-13105-capture-2026-09-28,Art. 647,aula-12.html,unused,O capítulo trata de Art. 647. Cumprido o disposto no e não aborda diretamente a denunciação da lide.
cpc-lei-13105-capture-2026-09-28,Art. 648,aula-12.html,unused,"O capítulo trata de Art. 648. Na partilha, serão observadas as seguintes regras: e não aborda diretamente a denunciação da lide."
cpc-lei-13105-capture-2026-09-28,Art. 649,aula-12.html,unused,"O capítulo trata de Art. 649. Os bens insuscetíveis de divisão cômoda que não couberem na parte do cônjuge ou companheiro supérstite ou no quinhão de um só herdeiro serão licitados entre os interessados ou vendidos judicialmente, partilhando-se o valor apurado, salvo se houver acordo para que sejam adjudicados a todos. e não aborda diretamente a denunciação da lide."
cpc-lei-13105-capture-2026-09-28,Art. 65,aula-12.html,unused,O capítulo trata de Art. 65. Prorrogar-se-á a competência relativa se o réu não alegar a incompetência em preliminar de contestação. e não aborda diretamente a denunciação da lide.
cpc-lei-13105-capture-2026-09-28,Art. 650,aula-12.html,unused,"O capítulo trata de Art. 650. Se um dos interessados for nascituro, o quinhão que lhe caberá será reservado em poder do inventariante até o seu nascimento. e não aborda diretamente a denunciação da lide."
cpc-lei-13105-capture-2026-09-28,Art. 651,aula-12.html,unused,"O capítulo trata de Art. 651. O partidor organizará o esboço da partilha de acordo com a decisão judicial, observando nos pagamentos a seguinte ordem: e não aborda diretamente a denunciação da lide."
cpc-lei-13105-capture-2026-09-28,Art. 652,aula-12.html,unused,"O capítulo trata de Art. 652. Feito o esboço, as partes manifestar-se-ão sobre esse no prazo comum de 15 (quinze) dias, e, resolvidas as reclamações, a partilha será lançada nos autos. e não aborda diretamente a denunciação da lide."
cpc-lei-13105-capture-2026-09-28,Art. 653,aula-12.html,unused,O capítulo trata de Art. 653. A partilha constará: e não aborda diretamente a denunciação da lide.
cpc-lei-13105-capture-2026-09-28,Art. 654,aula-12.html,unused,"O capítulo trata de Art. 654. Pago o imposto de transmissão a título de morte e juntada aos autos certidão ou informação negativa de dívida para com a Fazenda Pública, o juiz julgará por sentença a partilha. e não aborda diretamente a denunciação da lide."
cpc-lei-13105-capture-2026-09-28,Art. 655,aula-12.html,unused,O capítulo trata de Art. 655. Transitada em julgado a sentença mencionada no e não aborda diretamente a denunciação da lide.
cpc-lei-13105-capture-2026-09-28,Art. 656,aula-12.html,unused,"O capítulo trata de Art. 656. A partilha, mesmo depois de transitada em julgado a sentença, pode ser emendada nos mesmos autos do inventário, convindo todas as partes, quando tenha havido erro de fato na descrição dos bens, podendo o juiz, de ofício ou a requerimento da parte, a qualquer tempo, corrigir-lhe as inexatidões materiais. e não aborda diretamente a denunciação da lide."
cpc-lei-13105-capture-2026-09-28,Art. 657,aula-12.html,unused,"O capítulo trata de Art. 657. A partilha amigável, lavrada em instrumento público, reduzida a termo nos autos do inventário ou constante de escrito particular homologado pelo juiz, pode ser anulada por dolo, coação, erro essencial ou intervenção de incapaz, observado o disposto no e não aborda diretamente a denunciação da lide."
cpc-lei-13105-capture-2026-09-28,Art. 658,aula-12.html,unused,O capítulo trata de Art. 658. É rescindível a partilha julgada por sentença: e não aborda diretamente a denunciação da lide.
cpc-lei-13105-capture-2026-09-28,Art. 659,aula-12.html,unused,"O capítulo trata de Art. 659. A partilha amigável, celebrada entre partes capazes, nos termos da lei, será homologada de plano pelo juiz, com observância dos e não aborda diretamente a denunciação da lide."
cpc-lei-13105-capture-2026-09-28,Art. 66,aula-12.html,unused,O capítulo trata de Art. 66. Há conflito de competência quando: e não aborda diretamente a denunciação da lide.
cpc-lei-13105-capture-2026-09-28,Art. 660,aula-12.html,unused,"O capítulo trata de Art. 660. Na petição de inventário, que se processará na forma de arrolamento sumário, independentemente da lavratura de termos de qualquer espécie, os herdeiros: e não aborda diretamente a denunciação da lide."
cpc-lei-13105-capture-2026-09-28,Art. 661,aula-12.html,unused,O capítulo trata de Art. 661. Ressalvada a hipótese prevista no parágrafo único do e não aborda diretamente a denunciação da lide.
cpc-lei-13105-capture-2026-09-28,Art. 662,aula-12.html,unused,"O capítulo trata de Art. 662. No arrolamento, não serão conhecidas ou apreciadas questões relativas ao lançamento, ao pagamento ou à quitação de taxas judiciárias e de tributos incidentes sobre a transmissão da propriedade dos bens do espólio. e não aborda diretamente a denunciação da lide."
cpc-lei-13105-capture-2026-09-28,Art. 663,aula-12.html,unused,"O capítulo trata de Art. 663. A existência de credores do espólio não impedirá a homologação da partilha ou da adjudicação, se forem reservados bens suficientes para o pagamento da dívida. e não aborda diretamente a denunciação da lide."
cpc-lei-13105-capture-2026-09-28,Art. 664,aula-12.html,unused,"O capítulo trata de Art. 664. Quando o valor dos bens do espólio for igual ou inferior a 1.000 (mil) salários-mínimos, o inventário processar-se-á na forma de arrolamento, cabendo ao inventariante nomeado, independentemente de assinatura de termo de compromisso, apresentar, com suas declarações, a atribuição de valor aos bens do espólio e o plano da partilha. e não aborda diretamente a denunciação da lide."
cpc-lei-13105-capture-2026-09-28,Art. 665,aula-12.html,unused,O capítulo trata de Art. 665. O inventário processar-se-á também na forma do e não aborda diretamente a denunciação da lide.
cpc-lei-13105-capture-2026-09-28,Art. 666,aula-12.html,unused,O capítulo trata de Art. 666. Independerá de inventário ou de arrolamento o pagamento dos valores previstos na e não aborda diretamente a denunciação da lide.
cpc-lei-13105-capture-2026-09-28,Art. 667,aula-12.html,unused,O capítulo trata de Art. 667. Aplicam-se subsidiariamente a esta Seção as disposições das Seções VII e VIII deste Capítulo. e não aborda diretamente a denunciação da lide.
cpc-lei-13105-capture-2026-09-28,Art. 668,aula-12.html,unused,O capítulo trata de Art. 668. Cessa a eficácia da tutela provisória prevista nas Seções deste Capítulo: e não aborda diretamente a denunciação da lide.
cpc-lei-13105-capture-2026-09-28,Art. 669,aula-12.html,unused,O capítulo trata de Art. 669. São sujeitos à sobrepartilha os bens: e não aborda diretamente a denunciação da lide.
cpc-lei-13105-capture-2026-09-28,Art. 67,aula-12.html,unused,"O capítulo trata de Art. 67. Aos órgãos do Poder Judiciário, estadual ou federal, especializado ou comum, em todas as instâncias e graus de jurisdição, inclusive aos tribunais superiores, incumbe o dever de recíproca cooperação, por meio de seus magistrados e servidores. e não aborda diretamente a denunciação da lide."
cpc-lei-13105-capture-2026-09-28,Art. 670,aula-12.html,unused,"O capítulo trata de Art. 670. Na sobrepartilha dos bens, observar-se-á o processo de inventário e de partilha. e não aborda diretamente a denunciação da lide."
cpc-lei-13105-capture-2026-09-28,Art. 671,aula-12.html,unused,O capítulo trata de Art. 671. O juiz nomeará curador especial: e não aborda diretamente a denunciação da lide.
cpc-lei-13105-capture-2026-09-28,Art. 672,aula-12.html,unused,O capítulo trata de Art. 672. É lícita a cumulação de inventários para a partilha de heranças de pessoas diversas quando houver: e não aborda diretamente a denunciação da lide.
cpc-lei-13105-capture-2026-09-28,Art. 673,aula-12.html,unused,O capítulo trata de Art. 673. No caso previsto no e não aborda diretamente a denunciação da lide.
cpc-lei-13105-capture-2026-09-28,Art. 674,aula-12.html,unused,"O capítulo trata de Art. 674. Quem, não sendo parte no processo, sofrer constrição ou ameaça de constrição sobre bens que possua ou sobre os quais tenha direito incompatível com o ato constritivo, poderá requerer seu desfazimento ou sua inibição por meio de embargos de terceiro. e não aborda diretamente a denunciação da lide."
cpc-lei-13105-capture-2026-09-28,Art. 675,aula-12.html,unused,"O capítulo trata de Art. 675. Os embargos podem ser opostos a qualquer tempo no processo de conhecimento enquanto não transitada em julgado a sentença e, no cumprimento de sentença ou no processo de execução, até 5 (cinco) dias depois da adjudicação, da alienação por iniciativa particular ou da arrematação, mas sempre antes da assinatura da respectiva carta. e não aborda diretamente a denunciação da lide."
cpc-lei-13105-capture-2026-09-28,Art. 676,aula-12.html,unused,O capítulo trata de Art. 676. Os embargos serão distribuídos por dependência ao juízo que ordenou a constrição e autuados em apartado. e não aborda diretamente a denunciação da lide.
cpc-lei-13105-capture-2026-09-28,Art. 677,aula-12.html,unused,"O capítulo trata de Art. 677. Na petição inicial, o embargante fará a prova sumária de sua posse ou de seu domínio e da qualidade de terceiro, oferecendo documentos e rol de testemunhas. e não aborda diretamente a denunciação da lide."
cpc-lei-13105-capture-2026-09-28,Art. 678,aula-12.html,unused,"O capítulo trata de Art. 678. A decisão que reconhecer suficientemente provado o domínio ou a posse determinará a suspensão das medidas constritivas sobre os bens litigiosos objeto dos embargos, bem como a manutenção ou a reintegração provisória da posse, se o embargante a houver requerido. e não aborda diretamente a denunciação da lide."
cpc-lei-13105-capture-2026-09-28,Art. 679,aula-12.html,unused,"O capítulo trata de Art. 679. Os embargos poderão ser contestados no prazo de 15 (quinze) dias, findo o qual se seguirá o procedimento comum. e não aborda diretamente a denunciação da lide."
cpc-lei-13105-capture-2026-09-28,Art. 68,aula-12.html,unused,O capítulo trata de Art. 68. Os juízos poderão formular entre si pedido de cooperação para prática de qualquer ato processual. e não aborda diretamente a denunciação da lide.
cpc-lei-13105-capture-2026-09-28,Art. 681,aula-12.html,unused,"O capítulo trata de Art. 681. Acolhido o pedido inicial, o ato de constrição judicial indevida será cancelado, com o reconhecimento do domínio, da manutenção da posse ou da reintegração definitiva do bem ou do direito ao embargante. e não aborda diretamente a denunciação da lide."
cpc-lei-13105-capture-2026-09-28,Art. 682,aula-12.html,unused,"O capítulo trata de Art. 682. Quem pretender, no todo ou em parte, a coisa ou o direito sobre que controvertem autor e réu poderá, até ser proferida a sentença, oferecer oposição contra ambos. e não aborda diretamente a denunciação da lide."
cpc-lei-13105-capture-2026-09-28,Art. 683,aula-12.html,unused,O capítulo trata de Art. 683. O opoente deduzirá o pedido em observação aos requisitos exigidos para propositura da ação. e não aborda diretamente a denunciação da lide.
cpc-lei-13105-capture-2026-09-28,Art. 684,aula-12.html,unused,"O capítulo trata de Art. 684. Se um dos opostos reconhecer a procedência do pedido, contra o outro prosseguirá o opoente. e não aborda diretamente a denunciação da lide."
cpc-lei-13105-capture-2026-09-28,Art. 685,aula-12.html,unused,"O capítulo trata de Art. 685. Admitido o processamento, a oposição será apensada aos autos e tramitará simultaneamente à ação originária, sendo ambas julgadas pela mesma sentença. e não aborda diretamente a denunciação da lide."
cpc-lei-13105-capture-2026-09-28,Art. 686,aula-12.html,unused,"O capítulo trata de Art. 686. Cabendo ao juiz decidir simultaneamente a ação originária e a oposição, desta conhecerá em primeiro lugar. e não aborda diretamente a denunciação da lide."
cpc-lei-13105-capture-2026-09-28,Art. 687,aula-12.html,unused,"O capítulo trata de Art. 687. A habilitação ocorre quando, por falecimento de qualquer das partes, os interessados houverem de suceder-lhe no processo. e não aborda diretamente a denunciação da lide."
cpc-lei-13105-capture-2026-09-28,Art. 688,aula-12.html,unused,O capítulo trata de Art. 688. A habilitação pode ser requerida: e não aborda diretamente a denunciação da lide.
cpc-lei-13105-capture-2026-09-28,Art. 689,aula-12.html,unused,"O capítulo trata de Art. 689. Proceder-se-á à habilitação nos autos do processo principal, na instância em que estiver, suspendendo-se, a partir de então, o processo. e não aborda diretamente a denunciação da lide."
cpc-lei-13105-capture-2026-09-28,Art. 69,aula-12.html,unused,"O capítulo trata de Art. 69. O pedido de cooperação jurisdicional deve ser prontamente atendido, prescinde de forma específica e pode ser executado como: e não aborda diretamente a denunciação da lide."
cpc-lei-13105-capture-2026-09-28,Art. 690,aula-12.html,unused,"O capítulo trata de Art. 690. Recebida a petição, o juiz ordenará a citação dos requeridos para se pronunciarem no prazo de 5 (cinco) dias. e não aborda diretamente a denunciação da lide."
cpc-lei-13105-capture-2026-09-28,Art. 691,aula-12.html,unused,"O capítulo trata de Art. 691. O juiz decidirá o pedido de habilitação imediatamente, salvo se este for impugnado e houver necessidade de dilação probatória diversa da documental, caso em que determinará que o pedido seja autuado em apartado e disporá sobre a instrução. e não aborda diretamente a denunciação da lide."
cpc-lei-13105-capture-2026-09-28,Art. 692,aula-12.html,unused,"O capítulo trata de Art. 692. Transitada em julgado a sentença de habilitação, o processo principal retomará o seu curso, e cópia da sentença será juntada aos autos respectivos. e não aborda diretamente a denunciação da lide."
cpc-lei-13105-capture-2026-09-28,Art. 693,aula-12.html,unused,"O capítulo trata de Art. 693. As normas deste Capítulo aplicam-se aos processos contenciosos de divórcio, separação, reconhecimento e extinção de união estável, guarda, visitação e filiação. e não aborda diretamente a denunciação da lide."
cpc-lei-13105-capture-2026-09-28,Art. 694,aula-12.html,unused,"O capítulo trata de Art. 694. Nas ações de família, todos os esforços serão empreendidos para a solução consensual da controvérsia, devendo o juiz dispor do auxílio de profissionais de outras áreas de conhecimento para a mediação e conciliação. e não aborda diretamente a denunciação da lide."
cpc-lei-13105-capture-2026-09-28,Art. 695,aula-12.html,unused,"O capítulo trata de Art. 695. Recebida a petição inicial e, se for o caso, tomadas as providências referentes à tutela provisória, o juiz ordenará a citação do réu para comparecer à audiência de mediação e conciliação, observado o disposto no art. 694. e não aborda diretamente a denunciação da lide."
cpc-lei-13105-capture-2026-09-28,Art. 696,aula-12.html,unused,"O capítulo trata de Art. 696. A audiência de mediação e conciliação poderá dividir-se em tantas sessões quantas sejam necessárias para viabilizar a solução consensual, sem prejuízo de providências jurisdicionais para evitar o perecimento do direito. e não aborda diretamente a denunciação da lide."
cpc-lei-13105-capture-2026-09-28,Art. 697,aula-12.html,unused,"O capítulo trata de Art. 697. Não realizado o acordo, passarão a incidir, a partir de então, as normas do procedimento comum, observado o e não aborda diretamente a denunciação da lide."
cpc-lei-13105-capture-2026-09-28,Art. 698,aula-12.html,unused,"O capítulo trata de Art. 698. Nas ações de família, o Ministério Público somente intervirá quando houver interesse de incapaz e deverá ser ouvido previamente à homologação de acordo. e não aborda diretamente a denunciação da lide."
cpc-lei-13105-capture-2026-09-28,Art. 699,aula-12.html,unused,"O capítulo trata de Art. 699. Quando o processo envolver discussão sobre fato relacionado a abuso ou a alienação parental, o juiz, ao tomar o depoimento do incapaz, deverá estar acompanhado por especialista. e não aborda diretamente a denunciação da lide."
cpc-lei-13105-capture-2026-09-28,Art. 7,aula-12.html,unused,"O capítulo trata de Art. 7º É assegurada às partes paridade de tratamento em relação ao exercício de direitos e faculdades processuais, aos meios de defesa, aos ônus, aos deveres e à aplicação de sanções processuais, competindo ao juiz zelar pelo efetivo contraditório. e não aborda diretamente a denunciação da lide."
cpc-lei-13105-capture-2026-09-28,Art. 70,aula-12.html,unused,O capítulo trata de Art. 70. Toda pessoa que se encontre no exercício de seus direitos tem capacidade para estar em juízo. e não aborda diretamente a denunciação da lide.
cpc-lei-13105-capture-2026-09-28,Art. 700,aula-12.html,unused,"O capítulo trata de Art. 700. A ação monitória pode ser proposta por aquele que afirmar, com base em prova escrita sem eficácia de título executivo, ter direito de exigir do devedor capaz: e não aborda diretamente a denunciação da lide."
cpc-lei-13105-capture-2026-09-28,Art. 701,aula-12.html,unused,"O capítulo trata de Art. 701. Sendo evidente o direito do autor, o juiz deferirá a expedição de mandado de pagamento, de entrega de coisa ou para execução de obrigação de fazer ou de não fazer, concedendo ao réu prazo de 15 (quinze) dias para o cumprimento e o pagamento de honorários advocatícios de cinco por cento do valor atribuído à causa. e não aborda diretamente a denunciação da lide."
cpc-lei-13105-capture-2026-09-28,Art. 702,aula-12.html,unused,"O capítulo trata de Art. 702. Independentemente de prévia segurança do juízo, o réu poderá opor, nos próprios autos, no prazo previsto no e não aborda diretamente a denunciação da lide."
cpc-lei-13105-capture-2026-09-28,Art. 703,aula-12.html,unused,"O capítulo trata de Art. 703. Tomado o penhor legal nos casos previstos em lei, requererá o credor, ato contínuo, a homologação. e não aborda diretamente a denunciação da lide."
cpc-lei-13105-capture-2026-09-28,Art. 704,aula-12.html,unused,O capítulo trata de Art. 704. A defesa só pode consistir em: e não aborda diretamente a denunciação da lide.
cpc-lei-13105-capture-2026-09-28,Art. 705,aula-12.html,unused,"O capítulo trata de Art. 705. A partir da audiência preliminar, observar-se-á o procedimento comum. e não aborda diretamente a denunciação da lide."
cpc-lei-13105-capture-2026-09-28,Art. 706,aula-12.html,unused,"O capítulo trata de Art. 706. Homologado judicialmente o penhor legal, consolidar-se-á a posse do autor sobre o objeto. e não aborda diretamente a denunciação da lide."
cpc-lei-13105-capture-2026-09-28,Art. 707,aula-12.html,unused,"O capítulo trata de Art. 707. Quando inexistir consenso acerca da nomeação de um regulador de avarias, o juiz de direito da comarca do primeiro porto onde o navio houver chegado, provocado por qualquer parte interessada, nomeará um de notório conhecimento. e não aborda diretamente a denunciação da lide."
cpc-lei-13105-capture-2026-09-28,Art. 708,aula-12.html,unused,O capítulo trata de Art. 708. O regulador declarará justificadamente se os danos são passíveis de rateio na forma de avaria grossa e exigirá das partes envolvidas a apresentação de garantias idôneas para que possam ser liberadas as cargas aos consignatários. e não aborda diretamente a denunciação da lide.
cpc-lei-13105-capture-2026-09-28,Art. 709,aula-12.html,unused,O capítulo trata de Art. 709. As partes deverão apresentar nos autos os documentos necessários à regulação da avaria grossa em prazo razoável a ser fixado pelo regulador. e não aborda diretamente a denunciação da lide.
cpc-lei-13105-capture-2026-09-28,Art. 71,aula-12.html,unused,"O capítulo trata de Art. 71. O incapaz será representado ou assistido por seus pais, por tutor ou por curador, na forma da lei. e não aborda diretamente a denunciação da lide."
cpc-lei-13105-capture-2026-09-28,Art. 710,aula-12.html,unused,"O capítulo trata de Art. 710. O regulador apresentará o regulamento da avaria grossa no prazo de até 12 (doze) meses, contado da data da entrega dos documentos nos autos pelas partes, podendo o prazo ser estendido a critério do juiz. e não aborda diretamente a denunciação da lide."
cpc-lei-13105-capture-2026-09-28,Art. 711,aula-12.html,unused,O capítulo trata de Art. 711. Aplicam-se ao regulador de avarias os e não aborda diretamente a denunciação da lide.
cpc-lei-13105-capture-2026-09-28,Art. 712,aula-12.html,unused,"O capítulo trata de Art. 712. Verificado o desaparecimento dos autos, eletrônicos ou não, pode o juiz, de ofício, qualquer das partes ou o Ministério Público, se for o caso, promover-lhes a restauração. e não aborda diretamente a denunciação da lide."
cpc-lei-13105-capture-2026-09-28,Art. 713,aula-12.html,unused,"O capítulo trata de Art. 713. Na petição inicial, declarará a parte o estado do processo ao tempo do desaparecimento dos autos, oferecendo: e não aborda diretamente a denunciação da lide."
cpc-lei-13105-capture-2026-09-28,Art. 714,aula-12.html,unused,"O capítulo trata de Art. 714. A parte contrária será citada para contestar o pedido no prazo de 5 (cinco) dias, cabendo-lhe exibir as cópias, as contrafés e as reproduções dos atos e dos documentos que estiverem em seu poder. e não aborda diretamente a denunciação da lide."
cpc-lei-13105-capture-2026-09-28,Art. 715,aula-12.html,unused,"O capítulo trata de Art. 715. Se a perda dos autos tiver ocorrido depois da produção das provas em audiência, o juiz, se necessário, mandará repeti-las. e não aborda diretamente a denunciação da lide."
cpc-lei-13105-capture-2026-09-28,Art. 716,aula-12.html,unused,"O capítulo trata de Art. 716. Julgada a restauração, seguirá o processo os seus termos. e não aborda diretamente a denunciação da lide."
cpc-lei-13105-capture-2026-09-28,Art. 717,aula-12.html,unused,"O capítulo trata de Art. 717. Se o desaparecimento dos autos tiver ocorrido no tribunal, o processo de restauração será distribuído, sempre que possível, ao relator do processo. e não aborda diretamente a denunciação da lide."
cpc-lei-13105-capture-2026-09-28,Art. 718,aula-12.html,unused,"O capítulo trata de Art. 718. Quem houver dado causa ao desaparecimento dos autos responderá pelas custas da restauração e pelos honorários de advogado, sem prejuízo da responsabilidade civil ou penal em que incorrer. e não aborda diretamente a denunciação da lide."
cpc-lei-13105-capture-2026-09-28,Art. 719,aula-12.html,unused,"O capítulo trata de Art. 719. Quando este Código não estabelecer procedimento especial, regem os procedimentos de jurisdição voluntária as disposições constantes desta Seção. e não aborda diretamente a denunciação da lide."
cpc-lei-13105-capture-2026-09-28,Art. 72,aula-12.html,unused,O capítulo trata de Art. 72. O juiz nomeará curador especial ao: e não aborda diretamente a denunciação da lide.
cpc-lei-13105-capture-2026-09-28,Art. 720,aula-12.html,unused,"O capítulo trata de Art. 720. O procedimento terá início por provocação do interessado, do Ministério Público ou da Defensoria Pública, cabendo-lhes formular o pedido devidamente instruído com os documentos necessários e com a indicação da providência judicial. e não aborda diretamente a denunciação da lide."
cpc-lei-13105-capture-2026-09-28,Art. 721,aula-12.html,unused,"O capítulo trata de Art. 721. Serão citados todos os interessados, bem como intimado o Ministério Público, nos casos do e não aborda diretamente a denunciação da lide."
cpc-lei-13105-capture-2026-09-28,Art. 722,aula-12.html,unused,O capítulo trata de Art. 722. A Fazenda Pública será sempre ouvida nos casos em que tiver interesse. e não aborda diretamente a denunciação da lide.
cpc-lei-13105-capture-2026-09-28,Art. 723,aula-12.html,unused,O capítulo trata de Art. 723. O juiz decidirá o pedido no prazo de 10 (dez) dias. e não aborda diretamente a denunciação da lide.
cpc-lei-13105-capture-2026-09-28,Art. 724,aula-12.html,unused,O capítulo trata de Art. 724. Da sentença caberá apelação. e não aborda diretamente a denunciação da lide.
cpc-lei-13105-capture-2026-09-28,Art. 725,aula-12.html,unused,O capítulo trata de Art. 725. Processar-se-á na forma estabelecida nesta Seção o pedido de: e não aborda diretamente a denunciação da lide.
cpc-lei-13105-capture-2026-09-28,Art. 726,aula-12.html,unused,O capítulo trata de Art. 726. Quem tiver interesse em manifestar formalmente sua vontade a outrem sobre assunto juridicamente relevante poderá notificar pessoas participantes da mesma relação jurídica para dar-lhes ciência de seu propósito. e não aborda diretamente a denunciação da lide.
cpc-lei-13105-capture-2026-09-28,Art. 727,aula-12.html,unused,"O capítulo trata de Art. 727. Também poderá o interessado interpelar o requerido, no caso do e não aborda diretamente a denunciação da lide."
cpc-lei-13105-capture-2026-09-28,Art. 728,aula-12.html,unused,O capítulo trata de Art. 728. O requerido será previamente ouvido antes do deferimento da notificação ou do respectivo edital: e não aborda diretamente a denunciação da lide.
cpc-lei-13105-capture-2026-09-28,Art. 729,aula-12.html,unused,"O capítulo trata de Art. 729. Deferida e realizada a notificação ou interpelação, os autos serão entregues ao requerente. e não aborda diretamente a denunciação da lide."
cpc-lei-13105-capture-2026-09-28,Art. 73,aula-12.html,unused,"O capítulo trata de Art. 73. O cônjuge necessitará do consentimento do outro para propor ação que verse sobre direito real imobiliário, salvo quando casados sob o regime de separação absoluta de bens. e não aborda diretamente a denunciação da lide."
cpc-lei-13105-capture-2026-09-28,Art. 730,aula-12.html,unused,"O capítulo trata de Art. 730. Nos casos expressos em lei, não havendo acordo entre os interessados sobre o modo como se deve realizar a alienação do bem, o juiz, de ofício ou a requerimento dos interessados ou do depositário, mandará aliená-lo em leilão, observando-se o disposto na Seção I deste Capítulo e, no que couber, o disposto nos e não aborda diretamente a denunciação da lide."
cpc-lei-13105-capture-2026-09-28,Art. 731,aula-12.html,unused,"O capítulo trata de Art. 731. A homologação do divórcio ou da separação consensuais, observados os requisitos legais, poderá ser requerida em petição assinada por ambos os cônjuges, da qual constarão: e não aborda diretamente a denunciação da lide."
cpc-lei-13105-capture-2026-09-28,Art. 732,aula-12.html,unused,"O capítulo trata de Art. 732. As disposições relativas ao processo de homologação judicial de divórcio ou de separação consensuais aplicam-se, no que couber, ao processo de homologação da extinção consensual de união estável. e não aborda diretamente a denunciação da lide."
cpc-lei-13105-capture-2026-09-28,Art. 733,aula-12.html,unused,"O capítulo trata de Art. 733. O divórcio consensual, a separação consensual e a extinção consensual de união estável, não havendo nascituro ou filhos incapazes e observados os requisitos legais, poderão ser realizados por escritura pública, da qual constarão as disposições de que trata o e não aborda diretamente a denunciação da lide."
cpc-lei-13105-capture-2026-09-28,Art. 734,aula-12.html,unused,"O capítulo trata de Art. 734. A alteração do regime de bens do casamento, observados os requisitos legais, poderá ser requerida, motivadamente, em petição assinada por ambos os cônjuges, na qual serão expostas as razões que justificam a alteração, ressalvados os direitos de terceiros. e não aborda diretamente a denunciação da lide."
cpc-lei-13105-capture-2026-09-28,Art. 735,aula-12.html,unused,"O capítulo trata de Art. 735. Recebendo testamento cerrado, o juiz, se não achar vício externo que o torne suspeito de nulidade ou falsidade, o abrirá e mandará que o escrivão o leia em presença do apresentante. e não aborda diretamente a denunciação da lide."
cpc-lei-13105-capture-2026-09-28,Art. 736,aula-12.html,unused,"O capítulo trata de Art. 736. Qualquer interessado, exibindo o traslado ou a certidão de testamento público, poderá requerer ao juiz que ordene o seu cumprimento, observando-se, no que couber, o disposto nos parágrafos do e não aborda diretamente a denunciação da lide."
cpc-lei-13105-capture-2026-09-28,Art. 737,aula-12.html,unused,"O capítulo trata de Art. 737. A publicação do testamento particular poderá ser requerida, depois da morte do testador, pelo herdeiro, pelo legatário ou pelo testamenteiro, bem como pelo terceiro detentor do testamento, se impossibilitado de entregá-lo a algum dos outros legitimados para requerê-la. e não aborda diretamente a denunciação da lide."
cpc-lei-13105-capture-2026-09-28,Art. 738,aula-12.html,unused,"O capítulo trata de Art. 738. Nos casos em que a lei considere jacente a herança, o juiz em cuja comarca tiver domicílio o falecido procederá imediatamente à arrecadação dos respectivos bens. e não aborda diretamente a denunciação da lide."
cpc-lei-13105-capture-2026-09-28,Art. 739,aula-12.html,unused,"O capítulo trata de Art. 739. A herança jacente ficará sob a guarda, a conservação e a administração de um curador até a respectiva entrega ao sucessor legalmente habilitado ou até a declaração de vacância. e não aborda diretamente a denunciação da lide."
cpc-lei-13105-capture-2026-09-28,Art. 74,aula-12.html,unused,O capítulo trata de Art. 74. O consentimento previsto no e não aborda diretamente a denunciação da lide.
cpc-lei-13105-capture-2026-09-28,Art. 740,aula-12.html,unused,"O capítulo trata de Art. 740. O juiz ordenará que o oficial de justiça, acompanhado do escrivão ou do chefe de secretaria e do curador, arrole os bens e descreva-os em auto circunstanciado. e não aborda diretamente a denunciação da lide."
cpc-lei-13105-capture-2026-09-28,Art. 741,aula-12.html,unused,"O capítulo trata de Art. 741. Ultimada a arrecadação, o juiz mandará expedir edital, que será publicado na rede mundial de computadores, no sítio do tribunal a que estiver vinculado o juízo e na plataforma de editais do Conselho Nacional de Justiça, onde permanecerá por 3 (três) meses, ou, não havendo sítio, no órgão oficial e na imprensa da comarca, por 3 (três) vezes com intervalos de 1 (um) mês, para que os sucessores do falecido venham a habilitar-se no prazo de 6 (seis) meses contado da primeira publicação. e não aborda diretamente a denunciação da lide."
cpc-lei-13105-capture-2026-09-28,Art. 742,aula-12.html,unused,O capítulo trata de Art. 742. O juiz poderá autorizar a alienação: e não aborda diretamente a denunciação da lide.
cpc-lei-13105-capture-2026-09-28,Art. 743,aula-12.html,unused,"O capítulo trata de Art. 743. Passado 1 (um) ano da primeira publicação do edital e não havendo herdeiro habilitado nem habilitação pendente, será a herança declarada vacante. e não aborda diretamente a denunciação da lide."
cpc-lei-13105-capture-2026-09-28,Art. 744,aula-12.html,unused,"O capítulo trata de Art. 744. Declarada a ausência nos casos previstos em lei, o juiz mandará arrecadar os bens do ausente e nomear-lhes-á curador na forma estabelecida na Seção VI, observando-se o disposto em lei. e não aborda diretamente a denunciação da lide."
cpc-lei-13105-capture-2026-09-28,Art. 745,aula-12.html,unused,"O capítulo trata de Art. 745. Feita a arrecadação, o juiz mandará publicar editais na rede mundial de computadores, no sítio do tribunal a que estiver vinculado e na plataforma de editais do Conselho Nacional de Justiça, onde permanecerá por 1 (um) ano, ou, não havendo sítio, no órgão oficial e na imprensa da comarca, durante 1 (um) ano, reproduzida de 2 (dois) em 2 (dois) meses, anunciando a arrecadação e chamando o ausente a entrar na posse de seus bens. e não aborda diretamente a denunciação da lide."
cpc-lei-13105-capture-2026-09-28,Art. 746,aula-12.html,unused,"O capítulo trata de Art. 746. Recebendo do descobridor coisa alheia perdida, o juiz mandará lavrar o respectivo auto, do qual constará a descrição do bem e as declarações do descobridor. e não aborda diretamente a denunciação da lide."
cpc-lei-13105-capture-2026-09-28,Art. 747,aula-12.html,unused,O capítulo trata de Art. 747. A interdição pode ser promovida: e não aborda diretamente a denunciação da lide.
cpc-lei-13105-capture-2026-09-28,Art. 748,aula-12.html,unused,O capítulo trata de Art. 748. O Ministério Público só promoverá interdição em caso de doença mental grave: e não aborda diretamente a denunciação da lide.
cpc-lei-13105-capture-2026-09-28,Art. 749,aula-12.html,unused,"O capítulo trata de Art. 749. Incumbe ao autor, na petição inicial, especificar os fatos que demonstram a incapacidade do interditando para administrar seus bens e, se for o caso, para praticar atos da vida civil, bem como o momento em que a incapacidade se revelou. e não aborda diretamente a denunciação da lide."
cpc-lei-13105-capture-2026-09-28,Art. 75,aula-12.html,unused,"O capítulo trata de Art. 75. Serão representados em juízo, ativa e passivamente: e não aborda diretamente a denunciação da lide."
cpc-lei-13105-capture-2026-09-28,Art. 750,aula-12.html,unused,O capítulo trata de Art. 750. O requerente deverá juntar laudo médico para fazer prova de suas alegações ou informar a impossibilidade de fazê-lo. e não aborda diretamente a denunciação da lide.
cpc-lei-13105-capture-2026-09-28,Art. 751,aula-12.html,unused,"O capítulo trata de Art. 751. O interditando será citado para, em dia designado, comparecer perante o juiz, que o entrevistará minuciosamente acerca de sua vida, negócios, bens, vontades, preferências e laços familiares e afetivos e sobre o que mais lhe parecer necessário para convencimento quanto à sua capacidade para praticar atos da vida civil, devendo ser reduzidas a termo as perguntas e respostas. e não aborda diretamente a denunciação da lide."
cpc-lei-13105-capture-2026-09-28,Art. 752,aula-12.html,unused,"O capítulo trata de Art. 752. Dentro do prazo de 15 (quinze) dias contado da entrevista, o interditando poderá impugnar o pedido. e não aborda diretamente a denunciação da lide."
cpc-lei-13105-capture-2026-09-28,Art. 753,aula-12.html,unused,O capítulo trata de Art. 753. Decorrido o prazo previsto no e não aborda diretamente a denunciação da lide.
cpc-lei-13105-capture-2026-09-28,Art. 754,aula-12.html,unused,"O capítulo trata de Art. 754. Apresentado o laudo, produzidas as demais provas e ouvidos os interessados, o juiz proferirá sentença. e não aborda diretamente a denunciação da lide."
cpc-lei-13105-capture-2026-09-28,Art. 755,aula-12.html,unused,"O capítulo trata de Art. 755. Na sentença que decretar a interdição, o juiz: e não aborda diretamente a denunciação da lide."
cpc-lei-13105-capture-2026-09-28,Art. 756,aula-12.html,unused,O capítulo trata de Art. 756. Levantar-se-á a curatela quando cessar a causa que a determinou. e não aborda diretamente a denunciação da lide.
cpc-lei-13105-capture-2026-09-28,Art. 757,aula-12.html,unused,"O capítulo trata de Art. 757. A autoridade do curador estende-se à pessoa e aos bens do incapaz que se encontrar sob a guarda e a responsabilidade do curatelado ao tempo da interdição, salvo se o juiz considerar outra solução como mais conveniente aos interesses do incapaz. e não aborda diretamente a denunciação da lide."
cpc-lei-13105-capture-2026-09-28,Art. 758,aula-12.html,unused,O capítulo trata de Art. 758. O curador deverá buscar tratamento e apoio apropriados à conquista da autonomia pelo interdito. e não aborda diretamente a denunciação da lide.
cpc-lei-13105-capture-2026-09-28,Art. 759,aula-12.html,unused,O capítulo trata de Art. 759. O tutor ou o curador será intimado a prestar compromisso no prazo de 5 (cinco) dias contado da: e não aborda diretamente a denunciação da lide.
cpc-lei-13105-capture-2026-09-28,Art. 76,aula-12.html,unused,"O capítulo trata de Art. 76. Verificada a incapacidade processual ou a irregularidade da representação da parte, o juiz suspenderá o processo e designará prazo razoável para que seja sanado o vício. e não aborda diretamente a denunciação da lide."
cpc-lei-13105-capture-2026-09-28,Art. 760,aula-12.html,unused,O capítulo trata de Art. 760. O tutor ou o curador poderá eximir-se do encargo apresentando escusa ao juiz no prazo de 5 (cinco) dias contado: e não aborda diretamente a denunciação da lide.
cpc-lei-13105-capture-2026-09-28,Art. 761,aula-12.html,unused,"O capítulo trata de Art. 761. Incumbe ao Ministério Público ou a quem tenha legítimo interesse requerer, nos casos previstos em lei, a remoção do tutor ou do curador. e não aborda diretamente a denunciação da lide."
cpc-lei-13105-capture-2026-09-28,Art. 762,aula-12.html,unused,"O capítulo trata de Art. 762. Em caso de extrema gravidade, o juiz poderá suspender o tutor ou o curador do exercício de suas funções, nomeando substituto interino. e não aborda diretamente a denunciação da lide."
cpc-lei-13105-capture-2026-09-28,Art. 763,aula-12.html,unused,"O capítulo trata de Art. 763. Cessando as funções do tutor ou do curador pelo decurso do prazo em que era obrigado a servir, ser-lhe-á lícito requerer a exoneração do encargo. e não aborda diretamente a denunciação da lide."
cpc-lei-13105-capture-2026-09-28,Art. 764,aula-12.html,unused,"O capítulo trata de Art. 764. O juiz decidirá sobre a aprovação do estatuto das fundações e de suas alterações sempre que o requeira o interessado, quando: e não aborda diretamente a denunciação da lide."
cpc-lei-13105-capture-2026-09-28,Art. 765,aula-12.html,unused,O capítulo trata de Art. 765. Qualquer interessado ou o Ministério Público promoverá em juízo a extinção da fundação quando: e não aborda diretamente a denunciação da lide.
cpc-lei-13105-capture-2026-09-28,Art. 766,aula-12.html,unused,"O capítulo trata de Art. 766. Todos os protestos e os processos testemunháveis formados a bordo e lançados no livro Diário da Navegação deverão ser apresentados pelo comandante ao juiz de direito do primeiro porto, nas primeiras 24 (vinte e quatro) horas de chegada da embarcação, para sua ratificação judicial. e não aborda diretamente a denunciação da lide."
cpc-lei-13105-capture-2026-09-28,Art. 767,aula-12.html,unused,"O capítulo trata de Art. 767. A petição inicial conterá a transcrição dos termos lançados no livro Diário da Navegação e deverá ser instruída com cópias das páginas que contenham os termos que serão ratificados, dos documentos de identificação do comandante e das testemunhas arroladas, do rol de tripulantes, do documento de registro da embarcação e, quando for o caso, do manifesto das cargas sinistradas e a qualificação de seus consignatários, traduzidos, quando for o caso, de forma livre para o português. e não aborda diretamente a denunciação da lide."
cpc-lei-13105-capture-2026-09-28,Art. 768,aula-12.html,unused,"O capítulo trata de Art. 768. A petição inicial deverá ser distribuída com urgência e encaminhada ao juiz, que ouvirá, sob compromisso a ser prestado no mesmo dia, o comandante e as testemunhas em número mínimo de 2 (duas) e máximo de 4 (quatro), que deverão comparecer ao ato independentemente de intimação. e não aborda diretamente a denunciação da lide."
cpc-lei-13105-capture-2026-09-28,Art. 769,aula-12.html,unused,"O capítulo trata de Art. 769. Aberta a audiência, o juiz mandará apregoar os consignatários das cargas indicados na petição inicial e outros eventuais interessados, nomeando para os ausentes curador para o ato. e não aborda diretamente a denunciação da lide."
cpc-lei-13105-capture-2026-09-28,Art. 77,aula-12.html,unused,"O capítulo trata de Art. 77. Além de outros previstos neste Código, são deveres das partes, de seus procuradores e de todos aqueles que de qualquer forma participem do processo: e não aborda diretamente a denunciação da lide."
cpc-lei-13105-capture-2026-09-28,Art. 770,aula-12.html,unused,"O capítulo trata de Art. 770. Inquiridos o comandante e as testemunhas, o juiz, convencido da veracidade dos termos lançados no Diário da Navegação, em audiência, ratificará por sentença o protesto ou o processo testemunhável lavrado a bordo, dispensado o relatório. e não aborda diretamente a denunciação da lide."
cpc-lei-13105-capture-2026-09-28,Art. 771,aula-12.html,unused,"O capítulo trata de Art. 771. Este Livro regula o procedimento da execução fundada em título extrajudicial, e suas disposições aplicam-se, também, no que couber, aos procedimentos especiais de execução, aos atos executivos realizados no procedimento de cumprimento de sentença, bem como aos efeitos de atos ou fatos processuais a que a lei atribuir força executiva. e não aborda diretamente a denunciação da lide."
cpc-lei-13105-capture-2026-09-28,Art. 772,aula-12.html,unused,"O capítulo trata de Art. 772. O juiz pode, em qualquer momento do processo: e não aborda diretamente a denunciação da lide."
cpc-lei-13105-capture-2026-09-28,Art. 773,aula-12.html,unused,"O capítulo trata de Art. 773. O juiz poderá, de ofício ou a requerimento, determinar as medidas necessárias ao cumprimento da ordem de entrega de documentos e dados. e não aborda diretamente a denunciação da lide."
cpc-lei-13105-capture-2026-09-28,Art. 774,aula-12.html,unused,O capítulo trata de Art. 774. Considera-se atentatória à dignidade da justiça a conduta comissiva ou omissiva do executado que: e não aborda diretamente a denunciação da lide.
cpc-lei-13105-capture-2026-09-28,Art. 775,aula-12.html,unused,O capítulo trata de Art. 775. O exequente tem o direito de desistir de toda a execução ou de apenas alguma medida executiva. e não aborda diretamente a denunciação da lide.
cpc-lei-13105-capture-2026-09-28,Art. 776,aula-12.html,unused,"O capítulo trata de Art. 776. O exequente ressarcirá ao executado os danos que este sofreu, quando a sentença, transitada em julgado, declarar inexistente, no todo ou em parte, a obrigação que ensejou a execução. e não aborda diretamente a denunciação da lide."
cpc-lei-13105-capture-2026-09-28,Art. 777,aula-12.html,unused,O capítulo trata de Art. 777. A cobrança de multas ou de indenizações decorrentes de litigância de má-fé ou de prática de ato atentatório à dignidade da justiça será promovida nos próprios autos do processo. e não aborda diretamente a denunciação da lide.
cpc-lei-13105-capture-2026-09-28,Art. 778,aula-12.html,unused,O capítulo trata de Art. 778. Pode promover a execução forçada o credor a quem a lei confere título executivo. e não aborda diretamente a denunciação da lide.
cpc-lei-13105-capture-2026-09-28,Art. 779,aula-12.html,unused,O capítulo trata de Art. 779. A execução pode ser promovida contra: e não aborda diretamente a denunciação da lide.
cpc-lei-13105-capture-2026-09-28,Art. 78,aula-12.html,unused,"O capítulo trata de Art. 78. É vedado às partes, a seus procuradores, aos juízes, aos membros do Ministério Público e da Defensoria Pública e a qualquer pessoa que participe do processo empregar expressões ofensivas nos escritos apresentados. e não aborda diretamente a denunciação da lide."
cpc-lei-13105-capture-2026-09-28,Art. 780,aula-12.html,unused,"O capítulo trata de Art. 780. O exequente pode cumular várias execuções, ainda que fundadas em títulos diferentes, quando o executado for o mesmo e desde que para todas elas seja competente o mesmo juízo e idêntico o procedimento. e não aborda diretamente a denunciação da lide."
cpc-lei-13105-capture-2026-09-28,Art. 781,aula-12.html,unused,"O capítulo trata de Art. 781. A execução fundada em título extrajudicial será processada perante o juízo competente, observando-se o seguinte: e não aborda diretamente a denunciação da lide."
cpc-lei-13105-capture-2026-09-28,Art. 782,aula-12.html,unused,"O capítulo trata de Art. 782. Não dispondo a lei de modo diverso, o juiz determinará os atos executivos, e o oficial de justiça os cumprirá. e não aborda diretamente a denunciação da lide."
cpc-lei-13105-capture-2026-09-28,Art. 783,aula-12.html,unused,"O capítulo trata de Art. 783. A execução para cobrança de crédito fundar-se-á sempre em título de obrigação certa, líquida e exigível. e não aborda diretamente a denunciação da lide."
cpc-lei-13105-capture-2026-09-28,Art. 784,aula-12.html,unused,O capítulo trata de Art. 784. São títulos executivos extrajudiciais: e não aborda diretamente a denunciação da lide.
cpc-lei-13105-capture-2026-09-28,Art. 785,aula-12.html,unused,"O capítulo trata de Art. 785. A existência de título executivo extrajudicial não impede a parte de optar pelo processo de conhecimento, a fim de obter título executivo judicial. e não aborda diretamente a denunciação da lide."
cpc-lei-13105-capture-2026-09-28,Art. 787,aula-12.html,unused,"O capítulo trata de Art. 787. Se o devedor não for obrigado a satisfazer sua prestação senão mediante a contraprestação do credor, este deverá provar que a adimpliu ao requerer a execução, sob pena de extinção do processo. e não aborda diretamente a denunciação da lide."
cpc-lei-13105-capture-2026-09-28,Art. 788,aula-12.html,unused,"O capítulo trata de Art. 788. O credor não poderá iniciar a execução ou nela prosseguir se o devedor cumprir a obrigação, mas poderá recusar o recebimento da prestação se ela não corresponder ao direito ou à obrigação estabelecidos no título executivo, caso em que poderá requerer a execução forçada, ressalvado ao devedor o direito de embargá-la. e não aborda diretamente a denunciação da lide."
cpc-lei-13105-capture-2026-09-28,Art. 789,aula-12.html,unused,"O capítulo trata de Art. 789. O devedor responde com todos os seus bens presentes e futuros para o cumprimento de suas obrigações, salvo as restrições estabelecidas em lei. e não aborda diretamente a denunciação da lide."
cpc-lei-13105-capture-2026-09-28,Art. 79,aula-12.html,unused,"O capítulo trata de Art. 79. Responde por perdas e danos aquele que litigar de má-fé como autor, réu ou interveniente. e não aborda diretamente a denunciação da lide."
cpc-lei-13105-capture-2026-09-28,Art. 790,aula-12.html,unused,O capítulo trata de Art. 790. São sujeitos à execução os bens: e não aborda diretamente a denunciação da lide.
cpc-lei-13105-capture-2026-09-28,Art. 791,aula-12.html,unused,"O capítulo trata de Art. 791. Se a execução tiver por objeto obrigação de que seja sujeito passivo o proprietário de terreno submetido ao regime do direito de superfície, ou o superficiário, responderá pela dívida, exclusivamente, o direito real do qual é titular o executado, recaindo a penhora ou outros atos de constrição exclusivamente sobre o terreno, no primeiro caso, ou sobre a construção ou a plantação, no segundo caso. e não aborda diretamente a denunciação da lide."
cpc-lei-13105-capture-2026-09-28,Art. 792,aula-12.html,unused,O capítulo trata de Art. 792. A alienação ou a oneração de bem é considerada fraude à execução: e não aborda diretamente a denunciação da lide.
cpc-lei-13105-capture-2026-09-28,Art. 793,aula-12.html,unused,"O capítulo trata de Art. 793. O exequente que estiver, por direito de retenção, na posse de coisa pertencente ao devedor não poderá promover a execução sobre outros bens senão depois de excutida a coisa que se achar em seu poder. e não aborda diretamente a denunciação da lide."
cpc-lei-13105-capture-2026-09-28,Art. 794,aula-12.html,unused,"O capítulo trata de Art. 794. O fiador, quando executado, tem o direito de exigir que primeiro sejam executados os bens do devedor situados na mesma comarca, livres e desembargados, indicando-os pormenorizadamente à penhora. e não aborda diretamente a denunciação da lide."
cpc-lei-13105-capture-2026-09-28,Art. 795,aula-12.html,unused,"O capítulo trata de Art. 795. Os bens particulares dos sócios não respondem pelas dívidas da sociedade, senão nos casos previstos em lei. e não aborda diretamente a denunciação da lide."
cpc-lei-13105-capture-2026-09-28,Art. 796,aula-12.html,unused,"O capítulo trata de Art. 796. O espólio responde pelas dívidas do falecido, mas, feita a partilha, cada herdeiro responde por elas dentro das forças da herança e na proporção da parte que lhe coube. e não aborda diretamente a denunciação da lide."
cpc-lei-13105-capture-2026-09-28,Art. 797,aula-12.html,unused,"O capítulo trata de Art. 797. Ressalvado o caso de insolvência do devedor, em que tem lugar o concurso universal, realiza-se a execução no interesse do exequente que adquire, pela penhora, o direito de preferência sobre os bens penhorados. e não aborda diretamente a denunciação da lide."
cpc-lei-13105-capture-2026-09-28,Art. 798,aula-12.html,unused,"O capítulo trata de Art. 798. Ao propor a execução, incumbe ao exequente: e não aborda diretamente a denunciação da lide."
cpc-lei-13105-capture-2026-09-28,Art. 799,aula-12.html,unused,O capítulo trata de Art. 799. Incumbe ainda ao exequente: e não aborda diretamente a denunciação da lide.
cpc-lei-13105-capture-2026-09-28,Art. 8,aula-12.html,unused,"O capítulo trata de Art. 8º Ao aplicar o ordenamento jurídico, o juiz atenderá aos fins sociais e às exigências do bem comum, resguardando e promovendo a dignidade da pessoa humana e observando a proporcionalidade, a razoabilidade, a legalidade, a publicidade e a eficiência. e não aborda diretamente a denunciação da lide."
cpc-lei-13105-capture-2026-09-28,Art. 80,aula-12.html,unused,O capítulo trata de Art. 80. Considera-se litigante de má-fé aquele que: e não aborda diretamente a denunciação da lide.
cpc-lei-13105-capture-2026-09-28,Art. 800,aula-12.html,unused,"O capítulo trata de Art. 800. Nas obrigações alternativas, quando a escolha couber ao devedor, esse será citado para exercer a opção e realizar a prestação dentro de 10 (dez) dias, se outro prazo não lhe foi determinado em lei ou em contrato. e não aborda diretamente a denunciação da lide."
cpc-lei-13105-capture-2026-09-28,Art. 801,aula-12.html,unused,"O capítulo trata de Art. 801. Verificando que a petição inicial está incompleta ou que não está acompanhada dos documentos indispensáveis à propositura da execução, o juiz determinará que o exequente a corrija, no prazo de 15 (quinze) dias, sob pena de indeferimento. e não aborda diretamente a denunciação da lide."
cpc-lei-13105-capture-2026-09-28,Art. 802,aula-12.html,unused,"O capítulo trata de Art. 802. Na execução, o despacho que ordena a citação, desde que realizada em observância ao disposto no e não aborda diretamente a denunciação da lide."
cpc-lei-13105-capture-2026-09-28,Art. 803,aula-12.html,unused,O capítulo trata de Art. 803. É nula a execução se: e não aborda diretamente a denunciação da lide.
cpc-lei-13105-capture-2026-09-28,Art. 804,aula-12.html,unused,"O capítulo trata de Art. 804. A alienação de bem gravado por penhor, hipoteca ou anticrese será ineficaz em relação ao credor pignoratício, hipotecário ou anticrético não intimado. e não aborda diretamente a denunciação da lide."
cpc-lei-13105-capture-2026-09-28,Art. 805,aula-12.html,unused,"O capítulo trata de Art. 805. Quando por vários meios o exequente puder promover a execução, o juiz mandará que se faça pelo modo menos gravoso para o executado. e não aborda diretamente a denunciação da lide."
cpc-lei-13105-capture-2026-09-28,Art. 806,aula-12.html,unused,"O capítulo trata de Art. 806. O devedor de obrigação de entrega de coisa certa, constante de título executivo extrajudicial, será citado para, em 15 (quinze) dias, satisfazer a obrigação. e não aborda diretamente a denunciação da lide."
cpc-lei-13105-capture-2026-09-28,Art. 807,aula-12.html,unused,"O capítulo trata de Art. 807. Se o executado entregar a coisa, será lavrado o termo respectivo e considerada satisfeita a obrigação, prosseguindo-se a execução para o pagamento de frutos ou o ressarcimento de prejuízos, se houver. e não aborda diretamente a denunciação da lide."
cpc-lei-13105-capture-2026-09-28,Art. 808,aula-12.html,unused,"O capítulo trata de Art. 808. Alienada a coisa quando já litigiosa, será expedido mandado contra o terceiro adquirente, que somente será ouvido após depositá-la. e não aborda diretamente a denunciação da lide."
cpc-lei-13105-capture-2026-09-28,Art. 809,aula-12.html,unused,"O capítulo trata de Art. 809. O exequente tem direito a receber, além de perdas e danos, o valor da coisa, quando essa se deteriorar, não lhe for entregue, não for encontrada ou não for reclamada do poder de terceiro adquirente. e não aborda diretamente a denunciação da lide."
cpc-lei-13105-capture-2026-09-28,Art. 81,aula-12.html,unused,"O capítulo trata de Art. 81. De ofício ou a requerimento, o juiz condenará o litigante de má-fé a pagar multa, que deverá ser superior a um por cento e inferior a dez por cento do valor corrigido da causa, a indenizar a parte contrária pelos prejuízos que esta sofreu e a arcar com os honorários advocatícios e com todas as despesas que efetuou. e não aborda diretamente a denunciação da lide."
cpc-lei-13105-capture-2026-09-28,Art. 810,aula-12.html,unused,"O capítulo trata de Art. 810. Havendo benfeitorias indenizáveis feitas na coisa pelo executado ou por terceiros de cujo poder ela houver sido tirada, a liquidação prévia é obrigatória. e não aborda diretamente a denunciação da lide."
cpc-lei-13105-capture-2026-09-28,Art. 811,aula-12.html,unused,"O capítulo trata de Art. 811. Quando a execução recair sobre coisa determinada pelo gênero e pela quantidade, o executado será citado para entregá-la individualizada, se lhe couber a escolha. e não aborda diretamente a denunciação da lide."
cpc-lei-13105-capture-2026-09-28,Art. 812,aula-12.html,unused,"O capítulo trata de Art. 812. Qualquer das partes poderá, no prazo de 15 (quinze) dias, impugnar a escolha feita pela outra, e o juiz decidirá de plano ou, se necessário, ouvindo perito de sua nomeação. e não aborda diretamente a denunciação da lide."
cpc-lei-13105-capture-2026-09-28,Art. 813,aula-12.html,unused,"O capítulo trata de Art. 813. Aplicar-se-ão à execução para entrega de coisa incerta, no que couber, as disposições da Seção I deste Capítulo. e não aborda diretamente a denunciação da lide."
cpc-lei-13105-capture-2026-09-28,Art. 814,aula-12.html,unused,"O capítulo trata de Art. 814. Na execução de obrigação de fazer ou de não fazer fundada em título extrajudicial, ao despachar a inicial, o juiz fixará multa por período de atraso no cumprimento da obrigação e a data a partir da qual será devida. e não aborda diretamente a denunciação da lide."
cpc-lei-13105-capture-2026-09-28,Art. 815,aula-12.html,unused,"O capítulo trata de Art. 815. Quando o objeto da execução for obrigação de fazer, o executado será citado para satisfazê-la no prazo que o juiz lhe designar, se outro não estiver determinado no título executivo. e não aborda diretamente a denunciação da lide."
cpc-lei-13105-capture-2026-09-28,Art. 816,aula-12.html,unused,"O capítulo trata de Art. 816. Se o executado não satisfizer a obrigação no prazo designado, é lícito ao exequente, nos próprios autos do processo, requerer a satisfação da obrigação à custa do executado ou perdas e danos, hipótese em que se converterá em indenização. e não aborda diretamente a denunciação da lide."
cpc-lei-13105-capture-2026-09-28,Art. 817,aula-12.html,unused,"O capítulo trata de Art. 817. Se a obrigação puder ser satisfeita por terceiro, é lícito ao juiz autorizar, a requerimento do exequente, que aquele a satisfaça à custa do executado. e não aborda diretamente a denunciação da lide."
cpc-lei-13105-capture-2026-09-28,Art. 818,aula-12.html,unused,"O capítulo trata de Art. 818. Realizada a prestação, o juiz ouvirá as partes no prazo de 10 (dez) dias e, não havendo impugnação, considerará satisfeita a obrigação. e não aborda diretamente a denunciação da lide."
cpc-lei-13105-capture-2026-09-28,Art. 819,aula-12.html,unused,"O capítulo trata de Art. 819. Se o terceiro contratado não realizar a prestação no prazo ou se o fizer de modo incompleto ou defeituoso, poderá o exequente requerer ao juiz, no prazo de 15 (quinze) dias, que o autorize a concluí-la ou a repará-la à custa do contratante. e não aborda diretamente a denunciação da lide."
cpc-lei-13105-capture-2026-09-28,Art. 82,aula-12.html,unused,"O capítulo trata de Art. 82. Salvo as disposições concernentes à gratuidade da justiça, incumbe às partes prover as despesas dos atos que realizarem ou requererem no processo, antecipando-lhes o pagamento, desde o início até a sentença final ou, na execução, até a plena satisfação do direito reconhecido no título. e não aborda diretamente a denunciação da lide."
cpc-lei-13105-capture-2026-09-28,Art. 820,aula-12.html,unused,"O capítulo trata de Art. 820. Se o exequente quiser executar ou mandar executar, sob sua direção e vigilância, as obras e os trabalhos necessários à realização da prestação, terá preferência, em igualdade de condições de oferta, em relação ao terceiro. e não aborda diretamente a denunciação da lide."
cpc-lei-13105-capture-2026-09-28,Art. 821,aula-12.html,unused,"O capítulo trata de Art. 821. Na obrigação de fazer, quando se convencionar que o executado a satisfaça pessoalmente, o exequente poderá requerer ao juiz que lhe assine prazo para cumpri-la. e não aborda diretamente a denunciação da lide."
cpc-lei-13105-capture-2026-09-28,Art. 822,aula-12.html,unused,"O capítulo trata de Art. 822. Se o executado praticou ato a cuja abstenção estava obrigado por lei ou por contrato, o exequente requererá ao juiz que assine prazo ao executado para desfazê-lo. e não aborda diretamente a denunciação da lide."
cpc-lei-13105-capture-2026-09-28,Art. 823,aula-12.html,unused,"O capítulo trata de Art. 823. Havendo recusa ou mora do executado, o exequente requererá ao juiz que mande desfazer o ato à custa daquele, que responderá por perdas e danos. e não aborda diretamente a denunciação da lide."
cpc-lei-13105-capture-2026-09-28,Art. 824,aula-12.html,unused,"O capítulo trata de Art. 824. A execução por quantia certa realiza-se pela expropriação de bens do executado, ressalvadas as execuções especiais. e não aborda diretamente a denunciação da lide."
cpc-lei-13105-capture-2026-09-28,Art. 825,aula-12.html,unused,O capítulo trata de Art. 825. A expropriação consiste em: e não aborda diretamente a denunciação da lide.
cpc-lei-13105-capture-2026-09-28,Art. 826,aula-12.html,unused,"O capítulo trata de Art. 826. Antes de adjudicados ou alienados os bens, o executado pode, a todo tempo, remir a execução, pagando ou consignando a importância atualizada da dívida, acrescida de juros, custas e honorários advocatícios. e não aborda diretamente a denunciação da lide."
cpc-lei-13105-capture-2026-09-28,Art. 827,aula-12.html,unused,"O capítulo trata de Art. 827. Ao despachar a inicial, o juiz fixará, de plano, os honorários advocatícios de dez por cento, a serem pagos pelo executado. e não aborda diretamente a denunciação da lide."
cpc-lei-13105-capture-2026-09-28,Art. 828,aula-12.html,unused,"O capítulo trata de Art. 828. O exequente poderá obter certidão de que a execução foi admitida pelo juiz, com identificação das partes e do valor da causa, para fins de averbação no registro de imóveis, de veículos ou de outros bens sujeitos a penhora, arresto ou indisponibilidade. e não aborda diretamente a denunciação da lide."
cpc-lei-13105-capture-2026-09-28,Art. 829,aula-12.html,unused,"O capítulo trata de Art. 829. O executado será citado para pagar a dívida no prazo de 3 (três) dias, contado da citação. e não aborda diretamente a denunciação da lide."
cpc-lei-13105-capture-2026-09-28,Art. 83,aula-12.html,unused,"O capítulo trata de Art. 83. O autor, brasileiro ou estrangeiro, que residir fora do Brasil ou deixar de residir no país ao longo da tramitação de processo prestará caução suficiente ao pagamento das custas e dos honorários de advogado da parte contrária nas ações que propuser, se não tiver no Brasil bens imóveis que lhes assegurem o pagamento. e não aborda diretamente a denunciação da lide."
cpc-lei-13105-capture-2026-09-28,Art. 830,aula-12.html,unused,"O capítulo trata de Art. 830. Se o oficial de justiça não encontrar o executado, arrestar-lhe-á tantos bens quantos bastem para garantir a execução. e não aborda diretamente a denunciação da lide."
cpc-lei-13105-capture-2026-09-28,Art. 831,aula-12.html,unused,"O capítulo trata de Art. 831. A penhora deverá recair sobre tantos bens quantos bastem para o pagamento do principal atualizado, dos juros, das custas e dos honorários advocatícios. e não aborda diretamente a denunciação da lide."
cpc-lei-13105-capture-2026-09-28,Art. 832,aula-12.html,unused,O capítulo trata de Art. 832. Não estão sujeitos à execução os bens que a lei considera impenhoráveis ou inalienáveis. e não aborda diretamente a denunciação da lide.
cpc-lei-13105-capture-2026-09-28,Art. 833,aula-12.html,unused,O capítulo trata de Art. 833. São impenhoráveis: e não aborda diretamente a denunciação da lide.
cpc-lei-13105-capture-2026-09-28,Art. 834,aula-12.html,unused,"O capítulo trata de Art. 834. Podem ser penhorados, à falta de outros bens, os frutos e os rendimentos dos bens inalienáveis. e não aborda diretamente a denunciação da lide."
cpc-lei-13105-capture-2026-09-28,Art. 835,aula-12.html,unused,"O capítulo trata de Art. 835. A penhora observará, preferencialmente, a seguinte ordem: e não aborda diretamente a denunciação da lide."
cpc-lei-13105-capture-2026-09-28,Art. 836,aula-12.html,unused,O capítulo trata de Art. 836. Não se levará a efeito a penhora quando ficar evidente que o produto da execução dos bens encontrados será totalmente absorvido pelo pagamento das custas da execução. e não aborda diretamente a denunciação da lide.
cpc-lei-13105-capture-2026-09-28,Art. 837,aula-12.html,unused,"O capítulo trata de Art. 837. Obedecidas as normas de segurança instituídas sob critérios uniformes pelo Conselho Nacional de Justiça, a penhora de dinheiro e as averbações de penhoras de bens imóveis e móveis podem ser realizadas por meio eletrônico. e não aborda diretamente a denunciação da lide."
cpc-lei-13105-capture-2026-09-28,Art. 838,aula-12.html,unused,"O capítulo trata de Art. 838. A penhora será realizada mediante auto ou termo, que conterá: e não aborda diretamente a denunciação da lide."
cpc-lei-13105-capture-2026-09-28,Art. 839,aula-12.html,unused,"O capítulo trata de Art. 839. Considerar-se-á feita a penhora mediante a apreensão e o depósito dos bens, lavrando-se um só auto se as diligências forem concluídas no mesmo dia. e não aborda diretamente a denunciação da lide."
cpc-lei-13105-capture-2026-09-28,Art. 84,aula-12.html,unused,"O capítulo trata de Art. 84. As despesas abrangem as custas dos atos do processo, a indenização de viagem, a remuneração do assistente técnico e a diária de testemunha. e não aborda diretamente a denunciação da lide."
cpc-lei-13105-capture-2026-09-28,Art. 840,aula-12.html,unused,O capítulo trata de Art. 840. Serão preferencialmente depositados: e não aborda diretamente a denunciação da lide.
cpc-lei-13105-capture-2026-09-28,Art. 841,aula-12.html,unused,"O capítulo trata de Art. 841. Formalizada a penhora por qualquer dos meios legais, dela será imediatamente intimado o executado. e não aborda diretamente a denunciação da lide."
cpc-lei-13105-capture-2026-09-28,Art. 842,aula-12.html,unused,"O capítulo trata de Art. 842. Recaindo a penhora sobre bem imóvel ou direito real sobre imóvel, será intimado também o cônjuge do executado, salvo se forem casados em regime de separação absoluta de bens. e não aborda diretamente a denunciação da lide."
cpc-lei-13105-capture-2026-09-28,Art. 843,aula-12.html,unused,"O capítulo trata de Art. 843. Tratando-se de penhora de bem indivisível, o equivalente à quota-parte do coproprietário ou do cônjuge alheio à execução recairá sobre o produto da alienação do bem. e não aborda diretamente a denunciação da lide."
cpc-lei-13105-capture-2026-09-28,Art. 844,aula-12.html,unused,"O capítulo trata de Art. 844. Para presunção absoluta de conhecimento por terceiros, cabe ao exequente providenciar a averbação do arresto ou da penhora no registro competente, mediante apresentação de cópia do auto ou do termo, independentemente de mandado judicial. e não aborda diretamente a denunciação da lide."
cpc-lei-13105-capture-2026-09-28,Art. 845,aula-12.html,unused,"O capítulo trata de Art. 845. Efetuar-se-á a penhora onde se encontrem os bens, ainda que sob a posse, a detenção ou a guarda de terceiros. e não aborda diretamente a denunciação da lide."
cpc-lei-13105-capture-2026-09-28,Art. 846,aula-12.html,unused,"O capítulo trata de Art. 846. Se o executado fechar as portas da casa a fim de obstar a penhora dos bens, o oficial de justiça comunicará o fato ao juiz, solicitando-lhe ordem de arrombamento. e não aborda diretamente a denunciação da lide."
cpc-lei-13105-capture-2026-09-28,Art. 847,aula-12.html,unused,"O capítulo trata de Art. 847. O executado pode, no prazo de 10 (dez) dias contado da intimação da penhora, requerer a substituição do bem penhorado, desde que comprove que lhe será menos onerosa e não trará prejuízo ao exequente. e não aborda diretamente a denunciação da lide."
cpc-lei-13105-capture-2026-09-28,Art. 848,aula-12.html,unused,O capítulo trata de Art. 848. As partes poderão requerer a substituição da penhora se: e não aborda diretamente a denunciação da lide.
cpc-lei-13105-capture-2026-09-28,Art. 849,aula-12.html,unused,"O capítulo trata de Art. 849. Sempre que ocorrer a substituição dos bens inicialmente penhorados, será lavrado novo termo. e não aborda diretamente a denunciação da lide."
cpc-lei-13105-capture-2026-09-28,Art. 85,aula-12.html,unused,O capítulo trata de Art. 85. A sentença condenará o vencido a pagar honorários ao advogado do vencedor. e não aborda diretamente a denunciação da lide.
cpc-lei-13105-capture-2026-09-28,Art. 851,aula-12.html,unused,"O capítulo trata de Art. 851. Não se procede à segunda penhora, salvo se: e não aborda diretamente a denunciação da lide."
cpc-lei-13105-capture-2026-09-28,Art. 852,aula-12.html,unused,O capítulo trata de Art. 852. O juiz determinará a alienação antecipada dos bens penhorados quando: e não aborda diretamente a denunciação da lide.
cpc-lei-13105-capture-2026-09-28,Art. 853,aula-12.html,unused,"O capítulo trata de Art. 853. Quando uma das partes requerer alguma das medidas previstas nesta Subseção, o juiz ouvirá sempre a outra, no prazo de 3 (três) dias, antes de decidir. e não aborda diretamente a denunciação da lide."
cpc-lei-13105-capture-2026-09-28,Art. 854,aula-12.html,unused,"O capítulo trata de Art. 854. Para possibilitar a penhora de dinheiro em depósito ou em aplicação financeira, o juiz, a requerimento do exequente, sem dar ciência prévia do ato ao executado, determinará às instituições financeiras, por meio de sistema eletrônico gerido pela autoridade supervisora do sistema financeiro nacional, que torne indisponíveis ativos financeiros existentes em nome do executado, limitando-se a indisponibilidade ao valor indicado na execução. e não aborda diretamente a denunciação da lide."
cpc-lei-13105-capture-2026-09-28,Art. 855,aula-12.html,unused,"O capítulo trata de Art. 855. Quando recair em crédito do executado, enquanto não ocorrer a hipótese prevista no e não aborda diretamente a denunciação da lide."
cpc-lei-13105-capture-2026-09-28,Art. 856,aula-12.html,unused,"O capítulo trata de Art. 856. A penhora de crédito representado por letra de câmbio, nota promissória, duplicata, cheque ou outros títulos far-se-á pela apreensão do documento, esteja ou não este em poder do executado. e não aborda diretamente a denunciação da lide."
cpc-lei-13105-capture-2026-09-28,Art. 857,aula-12.html,unused,"O capítulo trata de Art. 857. Feita a penhora em direito e ação do executado, e não tendo ele oferecido embargos ou sendo estes rejeitados, o exequente ficará sub-rogado nos direitos do executado até a concorrência de seu crédito. e não aborda diretamente a denunciação da lide."
cpc-lei-13105-capture-2026-09-28,Art. 858,aula-12.html,unused,"O capítulo trata de Art. 858. Quando a penhora recair sobre dívidas de dinheiro a juros, de direito a rendas ou de prestações periódicas, o exequente poderá levantar os juros, os rendimentos ou as prestações à medida que forem sendo depositados, abatendo-se do crédito as importâncias recebidas, conforme as regras de imputação do pagamento. e não aborda diretamente a denunciação da lide."
cpc-lei-13105-capture-2026-09-28,Art. 859,aula-12.html,unused,"O capítulo trata de Art. 859. Recaindo a penhora sobre direito a prestação ou a restituição de coisa determinada, o executado será intimado para, no vencimento, depositá-la, correndo sobre ela a execução. e não aborda diretamente a denunciação da lide."
cpc-lei-13105-capture-2026-09-28,Art. 86,aula-12.html,unused,"O capítulo trata de Art. 86. Se cada litigante for, em parte, vencedor e vencido, serão proporcionalmente distribuídas entre eles as despesas. e não aborda diretamente a denunciação da lide."
cpc-lei-13105-capture-2026-09-28,Art. 860,aula-12.html,unused,"O capítulo trata de Art. 860. Quando o direito estiver sendo pleiteado em juízo, a penhora que recair sobre ele será averbada, com destaque, nos autos pertinentes ao direito e na ação correspondente à penhora, a fim de que esta seja efetivada nos bens que forem adjudicados ou que vierem a caber ao executado. e não aborda diretamente a denunciação da lide."
cpc-lei-13105-capture-2026-09-28,Art. 861,aula-12.html,unused,"O capítulo trata de Art. 861. Penhoradas as quotas ou as ações de sócio em sociedade simples ou empresária, o juiz assinará prazo razoável, não superior a 3 (três) meses, para que a sociedade: e não aborda diretamente a denunciação da lide."
cpc-lei-13105-capture-2026-09-28,Art. 862,aula-12.html,unused,"O capítulo trata de Art. 862. Quando a penhora recair em estabelecimento comercial, industrial ou agrícola, bem como em semoventes, plantações ou edifícios em construção, o juiz nomeará administrador-depositário, determinando-lhe que apresente em 10 (dez) dias o plano de administração. e não aborda diretamente a denunciação da lide."
cpc-lei-13105-capture-2026-09-28,Art. 864,aula-12.html,unused,"O capítulo trata de Art. 864. A penhora de navio ou de aeronave não obsta que continuem navegando ou operando até a alienação, mas o juiz, ao conceder a autorização para tanto, não permitirá que saiam do porto ou do aeroporto antes que o executado faça o seguro usual contra riscos. e não aborda diretamente a denunciação da lide."
cpc-lei-13105-capture-2026-09-28,Art. 866,aula-12.html,unused,"O capítulo trata de Art. 866. Se o executado não tiver outros bens penhoráveis ou se, tendo-os, esses forem de difícil alienação ou insuficientes para saldar o crédito executado, o juiz poderá ordenar a penhora de percentual de faturamento de empresa. e não aborda diretamente a denunciação da lide."
cpc-lei-13105-capture-2026-09-28,Art. 867,aula-12.html,unused,O capítulo trata de Art. 867. O juiz pode ordenar a penhora de frutos e rendimentos de coisa móvel ou imóvel quando a considerar mais eficiente para o recebimento do crédito e menos gravosa ao executado. e não aborda diretamente a denunciação da lide.
cpc-lei-13105-capture-2026-09-28,Art. 868,aula-12.html,unused,"O capítulo trata de Art. 868. Ordenada a penhora de frutos e rendimentos, o juiz nomeará administrador-depositário, que será investido de todos os poderes que concernem à administração do bem e à fruição de seus frutos e utilidades, perdendo o executado o direito de gozo do bem, até que o exequente seja pago do principal, dos juros, das custas e dos honorários advocatícios. e não aborda diretamente a denunciação da lide."
cpc-lei-13105-capture-2026-09-28,Art. 869,aula-12.html,unused,"O capítulo trata de Art. 869. O juiz poderá nomear administrador-depositário o exequente ou o executado, ouvida a parte contrária, e, não havendo acordo, nomeará profissional qualificado para o desempenho da função. e não aborda diretamente a denunciação da lide."
cpc-lei-13105-capture-2026-09-28,Art. 87,aula-12.html,unused,"O capítulo trata de Art. 87. Concorrendo diversos autores ou diversos réus, os vencidos respondem proporcionalmente pelas despesas e pelos honorários. e não aborda diretamente a denunciação da lide."
cpc-lei-13105-capture-2026-09-28,Art. 870,aula-12.html,unused,O capítulo trata de Art. 870. A avaliação será feita pelo oficial de justiça. e não aborda diretamente a denunciação da lide.
cpc-lei-13105-capture-2026-09-28,Art. 871,aula-12.html,unused,O capítulo trata de Art. 871. Não se procederá à avaliação quando: e não aborda diretamente a denunciação da lide.
cpc-lei-13105-capture-2026-09-28,Art. 872,aula-12.html,unused,"O capítulo trata de Art. 872. A avaliação realizada pelo oficial de justiça constará de vistoria e de laudo anexados ao auto de penhora ou, em caso de perícia realizada por avaliador, de laudo apresentado no prazo fixado pelo juiz, devendo-se, em qualquer hipótese, especificar: e não aborda diretamente a denunciação da lide."
cpc-lei-13105-capture-2026-09-28,Art. 873,aula-12.html,unused,O capítulo trata de Art. 873. É admitida nova avaliação quando: e não aborda diretamente a denunciação da lide.
cpc-lei-13105-capture-2026-09-28,Art. 874,aula-12.html,unused,"O capítulo trata de Art. 874. Após a avaliação, o juiz poderá, a requerimento do interessado e ouvida a parte contrária, mandar: e não aborda diretamente a denunciação da lide."
cpc-lei-13105-capture-2026-09-28,Art. 875,aula-12.html,unused,"O capítulo trata de Art. 875. Realizadas a penhora e a avaliação, o juiz dará início aos atos de expropriação do bem. e não aborda diretamente a denunciação da lide."
cpc-lei-13105-capture-2026-09-28,Art. 876,aula-12.html,unused,"O capítulo trata de Art. 876. É lícito ao exequente, oferecendo preço não inferior ao da avaliação, requerer que lhe sejam adjudicados os bens penhorados. e não aborda diretamente a denunciação da lide."
cpc-lei-13105-capture-2026-09-28,Art. 877,aula-12.html,unused,"O capítulo trata de Art. 877. Transcorrido o prazo de 5 (cinco) dias, contado da última intimação, e decididas eventuais questões, o juiz ordenará a lavratura do auto de adjudicação. e não aborda diretamente a denunciação da lide."
cpc-lei-13105-capture-2026-09-28,Art. 878,aula-12.html,unused,"O capítulo trata de Art. 878. Frustradas as tentativas de alienação do bem, será reaberta oportunidade para requerimento de adjudicação, caso em que também se poderá pleitear a realização de nova avaliação. e não aborda diretamente a denunciação da lide."
cpc-lei-13105-capture-2026-09-28,Art. 879,aula-12.html,unused,O capítulo trata de Art. 879. A alienação far-se-á: e não aborda diretamente a denunciação da lide.
cpc-lei-13105-capture-2026-09-28,Art. 88,aula-12.html,unused,"O capítulo trata de Art. 88. Nos procedimentos de jurisdição voluntária, as despesas serão adiantadas pelo requerente e rateadas entre os interessados. e não aborda diretamente a denunciação da lide."
cpc-lei-13105-capture-2026-09-28,Art. 880,aula-12.html,unused,"O capítulo trata de Art. 880. Não efetivada a adjudicação, o exequente poderá requerer a alienação por sua própria iniciativa ou por intermédio de corretor ou leiloeiro público credenciado perante o órgão judiciário. e não aborda diretamente a denunciação da lide."
cpc-lei-13105-capture-2026-09-28,Art. 881,aula-12.html,unused,O capítulo trata de Art. 881. A alienação far-se-á em leilão judicial se não efetivada a adjudicação ou a alienação por iniciativa particular. e não aborda diretamente a denunciação da lide.
cpc-lei-13105-capture-2026-09-28,Art. 882,aula-12.html,unused,"O capítulo trata de Art. 882. Não sendo possível a sua realização por meio eletrônico, o leilão será presencial. e não aborda diretamente a denunciação da lide."
cpc-lei-13105-capture-2026-09-28,Art. 883,aula-12.html,unused,"O capítulo trata de Art. 883. Caberá ao juiz a designação do leiloeiro público, que poderá ser indicado pelo exequente. e não aborda diretamente a denunciação da lide."
cpc-lei-13105-capture-2026-09-28,Art. 884,aula-12.html,unused,O capítulo trata de Art. 884. Incumbe ao leiloeiro público: e não aborda diretamente a denunciação da lide.
cpc-lei-13105-capture-2026-09-28,Art. 885,aula-12.html,unused,"O capítulo trata de Art. 885. O juiz da execução estabelecerá o preço mínimo, as condições de pagamento e as garantias que poderão ser prestadas pelo arrematante. e não aborda diretamente a denunciação da lide."
cpc-lei-13105-capture-2026-09-28,Art. 886,aula-12.html,unused,"O capítulo trata de Art. 886. O leilão será precedido de publicação de edital, que conterá: e não aborda diretamente a denunciação da lide."
cpc-lei-13105-capture-2026-09-28,Art. 887,aula-12.html,unused,O capítulo trata de Art. 887. O leiloeiro público designado adotará providências para a ampla divulgação da alienação. e não aborda diretamente a denunciação da lide.
cpc-lei-13105-capture-2026-09-28,Art. 888,aula-12.html,unused,"O capítulo trata de Art. 888. Não se realizando o leilão por qualquer motivo, o juiz mandará publicar a transferência, observando-se o disposto no e não aborda diretamente a denunciação da lide."
cpc-lei-13105-capture-2026-09-28,Art. 889,aula-12.html,unused,"O capítulo trata de Art. 889. Serão cientificados da alienação judicial, com pelo menos 5 (cinco) dias de antecedência: e não aborda diretamente a denunciação da lide."
cpc-lei-13105-capture-2026-09-28,Art. 89,aula-12.html,unused,"O capítulo trata de Art. 89. Nos juízos divisórios, não havendo litígio, os interessados pagarão as despesas proporcionalmente a seus quinhões. e não aborda diretamente a denunciação da lide."
cpc-lei-13105-capture-2026-09-28,Art. 890,aula-12.html,unused,"O capítulo trata de Art. 890. Pode oferecer lance quem estiver na livre administração de seus bens, com exceção: e não aborda diretamente a denunciação da lide."
cpc-lei-13105-capture-2026-09-28,Art. 891,aula-12.html,unused,O capítulo trata de Art. 891. Não será aceito lance que ofereça preço vil. e não aborda diretamente a denunciação da lide.
cpc-lei-13105-capture-2026-09-28,Art. 892,aula-12.html,unused,"O capítulo trata de Art. 892. Salvo pronunciamento judicial em sentido diverso, o pagamento deverá ser realizado de imediato pelo arrematante, por depósito judicial ou por meio eletrônico. e não aborda diretamente a denunciação da lide."
cpc-lei-13105-capture-2026-09-28,Art. 893,aula-12.html,unused,"O capítulo trata de Art. 893. Se o leilão for de diversos bens e houver mais de um lançador, terá preferência aquele que se propuser a arrematá-los todos, em conjunto, oferecendo, para os bens que não tiverem lance, preço igual ao da avaliação e, para os demais, preço igual ao do maior lance que, na tentativa de arrematação individualizada, tenha sido oferecido para eles. e não aborda diretamente a denunciação da lide."
cpc-lei-13105-capture-2026-09-28,Art. 894,aula-12.html,unused,"O capítulo trata de Art. 894. Quando o imóvel admitir cômoda divisão, o juiz, a requerimento do executado, ordenará a alienação judicial de parte dele, desde que suficiente para o pagamento do exequente e para a satisfação das despesas da execução. e não aborda diretamente a denunciação da lide."
cpc-lei-13105-capture-2026-09-28,Art. 895,aula-12.html,unused,"O capítulo trata de Art. 895. O interessado em adquirir o bem penhorado em prestações poderá apresentar, por escrito: e não aborda diretamente a denunciação da lide."
cpc-lei-13105-capture-2026-09-28,Art. 896,aula-12.html,unused,"O capítulo trata de Art. 896. Quando o imóvel de incapaz não alcançar em leilão pelo menos oitenta por cento do valor da avaliação, o juiz o confiará à guarda e à administração de depositário idôneo, adiando a alienação por prazo não superior a 1 (um) ano. e não aborda diretamente a denunciação da lide."
cpc-lei-13105-capture-2026-09-28,Art. 897,aula-12.html,unused,"O capítulo trata de Art. 897. Se o arrematante ou seu fiador não pagar o preço no prazo estabelecido, o juiz impor-lhe-á, em favor do exequente, a perda da caução, voltando os bens a novo leilão, do qual não serão admitidos a participar o arrematante e o fiador remissos. e não aborda diretamente a denunciação da lide."
cpc-lei-13105-capture-2026-09-28,Art. 898,aula-12.html,unused,O capítulo trata de Art. 898. O fiador do arrematante que pagar o valor do lance e a multa poderá requerer que a arrematação lhe seja transferida. e não aborda diretamente a denunciação da lide.
cpc-lei-13105-capture-2026-09-28,Art. 899,aula-12.html,unused,O capítulo trata de Art. 899. Será suspensa a arrematação logo que o produto da alienação dos bens for suficiente para o pagamento do credor e para a satisfação das despesas da execução. e não aborda diretamente a denunciação da lide.
cpc-lei-13105-capture-2026-09-28,Art. 9,aula-12.html,unused,O capítulo trata de Art. 9º Não se proferirá decisão contra uma das partes sem que ela seja previamente ouvida. e não aborda diretamente a denunciação da lide.
cpc-lei-13105-capture-2026-09-28,Art. 90,aula-12.html,unused,"O capítulo trata de Art. 90. Proferida sentença com fundamento em desistência, em renúncia ou em reconhecimento do pedido, as despesas e os honorários serão pagos pela parte que desistiu, renunciou ou reconheceu. e não aborda diretamente a denunciação da lide."
cpc-lei-13105-capture-2026-09-28,Art. 900,aula-12.html,unused,"O capítulo trata de Art. 900. O leilão prosseguirá no dia útil imediato, à mesma hora em que teve início, independentemente de novo edital, se for ultrapassado o horário de expediente forense. e não aborda diretamente a denunciação da lide."
cpc-lei-13105-capture-2026-09-28,Art. 901,aula-12.html,unused,"O capítulo trata de Art. 901. A arrematação constará de auto que será lavrado de imediato e poderá abranger bens penhorados em mais de uma execução, nele mencionadas as condições nas quais foi alienado o bem. e não aborda diretamente a denunciação da lide."
cpc-lei-13105-capture-2026-09-28,Art. 902,aula-12.html,unused,"O capítulo trata de Art. 902. No caso de leilão de bem hipotecado, o executado poderá remi-lo até a assinatura do auto de arrematação, oferecendo preço igual ao do maior lance oferecido. e não aborda diretamente a denunciação da lide."
cpc-lei-13105-capture-2026-09-28,Art. 903,aula-12.html,unused,"O capítulo trata de Art. 903. Qualquer que seja a modalidade de leilão, assinado o auto pelo juiz, pelo arrematante e pelo leiloeiro, a arrematação será considerada perfeita, acabada e irretratável, ainda que venham a ser julgados procedentes os embargos do executado ou a ação autônoma de que trata o § 4º deste artigo, assegurada a possibilidade de reparação pelos prejuízos sofridos. e não aborda diretamente a denunciação da lide."
cpc-lei-13105-capture-2026-09-28,Art. 904,aula-12.html,unused,O capítulo trata de Art. 904. A satisfação do crédito exequendo far-se-á: e não aborda diretamente a denunciação da lide.
cpc-lei-13105-capture-2026-09-28,Art. 905,aula-12.html,unused,"O capítulo trata de Art. 905. O juiz autorizará que o exequente levante, até a satisfação integral de seu crédito, o dinheiro depositado para segurar o juízo ou o produto dos bens alienados, bem como do faturamento de empresa ou de outros frutos e rendimentos de coisas ou empresas penhoradas, quando: e não aborda diretamente a denunciação da lide."
cpc-lei-13105-capture-2026-09-28,Art. 906,aula-12.html,unused,"O capítulo trata de Art. 906. Ao receber o mandado de levantamento, o exequente dará ao executado, por termo nos autos, quitação da quantia paga. e não aborda diretamente a denunciação da lide."
cpc-lei-13105-capture-2026-09-28,Art. 907,aula-12.html,unused,"O capítulo trata de Art. 907. Pago ao exequente o principal, os juros, as custas e os honorários, a importância que sobrar será restituída ao executado. e não aborda diretamente a denunciação da lide."
cpc-lei-13105-capture-2026-09-28,Art. 908,aula-12.html,unused,"O capítulo trata de Art. 908. Havendo pluralidade de credores ou exequentes, o dinheiro lhes será distribuído e entregue consoante a ordem das respectivas preferências. e não aborda diretamente a denunciação da lide."
cpc-lei-13105-capture-2026-09-28,Art. 909,aula-12.html,unused,"O capítulo trata de Art. 909. Os exequentes formularão as suas pretensões, que versarão unicamente sobre o direito de preferência e a anterioridade da penhora, e, apresentadas as razões, o juiz decidirá. e não aborda diretamente a denunciação da lide."
cpc-lei-13105-capture-2026-09-28,Art. 91,aula-12.html,unused,"O capítulo trata de Art. 91. As despesas dos atos processuais praticados a requerimento da Fazenda Pública, do Ministério Público ou da Defensoria Pública serão pagas ao final pelo vencido. e não aborda diretamente a denunciação da lide."
cpc-lei-13105-capture-2026-09-28,Art. 910,aula-12.html,unused,"O capítulo trata de Art. 910. Na execução fundada em título extrajudicial, a Fazenda Pública será citada para opor embargos em 30 (trinta) dias. e não aborda diretamente a denunciação da lide."
cpc-lei-13105-capture-2026-09-28,Art. 911,aula-12.html,unused,"O capítulo trata de Art. 911. Na execução fundada em título executivo extrajudicial que contenha obrigação alimentar, o juiz mandará citar o executado para, em 3 (três) dias, efetuar o pagamento das parcelas anteriores ao início da execução e das que se vencerem no seu curso, provar que o fez ou justificar a impossibilidade de fazê-lo. e não aborda diretamente a denunciação da lide."
cpc-lei-13105-capture-2026-09-28,Art. 912,aula-12.html,unused,"O capítulo trata de Art. 912. Quando o executado for funcionário público, militar, diretor ou gerente de empresa, bem como empregado sujeito à legislação do trabalho, o exequente poderá requerer o desconto em folha de pagamento de pessoal da importância da prestação alimentícia. e não aborda diretamente a denunciação da lide."
cpc-lei-13105-capture-2026-09-28,Art. 913,aula-12.html,unused,"O capítulo trata de Art. 913. Não requerida a execução nos termos deste Capítulo, observar-se-á o disposto no e não aborda diretamente a denunciação da lide."
cpc-lei-13105-capture-2026-09-28,Art. 914,aula-12.html,unused,"O capítulo trata de Art. 914. O executado, independentemente de penhora, depósito ou caução, poderá se opor à execução por meio de embargos. e não aborda diretamente a denunciação da lide."
cpc-lei-13105-capture-2026-09-28,Art. 915,aula-12.html,unused,"O capítulo trata de Art. 915. Os embargos serão oferecidos no prazo de 15 (quinze) dias, contado, conforme o caso, na forma do e não aborda diretamente a denunciação da lide."
cpc-lei-13105-capture-2026-09-28,Art. 916,aula-12.html,unused,"O capítulo trata de Art. 916. No prazo para embargos, reconhecendo o crédito do exequente e comprovando o depósito de trinta por cento do valor em execução, acrescido de custas e de honorários de advogado, o executado poderá requerer que lhe seja permitido pagar o restante em até 6 (seis) parcelas mensais, acrescidas de correção monetária e de juros de um por cento ao mês. e não aborda diretamente a denunciação da lide."
cpc-lei-13105-capture-2026-09-28,Art. 917,aula-12.html,unused,"O capítulo trata de Art. 917. Nos embargos à execução, o executado poderá alegar: e não aborda diretamente a denunciação da lide."
cpc-lei-13105-capture-2026-09-28,Art. 918,aula-12.html,unused,O capítulo trata de Art. 918. O juiz rejeitará liminarmente os embargos: e não aborda diretamente a denunciação da lide.
cpc-lei-13105-capture-2026-09-28,Art. 919,aula-12.html,unused,O capítulo trata de Art. 919. Os embargos à execução não terão efeito suspensivo. e não aborda diretamente a denunciação da lide.
cpc-lei-13105-capture-2026-09-28,Art. 92,aula-12.html,unused,"O capítulo trata de Art. 92. Quando, a requerimento do réu, o juiz proferir sentença sem resolver o mérito, o autor não poderá propor novamente a ação sem pagar ou depositar em cartório as despesas e os honorários a que foi condenado. e não aborda diretamente a denunciação da lide."
cpc-lei-13105-capture-2026-09-28,Art. 920,aula-12.html,unused,O capítulo trata de Art. 920. Recebidos os embargos: e não aborda diretamente a denunciação da lide.
cpc-lei-13105-capture-2026-09-28,Art. 921,aula-12.html,unused,O capítulo trata de Art. 921. Suspende-se a execução: e não aborda diretamente a denunciação da lide.
cpc-lei-13105-capture-2026-09-28,Art. 922,aula-12.html,unused,"O capítulo trata de Art. 922. Convindo as partes, o juiz declarará suspensa a execução durante o prazo concedido pelo exequente para que o executado cumpra voluntariamente a obrigação. e não aborda diretamente a denunciação da lide."
cpc-lei-13105-capture-2026-09-28,Art. 923,aula-12.html,unused,"O capítulo trata de Art. 923. Suspensa a execução, não serão praticados atos processuais, podendo o juiz, entretanto, salvo no caso de arguição de impedimento ou de suspeição, ordenar providências urgentes. e não aborda diretamente a denunciação da lide."
cpc-lei-13105-capture-2026-09-28,Art. 924,aula-12.html,unused,O capítulo trata de Art. 924. Extingue-se a execução quando: e não aborda diretamente a denunciação da lide.
cpc-lei-13105-capture-2026-09-28,Art. 925,aula-12.html,unused,O capítulo trata de Art. 925. A extinção só produz efeito quando declarada por sentença. e não aborda diretamente a denunciação da lide.
cpc-lei-13105-capture-2026-09-28,Art. 926,aula-12.html,unused,"O capítulo trata de Art. 926. Os tribunais devem uniformizar sua jurisprudência e mantê-la estável, íntegra e coerente. e não aborda diretamente a denunciação da lide."
cpc-lei-13105-capture-2026-09-28,Art. 927,aula-12.html,unused,O capítulo trata de Art. 927. Os juízes e os tribunais observarão: e não aborda diretamente a denunciação da lide.
cpc-lei-13105-capture-2026-09-28,Art. 928,aula-12.html,unused,"O capítulo trata de Art. 928. Para os fins deste Código, considera-se julgamento de casos repetitivos a decisão proferida em: e não aborda diretamente a denunciação da lide."
cpc-lei-13105-capture-2026-09-28,Art. 929,aula-12.html,unused,"O capítulo trata de Art. 929. Os autos serão registrados no protocolo do tribunal no dia de sua entrada, cabendo à secretaria ordená-los, com imediata distribuição. e não aborda diretamente a denunciação da lide."
cpc-lei-13105-capture-2026-09-28,Art. 93,aula-12.html,unused,"O capítulo trata de Art. 93. As despesas de atos adiados ou cuja repetição for necessária ficarão a cargo da parte, do auxiliar da justiça, do órgão do Ministério Público ou da Defensoria Pública ou do juiz que, sem justo motivo, houver dado causa ao adiamento ou à repetição. e não aborda diretamente a denunciação da lide."
cpc-lei-13105-capture-2026-09-28,Art. 930,aula-12.html,unused,"O capítulo trata de Art. 930. Far-se-á a distribuição de acordo com o regimento interno do tribunal, observando-se a alternatividade, o sorteio eletrônico e a publicidade. e não aborda diretamente a denunciação da lide."
cpc-lei-13105-capture-2026-09-28,Art. 931,aula-12.html,unused,"O capítulo trata de Art. 931. Distribuídos, os autos serão imediatamente conclusos ao relator, que, em 30 (trinta) dias, depois de elaborar o voto, restituí-los-á, com relatório, à secretaria. e não aborda diretamente a denunciação da lide."
cpc-lei-13105-capture-2026-09-28,Art. 932,aula-12.html,unused,O capítulo trata de Art. 932. Incumbe ao relator: e não aborda diretamente a denunciação da lide.
cpc-lei-13105-capture-2026-09-28,Art. 933,aula-12.html,unused,"O capítulo trata de Art. 933. Se o relator constatar a ocorrência de fato superveniente à decisão recorrida ou a existência de questão apreciável de ofício ainda não examinada que devam ser considerados no julgamento do recurso, intimará as partes para que se manifestem no prazo de 5 (cinco) dias. e não aborda diretamente a denunciação da lide."
cpc-lei-13105-capture-2026-09-28,Art. 934,aula-12.html,unused,"O capítulo trata de Art. 934. Em seguida, os autos serão apresentados ao presidente, que designará dia para julgamento, ordenando, em todas as hipóteses previstas neste Livro, a publicação da pauta no órgão oficial. e não aborda diretamente a denunciação da lide."
cpc-lei-13105-capture-2026-09-28,Art. 935,aula-12.html,unused,"O capítulo trata de Art. 935. Entre a data de publicação da pauta e a da sessão de julgamento decorrerá, pelo menos, o prazo de 5 (cinco) dias, incluindo-se em nova pauta os processos que não tenham sido julgados, salvo aqueles cujo julgamento tiver sido expressamente adiado para a primeira sessão seguinte. e não aborda diretamente a denunciação da lide."
cpc-lei-13105-capture-2026-09-28,Art. 936,aula-12.html,unused,"O capítulo trata de Art. 936. Ressalvadas as preferências legais e regimentais, os recursos, a remessa necessária e os processos de competência originária serão julgados na seguinte ordem: e não aborda diretamente a denunciação da lide."
cpc-lei-13105-capture-2026-09-28,Art. 938,aula-12.html,unused,"O capítulo trata de Art. 938. A questão preliminar suscitada no julgamento será decidida antes do mérito, deste não se conhecendo caso seja incompatível com a decisão. e não aborda diretamente a denunciação da lide."
cpc-lei-13105-capture-2026-09-28,Art. 939,aula-12.html,unused,"O capítulo trata de Art. 939. Se a preliminar for rejeitada ou se a apreciação do mérito for com ela compatível, seguir-se-ão a discussão e o julgamento da matéria principal, sobre a qual deverão se pronunciar os juízes vencidos na preliminar. e não aborda diretamente a denunciação da lide."
cpc-lei-13105-capture-2026-09-28,Art. 94,aula-12.html,unused,"O capítulo trata de Art. 94. Se o assistido for vencido, o assistente será condenado ao pagamento das custas em proporção à atividade que houver exercido no processo. e não aborda diretamente a denunciação da lide."
cpc-lei-13105-capture-2026-09-28,Art. 940,aula-12.html,unused,"O capítulo trata de Art. 940. O relator ou outro juiz que não se considerar habilitado a proferir imediatamente seu voto poderá solicitar vista pelo prazo máximo de 10 (dez) dias, após o qual o recurso será reincluído em pauta para julgamento na sessão seguinte à data da devolução. e não aborda diretamente a denunciação da lide."
cpc-lei-13105-capture-2026-09-28,Art. 941,aula-12.html,unused,"O capítulo trata de Art. 941. Proferidos os votos, o presidente anunciará o resultado do julgamento, designando para redigir o acórdão o relator ou, se vencido este, o autor do primeiro voto vencedor. e não aborda diretamente a denunciação da lide."
cpc-lei-13105-capture-2026-09-28,Art. 942,aula-12.html,unused,"O capítulo trata de Art. 942. Quando o resultado da apelação for não unânime, o julgamento terá prosseguimento em sessão a ser designada com a presença de outros julgadores, que serão convocados nos termos previamente definidos no regimento interno, em número suficiente para garantir a possibilidade de inversão do resultado inicial, assegurado às partes e a eventuais terceiros o direito de sustentar oralmente suas razões perante os novos julgadores. e não aborda diretamente a denunciação da lide."
cpc-lei-13105-capture-2026-09-28,Art. 943,aula-12.html,unused,"O capítulo trata de Art. 943. Os votos, os acórdãos e os demais atos processuais podem ser registrados em documento eletrônico inviolável e assinados eletronicamente, na forma da lei, devendo ser impressos para juntada aos autos do processo quando este não for eletrônico. e não aborda diretamente a denunciação da lide."
cpc-lei-13105-capture-2026-09-28,Art. 944,aula-12.html,unused,"O capítulo trata de Art. 944. Não publicado o acórdão no prazo de 30 (trinta) dias, contado da data da sessão de julgamento, as notas taquigráficas o substituirão, para todos os fins legais, independentemente de revisão. e não aborda diretamente a denunciação da lide."
cpc-lei-13105-capture-2026-09-28,Art. 945,aula-12.html,unused,"O capítulo trata de Art. 945. A critério do órgão julgador, o julgamento dos recursos e dos processos de competência originária que não admitem sustentação oral poderá realizar-se por meio eletrônico. e não aborda diretamente a denunciação da lide."
cpc-lei-13105-capture-2026-09-28,Art. 946,aula-12.html,unused,O capítulo trata de Art. 946. O agravo de instrumento será julgado antes da apelação interposta no mesmo processo. e não aborda diretamente a denunciação da lide.
cpc-lei-13105-capture-2026-09-28,Art. 947,aula-12.html,unused,"O capítulo trata de Art. 947. É admissível a assunção de competência quando o julgamento de recurso, de remessa necessária ou de processo de competência originária envolver relevante questão de direito, com grande repercussão social, sem repetição em múltiplos processos. e não aborda diretamente a denunciação da lide."
cpc-lei-13105-capture-2026-09-28,Art. 948,aula-12.html,unused,"O capítulo trata de Art. 948. Arguida, em controle difuso, a inconstitucionalidade de lei ou de ato normativo do poder público, o relator, após ouvir o Ministério Público e as partes, submeterá a questão à turma ou à câmara à qual competir o conhecimento do processo. e não aborda diretamente a denunciação da lide."
cpc-lei-13105-capture-2026-09-28,Art. 949,aula-12.html,unused,O capítulo trata de Art. 949. Se a arguição for: e não aborda diretamente a denunciação da lide.
cpc-lei-13105-capture-2026-09-28,Art. 95,aula-12.html,unused,"O capítulo trata de Art. 95. Cada parte adiantará a remuneração do assistente técnico que houver indicado, sendo a do perito adiantada pela parte que houver requerido a perícia ou rateada quando a perícia for determinada de ofício ou requerida por ambas as partes. e não aborda diretamente a denunciação da lide."
cpc-lei-13105-capture-2026-09-28,Art. 950,aula-12.html,unused,"O capítulo trata de Art. 950. Remetida cópia do acórdão a todos os juízes, o presidente do tribunal designará a sessão de julgamento. e não aborda diretamente a denunciação da lide."
cpc-lei-13105-capture-2026-09-28,Art. 951,aula-12.html,unused,"O capítulo trata de Art. 951. O conflito de competência pode ser suscitado por qualquer das partes, pelo Ministério Público ou pelo juiz. e não aborda diretamente a denunciação da lide."
cpc-lei-13105-capture-2026-09-28,Art. 952,aula-12.html,unused,"O capítulo trata de Art. 952. Não pode suscitar conflito a parte que, no processo, arguiu incompetência relativa. e não aborda diretamente a denunciação da lide."
cpc-lei-13105-capture-2026-09-28,Art. 953,aula-12.html,unused,O capítulo trata de Art. 953. O conflito será suscitado ao tribunal: e não aborda diretamente a denunciação da lide.
cpc-lei-13105-capture-2026-09-28,Art. 954,aula-12.html,unused,"O capítulo trata de Art. 954. Após a distribuição, o relator determinará a oitiva dos juízes em conflito ou, se um deles for suscitante, apenas do suscitado. e não aborda diretamente a denunciação da lide."
cpc-lei-13105-capture-2026-09-28,Art. 955,aula-12.html,unused,"O capítulo trata de Art. 955. O relator poderá, de ofício ou a requerimento de qualquer das partes, determinar, quando o conflito for positivo, o sobrestamento do processo e, nesse caso, bem como no de conflito negativo, designará um dos juízes para resolver, em caráter provisório, as medidas urgentes. e não aborda diretamente a denunciação da lide."
cpc-lei-13105-capture-2026-09-28,Art. 956,aula-12.html,unused,"O capítulo trata de Art. 956. Decorrido o prazo designado pelo relator, será ouvido o Ministério Público, no prazo de 5 (cinco) dias, ainda que as informações não tenham sido prestadas, e, em seguida, o conflito irá a julgamento. e não aborda diretamente a denunciação da lide."
cpc-lei-13105-capture-2026-09-28,Art. 957,aula-12.html,unused,"O capítulo trata de Art. 957. Ao decidir o conflito, o tribunal declarará qual o juízo competente, pronunciando-se também sobre a validade dos atos do juízo incompetente. e não aborda diretamente a denunciação da lide."
cpc-lei-13105-capture-2026-09-28,Art. 958,aula-12.html,unused,"O capítulo trata de Art. 958. No conflito que envolva órgãos fracionários dos tribunais, desembargadores e juízes em exercício no tribunal, observar-se-á o que dispuser o regimento interno do tribunal. e não aborda diretamente a denunciação da lide."
cpc-lei-13105-capture-2026-09-28,Art. 959,aula-12.html,unused,O capítulo trata de Art. 959. O regimento interno do tribunal regulará o processo e o julgamento do conflito de atribuições entre autoridade judiciária e autoridade administrativa. e não aborda diretamente a denunciação da lide.
cpc-lei-13105-capture-2026-09-28,Art. 96,aula-12.html,unused,"O capítulo trata de Art. 96. O valor das sanções impostas ao litigante de má-fé reverterá em benefício da parte contrária, e o valor das sanções impostas aos serventuários pertencerá ao Estado ou à União. e não aborda diretamente a denunciação da lide."
cpc-lei-13105-capture-2026-09-28,Art. 960,aula-12.html,unused,"O capítulo trata de Art. 960. A homologação de decisão estrangeira será requerida por ação de homologação de decisão estrangeira, salvo disposição especial em sentido contrário prevista em tratado. e não aborda diretamente a denunciação da lide."
cpc-lei-13105-capture-2026-09-28,Art. 961,aula-12.html,unused,O capítulo trata de Art. 961. A decisão estrangeira somente terá eficácia no Brasil após a homologação de sentença estrangeira ou a concessão do e não aborda diretamente a denunciação da lide.
cpc-lei-13105-capture-2026-09-28,Art. 962,aula-12.html,unused,O capítulo trata de Art. 962. É passível de execução a decisão estrangeira concessiva de medida de urgência. e não aborda diretamente a denunciação da lide.
cpc-lei-13105-capture-2026-09-28,Art. 963,aula-12.html,unused,O capítulo trata de Art. 963. Constituem requisitos indispensáveis à homologação da decisão: e não aborda diretamente a denunciação da lide.
cpc-lei-13105-capture-2026-09-28,Art. 964,aula-12.html,unused,O capítulo trata de Art. 964. Não será homologada a decisão estrangeira na hipótese de competência exclusiva da autoridade judiciária brasileira. e não aborda diretamente a denunciação da lide.
cpc-lei-13105-capture-2026-09-28,Art. 965,aula-12.html,unused,"O capítulo trata de Art. 965. O cumprimento de decisão estrangeira far-se-á perante o juízo federal competente, a requerimento da parte, conforme as normas estabelecidas para o cumprimento de decisão nacional. e não aborda diretamente a denunciação da lide."
cpc-lei-13105-capture-2026-09-28,Art. 966,aula-12.html,unused,"O capítulo trata de Art. 966. A decisão de mérito, transitada em julgado, pode ser rescindida quando: e não aborda diretamente a denunciação da lide."
cpc-lei-13105-capture-2026-09-28,Art. 967,aula-12.html,unused,O capítulo trata de Art. 967. Têm legitimidade para propor a ação rescisória: e não aborda diretamente a denunciação da lide.
cpc-lei-13105-capture-2026-09-28,Art. 968,aula-12.html,unused,O capítulo trata de Art. 968. A petição inicial será elaborada com observância dos requisitos essenciais do e não aborda diretamente a denunciação da lide.
cpc-lei-13105-capture-2026-09-28,Art. 969,aula-12.html,unused,"O capítulo trata de Art. 969. A propositura da ação rescisória não impede o cumprimento da decisão rescindenda, ressalvada a concessão de tutela provisória. e não aborda diretamente a denunciação da lide."
cpc-lei-13105-capture-2026-09-28,Art. 97,aula-12.html,unused,"O capítulo trata de Art. 97. A União e os Estados podem criar fundos de modernização do Poder Judiciário, aos quais serão revertidos os valores das sanções pecuniárias processuais destinadas à União e aos Estados, e outras verbas previstas em lei. e não aborda diretamente a denunciação da lide."
cpc-lei-13105-capture-2026-09-28,Art. 970,aula-12.html,unused,"O capítulo trata de Art. 970. O relator ordenará a citação do réu, designando-lhe prazo nunca inferior a 15 (quinze) dias nem superior a 30 (trinta) dias para, querendo, apresentar resposta, ao fim do qual, com ou sem contestação, observar-se-á, no que couber, o procedimento comum. e não aborda diretamente a denunciação da lide."
cpc-lei-13105-capture-2026-09-28,Art. 971,aula-12.html,unused,"O capítulo trata de Art. 971. Na ação rescisória, devolvidos os autos pelo relator, a secretaria do tribunal expedirá cópias do relatório e as distribuirá entre os juízes que compuserem o órgão competente para o julgamento. e não aborda diretamente a denunciação da lide."
cpc-lei-13105-capture-2026-09-28,Art. 972,aula-12.html,unused,"O capítulo trata de Art. 972. Se os fatos alegados pelas partes dependerem de prova, o relator poderá delegar a competência ao órgão que proferiu a decisão rescindenda, fixando prazo de 1 (um) a 3 (três) meses para a devolução dos autos. e não aborda diretamente a denunciação da lide."
cpc-lei-13105-capture-2026-09-28,Art. 973,aula-12.html,unused,"O capítulo trata de Art. 973. Concluída a instrução, será aberta vista ao autor e ao réu para razões finais, sucessivamente, pelo prazo de 10 (dez) dias. e não aborda diretamente a denunciação da lide."
cpc-lei-13105-capture-2026-09-28,Art. 974,aula-12.html,unused,"O capítulo trata de Art. 974. Julgando procedente o pedido, o tribunal rescindirá a decisão, proferirá, se for o caso, novo julgamento e determinará a restituição do depósito a que se refere o e não aborda diretamente a denunciação da lide."
cpc-lei-13105-capture-2026-09-28,Art. 975,aula-12.html,unused,O capítulo trata de Art. 975. O direito à rescisão se extingue em 2 (dois) anos contados do trânsito em julgado da última decisão proferida no processo. e não aborda diretamente a denunciação da lide.
cpc-lei-13105-capture-2026-09-28,Art. 976,aula-12.html,unused,"O capítulo trata de Art. 976. É cabível a instauração do incidente de resolução de demandas repetitivas quando houver, simultaneamente: e não aborda diretamente a denunciação da lide."
cpc-lei-13105-capture-2026-09-28,Art. 977,aula-12.html,unused,O capítulo trata de Art. 977. O pedido de instauração do incidente será dirigido ao presidente de tribunal: e não aborda diretamente a denunciação da lide.
cpc-lei-13105-capture-2026-09-28,Art. 978,aula-12.html,unused,O capítulo trata de Art. 978. O julgamento do incidente caberá ao órgão indicado pelo regimento interno dentre aqueles responsáveis pela uniformização de jurisprudência do tribunal. e não aborda diretamente a denunciação da lide.
cpc-lei-13105-capture-2026-09-28,Art. 979,aula-12.html,unused,"O capítulo trata de Art. 979. A instauração e o julgamento do incidente serão sucedidos da mais ampla e específica divulgação e publicidade, por meio de registro eletrônico no Conselho Nacional de Justiça. e não aborda diretamente a denunciação da lide."
cpc-lei-13105-capture-2026-09-28,Art. 98,aula-12.html,unused,"O capítulo trata de Art. 98. A pessoa natural ou jurídica, brasileira ou estrangeira, com insuficiência de recursos para pagar as custas, as despesas processuais e os honorários advocatícios tem direito à gratuidade da justiça, na forma da lei. e não aborda diretamente a denunciação da lide."
cpc-lei-13105-capture-2026-09-28,Art. 980,aula-12.html,unused,"O capítulo trata de Art. 980. O incidente será julgado no prazo de 1 (um) ano e terá preferência sobre os demais feitos, ressalvados os que envolvam réu preso e os pedidos de e não aborda diretamente a denunciação da lide."
cpc-lei-13105-capture-2026-09-28,Art. 981,aula-12.html,unused,"O capítulo trata de Art. 981. Após a distribuição, o órgão colegiado competente para julgar o incidente procederá ao seu juízo de admissibilidade, considerando a presença dos pressupostos do e não aborda diretamente a denunciação da lide."
cpc-lei-13105-capture-2026-09-28,Art. 982,aula-12.html,unused,"O capítulo trata de Art. 982. Admitido o incidente, o relator: e não aborda diretamente a denunciação da lide."
cpc-lei-13105-capture-2026-09-28,Art. 983,aula-12.html,unused,"O capítulo trata de Art. 983. O relator ouvirá as partes e os demais interessados, inclusive pessoas, órgãos e entidades com interesse na controvérsia, que, no prazo comum de 15 (quinze) dias, poderão requerer a juntada de documentos, bem como as diligências necessárias para a elucidação da questão de direito controvertida, e, em seguida, manifestar-se-á o Ministério Público, no mesmo prazo. e não aborda diretamente a denunciação da lide."
cpc-lei-13105-capture-2026-09-28,Art. 984,aula-12.html,unused,"O capítulo trata de Art. 984. No julgamento do incidente, observar-se-á a seguinte ordem: e não aborda diretamente a denunciação da lide."
cpc-lei-13105-capture-2026-09-28,Art. 985,aula-12.html,unused,"O capítulo trata de Art. 985. Julgado o incidente, a tese jurídica será aplicada: e não aborda diretamente a denunciação da lide."
cpc-lei-13105-capture-2026-09-28,Art. 986,aula-12.html,unused,"O capítulo trata de Art. 986. A revisão da tese jurídica firmada no incidente far-se-á pelo mesmo tribunal, de ofício ou mediante requerimento dos legitimados mencionados no e não aborda diretamente a denunciação da lide."
cpc-lei-13105-capture-2026-09-28,Art. 987,aula-12.html,unused,"O capítulo trata de Art. 987. Do julgamento do mérito do incidente caberá recurso extraordinário ou especial, conforme o caso. e não aborda diretamente a denunciação da lide."
cpc-lei-13105-capture-2026-09-28,Art. 988,aula-12.html,unused,O capítulo trata de Art. 988. Caberá reclamação da parte interessada ou do Ministério Público para: e não aborda diretamente a denunciação da lide.
cpc-lei-13105-capture-2026-09-28,Art. 989,aula-12.html,unused,"O capítulo trata de Art. 989. Ao despachar a reclamação, o relator: e não aborda diretamente a denunciação da lide."
cpc-lei-13105-capture-2026-09-28,Art. 99,aula-12.html,unused,"O capítulo trata de Art. 99. O pedido de gratuidade da justiça pode ser formulado na petição inicial, na contestação, na petição para ingresso de terceiro no processo ou em recurso. e não aborda diretamente a denunciação da lide."
cpc-lei-13105-capture-2026-09-28,Art. 990,aula-12.html,unused,O capítulo trata de Art. 990. Qualquer interessado poderá impugnar o pedido do reclamante. e não aborda diretamente a denunciação da lide.
cpc-lei-13105-capture-2026-09-28,Art. 991,aula-12.html,unused,"O capítulo trata de Art. 991. Na reclamação que não houver formulado, o Ministério Público terá vista do processo por 5 (cinco) dias, após o decurso do prazo para informações e para o oferecimento da contestação pelo beneficiário do ato impugnado. e não aborda diretamente a denunciação da lide."
cpc-lei-13105-capture-2026-09-28,Art. 992,aula-12.html,unused,"O capítulo trata de Art. 992. Julgando procedente a reclamação, o tribunal cassará a decisão exorbitante de seu julgado ou determinará medida adequada à solução da controvérsia. e não aborda diretamente a denunciação da lide."
cpc-lei-13105-capture-2026-09-28,Art. 993,aula-12.html,unused,"O capítulo trata de Art. 993. O presidente do tribunal determinará o imediato cumprimento da decisão, lavrando-se o acórdão posteriormente. e não aborda diretamente a denunciação da lide."
cpc-lei-13105-capture-2026-09-28,Art. 994,aula-12.html,unused,O capítulo trata de Art. 994. São cabíveis os seguintes recursos: e não aborda diretamente a denunciação da lide.
cpc-lei-13105-capture-2026-09-28,Art. 995,aula-12.html,unused,"O capítulo trata de Art. 995. Os recursos não impedem a eficácia da decisão, salvo disposição legal ou decisão judicial em sentido diverso. e não aborda diretamente a denunciação da lide."
cpc-lei-13105-capture-2026-09-28,Art. 996,aula-12.html,unused,"O capítulo trata de Art. 996. O recurso pode ser interposto pela parte vencida, pelo terceiro prejudicado e pelo Ministério Público, como parte ou como fiscal da ordem jurídica. e não aborda diretamente a denunciação da lide."
cpc-lei-13105-capture-2026-09-28,Art. 997,aula-12.html,unused,"O capítulo trata de Art. 997. Cada parte interporá o recurso independentemente, no prazo e com observância das exigências legais. e não aborda diretamente a denunciação da lide."
cpc-lei-13105-capture-2026-09-28,Art. 998,aula-12.html,unused,"O capítulo trata de Art. 998. O recorrente poderá, a qualquer tempo, sem a anuência do recorrido ou dos litisconsortes, desistir do recurso. e não aborda diretamente a denunciação da lide."
cpc-lei-13105-capture-2026-09-28,Art. 999,aula-12.html,unused,O capítulo trata de Art. 999. A renúncia ao direito de recorrer independe da aceitação da outra parte. e não aborda diretamente a denunciação da lide.
cronograma-processo-civil-2026-2,cronograma-completo,aula-12.html,unused,O capítulo trata de Cronograma do Semestre - P1 - 2026-2 (official schedule) e não aborda diretamente a denunciação da lide.
didier-curso-vol1-2017,00-front-matter,aula-12.html,unused,O capítulo trata de Front matter and sumário e não aborda diretamente a denunciação da lide.
didier-curso-vol1-2017,24-bibliography-01,aula-12.html,unused,"O capítulo trata de Bibliografia, parte 1 e não aborda diretamente a denunciação da lide."
didier-curso-vol1-2017,24-bibliography-02,aula-12.html,unused,"O capítulo trata de Bibliografia, parte 2 e não aborda diretamente a denunciação da lide."
didier-curso-vol1-2017,ch01-s01,aula-12.html,unused,"O capítulo trata de Introdução ao Direito Processual Civil — 1. Tar.to mais consistente um pem:amento, tanto maior o número de conexõ2s feitas entre abordagens e não aborda diretamente a denunciação da lide."
didier-curso-vol1-2017,ch01-s02,aula-12.html,unused,"O capítulo trata de Introdução ao Direito Processual Civil — 12. Desde Bülow {BÜLOW, Oskar. Lo teoria de los excepciones procesoles y los presupuestos procesales. Miguel e não aborda diretamente a denunciação da lide."
didier-curso-vol1-2017,ch02-s01,aula-12.html,unused,"O capítulo trata de Normas fundamentais do Processo Civil — 1. A ideia foi encampada pelo Fórum Permanente de Processualistas Civis, no enunciado n. 370: ""Norma e não aborda diretamente a denunciação da lide."
didier-curso-vol1-2017,ch02-s02,aula-12.html,unused,"O capítulo trata de Normas fundamentais do Processo Civil — 25. BONAVIDES, Paulo. Curso de Direito Constitucional. 12a ed. rev. amp. São Paulo: Matheiros Ed., 2002, e não aborda diretamente a denunciação da lide."
didier-curso-vol1-2017,ch02-s03,aula-12.html,unused,"O capítulo trata de Normas fundamentais do Processo Civil — 25. BONAVIDES, Paulo. Curso de Direito Constitucional. 12a ed. rev. amp. São Paulo: Matheiros Ed., 2002, e não aborda diretamente a denunciação da lide."
didier-curso-vol1-2017,ch03-s01,aula-12.html,unused,O capítulo trata de Jurisdição — Opening e não aborda diretamente a denunciação da lide.
didier-curso-vol1-2017,ch03-s02,aula-12.html,unused,"O capítulo trata de Jurisdição — 29. ALMEIDA, Diogo Assumpção Rezende. ""O princípio da adequação e os métodos de solução de con- e não aborda diretamente a denunciação da lide."
didier-curso-vol1-2017,ch04-s01,aula-12.html,unused,O capítulo trata de Competência — Opening e não aborda diretamente a denunciação da lide.
didier-curso-vol1-2017,ch04-s02,aula-12.html,unused,O capítulo trata de Competência — 9. Há precedente do STJ nesse sentido: NCOMPETtNCIA. Imóvel. Reivindicatória. Desmembramento da e não aborda diretamente a denunciação da lide.
didier-curso-vol1-2017,ch04-s03,aula-12.html,unused,O capítulo trata de Competência — 1. perante os órgãos Judiciários da União (Tribunais Superiores) e e não aborda diretamente a denunciação da lide.
didier-curso-vol1-2017,ch05,aula-12.html,unused,O capítulo trata de Mediação e conciliação e não aborda diretamente a denunciação da lide.
didier-curso-vol1-2017,ch06,aula-12.html,unused,O capítulo trata de Teoria da ação: da ação e do direito de ação e não aborda diretamente a denunciação da lide.
didier-curso-vol1-2017,ch07-s01,aula-12.html,unused,O capítulo trata de Pressupostos processuais — Opening e não aborda diretamente a denunciação da lide.
didier-curso-vol1-2017,ch07-s02,aula-12.html,unused,"O capítulo trata de Pressupostos processuais — 23. Nesse sentido, enunciado n. 383 do Fórum Permanente de Processualistas Civis: uAs autarquias e e não aborda diretamente a denunciação da lide."
didier-curso-vol1-2017,ch08,aula-12.html,unused,O capítulo trata de Teoria dos fatos jurídicos processuais e não aborda diretamente a denunciação da lide.
didier-curso-vol1-2017,ch09,aula-12.html,unused,O capítulo trata de Invalidades processuais e não aborda diretamente a denunciação da lide.
didier-curso-vol1-2017,ch10,aula-12.html,unused,O capítulo trata de Preclusão e não aborda diretamente a denunciação da lide.
didier-curso-vol1-2017,ch11,aula-12.html,unused,O capítulo trata de Teoria da cognição judicial e não aborda diretamente a denunciação da lide.
didier-curso-vol1-2017,ch12,aula-12.html,unused,O capítulo trata de Litisconsórcio e não aborda diretamente a denunciação da lide.
didier-curso-vol1-2017,ch13-s01,aula-12.html,unused,O capítulo trata de Intervenção de terceiro — Opening e não aborda diretamente a denunciação da lide.
didier-curso-vol1-2017,ch13-s02,aula-12.html,primary,"Capítulo dedicado à intervenção de terceiros, com análise específica da denunciação da lide e de seu procedimento."
didier-curso-vol1-2017,ch13-s03,aula-12.html,unused,"O capítulo trata de Intervenção de terceiro — 30. ""Na verdade, o pedido deduzido na ação principal é questão preliminar em relação à demanda objeto e não aborda diretamente a denunciação da lide."
didier-curso-vol1-2017,ch14,aula-12.html,unused,O capítulo trata de Alienação da coisa ou do direito litigioso e não aborda diretamente a denunciação da lide.
didier-curso-vol1-2017,ch15-s01,aula-12.html,unused,O capítulo trata de Formação do processo e petição inicial — Opening e não aborda diretamente a denunciação da lide.
didier-curso-vol1-2017,ch15-s02,aula-12.html,unused,"O capítulo trata de Formação do processo e petição inicial — 13. Assim, enunciado n. 281 do Fórum Permanente de Processualistas Civis: ""A indicação do dispositivo e não aborda diretamente a denunciação da lide."
didier-curso-vol1-2017,ch16,aula-12.html,unused,O capítulo trata de Improcedência liminar do pedido e não aborda diretamente a denunciação da lide.
didier-curso-vol1-2017,ch17,aula-12.html,unused,O capítulo trata de Citação e não aborda diretamente a denunciação da lide.
didier-curso-vol1-2017,ch18,aula-12.html,unused,O capítulo trata de Audiência preliminar de conciliação ou mediação e não aborda diretamente a denunciação da lide.
didier-curso-vol1-2017,ch19-s01,aula-12.html,unused,"O capítulo trata de Teoria da exceção, resposta do réu e revelia — Opening e não aborda diretamente a denunciação da lide."
didier-curso-vol1-2017,ch19-s02,aula-12.html,unused,"O capítulo trata de Teoria da exceção, resposta do réu e revelia — 17. t tomo diz Eduardo Couture: ""Se o juiz fôsse <onstrangido a tondenar a um novo pagamento de uma e não aborda diretamente a denunciação da lide."
didier-curso-vol1-2017,ch20,aula-12.html,unused,O capítulo trata de Arguição de impedimento ou suspeição e não aborda diretamente a denunciação da lide.
didier-curso-vol1-2017,ch21,aula-12.html,unused,O capítulo trata de Providências preliminares e julgamento conforme o estado do processo e não aborda diretamente a denunciação da lide.
didier-curso-vol1-2017,ch22,aula-12.html,unused,O capítulo trata de Extinção do processo e não aborda diretamente a denunciação da lide.
didier-curso-vol1-2017,ch23,aula-12.html,unused,O capítulo trata de Suspensão do processo e não aborda diretamente a denunciação da lide.
didier-resposta-reu-revelia,assigned-reading,aula-12.html,unused,"O capítulo trata de Didier Jr., Resposta do réu e revelia, pp. 637–670 e não aborda diretamente a denunciação da lide."
eid-litisconsorcio-unitario,assigned-reading,aula-12.html,unused,"O capítulo trata de EID, Litisconsórcio unitário, pp. 25–69 e não aborda diretamente a denunciação da lide."
exam-2015-1-avaliacao-1,exam-2015-1-avaliacao-1,aula-12.html,unused,"O capítulo trata de 2015/1 Avaliação 1 (29/04), Scarparo e não aborda diretamente a denunciação da lide."
exam-2015-1-avaliacao-2,exam-2015-1-avaliacao-2,aula-12.html,unused,"O capítulo trata de 2015/1 Avaliação 2 (24/06), Scarparo; only P2 exam in this set e não aborda diretamente a denunciação da lide."
exam-2017-2-p1,exam-2017-2-p1,aula-12.html,unused,"O capítulo trata de 2017/2 P1 (31/10), Scarparo, with gabarito e não aborda diretamente a denunciação da lide."
exam-2018-1-p1,document,aula-12.html,unused,"O capítulo trata de 2018/1 P1 (30/04), Scarparo, with gabarito e não aborda diretamente a denunciação da lide."
exam-2018-2-p1-v1,document,aula-12.html,unused,"O capítulo trata de 2018/2 P1 v1 (02/10), Scarparo, with gabarito e não aborda diretamente a denunciação da lide."
exam-2018-2-p1-v2,document,aula-12.html,unused,"O capítulo trata de 2018/2 P1 v2 (02/10), Scarparo, with gabarito e não aborda diretamente a denunciação da lide."
exam-2019-2-p1,document,aula-12.html,unused,"O capítulo trata de 2019/2 P1 (03/09), Scarparo e não aborda diretamente a denunciação da lide."
exam-2025-2-p1-candidate,document,aula-12.html,unused,O capítulo trata de 2025/2 P1 candidate (filename: mily) e não aborda diretamente a denunciação da lide.
exam-questions-extract-2026-09-28,exam-questions-extract-2026-09-28,aula-12.html,unused,O capítulo trata de 28/09 intake questions.csv (28 extracted questions; starting point only) e não aborda diretamente a denunciação da lide.
knijnik-prova-caps1-2,assigned-reading,aula-12.html,unused,"O capítulo trata de Knijnik, A prova nos juízos cível, penal e tributário, caps. I–II, pp. 3–48 e não aborda diretamente a denunciação da lide."
koplin-audiencias,artigo-audiencias,aula-12.html,unused,"O capítulo trata de Klaus Cohen Koplin, Um panorama geral sobre as audiências no novo Código de Processo Civil brasileiro e não aborda diretamente a denunciação da lide."
lucon-cpc-355-357,assigned-reading,aula-12.html,unused,"O capítulo trata de Lucon, Comentários aos arts. 355–357 do CPC/2015, pp. 586–596 e não aborda diretamente a denunciação da lide."
marinoni-novo-curso-vol1-2017,front-matter,aula-12.html,unused,"O capítulo trata de Front matter (title page, authors and presentation) e não aborda diretamente a denunciação da lide."
marinoni-novo-curso-vol1-2017,introducao,aula-12.html,unused,O capítulo trata de Introdução — teoria do processo civil e não aborda diretamente a denunciação da lide.
marinoni-novo-curso-vol1-2017,parte-i-cap-01,aula-12.html,unused,"O capítulo trata de Parte I, capítulo 1 — A Influência Dos Valores Do Estado Liberal De Direito E Do Positivismo Jurídico Sobre Os Conceitos Clássicos De Jurisdição e não aborda diretamente a denunciação da lide."
marinoni-novo-curso-vol1-2017,parte-i-cap-02,aula-12.html,unused,"O capítulo trata de Parte I, capítulo 2 — Do Mito Do Cognitivismo Interpretativo E Do Logicismo Na Aplicação Do Direito No Positivismo Clássico À Dupla Indeterminação Do Direito No Estado Constitucional e não aborda diretamente a denunciação da lide."
marinoni-novo-curso-vol1-2017,parte-i-cap-03,aula-12.html,unused,"O capítulo trata de Parte I, capítulo 3 — A Transformação Do Princípio Da Legalidade: Da Legalidade Formal Pelas Regras À Legalidade Substancial Pelas Normas e não aborda diretamente a denunciação da lide."
marinoni-novo-curso-vol1-2017,parte-i-cap-04,aula-12.html,unused,"O capítulo trata de Parte I, capítulo 4 — O Controle Da Constitucionalidade Pelo Juiz Singular No Direito Brasileiro e não aborda diretamente a denunciação da lide."
marinoni-novo-curso-vol1-2017,parte-i-cap-05,aula-12.html,unused,"O capítulo trata de Parte I, capítulo 5 — A Teoria Dos Direitos Fundamentais e não aborda diretamente a denunciação da lide."
marinoni-novo-curso-vol1-2017,parte-i-cap-06,aula-12.html,unused,"O capítulo trata de Parte I, capítulo 6 — A Jurisdição No Estado Constitucional e não aborda diretamente a denunciação da lide."
marinoni-novo-curso-vol1-2017,parte-i-cap-07,aula-12.html,unused,"O capítulo trata de Parte I, capítulo 7 — A Jurisdição E A Justiça Civil e não aborda diretamente a denunciação da lide."
marinoni-novo-curso-vol1-2017,parte-i-cap-08,aula-12.html,unused,"O capítulo trata de Parte I, capítulo 8 — A Jurisdição No Quadro Das Formas De Resolução De Litígios e não aborda diretamente a denunciação da lide."
marinoni-novo-curso-vol1-2017,parte-i-cap-09,aula-12.html,unused,"O capítulo trata de Parte I, capítulo 9 — O Direito À Jurisdição E Ao Juiz Natural Na Constituição E No Novo Código De Processo Civil e não aborda diretamente a denunciação da lide."
marinoni-novo-curso-vol1-2017,parte-ii-cap-01,aula-12.html,unused,"O capítulo trata de Parte II, capítulo 1 — As Teorias Da Ação E A Posição Do Novo Cpc. Primeiros Apontamentos Para Uma Concepção Adequada Ao Estado Constitucional E À Realidade Normativa Brasileira e não aborda diretamente a denunciação da lide."
marinoni-novo-curso-vol1-2017,parte-ii-cap-02,aula-12.html,unused,"O capítulo trata de Parte II, capítulo 2 — A Influência Dos Valores Do Estado Social Sobre O Direito De Ação e não aborda diretamente a denunciação da lide."
marinoni-novo-curso-vol1-2017,parte-ii-cap-03,aula-12.html,unused,"O capítulo trata de Parte II, capítulo 3 — O Direito De Ação No Quadro Dos Direitos Fundamentais e não aborda diretamente a denunciação da lide."
marinoni-novo-curso-vol1-2017,parte-ii-cap-04,aula-12.html,unused,"O capítulo trata de Parte II, capítulo 4 — O Conteúdo Do Direito De Ação A Partir Da Constituição E Do Novo Código De Processo Civil e não aborda diretamente a denunciação da lide."
marinoni-novo-curso-vol1-2017,parte-ii-cap-05,aula-12.html,unused,"O capítulo trata de Parte II, capítulo 5 — Da Ação Abstrata E Uniforme (Ação Única) À Ação Adequada À Tutela Do Direito Material E Ao Caso Concreto e não aborda diretamente a denunciação da lide."
marinoni-novo-curso-vol1-2017,parte-iii-cap-01,aula-12.html,unused,"O capítulo trata de Parte II, capítulo 1 — Conceito De Direito De Defesa e não aborda diretamente a denunciação da lide."
marinoni-novo-curso-vol1-2017,parte-iii-cap-02,aula-12.html,unused,"O capítulo trata de Parte II, capítulo 2 — Direito De Defesa E Acesso À Justiça e não aborda diretamente a denunciação da lide."
marinoni-novo-curso-vol1-2017,parte-iii-cap-03,aula-12.html,unused,"O capítulo trata de Parte II, capítulo 3 — O Direito De Defesa Na Constituição. O Significado Do Direito À Ampla Defesa e não aborda diretamente a denunciação da lide."
marinoni-novo-curso-vol1-2017,parte-iii-cap-04,aula-12.html,unused,"O capítulo trata de Parte II, capítulo 4 — O Direito De Defesa No Novo Código De Processo Civil e não aborda diretamente a denunciação da lide."
marinoni-novo-curso-vol1-2017,parte-iii-cap-05,aula-12.html,unused,"O capítulo trata de Parte II, capítulo 5 — O Direito Fundamental De Defesa Diante Do Direito Fundamental De Ação e não aborda diretamente a denunciação da lide."
marinoni-novo-curso-vol1-2017,parte-iii-cap-06,aula-12.html,unused,"O capítulo trata de Parte II, capítulo 6 — Problematização Do Direito Fundamental De Defesa e não aborda diretamente a denunciação da lide."
marinoni-novo-curso-vol1-2017,parte-iv-cap-01,aula-12.html,unused,"O capítulo trata de Parte IV, capítulo 1 — Processo E Procedimento Na Doutrina Clássica e não aborda diretamente a denunciação da lide."
marinoni-novo-curso-vol1-2017,parte-iv-cap-02,aula-12.html,unused,"O capítulo trata de Parte IV, capítulo 2 — Bases Para Um Novo Conceito De Processo e não aborda diretamente a denunciação da lide."
marinoni-novo-curso-vol1-2017,parte-iv-cap-03,aula-12.html,unused,"O capítulo trata de Parte IV, capítulo 3 — O Processo Na Perspectiva Dos Direitos Fundamentais. O Direito Fundamental Ao Processo Justo E Sua Densificação Constitucional e não aborda diretamente a denunciação da lide."
marinoni-novo-curso-vol1-2017,parte-iv-cap-04,aula-12.html,unused,"O capítulo trata de Parte IV, capítulo 4 — O Processo, Os Pressupostos Processuais E O Mérito Da Causa e não aborda diretamente a denunciação da lide."
marinoni-novo-curso-vol1-2017,parte-iv-cap-05,aula-12.html,unused,"O capítulo trata de Parte IV, capítulo 5 — Processo De Conhecimento E Processo De Execução No Novo Código De Processo Civil e não aborda diretamente a denunciação da lide."
marinoni-novo-curso-vol1-2017,referencias-bibliograficas,aula-12.html,unused,O capítulo trata de Referências bibliográficas e não aborda diretamente a denunciação da lide.
marinoni-novo-curso-vol2,01,aula-12.html,unused,O capítulo trata de Técnica processual e tutela dos direitos e não aborda diretamente a denunciação da lide.
marinoni-novo-curso-vol2,02,aula-12.html,unused,O capítulo trata de Jurisdição e competência e não aborda diretamente a denunciação da lide.
marinoni-novo-curso-vol2,03a,aula-12.html,unused,O capítulo trata de Participação no processo: itens 3.1–3.3 e não aborda diretamente a denunciação da lide.
marinoni-novo-curso-vol2,03b,aula-12.html,unused,O capítulo trata de Participação no processo: item 3.4 e caso e não aborda diretamente a denunciação da lide.
marinoni-novo-curso-vol2,04,aula-12.html,unused,O capítulo trata de Atos processuais e não aborda diretamente a denunciação da lide.
marinoni-novo-curso-vol2,05,aula-12.html,unused,"O capítulo trata de Formação, suspensão e extinção do processo e não aborda diretamente a denunciação da lide."
marinoni-novo-curso-vol2,06,aula-12.html,unused,O capítulo trata de Procedimento comum e não aborda diretamente a denunciação da lide.
marinoni-novo-curso-vol2,07,aula-12.html,unused,O capítulo trata de Petição inicial e não aborda diretamente a denunciação da lide.
marinoni-novo-curso-vol2,08,aula-12.html,unused,O capítulo trata de Audiência de conciliação ou de mediação e não aborda diretamente a denunciação da lide.
marinoni-novo-curso-vol2,09,aula-12.html,unused,O capítulo trata de Atitudes do réu e não aborda diretamente a denunciação da lide.
marinoni-novo-curso-vol2,10,aula-12.html,unused,O capítulo trata de Antecipação da tutela e não aborda diretamente a denunciação da lide.
marinoni-novo-curso-vol2,11,aula-12.html,unused,O capítulo trata de Julgamento conforme o estado do processo e não aborda diretamente a denunciação da lide.
marinoni-novo-curso-vol2,12,aula-12.html,unused,O capítulo trata de Organização do processo e não aborda diretamente a denunciação da lide.
marinoni-novo-curso-vol2,13,aula-12.html,unused,O capítulo trata de Audiência de instrução e julgamento e não aborda diretamente a denunciação da lide.
marinoni-novo-curso-vol2,14.01,aula-12.html,unused,O capítulo trata de Prova e não aborda diretamente a denunciação da lide.
marinoni-novo-curso-vol2,14.02,aula-12.html,unused,O capítulo trata de Prova e não aborda diretamente a denunciação da lide.
marinoni-novo-curso-vol2,14.03,aula-12.html,unused,O capítulo trata de Prova e não aborda diretamente a denunciação da lide.
marinoni-novo-curso-vol2,14.04,aula-12.html,unused,O capítulo trata de Prova e não aborda diretamente a denunciação da lide.
marinoni-novo-curso-vol2,14.05,aula-12.html,unused,O capítulo trata de Prova e não aborda diretamente a denunciação da lide.
marinoni-novo-curso-vol2,14.06,aula-12.html,unused,O capítulo trata de Prova e não aborda diretamente a denunciação da lide.
marinoni-novo-curso-vol2,14.07,aula-12.html,unused,O capítulo trata de Prova e não aborda diretamente a denunciação da lide.
marinoni-novo-curso-vol2,15.01,aula-12.html,unused,O capítulo trata de Sentença e não aborda diretamente a denunciação da lide.
marinoni-novo-curso-vol2,15.02,aula-12.html,unused,O capítulo trata de Sentença e não aborda diretamente a denunciação da lide.
marinoni-novo-curso-vol2,15.03,aula-12.html,unused,O capítulo trata de Sentença e não aborda diretamente a denunciação da lide.
marinoni-novo-curso-vol2,15.04,aula-12.html,unused,O capítulo trata de Sentença e não aborda diretamente a denunciação da lide.
marinoni-novo-curso-vol2,16.01,aula-12.html,unused,O capítulo trata de Recursos e não aborda diretamente a denunciação da lide.
marinoni-novo-curso-vol2,16.02,aula-12.html,unused,O capítulo trata de Recursos e não aborda diretamente a denunciação da lide.
marinoni-novo-curso-vol2,16.03,aula-12.html,unused,O capítulo trata de Recursos e não aborda diretamente a denunciação da lide.
marinoni-novo-curso-vol2,17.01,aula-12.html,unused,O capítulo trata de Processo nos tribunais e não aborda diretamente a denunciação da lide.
marinoni-novo-curso-vol2,17.02,aula-12.html,unused,O capítulo trata de Processo nos tribunais e não aborda diretamente a denunciação da lide.
marinoni-novo-curso-vol2,18,aula-12.html,unused,O capítulo trata de Precedentes e não aborda diretamente a denunciação da lide.
marinoni-novo-curso-vol2,19.01,aula-12.html,unused,O capítulo trata de Coisa julgada e não aborda diretamente a denunciação da lide.
marinoni-novo-curso-vol2,19.02,aula-12.html,unused,O capítulo trata de Coisa julgada e não aborda diretamente a denunciação da lide.
marinoni-novo-curso-vol2,21,aula-12.html,unused,O capítulo trata de Teoria da efetivação das decisões judiciais mediante cumprimento de sentença (abertura e item 1.1) e não aborda diretamente a denunciação da lide.
marinoni-novo-curso-vol2,23,aula-12.html,unused,O capítulo trata de 1.2 Panorama histórico da efetivação de sentenças e não aborda diretamente a denunciação da lide.
marinoni-novo-curso-vol2,24,aula-12.html,unused,O capítulo trata de 1.3 Técnica executiva e tutela dos direitos e não aborda diretamente a denunciação da lide.
marinoni-novo-curso-vol2,25,aula-12.html,unused,O capítulo trata de 1.4 Princípios fundamentais da execução e não aborda diretamente a denunciação da lide.
marinoni-novo-curso-vol2,26,aula-12.html,unused,O capítulo trata de 1.5 As formas de execução e não aborda diretamente a denunciação da lide.
marinoni-novo-curso-vol2,27,aula-12.html,unused,"O capítulo trata de 1.6 O art. 515, I, do CPC e as sentenças que dependem de execução e não aborda diretamente a denunciação da lide."
marinoni-novo-curso-vol2,28,aula-12.html,unused,O capítulo trata de 1.7 Os títulos executivos judiciais e não aborda diretamente a denunciação da lide.
marinoni-novo-curso-vol2,29,aula-12.html,unused,O capítulo trata de 1.8 Liquidação da obrigação e não aborda diretamente a denunciação da lide.
marinoni-novo-curso-vol2,30,aula-12.html,unused,O capítulo trata de 1.9 Questões gerais do procedimento de cumprimento de sentença e não aborda diretamente a denunciação da lide.
marinoni-novo-curso-vol2,32,aula-12.html,unused,O capítulo trata de A sentença que reconhece a obrigação de entregar coisa e não aborda diretamente a denunciação da lide.
marinoni-novo-curso-vol2,34,aula-12.html,unused,O capítulo trata de Suspensão e conclusão do cumprimento de sentença e não aborda diretamente a denunciação da lide.
marinoni-novo-curso-vol2,35,aula-12.html,unused,O capítulo trata de A execução da decisão provisória e não aborda diretamente a denunciação da lide.
marinoni-novo-curso-vol2,37,aula-12.html,unused,O capítulo trata de Particularidades da execução dos demais títulos judiciais e não aborda diretamente a denunciação da lide.
marinoni-novo-curso-vol2,38,aula-12.html,unused,"O capítulo trata de 2.1 Imposição de fazer e de não fazer, prestação da tutela do direito e meios de execução adequados e não aborda diretamente a denunciação da lide."
marinoni-novo-curso-vol2,39,aula-12.html,unused,O capítulo trata de 2.2 Técnicas de execução e controle do poder executivo do juiz e não aborda diretamente a denunciação da lide.
marinoni-novo-curso-vol2,40,aula-12.html,unused,O capítulo trata de 2.3 Defesa do executado e não aborda diretamente a denunciação da lide.
marinoni-novo-curso-vol2,41,aula-12.html,unused,O capítulo trata de 2.4 A sentença que reconhece obrigação de prestar declaração de vontade e não aborda diretamente a denunciação da lide.
marinoni-novo-curso-vol2,42,aula-12.html,unused,O capítulo trata de 4.1 Tutela pecuniária e técnicas de execução e não aborda diretamente a denunciação da lide.
marinoni-novo-curso-vol2,43,aula-12.html,unused,O capítulo trata de 4.2 Fase inicial da execução e não aborda diretamente a denunciação da lide.
marinoni-novo-curso-vol2,45,aula-12.html,unused,O capítulo trata de 4.4 Providências preliminares à satisfação do credor e não aborda diretamente a denunciação da lide.
marinoni-novo-curso-vol2,46,aula-12.html,unused,O capítulo trata de 4.5 A defesa do executado e não aborda diretamente a denunciação da lide.
marinoni-novo-curso-vol2,47,aula-12.html,unused,O capítulo trata de 4.6 Satisfação do credor e não aborda diretamente a denunciação da lide.
marinoni-novo-curso-vol2,48,aula-12.html,unused,O capítulo trata de 4.7 Entrega do dinheiro ao credor e caso e não aborda diretamente a denunciação da lide.
marinoni-novo-curso-vol2,49,aula-12.html,unused,O capítulo trata de 7.1 Cumprimento de decisão de prestação alimentícia e não aborda diretamente a denunciação da lide.
marinoni-novo-curso-vol2,50,aula-12.html,unused,O capítulo trata de 7.2 Cumprimento contra a Fazenda Pública e caso e não aborda diretamente a denunciação da lide.
marinoni-novo-curso-vol2,51,aula-12.html,unused,O capítulo trata de 4.3.1–4.3.2 Penhora e responsabilidade patrimonial e não aborda diretamente a denunciação da lide.
marinoni-novo-curso-vol2,52,aula-12.html,unused,O capítulo trata de 4.3.3–4.3.4 Bens de terceiros e fraude e não aborda diretamente a denunciação da lide.
marinoni-novo-curso-vol2,53,aula-12.html,unused,O capítulo trata de 4.3.5 Procedimento da penhora e não aborda diretamente a denunciação da lide.
mitidiero-processo-civil-2022,capitulo-i,aula-12.html,unused,O capítulo trata de Capítulo I: O Mapa e não aborda diretamente a denunciação da lide.
mitidiero-processo-civil-2022,capitulo-ii,aula-12.html,unused,O capítulo trata de Capítulo II: O Ouriço e a Raposa e não aborda diretamente a denunciação da lide.
mitidiero-processo-civil-2022,capitulo-iii-1,aula-12.html,unused,"O capítulo trata de Capítulo III, § 3.1: Ação e defesa e não aborda diretamente a denunciação da lide."
mitidiero-processo-civil-2022,capitulo-iii-2,aula-12.html,unused,"O capítulo trata de Capítulo III, § 3.2: Jurisdição e não aborda diretamente a denunciação da lide."
mitidiero-processo-civil-2022,capitulo-iii-3,aula-12.html,unused,"O capítulo trata de Capítulo III, § 3.3: Processo e não aborda diretamente a denunciação da lide."
mitidiero-processo-civil-2022,capitulo-iii-4,aula-12.html,unused,"O capítulo trata de Capítulo III, § 3.4: Princípios formativos, devido processo e normas fundamentais e não aborda diretamente a denunciação da lide."
mitidiero-processo-civil-2022,capitulo-iv-1,aula-12.html,unused,"O capítulo trata de Capítulo IV, § 4.1: Procedimento e não aborda diretamente a denunciação da lide."
mitidiero-processo-civil-2022,capitulo-iv-2,aula-12.html,unused,"O capítulo trata de Capítulo IV, § 4.2: Participantes e não aborda diretamente a denunciação da lide."
mitidiero-processo-civil-2022,capitulo-iv-3,aula-12.html,unused,"O capítulo trata de Capítulo IV, § 4.3: Atos processuais e não aborda diretamente a denunciação da lide."
mitidiero-processo-civil-2022,capitulo-iv-4,aula-12.html,unused,"O capítulo trata de Capítulo IV, § 4.4: Formação, suspensão e extinção do processo e não aborda diretamente a denunciação da lide."
mitidiero-processo-civil-2022,capitulo-v-1,aula-12.html,unused,"O capítulo trata de Capítulo V, § 5.1: Procedimento comum e não aborda diretamente a denunciação da lide."
mitidiero-processo-civil-2022,capitulo-v-2,aula-12.html,unused,"O capítulo trata de Capítulo V, § 5.2: Fase de conhecimento e não aborda diretamente a denunciação da lide."
mitidiero-processo-civil-2022,capitulo-v-3,aula-12.html,unused,"O capítulo trata de Capítulo V, § 5.3: Fase de cumprimento e não aborda diretamente a denunciação da lide."
mitidiero-processo-civil-2022,capitulo-vi-1,aula-12.html,unused,"O capítulo trata de Capítulo VI, § 6.1: Cortes de Justiça e Cortes Supremas e não aborda diretamente a denunciação da lide."
mitidiero-processo-civil-2022,capitulo-vi-2,aula-12.html,unused,"O capítulo trata de Capítulo VI, § 6.2: Recursos e não aborda diretamente a denunciação da lide."
mitidiero-processo-civil-2022,capitulo-vi-3,aula-12.html,unused,"O capítulo trata de Capítulo VI, § 6.3: Incidentes e não aborda diretamente a denunciação da lide."
mitidiero-processo-civil-2022,capitulo-vi-4,aula-12.html,unused,"O capítulo trata de Capítulo VI, § 6.4: Ações e não aborda diretamente a denunciação da lide."
mitidiero-processo-civil-2022,capitulo-vii,aula-12.html,unused,O capítulo trata de Capítulo VII: Os Moinhos de Vento e não aborda diretamente a denunciação da lide.
mitidiero-processo-civil-2022,capitulo-viii,aula-12.html,unused,O capítulo trata de Capítulo VIII: Uma História sem Fim e não aborda diretamente a denunciação da lide.
moodle-export-ar,moodle-export-ar,aula-12.html,unused,O capítulo trata de Detached Moodle export: Exemplo de AR e não aborda diretamente a denunciação da lide.
moodle-export-certidao-ne,moodle-export-certidao-ne,aula-12.html,unused,O capítulo trata de Detached Moodle export: Exemplo de Certificação de NE (autos físicos) e não aborda diretamente a denunciação da lide.
moodle-export-edital,exemplo-de-edital,aula-12.html,unused,O capítulo trata de Exemplo de Edital e não aborda diretamente a denunciação da lide.
moodle-export-mandado-cumprido,moodle-export-mandado-cumprido,aula-12.html,unused,O capítulo trata de Detached Moodle export: Exemplo de mandado cumprido (autos físicos) e não aborda diretamente a denunciação da lide.
moodle-export-mandado-nao-cumprido,moodle-export-mandado-nao-cumprido,aula-12.html,unused,O capítulo trata de Detached Moodle export: Exemplo pitoresco de mandado não cumprido e não aborda diretamente a denunciação da lide.
moodle-model-ar,modelo-ar,aula-12.html,unused,O capítulo trata de Modelo de Aviso de Recebimento positivo (AR) e não aborda diretamente a denunciação da lide.
moodle-model-certidao-ne,modelo-certidao-ne,aula-12.html,unused,O capítulo trata de Modelo de certidão de Nota de Expediente (NE) e não aborda diretamente a denunciação da lide.
moodle-model-edital,moodle-model-edital-document,aula-12.html,unused,O capítulo trata de Edital de Citação - Execução e não aborda diretamente a denunciação da lide.
moodle-model-julgamento-sinceridade,moodle-model-julgamento-sinceridade,aula-12.html,unused,O capítulo trata de Modelos e Exemplos: julgamento conforme a sinceridade do processo e não aborda diretamente a denunciação da lide.
moodle-model-mandado-cumprido,moodle-model-mandado-cumprido,aula-12.html,unused,O capítulo trata de Modelos e Exemplos: mandado cumprido/certificado e não aborda diretamente a denunciação da lide.
moodle-model-mandado-nao-cumprido,moodle-model-mandado-nao-cumprido,aula-12.html,unused,O capítulo trata de Modelos e Exemplos: mandado não cumprido e não aborda diretamente a denunciação da lide.
passos-teoria-nulidades,assigned-reading,aula-12.html,unused,"O capítulo trata de Passos, Esboço de uma teoria das nulidades, pp. 123–142 e não aborda diretamente a denunciação da lide."
peer-note-carolina-leite-p2,peer-note-carolina-leite-p2,aula-12.html,unused,"O capítulo trata de Carolina Leite, Direito Processual Civil I p2 e não aborda diretamente a denunciação da lide."
peer-note-resuminho,document,aula-12.html,unused,O capítulo trata de RESUMINHO (resumo de colega) e não aborda diretamente a denunciação da lide.
peer-note-whatsapp-00001291,peer-note-whatsapp-00001291,aula-12.html,unused,"O capítulo trata de WhatsApp C10, 00001291 Direito Processual Civil I e não aborda diretamente a denunciação da lide."
peer-note-whatsapp-00003003,peer-note-whatsapp-00003003,aula-12.html,unused,"O capítulo trata de WhatsApp C10, 00003003-2608 e não aborda diretamente a denunciação da lide."
taruffo-la-prova-1992,00-front-matter,aula-12.html,unused,O capítulo trata de Front matter and indice-sommario e não aborda diretamente a denunciação da lide.
taruffo-la-prova-1992,01-prova-e-verita,aula-12.html,unused,O capítulo trata de Capitolo I — Prova e verità nel processo civile e não aborda diretamente a denunciação da lide.
taruffo-la-prova-1992,02-il-fatto,aula-12.html,unused,O capítulo trata de Capitolo II — Il fatto e não aborda diretamente a denunciação da lide.
taruffo-la-prova-1992,03-verita-verosimiglianza-probabilita,aula-12.html,unused,"O capítulo trata de Capitolo III — Verità, verosimiglianza, probabilità e não aborda diretamente a denunciação da lide."
taruffo-la-prova-1992,04-ipotesi-prove-scelte,aula-12.html,unused,"O capítulo trata de Capitolo IV — Ipotesi, prove, scelte e não aborda diretamente a denunciação da lide."
taruffo-la-prova-1992,05-prova-giuridica,aula-12.html,unused,O capítulo trata de Capitolo V — La prova giuridica e não aborda diretamente a denunciação da lide.
taruffo-la-prova-1992,06-lessico-delle-prove,aula-12.html,unused,O capítulo trata de Capitolo VI — Elementi per un lessico delle prove e não aborda diretamente a denunciação da lide.
taruffo-la-prova-1992,07-indici,aula-12.html,unused,O capítulo trata de Indici analitico e delle fonti e não aborda diretamente a denunciação da lide.
marinoni-novo-curso-vol2,14.04b,aula-12.html,unused,"A continuação (§ 9.13 e seguintes) trata de depoimento pessoal, procedimento probatório e confissão; não atende ao recorte desta aula. O capítulo trata de Prova e não aborda diretamente a denunciação da lide."
