source_id,chapter_id,lesson_id,role,why
barbosa-moreira-temas-serie4-1989,01-os-temas-fundamentais-do-direito-brasileiro-nos-anos-80,aula-13.html,unused,"This essay addresses Os temas fundamentais do direito brasileiro nos anos 80: Direito Processual Civil, a separate procedural issue rather than the lesson’s post-response regularization and decision choice."
barbosa-moreira-temas-serie4-1989,02-sobre-a-multiplicidade-de-perspectivas-no-estudo-do-processo,aula-13.html,unused,"This essay addresses Sobre a multiplicidade de perspectivas no estudo do processo, a separate procedural issue rather than the lesson’s post-response regularization and decision choice."
barbosa-moreira-temas-serie4-1989,03-dimensiones-sociales-del-proceso-civil,aula-13.html,unused,"This essay addresses Dimensiones sociales del proceso civil, a separate procedural issue rather than the lesson’s post-response regularization and decision choice."
barbosa-moreira-temas-serie4-1989,04-o-problema-da-divisao-do-trabalho-entre-juiz-e-partes,aula-13.html,unused,"This essay addresses O problema da “divisão do trabalho” entre juiz e partes: aspectos terminológicos, a separate procedural issue rather than the lesson’s post-response regularization and decision choice."
barbosa-moreira-temas-serie4-1989,05-os-poderes-do-juiz-na-direcao-e-na-instrucao-do-processo,aula-13.html,unused,"This essay addresses Os poderes do juiz na direção e na instrução do processo, a separate procedural issue rather than the lesson’s post-response regularization and decision choice."
barbosa-moreira-temas-serie4-1989,06-sobre-a-participacao-do-juiz-no-processo-civil,aula-13.html,unused,"This essay addresses Sobre a “participação” do juiz no processo civil, a separate procedural issue rather than the lesson’s post-response regularization and decision choice."
barbosa-moreira-temas-serie4-1989,07-la-igualdad-de-las-partes-en-el-proceso-civil,aula-13.html,unused,"This essay addresses La igualdad de las partes en el proceso civil, a separate procedural issue rather than the lesson’s post-response regularization and decision choice."
barbosa-moreira-temas-serie4-1989,08-sobre-pressupostos-processuais,aula-13.html,supporting,Its bounded account of procedural prerequisites helps identify defects that call for regularization; Passos remains the assigned nullities reading.
barbosa-moreira-temas-serie4-1989,09-a-competencia-como-questao-preliminar-e-como-questao-de-merito,aula-13.html,unused,"This essay addresses A competência como questão preliminar e como questão de mérito, a separate procedural issue rather than the lesson’s post-response regularization and decision choice."
barbosa-moreira-temas-serie4-1989,10-saneamento-do-processo-e-audiencia-preliminar-parte-i-apresentacao-do-problema,aula-13.html,unused,Saneamento do processo e audiência preliminar — Parte I — Apresentação do problema is part of the assigned saneamento/audiência-preliminar essay; the map places this organization and hearing detail in later P2 lessons.
barbosa-moreira-temas-serie4-1989,10-saneamento-do-processo-e-audiencia-preliminar-parte-ii-possibilidades-de-solucao,aula-13.html,unused,Saneamento do processo e audiência preliminar — Parte II — Possibilidades de solução is part of the assigned saneamento/audiência-preliminar essay; the map places this organization and hearing detail in later P2 lessons.
barbosa-moreira-temas-serie4-1989,10-saneamento-do-processo-e-audiencia-preliminar-parte-iii-modelos-concretos-tecnica-escrita,aula-13.html,unused,Saneamento do processo e audiência preliminar — Parte III — Exame de alguns modelos concretos: técnica escrita is part of the assigned saneamento/audiência-preliminar essay; the map places this organization and hearing detail in later P2 lessons.
barbosa-moreira-temas-serie4-1989,10-saneamento-do-processo-e-audiencia-preliminar-parte-iv-modelos-concretos-tecnica-oral,aula-13.html,unused,Saneamento do processo e audiência preliminar — Parte IV — Exame de alguns modelos concretos: técnica oral is part of the assigned saneamento/audiência-preliminar essay; the map places this organization and hearing detail in later P2 lessons.
barbosa-moreira-temas-serie4-1989,10-saneamento-do-processo-e-audiencia-preliminar-parte-v-apreciacao-critica,aula-13.html,unused,Saneamento do processo e audiência preliminar — Parte V — Apreciação crítica is part of the assigned saneamento/audiência-preliminar essay; the map places this organization and hearing detail in later P2 lessons.
barbosa-moreira-temas-serie4-1989,11-alguns-problemas-atuais-da-prova-civil,aula-13.html,unused,"This essay addresses Alguns problemas atuais da prova civil, a separate procedural issue rather than the lesson’s post-response regularization and decision choice."
barbosa-moreira-temas-serie4-1989,12-la-collaboration-des-tiers-dans-lactivite-dinstruction,aula-13.html,unused,"This essay addresses La collaboration des tiers dans l’activité d’instruction, a separate procedural issue rather than the lesson’s post-response regularization and decision choice."
barbosa-moreira-temas-serie4-1989,13-conteudo-e-efeitos-da-sentenca-variacoes-sobre-o-tema,aula-13.html,unused,"This essay addresses Conteúdo e efeitos da sentença: variações sobre o tema, a separate procedural issue rather than the lesson’s post-response regularization and decision choice."
barbosa-moreira-temas-serie4-1989,14-eficacia-da-sentenca-de-interdicao-por-alienacao-mental,aula-13.html,unused,"This essay addresses Eficácia da sentença de interdição por alienação mental, a separate procedural issue rather than the lesson’s post-response regularization and decision choice."
barbosa-moreira-temas-serie4-1989,15-publicite-et-secret-du-delibere-dans-la-justice-bresilienne,aula-13.html,unused,"This essay addresses Publicité et secret du délibéré dans la justice brésilienne, a separate procedural issue rather than the lesson’s post-response regularization and decision choice."
barbosa-moreira-temas-serie4-1989,16-consideracoes-sobre-a-causa-de-pedir-na-acao-rescisoria,aula-13.html,unused,"This essay addresses Considerações sobre a causa de pedir na ação rescisória, a separate procedural issue rather than the lesson’s post-response regularization and decision choice."
barbosa-moreira-temas-serie4-1989,17-tendencias-na-execucao-de-sentencas-e-ordens-judiciais,aula-13.html,unused,"This essay addresses Tendências na execução de sentenças e ordens judiciais, a separate procedural issue rather than the lesson’s post-response regularization and decision choice."
barbosa-moreira-temas-serie4-1989,18-problemas-e-solucoes-em-materia-de-reconhecimento-e-execucao-introducao,aula-13.html,unused,"This essay addresses Problemas e soluções em matéria de reconhecimento e execução de sentenças e laudos arbitrais estrangeiros — Introdução, a separate procedural issue rather than the lesson’s post-response regularization and decision choice."
barbosa-moreira-temas-serie4-1989,18-problemas-e-solucoes-em-materia-de-reconhecimento-e-execucao-i-visao-panoramica,aula-13.html,unused,"This essay addresses Problemas e soluções em matéria de reconhecimento e execução de sentenças e laudos arbitrais estrangeiros — I — Visão panorâmica da situação atual, a separate procedural issue rather than the lesson’s post-response regularization and decision choice."
barbosa-moreira-temas-serie4-1989,18-problemas-e-solucoes-em-materia-de-reconhecimento-e-execucao-ii-mecanismos-restritivos,aula-13.html,unused,"This essay addresses Problemas e soluções em matéria de reconhecimento e execução de sentenças e laudos arbitrais estrangeiros — II — Os mecanismos restritivos da extensão internacional dos efeitos das sentenças, a separate procedural issue rather than the lesson’s post-response regularization and decision choice."
barbosa-moreira-temas-serie4-1989,18-problemas-e-solucoes-em-materia-de-reconhecimento-e-execucao-iii-possibilidades-de-abolicao-ou-atenuacao,aula-13.html,unused,"This essay addresses Problemas e soluções em matéria de reconhecimento e execução de sentenças e laudos arbitrais estrangeiros — III — Possibilidades de abolição ou atenuação dos mecanismos restritivos, a separate procedural issue rather than the lesson’s post-response regularization and decision choice."
barbosa-moreira-temas-serie4-1989,18-problemas-e-solucoes-em-materia-de-reconhecimento-e-execucao-iv-laudos-arbitrais-estrangeiros,aula-13.html,unused,"This essay addresses Problemas e soluções em matéria de reconhecimento e execução de sentenças e laudos arbitrais estrangeiros — IV — Laudos arbitrais estrangeiros, a separate procedural issue rather than the lesson’s post-response regularization and decision choice."
barbosa-moreira-temas-serie4-1989,18-problemas-e-solucoes-em-materia-de-reconhecimento-e-execucao-v-papel-dos-tratados-e-convencoes,aula-13.html,unused,"This essay addresses Problemas e soluções em matéria de reconhecimento e execução de sentenças e laudos arbitrais estrangeiros — V — O papel dos tratados e convenções, a separate procedural issue rather than the lesson’s post-response regularization and decision choice."
barbosa-moreira-temas-serie4-1989,18-problemas-e-solucoes-em-materia-de-reconhecimento-e-execucao-vi-conclusoes-gerais,aula-13.html,unused,"This essay addresses Problemas e soluções em matéria de reconhecimento e execução de sentenças e laudos arbitrais estrangeiros — VI — Conclusões gerais, a separate procedural issue rather than the lesson’s post-response regularization and decision choice."
barbosa-moreira-temas-serie4-1989,19-medida-cautelar-liminarmente-concedida-e-omissao-do-requerente,aula-13.html,unused,"This essay addresses Medida cautelar liminarmente concedida e omissão do requerente em propor a tempo a ação principal, a separate procedural issue rather than the lesson’s post-response regularization and decision choice."
barbosa-moreira-temas-serie4-1989,20-le-juge-bresilien-et-le-droit-etranger,aula-13.html,unused,"This essay addresses Le juge brésilien et le droit étranger, a separate procedural issue rather than the lesson’s post-response regularization and decision choice."
barbosa-moreira-temas-serie4-1989,21-apendice-presenca-de-couture,aula-13.html,unused,"This essay addresses Apêndice — Presença de Couture, a separate procedural issue rather than the lesson’s post-response regularization and decision choice."
barbosa-moreira-temas-serie4-1989,22-indice-onomastico,aula-13.html,unused,"This essay addresses Índice onomástico, a separate procedural issue rather than the lesson’s post-response regularization and decision choice."
barbosa-moreira-temas-serie4-1989,23-indice-alfabetico-remissivo,aula-13.html,unused,"This essay addresses Índice alfabético-remissivo, a separate procedural issue rather than the lesson’s post-response regularization and decision choice."
carpes-onus-da-prova,assigned-reading,aula-13.html,unused,"This assigned reading concerns dynamic burden of proof, part of the later P2 evidence lessons."
costa-atos-processuais,capitulo-atos-processuais,aula-13.html,unused,"This broad 26,249-word treatment of procedural acts is not bounded to post-response readiness and exceeds the ordinary support-unit cap."
cronograma-processo-civil-2026-2,cronograma-completo,aula-13.html,unused,The cronograma is administrative course sequencing; it records the week and readings but supplies no procedural doctrine.
didier-curso-vol1-2017,00-front-matter,aula-13.html,unused,"This chapter covers Front matter and sumário, outside the lesson’s post-response regularization and judgment-state overview."
didier-curso-vol1-2017,ch01-s01,aula-13.html,unused,"This chapter covers Introdução ao Direito Processual Civil, outside the lesson’s post-response regularization and judgment-state overview."
didier-curso-vol1-2017,ch01-s02,aula-13.html,unused,"This chapter covers Introdução ao Direito Processual Civil, outside the lesson’s post-response regularization and judgment-state overview."
didier-curso-vol1-2017,ch02-s01,aula-13.html,unused,"This chapter covers Normas fundamentais do Processo Civil, outside the lesson’s post-response regularization and judgment-state overview."
didier-curso-vol1-2017,ch02-s02,aula-13.html,unused,"This chapter covers Normas fundamentais do Processo Civil, outside the lesson’s post-response regularization and judgment-state overview."
didier-curso-vol1-2017,ch02-s03,aula-13.html,unused,"This chapter covers Normas fundamentais do Processo Civil, outside the lesson’s post-response regularization and judgment-state overview."
didier-curso-vol1-2017,ch03-s01,aula-13.html,unused,"This chapter covers Jurisdição, outside the lesson’s post-response regularization and judgment-state overview."
didier-curso-vol1-2017,ch03-s02,aula-13.html,unused,"This chapter covers Jurisdição, outside the lesson’s post-response regularization and judgment-state overview."
didier-curso-vol1-2017,ch04-s01,aula-13.html,unused,"This chapter covers Competência, outside the lesson’s post-response regularization and judgment-state overview."
didier-curso-vol1-2017,ch04-s02,aula-13.html,unused,"This chapter covers Competência, outside the lesson’s post-response regularization and judgment-state overview."
didier-curso-vol1-2017,ch04-s03,aula-13.html,unused,"This chapter covers Competência, outside the lesson’s post-response regularization and judgment-state overview."
didier-curso-vol1-2017,ch05,aula-13.html,unused,"This chapter covers Mediação e conciliação, outside the lesson’s post-response regularization and judgment-state overview."
didier-curso-vol1-2017,ch06,aula-13.html,unused,"This chapter covers Teoria da ação: da ação e do direito de ação, outside the lesson’s post-response regularization and judgment-state overview."
didier-curso-vol1-2017,ch07-s01,aula-13.html,unused,"This chapter covers Pressupostos processuais, outside the lesson’s post-response regularization and judgment-state overview."
didier-curso-vol1-2017,ch07-s02,aula-13.html,unused,"This chapter covers Pressupostos processuais, outside the lesson’s post-response regularization and judgment-state overview."
didier-curso-vol1-2017,ch08,aula-13.html,unused,"This chapter covers Teoria dos fatos jurídicos processuais, outside the lesson’s post-response regularization and judgment-state overview."
didier-curso-vol1-2017,ch09,aula-13.html,unused,"The chapter on procedural invalidities belongs to prerequisite aula-09 and overlaps the assigned Passos reading; its 10,309 words also exceed the support cap."
didier-curso-vol1-2017,ch10,aula-13.html,unused,"Preclusion is treated in the earlier lesson on deadlines and procedural time limits, not this lesson’s post-response decision framework."
didier-curso-vol1-2017,ch11,aula-13.html,unused,"This chapter covers Teoria da cognição judicial, outside the lesson’s post-response regularization and judgment-state overview."
didier-curso-vol1-2017,ch12,aula-13.html,unused,"This chapter covers Litisconsórcio, outside the lesson’s post-response regularization and judgment-state overview."
didier-curso-vol1-2017,ch13-s01,aula-13.html,unused,"This chapter covers Intervenção de terceiro, outside the lesson’s post-response regularization and judgment-state overview."
didier-curso-vol1-2017,ch13-s02,aula-13.html,unused,"This chapter covers Intervenção de terceiro, outside the lesson’s post-response regularization and judgment-state overview."
didier-curso-vol1-2017,ch13-s03,aula-13.html,unused,"This chapter covers Intervenção de terceiro, outside the lesson’s post-response regularization and judgment-state overview."
didier-curso-vol1-2017,ch14,aula-13.html,unused,"This chapter covers Alienação da coisa ou do direito litigioso, outside the lesson’s post-response regularization and judgment-state overview."
didier-curso-vol1-2017,ch15-s01,aula-13.html,unused,"This chapter covers Formação do processo e petição inicial, outside the lesson’s post-response regularization and judgment-state overview."
didier-curso-vol1-2017,ch15-s02,aula-13.html,unused,"This chapter covers Formação do processo e petição inicial, outside the lesson’s post-response regularization and judgment-state overview."
didier-curso-vol1-2017,ch16,aula-13.html,unused,"This chapter covers Improcedência liminar do pedido, outside the lesson’s post-response regularization and judgment-state overview."
didier-curso-vol1-2017,ch17,aula-13.html,unused,"This chapter covers Citação, outside the lesson’s post-response regularization and judgment-state overview."
didier-curso-vol1-2017,ch18,aula-13.html,unused,"This chapter covers Audiência preliminar de conciliação ou mediação, outside the lesson’s post-response regularization and judgment-state overview."
didier-curso-vol1-2017,ch19-s01,aula-13.html,unused,This chapter on response and default duplicates the prior response lesson rather than extending preparation after the response.
didier-curso-vol1-2017,ch19-s02,aula-13.html,unused,This chapter on response and default duplicates the prior response lesson rather than extending preparation after the response.
didier-curso-vol1-2017,ch20,aula-13.html,unused,"This chapter covers Arguição de impedimento ou suspeição, outside the lesson’s post-response regularization and judgment-state overview."
didier-curso-vol1-2017,ch21,aula-13.html,primary,"Directly treats preliminary measures and judgment according to the state of the process, the lesson’s central decision framework."
didier-curso-vol1-2017,ch22,aula-13.html,unused,"This chapter covers Extinção do processo, outside the lesson’s post-response regularization and judgment-state overview."
didier-curso-vol1-2017,ch23,aula-13.html,unused,"This chapter covers Suspensão do processo, outside the lesson’s post-response regularization and judgment-state overview."
didier-curso-vol1-2017,24-bibliography-01,aula-13.html,unused,"This chapter covers Bibliografia, parte 1, outside the lesson’s post-response regularization and judgment-state overview."
didier-curso-vol1-2017,24-bibliography-02,aula-13.html,unused,"This chapter covers Bibliografia, parte 2, outside the lesson’s post-response regularization and judgment-state overview."
didier-resposta-reu-revelia,assigned-reading,aula-13.html,unused,"This separate assigned extract treats the defendant’s response and default, the prior lesson’s subject."
eid-litisconsorcio-unitario,assigned-reading,aula-13.html,unused,"This assigned extract treats unitary joinder, a separate earlier course topic rather than post-response preparation."
exam-2015-1-avaliacao-1,exam-2015-1-avaliacao-1,aula-13.html,unused,The exam title identifies an assessment but no question on post-response regularization or judgment according to the state of the process.
exam-2015-1-avaliacao-2,exam-2015-1-avaliacao-2,aula-13.html,unused,The shelf identifies this as the sole P2 exam; this lesson is in the P1 week-9 block.
exam-2017-2-p1,exam-2017-2-p1,aula-13.html,unused,The exam title identifies an assessment but no question on post-response regularization or judgment according to the state of the process.
exam-2018-1-p1,document,aula-13.html,unused,The exam title identifies an assessment but no question on post-response regularization or judgment according to the state of the process.
exam-2018-2-p1-v1,document,aula-13.html,unused,The exam title identifies an assessment but no question on post-response regularization or judgment according to the state of the process.
exam-2018-2-p1-v2,document,aula-13.html,unused,The exam title identifies an assessment but no question on post-response regularization or judgment according to the state of the process.
exam-2019-2-p1,document,aula-13.html,unused,The exam title identifies an assessment but no question on post-response regularization or judgment according to the state of the process.
exam-2025-2-p1-candidate,document,aula-13.html,unused,"The shelf flags this P1 candidate as a different professor’s exam, and its title does not establish a match to this lesson’s topic."
exam-questions-extract-2026-09-28,exam-questions-extract-2026-09-28,aula-13.html,unused,This is a mixed extract of older exam questions; its title and shelf entry do not map any question to this lesson’s topic.
knijnik-prova-caps1-2,assigned-reading,aula-13.html,unused,"These assigned chapters introduce proof in civil, criminal, and tax cases; evidence is developed in later P2 lessons."
koplin-audiencias,artigo-audiencias,aula-13.html,unused,"This general survey of hearings fits the later P2 lessons on preliminary and evidentiary hearings, not this overview."
lucon-cpc-355-357,assigned-reading,aula-13.html,unused,The detailed commentary on CPC arts. 355–357 is assigned to later P2 lessons and duplicates the selected chapter’s overview here.
marinoni-novo-curso-vol1-2017,front-matter,aula-13.html,unused,"This theory-focused chapter on Front matter (title page, authors and presentation) does not directly treat the lesson’s post-response measures or judgment-state choices."
marinoni-novo-curso-vol1-2017,introducao,aula-13.html,unused,This theory-focused chapter on Introdução — teoria do processo civil does not directly treat the lesson’s post-response measures or judgment-state choices.
marinoni-novo-curso-vol1-2017,parte-i-cap-01,aula-13.html,unused,"This theory-focused chapter on Parte I, capítulo 1 — A Influência Dos Valores Do Estado Liberal De Direito E Do Positivismo Jurídico Sobre Os Conceitos Clássicos De Jurisdição does not directly treat the lesson’s post-response measures or judgment-state choices."
marinoni-novo-curso-vol1-2017,parte-i-cap-02,aula-13.html,unused,"This theory-focused chapter on Parte I, capítulo 2 — Do Mito Do Cognitivismo Interpretativo E Do Logicismo Na Aplicação Do Direito No Positivismo Clássico À Dupla Indeterminação Do Direito No Estado Constitucional does not directly treat the lesson’s post-response measures or judgment-state choices."
marinoni-novo-curso-vol1-2017,parte-i-cap-03,aula-13.html,unused,"This theory-focused chapter on Parte I, capítulo 3 — A Transformação Do Princípio Da Legalidade: Da Legalidade Formal Pelas Regras À Legalidade Substancial Pelas Normas does not directly treat the lesson’s post-response measures or judgment-state choices."
marinoni-novo-curso-vol1-2017,parte-i-cap-04,aula-13.html,unused,"This theory-focused chapter on Parte I, capítulo 4 — O Controle Da Constitucionalidade Pelo Juiz Singular No Direito Brasileiro does not directly treat the lesson’s post-response measures or judgment-state choices."
marinoni-novo-curso-vol1-2017,parte-i-cap-05,aula-13.html,unused,"This theory-focused chapter on Parte I, capítulo 5 — A Teoria Dos Direitos Fundamentais does not directly treat the lesson’s post-response measures or judgment-state choices."
marinoni-novo-curso-vol1-2017,parte-i-cap-06,aula-13.html,unused,"This theory-focused chapter on Parte I, capítulo 6 — A Jurisdição No Estado Constitucional does not directly treat the lesson’s post-response measures or judgment-state choices."
marinoni-novo-curso-vol1-2017,parte-i-cap-07,aula-13.html,unused,"This theory-focused chapter on Parte I, capítulo 7 — A Jurisdição E A Justiça Civil does not directly treat the lesson’s post-response measures or judgment-state choices."
marinoni-novo-curso-vol1-2017,parte-i-cap-08,aula-13.html,unused,"This theory-focused chapter on Parte I, capítulo 8 — A Jurisdição No Quadro Das Formas De Resolução De Litígios does not directly treat the lesson’s post-response measures or judgment-state choices."
marinoni-novo-curso-vol1-2017,parte-i-cap-09,aula-13.html,unused,"This theory-focused chapter on Parte I, capítulo 9 — O Direito À Jurisdição E Ao Juiz Natural Na Constituição E No Novo Código De Processo Civil does not directly treat the lesson’s post-response measures or judgment-state choices."
marinoni-novo-curso-vol1-2017,parte-ii-cap-01,aula-13.html,unused,"This theory-focused chapter on Parte II, capítulo 1 — As Teorias Da Ação E A Posição Do Novo Cpc. Primeiros Apontamentos Para Uma Concepção Adequada Ao Estado Constitucional E À Realidade Normativa Brasileira does not directly treat the lesson’s post-response measures or judgment-state choices."
marinoni-novo-curso-vol1-2017,parte-ii-cap-02,aula-13.html,unused,"This theory-focused chapter on Parte II, capítulo 2 — A Influência Dos Valores Do Estado Social Sobre O Direito De Ação does not directly treat the lesson’s post-response measures or judgment-state choices."
marinoni-novo-curso-vol1-2017,parte-ii-cap-03,aula-13.html,unused,"This theory-focused chapter on Parte II, capítulo 3 — O Direito De Ação No Quadro Dos Direitos Fundamentais does not directly treat the lesson’s post-response measures or judgment-state choices."
marinoni-novo-curso-vol1-2017,parte-ii-cap-04,aula-13.html,unused,"This theory-focused chapter on Parte II, capítulo 4 — O Conteúdo Do Direito De Ação A Partir Da Constituição E Do Novo Código De Processo Civil does not directly treat the lesson’s post-response measures or judgment-state choices."
marinoni-novo-curso-vol1-2017,parte-ii-cap-05,aula-13.html,unused,"This theory-focused chapter on Parte II, capítulo 5 — Da Ação Abstrata E Uniforme (Ação Única) À Ação Adequada À Tutela Do Direito Material E Ao Caso Concreto does not directly treat the lesson’s post-response measures or judgment-state choices."
marinoni-novo-curso-vol1-2017,parte-iii-cap-01,aula-13.html,unused,"This theory-focused chapter on Parte II, capítulo 1 — Conceito De Direito De Defesa does not directly treat the lesson’s post-response measures or judgment-state choices."
marinoni-novo-curso-vol1-2017,parte-iii-cap-02,aula-13.html,unused,"This theory-focused chapter on Parte II, capítulo 2 — Direito De Defesa E Acesso À Justiça does not directly treat the lesson’s post-response measures or judgment-state choices."
marinoni-novo-curso-vol1-2017,parte-iii-cap-03,aula-13.html,unused,"This theory-focused chapter on Parte II, capítulo 3 — O Direito De Defesa Na Constituição. O Significado Do Direito À Ampla Defesa does not directly treat the lesson’s post-response measures or judgment-state choices."
marinoni-novo-curso-vol1-2017,parte-iii-cap-04,aula-13.html,unused,"This theory-focused chapter on Parte II, capítulo 4 — O Direito De Defesa No Novo Código De Processo Civil does not directly treat the lesson’s post-response measures or judgment-state choices."
marinoni-novo-curso-vol1-2017,parte-iii-cap-05,aula-13.html,unused,"This theory-focused chapter on Parte II, capítulo 5 — O Direito Fundamental De Defesa Diante Do Direito Fundamental De Ação does not directly treat the lesson’s post-response measures or judgment-state choices."
marinoni-novo-curso-vol1-2017,parte-iii-cap-06,aula-13.html,unused,"This theory-focused chapter on Parte II, capítulo 6 — Problematização Do Direito Fundamental De Defesa does not directly treat the lesson’s post-response measures or judgment-state choices."
marinoni-novo-curso-vol1-2017,parte-iv-cap-01,aula-13.html,unused,"This theory-focused chapter on Parte IV, capítulo 1 — Processo E Procedimento Na Doutrina Clássica does not directly treat the lesson’s post-response measures or judgment-state choices."
marinoni-novo-curso-vol1-2017,parte-iv-cap-02,aula-13.html,unused,"This theory-focused chapter on Parte IV, capítulo 2 — Bases Para Um Novo Conceito De Processo does not directly treat the lesson’s post-response measures or judgment-state choices."
marinoni-novo-curso-vol1-2017,parte-iv-cap-03,aula-13.html,unused,"This theory-focused chapter on Parte IV, capítulo 3 — O Processo Na Perspectiva Dos Direitos Fundamentais. O Direito Fundamental Ao Processo Justo E Sua Densificação Constitucional does not directly treat the lesson’s post-response measures or judgment-state choices."
marinoni-novo-curso-vol1-2017,parte-iv-cap-04,aula-13.html,unused,"This theory-focused chapter on Parte IV, capítulo 4 — O Processo, Os Pressupostos Processuais E O Mérito Da Causa does not directly treat the lesson’s post-response measures or judgment-state choices."
marinoni-novo-curso-vol1-2017,parte-iv-cap-05,aula-13.html,unused,"This theory-focused chapter on Parte IV, capítulo 5 — Processo De Conhecimento E Processo De Execução No Novo Código De Processo Civil does not directly treat the lesson’s post-response measures or judgment-state choices."
marinoni-novo-curso-vol1-2017,referencias-bibliograficas,aula-13.html,unused,This theory-focused chapter on Referências bibliográficas does not directly treat the lesson’s post-response measures or judgment-state choices.
marinoni-novo-curso-vol2,01,aula-13.html,unused,"This chapter covers Técnica processual e tutela dos direitos, not the lesson’s bounded post-response regularization and decision overview."
marinoni-novo-curso-vol2,02,aula-13.html,unused,"This chapter covers Jurisdição e competência, not the lesson’s bounded post-response regularization and decision overview."
marinoni-novo-curso-vol2,03a,aula-13.html,unused,"This chapter covers Participação no processo: itens 3.1–3.3, not the lesson’s bounded post-response regularization and decision overview."
marinoni-novo-curso-vol2,03b,aula-13.html,unused,"This chapter covers Participação no processo: item 3.4 e caso, not the lesson’s bounded post-response regularization and decision overview."
marinoni-novo-curso-vol2,04,aula-13.html,unused,"This chapter covers Atos processuais, not the lesson’s bounded post-response regularization and decision overview."
marinoni-novo-curso-vol2,05,aula-13.html,unused,"This chapter covers Formação, suspensão e extinção do processo, not the lesson’s bounded post-response regularization and decision overview."
marinoni-novo-curso-vol2,06,aula-13.html,unused,"This chapter covers Procedimento comum, not the lesson’s bounded post-response regularization and decision overview."
marinoni-novo-curso-vol2,07,aula-13.html,unused,"This chapter covers Petição inicial, not the lesson’s bounded post-response regularization and decision overview."
marinoni-novo-curso-vol2,08,aula-13.html,unused,"This chapter covers Audiência de conciliação ou de mediação, not the lesson’s bounded post-response regularization and decision overview."
marinoni-novo-curso-vol2,09,aula-13.html,unused,"This chapter covers the defendant’s procedural attitudes, already addressed in the prior response lesson."
marinoni-novo-curso-vol2,10,aula-13.html,unused,"This chapter covers Antecipação da tutela, not the lesson’s bounded post-response regularization and decision overview."
marinoni-novo-curso-vol2,11,aula-13.html,unused,This short chapter duplicates the selected Didier chapter’s direct treatment of judgment according to the state of the process.
marinoni-novo-curso-vol2,12,aula-13.html,unused,"This chapter develops organization of the process, which the map reserves for the later P2 stabilization and instruction-organization lesson."
marinoni-novo-curso-vol2,13,aula-13.html,unused,"This chapter treats the hearing of instruction and judgment, a later P2 evidence-stage topic."
marinoni-novo-curso-vol2,14.01,aula-13.html,unused,"This chapter treats proof, developed in the later P2 evidence lessons rather than this readiness overview."
marinoni-novo-curso-vol2,14.02,aula-13.html,unused,"This chapter treats proof, developed in the later P2 evidence lessons rather than this readiness overview."
marinoni-novo-curso-vol2,14.03,aula-13.html,unused,"This chapter treats proof, developed in the later P2 evidence lessons rather than this readiness overview."
marinoni-novo-curso-vol2,14.04,aula-13.html,unused,"This chapter treats proof, developed in the later P2 evidence lessons rather than this readiness overview."
marinoni-novo-curso-vol2,14.05,aula-13.html,unused,"This chapter treats proof, developed in the later P2 evidence lessons rather than this readiness overview."
marinoni-novo-curso-vol2,14.06,aula-13.html,unused,"This chapter treats proof, developed in the later P2 evidence lessons rather than this readiness overview."
marinoni-novo-curso-vol2,14.07,aula-13.html,unused,"This chapter treats proof, developed in the later P2 evidence lessons rather than this readiness overview."
marinoni-novo-curso-vol2,15.01,aula-13.html,unused,"This chapter covers Sentença, not the lesson’s bounded post-response regularization and decision overview."
marinoni-novo-curso-vol2,15.02,aula-13.html,unused,"This chapter covers Sentença, not the lesson’s bounded post-response regularization and decision overview."
marinoni-novo-curso-vol2,15.03,aula-13.html,unused,"This chapter covers Sentença, not the lesson’s bounded post-response regularization and decision overview."
marinoni-novo-curso-vol2,15.04,aula-13.html,unused,"This chapter covers Sentença, not the lesson’s bounded post-response regularization and decision overview."
marinoni-novo-curso-vol2,16.01,aula-13.html,unused,"This chapter covers Recursos, not the lesson’s bounded post-response regularization and decision overview."
marinoni-novo-curso-vol2,16.02,aula-13.html,unused,"This chapter covers Recursos, not the lesson’s bounded post-response regularization and decision overview."
marinoni-novo-curso-vol2,16.03,aula-13.html,unused,"This chapter covers Recursos, not the lesson’s bounded post-response regularization and decision overview."
marinoni-novo-curso-vol2,17.01,aula-13.html,unused,"This chapter covers Processo nos tribunais, not the lesson’s bounded post-response regularization and decision overview."
marinoni-novo-curso-vol2,17.02,aula-13.html,unused,"This chapter covers Processo nos tribunais, not the lesson’s bounded post-response regularization and decision overview."
marinoni-novo-curso-vol2,18,aula-13.html,unused,"This chapter covers Precedentes, not the lesson’s bounded post-response regularization and decision overview."
marinoni-novo-curso-vol2,19.01,aula-13.html,unused,"This chapter covers Coisa julgada, not the lesson’s bounded post-response regularization and decision overview."
marinoni-novo-curso-vol2,19.02,aula-13.html,unused,"This chapter covers Coisa julgada, not the lesson’s bounded post-response regularization and decision overview."
marinoni-novo-curso-vol2,21,aula-13.html,unused,"This chapter covers Teoria da efetivação das decisões judiciais mediante cumprimento de sentença (abertura e item 1.1), not the lesson’s bounded post-response regularization and decision overview."
marinoni-novo-curso-vol2,23,aula-13.html,unused,"This chapter covers 1.2 Panorama histórico da efetivação de sentenças, not the lesson’s bounded post-response regularization and decision overview."
marinoni-novo-curso-vol2,24,aula-13.html,unused,"This chapter covers 1.3 Técnica executiva e tutela dos direitos, not the lesson’s bounded post-response regularization and decision overview."
marinoni-novo-curso-vol2,25,aula-13.html,unused,"This chapter covers 1.4 Princípios fundamentais da execução, not the lesson’s bounded post-response regularization and decision overview."
marinoni-novo-curso-vol2,26,aula-13.html,unused,"This chapter covers 1.5 As formas de execução, not the lesson’s bounded post-response regularization and decision overview."
marinoni-novo-curso-vol2,27,aula-13.html,unused,"This chapter covers 1.6 O art. 515, I, do CPC e as sentenças que dependem de execução, not the lesson’s bounded post-response regularization and decision overview."
marinoni-novo-curso-vol2,28,aula-13.html,unused,"This chapter covers 1.7 Os títulos executivos judiciais, not the lesson’s bounded post-response regularization and decision overview."
marinoni-novo-curso-vol2,29,aula-13.html,unused,"This chapter covers 1.8 Liquidação da obrigação, not the lesson’s bounded post-response regularization and decision overview."
marinoni-novo-curso-vol2,30,aula-13.html,unused,"This chapter covers 1.9 Questões gerais do procedimento de cumprimento de sentença, not the lesson’s bounded post-response regularization and decision overview."
marinoni-novo-curso-vol2,38,aula-13.html,unused,"This chapter covers 2.1 Imposição de fazer e de não fazer, prestação da tutela do direito e meios de execução adequados, not the lesson’s bounded post-response regularization and decision overview."
marinoni-novo-curso-vol2,39,aula-13.html,unused,"This chapter covers 2.2 Técnicas de execução e controle do poder executivo do juiz, not the lesson’s bounded post-response regularization and decision overview."
marinoni-novo-curso-vol2,40,aula-13.html,unused,"This chapter covers 2.3 Defesa do executado, not the lesson’s bounded post-response regularization and decision overview."
marinoni-novo-curso-vol2,41,aula-13.html,unused,"This chapter covers 2.4 A sentença que reconhece obrigação de prestar declaração de vontade, not the lesson’s bounded post-response regularization and decision overview."
marinoni-novo-curso-vol2,32,aula-13.html,unused,"This chapter covers A sentença que reconhece a obrigação de entregar coisa, not the lesson’s bounded post-response regularization and decision overview."
marinoni-novo-curso-vol2,42,aula-13.html,unused,"This chapter covers 4.1 Tutela pecuniária e técnicas de execução, not the lesson’s bounded post-response regularization and decision overview."
marinoni-novo-curso-vol2,43,aula-13.html,unused,"This chapter covers 4.2 Fase inicial da execução, not the lesson’s bounded post-response regularization and decision overview."
marinoni-novo-curso-vol2,51,aula-13.html,unused,"This chapter covers 4.3.1–4.3.2 Penhora e responsabilidade patrimonial, not the lesson’s bounded post-response regularization and decision overview."
marinoni-novo-curso-vol2,52,aula-13.html,unused,"This chapter covers 4.3.3–4.3.4 Bens de terceiros e fraude, not the lesson’s bounded post-response regularization and decision overview."
marinoni-novo-curso-vol2,53,aula-13.html,unused,"This chapter covers 4.3.5 Procedimento da penhora, not the lesson’s bounded post-response regularization and decision overview."
marinoni-novo-curso-vol2,45,aula-13.html,unused,"This chapter covers 4.4 Providências preliminares à satisfação do credor, not the lesson’s bounded post-response regularization and decision overview."
marinoni-novo-curso-vol2,46,aula-13.html,unused,"This chapter covers 4.5 A defesa do executado, not the lesson’s bounded post-response regularization and decision overview."
marinoni-novo-curso-vol2,47,aula-13.html,unused,"This chapter covers 4.6 Satisfação do credor, not the lesson’s bounded post-response regularization and decision overview."
marinoni-novo-curso-vol2,48,aula-13.html,unused,"This chapter covers 4.7 Entrega do dinheiro ao credor e caso, not the lesson’s bounded post-response regularization and decision overview."
marinoni-novo-curso-vol2,34,aula-13.html,unused,"This chapter covers Suspensão e conclusão do cumprimento de sentença, not the lesson’s bounded post-response regularization and decision overview."
marinoni-novo-curso-vol2,35,aula-13.html,unused,"This chapter covers A execução da decisão provisória, not the lesson’s bounded post-response regularization and decision overview."
marinoni-novo-curso-vol2,49,aula-13.html,unused,"This chapter covers 7.1 Cumprimento de decisão de prestação alimentícia, not the lesson’s bounded post-response regularization and decision overview."
marinoni-novo-curso-vol2,50,aula-13.html,unused,"This chapter covers 7.2 Cumprimento contra a Fazenda Pública e caso, not the lesson’s bounded post-response regularization and decision overview."
marinoni-novo-curso-vol2,37,aula-13.html,unused,"This chapter covers Particularidades da execução dos demais títulos judiciais, not the lesson’s bounded post-response regularization and decision overview."
mitidiero-processo-civil-2022,capitulo-i,aula-13.html,unused,"This chapter covers O Mapa, not the lesson’s specific post-response regularization and judgment-state framework."
mitidiero-processo-civil-2022,capitulo-ii,aula-13.html,unused,"This chapter covers O Ouriço e a Raposa, not the lesson’s specific post-response regularization and judgment-state framework."
mitidiero-processo-civil-2022,capitulo-iii-1,aula-13.html,unused,"This chapter covers Ação e defesa, not the lesson’s specific post-response regularization and judgment-state framework."
mitidiero-processo-civil-2022,capitulo-iii-2,aula-13.html,unused,"This chapter covers Jurisdição, not the lesson’s specific post-response regularization and judgment-state framework."
mitidiero-processo-civil-2022,capitulo-iii-3,aula-13.html,unused,"This chapter covers Processo, not the lesson’s specific post-response regularization and judgment-state framework."
mitidiero-processo-civil-2022,capitulo-iii-4,aula-13.html,unused,"This chapter covers Princípios formativos, devido processo e normas fundamentais, not the lesson’s specific post-response regularization and judgment-state framework."
mitidiero-processo-civil-2022,capitulo-iv-1,aula-13.html,unused,"This chapter covers Procedimento, not the lesson’s specific post-response regularization and judgment-state framework."
mitidiero-processo-civil-2022,capitulo-iv-2,aula-13.html,unused,"This chapter covers Participantes, not the lesson’s specific post-response regularization and judgment-state framework."
mitidiero-processo-civil-2022,capitulo-iv-3,aula-13.html,unused,"This chapter covers Atos processuais, not the lesson’s specific post-response regularization and judgment-state framework."
mitidiero-processo-civil-2022,capitulo-iv-4,aula-13.html,unused,"This chapter covers Formação, suspensão e extinção do processo, not the lesson’s specific post-response regularization and judgment-state framework."
mitidiero-processo-civil-2022,capitulo-v-1,aula-13.html,unused,"This chapter covers Procedimento comum, not the lesson’s specific post-response regularization and judgment-state framework."
mitidiero-processo-civil-2022,capitulo-v-2,aula-13.html,unused,"This broad 11,601-word survey of the knowledge phase is not bounded to this lesson and exceeds the ordinary support-unit cap."
mitidiero-processo-civil-2022,capitulo-v-3,aula-13.html,unused,"This chapter covers Fase de cumprimento, not the lesson’s specific post-response regularization and judgment-state framework."
mitidiero-processo-civil-2022,capitulo-vi-1,aula-13.html,unused,"This chapter covers Cortes de Justiça e Cortes Supremas, not the lesson’s specific post-response regularization and judgment-state framework."
mitidiero-processo-civil-2022,capitulo-vi-2,aula-13.html,unused,"This chapter covers Recursos, not the lesson’s specific post-response regularization and judgment-state framework."
mitidiero-processo-civil-2022,capitulo-vi-3,aula-13.html,unused,"This chapter covers Incidentes, not the lesson’s specific post-response regularization and judgment-state framework."
mitidiero-processo-civil-2022,capitulo-vi-4,aula-13.html,unused,"This chapter covers Ações, not the lesson’s specific post-response regularization and judgment-state framework."
mitidiero-processo-civil-2022,capitulo-vii,aula-13.html,unused,"This chapter covers Os Moinhos de Vento, not the lesson’s specific post-response regularization and judgment-state framework."
mitidiero-processo-civil-2022,capitulo-viii,aula-13.html,unused,"This chapter covers Uma História sem Fim, not the lesson’s specific post-response regularization and judgment-state framework."
moodle-export-ar,moodle-export-ar,aula-13.html,unused,"This detached export is an AR service example, an earlier citation step."
moodle-export-certidao-ne,moodle-export-certidao-ne,aula-13.html,unused,"This detached export is an example of docket notice certification, not a post-response decision issue."
moodle-export-edital,exemplo-de-edital,aula-13.html,unused,"This detached export is an example of citation by edital, an earlier service step rather than post-response preparation."
moodle-export-mandado-cumprido,moodle-export-mandado-cumprido,aula-13.html,unused,"This detached export concerns a service-of-process return, an earlier procedural step."
moodle-export-mandado-nao-cumprido,moodle-export-mandado-nao-cumprido,aula-13.html,unused,"This detached export concerns a service-of-process return, an earlier procedural step."
moodle-model-ar,modelo-ar,aula-13.html,unused,"The AR model concerns proof of service by mail, an earlier citation step rather than post-response preparation."
moodle-model-certidao-ne,modelo-certidao-ne,aula-13.html,unused,"The NE certificate records docket notice, a service/notification mechanism outside the lesson’s decision-readiness scope."
moodle-model-edital,moodle-model-edital-document,aula-13.html,unused,"This edital is for citation in enforcement, a different procedural stage from preparing the merits case after response."
moodle-model-julgamento-sinceridade,moodle-model-julgamento-sinceridade,aula-13.html,supporting,"A short example shows a judge deciding after reading the initial and response; use as study context, not doctrine."
moodle-model-mandado-cumprido,moodle-model-mandado-cumprido,aula-13.html,unused,"This model documents completed service of process, an earlier citation step."
moodle-model-mandado-nao-cumprido,moodle-model-mandado-nao-cumprido,aula-13.html,unused,"This model documents failed service of process, an earlier citation step."
passos-teoria-nulidades,assigned-reading,aula-13.html,primary,Assigned reading on process nullities supplies the lesson’s basis for deciding whether post-response defects require regularization.
peer-note-carolina-leite-p2,peer-note-carolina-leite-p2,aula-13.html,unused,"These are P2 peer notes; the metadata does not connect them to this P1 lesson, and peer notes cannot support legal claims."
peer-note-resuminho,document,aula-13.html,unused,The general peer summary has no lesson-specific fit in its metadata and cannot support legal claims.
peer-note-whatsapp-00001291,peer-note-whatsapp-00001291,aula-13.html,unused,"This peer note is tagged C10, with no lesson-specific fit in the metadata; it is guidance only, not legal authority."
peer-note-whatsapp-00003003,peer-note-whatsapp-00003003,aula-13.html,unused,"This peer note has no lesson-specific topic in its metadata; it is guidance only, not legal authority."
taruffo-la-prova-1992,00-front-matter,aula-13.html,unused,"This chapter on Front matter and indice-sommario belongs to the later P2 theory-of-evidence lessons, not the choice between regularizing, judging, or instructing."
taruffo-la-prova-1992,01-prova-e-verita,aula-13.html,unused,"This chapter on Prova e verità nel processo civile belongs to the later P2 theory-of-evidence lessons, not the choice between regularizing, judging, or instructing."
taruffo-la-prova-1992,02-il-fatto,aula-13.html,unused,"This chapter on Il fatto belongs to the later P2 theory-of-evidence lessons, not the choice between regularizing, judging, or instructing."
taruffo-la-prova-1992,03-verita-verosimiglianza-probabilita,aula-13.html,unused,"This chapter on Verità, verosimiglianza, probabilità belongs to the later P2 theory-of-evidence lessons, not the choice between regularizing, judging, or instructing."
taruffo-la-prova-1992,04-ipotesi-prove-scelte,aula-13.html,unused,"This chapter on Ipotesi, prove, scelte belongs to the later P2 theory-of-evidence lessons, not the choice between regularizing, judging, or instructing."
taruffo-la-prova-1992,05-prova-giuridica,aula-13.html,unused,"This chapter on La prova giuridica belongs to the later P2 theory-of-evidence lessons, not the choice between regularizing, judging, or instructing."
taruffo-la-prova-1992,06-lessico-delle-prove,aula-13.html,unused,"This chapter on Elementi per un lessico delle prove belongs to the later P2 theory-of-evidence lessons, not the choice between regularizing, judging, or instructing."
taruffo-la-prova-1992,07-indici,aula-13.html,unused,"This chapter on Indici analitico e delle fonti belongs to the later P2 theory-of-evidence lessons, not the choice between regularizing, judging, or instructing."
cpc-lei-13105-capture-2026-09-28,Art. 1,aula-13.html,unused,"Art. 1: O processo civil será ordenado, disciplinado e interpretado…; matéria fora das providências pós-resposta, saneamento e julgamento deste recorte."
cpc-lei-13105-capture-2026-09-28,Art. 2,aula-13.html,unused,"Art. 2: O processo começa por iniciativa da parte e se desenvolve por…; matéria fora das providências pós-resposta, saneamento e julgamento deste recorte."
cpc-lei-13105-capture-2026-09-28,Art. 3,aula-13.html,unused,"Art. 3: Não se excluirá da apreciação jurisdicional ameaça ou lesão a…; matéria fora das providências pós-resposta, saneamento e julgamento deste recorte."
cpc-lei-13105-capture-2026-09-28,Art. 4,aula-13.html,unused,"Art. 4: As partes têm o direito de obter em prazo razoável a solução…; matéria fora das providências pós-resposta, saneamento e julgamento deste recorte."
cpc-lei-13105-capture-2026-09-28,Art. 5,aula-13.html,unused,"Art. 5: Aquele que de qualquer forma participa do processo deve…; matéria fora das providências pós-resposta, saneamento e julgamento deste recorte."
cpc-lei-13105-capture-2026-09-28,Art. 6,aula-13.html,unused,"Art. 6: Todos os sujeitos do processo devem cooperar entre si para que…; matéria fora das providências pós-resposta, saneamento e julgamento deste recorte."
cpc-lei-13105-capture-2026-09-28,Art. 7,aula-13.html,unused,"Art. 7: É assegurada às partes paridade de tratamento em relação ao…; matéria fora das providências pós-resposta, saneamento e julgamento deste recorte."
cpc-lei-13105-capture-2026-09-28,Art. 8,aula-13.html,unused,"Art. 8: Ao aplicar o ordenamento jurídico, o juiz atenderá aos fins…; matéria fora das providências pós-resposta, saneamento e julgamento deste recorte."
cpc-lei-13105-capture-2026-09-28,Art. 9,aula-13.html,unused,"Art. 9: Não se proferirá decisão contra uma das partes sem que ela seja…; matéria fora das providências pós-resposta, saneamento e julgamento deste recorte."
cpc-lei-13105-capture-2026-09-28,Art. 10,aula-13.html,unused,"Art. 10: O juiz não pode decidir, em grau algum de jurisdição, com base…; matéria fora das providências pós-resposta, saneamento e julgamento deste recorte."
cpc-lei-13105-capture-2026-09-28,Art. 11,aula-13.html,unused,"Art. 11: Todos os julgamentos dos órgãos do Poder Judiciário serão…; matéria fora das providências pós-resposta, saneamento e julgamento deste recorte."
cpc-lei-13105-capture-2026-09-28,Art. 12,aula-13.html,unused,"Art. 12: Os juízes e os tribunais deverão obedecer à ordem cronológica de…; matéria fora das providências pós-resposta, saneamento e julgamento deste recorte."
cpc-lei-13105-capture-2026-09-28,Art. 13,aula-13.html,unused,"Art. 13: A jurisdição civil será regida pelas normas processuais…; matéria fora das providências pós-resposta, saneamento e julgamento deste recorte."
cpc-lei-13105-capture-2026-09-28,Art. 14,aula-13.html,unused,"Art. 14: A norma processual não retroagirá e será aplicável imediatamente…; matéria fora das providências pós-resposta, saneamento e julgamento deste recorte."
cpc-lei-13105-capture-2026-09-28,Art. 15,aula-13.html,unused,"Art. 15: Na ausência de normas que regulem processos eleitorais…; matéria fora das providências pós-resposta, saneamento e julgamento deste recorte."
cpc-lei-13105-capture-2026-09-28,Art. 16,aula-13.html,unused,"Art. 16: A jurisdição civil é exercida pelos juízes e pelos tribunais em…; matéria fora das providências pós-resposta, saneamento e julgamento deste recorte."
cpc-lei-13105-capture-2026-09-28,Art. 17,aula-13.html,unused,"Art. 17: Para postular em juízo é necessário ter interesse e legitimidade.; matéria fora das providências pós-resposta, saneamento e julgamento deste recorte."
cpc-lei-13105-capture-2026-09-28,Art. 18,aula-13.html,unused,"Art. 18: Ninguém poderá pleitear direito alheio em nome próprio, salvo…; matéria fora das providências pós-resposta, saneamento e julgamento deste recorte."
cpc-lei-13105-capture-2026-09-28,Art. 19,aula-13.html,unused,"Art. 19: O interesse do autor pode limitar-se à declaração…; matéria fora das providências pós-resposta, saneamento e julgamento deste recorte."
cpc-lei-13105-capture-2026-09-28,Art. 20,aula-13.html,unused,"Art. 20: É admissível a ação meramente declaratória, ainda que tenha…; matéria fora das providências pós-resposta, saneamento e julgamento deste recorte."
cpc-lei-13105-capture-2026-09-28,Art. 21,aula-13.html,unused,"Art. 21: Compete à autoridade judiciária brasileira processar e julgar as…; matéria fora das providências pós-resposta, saneamento e julgamento deste recorte."
cpc-lei-13105-capture-2026-09-28,Art. 22,aula-13.html,unused,"Art. 22: Compete, ainda, à autoridade judiciária brasileira processar e…; matéria fora das providências pós-resposta, saneamento e julgamento deste recorte."
cpc-lei-13105-capture-2026-09-28,Art. 23,aula-13.html,unused,"Art. 23: Compete à autoridade judiciária brasileira, com exclusão de…; matéria fora das providências pós-resposta, saneamento e julgamento deste recorte."
cpc-lei-13105-capture-2026-09-28,Art. 24,aula-13.html,unused,"Art. 24: A ação proposta perante tribunal estrangeiro não induz…; matéria fora das providências pós-resposta, saneamento e julgamento deste recorte."
cpc-lei-13105-capture-2026-09-28,Art. 25,aula-13.html,unused,"Art. 25: Não compete à autoridade judiciária brasileira o processamento e…; matéria fora das providências pós-resposta, saneamento e julgamento deste recorte."
cpc-lei-13105-capture-2026-09-28,Art. 26,aula-13.html,unused,"Art. 26: A cooperação jurídica internacional será regida por tratado de…; matéria fora das providências pós-resposta, saneamento e julgamento deste recorte."
cpc-lei-13105-capture-2026-09-28,Art. 27,aula-13.html,unused,"Art. 27: A cooperação jurídica internacional terá por objeto…; matéria fora das providências pós-resposta, saneamento e julgamento deste recorte."
cpc-lei-13105-capture-2026-09-28,Art. 28,aula-13.html,unused,"Art. 28: Cabe auxílio direto quando a medida não decorrer diretamente de…; matéria fora das providências pós-resposta, saneamento e julgamento deste recorte."
cpc-lei-13105-capture-2026-09-28,Art. 29,aula-13.html,unused,"Art. 29: A solicitação de auxílio direto será encaminhada pelo órgão…; matéria fora das providências pós-resposta, saneamento e julgamento deste recorte."
cpc-lei-13105-capture-2026-09-28,Art. 30,aula-13.html,unused,"Art. 30: Além dos casos previstos em tratados de que o Brasil faz parte…; matéria fora das providências pós-resposta, saneamento e julgamento deste recorte."
cpc-lei-13105-capture-2026-09-28,Art. 31,aula-13.html,unused,"Art. 31: A autoridade central brasileira comunicar-se-á diretamente com…; matéria fora das providências pós-resposta, saneamento e julgamento deste recorte."
cpc-lei-13105-capture-2026-09-28,Art. 32,aula-13.html,unused,"Art. 32: No caso de auxílio direto para a prática de atos que, segundo a…; matéria fora das providências pós-resposta, saneamento e julgamento deste recorte."
cpc-lei-13105-capture-2026-09-28,Art. 33,aula-13.html,unused,"Art. 33: Recebido o pedido de auxílio direto passivo, a autoridade…; matéria fora das providências pós-resposta, saneamento e julgamento deste recorte."
cpc-lei-13105-capture-2026-09-28,Art. 34,aula-13.html,unused,"Art. 34: Compete ao juízo federal do lugar em que deva ser executada a…; matéria fora das providências pós-resposta, saneamento e julgamento deste recorte."
cpc-lei-13105-capture-2026-09-28,Art. 35,aula-13.html,unused,"Art. 35 não oferece regra operativa para as providências pós-resposta, saneamento ou julgamento deste recorte."
cpc-lei-13105-capture-2026-09-28,Art. 36,aula-13.html,unused,"Art. 36: O procedimento da carta rogatória perante o Superior Tribunal de…; matéria fora das providências pós-resposta, saneamento e julgamento deste recorte."
cpc-lei-13105-capture-2026-09-28,Art. 37,aula-13.html,unused,"Art. 37: O pedido de cooperação jurídica internacional oriundo de…; matéria fora das providências pós-resposta, saneamento e julgamento deste recorte."
cpc-lei-13105-capture-2026-09-28,Art. 38,aula-13.html,unused,"Art. 38: O pedido de cooperação oriundo de autoridade brasileira…; matéria fora das providências pós-resposta, saneamento e julgamento deste recorte."
cpc-lei-13105-capture-2026-09-28,Art. 39,aula-13.html,unused,"Art. 39: O pedido passivo de cooperação jurídica internacional será…; matéria fora das providências pós-resposta, saneamento e julgamento deste recorte."
cpc-lei-13105-capture-2026-09-28,Art. 40,aula-13.html,unused,"Art. 40: A cooperação jurídica internacional para execução de decisão…; matéria fora das providências pós-resposta, saneamento e julgamento deste recorte."
cpc-lei-13105-capture-2026-09-28,Art. 41,aula-13.html,unused,"Art. 41: Considera-se autêntico o documento que instruir pedido de…; matéria fora das providências pós-resposta, saneamento e julgamento deste recorte."
cpc-lei-13105-capture-2026-09-28,Art. 42,aula-13.html,unused,"Art. 42: As causas cíveis serão processadas e decididas pelo juiz nos…; matéria fora das providências pós-resposta, saneamento e julgamento deste recorte."
cpc-lei-13105-capture-2026-09-28,Art. 43,aula-13.html,unused,"Art. 43: Determina-se a competência no momento do registro ou da…; matéria fora das providências pós-resposta, saneamento e julgamento deste recorte."
cpc-lei-13105-capture-2026-09-28,Art. 44,aula-13.html,unused,"Art. 44: Obedecidos os limites estabelecidos pela…; matéria fora das providências pós-resposta, saneamento e julgamento deste recorte."
cpc-lei-13105-capture-2026-09-28,Art. 45,aula-13.html,unused,"Art. 45: Tramitando o processo perante outro juízo, os autos serão…; matéria fora das providências pós-resposta, saneamento e julgamento deste recorte."
cpc-lei-13105-capture-2026-09-28,Art. 46,aula-13.html,unused,"Art. 46: A ação fundada em direito pessoal ou em direito real sobre bens…; matéria fora das providências pós-resposta, saneamento e julgamento deste recorte."
cpc-lei-13105-capture-2026-09-28,Art. 47,aula-13.html,unused,"Art. 47: Para as ações fundadas em direito real sobre imóveis é…; matéria fora das providências pós-resposta, saneamento e julgamento deste recorte."
cpc-lei-13105-capture-2026-09-28,Art. 48,aula-13.html,unused,"Art. 48: O foro de domicílio do autor da herança, no Brasil, é o…; matéria fora das providências pós-resposta, saneamento e julgamento deste recorte."
cpc-lei-13105-capture-2026-09-28,Art. 49,aula-13.html,unused,"Art. 49: A ação em que o ausente for réu será proposta no foro de seu…; matéria fora das providências pós-resposta, saneamento e julgamento deste recorte."
cpc-lei-13105-capture-2026-09-28,Art. 50,aula-13.html,unused,"Art. 50: A ação em que o incapaz for réu será proposta no foro de…; matéria fora das providências pós-resposta, saneamento e julgamento deste recorte."
cpc-lei-13105-capture-2026-09-28,Art. 51,aula-13.html,unused,"Art. 51: É competente o foro de domicílio do réu para as causas em que…; matéria fora das providências pós-resposta, saneamento e julgamento deste recorte."
cpc-lei-13105-capture-2026-09-28,Art. 52,aula-13.html,unused,"Art. 52: É competente o foro de domicílio do réu para as causas em que…; matéria fora das providências pós-resposta, saneamento e julgamento deste recorte."
cpc-lei-13105-capture-2026-09-28,Art. 53,aula-13.html,unused,"Art. 53: É competente o foro…; matéria fora das providências pós-resposta, saneamento e julgamento deste recorte."
cpc-lei-13105-capture-2026-09-28,Art. 54,aula-13.html,unused,"Art. 54: A competência relativa poderá modificar-se pela conexão ou pela…; matéria fora das providências pós-resposta, saneamento e julgamento deste recorte."
cpc-lei-13105-capture-2026-09-28,Art. 55,aula-13.html,unused,"Art. 55: Reputam-se conexas 2 (duas) ou mais ações quando lhes for comum…; matéria fora das providências pós-resposta, saneamento e julgamento deste recorte."
cpc-lei-13105-capture-2026-09-28,Art. 56,aula-13.html,unused,"Art. 56: Dá-se a continência entre 2 (duas) ou mais ações quando houver…; matéria fora das providências pós-resposta, saneamento e julgamento deste recorte."
cpc-lei-13105-capture-2026-09-28,Art. 57,aula-13.html,unused,"Art. 57: Quando houver continência e a ação continente tiver sido…; matéria fora das providências pós-resposta, saneamento e julgamento deste recorte."
cpc-lei-13105-capture-2026-09-28,Art. 58,aula-13.html,unused,"Art. 58: A reunião das ações propostas em separado far-se-á no juízo…; matéria fora das providências pós-resposta, saneamento e julgamento deste recorte."
cpc-lei-13105-capture-2026-09-28,Art. 59,aula-13.html,unused,"Art. 59: O registro ou a distribuição da petição inicial torna prevento o…; matéria fora das providências pós-resposta, saneamento e julgamento deste recorte."
cpc-lei-13105-capture-2026-09-28,Art. 60,aula-13.html,unused,"Art. 60: Se o imóvel se achar situado em mais de um Estado, comarca…; matéria fora das providências pós-resposta, saneamento e julgamento deste recorte."
cpc-lei-13105-capture-2026-09-28,Art. 61,aula-13.html,unused,"Art. 61: A ação acessória será proposta no juízo competente para a ação…; matéria fora das providências pós-resposta, saneamento e julgamento deste recorte."
cpc-lei-13105-capture-2026-09-28,Art. 62,aula-13.html,unused,"Art. 62: A competência determinada em razão da matéria, da pessoa ou da…; matéria fora das providências pós-resposta, saneamento e julgamento deste recorte."
cpc-lei-13105-capture-2026-09-28,Art. 63,aula-13.html,unused,"Art. 63: As partes podem modificar a competência em razão do valor e do…; matéria fora das providências pós-resposta, saneamento e julgamento deste recorte."
cpc-lei-13105-capture-2026-09-28,Art. 64,aula-13.html,unused,"Art. 64: A incompetência, absoluta ou relativa, será alegada como questão…; matéria fora das providências pós-resposta, saneamento e julgamento deste recorte."
cpc-lei-13105-capture-2026-09-28,Art. 65,aula-13.html,unused,"Art. 65: Prorrogar-se-á a competência relativa se o réu não alegar a…; matéria fora das providências pós-resposta, saneamento e julgamento deste recorte."
cpc-lei-13105-capture-2026-09-28,Art. 66,aula-13.html,unused,"Art. 66: Há conflito de competência quando…; matéria fora das providências pós-resposta, saneamento e julgamento deste recorte."
cpc-lei-13105-capture-2026-09-28,Art. 67,aula-13.html,unused,"Art. 67: Aos órgãos do Poder Judiciário, estadual ou federal…; matéria fora das providências pós-resposta, saneamento e julgamento deste recorte."
cpc-lei-13105-capture-2026-09-28,Art. 68,aula-13.html,unused,"Art. 68: Os juízos poderão formular entre si pedido de cooperação para…; matéria fora das providências pós-resposta, saneamento e julgamento deste recorte."
cpc-lei-13105-capture-2026-09-28,Art. 69,aula-13.html,unused,"Art. 69: O pedido de cooperação jurisdicional deve ser prontamente…; matéria fora das providências pós-resposta, saneamento e julgamento deste recorte."
cpc-lei-13105-capture-2026-09-28,Art. 70,aula-13.html,unused,"Art. 70: Toda pessoa que se encontre no exercício de seus direitos tem…; matéria fora das providências pós-resposta, saneamento e julgamento deste recorte."
cpc-lei-13105-capture-2026-09-28,Art. 71,aula-13.html,unused,"Art. 71: O incapaz será representado ou assistido por seus pais, por…; matéria fora das providências pós-resposta, saneamento e julgamento deste recorte."
cpc-lei-13105-capture-2026-09-28,Art. 72,aula-13.html,unused,"Art. 72: O juiz nomeará curador especial ao…; matéria fora das providências pós-resposta, saneamento e julgamento deste recorte."
cpc-lei-13105-capture-2026-09-28,Art. 73,aula-13.html,unused,"Art. 73: O cônjuge necessitará do consentimento do outro para propor ação…; matéria fora das providências pós-resposta, saneamento e julgamento deste recorte."
cpc-lei-13105-capture-2026-09-28,Art. 74,aula-13.html,unused,"Art. 74: O consentimento previsto no…; matéria fora das providências pós-resposta, saneamento e julgamento deste recorte."
cpc-lei-13105-capture-2026-09-28,Art. 75,aula-13.html,unused,"Art. 75: Serão representados em juízo, ativa e passivamente…; matéria fora das providências pós-resposta, saneamento e julgamento deste recorte."
cpc-lei-13105-capture-2026-09-28,Art. 76,aula-13.html,unused,"Art. 76: Verificada a incapacidade processual ou a irregularidade da…; matéria fora das providências pós-resposta, saneamento e julgamento deste recorte."
cpc-lei-13105-capture-2026-09-28,Art. 77,aula-13.html,unused,"Art. 77: Além de outros previstos neste Código, são deveres das partes…; matéria fora das providências pós-resposta, saneamento e julgamento deste recorte."
cpc-lei-13105-capture-2026-09-28,Art. 78,aula-13.html,unused,"Art. 78: É vedado às partes, a seus procuradores, aos juízes, aos membros…; matéria fora das providências pós-resposta, saneamento e julgamento deste recorte."
cpc-lei-13105-capture-2026-09-28,Art. 79,aula-13.html,unused,"Art. 79: Responde por perdas e danos aquele que litigar de má-fé como…; matéria fora das providências pós-resposta, saneamento e julgamento deste recorte."
cpc-lei-13105-capture-2026-09-28,Art. 80,aula-13.html,unused,"Art. 80: Considera-se litigante de má-fé aquele que…; matéria fora das providências pós-resposta, saneamento e julgamento deste recorte."
cpc-lei-13105-capture-2026-09-28,Art. 81,aula-13.html,unused,"Art. 81: De ofício ou a requerimento, o juiz condenará o litigante de…; matéria fora das providências pós-resposta, saneamento e julgamento deste recorte."
cpc-lei-13105-capture-2026-09-28,Art. 82,aula-13.html,unused,"Art. 82: Salvo as disposições concernentes à gratuidade da justiça…; matéria fora das providências pós-resposta, saneamento e julgamento deste recorte."
cpc-lei-13105-capture-2026-09-28,Art. 83,aula-13.html,unused,"Art. 83: O autor, brasileiro ou estrangeiro, que residir fora do Brasil…; matéria fora das providências pós-resposta, saneamento e julgamento deste recorte."
cpc-lei-13105-capture-2026-09-28,Art. 84,aula-13.html,unused,"Art. 84: As despesas abrangem as custas dos atos do processo, a…; matéria fora das providências pós-resposta, saneamento e julgamento deste recorte."
cpc-lei-13105-capture-2026-09-28,Art. 85,aula-13.html,unused,"Art. 85: A sentença condenará o vencido a pagar honorários ao advogado do…; matéria fora das providências pós-resposta, saneamento e julgamento deste recorte."
cpc-lei-13105-capture-2026-09-28,Art. 86,aula-13.html,unused,"Art. 86: Se cada litigante for, em parte, vencedor e vencido, serão…; matéria fora das providências pós-resposta, saneamento e julgamento deste recorte."
cpc-lei-13105-capture-2026-09-28,Art. 87,aula-13.html,unused,"Art. 87: Concorrendo diversos autores ou diversos réus, os vencidos…; matéria fora das providências pós-resposta, saneamento e julgamento deste recorte."
cpc-lei-13105-capture-2026-09-28,Art. 88,aula-13.html,unused,"Art. 88: Nos procedimentos de jurisdição voluntária, as despesas serão…; matéria fora das providências pós-resposta, saneamento e julgamento deste recorte."
cpc-lei-13105-capture-2026-09-28,Art. 89,aula-13.html,unused,"Art. 89: Nos juízos divisórios, não havendo litígio, os interessados…; matéria fora das providências pós-resposta, saneamento e julgamento deste recorte."
cpc-lei-13105-capture-2026-09-28,Art. 90,aula-13.html,unused,"Art. 90: Proferida sentença com fundamento em desistência, em renúncia ou…; matéria fora das providências pós-resposta, saneamento e julgamento deste recorte."
cpc-lei-13105-capture-2026-09-28,Art. 91,aula-13.html,unused,"Art. 91: As despesas dos atos processuais praticados a requerimento da…; matéria fora das providências pós-resposta, saneamento e julgamento deste recorte."
cpc-lei-13105-capture-2026-09-28,Art. 92,aula-13.html,unused,"Art. 92: Quando, a requerimento do réu, o juiz proferir sentença sem…; matéria fora das providências pós-resposta, saneamento e julgamento deste recorte."
cpc-lei-13105-capture-2026-09-28,Art. 93,aula-13.html,unused,"Art. 93: As despesas de atos adiados ou cuja repetição for necessária…; matéria fora das providências pós-resposta, saneamento e julgamento deste recorte."
cpc-lei-13105-capture-2026-09-28,Art. 94,aula-13.html,unused,"Art. 94: Se o assistido for vencido, o assistente será condenado ao…; matéria fora das providências pós-resposta, saneamento e julgamento deste recorte."
cpc-lei-13105-capture-2026-09-28,Art. 95,aula-13.html,unused,"Art. 95: Cada parte adiantará a remuneração do assistente técnico que…; matéria fora das providências pós-resposta, saneamento e julgamento deste recorte."
cpc-lei-13105-capture-2026-09-28,Art. 96,aula-13.html,unused,"Art. 96: O valor das sanções impostas ao litigante de má-fé reverterá em…; matéria fora das providências pós-resposta, saneamento e julgamento deste recorte."
cpc-lei-13105-capture-2026-09-28,Art. 97,aula-13.html,unused,"Art. 97: A União e os Estados podem criar fundos de modernização do Poder…; matéria fora das providências pós-resposta, saneamento e julgamento deste recorte."
cpc-lei-13105-capture-2026-09-28,Art. 98,aula-13.html,unused,"Art. 98: A pessoa natural ou jurídica, brasileira ou estrangeira, com…; matéria fora das providências pós-resposta, saneamento e julgamento deste recorte."
cpc-lei-13105-capture-2026-09-28,Art. 99,aula-13.html,unused,"Art. 99: O pedido de gratuidade da justiça pode ser formulado na petição…; matéria fora das providências pós-resposta, saneamento e julgamento deste recorte."
cpc-lei-13105-capture-2026-09-28,Art. 100,aula-13.html,unused,"Art. 100: Deferido o pedido, a parte contrária poderá oferecer impugnação…; matéria fora das providências pós-resposta, saneamento e julgamento deste recorte."
cpc-lei-13105-capture-2026-09-28,Art. 101,aula-13.html,unused,"Art. 101: Contra a decisão que indeferir a gratuidade ou a que acolher…; matéria fora das providências pós-resposta, saneamento e julgamento deste recorte."
cpc-lei-13105-capture-2026-09-28,Art. 102,aula-13.html,unused,"Art. 102: Sobrevindo o trânsito em julgado de decisão que revoga a…; matéria fora das providências pós-resposta, saneamento e julgamento deste recorte."
cpc-lei-13105-capture-2026-09-28,Art. 103,aula-13.html,unused,"Art. 103: A parte será representada em juízo por advogado regularmente…; matéria fora das providências pós-resposta, saneamento e julgamento deste recorte."
cpc-lei-13105-capture-2026-09-28,Art. 104,aula-13.html,unused,"Art. 104: O advogado não será admitido a postular em juízo sem procuração…; matéria fora das providências pós-resposta, saneamento e julgamento deste recorte."
cpc-lei-13105-capture-2026-09-28,Art. 105,aula-13.html,unused,"Art. 105: A procuração geral para o foro, outorgada por instrumento…; matéria fora das providências pós-resposta, saneamento e julgamento deste recorte."
cpc-lei-13105-capture-2026-09-28,Art. 106,aula-13.html,unused,"Art. 106: Quando postular em causa própria, incumbe ao advogado…; matéria fora das providências pós-resposta, saneamento e julgamento deste recorte."
cpc-lei-13105-capture-2026-09-28,Art. 107,aula-13.html,unused,"Art. 107: O advogado tem direito a…; matéria fora das providências pós-resposta, saneamento e julgamento deste recorte."
cpc-lei-13105-capture-2026-09-28,Art. 108,aula-13.html,unused,"Art. 108: No curso do processo, somente é lícita a sucessão voluntária das…; matéria fora das providências pós-resposta, saneamento e julgamento deste recorte."
cpc-lei-13105-capture-2026-09-28,Art. 109,aula-13.html,unused,"Art. 109: A alienação da coisa ou do direito litigioso por ato entre…; matéria fora das providências pós-resposta, saneamento e julgamento deste recorte."
cpc-lei-13105-capture-2026-09-28,Art. 110,aula-13.html,unused,"Art. 110: Ocorrendo a morte de qualquer das partes, dar-se-á a sucessão…; matéria fora das providências pós-resposta, saneamento e julgamento deste recorte."
cpc-lei-13105-capture-2026-09-28,Art. 111,aula-13.html,unused,"Art. 111: A parte que revogar o mandato outorgado a seu advogado…; matéria fora das providências pós-resposta, saneamento e julgamento deste recorte."
cpc-lei-13105-capture-2026-09-28,Art. 112,aula-13.html,unused,"Art. 112: O advogado poderá renunciar ao mandato a qualquer tempo…; matéria fora das providências pós-resposta, saneamento e julgamento deste recorte."
cpc-lei-13105-capture-2026-09-28,Art. 113,aula-13.html,unused,"Art. 113: Duas ou mais pessoas podem litigar, no mesmo processo, em…; matéria fora das providências pós-resposta, saneamento e julgamento deste recorte."
cpc-lei-13105-capture-2026-09-28,Art. 114,aula-13.html,unused,"Art. 114: O litisconsórcio será necessário por disposição de lei ou…; matéria fora das providências pós-resposta, saneamento e julgamento deste recorte."
cpc-lei-13105-capture-2026-09-28,Art. 115,aula-13.html,unused,"Art. 115: A sentença de mérito, quando proferida sem a integração do…; matéria fora das providências pós-resposta, saneamento e julgamento deste recorte."
cpc-lei-13105-capture-2026-09-28,Art. 116,aula-13.html,unused,"Art. 116: O litisconsórcio será unitário quando, pela natureza da relação…; matéria fora das providências pós-resposta, saneamento e julgamento deste recorte."
cpc-lei-13105-capture-2026-09-28,Art. 117,aula-13.html,unused,"Art. 117: Os litisconsortes serão considerados, em suas relações com a…; matéria fora das providências pós-resposta, saneamento e julgamento deste recorte."
cpc-lei-13105-capture-2026-09-28,Art. 118,aula-13.html,unused,"Art. 118: Cada litisconsorte tem o direito de promover o andamento do…; matéria fora das providências pós-resposta, saneamento e julgamento deste recorte."
cpc-lei-13105-capture-2026-09-28,Art. 119,aula-13.html,unused,"Art. 119: Pendendo causa entre 2 (duas) ou mais pessoas, o terceiro…; matéria fora das providências pós-resposta, saneamento e julgamento deste recorte."
cpc-lei-13105-capture-2026-09-28,Art. 120,aula-13.html,unused,"Art. 120: Não havendo impugnação no prazo de 15 (quinze) dias, o pedido do…; matéria fora das providências pós-resposta, saneamento e julgamento deste recorte."
cpc-lei-13105-capture-2026-09-28,Art. 121,aula-13.html,unused,"Art. 121: O assistente simples atuará como auxiliar da parte principal…; matéria fora das providências pós-resposta, saneamento e julgamento deste recorte."
cpc-lei-13105-capture-2026-09-28,Art. 122,aula-13.html,unused,"Art. 122: A assistência simples não obsta a que a parte principal…; matéria fora das providências pós-resposta, saneamento e julgamento deste recorte."
cpc-lei-13105-capture-2026-09-28,Art. 123,aula-13.html,unused,"Art. 123: Transitada em julgado a sentença no processo em que interveio o…; matéria fora das providências pós-resposta, saneamento e julgamento deste recorte."
cpc-lei-13105-capture-2026-09-28,Art. 124,aula-13.html,unused,"Art. 124: Considera-se litisconsorte da parte principal o assistente…; matéria fora das providências pós-resposta, saneamento e julgamento deste recorte."
cpc-lei-13105-capture-2026-09-28,Art. 125,aula-13.html,unused,"Art. 125: É admissível a denunciação da lide, promovida por qualquer das…; matéria fora das providências pós-resposta, saneamento e julgamento deste recorte."
cpc-lei-13105-capture-2026-09-28,Art. 126,aula-13.html,unused,"Art. 126: A citação do denunciado será requerida na petição inicial, se o…; matéria fora das providências pós-resposta, saneamento e julgamento deste recorte."
cpc-lei-13105-capture-2026-09-28,Art. 127,aula-13.html,unused,"Art. 127: Feita a denunciação pelo autor, o denunciado poderá assumir a…; matéria fora das providências pós-resposta, saneamento e julgamento deste recorte."
cpc-lei-13105-capture-2026-09-28,Art. 128,aula-13.html,unused,"Art. 128: Feita a denunciação pelo réu…; matéria fora das providências pós-resposta, saneamento e julgamento deste recorte."
cpc-lei-13105-capture-2026-09-28,Art. 129,aula-13.html,unused,"Art. 129: Se o denunciante for vencido na ação principal, o juiz passará…; matéria fora das providências pós-resposta, saneamento e julgamento deste recorte."
cpc-lei-13105-capture-2026-09-28,Art. 130,aula-13.html,unused,"Art. 130: É admissível o chamamento ao processo, requerido pelo réu…; matéria fora das providências pós-resposta, saneamento e julgamento deste recorte."
cpc-lei-13105-capture-2026-09-28,Art. 131,aula-13.html,unused,"Art. 131: A citação daqueles que devam figurar em litisconsórcio passivo…; matéria fora das providências pós-resposta, saneamento e julgamento deste recorte."
cpc-lei-13105-capture-2026-09-28,Art. 132,aula-13.html,unused,"Art. 132: A sentença de procedência valerá como título executivo em favor…; matéria fora das providências pós-resposta, saneamento e julgamento deste recorte."
cpc-lei-13105-capture-2026-09-28,Art. 133,aula-13.html,unused,"Art. 133: O incidente de desconsideração da personalidade jurídica será…; matéria fora das providências pós-resposta, saneamento e julgamento deste recorte."
cpc-lei-13105-capture-2026-09-28,Art. 134,aula-13.html,unused,"Art. 134: O incidente de desconsideração é cabível em todas as fases do…; matéria fora das providências pós-resposta, saneamento e julgamento deste recorte."
cpc-lei-13105-capture-2026-09-28,Art. 135,aula-13.html,unused,"Art. 135: Instaurado o incidente, o sócio ou a pessoa jurídica será citado…; matéria fora das providências pós-resposta, saneamento e julgamento deste recorte."
cpc-lei-13105-capture-2026-09-28,Art. 136,aula-13.html,unused,"Art. 136: Concluída a instrução, se necessária, o incidente será resolvido…; matéria fora das providências pós-resposta, saneamento e julgamento deste recorte."
cpc-lei-13105-capture-2026-09-28,Art. 137,aula-13.html,unused,"Art. 137: Acolhido o pedido de desconsideração, a alienação ou a oneração…; matéria fora das providências pós-resposta, saneamento e julgamento deste recorte."
cpc-lei-13105-capture-2026-09-28,Art. 138,aula-13.html,unused,"Art. 138: O juiz ou o relator, considerando a relevância da matéria, a…; matéria fora das providências pós-resposta, saneamento e julgamento deste recorte."
cpc-lei-13105-capture-2026-09-28,Art. 139,aula-13.html,unused,"Art. 139: O juiz dirigirá o processo conforme as disposições deste Código…; matéria fora das providências pós-resposta, saneamento e julgamento deste recorte."
cpc-lei-13105-capture-2026-09-28,Art. 140,aula-13.html,unused,"Art. 140: O juiz não se exime de decidir sob a alegação de lacuna ou…; matéria fora das providências pós-resposta, saneamento e julgamento deste recorte."
cpc-lei-13105-capture-2026-09-28,Art. 141,aula-13.html,unused,"Art. 141: O juiz decidirá o mérito nos limites propostos pelas partes…; matéria fora das providências pós-resposta, saneamento e julgamento deste recorte."
cpc-lei-13105-capture-2026-09-28,Art. 142,aula-13.html,unused,"Art. 142: Convencendo-se, pelas circunstâncias, de que autor e réu se…; matéria fora das providências pós-resposta, saneamento e julgamento deste recorte."
cpc-lei-13105-capture-2026-09-28,Art. 143,aula-13.html,unused,"Art. 143: O juiz responderá, civil e regressivamente, por perdas e danos…; matéria fora das providências pós-resposta, saneamento e julgamento deste recorte."
cpc-lei-13105-capture-2026-09-28,Art. 144,aula-13.html,unused,"Art. 144: Há impedimento do juiz, sendo-lhe vedado exercer suas funções no…; matéria fora das providências pós-resposta, saneamento e julgamento deste recorte."
cpc-lei-13105-capture-2026-09-28,Art. 145,aula-13.html,unused,"Art. 145: Há suspeição do juiz…; matéria fora das providências pós-resposta, saneamento e julgamento deste recorte."
cpc-lei-13105-capture-2026-09-28,Art. 146,aula-13.html,unused,"Art. 146: No prazo de 15 (quinze) dias, a contar do conhecimento do fato…; matéria fora das providências pós-resposta, saneamento e julgamento deste recorte."
cpc-lei-13105-capture-2026-09-28,Art. 147,aula-13.html,unused,"Art. 147: Quando 2 (dois) ou mais juízes forem parentes, consanguíneos ou…; matéria fora das providências pós-resposta, saneamento e julgamento deste recorte."
cpc-lei-13105-capture-2026-09-28,Art. 148,aula-13.html,unused,"Art. 148: Aplicam-se os motivos de impedimento e de suspeição…; matéria fora das providências pós-resposta, saneamento e julgamento deste recorte."
cpc-lei-13105-capture-2026-09-28,Art. 149,aula-13.html,unused,"Art. 149: São auxiliares da Justiça, além de outros cujas atribuições…; matéria fora das providências pós-resposta, saneamento e julgamento deste recorte."
cpc-lei-13105-capture-2026-09-28,Art. 150,aula-13.html,unused,"Art. 150: Em cada juízo haverá um ou mais ofícios de justiça, cujas…; matéria fora das providências pós-resposta, saneamento e julgamento deste recorte."
cpc-lei-13105-capture-2026-09-28,Art. 151,aula-13.html,unused,"Art. 151: Em cada comarca, seção ou subseção judiciária haverá, no mínimo…; matéria fora das providências pós-resposta, saneamento e julgamento deste recorte."
cpc-lei-13105-capture-2026-09-28,Art. 152,aula-13.html,unused,"Art. 152: Incumbe ao escrivão ou ao chefe de secretaria…; matéria fora das providências pós-resposta, saneamento e julgamento deste recorte."
cpc-lei-13105-capture-2026-09-28,Art. 153,aula-13.html,unused,"Art. 153: O escrivão ou chefe de secretaria deverá obedecer à ordem…; matéria fora das providências pós-resposta, saneamento e julgamento deste recorte."
cpc-lei-13105-capture-2026-09-28,Art. 154,aula-13.html,unused,"Art. 154: Incumbe ao oficial de justiça…; matéria fora das providências pós-resposta, saneamento e julgamento deste recorte."
cpc-lei-13105-capture-2026-09-28,Art. 155,aula-13.html,unused,"Art. 155: O escrivão, o chefe de secretaria e o oficial de justiça são…; matéria fora das providências pós-resposta, saneamento e julgamento deste recorte."
cpc-lei-13105-capture-2026-09-28,Art. 156,aula-13.html,unused,"Art. 156: O juiz será assistido por perito quando a prova do fato depender…; matéria fora das providências pós-resposta, saneamento e julgamento deste recorte."
cpc-lei-13105-capture-2026-09-28,Art. 157,aula-13.html,unused,"Art. 157: O perito tem o dever de cumprir o ofício no prazo que lhe…; matéria fora das providências pós-resposta, saneamento e julgamento deste recorte."
cpc-lei-13105-capture-2026-09-28,Art. 158,aula-13.html,unused,"Art. 158: O perito que, por dolo ou culpa, prestar informações inverídicas…; matéria fora das providências pós-resposta, saneamento e julgamento deste recorte."
cpc-lei-13105-capture-2026-09-28,Art. 159,aula-13.html,unused,"Art. 159: A guarda e a conservação de bens penhorados, arrestados…; matéria fora das providências pós-resposta, saneamento e julgamento deste recorte."
cpc-lei-13105-capture-2026-09-28,Art. 160,aula-13.html,unused,"Art. 160: Por seu trabalho o depositário ou o administrador perceberá…; matéria fora das providências pós-resposta, saneamento e julgamento deste recorte."
cpc-lei-13105-capture-2026-09-28,Art. 161,aula-13.html,unused,"Art. 161: O depositário ou o administrador responde pelos prejuízos que…; matéria fora das providências pós-resposta, saneamento e julgamento deste recorte."
cpc-lei-13105-capture-2026-09-28,Art. 162,aula-13.html,unused,"Art. 162: O juiz nomeará intérprete ou tradutor quando necessário para…; matéria fora das providências pós-resposta, saneamento e julgamento deste recorte."
cpc-lei-13105-capture-2026-09-28,Art. 163,aula-13.html,unused,"Art. 163: Não pode ser intérprete ou tradutor quem…; matéria fora das providências pós-resposta, saneamento e julgamento deste recorte."
cpc-lei-13105-capture-2026-09-28,Art. 164,aula-13.html,unused,"Art. 164: O intérprete ou tradutor, oficial ou não, é obrigado a…; matéria fora das providências pós-resposta, saneamento e julgamento deste recorte."
cpc-lei-13105-capture-2026-09-28,Art. 165,aula-13.html,unused,"Art. 165: Os tribunais criarão centros judiciários de solução consensual…; matéria fora das providências pós-resposta, saneamento e julgamento deste recorte."
cpc-lei-13105-capture-2026-09-28,Art. 166,aula-13.html,unused,"Art. 166: A conciliação e a mediação são informadas pelos princípios da…; matéria fora das providências pós-resposta, saneamento e julgamento deste recorte."
cpc-lei-13105-capture-2026-09-28,Art. 167,aula-13.html,unused,"Art. 167: Os conciliadores, os mediadores e as câmaras privadas de…; matéria fora das providências pós-resposta, saneamento e julgamento deste recorte."
cpc-lei-13105-capture-2026-09-28,Art. 168,aula-13.html,unused,"Art. 168: As partes podem escolher, de comum acordo, o conciliador, o…; matéria fora das providências pós-resposta, saneamento e julgamento deste recorte."
cpc-lei-13105-capture-2026-09-28,Art. 169,aula-13.html,unused,"Art. 169: Ressalvada a hipótese do…; matéria fora das providências pós-resposta, saneamento e julgamento deste recorte."
cpc-lei-13105-capture-2026-09-28,Art. 170,aula-13.html,unused,"Art. 170: No caso de impedimento, o conciliador ou mediador o comunicará…; matéria fora das providências pós-resposta, saneamento e julgamento deste recorte."
cpc-lei-13105-capture-2026-09-28,Art. 171,aula-13.html,unused,"Art. 171: No caso de impossibilidade temporária do exercício da função, o…; matéria fora das providências pós-resposta, saneamento e julgamento deste recorte."
cpc-lei-13105-capture-2026-09-28,Art. 172,aula-13.html,unused,"Art. 172: O conciliador e o mediador ficam impedidos, pelo prazo de 1 (um)…; matéria fora das providências pós-resposta, saneamento e julgamento deste recorte."
cpc-lei-13105-capture-2026-09-28,Art. 173,aula-13.html,unused,"Art. 173: Será excluído do cadastro de conciliadores e mediadores aquele que…; matéria fora das providências pós-resposta, saneamento e julgamento deste recorte."
cpc-lei-13105-capture-2026-09-28,Art. 174,aula-13.html,unused,"Art. 174: A União, os Estados, o Distrito Federal e os Municípios criarão…; matéria fora das providências pós-resposta, saneamento e julgamento deste recorte."
cpc-lei-13105-capture-2026-09-28,Art. 175,aula-13.html,unused,"Art. 175: As disposições desta Seção não excluem outras formas de…; matéria fora das providências pós-resposta, saneamento e julgamento deste recorte."
cpc-lei-13105-capture-2026-09-28,Art. 176,aula-13.html,unused,"Art. 176: O Ministério Público atuará na defesa da ordem jurídica, do…; matéria fora das providências pós-resposta, saneamento e julgamento deste recorte."
cpc-lei-13105-capture-2026-09-28,Art. 177,aula-13.html,unused,"Art. 177: O Ministério Público exercerá o direito de ação em conformidade…; matéria fora das providências pós-resposta, saneamento e julgamento deste recorte."
cpc-lei-13105-capture-2026-09-28,Art. 178,aula-13.html,unused,"Art. 178: O Ministério Público será intimado para, no prazo de 30 (trinta)…; matéria fora das providências pós-resposta, saneamento e julgamento deste recorte."
cpc-lei-13105-capture-2026-09-28,Art. 179,aula-13.html,unused,"Art. 179: Nos casos de intervenção como fiscal da ordem jurídica, o…; matéria fora das providências pós-resposta, saneamento e julgamento deste recorte."
cpc-lei-13105-capture-2026-09-28,Art. 180,aula-13.html,unused,"Art. 180: O Ministério Público gozará de prazo em dobro para manifestar-se…; matéria fora das providências pós-resposta, saneamento e julgamento deste recorte."
cpc-lei-13105-capture-2026-09-28,Art. 181,aula-13.html,unused,"Art. 181: O membro do Ministério Público será civil e regressivamente…; matéria fora das providências pós-resposta, saneamento e julgamento deste recorte."
cpc-lei-13105-capture-2026-09-28,Art. 182,aula-13.html,unused,"Art. 182: Incumbe à Advocacia Pública, na forma da lei, defender e…; matéria fora das providências pós-resposta, saneamento e julgamento deste recorte."
cpc-lei-13105-capture-2026-09-28,Art. 183,aula-13.html,unused,"Art. 183: A União, os Estados, o Distrito Federal, os Municípios e suas…; matéria fora das providências pós-resposta, saneamento e julgamento deste recorte."
cpc-lei-13105-capture-2026-09-28,Art. 184,aula-13.html,unused,"Art. 184: O membro da Advocacia Pública será civil e regressivamente…; matéria fora das providências pós-resposta, saneamento e julgamento deste recorte."
cpc-lei-13105-capture-2026-09-28,Art. 185,aula-13.html,unused,"Art. 185: A Defensoria Pública exercerá a orientação jurídica, a promoção…; matéria fora das providências pós-resposta, saneamento e julgamento deste recorte."
cpc-lei-13105-capture-2026-09-28,Art. 186,aula-13.html,unused,"Art. 186: A Defensoria Pública gozará de prazo em dobro para todas as suas…; matéria fora das providências pós-resposta, saneamento e julgamento deste recorte."
cpc-lei-13105-capture-2026-09-28,Art. 187,aula-13.html,unused,"Art. 187: O membro da Defensoria Pública será civil e regressivamente…; matéria fora das providências pós-resposta, saneamento e julgamento deste recorte."
cpc-lei-13105-capture-2026-09-28,Art. 188,aula-13.html,unused,"Art. 188: Os atos e os termos processuais independem de forma determinada…; matéria fora das providências pós-resposta, saneamento e julgamento deste recorte."
cpc-lei-13105-capture-2026-09-28,Art. 189,aula-13.html,unused,"Art. 189: Os atos processuais são públicos, todavia tramitam em segredo de…; matéria fora das providências pós-resposta, saneamento e julgamento deste recorte."
cpc-lei-13105-capture-2026-09-28,Art. 190,aula-13.html,unused,"Art. 190: Versando o processo sobre direitos que admitam autocomposição, é…; matéria fora das providências pós-resposta, saneamento e julgamento deste recorte."
cpc-lei-13105-capture-2026-09-28,Art. 191,aula-13.html,unused,"Art. 191: De comum acordo, o juiz e as partes podem fixar calendário para…; matéria fora das providências pós-resposta, saneamento e julgamento deste recorte."
cpc-lei-13105-capture-2026-09-28,Art. 192,aula-13.html,unused,"Art. 192: Em todos os atos e termos do processo é obrigatório o uso da…; matéria fora das providências pós-resposta, saneamento e julgamento deste recorte."
cpc-lei-13105-capture-2026-09-28,Art. 193,aula-13.html,unused,"Art. 193: Os atos processuais podem ser total ou parcialmente digitais, de…; matéria fora das providências pós-resposta, saneamento e julgamento deste recorte."
cpc-lei-13105-capture-2026-09-28,Art. 194,aula-13.html,unused,"Art. 194: Os sistemas de automação processual respeitarão a publicidade…; matéria fora das providências pós-resposta, saneamento e julgamento deste recorte."
cpc-lei-13105-capture-2026-09-28,Art. 195,aula-13.html,unused,"Art. 195: O registro de ato processual eletrônico deverá ser feito em…; matéria fora das providências pós-resposta, saneamento e julgamento deste recorte."
cpc-lei-13105-capture-2026-09-28,Art. 196,aula-13.html,unused,"Art. 196: Compete ao Conselho Nacional de Justiça e, supletivamente, aos…; matéria fora das providências pós-resposta, saneamento e julgamento deste recorte."
cpc-lei-13105-capture-2026-09-28,Art. 197,aula-13.html,unused,"Art. 197: Os tribunais divulgarão as informações constantes de seu sistema…; matéria fora das providências pós-resposta, saneamento e julgamento deste recorte."
cpc-lei-13105-capture-2026-09-28,Art. 198,aula-13.html,unused,"Art. 198: As unidades do Poder Judiciário deverão manter gratuitamente, à…; matéria fora das providências pós-resposta, saneamento e julgamento deste recorte."
cpc-lei-13105-capture-2026-09-28,Art. 199,aula-13.html,unused,"Art. 199: As unidades do Poder Judiciário assegurarão às pessoas com…; matéria fora das providências pós-resposta, saneamento e julgamento deste recorte."
cpc-lei-13105-capture-2026-09-28,Art. 200,aula-13.html,unused,"Art. 200: Os atos das partes consistentes em declarações unilaterais ou…; matéria fora das providências pós-resposta, saneamento e julgamento deste recorte."
cpc-lei-13105-capture-2026-09-28,Art. 201,aula-13.html,unused,"Art. 201: As partes poderão exigir recibo de petições, arrazoados, papéis…; matéria fora das providências pós-resposta, saneamento e julgamento deste recorte."
cpc-lei-13105-capture-2026-09-28,Art. 202,aula-13.html,unused,"Art. 202: É vedado lançar nos autos cotas marginais ou interlineares, as…; matéria fora das providências pós-resposta, saneamento e julgamento deste recorte."
cpc-lei-13105-capture-2026-09-28,Art. 203,aula-13.html,unused,"Art. 203: Os pronunciamentos do juiz consistirão em sentenças, decisões…; matéria fora das providências pós-resposta, saneamento e julgamento deste recorte."
cpc-lei-13105-capture-2026-09-28,Art. 204,aula-13.html,unused,"Art. 204: Acórdão é o julgamento colegiado proferido pelos tribunais.; matéria fora das providências pós-resposta, saneamento e julgamento deste recorte."
cpc-lei-13105-capture-2026-09-28,Art. 205,aula-13.html,unused,"Art. 205: Os despachos, as decisões, as sentenças e os acórdãos serão…; matéria fora das providências pós-resposta, saneamento e julgamento deste recorte."
cpc-lei-13105-capture-2026-09-28,Art. 206,aula-13.html,unused,"Art. 206: Ao receber a petição inicial de processo, o escrivão ou o chefe…; matéria fora das providências pós-resposta, saneamento e julgamento deste recorte."
cpc-lei-13105-capture-2026-09-28,Art. 207,aula-13.html,unused,"Art. 207: O escrivão ou o chefe de secretaria numerará e rubricará todas…; matéria fora das providências pós-resposta, saneamento e julgamento deste recorte."
cpc-lei-13105-capture-2026-09-28,Art. 208,aula-13.html,unused,"Art. 208: Os termos de juntada, vista, conclusão e outros semelhantes…; matéria fora das providências pós-resposta, saneamento e julgamento deste recorte."
cpc-lei-13105-capture-2026-09-28,Art. 209,aula-13.html,unused,"Art. 209: Os atos e os termos do processo serão assinados pelas pessoas…; matéria fora das providências pós-resposta, saneamento e julgamento deste recorte."
cpc-lei-13105-capture-2026-09-28,Art. 210,aula-13.html,unused,"Art. 210: É lícito o uso da taquigrafia, da estenotipia ou de outro método…; matéria fora das providências pós-resposta, saneamento e julgamento deste recorte."
cpc-lei-13105-capture-2026-09-28,Art. 211,aula-13.html,unused,"Art. 211: Não se admitem nos atos e termos processuais espaços em branco…; matéria fora das providências pós-resposta, saneamento e julgamento deste recorte."
cpc-lei-13105-capture-2026-09-28,Art. 212,aula-13.html,unused,"Art. 212: Os atos processuais serão realizados em dias úteis, das 6 (seis)…; matéria fora das providências pós-resposta, saneamento e julgamento deste recorte."
cpc-lei-13105-capture-2026-09-28,Art. 213,aula-13.html,unused,"Art. 213: A prática eletrônica de ato processual pode ocorrer em qualquer…; matéria fora das providências pós-resposta, saneamento e julgamento deste recorte."
cpc-lei-13105-capture-2026-09-28,Art. 214,aula-13.html,unused,"Art. 214: Durante as férias forenses e nos feriados, não se praticarão…; matéria fora das providências pós-resposta, saneamento e julgamento deste recorte."
cpc-lei-13105-capture-2026-09-28,Art. 215,aula-13.html,unused,"Art. 215: Processam-se durante as férias forenses, onde as houver, e não…; matéria fora das providências pós-resposta, saneamento e julgamento deste recorte."
cpc-lei-13105-capture-2026-09-28,Art. 216,aula-13.html,unused,"Art. 216: Além dos declarados em lei, são feriados, para efeito forense…; matéria fora das providências pós-resposta, saneamento e julgamento deste recorte."
cpc-lei-13105-capture-2026-09-28,Art. 217,aula-13.html,unused,"Art. 217: Os atos processuais realizar-se-ão ordinariamente na sede do…; matéria fora das providências pós-resposta, saneamento e julgamento deste recorte."
cpc-lei-13105-capture-2026-09-28,Art. 218,aula-13.html,unused,"Art. 218: Os atos processuais serão realizados nos prazos prescritos em lei.; matéria fora das providências pós-resposta, saneamento e julgamento deste recorte."
cpc-lei-13105-capture-2026-09-28,Art. 219,aula-13.html,unused,"Art. 219: Na contagem de prazo em dias, estabelecido por lei ou pelo juiz…; matéria fora das providências pós-resposta, saneamento e julgamento deste recorte."
cpc-lei-13105-capture-2026-09-28,Art. 220,aula-13.html,unused,"Art. 220: Suspende-se o curso do prazo processual nos dias compreendidos…; matéria fora das providências pós-resposta, saneamento e julgamento deste recorte."
cpc-lei-13105-capture-2026-09-28,Art. 221,aula-13.html,unused,"Art. 221: Suspende-se o curso do prazo por obstáculo criado em detrimento…; matéria fora das providências pós-resposta, saneamento e julgamento deste recorte."
cpc-lei-13105-capture-2026-09-28,Art. 222,aula-13.html,unused,"Art. 222: Na comarca, seção ou subseção judiciária onde for difícil o…; matéria fora das providências pós-resposta, saneamento e julgamento deste recorte."
cpc-lei-13105-capture-2026-09-28,Art. 223,aula-13.html,unused,"Art. 223: Decorrido o prazo, extingue-se o direito de praticar ou de…; matéria fora das providências pós-resposta, saneamento e julgamento deste recorte."
cpc-lei-13105-capture-2026-09-28,Art. 224,aula-13.html,unused,"Art. 224: Salvo disposição em contrário, os prazos serão contados…; matéria fora das providências pós-resposta, saneamento e julgamento deste recorte."
cpc-lei-13105-capture-2026-09-28,Art. 225,aula-13.html,unused,"Art. 225: A parte poderá renunciar ao prazo estabelecido exclusivamente em…; matéria fora das providências pós-resposta, saneamento e julgamento deste recorte."
cpc-lei-13105-capture-2026-09-28,Art. 226,aula-13.html,unused,"Art. 226: O juiz proferirá…; matéria fora das providências pós-resposta, saneamento e julgamento deste recorte."
cpc-lei-13105-capture-2026-09-28,Art. 227,aula-13.html,unused,"Art. 227: Em qualquer grau de jurisdição, havendo motivo justificado, pode…; matéria fora das providências pós-resposta, saneamento e julgamento deste recorte."
cpc-lei-13105-capture-2026-09-28,Art. 228,aula-13.html,unused,"Art. 228: Incumbirá ao serventuário remeter os autos conclusos no prazo de…; matéria fora das providências pós-resposta, saneamento e julgamento deste recorte."
cpc-lei-13105-capture-2026-09-28,Art. 229,aula-13.html,unused,"Art. 229: Os litisconsortes que tiverem diferentes procuradores, de…; matéria fora das providências pós-resposta, saneamento e julgamento deste recorte."
cpc-lei-13105-capture-2026-09-28,Art. 230,aula-13.html,unused,"Art. 230: O prazo para a parte, o procurador, a Advocacia Pública, a…; matéria fora das providências pós-resposta, saneamento e julgamento deste recorte."
cpc-lei-13105-capture-2026-09-28,Art. 231,aula-13.html,unused,"Art. 231: Salvo disposição em sentido diverso, considera-se dia do começo…; matéria fora das providências pós-resposta, saneamento e julgamento deste recorte."
cpc-lei-13105-capture-2026-09-28,Art. 232,aula-13.html,unused,"Art. 232: Nos atos de comunicação por carta precatória, rogatória ou de…; matéria fora das providências pós-resposta, saneamento e julgamento deste recorte."
cpc-lei-13105-capture-2026-09-28,Art. 233,aula-13.html,unused,"Art. 233: Incumbe ao juiz verificar se o serventuário excedeu, sem motivo…; matéria fora das providências pós-resposta, saneamento e julgamento deste recorte."
cpc-lei-13105-capture-2026-09-28,Art. 234,aula-13.html,unused,"Art. 234: Os advogados públicos ou privados, o defensor público e o membro…; matéria fora das providências pós-resposta, saneamento e julgamento deste recorte."
cpc-lei-13105-capture-2026-09-28,Art. 235,aula-13.html,unused,"Art. 235: Qualquer parte, o Ministério Público ou a Defensoria Pública…; matéria fora das providências pós-resposta, saneamento e julgamento deste recorte."
cpc-lei-13105-capture-2026-09-28,Art. 236,aula-13.html,unused,"Art. 236: Os atos processuais serão cumpridos por ordem judicial.; matéria fora das providências pós-resposta, saneamento e julgamento deste recorte."
cpc-lei-13105-capture-2026-09-28,Art. 237,aula-13.html,unused,"Art. 237: Será expedida carta…; matéria fora das providências pós-resposta, saneamento e julgamento deste recorte."
cpc-lei-13105-capture-2026-09-28,Art. 238,aula-13.html,unused,"Art. 238: Citação é o ato pelo qual são convocados o réu, o executado ou o…; matéria fora das providências pós-resposta, saneamento e julgamento deste recorte."
cpc-lei-13105-capture-2026-09-28,Art. 239,aula-13.html,unused,"Art. 239: Para a validade do processo é indispensável a citação do réu ou…; matéria fora das providências pós-resposta, saneamento e julgamento deste recorte."
cpc-lei-13105-capture-2026-09-28,Art. 240,aula-13.html,unused,"Art. 240: A citação válida, ainda quando ordenada por juízo incompetente…; matéria fora das providências pós-resposta, saneamento e julgamento deste recorte."
cpc-lei-13105-capture-2026-09-28,Art. 241,aula-13.html,unused,"Art. 241: Transitada em julgado a sentença de mérito proferida em favor do…; matéria fora das providências pós-resposta, saneamento e julgamento deste recorte."
cpc-lei-13105-capture-2026-09-28,Art. 242,aula-13.html,unused,"Art. 242: A citação será pessoal, podendo, no entanto, ser feita na pessoa…; matéria fora das providências pós-resposta, saneamento e julgamento deste recorte."
cpc-lei-13105-capture-2026-09-28,Art. 243,aula-13.html,unused,"Art. 243: A citação poderá ser feita em qualquer lugar em que se encontre…; matéria fora das providências pós-resposta, saneamento e julgamento deste recorte."
cpc-lei-13105-capture-2026-09-28,Art. 244,aula-13.html,unused,"Art. 244: Não se fará a citação, salvo para evitar o perecimento do direito…; matéria fora das providências pós-resposta, saneamento e julgamento deste recorte."
cpc-lei-13105-capture-2026-09-28,Art. 245,aula-13.html,unused,"Art. 245: Não se fará citação quando se verificar que o citando é…; matéria fora das providências pós-resposta, saneamento e julgamento deste recorte."
cpc-lei-13105-capture-2026-09-28,Art. 246,aula-13.html,unused,"Art. 246: A citação será feita…; matéria fora das providências pós-resposta, saneamento e julgamento deste recorte."
cpc-lei-13105-capture-2026-09-28,Art. 247,aula-13.html,unused,"Art. 247: A citação será feita pelo correio para qualquer comarca do país…; matéria fora das providências pós-resposta, saneamento e julgamento deste recorte."
cpc-lei-13105-capture-2026-09-28,Art. 248,aula-13.html,unused,"Art. 248: Deferida a citação pelo correio, o escrivão ou o chefe de…; matéria fora das providências pós-resposta, saneamento e julgamento deste recorte."
cpc-lei-13105-capture-2026-09-28,Art. 249,aula-13.html,unused,"Art. 249: A citação será feita por meio de oficial de justiça nas…; matéria fora das providências pós-resposta, saneamento e julgamento deste recorte."
cpc-lei-13105-capture-2026-09-28,Art. 250,aula-13.html,unused,"Art. 250: O mandado que o oficial de justiça tiver de cumprir conterá…; matéria fora das providências pós-resposta, saneamento e julgamento deste recorte."
cpc-lei-13105-capture-2026-09-28,Art. 251,aula-13.html,unused,"Art. 251: Incumbe ao oficial de justiça procurar o citando e, onde o…; matéria fora das providências pós-resposta, saneamento e julgamento deste recorte."
cpc-lei-13105-capture-2026-09-28,Art. 252,aula-13.html,unused,"Art. 252: Quando, por 2 (duas) vezes, o oficial de justiça houver…; matéria fora das providências pós-resposta, saneamento e julgamento deste recorte."
cpc-lei-13105-capture-2026-09-28,Art. 253,aula-13.html,unused,"Art. 253: No dia e na hora designados, o oficial de justiça…; matéria fora das providências pós-resposta, saneamento e julgamento deste recorte."
cpc-lei-13105-capture-2026-09-28,Art. 254,aula-13.html,unused,"Art. 254: Feita a citação com hora certa, o escrivão ou chefe de…; matéria fora das providências pós-resposta, saneamento e julgamento deste recorte."
cpc-lei-13105-capture-2026-09-28,Art. 255,aula-13.html,unused,"Art. 255: Nas comarcas contíguas de fácil comunicação e nas que se situem…; matéria fora das providências pós-resposta, saneamento e julgamento deste recorte."
cpc-lei-13105-capture-2026-09-28,Art. 256,aula-13.html,unused,"Art. 256: A citação por edital será feita…; matéria fora das providências pós-resposta, saneamento e julgamento deste recorte."
cpc-lei-13105-capture-2026-09-28,Art. 257,aula-13.html,unused,"Art. 257: São requisitos da citação por edital…; matéria fora das providências pós-resposta, saneamento e julgamento deste recorte."
cpc-lei-13105-capture-2026-09-28,Art. 258,aula-13.html,unused,"Art. 258: A parte que requerer a citação por edital, alegando dolosamente…; matéria fora das providências pós-resposta, saneamento e julgamento deste recorte."
cpc-lei-13105-capture-2026-09-28,Art. 259,aula-13.html,unused,"Art. 259: Serão publicados editais…; matéria fora das providências pós-resposta, saneamento e julgamento deste recorte."
cpc-lei-13105-capture-2026-09-28,Art. 260,aula-13.html,unused,"Art. 260: São requisitos das cartas de ordem, precatória e rogatória…; matéria fora das providências pós-resposta, saneamento e julgamento deste recorte."
cpc-lei-13105-capture-2026-09-28,Art. 261,aula-13.html,unused,"Art. 261: Em todas as cartas o juiz fixará o prazo para cumprimento…; matéria fora das providências pós-resposta, saneamento e julgamento deste recorte."
cpc-lei-13105-capture-2026-09-28,Art. 262,aula-13.html,unused,"Art. 262: A carta tem caráter itinerante, podendo, antes ou depois de lhe…; matéria fora das providências pós-resposta, saneamento e julgamento deste recorte."
cpc-lei-13105-capture-2026-09-28,Art. 263,aula-13.html,unused,"Art. 263: As cartas deverão, preferencialmente, ser expedidas por meio…; matéria fora das providências pós-resposta, saneamento e julgamento deste recorte."
cpc-lei-13105-capture-2026-09-28,Art. 264,aula-13.html,unused,"Art. 264: A carta de ordem e a carta precatória por meio eletrônico, por…; matéria fora das providências pós-resposta, saneamento e julgamento deste recorte."
cpc-lei-13105-capture-2026-09-28,Art. 265,aula-13.html,unused,"Art. 265: O secretário do tribunal, o escrivão ou o chefe de secretaria do…; matéria fora das providências pós-resposta, saneamento e julgamento deste recorte."
cpc-lei-13105-capture-2026-09-28,Art. 266,aula-13.html,unused,"Art. 266: Serão praticados de ofício os atos requisitados por meio…; matéria fora das providências pós-resposta, saneamento e julgamento deste recorte."
cpc-lei-13105-capture-2026-09-28,Art. 268,aula-13.html,unused,"Art. 268: Cumprida a carta, será devolvida ao juízo de origem no prazo de…; matéria fora das providências pós-resposta, saneamento e julgamento deste recorte."
cpc-lei-13105-capture-2026-09-28,Art. 269,aula-13.html,unused,"Art. 269: Intimação é o ato pelo qual se dá ciência a alguém dos atos e…; matéria fora das providências pós-resposta, saneamento e julgamento deste recorte."
cpc-lei-13105-capture-2026-09-28,Art. 270,aula-13.html,unused,"Art. 270: As intimações realizam-se, sempre que possível, por meio…; matéria fora das providências pós-resposta, saneamento e julgamento deste recorte."
cpc-lei-13105-capture-2026-09-28,Art. 271,aula-13.html,unused,"Art. 271: O juiz determinará de ofício as intimações em processos…; matéria fora das providências pós-resposta, saneamento e julgamento deste recorte."
cpc-lei-13105-capture-2026-09-28,Art. 272,aula-13.html,unused,"Art. 272: Quando não realizadas por meio eletrônico, consideram-se feitas…; matéria fora das providências pós-resposta, saneamento e julgamento deste recorte."
cpc-lei-13105-capture-2026-09-28,Art. 273,aula-13.html,unused,"Art. 273: Se inviável a intimação por meio eletrônico e não houver na…; matéria fora das providências pós-resposta, saneamento e julgamento deste recorte."
cpc-lei-13105-capture-2026-09-28,Art. 274,aula-13.html,unused,"Art. 274: Não dispondo a lei de outro modo, as intimações serão feitas às…; matéria fora das providências pós-resposta, saneamento e julgamento deste recorte."
cpc-lei-13105-capture-2026-09-28,Art. 275,aula-13.html,unused,"Art. 275: A intimação será feita por oficial de justiça quando frustrada a…; matéria fora das providências pós-resposta, saneamento e julgamento deste recorte."
cpc-lei-13105-capture-2026-09-28,Art. 276,aula-13.html,unused,"Art. 276: Quando a lei prescrever determinada forma sob pena de nulidade…; matéria fora das providências pós-resposta, saneamento e julgamento deste recorte."
cpc-lei-13105-capture-2026-09-28,Art. 277,aula-13.html,unused,"Art. 277: Quando a lei prescrever determinada forma, o juiz considerará…; matéria fora das providências pós-resposta, saneamento e julgamento deste recorte."
cpc-lei-13105-capture-2026-09-28,Art. 278,aula-13.html,unused,"Art. 278: A nulidade dos atos deve ser alegada na primeira oportunidade em…; matéria fora das providências pós-resposta, saneamento e julgamento deste recorte."
cpc-lei-13105-capture-2026-09-28,Art. 279,aula-13.html,unused,"Art. 279: É nulo o processo quando o membro do Ministério Público não for…; matéria fora das providências pós-resposta, saneamento e julgamento deste recorte."
cpc-lei-13105-capture-2026-09-28,Art. 280,aula-13.html,unused,"Art. 280: As citações e as intimações serão nulas quando feitas sem…; matéria fora das providências pós-resposta, saneamento e julgamento deste recorte."
cpc-lei-13105-capture-2026-09-28,Art. 281,aula-13.html,unused,"Art. 281: Anulado o ato, consideram-se de nenhum efeito todos os…; matéria fora das providências pós-resposta, saneamento e julgamento deste recorte."
cpc-lei-13105-capture-2026-09-28,Art. 282,aula-13.html,unused,"Art. 282: Ao pronunciar a nulidade, o juiz declarará que atos são…; matéria fora das providências pós-resposta, saneamento e julgamento deste recorte."
cpc-lei-13105-capture-2026-09-28,Art. 283,aula-13.html,unused,"Art. 283: O erro de forma do processo acarreta unicamente a anulação dos…; matéria fora das providências pós-resposta, saneamento e julgamento deste recorte."
cpc-lei-13105-capture-2026-09-28,Art. 284,aula-13.html,unused,"Art. 284: Todos os processos estão sujeitos a registro, devendo ser…; matéria fora das providências pós-resposta, saneamento e julgamento deste recorte."
cpc-lei-13105-capture-2026-09-28,Art. 285,aula-13.html,unused,"Art. 285: A distribuição, que poderá ser eletrônica, será alternada e…; matéria fora das providências pós-resposta, saneamento e julgamento deste recorte."
cpc-lei-13105-capture-2026-09-28,Art. 287,aula-13.html,unused,"Art. 287: A petição inicial deve vir acompanhada de procuração, que…; matéria fora das providências pós-resposta, saneamento e julgamento deste recorte."
cpc-lei-13105-capture-2026-09-28,Art. 288,aula-13.html,unused,"Art. 288: O juiz, de ofício ou a requerimento do interessado, corrigirá o…; matéria fora das providências pós-resposta, saneamento e julgamento deste recorte."
cpc-lei-13105-capture-2026-09-28,Art. 289,aula-13.html,unused,"Art. 289: A distribuição poderá ser fiscalizada pela parte, por seu…; matéria fora das providências pós-resposta, saneamento e julgamento deste recorte."
cpc-lei-13105-capture-2026-09-28,Art. 290,aula-13.html,unused,"Art. 290: Será cancelada a distribuição do feito se a parte, intimada na…; matéria fora das providências pós-resposta, saneamento e julgamento deste recorte."
cpc-lei-13105-capture-2026-09-28,Art. 291,aula-13.html,unused,"Art. 291: A toda causa será atribuído valor certo, ainda que não tenha…; matéria fora das providências pós-resposta, saneamento e julgamento deste recorte."
cpc-lei-13105-capture-2026-09-28,Art. 292,aula-13.html,unused,"Art. 292: O valor da causa constará da petição inicial ou da reconvenção e…; matéria fora das providências pós-resposta, saneamento e julgamento deste recorte."
cpc-lei-13105-capture-2026-09-28,Art. 293,aula-13.html,unused,"Art. 293: O réu poderá impugnar, em preliminar da contestação, o valor…; matéria fora das providências pós-resposta, saneamento e julgamento deste recorte."
cpc-lei-13105-capture-2026-09-28,Art. 294,aula-13.html,unused,"Art. 294: A tutela provisória pode fundamentar-se em urgência ou evidência.; matéria fora das providências pós-resposta, saneamento e julgamento deste recorte."
cpc-lei-13105-capture-2026-09-28,Art. 295,aula-13.html,unused,"Art. 295: A tutela provisória requerida em caráter incidental independe do…; matéria fora das providências pós-resposta, saneamento e julgamento deste recorte."
cpc-lei-13105-capture-2026-09-28,Art. 297,aula-13.html,unused,"Art. 297: O juiz poderá determinar as medidas que considerar adequadas…; matéria fora das providências pós-resposta, saneamento e julgamento deste recorte."
cpc-lei-13105-capture-2026-09-28,Art. 298,aula-13.html,unused,"Art. 298: Na decisão que conceder, negar, modificar ou revogar a tutela…; matéria fora das providências pós-resposta, saneamento e julgamento deste recorte."
cpc-lei-13105-capture-2026-09-28,Art. 299,aula-13.html,unused,"Art. 299: A tutela provisória será requerida ao juízo da causa e, quando…; matéria fora das providências pós-resposta, saneamento e julgamento deste recorte."
cpc-lei-13105-capture-2026-09-28,Art. 300,aula-13.html,unused,"Art. 300: A tutela de urgência será concedida quando houver elementos que…; matéria fora das providências pós-resposta, saneamento e julgamento deste recorte."
cpc-lei-13105-capture-2026-09-28,Art. 301,aula-13.html,unused,"Art. 301: A tutela de urgência de natureza cautelar pode ser efetivada…; matéria fora das providências pós-resposta, saneamento e julgamento deste recorte."
cpc-lei-13105-capture-2026-09-28,Art. 302,aula-13.html,unused,"Art. 302: Independentemente da reparação por dano processual, a parte…; matéria fora das providências pós-resposta, saneamento e julgamento deste recorte."
cpc-lei-13105-capture-2026-09-28,Art. 303,aula-13.html,unused,"Art. 303: Nos casos em que a urgência for contemporânea à propositura da…; matéria fora das providências pós-resposta, saneamento e julgamento deste recorte."
cpc-lei-13105-capture-2026-09-28,Art. 304,aula-13.html,unused,"Art. 304: A tutela antecipada, concedida nos termos do…; matéria fora das providências pós-resposta, saneamento e julgamento deste recorte."
cpc-lei-13105-capture-2026-09-28,Art. 305,aula-13.html,unused,"Art. 305: A petição inicial da ação que visa à prestação de tutela…; matéria fora das providências pós-resposta, saneamento e julgamento deste recorte."
cpc-lei-13105-capture-2026-09-28,Art. 306,aula-13.html,unused,"Art. 306: O réu será citado para, no prazo de 5 (cinco) dias, contestar o…; matéria fora das providências pós-resposta, saneamento e julgamento deste recorte."
cpc-lei-13105-capture-2026-09-28,Art. 307,aula-13.html,unused,"Art. 307: Não sendo contestado o pedido, os fatos alegados pelo autor…; matéria fora das providências pós-resposta, saneamento e julgamento deste recorte."
cpc-lei-13105-capture-2026-09-28,Art. 308,aula-13.html,unused,"Art. 308: Efetivada a tutela cautelar, o pedido principal terá de ser…; matéria fora das providências pós-resposta, saneamento e julgamento deste recorte."
cpc-lei-13105-capture-2026-09-28,Art. 309,aula-13.html,unused,"Art. 309: Cessa a eficácia da tutela concedida em caráter antecedente, se…; matéria fora das providências pós-resposta, saneamento e julgamento deste recorte."
cpc-lei-13105-capture-2026-09-28,Art. 310,aula-13.html,unused,"Art. 310: O indeferimento da tutela cautelar não obsta a que a parte…; matéria fora das providências pós-resposta, saneamento e julgamento deste recorte."
cpc-lei-13105-capture-2026-09-28,Art. 311,aula-13.html,unused,"Art. 311: A tutela da evidência será concedida, independentemente da…; matéria fora das providências pós-resposta, saneamento e julgamento deste recorte."
cpc-lei-13105-capture-2026-09-28,Art. 312,aula-13.html,unused,"Art. 312: Considera-se proposta a ação quando a petição inicial for…; matéria fora das providências pós-resposta, saneamento e julgamento deste recorte."
cpc-lei-13105-capture-2026-09-28,Art. 313,aula-13.html,unused,"Art. 313: Suspende-se o processo…; matéria fora das providências pós-resposta, saneamento e julgamento deste recorte."
cpc-lei-13105-capture-2026-09-28,Art. 314,aula-13.html,unused,"Art. 314: Durante a suspensão é vedado praticar qualquer ato processual…; matéria fora das providências pós-resposta, saneamento e julgamento deste recorte."
cpc-lei-13105-capture-2026-09-28,Art. 315,aula-13.html,unused,"Art. 315: Se o conhecimento do mérito depender de verificação da…; matéria fora das providências pós-resposta, saneamento e julgamento deste recorte."
cpc-lei-13105-capture-2026-09-28,Art. 316,aula-13.html,unused,"Art. 316: A extinção do processo dar-se-á por sentença.; matéria fora das providências pós-resposta, saneamento e julgamento deste recorte."
cpc-lei-13105-capture-2026-09-28,Art. 317,aula-13.html,supporting,Exige oportunidade para corrigir vício antes da decisão sem mérito; trata diretamente da regularização processual.
cpc-lei-13105-capture-2026-09-28,Art. 318,aula-13.html,unused,"Art. 318: Aplica-se a todas as causas o procedimento comum, salvo…; matéria fora das providências pós-resposta, saneamento e julgamento deste recorte."
cpc-lei-13105-capture-2026-09-28,Art. 319,aula-13.html,unused,"Art. 319: A petição inicial indicará…; matéria fora das providências pós-resposta, saneamento e julgamento deste recorte."
cpc-lei-13105-capture-2026-09-28,Art. 320,aula-13.html,unused,"Art. 320: A petição inicial será instruída com os documentos…; matéria fora das providências pós-resposta, saneamento e julgamento deste recorte."
cpc-lei-13105-capture-2026-09-28,Art. 321,aula-13.html,unused,"Art. 321: O juiz, ao verificar que a petição inicial não preenche os…; matéria fora das providências pós-resposta, saneamento e julgamento deste recorte."
cpc-lei-13105-capture-2026-09-28,Art. 322,aula-13.html,unused,"Art. 322: O pedido deve ser certo.; matéria fora das providências pós-resposta, saneamento e julgamento deste recorte."
cpc-lei-13105-capture-2026-09-28,Art. 323,aula-13.html,unused,"Art. 323: Na ação que tiver por objeto cumprimento de obrigação em…; matéria fora das providências pós-resposta, saneamento e julgamento deste recorte."
cpc-lei-13105-capture-2026-09-28,Art. 324,aula-13.html,unused,"Art. 324: O pedido deve ser determinado.; matéria fora das providências pós-resposta, saneamento e julgamento deste recorte."
cpc-lei-13105-capture-2026-09-28,Art. 325,aula-13.html,unused,"Art. 325: O pedido será alternativo quando, pela natureza da obrigação, o…; matéria fora das providências pós-resposta, saneamento e julgamento deste recorte."
cpc-lei-13105-capture-2026-09-28,Art. 326,aula-13.html,unused,"Art. 326: É lícito formular mais de um pedido em ordem subsidiária, a fim…; matéria fora das providências pós-resposta, saneamento e julgamento deste recorte."
cpc-lei-13105-capture-2026-09-28,Art. 327,aula-13.html,unused,"Art. 327: É lícita a cumulação, em um único processo, contra o mesmo réu…; matéria fora das providências pós-resposta, saneamento e julgamento deste recorte."
cpc-lei-13105-capture-2026-09-28,Art. 328,aula-13.html,unused,"Art. 328: Na obrigação indivisível com pluralidade de credores, aquele que…; matéria fora das providências pós-resposta, saneamento e julgamento deste recorte."
cpc-lei-13105-capture-2026-09-28,Art. 329,aula-13.html,supporting,Limita a alteração do pedido e da causa de pedir até o saneamento; disciplina a estabilização objetiva da demanda.
cpc-lei-13105-capture-2026-09-28,Art. 330,aula-13.html,unused,"Art. 330: A petição inicial será indeferida quando…; matéria fora das providências pós-resposta, saneamento e julgamento deste recorte."
cpc-lei-13105-capture-2026-09-28,Art. 331,aula-13.html,unused,"Art. 331: Indeferida a petição inicial, o autor poderá apelar, facultado…; matéria fora das providências pós-resposta, saneamento e julgamento deste recorte."
cpc-lei-13105-capture-2026-09-28,Art. 332,aula-13.html,unused,"Art. 332: Nas causas que dispensem a fase instrutória, o juiz…; matéria fora das providências pós-resposta, saneamento e julgamento deste recorte."
cpc-lei-13105-capture-2026-09-28,Art. 333,aula-13.html,unused,"Art. 333 não oferece regra operativa para as providências pós-resposta, saneamento ou julgamento deste recorte."
cpc-lei-13105-capture-2026-09-28,Art. 334,aula-13.html,unused,"Art. 334: Se a petição inicial preencher os requisitos essenciais e não…; matéria fora das providências pós-resposta, saneamento e julgamento deste recorte."
cpc-lei-13105-capture-2026-09-28,Art. 335,aula-13.html,unused,"Art. 335: O réu poderá oferecer contestação, por petição, no prazo de 15…; matéria fora das providências pós-resposta, saneamento e julgamento deste recorte."
cpc-lei-13105-capture-2026-09-28,Art. 336,aula-13.html,unused,"Art. 336: Incumbe ao réu alegar, na contestação, toda a matéria de defesa…; matéria fora das providências pós-resposta, saneamento e julgamento deste recorte."
cpc-lei-13105-capture-2026-09-28,Art. 337,aula-13.html,unused,"Art. 337: Incumbe ao réu, antes de discutir o mérito, alegar…; matéria fora das providências pós-resposta, saneamento e julgamento deste recorte."
cpc-lei-13105-capture-2026-09-28,Art. 338,aula-13.html,unused,"Art. 338: Alegando o réu, na contestação, ser parte ilegítima ou não ser o…; matéria fora das providências pós-resposta, saneamento e julgamento deste recorte."
cpc-lei-13105-capture-2026-09-28,Art. 339,aula-13.html,unused,"Art. 339: Quando alegar sua ilegitimidade, incumbe ao réu indicar o…; matéria fora das providências pós-resposta, saneamento e julgamento deste recorte."
cpc-lei-13105-capture-2026-09-28,Art. 340,aula-13.html,unused,"Art. 340: Havendo alegação de incompetência relativa ou absoluta, a…; matéria fora das providências pós-resposta, saneamento e julgamento deste recorte."
cpc-lei-13105-capture-2026-09-28,Art. 341,aula-13.html,unused,"Art. 341: Incumbe também ao réu manifestar-se precisamente sobre as…; matéria fora das providências pós-resposta, saneamento e julgamento deste recorte."
cpc-lei-13105-capture-2026-09-28,Art. 342,aula-13.html,unused,"Art. 342: Depois da contestação, só é lícito ao réu deduzir novas…; matéria fora das providências pós-resposta, saneamento e julgamento deste recorte."
cpc-lei-13105-capture-2026-09-28,Art. 343,aula-13.html,unused,"Art. 343: Na contestação, é lícito ao réu propor reconvenção para…; matéria fora das providências pós-resposta, saneamento e julgamento deste recorte."
cpc-lei-13105-capture-2026-09-28,Art. 344,aula-13.html,unused,"Art. 344: Se o réu não contestar a ação, será considerado revel e…; matéria fora das providências pós-resposta, saneamento e julgamento deste recorte."
cpc-lei-13105-capture-2026-09-28,Art. 345,aula-13.html,unused,"Art. 345: A revelia não produz o efeito mencionado no…; matéria fora das providências pós-resposta, saneamento e julgamento deste recorte."
cpc-lei-13105-capture-2026-09-28,Art. 346,aula-13.html,unused,"Art. 346: Os prazos contra o revel que não tenha patrono nos autos fluirão…; matéria fora das providências pós-resposta, saneamento e julgamento deste recorte."
cpc-lei-13105-capture-2026-09-28,Art. 347,aula-13.html,supporting,Marca a etapa posterior ao prazo de contestação e aciona as providências preliminares.
cpc-lei-13105-capture-2026-09-28,Art. 348,aula-13.html,supporting,Prevê a providência probatória quando o réu não contestou e a revelia não produz seu efeito típico.
cpc-lei-13105-capture-2026-09-28,Art. 349,aula-13.html,supporting,Preserva a produção de prova pelo revel que comparece a tempo; integra as medidas do pós-resposta.
cpc-lei-13105-capture-2026-09-28,Art. 350,aula-13.html,supporting,"Determina a oitiva do autor e admite prova após alegação de fato impeditivo, modificativo ou extintivo."
cpc-lei-13105-capture-2026-09-28,Art. 351,aula-13.html,supporting,Determina a oitiva do autor e admite prova diante de preliminares processuais do réu.
cpc-lei-13105-capture-2026-09-28,Art. 352,aula-13.html,supporting,Ordena corrigir irregularidades e vícios sanáveis; regula a preparação do processo.
cpc-lei-13105-capture-2026-09-28,Art. 353,aula-13.html,supporting,Liga o encerramento das providências preliminares ao julgamento conforme o estado do processo.
cpc-lei-13105-capture-2026-09-28,Art. 354,aula-13.html,supporting,Prevê sentença nas hipóteses de extinção ou resolução indicadas; integra o panorama das saídas processuais.
cpc-lei-13105-capture-2026-09-28,Art. 355,aula-13.html,supporting,Regula o julgamento antecipado do mérito quando o processo já está pronto para decidir.
cpc-lei-13105-capture-2026-09-28,Art. 356,aula-13.html,supporting,"Regula a decisão parcial do mérito, uma das saídas conforme o estado do processo."
cpc-lei-13105-capture-2026-09-28,Art. 357,aula-13.html,supporting,Disciplina o saneamento e a organização do processo para delimitar questões e preparar a instrução.
cpc-lei-13105-capture-2026-09-28,Art. 358,aula-13.html,unused,"Art. 358: No dia e na hora designados, o juiz declarará aberta a audiência…; matéria fora das providências pós-resposta, saneamento e julgamento deste recorte."
cpc-lei-13105-capture-2026-09-28,Art. 359,aula-13.html,unused,"Art. 359: Instalada a audiência, o juiz tentará conciliar as partes…; matéria fora das providências pós-resposta, saneamento e julgamento deste recorte."
cpc-lei-13105-capture-2026-09-28,Art. 360,aula-13.html,unused,"Art. 360: O juiz exerce o poder de polícia, incumbindo-lhe…; matéria fora das providências pós-resposta, saneamento e julgamento deste recorte."
cpc-lei-13105-capture-2026-09-28,Art. 361,aula-13.html,unused,"Art. 361: As provas orais serão produzidas em audiência, ouvindo-se nesta…; matéria fora das providências pós-resposta, saneamento e julgamento deste recorte."
cpc-lei-13105-capture-2026-09-28,Art. 362,aula-13.html,unused,"Art. 362: A audiência poderá ser adiada…; matéria fora das providências pós-resposta, saneamento e julgamento deste recorte."
cpc-lei-13105-capture-2026-09-28,Art. 363,aula-13.html,unused,"Art. 363: Havendo antecipação ou adiamento da audiência, o juiz, de ofício…; matéria fora das providências pós-resposta, saneamento e julgamento deste recorte."
cpc-lei-13105-capture-2026-09-28,Art. 364,aula-13.html,unused,"Art. 364: Finda a instrução, o juiz dará a palavra ao advogado do autor e…; matéria fora das providências pós-resposta, saneamento e julgamento deste recorte."
cpc-lei-13105-capture-2026-09-28,Art. 365,aula-13.html,unused,"Art. 365: A audiência é una e contínua, podendo ser excepcional e…; matéria fora das providências pós-resposta, saneamento e julgamento deste recorte."
cpc-lei-13105-capture-2026-09-28,Art. 366,aula-13.html,unused,"Art. 366: Encerrado o debate ou oferecidas as razões finais, o juiz…; matéria fora das providências pós-resposta, saneamento e julgamento deste recorte."
cpc-lei-13105-capture-2026-09-28,Art. 367,aula-13.html,unused,"Art. 367: O servidor lavrará, sob ditado do juiz, termo que conterá, em…; matéria fora das providências pós-resposta, saneamento e julgamento deste recorte."
cpc-lei-13105-capture-2026-09-28,Art. 368,aula-13.html,unused,"Art. 368: A audiência será pública, ressalvadas as exceções legais.; matéria fora das providências pós-resposta, saneamento e julgamento deste recorte."
cpc-lei-13105-capture-2026-09-28,Art. 369,aula-13.html,unused,"Art. 369: As partes têm o direito de empregar todos os meios legais, bem…; matéria fora das providências pós-resposta, saneamento e julgamento deste recorte."
cpc-lei-13105-capture-2026-09-28,Art. 370,aula-13.html,unused,"Art. 370: Caberá ao juiz, de ofício ou a requerimento da parte, determinar…; matéria fora das providências pós-resposta, saneamento e julgamento deste recorte."
cpc-lei-13105-capture-2026-09-28,Art. 371,aula-13.html,unused,"Art. 371: O juiz apreciará a prova constante dos autos, independentemente…; matéria fora das providências pós-resposta, saneamento e julgamento deste recorte."
cpc-lei-13105-capture-2026-09-28,Art. 372,aula-13.html,unused,"Art. 372: O juiz poderá admitir a utilização de prova produzida em outro…; matéria fora das providências pós-resposta, saneamento e julgamento deste recorte."
cpc-lei-13105-capture-2026-09-28,Art. 373,aula-13.html,unused,"Art. 373: O ônus da prova incumbe…; matéria fora das providências pós-resposta, saneamento e julgamento deste recorte."
cpc-lei-13105-capture-2026-09-28,Art. 374,aula-13.html,unused,"Art. 374: Não dependem de prova os fatos…; matéria fora das providências pós-resposta, saneamento e julgamento deste recorte."
cpc-lei-13105-capture-2026-09-28,Art. 375,aula-13.html,unused,"Art. 375: O juiz aplicará as regras de experiência comum subministradas…; matéria fora das providências pós-resposta, saneamento e julgamento deste recorte."
cpc-lei-13105-capture-2026-09-28,Art. 376,aula-13.html,unused,"Art. 376: A parte que alegar direito municipal, estadual, estrangeiro ou…; matéria fora das providências pós-resposta, saneamento e julgamento deste recorte."
cpc-lei-13105-capture-2026-09-28,Art. 377,aula-13.html,unused,"Art. 377: A carta precatória, a carta rogatória e o auxílio direto…; matéria fora das providências pós-resposta, saneamento e julgamento deste recorte."
cpc-lei-13105-capture-2026-09-28,Art. 378,aula-13.html,unused,"Art. 378: Ninguém se exime do dever de colaborar com o Poder Judiciário…; matéria fora das providências pós-resposta, saneamento e julgamento deste recorte."
cpc-lei-13105-capture-2026-09-28,Art. 379,aula-13.html,unused,"Art. 379: Preservado o direito de não produzir prova contra si própria…; matéria fora das providências pós-resposta, saneamento e julgamento deste recorte."
cpc-lei-13105-capture-2026-09-28,Art. 380,aula-13.html,unused,"Art. 380: Incumbe ao terceiro, em relação a qualquer causa…; matéria fora das providências pós-resposta, saneamento e julgamento deste recorte."
cpc-lei-13105-capture-2026-09-28,Art. 381,aula-13.html,unused,"Art. 381: A produção antecipada da prova será admitida nos casos em que…; matéria fora das providências pós-resposta, saneamento e julgamento deste recorte."
cpc-lei-13105-capture-2026-09-28,Art. 382,aula-13.html,unused,"Art. 382: Na petição, o requerente apresentará as razões que justificam a…; matéria fora das providências pós-resposta, saneamento e julgamento deste recorte."
cpc-lei-13105-capture-2026-09-28,Art. 383,aula-13.html,unused,"Art. 383: Os autos permanecerão em cartório durante 1 (um) mês para…; matéria fora das providências pós-resposta, saneamento e julgamento deste recorte."
cpc-lei-13105-capture-2026-09-28,Art. 384,aula-13.html,unused,"Art. 384: A existência e o modo de existir de algum fato podem ser…; matéria fora das providências pós-resposta, saneamento e julgamento deste recorte."
cpc-lei-13105-capture-2026-09-28,Art. 385,aula-13.html,unused,"Art. 385: Cabe à parte requerer o depoimento pessoal da outra parte, a fim…; matéria fora das providências pós-resposta, saneamento e julgamento deste recorte."
cpc-lei-13105-capture-2026-09-28,Art. 386,aula-13.html,unused,"Art. 386: Quando a parte, sem motivo justificado, deixar de responder ao…; matéria fora das providências pós-resposta, saneamento e julgamento deste recorte."
cpc-lei-13105-capture-2026-09-28,Art. 387,aula-13.html,unused,"Art. 387: A parte responderá pessoalmente sobre os fatos articulados, não…; matéria fora das providências pós-resposta, saneamento e julgamento deste recorte."
cpc-lei-13105-capture-2026-09-28,Art. 388,aula-13.html,unused,"Art. 388: A parte não é obrigada a depor sobre fatos…; matéria fora das providências pós-resposta, saneamento e julgamento deste recorte."
cpc-lei-13105-capture-2026-09-28,Art. 389,aula-13.html,unused,"Art. 389: Há confissão, judicial ou extrajudicial, quando a parte admite a…; matéria fora das providências pós-resposta, saneamento e julgamento deste recorte."
cpc-lei-13105-capture-2026-09-28,Art. 390,aula-13.html,unused,"Art. 390: A confissão judicial pode ser espontânea ou provocada.; matéria fora das providências pós-resposta, saneamento e julgamento deste recorte."
cpc-lei-13105-capture-2026-09-28,Art. 391,aula-13.html,unused,"Art. 391: A confissão judicial faz prova contra o confitente, não…; matéria fora das providências pós-resposta, saneamento e julgamento deste recorte."
cpc-lei-13105-capture-2026-09-28,Art. 392,aula-13.html,unused,"Art. 392: Não vale como confissão a admissão, em juízo, de fatos relativos…; matéria fora das providências pós-resposta, saneamento e julgamento deste recorte."
cpc-lei-13105-capture-2026-09-28,Art. 393,aula-13.html,unused,"Art. 393: A confissão é irrevogável, mas pode ser anulada se decorreu de…; matéria fora das providências pós-resposta, saneamento e julgamento deste recorte."
cpc-lei-13105-capture-2026-09-28,Art. 394,aula-13.html,unused,"Art. 394: A confissão extrajudicial, quando feita oralmente, só terá…; matéria fora das providências pós-resposta, saneamento e julgamento deste recorte."
cpc-lei-13105-capture-2026-09-28,Art. 395,aula-13.html,unused,"Art. 395: A confissão é, em regra, indivisível, não podendo a parte que a…; matéria fora das providências pós-resposta, saneamento e julgamento deste recorte."
cpc-lei-13105-capture-2026-09-28,Art. 396,aula-13.html,unused,"Art. 396: O juiz pode ordenar que a parte exiba documento ou coisa que se…; matéria fora das providências pós-resposta, saneamento e julgamento deste recorte."
cpc-lei-13105-capture-2026-09-28,Art. 397,aula-13.html,unused,"Art. 397: O pedido formulado pela parte conterá…; matéria fora das providências pós-resposta, saneamento e julgamento deste recorte."
cpc-lei-13105-capture-2026-09-28,Art. 398,aula-13.html,unused,"Art. 398: O requerido dará sua resposta nos 5 (cinco) dias subsequentes à…; matéria fora das providências pós-resposta, saneamento e julgamento deste recorte."
cpc-lei-13105-capture-2026-09-28,Art. 399,aula-13.html,unused,"Art. 399: O juiz não admitirá a recusa se…; matéria fora das providências pós-resposta, saneamento e julgamento deste recorte."
cpc-lei-13105-capture-2026-09-28,Art. 400,aula-13.html,unused,"Art. 400: Ao decidir o pedido, o juiz admitirá como verdadeiros os fatos…; matéria fora das providências pós-resposta, saneamento e julgamento deste recorte."
cpc-lei-13105-capture-2026-09-28,Art. 401,aula-13.html,unused,"Art. 401: Quando o documento ou a coisa estiver em poder de terceiro, o…; matéria fora das providências pós-resposta, saneamento e julgamento deste recorte."
cpc-lei-13105-capture-2026-09-28,Art. 402,aula-13.html,unused,"Art. 402: Se o terceiro negar a obrigação de exibir ou a posse do…; matéria fora das providências pós-resposta, saneamento e julgamento deste recorte."
cpc-lei-13105-capture-2026-09-28,Art. 403,aula-13.html,unused,"Art. 403: Se o terceiro, sem justo motivo, se recusar a efetuar a…; matéria fora das providências pós-resposta, saneamento e julgamento deste recorte."
cpc-lei-13105-capture-2026-09-28,Art. 404,aula-13.html,unused,"Art. 404: A parte e o terceiro se escusam de exibir, em juízo, o documento…; matéria fora das providências pós-resposta, saneamento e julgamento deste recorte."
cpc-lei-13105-capture-2026-09-28,Art. 405,aula-13.html,unused,"Art. 405: O documento público faz prova não só da sua formação, mas também…; matéria fora das providências pós-resposta, saneamento e julgamento deste recorte."
cpc-lei-13105-capture-2026-09-28,Art. 406,aula-13.html,unused,"Art. 406: Quando a lei exigir instrumento público como da substância do…; matéria fora das providências pós-resposta, saneamento e julgamento deste recorte."
cpc-lei-13105-capture-2026-09-28,Art. 407,aula-13.html,unused,"Art. 407: O documento feito por oficial público incompetente ou sem a…; matéria fora das providências pós-resposta, saneamento e julgamento deste recorte."
cpc-lei-13105-capture-2026-09-28,Art. 408,aula-13.html,unused,"Art. 408: As declarações constantes do documento particular escrito e…; matéria fora das providências pós-resposta, saneamento e julgamento deste recorte."
cpc-lei-13105-capture-2026-09-28,Art. 409,aula-13.html,unused,"Art. 409: A data do documento particular, quando a seu respeito surgir…; matéria fora das providências pós-resposta, saneamento e julgamento deste recorte."
cpc-lei-13105-capture-2026-09-28,Art. 410,aula-13.html,unused,"Art. 410: Considera-se autor do documento particular…; matéria fora das providências pós-resposta, saneamento e julgamento deste recorte."
cpc-lei-13105-capture-2026-09-28,Art. 411,aula-13.html,unused,"Art. 411: Considera-se autêntico o documento quando…; matéria fora das providências pós-resposta, saneamento e julgamento deste recorte."
cpc-lei-13105-capture-2026-09-28,Art. 412,aula-13.html,unused,"Art. 412: O documento particular de cuja autenticidade não se duvida prova…; matéria fora das providências pós-resposta, saneamento e julgamento deste recorte."
cpc-lei-13105-capture-2026-09-28,Art. 413,aula-13.html,unused,"Art. 413: O telegrama, o radiograma ou qualquer outro meio de transmissão…; matéria fora das providências pós-resposta, saneamento e julgamento deste recorte."
cpc-lei-13105-capture-2026-09-28,Art. 414,aula-13.html,unused,"Art. 414: O telegrama ou o radiograma presume-se conforme com o original…; matéria fora das providências pós-resposta, saneamento e julgamento deste recorte."
cpc-lei-13105-capture-2026-09-28,Art. 415,aula-13.html,unused,"Art. 415: As cartas e os registros domésticos provam contra quem os…; matéria fora das providências pós-resposta, saneamento e julgamento deste recorte."
cpc-lei-13105-capture-2026-09-28,Art. 416,aula-13.html,unused,"Art. 416: A nota escrita pelo credor em qualquer parte de documento…; matéria fora das providências pós-resposta, saneamento e julgamento deste recorte."
cpc-lei-13105-capture-2026-09-28,Art. 417,aula-13.html,unused,"Art. 417: Os livros empresariais provam contra seu autor, sendo lícito ao…; matéria fora das providências pós-resposta, saneamento e julgamento deste recorte."
cpc-lei-13105-capture-2026-09-28,Art. 418,aula-13.html,unused,"Art. 418: Os livros empresariais que preencham os requisitos exigidos por…; matéria fora das providências pós-resposta, saneamento e julgamento deste recorte."
cpc-lei-13105-capture-2026-09-28,Art. 419,aula-13.html,unused,"Art. 419: A escrituração contábil é indivisível, e, se dos fatos que…; matéria fora das providências pós-resposta, saneamento e julgamento deste recorte."
cpc-lei-13105-capture-2026-09-28,Art. 420,aula-13.html,unused,"Art. 420: O juiz pode ordenar, a requerimento da parte, a exibição…; matéria fora das providências pós-resposta, saneamento e julgamento deste recorte."
cpc-lei-13105-capture-2026-09-28,Art. 421,aula-13.html,unused,"Art. 421: O juiz pode, de ofício, ordenar à parte a exibição parcial dos…; matéria fora das providências pós-resposta, saneamento e julgamento deste recorte."
cpc-lei-13105-capture-2026-09-28,Art. 422,aula-13.html,unused,"Art. 422: Qualquer reprodução mecânica, como a fotográfica, a…; matéria fora das providências pós-resposta, saneamento e julgamento deste recorte."
cpc-lei-13105-capture-2026-09-28,Art. 423,aula-13.html,unused,"Art. 423: As reproduções dos documentos particulares, fotográficas ou…; matéria fora das providências pós-resposta, saneamento e julgamento deste recorte."
cpc-lei-13105-capture-2026-09-28,Art. 424,aula-13.html,unused,"Art. 424: A cópia de documento particular tem o mesmo valor probante que o…; matéria fora das providências pós-resposta, saneamento e julgamento deste recorte."
cpc-lei-13105-capture-2026-09-28,Art. 425,aula-13.html,unused,"Art. 425: Fazem a mesma prova que os originais…; matéria fora das providências pós-resposta, saneamento e julgamento deste recorte."
cpc-lei-13105-capture-2026-09-28,Art. 426,aula-13.html,unused,"Art. 426: O juiz apreciará fundamentadamente a fé que deva merecer o…; matéria fora das providências pós-resposta, saneamento e julgamento deste recorte."
cpc-lei-13105-capture-2026-09-28,Art. 427,aula-13.html,unused,"Art. 427: Cessa a fé do documento público ou particular sendo-lhe…; matéria fora das providências pós-resposta, saneamento e julgamento deste recorte."
cpc-lei-13105-capture-2026-09-28,Art. 428,aula-13.html,unused,"Art. 428: Cessa a fé do documento particular quando…; matéria fora das providências pós-resposta, saneamento e julgamento deste recorte."
cpc-lei-13105-capture-2026-09-28,Art. 429,aula-13.html,unused,"Art. 429: Incumbe o ônus da prova quando…; matéria fora das providências pós-resposta, saneamento e julgamento deste recorte."
cpc-lei-13105-capture-2026-09-28,Art. 430,aula-13.html,unused,"Art. 430: A falsidade deve ser suscitada na contestação, na réplica ou no…; matéria fora das providências pós-resposta, saneamento e julgamento deste recorte."
cpc-lei-13105-capture-2026-09-28,Art. 431,aula-13.html,unused,"Art. 431: A parte arguirá a falsidade expondo os motivos em que funda a…; matéria fora das providências pós-resposta, saneamento e julgamento deste recorte."
cpc-lei-13105-capture-2026-09-28,Art. 432,aula-13.html,unused,"Art. 432: Depois de ouvida a outra parte no prazo de 15 (quinze) dias…; matéria fora das providências pós-resposta, saneamento e julgamento deste recorte."
cpc-lei-13105-capture-2026-09-28,Art. 433,aula-13.html,unused,"Art. 433: A declaração sobre a falsidade do documento, quando suscitada…; matéria fora das providências pós-resposta, saneamento e julgamento deste recorte."
cpc-lei-13105-capture-2026-09-28,Art. 434,aula-13.html,unused,"Art. 434: Incumbe à parte instruir a petição inicial ou a contestação com…; matéria fora das providências pós-resposta, saneamento e julgamento deste recorte."
cpc-lei-13105-capture-2026-09-28,Art. 435,aula-13.html,unused,"Art. 435: É lícito às partes, em qualquer tempo, juntar aos autos…; matéria fora das providências pós-resposta, saneamento e julgamento deste recorte."
cpc-lei-13105-capture-2026-09-28,Art. 436,aula-13.html,unused,"Art. 436: A parte, intimada a falar sobre documento constante dos autos…; matéria fora das providências pós-resposta, saneamento e julgamento deste recorte."
cpc-lei-13105-capture-2026-09-28,Art. 437,aula-13.html,unused,"Art. 437: O réu manifestar-se-á na contestação sobre os documentos…; matéria fora das providências pós-resposta, saneamento e julgamento deste recorte."
cpc-lei-13105-capture-2026-09-28,Art. 438,aula-13.html,unused,"Art. 438: O juiz requisitará às repartições públicas, em qualquer tempo ou…; matéria fora das providências pós-resposta, saneamento e julgamento deste recorte."
cpc-lei-13105-capture-2026-09-28,Art. 439,aula-13.html,unused,"Art. 439: A utilização de documentos eletrônicos no processo convencional…; matéria fora das providências pós-resposta, saneamento e julgamento deste recorte."
cpc-lei-13105-capture-2026-09-28,Art. 440,aula-13.html,unused,"Art. 440: O juiz apreciará o valor probante do documento eletrônico não…; matéria fora das providências pós-resposta, saneamento e julgamento deste recorte."
cpc-lei-13105-capture-2026-09-28,Art. 441,aula-13.html,unused,"Art. 441: Serão admitidos documentos eletrônicos produzidos e conservados…; matéria fora das providências pós-resposta, saneamento e julgamento deste recorte."
cpc-lei-13105-capture-2026-09-28,Art. 442,aula-13.html,unused,"Art. 442: A prova testemunhal é sempre admissível, não dispondo a lei de…; matéria fora das providências pós-resposta, saneamento e julgamento deste recorte."
cpc-lei-13105-capture-2026-09-28,Art. 443,aula-13.html,unused,"Art. 443: O juiz indeferirá a inquirição de testemunhas sobre fatos…; matéria fora das providências pós-resposta, saneamento e julgamento deste recorte."
cpc-lei-13105-capture-2026-09-28,Art. 444,aula-13.html,unused,"Art. 444: Nos casos em que a lei exigir prova escrita da obrigação, é…; matéria fora das providências pós-resposta, saneamento e julgamento deste recorte."
cpc-lei-13105-capture-2026-09-28,Art. 445,aula-13.html,unused,"Art. 445: Também se admite a prova testemunhal quando o credor não pode ou…; matéria fora das providências pós-resposta, saneamento e julgamento deste recorte."
cpc-lei-13105-capture-2026-09-28,Art. 446,aula-13.html,unused,"Art. 446: É lícito à parte provar com testemunhas…; matéria fora das providências pós-resposta, saneamento e julgamento deste recorte."
cpc-lei-13105-capture-2026-09-28,Art. 447,aula-13.html,unused,"Art. 447: Podem depor como testemunhas todas as pessoas, exceto as…; matéria fora das providências pós-resposta, saneamento e julgamento deste recorte."
cpc-lei-13105-capture-2026-09-28,Art. 448,aula-13.html,unused,"Art. 448: A testemunha não é obrigada a depor sobre fatos…; matéria fora das providências pós-resposta, saneamento e julgamento deste recorte."
cpc-lei-13105-capture-2026-09-28,Art. 449,aula-13.html,unused,"Art. 449: Salvo disposição especial em contrário, as testemunhas devem ser…; matéria fora das providências pós-resposta, saneamento e julgamento deste recorte."
cpc-lei-13105-capture-2026-09-28,Art. 450,aula-13.html,unused,"Art. 450: O rol de testemunhas conterá, sempre que possível, o nome, a…; matéria fora das providências pós-resposta, saneamento e julgamento deste recorte."
cpc-lei-13105-capture-2026-09-28,Art. 451,aula-13.html,unused,"Art. 451: Depois de apresentado o rol de que tratam os…; matéria fora das providências pós-resposta, saneamento e julgamento deste recorte."
cpc-lei-13105-capture-2026-09-28,Art. 452,aula-13.html,unused,"Art. 452: Quando for arrolado como testemunha, o juiz da causa…; matéria fora das providências pós-resposta, saneamento e julgamento deste recorte."
cpc-lei-13105-capture-2026-09-28,Art. 453,aula-13.html,unused,"Art. 453: As testemunhas depõem, na audiência de instrução e julgamento…; matéria fora das providências pós-resposta, saneamento e julgamento deste recorte."
cpc-lei-13105-capture-2026-09-28,Art. 454,aula-13.html,unused,"Art. 454: São inquiridos em sua residência ou onde exercem sua função…; matéria fora das providências pós-resposta, saneamento e julgamento deste recorte."
cpc-lei-13105-capture-2026-09-28,Art. 455,aula-13.html,unused,"Art. 455: Cabe ao advogado da parte informar ou intimar a testemunha por…; matéria fora das providências pós-resposta, saneamento e julgamento deste recorte."
cpc-lei-13105-capture-2026-09-28,Art. 456,aula-13.html,unused,"Art. 456: O juiz inquirirá as testemunhas separada e sucessivamente…; matéria fora das providências pós-resposta, saneamento e julgamento deste recorte."
cpc-lei-13105-capture-2026-09-28,Art. 457,aula-13.html,unused,"Art. 457: Antes de depor, a testemunha será qualificada, declarará ou…; matéria fora das providências pós-resposta, saneamento e julgamento deste recorte."
cpc-lei-13105-capture-2026-09-28,Art. 458,aula-13.html,unused,"Art. 458: Ao início da inquirição, a testemunha prestará o compromisso de…; matéria fora das providências pós-resposta, saneamento e julgamento deste recorte."
cpc-lei-13105-capture-2026-09-28,Art. 459,aula-13.html,unused,"Art. 459: As perguntas serão formuladas pelas partes diretamente à…; matéria fora das providências pós-resposta, saneamento e julgamento deste recorte."
cpc-lei-13105-capture-2026-09-28,Art. 460,aula-13.html,unused,"Art. 460: O depoimento poderá ser documentado por meio de gravação.; matéria fora das providências pós-resposta, saneamento e julgamento deste recorte."
cpc-lei-13105-capture-2026-09-28,Art. 461,aula-13.html,unused,"Art. 461: O juiz pode ordenar, de ofício ou a requerimento da parte…; matéria fora das providências pós-resposta, saneamento e julgamento deste recorte."
cpc-lei-13105-capture-2026-09-28,Art. 462,aula-13.html,unused,"Art. 462: A testemunha pode requerer ao juiz o pagamento da despesa que…; matéria fora das providências pós-resposta, saneamento e julgamento deste recorte."
cpc-lei-13105-capture-2026-09-28,Art. 463,aula-13.html,unused,"Art. 463: O depoimento prestado em juízo é considerado serviço público.; matéria fora das providências pós-resposta, saneamento e julgamento deste recorte."
cpc-lei-13105-capture-2026-09-28,Art. 464,aula-13.html,unused,"Art. 464: A prova pericial consiste em exame, vistoria ou avaliação.; matéria fora das providências pós-resposta, saneamento e julgamento deste recorte."
cpc-lei-13105-capture-2026-09-28,Art. 465,aula-13.html,unused,"Art. 465: O juiz nomeará perito especializado no objeto da perícia e…; matéria fora das providências pós-resposta, saneamento e julgamento deste recorte."
cpc-lei-13105-capture-2026-09-28,Art. 466,aula-13.html,unused,"Art. 466: O perito cumprirá escrupulosamente o encargo que lhe foi…; matéria fora das providências pós-resposta, saneamento e julgamento deste recorte."
cpc-lei-13105-capture-2026-09-28,Art. 467,aula-13.html,unused,"Art. 467: O perito pode escusar-se ou ser recusado por impedimento ou…; matéria fora das providências pós-resposta, saneamento e julgamento deste recorte."
cpc-lei-13105-capture-2026-09-28,Art. 468,aula-13.html,unused,"Art. 468: O perito pode ser substituído quando…; matéria fora das providências pós-resposta, saneamento e julgamento deste recorte."
cpc-lei-13105-capture-2026-09-28,Art. 469,aula-13.html,unused,"Art. 469: As partes poderão apresentar quesitos suplementares durante a…; matéria fora das providências pós-resposta, saneamento e julgamento deste recorte."
cpc-lei-13105-capture-2026-09-28,Art. 470,aula-13.html,unused,"Art. 470: Incumbe ao juiz…; matéria fora das providências pós-resposta, saneamento e julgamento deste recorte."
cpc-lei-13105-capture-2026-09-28,Art. 471,aula-13.html,unused,"Art. 471: As partes podem, de comum acordo, escolher o perito, indicando-o…; matéria fora das providências pós-resposta, saneamento e julgamento deste recorte."
cpc-lei-13105-capture-2026-09-28,Art. 472,aula-13.html,unused,"Art. 472: O juiz poderá dispensar prova pericial quando as partes, na…; matéria fora das providências pós-resposta, saneamento e julgamento deste recorte."
cpc-lei-13105-capture-2026-09-28,Art. 473,aula-13.html,unused,"Art. 473: O laudo pericial deverá conter…; matéria fora das providências pós-resposta, saneamento e julgamento deste recorte."
cpc-lei-13105-capture-2026-09-28,Art. 474,aula-13.html,unused,"Art. 474: As partes terão ciência da data e do local designados pelo juiz…; matéria fora das providências pós-resposta, saneamento e julgamento deste recorte."
cpc-lei-13105-capture-2026-09-28,Art. 475,aula-13.html,unused,"Art. 475: Tratando-se de perícia complexa que abranja mais de uma área de…; matéria fora das providências pós-resposta, saneamento e julgamento deste recorte."
cpc-lei-13105-capture-2026-09-28,Art. 476,aula-13.html,unused,"Art. 476: Se o perito, por motivo justificado, não puder apresentar o…; matéria fora das providências pós-resposta, saneamento e julgamento deste recorte."
cpc-lei-13105-capture-2026-09-28,Art. 478,aula-13.html,unused,"Art. 478: Quando o exame tiver por objeto a autenticidade ou a falsidade…; matéria fora das providências pós-resposta, saneamento e julgamento deste recorte."
cpc-lei-13105-capture-2026-09-28,Art. 479,aula-13.html,unused,"Art. 479: O juiz apreciará a prova pericial de acordo com o disposto no…; matéria fora das providências pós-resposta, saneamento e julgamento deste recorte."
cpc-lei-13105-capture-2026-09-28,Art. 480,aula-13.html,unused,"Art. 480: O juiz determinará, de ofício ou a requerimento da parte, a…; matéria fora das providências pós-resposta, saneamento e julgamento deste recorte."
cpc-lei-13105-capture-2026-09-28,Art. 481,aula-13.html,unused,"Art. 481: O juiz, de ofício ou a requerimento da parte, pode, em qualquer…; matéria fora das providências pós-resposta, saneamento e julgamento deste recorte."
cpc-lei-13105-capture-2026-09-28,Art. 482,aula-13.html,unused,"Art. 482: Ao realizar a inspeção, o juiz poderá ser assistido por um ou…; matéria fora das providências pós-resposta, saneamento e julgamento deste recorte."
cpc-lei-13105-capture-2026-09-28,Art. 483,aula-13.html,unused,"Art. 483: O juiz irá ao local onde se encontre a pessoa ou a coisa quando…; matéria fora das providências pós-resposta, saneamento e julgamento deste recorte."
cpc-lei-13105-capture-2026-09-28,Art. 484,aula-13.html,unused,"Art. 484: Concluída a diligência, o juiz mandará lavrar auto…; matéria fora das providências pós-resposta, saneamento e julgamento deste recorte."
cpc-lei-13105-capture-2026-09-28,Art. 485,aula-13.html,unused,"Art. 485: O juiz não resolverá o mérito quando…; matéria fora das providências pós-resposta, saneamento e julgamento deste recorte."
cpc-lei-13105-capture-2026-09-28,Art. 486,aula-13.html,unused,"Art. 486: O pronunciamento judicial que não resolve o mérito não obsta a…; matéria fora das providências pós-resposta, saneamento e julgamento deste recorte."
cpc-lei-13105-capture-2026-09-28,Art. 487,aula-13.html,unused,"Art. 487: Haverá resolução de mérito quando o juiz…; matéria fora das providências pós-resposta, saneamento e julgamento deste recorte."
cpc-lei-13105-capture-2026-09-28,Art. 488,aula-13.html,unused,"Art. 488: Desde que possível, o juiz resolverá o mérito sempre que a…; matéria fora das providências pós-resposta, saneamento e julgamento deste recorte."
cpc-lei-13105-capture-2026-09-28,Art. 489,aula-13.html,unused,"Art. 489: São elementos essenciais da sentença…; matéria fora das providências pós-resposta, saneamento e julgamento deste recorte."
cpc-lei-13105-capture-2026-09-28,Art. 490,aula-13.html,unused,"Art. 490: O juiz resolverá o mérito acolhendo ou rejeitando, no todo ou em…; matéria fora das providências pós-resposta, saneamento e julgamento deste recorte."
cpc-lei-13105-capture-2026-09-28,Art. 491,aula-13.html,unused,"Art. 491: Na ação relativa à obrigação de pagar quantia, ainda que…; matéria fora das providências pós-resposta, saneamento e julgamento deste recorte."
cpc-lei-13105-capture-2026-09-28,Art. 492,aula-13.html,unused,"Art. 492: É vedado ao juiz proferir decisão de natureza diversa da pedida…; matéria fora das providências pós-resposta, saneamento e julgamento deste recorte."
cpc-lei-13105-capture-2026-09-28,Art. 493,aula-13.html,unused,"Art. 493: Se, depois da propositura da ação, algum fato constitutivo…; matéria fora das providências pós-resposta, saneamento e julgamento deste recorte."
cpc-lei-13105-capture-2026-09-28,Art. 494,aula-13.html,unused,"Art. 494: Publicada a sentença, o juiz só poderá alterá-la…; matéria fora das providências pós-resposta, saneamento e julgamento deste recorte."
cpc-lei-13105-capture-2026-09-28,Art. 495,aula-13.html,unused,"Art. 495: A decisão que condenar o réu ao pagamento de prestação…; matéria fora das providências pós-resposta, saneamento e julgamento deste recorte."
cpc-lei-13105-capture-2026-09-28,Art. 496,aula-13.html,unused,"Art. 496: Está sujeita ao duplo grau de jurisdição, não produzindo efeito…; matéria fora das providências pós-resposta, saneamento e julgamento deste recorte."
cpc-lei-13105-capture-2026-09-28,Art. 497,aula-13.html,unused,"Art. 497: Na ação que tenha por objeto a prestação de fazer ou de não…; matéria fora das providências pós-resposta, saneamento e julgamento deste recorte."
cpc-lei-13105-capture-2026-09-28,Art. 498,aula-13.html,unused,"Art. 498: Na ação que tenha por objeto a entrega de coisa, o juiz, ao…; matéria fora das providências pós-resposta, saneamento e julgamento deste recorte."
cpc-lei-13105-capture-2026-09-28,Art. 499,aula-13.html,unused,"Art. 499: A obrigação somente será convertida em perdas e danos se o autor…; matéria fora das providências pós-resposta, saneamento e julgamento deste recorte."
cpc-lei-13105-capture-2026-09-28,Art. 500,aula-13.html,unused,"Art. 500: A indenização por perdas e danos dar-se-á sem prejuízo da multa…; matéria fora das providências pós-resposta, saneamento e julgamento deste recorte."
cpc-lei-13105-capture-2026-09-28,Art. 501,aula-13.html,unused,"Art. 501: Na ação que tenha por objeto a emissão de declaração de vontade…; matéria fora das providências pós-resposta, saneamento e julgamento deste recorte."
cpc-lei-13105-capture-2026-09-28,Art. 502,aula-13.html,unused,"Art. 502: Denomina-se coisa julgada material a autoridade que torna…; matéria fora das providências pós-resposta, saneamento e julgamento deste recorte."
cpc-lei-13105-capture-2026-09-28,Art. 503,aula-13.html,unused,"Art. 503: A decisão que julgar total ou parcialmente o mérito tem força de…; matéria fora das providências pós-resposta, saneamento e julgamento deste recorte."
cpc-lei-13105-capture-2026-09-28,Art. 504,aula-13.html,unused,"Art. 504: Não fazem coisa julgada…; matéria fora das providências pós-resposta, saneamento e julgamento deste recorte."
cpc-lei-13105-capture-2026-09-28,Art. 506,aula-13.html,unused,"Art. 506: A sentença faz coisa julgada às partes entre as quais é dada…; matéria fora das providências pós-resposta, saneamento e julgamento deste recorte."
cpc-lei-13105-capture-2026-09-28,Art. 507,aula-13.html,unused,"Art. 507: É vedado à parte discutir no curso do processo as questões já…; matéria fora das providências pós-resposta, saneamento e julgamento deste recorte."
cpc-lei-13105-capture-2026-09-28,Art. 508,aula-13.html,unused,"Art. 508: Transitada em julgado a decisão de mérito, considerar-se-ão…; matéria fora das providências pós-resposta, saneamento e julgamento deste recorte."
cpc-lei-13105-capture-2026-09-28,Art. 509,aula-13.html,unused,"Art. 509: Quando a sentença condenar ao pagamento de quantia ilíquida…; matéria fora das providências pós-resposta, saneamento e julgamento deste recorte."
cpc-lei-13105-capture-2026-09-28,Art. 510,aula-13.html,unused,"Art. 510: Na liquidação por arbitramento, o juiz intimará as partes para a…; matéria fora das providências pós-resposta, saneamento e julgamento deste recorte."
cpc-lei-13105-capture-2026-09-28,Art. 511,aula-13.html,unused,"Art. 511: Na liquidação pelo procedimento comum, o juiz determinará a…; matéria fora das providências pós-resposta, saneamento e julgamento deste recorte."
cpc-lei-13105-capture-2026-09-28,Art. 513,aula-13.html,unused,"Art. 513: O cumprimento da sentença será feito segundo as regras deste…; matéria fora das providências pós-resposta, saneamento e julgamento deste recorte."
cpc-lei-13105-capture-2026-09-28,Art. 514,aula-13.html,unused,"Art. 514: Quando o juiz decidir relação jurídica sujeita a condição ou…; matéria fora das providências pós-resposta, saneamento e julgamento deste recorte."
cpc-lei-13105-capture-2026-09-28,Art. 515,aula-13.html,unused,"Art. 515: São títulos executivos judiciais, cujo cumprimento dar-se-á de…; matéria fora das providências pós-resposta, saneamento e julgamento deste recorte."
cpc-lei-13105-capture-2026-09-28,Art. 516,aula-13.html,unused,"Art. 516: O cumprimento da sentença efetuar-se-á perante…; matéria fora das providências pós-resposta, saneamento e julgamento deste recorte."
cpc-lei-13105-capture-2026-09-28,Art. 517,aula-13.html,unused,"Art. 517: A decisão judicial transitada em julgado poderá ser levada a…; matéria fora das providências pós-resposta, saneamento e julgamento deste recorte."
cpc-lei-13105-capture-2026-09-28,Art. 518,aula-13.html,unused,"Art. 518: Todas as questões relativas à validade do procedimento de…; matéria fora das providências pós-resposta, saneamento e julgamento deste recorte."
cpc-lei-13105-capture-2026-09-28,Art. 519,aula-13.html,unused,"Art. 519: Aplicam-se as disposições relativas ao cumprimento da sentença…; matéria fora das providências pós-resposta, saneamento e julgamento deste recorte."
cpc-lei-13105-capture-2026-09-28,Art. 520,aula-13.html,unused,"Art. 520: O cumprimento provisório da sentença impugnada por recurso…; matéria fora das providências pós-resposta, saneamento e julgamento deste recorte."
cpc-lei-13105-capture-2026-09-28,Art. 521,aula-13.html,unused,"Art. 521: A caução prevista no…; matéria fora das providências pós-resposta, saneamento e julgamento deste recorte."
cpc-lei-13105-capture-2026-09-28,Art. 522,aula-13.html,unused,"Art. 522: O cumprimento provisório da sentença será requerido por petição…; matéria fora das providências pós-resposta, saneamento e julgamento deste recorte."
cpc-lei-13105-capture-2026-09-28,Art. 523,aula-13.html,unused,"Art. 523: No caso de condenação em quantia certa, ou já fixada em…; matéria fora das providências pós-resposta, saneamento e julgamento deste recorte."
cpc-lei-13105-capture-2026-09-28,Art. 524,aula-13.html,unused,"Art. 524: O requerimento previsto no…; matéria fora das providências pós-resposta, saneamento e julgamento deste recorte."
cpc-lei-13105-capture-2026-09-28,Art. 525,aula-13.html,unused,"Art. 525: Transcorrido o prazo previsto no…; matéria fora das providências pós-resposta, saneamento e julgamento deste recorte."
cpc-lei-13105-capture-2026-09-28,Art. 526,aula-13.html,unused,"Art. 526: É lícito ao réu, antes de ser intimado para o cumprimento da…; matéria fora das providências pós-resposta, saneamento e julgamento deste recorte."
cpc-lei-13105-capture-2026-09-28,Art. 527,aula-13.html,unused,"Art. 527: Aplicam-se as disposições deste Capítulo ao cumprimento…; matéria fora das providências pós-resposta, saneamento e julgamento deste recorte."
cpc-lei-13105-capture-2026-09-28,Art. 528,aula-13.html,unused,"Art. 528: No cumprimento de sentença que condene ao pagamento de prestação…; matéria fora das providências pós-resposta, saneamento e julgamento deste recorte."
cpc-lei-13105-capture-2026-09-28,Art. 529,aula-13.html,unused,"Art. 529: Quando o executado for funcionário público, militar, diretor ou…; matéria fora das providências pós-resposta, saneamento e julgamento deste recorte."
cpc-lei-13105-capture-2026-09-28,Art. 530,aula-13.html,unused,"Art. 530: Não cumprida a obrigação, observar-se-á o disposto nos…; matéria fora das providências pós-resposta, saneamento e julgamento deste recorte."
cpc-lei-13105-capture-2026-09-28,Art. 531,aula-13.html,unused,"Art. 531: O disposto neste Capítulo aplica-se aos alimentos definitivos ou…; matéria fora das providências pós-resposta, saneamento e julgamento deste recorte."
cpc-lei-13105-capture-2026-09-28,Art. 532,aula-13.html,unused,"Art. 532: Verificada a conduta procrastinatória do executado, o juiz…; matéria fora das providências pós-resposta, saneamento e julgamento deste recorte."
cpc-lei-13105-capture-2026-09-28,Art. 533,aula-13.html,unused,"Art. 533: Quando a indenização por ato ilícito incluir prestação de…; matéria fora das providências pós-resposta, saneamento e julgamento deste recorte."
cpc-lei-13105-capture-2026-09-28,Art. 534,aula-13.html,unused,"Art. 534: No cumprimento de sentença que impuser à Fazenda Pública o dever…; matéria fora das providências pós-resposta, saneamento e julgamento deste recorte."
cpc-lei-13105-capture-2026-09-28,Art. 535,aula-13.html,unused,"Art. 535: A Fazenda Pública será intimada na pessoa de seu representante…; matéria fora das providências pós-resposta, saneamento e julgamento deste recorte."
cpc-lei-13105-capture-2026-09-28,Art. 536,aula-13.html,unused,"Art. 536: No cumprimento de sentença que reconheça a exigibilidade de…; matéria fora das providências pós-resposta, saneamento e julgamento deste recorte."
cpc-lei-13105-capture-2026-09-28,Art. 537,aula-13.html,unused,"Art. 537: A multa independe de requerimento da parte e poderá ser aplicada…; matéria fora das providências pós-resposta, saneamento e julgamento deste recorte."
cpc-lei-13105-capture-2026-09-28,Art. 538,aula-13.html,unused,"Art. 538: Não cumprida a obrigação de entregar coisa no prazo estabelecido…; matéria fora das providências pós-resposta, saneamento e julgamento deste recorte."
cpc-lei-13105-capture-2026-09-28,Art. 539,aula-13.html,unused,"Art. 539: Nos casos previstos em lei, poderá o devedor ou terceiro…; matéria fora das providências pós-resposta, saneamento e julgamento deste recorte."
cpc-lei-13105-capture-2026-09-28,Art. 540,aula-13.html,unused,"Art. 540: Requerer-se-á a consignação no lugar do pagamento, cessando para…; matéria fora das providências pós-resposta, saneamento e julgamento deste recorte."
cpc-lei-13105-capture-2026-09-28,Art. 541,aula-13.html,unused,"Art. 541: Tratando-se de prestações sucessivas, consignada uma delas, pode…; matéria fora das providências pós-resposta, saneamento e julgamento deste recorte."
cpc-lei-13105-capture-2026-09-28,Art. 542,aula-13.html,unused,"Art. 542: Na petição inicial, o autor requererá…; matéria fora das providências pós-resposta, saneamento e julgamento deste recorte."
cpc-lei-13105-capture-2026-09-28,Art. 543,aula-13.html,unused,"Art. 543: Se o objeto da prestação for coisa indeterminada e a escolha…; matéria fora das providências pós-resposta, saneamento e julgamento deste recorte."
cpc-lei-13105-capture-2026-09-28,Art. 544,aula-13.html,unused,"Art. 544: Na contestação, o réu poderá alegar que…; matéria fora das providências pós-resposta, saneamento e julgamento deste recorte."
cpc-lei-13105-capture-2026-09-28,Art. 545,aula-13.html,unused,"Art. 545: Alegada a insuficiência do depósito, é lícito ao autor…; matéria fora das providências pós-resposta, saneamento e julgamento deste recorte."
cpc-lei-13105-capture-2026-09-28,Art. 546,aula-13.html,unused,"Art. 546: Julgado procedente o pedido, o juiz declarará extinta a…; matéria fora das providências pós-resposta, saneamento e julgamento deste recorte."
cpc-lei-13105-capture-2026-09-28,Art. 547,aula-13.html,unused,"Art. 547: Se ocorrer dúvida sobre quem deva legitimamente receber o…; matéria fora das providências pós-resposta, saneamento e julgamento deste recorte."
cpc-lei-13105-capture-2026-09-28,Art. 548,aula-13.html,unused,"Art. 548: No caso do…; matéria fora das providências pós-resposta, saneamento e julgamento deste recorte."
cpc-lei-13105-capture-2026-09-28,Art. 549,aula-13.html,unused,"Art. 549: Aplica-se o procedimento estabelecido neste Capítulo, no que…; matéria fora das providências pós-resposta, saneamento e julgamento deste recorte."
cpc-lei-13105-capture-2026-09-28,Art. 550,aula-13.html,unused,"Art. 550: Aquele que afirmar ser titular do direito de exigir contas…; matéria fora das providências pós-resposta, saneamento e julgamento deste recorte."
cpc-lei-13105-capture-2026-09-28,Art. 551,aula-13.html,unused,"Art. 551: As contas do réu serão apresentadas na forma adequada…; matéria fora das providências pós-resposta, saneamento e julgamento deste recorte."
cpc-lei-13105-capture-2026-09-28,Art. 552,aula-13.html,unused,"Art. 552: A sentença apurará o saldo e constituirá título executivo judicial.; matéria fora das providências pós-resposta, saneamento e julgamento deste recorte."
cpc-lei-13105-capture-2026-09-28,Art. 553,aula-13.html,unused,"Art. 553: As contas do inventariante, do tutor, do curador, do depositário…; matéria fora das providências pós-resposta, saneamento e julgamento deste recorte."
cpc-lei-13105-capture-2026-09-28,Art. 554,aula-13.html,unused,"Art. 554: A propositura de uma ação possessória em vez de outra não…; matéria fora das providências pós-resposta, saneamento e julgamento deste recorte."
cpc-lei-13105-capture-2026-09-28,Art. 555,aula-13.html,unused,"Art. 555: É lícito ao autor cumular ao pedido possessório o de…; matéria fora das providências pós-resposta, saneamento e julgamento deste recorte."
cpc-lei-13105-capture-2026-09-28,Art. 556,aula-13.html,unused,"Art. 556: É lícito ao réu, na contestação, alegando que foi o ofendido em…; matéria fora das providências pós-resposta, saneamento e julgamento deste recorte."
cpc-lei-13105-capture-2026-09-28,Art. 557,aula-13.html,unused,"Art. 557: Na pendência de ação possessória é vedado, tanto ao autor quanto…; matéria fora das providências pós-resposta, saneamento e julgamento deste recorte."
cpc-lei-13105-capture-2026-09-28,Art. 558,aula-13.html,unused,"Art. 558: Regem o procedimento de manutenção e de reintegração de posse as…; matéria fora das providências pós-resposta, saneamento e julgamento deste recorte."
cpc-lei-13105-capture-2026-09-28,Art. 559,aula-13.html,unused,"Art. 559: Se o réu provar, em qualquer tempo, que o autor provisoriamente…; matéria fora das providências pós-resposta, saneamento e julgamento deste recorte."
cpc-lei-13105-capture-2026-09-28,Art. 560,aula-13.html,unused,"Art. 560: O possuidor tem direito a ser mantido na posse em caso de…; matéria fora das providências pós-resposta, saneamento e julgamento deste recorte."
cpc-lei-13105-capture-2026-09-28,Art. 561,aula-13.html,unused,"Art. 561: Incumbe ao autor provar…; matéria fora das providências pós-resposta, saneamento e julgamento deste recorte."
cpc-lei-13105-capture-2026-09-28,Art. 562,aula-13.html,unused,"Art. 562: Estando a petição inicial devidamente instruída, o juiz…; matéria fora das providências pós-resposta, saneamento e julgamento deste recorte."
cpc-lei-13105-capture-2026-09-28,Art. 563,aula-13.html,unused,"Art. 563: Considerada suficiente a justificação, o juiz fará logo expedir…; matéria fora das providências pós-resposta, saneamento e julgamento deste recorte."
cpc-lei-13105-capture-2026-09-28,Art. 565,aula-13.html,unused,"Art. 565: No litígio coletivo pela posse de imóvel, quando o esbulho ou a…; matéria fora das providências pós-resposta, saneamento e julgamento deste recorte."
cpc-lei-13105-capture-2026-09-28,Art. 566,aula-13.html,unused,"Art. 566: Aplica-se, quanto ao mais, o procedimento comum.; matéria fora das providências pós-resposta, saneamento e julgamento deste recorte."
cpc-lei-13105-capture-2026-09-28,Art. 567,aula-13.html,unused,"Art. 567: O possuidor direto ou indireto que tenha justo receio de ser…; matéria fora das providências pós-resposta, saneamento e julgamento deste recorte."
cpc-lei-13105-capture-2026-09-28,Art. 568,aula-13.html,unused,"Art. 568: Aplica-se ao interdito proibitório o disposto na Seção II deste…; matéria fora das providências pós-resposta, saneamento e julgamento deste recorte."
cpc-lei-13105-capture-2026-09-28,Art. 569,aula-13.html,unused,"Art. 569: Cabe…; matéria fora das providências pós-resposta, saneamento e julgamento deste recorte."
cpc-lei-13105-capture-2026-09-28,Art. 570,aula-13.html,unused,"Art. 570: É lícita a cumulação dessas ações, caso em que deverá…; matéria fora das providências pós-resposta, saneamento e julgamento deste recorte."
cpc-lei-13105-capture-2026-09-28,Art. 571,aula-13.html,unused,"Art. 571: A demarcação e a divisão poderão ser realizadas por escritura…; matéria fora das providências pós-resposta, saneamento e julgamento deste recorte."
cpc-lei-13105-capture-2026-09-28,Art. 572,aula-13.html,unused,"Art. 572: Fixados os marcos da linha de demarcação, os confinantes…; matéria fora das providências pós-resposta, saneamento e julgamento deste recorte."
cpc-lei-13105-capture-2026-09-28,Art. 573,aula-13.html,unused,"Art. 573: Tratando-se de imóvel georreferenciado, com averbação no…; matéria fora das providências pós-resposta, saneamento e julgamento deste recorte."
cpc-lei-13105-capture-2026-09-28,Art. 574,aula-13.html,unused,"Art. 574: Na petição inicial, instruída com os títulos da propriedade…; matéria fora das providências pós-resposta, saneamento e julgamento deste recorte."
cpc-lei-13105-capture-2026-09-28,Art. 575,aula-13.html,unused,"Art. 575: Qualquer condômino é parte legítima para promover a demarcação…; matéria fora das providências pós-resposta, saneamento e julgamento deste recorte."
cpc-lei-13105-capture-2026-09-28,Art. 576,aula-13.html,unused,"Art. 576: A citação dos réus será feita por correio, observado o disposto no…; matéria fora das providências pós-resposta, saneamento e julgamento deste recorte."
cpc-lei-13105-capture-2026-09-28,Art. 577,aula-13.html,unused,"Art. 577: Feitas as citações, terão os réus o prazo comum de 15 (quinze)…; matéria fora das providências pós-resposta, saneamento e julgamento deste recorte."
cpc-lei-13105-capture-2026-09-28,Art. 578,aula-13.html,unused,"Art. 578: Após o prazo de resposta do réu, observar-se-á o procedimento comum.; matéria fora das providências pós-resposta, saneamento e julgamento deste recorte."
cpc-lei-13105-capture-2026-09-28,Art. 579,aula-13.html,unused,"Art. 579: Antes de proferir a sentença, o juiz nomeará um ou mais peritos…; matéria fora das providências pós-resposta, saneamento e julgamento deste recorte."
cpc-lei-13105-capture-2026-09-28,Art. 580,aula-13.html,unused,"Art. 580: Concluídos os estudos, os peritos apresentarão minucioso laudo…; matéria fora das providências pós-resposta, saneamento e julgamento deste recorte."
cpc-lei-13105-capture-2026-09-28,Art. 581,aula-13.html,unused,"Art. 581: A sentença que julgar procedente o pedido determinará o traçado…; matéria fora das providências pós-resposta, saneamento e julgamento deste recorte."
cpc-lei-13105-capture-2026-09-28,Art. 582,aula-13.html,unused,"Art. 582: Transitada em julgado a sentença, o perito efetuará a demarcação…; matéria fora das providências pós-resposta, saneamento e julgamento deste recorte."
cpc-lei-13105-capture-2026-09-28,Art. 583,aula-13.html,unused,"Art. 583: As plantas serão acompanhadas das cadernetas de operações de…; matéria fora das providências pós-resposta, saneamento e julgamento deste recorte."
cpc-lei-13105-capture-2026-09-28,Art. 584,aula-13.html,unused,"Art. 584: É obrigatória a colocação de marcos tanto na estação inicial…; matéria fora das providências pós-resposta, saneamento e julgamento deste recorte."
cpc-lei-13105-capture-2026-09-28,Art. 585,aula-13.html,unused,"Art. 585: A linha será percorrida pelos peritos, que examinarão os marcos…; matéria fora das providências pós-resposta, saneamento e julgamento deste recorte."
cpc-lei-13105-capture-2026-09-28,Art. 586,aula-13.html,unused,"Art. 586: Juntado aos autos o relatório dos peritos, o juiz determinará…; matéria fora das providências pós-resposta, saneamento e julgamento deste recorte."
cpc-lei-13105-capture-2026-09-28,Art. 587,aula-13.html,unused,"Art. 587: Assinado o auto pelo juiz e pelos peritos, será proferida a…; matéria fora das providências pós-resposta, saneamento e julgamento deste recorte."
cpc-lei-13105-capture-2026-09-28,Art. 588,aula-13.html,unused,"Art. 588: A petição inicial será instruída com os títulos de domínio do…; matéria fora das providências pós-resposta, saneamento e julgamento deste recorte."
cpc-lei-13105-capture-2026-09-28,Art. 589,aula-13.html,unused,"Art. 589: Feitas as citações como preceitua o…; matéria fora das providências pós-resposta, saneamento e julgamento deste recorte."
cpc-lei-13105-capture-2026-09-28,Art. 590,aula-13.html,unused,"Art. 590: O juiz nomeará um ou mais peritos para promover a medição do…; matéria fora das providências pós-resposta, saneamento e julgamento deste recorte."
cpc-lei-13105-capture-2026-09-28,Art. 591,aula-13.html,unused,"Art. 591: Todos os condôminos serão intimados a apresentar, dentro de 10…; matéria fora das providências pós-resposta, saneamento e julgamento deste recorte."
cpc-lei-13105-capture-2026-09-28,Art. 592,aula-13.html,unused,"Art. 592: O juiz ouvirá as partes no prazo comum de 15 (quinze) dias.; matéria fora das providências pós-resposta, saneamento e julgamento deste recorte."
cpc-lei-13105-capture-2026-09-28,Art. 593,aula-13.html,unused,"Art. 593: Se qualquer linha do perímetro atingir benfeitorias permanentes…; matéria fora das providências pós-resposta, saneamento e julgamento deste recorte."
cpc-lei-13105-capture-2026-09-28,Art. 594,aula-13.html,unused,"Art. 594: Os confinantes do imóvel dividendo podem demandar a restituição…; matéria fora das providências pós-resposta, saneamento e julgamento deste recorte."
cpc-lei-13105-capture-2026-09-28,Art. 595,aula-13.html,unused,"Art. 595: Os peritos proporão, em laudo fundamentado, a forma da divisão…; matéria fora das providências pós-resposta, saneamento e julgamento deste recorte."
cpc-lei-13105-capture-2026-09-28,Art. 596,aula-13.html,unused,"Art. 596: Ouvidas as partes, no prazo comum de 15 (quinze) dias, sobre o…; matéria fora das providências pós-resposta, saneamento e julgamento deste recorte."
cpc-lei-13105-capture-2026-09-28,Art. 597,aula-13.html,unused,"Art. 597: Terminados os trabalhos e desenhados na planta os quinhões e as…; matéria fora das providências pós-resposta, saneamento e julgamento deste recorte."
cpc-lei-13105-capture-2026-09-28,Art. 598,aula-13.html,unused,"Art. 598: Aplica-se às divisões o disposto nos…; matéria fora das providências pós-resposta, saneamento e julgamento deste recorte."
cpc-lei-13105-capture-2026-09-28,Art. 599,aula-13.html,unused,"Art. 599: A ação de dissolução parcial de sociedade pode ter por objeto…; matéria fora das providências pós-resposta, saneamento e julgamento deste recorte."
cpc-lei-13105-capture-2026-09-28,Art. 600,aula-13.html,unused,"Art. 600: A ação pode ser proposta…; matéria fora das providências pós-resposta, saneamento e julgamento deste recorte."
cpc-lei-13105-capture-2026-09-28,Art. 601,aula-13.html,unused,"Art. 601: Os sócios e a sociedade serão citados para, no prazo de 15…; matéria fora das providências pós-resposta, saneamento e julgamento deste recorte."
cpc-lei-13105-capture-2026-09-28,Art. 602,aula-13.html,unused,"Art. 602: A sociedade poderá formular pedido de indenização compensável…; matéria fora das providências pós-resposta, saneamento e julgamento deste recorte."
cpc-lei-13105-capture-2026-09-28,Art. 603,aula-13.html,unused,"Art. 603: Havendo manifestação expressa e unânime pela concordância da…; matéria fora das providências pós-resposta, saneamento e julgamento deste recorte."
cpc-lei-13105-capture-2026-09-28,Art. 604,aula-13.html,unused,"Art. 604: Para apuração dos haveres, o juiz…; matéria fora das providências pós-resposta, saneamento e julgamento deste recorte."
cpc-lei-13105-capture-2026-09-28,Art. 605,aula-13.html,unused,"Art. 605: A data da resolução da sociedade será…; matéria fora das providências pós-resposta, saneamento e julgamento deste recorte."
cpc-lei-13105-capture-2026-09-28,Art. 606,aula-13.html,unused,"Art. 606: Em caso de omissão do contrato social, o juiz definirá, como…; matéria fora das providências pós-resposta, saneamento e julgamento deste recorte."
cpc-lei-13105-capture-2026-09-28,Art. 607,aula-13.html,unused,"Art. 607: A data da resolução e o critério de apuração de haveres podem…; matéria fora das providências pós-resposta, saneamento e julgamento deste recorte."
cpc-lei-13105-capture-2026-09-28,Art. 608,aula-13.html,unused,"Art. 608: Até a data da resolução, integram o valor devido ao ex-sócio, ao…; matéria fora das providências pós-resposta, saneamento e julgamento deste recorte."
cpc-lei-13105-capture-2026-09-28,Art. 609,aula-13.html,unused,"Art. 609: Uma vez apurados, os haveres do sócio retirante serão pagos…; matéria fora das providências pós-resposta, saneamento e julgamento deste recorte."
cpc-lei-13105-capture-2026-09-28,Art. 610,aula-13.html,unused,"Art. 610: Havendo testamento ou interessado incapaz, proceder-se-á ao…; matéria fora das providências pós-resposta, saneamento e julgamento deste recorte."
cpc-lei-13105-capture-2026-09-28,Art. 611,aula-13.html,unused,"Art. 611: O processo de inventário e de partilha deve ser instaurado…; matéria fora das providências pós-resposta, saneamento e julgamento deste recorte."
cpc-lei-13105-capture-2026-09-28,Art. 612,aula-13.html,unused,"Art. 612: O juiz decidirá todas as questões de direito desde que os fatos…; matéria fora das providências pós-resposta, saneamento e julgamento deste recorte."
cpc-lei-13105-capture-2026-09-28,Art. 613,aula-13.html,unused,"Art. 613: Até que o inventariante preste o compromisso, continuará o…; matéria fora das providências pós-resposta, saneamento e julgamento deste recorte."
cpc-lei-13105-capture-2026-09-28,Art. 614,aula-13.html,unused,"Art. 614: O administrador provisório representa ativa e passivamente o…; matéria fora das providências pós-resposta, saneamento e julgamento deste recorte."
cpc-lei-13105-capture-2026-09-28,Art. 615,aula-13.html,unused,"Art. 615: O requerimento de inventário e de partilha incumbe a quem…; matéria fora das providências pós-resposta, saneamento e julgamento deste recorte."
cpc-lei-13105-capture-2026-09-28,Art. 616,aula-13.html,unused,"Art. 616: Têm, contudo, legitimidade concorrente…; matéria fora das providências pós-resposta, saneamento e julgamento deste recorte."
cpc-lei-13105-capture-2026-09-28,Art. 617,aula-13.html,unused,"Art. 617: O juiz nomeará inventariante na seguinte ordem…; matéria fora das providências pós-resposta, saneamento e julgamento deste recorte."
cpc-lei-13105-capture-2026-09-28,Art. 618,aula-13.html,unused,"Art. 618: Incumbe ao inventariante…; matéria fora das providências pós-resposta, saneamento e julgamento deste recorte."
cpc-lei-13105-capture-2026-09-28,Art. 619,aula-13.html,unused,"Art. 619: Incumbe ainda ao inventariante, ouvidos os interessados e com…; matéria fora das providências pós-resposta, saneamento e julgamento deste recorte."
cpc-lei-13105-capture-2026-09-28,Art. 620,aula-13.html,unused,"Art. 620: Dentro de 20 (vinte) dias contados da data em que prestou o…; matéria fora das providências pós-resposta, saneamento e julgamento deste recorte."
cpc-lei-13105-capture-2026-09-28,Art. 621,aula-13.html,unused,"Art. 621: Só se pode arguir sonegação ao inventariante depois de encerrada…; matéria fora das providências pós-resposta, saneamento e julgamento deste recorte."
cpc-lei-13105-capture-2026-09-28,Art. 622,aula-13.html,unused,"Art. 622: O inventariante será removido de ofício ou a requerimento…; matéria fora das providências pós-resposta, saneamento e julgamento deste recorte."
cpc-lei-13105-capture-2026-09-28,Art. 623,aula-13.html,unused,"Art. 623: Requerida a remoção com fundamento em qualquer dos incisos do…; matéria fora das providências pós-resposta, saneamento e julgamento deste recorte."
cpc-lei-13105-capture-2026-09-28,Art. 624,aula-13.html,unused,"Art. 624: Decorrido o prazo, com a defesa do inventariante ou sem ela, o…; matéria fora das providências pós-resposta, saneamento e julgamento deste recorte."
cpc-lei-13105-capture-2026-09-28,Art. 625,aula-13.html,unused,"Art. 625: O inventariante removido entregará imediatamente ao substituto…; matéria fora das providências pós-resposta, saneamento e julgamento deste recorte."
cpc-lei-13105-capture-2026-09-28,Art. 626,aula-13.html,unused,"Art. 626: Feitas as primeiras declarações, o juiz mandará citar, para os…; matéria fora das providências pós-resposta, saneamento e julgamento deste recorte."
cpc-lei-13105-capture-2026-09-28,Art. 627,aula-13.html,unused,"Art. 627: Concluídas as citações, abrir-se-á vista às partes, em cartório…; matéria fora das providências pós-resposta, saneamento e julgamento deste recorte."
cpc-lei-13105-capture-2026-09-28,Art. 628,aula-13.html,unused,"Art. 628: Aquele que se julgar preterido poderá demandar sua admissão no…; matéria fora das providências pós-resposta, saneamento e julgamento deste recorte."
cpc-lei-13105-capture-2026-09-28,Art. 629,aula-13.html,unused,"Art. 629: A Fazenda Pública, no prazo de 15 (quinze) dias, após a vista de…; matéria fora das providências pós-resposta, saneamento e julgamento deste recorte."
cpc-lei-13105-capture-2026-09-28,Art. 630,aula-13.html,unused,"Art. 630: Findo o prazo previsto no…; matéria fora das providências pós-resposta, saneamento e julgamento deste recorte."
cpc-lei-13105-capture-2026-09-28,Art. 632,aula-13.html,unused,"Art. 632: Não se expedirá carta precatória para a avaliação de bens…; matéria fora das providências pós-resposta, saneamento e julgamento deste recorte."
cpc-lei-13105-capture-2026-09-28,Art. 633,aula-13.html,unused,"Art. 633: Sendo capazes todas as partes, não se procederá à avaliação se a…; matéria fora das providências pós-resposta, saneamento e julgamento deste recorte."
cpc-lei-13105-capture-2026-09-28,Art. 634,aula-13.html,unused,"Art. 634: Se os herdeiros concordarem com o valor dos bens declarados pela…; matéria fora das providências pós-resposta, saneamento e julgamento deste recorte."
cpc-lei-13105-capture-2026-09-28,Art. 635,aula-13.html,unused,"Art. 635: Entregue o laudo de avaliação, o juiz mandará que as partes se…; matéria fora das providências pós-resposta, saneamento e julgamento deste recorte."
cpc-lei-13105-capture-2026-09-28,Art. 636,aula-13.html,unused,"Art. 636: Aceito o laudo ou resolvidas as impugnações suscitadas a seu…; matéria fora das providências pós-resposta, saneamento e julgamento deste recorte."
cpc-lei-13105-capture-2026-09-28,Art. 637,aula-13.html,unused,"Art. 637: Ouvidas as partes sobre as últimas declarações no prazo comum de…; matéria fora das providências pós-resposta, saneamento e julgamento deste recorte."
cpc-lei-13105-capture-2026-09-28,Art. 638,aula-13.html,unused,"Art. 638: Feito o cálculo, sobre ele serão ouvidas todas as partes no…; matéria fora das providências pós-resposta, saneamento e julgamento deste recorte."
cpc-lei-13105-capture-2026-09-28,Art. 639,aula-13.html,unused,"Art. 639: No prazo estabelecido no…; matéria fora das providências pós-resposta, saneamento e julgamento deste recorte."
cpc-lei-13105-capture-2026-09-28,Art. 640,aula-13.html,unused,"Art. 640: O herdeiro que renunciou à herança ou o que dela foi excluído…; matéria fora das providências pós-resposta, saneamento e julgamento deste recorte."
cpc-lei-13105-capture-2026-09-28,Art. 641,aula-13.html,unused,"Art. 641: Se o herdeiro negar o recebimento dos bens ou a obrigação de os…; matéria fora das providências pós-resposta, saneamento e julgamento deste recorte."
cpc-lei-13105-capture-2026-09-28,Art. 642,aula-13.html,unused,"Art. 642: Antes da partilha, poderão os credores do espólio requerer ao…; matéria fora das providências pós-resposta, saneamento e julgamento deste recorte."
cpc-lei-13105-capture-2026-09-28,Art. 643,aula-13.html,unused,"Art. 643: Não havendo concordância de todas as partes sobre o pedido de…; matéria fora das providências pós-resposta, saneamento e julgamento deste recorte."
cpc-lei-13105-capture-2026-09-28,Art. 644,aula-13.html,unused,"Art. 644: O credor de dívida líquida e certa, ainda não vencida, pode…; matéria fora das providências pós-resposta, saneamento e julgamento deste recorte."
cpc-lei-13105-capture-2026-09-28,Art. 645,aula-13.html,unused,"Art. 645: O legatário é parte legítima para manifestar-se sobre as dívidas…; matéria fora das providências pós-resposta, saneamento e julgamento deste recorte."
cpc-lei-13105-capture-2026-09-28,Art. 646,aula-13.html,unused,"Art. 646: Sem prejuízo do disposto no…; matéria fora das providências pós-resposta, saneamento e julgamento deste recorte."
cpc-lei-13105-capture-2026-09-28,Art. 647,aula-13.html,unused,"Art. 647: Cumprido o disposto no…; matéria fora das providências pós-resposta, saneamento e julgamento deste recorte."
cpc-lei-13105-capture-2026-09-28,Art. 648,aula-13.html,unused,"Art. 648: Na partilha, serão observadas as seguintes regras…; matéria fora das providências pós-resposta, saneamento e julgamento deste recorte."
cpc-lei-13105-capture-2026-09-28,Art. 649,aula-13.html,unused,"Art. 649: Os bens insuscetíveis de divisão cômoda que não couberem na…; matéria fora das providências pós-resposta, saneamento e julgamento deste recorte."
cpc-lei-13105-capture-2026-09-28,Art. 650,aula-13.html,unused,"Art. 650: Se um dos interessados for nascituro, o quinhão que lhe caberá…; matéria fora das providências pós-resposta, saneamento e julgamento deste recorte."
cpc-lei-13105-capture-2026-09-28,Art. 651,aula-13.html,unused,"Art. 651: O partidor organizará o esboço da partilha de acordo com a…; matéria fora das providências pós-resposta, saneamento e julgamento deste recorte."
cpc-lei-13105-capture-2026-09-28,Art. 652,aula-13.html,unused,"Art. 652: Feito o esboço, as partes manifestar-se-ão sobre esse no prazo…; matéria fora das providências pós-resposta, saneamento e julgamento deste recorte."
cpc-lei-13105-capture-2026-09-28,Art. 653,aula-13.html,unused,"Art. 653: A partilha constará…; matéria fora das providências pós-resposta, saneamento e julgamento deste recorte."
cpc-lei-13105-capture-2026-09-28,Art. 654,aula-13.html,unused,"Art. 654: Pago o imposto de transmissão a título de morte e juntada aos…; matéria fora das providências pós-resposta, saneamento e julgamento deste recorte."
cpc-lei-13105-capture-2026-09-28,Art. 655,aula-13.html,unused,"Art. 655: Transitada em julgado a sentença mencionada no…; matéria fora das providências pós-resposta, saneamento e julgamento deste recorte."
cpc-lei-13105-capture-2026-09-28,Art. 656,aula-13.html,unused,"Art. 656: A partilha, mesmo depois de transitada em julgado a sentença…; matéria fora das providências pós-resposta, saneamento e julgamento deste recorte."
cpc-lei-13105-capture-2026-09-28,Art. 657,aula-13.html,unused,"Art. 657: A partilha amigável, lavrada em instrumento público, reduzida a…; matéria fora das providências pós-resposta, saneamento e julgamento deste recorte."
cpc-lei-13105-capture-2026-09-28,Art. 658,aula-13.html,unused,"Art. 658: É rescindível a partilha julgada por sentença…; matéria fora das providências pós-resposta, saneamento e julgamento deste recorte."
cpc-lei-13105-capture-2026-09-28,Art. 659,aula-13.html,unused,"Art. 659: A partilha amigável, celebrada entre partes capazes, nos termos…; matéria fora das providências pós-resposta, saneamento e julgamento deste recorte."
cpc-lei-13105-capture-2026-09-28,Art. 660,aula-13.html,unused,"Art. 660: Na petição de inventário, que se processará na forma de…; matéria fora das providências pós-resposta, saneamento e julgamento deste recorte."
cpc-lei-13105-capture-2026-09-28,Art. 661,aula-13.html,unused,"Art. 661: Ressalvada a hipótese prevista no parágrafo único do…; matéria fora das providências pós-resposta, saneamento e julgamento deste recorte."
cpc-lei-13105-capture-2026-09-28,Art. 662,aula-13.html,unused,"Art. 662: No arrolamento, não serão conhecidas ou apreciadas questões…; matéria fora das providências pós-resposta, saneamento e julgamento deste recorte."
cpc-lei-13105-capture-2026-09-28,Art. 663,aula-13.html,unused,"Art. 663: A existência de credores do espólio não impedirá a homologação…; matéria fora das providências pós-resposta, saneamento e julgamento deste recorte."
cpc-lei-13105-capture-2026-09-28,Art. 664,aula-13.html,unused,"Art. 664: Quando o valor dos bens do espólio for igual ou inferior a 1.000…; matéria fora das providências pós-resposta, saneamento e julgamento deste recorte."
cpc-lei-13105-capture-2026-09-28,Art. 665,aula-13.html,unused,"Art. 665: O inventário processar-se-á também na forma do…; matéria fora das providências pós-resposta, saneamento e julgamento deste recorte."
cpc-lei-13105-capture-2026-09-28,Art. 666,aula-13.html,unused,"Art. 666: Independerá de inventário ou de arrolamento o pagamento dos…; matéria fora das providências pós-resposta, saneamento e julgamento deste recorte."
cpc-lei-13105-capture-2026-09-28,Art. 667,aula-13.html,unused,"Art. 667: Aplicam-se subsidiariamente a esta Seção as disposições das…; matéria fora das providências pós-resposta, saneamento e julgamento deste recorte."
cpc-lei-13105-capture-2026-09-28,Art. 668,aula-13.html,unused,"Art. 668: Cessa a eficácia da tutela provisória prevista nas Seções deste…; matéria fora das providências pós-resposta, saneamento e julgamento deste recorte."
cpc-lei-13105-capture-2026-09-28,Art. 669,aula-13.html,unused,"Art. 669: São sujeitos à sobrepartilha os bens…; matéria fora das providências pós-resposta, saneamento e julgamento deste recorte."
cpc-lei-13105-capture-2026-09-28,Art. 670,aula-13.html,unused,"Art. 670: Na sobrepartilha dos bens, observar-se-á o processo de…; matéria fora das providências pós-resposta, saneamento e julgamento deste recorte."
cpc-lei-13105-capture-2026-09-28,Art. 671,aula-13.html,unused,"Art. 671: O juiz nomeará curador especial…; matéria fora das providências pós-resposta, saneamento e julgamento deste recorte."
cpc-lei-13105-capture-2026-09-28,Art. 672,aula-13.html,unused,"Art. 672: É lícita a cumulação de inventários para a partilha de heranças…; matéria fora das providências pós-resposta, saneamento e julgamento deste recorte."
cpc-lei-13105-capture-2026-09-28,Art. 673,aula-13.html,unused,"Art. 673: No caso previsto no…; matéria fora das providências pós-resposta, saneamento e julgamento deste recorte."
cpc-lei-13105-capture-2026-09-28,Art. 674,aula-13.html,unused,"Art. 674: Quem, não sendo parte no processo, sofrer constrição ou ameaça…; matéria fora das providências pós-resposta, saneamento e julgamento deste recorte."
cpc-lei-13105-capture-2026-09-28,Art. 675,aula-13.html,unused,"Art. 675: Os embargos podem ser opostos a qualquer tempo no processo de…; matéria fora das providências pós-resposta, saneamento e julgamento deste recorte."
cpc-lei-13105-capture-2026-09-28,Art. 676,aula-13.html,unused,"Art. 676: Os embargos serão distribuídos por dependência ao juízo que…; matéria fora das providências pós-resposta, saneamento e julgamento deste recorte."
cpc-lei-13105-capture-2026-09-28,Art. 677,aula-13.html,unused,"Art. 677: Na petição inicial, o embargante fará a prova sumária de sua…; matéria fora das providências pós-resposta, saneamento e julgamento deste recorte."
cpc-lei-13105-capture-2026-09-28,Art. 678,aula-13.html,unused,"Art. 678: A decisão que reconhecer suficientemente provado o domínio ou a…; matéria fora das providências pós-resposta, saneamento e julgamento deste recorte."
cpc-lei-13105-capture-2026-09-28,Art. 679,aula-13.html,unused,"Art. 679: Os embargos poderão ser contestados no prazo de 15 (quinze)…; matéria fora das providências pós-resposta, saneamento e julgamento deste recorte."
cpc-lei-13105-capture-2026-09-28,Art. 681,aula-13.html,unused,"Art. 681: Acolhido o pedido inicial, o ato de constrição judicial indevida…; matéria fora das providências pós-resposta, saneamento e julgamento deste recorte."
cpc-lei-13105-capture-2026-09-28,Art. 682,aula-13.html,unused,"Art. 682: Quem pretender, no todo ou em parte, a coisa ou o direito sobre…; matéria fora das providências pós-resposta, saneamento e julgamento deste recorte."
cpc-lei-13105-capture-2026-09-28,Art. 683,aula-13.html,unused,"Art. 683: O opoente deduzirá o pedido em observação aos requisitos…; matéria fora das providências pós-resposta, saneamento e julgamento deste recorte."
cpc-lei-13105-capture-2026-09-28,Art. 684,aula-13.html,unused,"Art. 684: Se um dos opostos reconhecer a procedência do pedido, contra o…; matéria fora das providências pós-resposta, saneamento e julgamento deste recorte."
cpc-lei-13105-capture-2026-09-28,Art. 685,aula-13.html,unused,"Art. 685: Admitido o processamento, a oposição será apensada aos autos e…; matéria fora das providências pós-resposta, saneamento e julgamento deste recorte."
cpc-lei-13105-capture-2026-09-28,Art. 686,aula-13.html,unused,"Art. 686: Cabendo ao juiz decidir simultaneamente a ação originária e a…; matéria fora das providências pós-resposta, saneamento e julgamento deste recorte."
cpc-lei-13105-capture-2026-09-28,Art. 687,aula-13.html,unused,"Art. 687: A habilitação ocorre quando, por falecimento de qualquer das…; matéria fora das providências pós-resposta, saneamento e julgamento deste recorte."
cpc-lei-13105-capture-2026-09-28,Art. 688,aula-13.html,unused,"Art. 688: A habilitação pode ser requerida…; matéria fora das providências pós-resposta, saneamento e julgamento deste recorte."
cpc-lei-13105-capture-2026-09-28,Art. 689,aula-13.html,unused,"Art. 689: Proceder-se-á à habilitação nos autos do processo principal, na…; matéria fora das providências pós-resposta, saneamento e julgamento deste recorte."
cpc-lei-13105-capture-2026-09-28,Art. 690,aula-13.html,unused,"Art. 690: Recebida a petição, o juiz ordenará a citação dos requeridos…; matéria fora das providências pós-resposta, saneamento e julgamento deste recorte."
cpc-lei-13105-capture-2026-09-28,Art. 691,aula-13.html,unused,"Art. 691: O juiz decidirá o pedido de habilitação imediatamente, salvo se…; matéria fora das providências pós-resposta, saneamento e julgamento deste recorte."
cpc-lei-13105-capture-2026-09-28,Art. 692,aula-13.html,unused,"Art. 692: Transitada em julgado a sentença de habilitação, o processo…; matéria fora das providências pós-resposta, saneamento e julgamento deste recorte."
cpc-lei-13105-capture-2026-09-28,Art. 693,aula-13.html,unused,"Art. 693: As normas deste Capítulo aplicam-se aos processos contenciosos…; matéria fora das providências pós-resposta, saneamento e julgamento deste recorte."
cpc-lei-13105-capture-2026-09-28,Art. 694,aula-13.html,unused,"Art. 694: Nas ações de família, todos os esforços serão empreendidos para…; matéria fora das providências pós-resposta, saneamento e julgamento deste recorte."
cpc-lei-13105-capture-2026-09-28,Art. 695,aula-13.html,unused,"Art. 695: Recebida a petição inicial e, se for o caso, tomadas as…; matéria fora das providências pós-resposta, saneamento e julgamento deste recorte."
cpc-lei-13105-capture-2026-09-28,Art. 696,aula-13.html,unused,"Art. 696: A audiência de mediação e conciliação poderá dividir-se em…; matéria fora das providências pós-resposta, saneamento e julgamento deste recorte."
cpc-lei-13105-capture-2026-09-28,Art. 697,aula-13.html,unused,"Art. 697: Não realizado o acordo, passarão a incidir, a partir de então…; matéria fora das providências pós-resposta, saneamento e julgamento deste recorte."
cpc-lei-13105-capture-2026-09-28,Art. 698,aula-13.html,unused,"Art. 698: Nas ações de família, o Ministério Público somente intervirá…; matéria fora das providências pós-resposta, saneamento e julgamento deste recorte."
cpc-lei-13105-capture-2026-09-28,Art. 699,aula-13.html,unused,"Art. 699: Quando o processo envolver discussão sobre fato relacionado a…; matéria fora das providências pós-resposta, saneamento e julgamento deste recorte."
cpc-lei-13105-capture-2026-09-28,Art. 700,aula-13.html,unused,"Art. 700: A ação monitória pode ser proposta por aquele que afirmar, com…; matéria fora das providências pós-resposta, saneamento e julgamento deste recorte."
cpc-lei-13105-capture-2026-09-28,Art. 701,aula-13.html,unused,"Art. 701: Sendo evidente o direito do autor, o juiz deferirá a expedição…; matéria fora das providências pós-resposta, saneamento e julgamento deste recorte."
cpc-lei-13105-capture-2026-09-28,Art. 702,aula-13.html,unused,"Art. 702: Independentemente de prévia segurança do juízo, o réu poderá…; matéria fora das providências pós-resposta, saneamento e julgamento deste recorte."
cpc-lei-13105-capture-2026-09-28,Art. 703,aula-13.html,unused,"Art. 703: Tomado o penhor legal nos casos previstos em lei, requererá o…; matéria fora das providências pós-resposta, saneamento e julgamento deste recorte."
cpc-lei-13105-capture-2026-09-28,Art. 704,aula-13.html,unused,"Art. 704: A defesa só pode consistir em…; matéria fora das providências pós-resposta, saneamento e julgamento deste recorte."
cpc-lei-13105-capture-2026-09-28,Art. 705,aula-13.html,unused,"Art. 705: A partir da audiência preliminar, observar-se-á o procedimento…; matéria fora das providências pós-resposta, saneamento e julgamento deste recorte."
cpc-lei-13105-capture-2026-09-28,Art. 706,aula-13.html,unused,"Art. 706: Homologado judicialmente o penhor legal, consolidar-se-á a posse…; matéria fora das providências pós-resposta, saneamento e julgamento deste recorte."
cpc-lei-13105-capture-2026-09-28,Art. 707,aula-13.html,unused,"Art. 707: Quando inexistir consenso acerca da nomeação de um regulador de…; matéria fora das providências pós-resposta, saneamento e julgamento deste recorte."
cpc-lei-13105-capture-2026-09-28,Art. 708,aula-13.html,unused,"Art. 708: O regulador declarará justificadamente se os danos são passíveis…; matéria fora das providências pós-resposta, saneamento e julgamento deste recorte."
cpc-lei-13105-capture-2026-09-28,Art. 709,aula-13.html,unused,"Art. 709: As partes deverão apresentar nos autos os documentos necessários…; matéria fora das providências pós-resposta, saneamento e julgamento deste recorte."
cpc-lei-13105-capture-2026-09-28,Art. 710,aula-13.html,unused,"Art. 710: O regulador apresentará o regulamento da avaria grossa no prazo…; matéria fora das providências pós-resposta, saneamento e julgamento deste recorte."
cpc-lei-13105-capture-2026-09-28,Art. 711,aula-13.html,unused,"Art. 711: Aplicam-se ao regulador de avarias os…; matéria fora das providências pós-resposta, saneamento e julgamento deste recorte."
cpc-lei-13105-capture-2026-09-28,Art. 712,aula-13.html,unused,"Art. 712: Verificado o desaparecimento dos autos, eletrônicos ou não, pode…; matéria fora das providências pós-resposta, saneamento e julgamento deste recorte."
cpc-lei-13105-capture-2026-09-28,Art. 713,aula-13.html,unused,"Art. 713: Na petição inicial, declarará a parte o estado do processo ao…; matéria fora das providências pós-resposta, saneamento e julgamento deste recorte."
cpc-lei-13105-capture-2026-09-28,Art. 714,aula-13.html,unused,"Art. 714: A parte contrária será citada para contestar o pedido no prazo…; matéria fora das providências pós-resposta, saneamento e julgamento deste recorte."
cpc-lei-13105-capture-2026-09-28,Art. 715,aula-13.html,unused,"Art. 715: Se a perda dos autos tiver ocorrido depois da produção das…; matéria fora das providências pós-resposta, saneamento e julgamento deste recorte."
cpc-lei-13105-capture-2026-09-28,Art. 716,aula-13.html,unused,"Art. 716: Julgada a restauração, seguirá o processo os seus termos.; matéria fora das providências pós-resposta, saneamento e julgamento deste recorte."
cpc-lei-13105-capture-2026-09-28,Art. 717,aula-13.html,unused,"Art. 717: Se o desaparecimento dos autos tiver ocorrido no tribunal, o…; matéria fora das providências pós-resposta, saneamento e julgamento deste recorte."
cpc-lei-13105-capture-2026-09-28,Art. 718,aula-13.html,unused,"Art. 718: Quem houver dado causa ao desaparecimento dos autos responderá…; matéria fora das providências pós-resposta, saneamento e julgamento deste recorte."
cpc-lei-13105-capture-2026-09-28,Art. 719,aula-13.html,unused,"Art. 719: Quando este Código não estabelecer procedimento especial, regem…; matéria fora das providências pós-resposta, saneamento e julgamento deste recorte."
cpc-lei-13105-capture-2026-09-28,Art. 720,aula-13.html,unused,"Art. 720: O procedimento terá início por provocação do interessado, do…; matéria fora das providências pós-resposta, saneamento e julgamento deste recorte."
cpc-lei-13105-capture-2026-09-28,Art. 721,aula-13.html,unused,"Art. 721: Serão citados todos os interessados, bem como intimado o…; matéria fora das providências pós-resposta, saneamento e julgamento deste recorte."
cpc-lei-13105-capture-2026-09-28,Art. 722,aula-13.html,unused,"Art. 722: A Fazenda Pública será sempre ouvida nos casos em que tiver…; matéria fora das providências pós-resposta, saneamento e julgamento deste recorte."
cpc-lei-13105-capture-2026-09-28,Art. 723,aula-13.html,unused,"Art. 723: O juiz decidirá o pedido no prazo de 10 (dez) dias.; matéria fora das providências pós-resposta, saneamento e julgamento deste recorte."
cpc-lei-13105-capture-2026-09-28,Art. 724,aula-13.html,unused,"Art. 724: Da sentença caberá apelação.; matéria fora das providências pós-resposta, saneamento e julgamento deste recorte."
cpc-lei-13105-capture-2026-09-28,Art. 725,aula-13.html,unused,"Art. 725: Processar-se-á na forma estabelecida nesta Seção o pedido de…; matéria fora das providências pós-resposta, saneamento e julgamento deste recorte."
cpc-lei-13105-capture-2026-09-28,Art. 726,aula-13.html,unused,"Art. 726: Quem tiver interesse em manifestar formalmente sua vontade a…; matéria fora das providências pós-resposta, saneamento e julgamento deste recorte."
cpc-lei-13105-capture-2026-09-28,Art. 727,aula-13.html,unused,"Art. 727: Também poderá o interessado interpelar o requerido, no caso do…; matéria fora das providências pós-resposta, saneamento e julgamento deste recorte."
cpc-lei-13105-capture-2026-09-28,Art. 728,aula-13.html,unused,"Art. 728: O requerido será previamente ouvido antes do deferimento da…; matéria fora das providências pós-resposta, saneamento e julgamento deste recorte."
cpc-lei-13105-capture-2026-09-28,Art. 729,aula-13.html,unused,"Art. 729: Deferida e realizada a notificação ou interpelação, os autos…; matéria fora das providências pós-resposta, saneamento e julgamento deste recorte."
cpc-lei-13105-capture-2026-09-28,Art. 730,aula-13.html,unused,"Art. 730: Nos casos expressos em lei, não havendo acordo entre os…; matéria fora das providências pós-resposta, saneamento e julgamento deste recorte."
cpc-lei-13105-capture-2026-09-28,Art. 731,aula-13.html,unused,"Art. 731: A homologação do divórcio ou da separação consensuais…; matéria fora das providências pós-resposta, saneamento e julgamento deste recorte."
cpc-lei-13105-capture-2026-09-28,Art. 732,aula-13.html,unused,"Art. 732: As disposições relativas ao processo de homologação judicial de…; matéria fora das providências pós-resposta, saneamento e julgamento deste recorte."
cpc-lei-13105-capture-2026-09-28,Art. 733,aula-13.html,unused,"Art. 733: O divórcio consensual, a separação consensual e a extinção…; matéria fora das providências pós-resposta, saneamento e julgamento deste recorte."
cpc-lei-13105-capture-2026-09-28,Art. 734,aula-13.html,unused,"Art. 734: A alteração do regime de bens do casamento, observados os…; matéria fora das providências pós-resposta, saneamento e julgamento deste recorte."
cpc-lei-13105-capture-2026-09-28,Art. 735,aula-13.html,unused,"Art. 735: Recebendo testamento cerrado, o juiz, se não achar vício externo…; matéria fora das providências pós-resposta, saneamento e julgamento deste recorte."
cpc-lei-13105-capture-2026-09-28,Art. 736,aula-13.html,unused,"Art. 736: Qualquer interessado, exibindo o traslado ou a certidão de…; matéria fora das providências pós-resposta, saneamento e julgamento deste recorte."
cpc-lei-13105-capture-2026-09-28,Art. 737,aula-13.html,unused,"Art. 737: A publicação do testamento particular poderá ser requerida…; matéria fora das providências pós-resposta, saneamento e julgamento deste recorte."
cpc-lei-13105-capture-2026-09-28,Art. 738,aula-13.html,unused,"Art. 738: Nos casos em que a lei considere jacente a herança, o juiz em…; matéria fora das providências pós-resposta, saneamento e julgamento deste recorte."
cpc-lei-13105-capture-2026-09-28,Art. 739,aula-13.html,unused,"Art. 739: A herança jacente ficará sob a guarda, a conservação e a…; matéria fora das providências pós-resposta, saneamento e julgamento deste recorte."
cpc-lei-13105-capture-2026-09-28,Art. 740,aula-13.html,unused,"Art. 740: O juiz ordenará que o oficial de justiça, acompanhado do…; matéria fora das providências pós-resposta, saneamento e julgamento deste recorte."
cpc-lei-13105-capture-2026-09-28,Art. 741,aula-13.html,unused,"Art. 741: Ultimada a arrecadação, o juiz mandará expedir edital, que será…; matéria fora das providências pós-resposta, saneamento e julgamento deste recorte."
cpc-lei-13105-capture-2026-09-28,Art. 742,aula-13.html,unused,"Art. 742: O juiz poderá autorizar a alienação…; matéria fora das providências pós-resposta, saneamento e julgamento deste recorte."
cpc-lei-13105-capture-2026-09-28,Art. 743,aula-13.html,unused,"Art. 743: Passado 1 (um) ano da primeira publicação do edital e não…; matéria fora das providências pós-resposta, saneamento e julgamento deste recorte."
cpc-lei-13105-capture-2026-09-28,Art. 744,aula-13.html,unused,"Art. 744: Declarada a ausência nos casos previstos em lei, o juiz mandará…; matéria fora das providências pós-resposta, saneamento e julgamento deste recorte."
cpc-lei-13105-capture-2026-09-28,Art. 745,aula-13.html,unused,"Art. 745: Feita a arrecadação, o juiz mandará publicar editais na rede…; matéria fora das providências pós-resposta, saneamento e julgamento deste recorte."
cpc-lei-13105-capture-2026-09-28,Art. 746,aula-13.html,unused,"Art. 746: Recebendo do descobridor coisa alheia perdida, o juiz mandará…; matéria fora das providências pós-resposta, saneamento e julgamento deste recorte."
cpc-lei-13105-capture-2026-09-28,Art. 747,aula-13.html,unused,"Art. 747: A interdição pode ser promovida…; matéria fora das providências pós-resposta, saneamento e julgamento deste recorte."
cpc-lei-13105-capture-2026-09-28,Art. 748,aula-13.html,unused,"Art. 748: O Ministério Público só promoverá interdição em caso de doença…; matéria fora das providências pós-resposta, saneamento e julgamento deste recorte."
cpc-lei-13105-capture-2026-09-28,Art. 749,aula-13.html,unused,"Art. 749: Incumbe ao autor, na petição inicial, especificar os fatos que…; matéria fora das providências pós-resposta, saneamento e julgamento deste recorte."
cpc-lei-13105-capture-2026-09-28,Art. 750,aula-13.html,unused,"Art. 750: O requerente deverá juntar laudo médico para fazer prova de suas…; matéria fora das providências pós-resposta, saneamento e julgamento deste recorte."
cpc-lei-13105-capture-2026-09-28,Art. 751,aula-13.html,unused,"Art. 751: O interditando será citado para, em dia designado, comparecer…; matéria fora das providências pós-resposta, saneamento e julgamento deste recorte."
cpc-lei-13105-capture-2026-09-28,Art. 752,aula-13.html,unused,"Art. 752: Dentro do prazo de 15 (quinze) dias contado da entrevista, o…; matéria fora das providências pós-resposta, saneamento e julgamento deste recorte."
cpc-lei-13105-capture-2026-09-28,Art. 753,aula-13.html,unused,"Art. 753: Decorrido o prazo previsto no…; matéria fora das providências pós-resposta, saneamento e julgamento deste recorte."
cpc-lei-13105-capture-2026-09-28,Art. 754,aula-13.html,unused,"Art. 754: Apresentado o laudo, produzidas as demais provas e ouvidos os…; matéria fora das providências pós-resposta, saneamento e julgamento deste recorte."
cpc-lei-13105-capture-2026-09-28,Art. 755,aula-13.html,unused,"Art. 755: Na sentença que decretar a interdição, o juiz…; matéria fora das providências pós-resposta, saneamento e julgamento deste recorte."
cpc-lei-13105-capture-2026-09-28,Art. 756,aula-13.html,unused,"Art. 756: Levantar-se-á a curatela quando cessar a causa que a determinou.; matéria fora das providências pós-resposta, saneamento e julgamento deste recorte."
cpc-lei-13105-capture-2026-09-28,Art. 757,aula-13.html,unused,"Art. 757: A autoridade do curador estende-se à pessoa e aos bens do…; matéria fora das providências pós-resposta, saneamento e julgamento deste recorte."
cpc-lei-13105-capture-2026-09-28,Art. 758,aula-13.html,unused,"Art. 758: O curador deverá buscar tratamento e apoio apropriados à…; matéria fora das providências pós-resposta, saneamento e julgamento deste recorte."
cpc-lei-13105-capture-2026-09-28,Art. 759,aula-13.html,unused,"Art. 759: O tutor ou o curador será intimado a prestar compromisso no…; matéria fora das providências pós-resposta, saneamento e julgamento deste recorte."
cpc-lei-13105-capture-2026-09-28,Art. 760,aula-13.html,unused,"Art. 760: O tutor ou o curador poderá eximir-se do encargo apresentando…; matéria fora das providências pós-resposta, saneamento e julgamento deste recorte."
cpc-lei-13105-capture-2026-09-28,Art. 761,aula-13.html,unused,"Art. 761: Incumbe ao Ministério Público ou a quem tenha legítimo interesse…; matéria fora das providências pós-resposta, saneamento e julgamento deste recorte."
cpc-lei-13105-capture-2026-09-28,Art. 762,aula-13.html,unused,"Art. 762: Em caso de extrema gravidade, o juiz poderá suspender o tutor ou…; matéria fora das providências pós-resposta, saneamento e julgamento deste recorte."
cpc-lei-13105-capture-2026-09-28,Art. 763,aula-13.html,unused,"Art. 763: Cessando as funções do tutor ou do curador pelo decurso do prazo…; matéria fora das providências pós-resposta, saneamento e julgamento deste recorte."
cpc-lei-13105-capture-2026-09-28,Art. 764,aula-13.html,unused,"Art. 764: O juiz decidirá sobre a aprovação do estatuto das fundações e de…; matéria fora das providências pós-resposta, saneamento e julgamento deste recorte."
cpc-lei-13105-capture-2026-09-28,Art. 765,aula-13.html,unused,"Art. 765: Qualquer interessado ou o Ministério Público promoverá em juízo…; matéria fora das providências pós-resposta, saneamento e julgamento deste recorte."
cpc-lei-13105-capture-2026-09-28,Art. 766,aula-13.html,unused,"Art. 766: Todos os protestos e os processos testemunháveis formados a…; matéria fora das providências pós-resposta, saneamento e julgamento deste recorte."
cpc-lei-13105-capture-2026-09-28,Art. 767,aula-13.html,unused,"Art. 767: A petição inicial conterá a transcrição dos termos lançados no…; matéria fora das providências pós-resposta, saneamento e julgamento deste recorte."
cpc-lei-13105-capture-2026-09-28,Art. 768,aula-13.html,unused,"Art. 768: A petição inicial deverá ser distribuída com urgência e…; matéria fora das providências pós-resposta, saneamento e julgamento deste recorte."
cpc-lei-13105-capture-2026-09-28,Art. 769,aula-13.html,unused,"Art. 769: Aberta a audiência, o juiz mandará apregoar os consignatários…; matéria fora das providências pós-resposta, saneamento e julgamento deste recorte."
cpc-lei-13105-capture-2026-09-28,Art. 770,aula-13.html,unused,"Art. 770: Inquiridos o comandante e as testemunhas, o juiz, convencido da…; matéria fora das providências pós-resposta, saneamento e julgamento deste recorte."
cpc-lei-13105-capture-2026-09-28,Art. 771,aula-13.html,unused,"Art. 771: Este Livro regula o procedimento da execução fundada em título…; matéria fora das providências pós-resposta, saneamento e julgamento deste recorte."
cpc-lei-13105-capture-2026-09-28,Art. 772,aula-13.html,unused,"Art. 772: O juiz pode, em qualquer momento do processo…; matéria fora das providências pós-resposta, saneamento e julgamento deste recorte."
cpc-lei-13105-capture-2026-09-28,Art. 773,aula-13.html,unused,"Art. 773: O juiz poderá, de ofício ou a requerimento, determinar as…; matéria fora das providências pós-resposta, saneamento e julgamento deste recorte."
cpc-lei-13105-capture-2026-09-28,Art. 774,aula-13.html,unused,"Art. 774: Considera-se atentatória à dignidade da justiça a conduta…; matéria fora das providências pós-resposta, saneamento e julgamento deste recorte."
cpc-lei-13105-capture-2026-09-28,Art. 775,aula-13.html,unused,"Art. 775: O exequente tem o direito de desistir de toda a execução ou de…; matéria fora das providências pós-resposta, saneamento e julgamento deste recorte."
cpc-lei-13105-capture-2026-09-28,Art. 776,aula-13.html,unused,"Art. 776: O exequente ressarcirá ao executado os danos que este sofreu…; matéria fora das providências pós-resposta, saneamento e julgamento deste recorte."
cpc-lei-13105-capture-2026-09-28,Art. 777,aula-13.html,unused,"Art. 777: A cobrança de multas ou de indenizações decorrentes de…; matéria fora das providências pós-resposta, saneamento e julgamento deste recorte."
cpc-lei-13105-capture-2026-09-28,Art. 778,aula-13.html,unused,"Art. 778: Pode promover a execução forçada o credor a quem a lei confere…; matéria fora das providências pós-resposta, saneamento e julgamento deste recorte."
cpc-lei-13105-capture-2026-09-28,Art. 779,aula-13.html,unused,"Art. 779: A execução pode ser promovida contra…; matéria fora das providências pós-resposta, saneamento e julgamento deste recorte."
cpc-lei-13105-capture-2026-09-28,Art. 780,aula-13.html,unused,"Art. 780: O exequente pode cumular várias execuções, ainda que fundadas em…; matéria fora das providências pós-resposta, saneamento e julgamento deste recorte."
cpc-lei-13105-capture-2026-09-28,Art. 781,aula-13.html,unused,"Art. 781: A execução fundada em título extrajudicial será processada…; matéria fora das providências pós-resposta, saneamento e julgamento deste recorte."
cpc-lei-13105-capture-2026-09-28,Art. 782,aula-13.html,unused,"Art. 782: Não dispondo a lei de modo diverso, o juiz determinará os atos…; matéria fora das providências pós-resposta, saneamento e julgamento deste recorte."
cpc-lei-13105-capture-2026-09-28,Art. 783,aula-13.html,unused,"Art. 783: A execução para cobrança de crédito fundar-se-á sempre em título…; matéria fora das providências pós-resposta, saneamento e julgamento deste recorte."
cpc-lei-13105-capture-2026-09-28,Art. 784,aula-13.html,unused,"Art. 784: São títulos executivos extrajudiciais…; matéria fora das providências pós-resposta, saneamento e julgamento deste recorte."
cpc-lei-13105-capture-2026-09-28,Art. 785,aula-13.html,unused,"Art. 785: A existência de título executivo extrajudicial não impede a…; matéria fora das providências pós-resposta, saneamento e julgamento deste recorte."
cpc-lei-13105-capture-2026-09-28,Art. 787,aula-13.html,unused,"Art. 787: Se o devedor não for obrigado a satisfazer sua prestação senão…; matéria fora das providências pós-resposta, saneamento e julgamento deste recorte."
cpc-lei-13105-capture-2026-09-28,Art. 788,aula-13.html,unused,"Art. 788: O credor não poderá iniciar a execução ou nela prosseguir se o…; matéria fora das providências pós-resposta, saneamento e julgamento deste recorte."
cpc-lei-13105-capture-2026-09-28,Art. 789,aula-13.html,unused,"Art. 789: O devedor responde com todos os seus bens presentes e futuros…; matéria fora das providências pós-resposta, saneamento e julgamento deste recorte."
cpc-lei-13105-capture-2026-09-28,Art. 790,aula-13.html,unused,"Art. 790: São sujeitos à execução os bens…; matéria fora das providências pós-resposta, saneamento e julgamento deste recorte."
cpc-lei-13105-capture-2026-09-28,Art. 791,aula-13.html,unused,"Art. 791: Se a execução tiver por objeto obrigação de que seja sujeito…; matéria fora das providências pós-resposta, saneamento e julgamento deste recorte."
cpc-lei-13105-capture-2026-09-28,Art. 792,aula-13.html,unused,"Art. 792: A alienação ou a oneração de bem é considerada fraude à execução…; matéria fora das providências pós-resposta, saneamento e julgamento deste recorte."
cpc-lei-13105-capture-2026-09-28,Art. 793,aula-13.html,unused,"Art. 793: O exequente que estiver, por direito de retenção, na posse de…; matéria fora das providências pós-resposta, saneamento e julgamento deste recorte."
cpc-lei-13105-capture-2026-09-28,Art. 794,aula-13.html,unused,"Art. 794: O fiador, quando executado, tem o direito de exigir que primeiro…; matéria fora das providências pós-resposta, saneamento e julgamento deste recorte."
cpc-lei-13105-capture-2026-09-28,Art. 795,aula-13.html,unused,"Art. 795: Os bens particulares dos sócios não respondem pelas dívidas da…; matéria fora das providências pós-resposta, saneamento e julgamento deste recorte."
cpc-lei-13105-capture-2026-09-28,Art. 796,aula-13.html,unused,"Art. 796: O espólio responde pelas dívidas do falecido, mas, feita a…; matéria fora das providências pós-resposta, saneamento e julgamento deste recorte."
cpc-lei-13105-capture-2026-09-28,Art. 797,aula-13.html,unused,"Art. 797: Ressalvado o caso de insolvência do devedor, em que tem lugar o…; matéria fora das providências pós-resposta, saneamento e julgamento deste recorte."
cpc-lei-13105-capture-2026-09-28,Art. 798,aula-13.html,unused,"Art. 798: Ao propor a execução, incumbe ao exequente…; matéria fora das providências pós-resposta, saneamento e julgamento deste recorte."
cpc-lei-13105-capture-2026-09-28,Art. 799,aula-13.html,unused,"Art. 799: Incumbe ainda ao exequente…; matéria fora das providências pós-resposta, saneamento e julgamento deste recorte."
cpc-lei-13105-capture-2026-09-28,Art. 800,aula-13.html,unused,"Art. 800: Nas obrigações alternativas, quando a escolha couber ao devedor…; matéria fora das providências pós-resposta, saneamento e julgamento deste recorte."
cpc-lei-13105-capture-2026-09-28,Art. 801,aula-13.html,unused,"Art. 801: Verificando que a petição inicial está incompleta ou que não…; matéria fora das providências pós-resposta, saneamento e julgamento deste recorte."
cpc-lei-13105-capture-2026-09-28,Art. 802,aula-13.html,unused,"Art. 802: Na execução, o despacho que ordena a citação, desde que…; matéria fora das providências pós-resposta, saneamento e julgamento deste recorte."
cpc-lei-13105-capture-2026-09-28,Art. 803,aula-13.html,unused,"Art. 803: É nula a execução se…; matéria fora das providências pós-resposta, saneamento e julgamento deste recorte."
cpc-lei-13105-capture-2026-09-28,Art. 804,aula-13.html,unused,"Art. 804: A alienação de bem gravado por penhor, hipoteca ou anticrese…; matéria fora das providências pós-resposta, saneamento e julgamento deste recorte."
cpc-lei-13105-capture-2026-09-28,Art. 805,aula-13.html,unused,"Art. 805: Quando por vários meios o exequente puder promover a execução, o…; matéria fora das providências pós-resposta, saneamento e julgamento deste recorte."
cpc-lei-13105-capture-2026-09-28,Art. 806,aula-13.html,unused,"Art. 806: O devedor de obrigação de entrega de coisa certa, constante de…; matéria fora das providências pós-resposta, saneamento e julgamento deste recorte."
cpc-lei-13105-capture-2026-09-28,Art. 807,aula-13.html,unused,"Art. 807: Se o executado entregar a coisa, será lavrado o termo respectivo…; matéria fora das providências pós-resposta, saneamento e julgamento deste recorte."
cpc-lei-13105-capture-2026-09-28,Art. 808,aula-13.html,unused,"Art. 808: Alienada a coisa quando já litigiosa, será expedido mandado…; matéria fora das providências pós-resposta, saneamento e julgamento deste recorte."
cpc-lei-13105-capture-2026-09-28,Art. 809,aula-13.html,unused,"Art. 809: O exequente tem direito a receber, além de perdas e danos, o…; matéria fora das providências pós-resposta, saneamento e julgamento deste recorte."
cpc-lei-13105-capture-2026-09-28,Art. 810,aula-13.html,unused,"Art. 810: Havendo benfeitorias indenizáveis feitas na coisa pelo executado…; matéria fora das providências pós-resposta, saneamento e julgamento deste recorte."
cpc-lei-13105-capture-2026-09-28,Art. 811,aula-13.html,unused,"Art. 811: Quando a execução recair sobre coisa determinada pelo gênero e…; matéria fora das providências pós-resposta, saneamento e julgamento deste recorte."
cpc-lei-13105-capture-2026-09-28,Art. 812,aula-13.html,unused,"Art. 812: Qualquer das partes poderá, no prazo de 15 (quinze) dias…; matéria fora das providências pós-resposta, saneamento e julgamento deste recorte."
cpc-lei-13105-capture-2026-09-28,Art. 813,aula-13.html,unused,"Art. 813: Aplicar-se-ão à execução para entrega de coisa incerta, no que…; matéria fora das providências pós-resposta, saneamento e julgamento deste recorte."
cpc-lei-13105-capture-2026-09-28,Art. 814,aula-13.html,unused,"Art. 814: Na execução de obrigação de fazer ou de não fazer fundada em…; matéria fora das providências pós-resposta, saneamento e julgamento deste recorte."
cpc-lei-13105-capture-2026-09-28,Art. 815,aula-13.html,unused,"Art. 815: Quando o objeto da execução for obrigação de fazer, o executado…; matéria fora das providências pós-resposta, saneamento e julgamento deste recorte."
cpc-lei-13105-capture-2026-09-28,Art. 816,aula-13.html,unused,"Art. 816: Se o executado não satisfizer a obrigação no prazo designado, é…; matéria fora das providências pós-resposta, saneamento e julgamento deste recorte."
cpc-lei-13105-capture-2026-09-28,Art. 817,aula-13.html,unused,"Art. 817: Se a obrigação puder ser satisfeita por terceiro, é lícito ao…; matéria fora das providências pós-resposta, saneamento e julgamento deste recorte."
cpc-lei-13105-capture-2026-09-28,Art. 818,aula-13.html,unused,"Art. 818: Realizada a prestação, o juiz ouvirá as partes no prazo de 10…; matéria fora das providências pós-resposta, saneamento e julgamento deste recorte."
cpc-lei-13105-capture-2026-09-28,Art. 819,aula-13.html,unused,"Art. 819: Se o terceiro contratado não realizar a prestação no prazo ou se…; matéria fora das providências pós-resposta, saneamento e julgamento deste recorte."
cpc-lei-13105-capture-2026-09-28,Art. 820,aula-13.html,unused,"Art. 820: Se o exequente quiser executar ou mandar executar, sob sua…; matéria fora das providências pós-resposta, saneamento e julgamento deste recorte."
cpc-lei-13105-capture-2026-09-28,Art. 821,aula-13.html,unused,"Art. 821: Na obrigação de fazer, quando se convencionar que o executado a…; matéria fora das providências pós-resposta, saneamento e julgamento deste recorte."
cpc-lei-13105-capture-2026-09-28,Art. 822,aula-13.html,unused,"Art. 822: Se o executado praticou ato a cuja abstenção estava obrigado por…; matéria fora das providências pós-resposta, saneamento e julgamento deste recorte."
cpc-lei-13105-capture-2026-09-28,Art. 823,aula-13.html,unused,"Art. 823: Havendo recusa ou mora do executado, o exequente requererá ao…; matéria fora das providências pós-resposta, saneamento e julgamento deste recorte."
cpc-lei-13105-capture-2026-09-28,Art. 824,aula-13.html,unused,"Art. 824: A execução por quantia certa realiza-se pela expropriação de…; matéria fora das providências pós-resposta, saneamento e julgamento deste recorte."
cpc-lei-13105-capture-2026-09-28,Art. 825,aula-13.html,unused,"Art. 825: A expropriação consiste em…; matéria fora das providências pós-resposta, saneamento e julgamento deste recorte."
cpc-lei-13105-capture-2026-09-28,Art. 826,aula-13.html,unused,"Art. 826: Antes de adjudicados ou alienados os bens, o executado pode, a…; matéria fora das providências pós-resposta, saneamento e julgamento deste recorte."
cpc-lei-13105-capture-2026-09-28,Art. 827,aula-13.html,unused,"Art. 827: Ao despachar a inicial, o juiz fixará, de plano, os honorários…; matéria fora das providências pós-resposta, saneamento e julgamento deste recorte."
cpc-lei-13105-capture-2026-09-28,Art. 828,aula-13.html,unused,"Art. 828: O exequente poderá obter certidão de que a execução foi admitida…; matéria fora das providências pós-resposta, saneamento e julgamento deste recorte."
cpc-lei-13105-capture-2026-09-28,Art. 829,aula-13.html,unused,"Art. 829: O executado será citado para pagar a dívida no prazo de 3 (três)…; matéria fora das providências pós-resposta, saneamento e julgamento deste recorte."
cpc-lei-13105-capture-2026-09-28,Art. 830,aula-13.html,unused,"Art. 830: Se o oficial de justiça não encontrar o executado…; matéria fora das providências pós-resposta, saneamento e julgamento deste recorte."
cpc-lei-13105-capture-2026-09-28,Art. 831,aula-13.html,unused,"Art. 831: A penhora deverá recair sobre tantos bens quantos bastem para o…; matéria fora das providências pós-resposta, saneamento e julgamento deste recorte."
cpc-lei-13105-capture-2026-09-28,Art. 832,aula-13.html,unused,"Art. 832: Não estão sujeitos à execução os bens que a lei considera…; matéria fora das providências pós-resposta, saneamento e julgamento deste recorte."
cpc-lei-13105-capture-2026-09-28,Art. 833,aula-13.html,unused,"Art. 833: São impenhoráveis…; matéria fora das providências pós-resposta, saneamento e julgamento deste recorte."
cpc-lei-13105-capture-2026-09-28,Art. 834,aula-13.html,unused,"Art. 834: Podem ser penhorados, à falta de outros bens, os frutos e os…; matéria fora das providências pós-resposta, saneamento e julgamento deste recorte."
cpc-lei-13105-capture-2026-09-28,Art. 835,aula-13.html,unused,"Art. 835: A penhora observará, preferencialmente, a seguinte ordem…; matéria fora das providências pós-resposta, saneamento e julgamento deste recorte."
cpc-lei-13105-capture-2026-09-28,Art. 836,aula-13.html,unused,"Art. 836: Não se levará a efeito a penhora quando ficar evidente que o…; matéria fora das providências pós-resposta, saneamento e julgamento deste recorte."
cpc-lei-13105-capture-2026-09-28,Art. 837,aula-13.html,unused,"Art. 837: Obedecidas as normas de segurança instituídas sob critérios…; matéria fora das providências pós-resposta, saneamento e julgamento deste recorte."
cpc-lei-13105-capture-2026-09-28,Art. 838,aula-13.html,unused,"Art. 838: A penhora será realizada mediante auto ou termo, que conterá…; matéria fora das providências pós-resposta, saneamento e julgamento deste recorte."
cpc-lei-13105-capture-2026-09-28,Art. 839,aula-13.html,unused,"Art. 839: Considerar-se-á feita a penhora mediante a apreensão e o…; matéria fora das providências pós-resposta, saneamento e julgamento deste recorte."
cpc-lei-13105-capture-2026-09-28,Art. 840,aula-13.html,unused,"Art. 840: Serão preferencialmente depositados…; matéria fora das providências pós-resposta, saneamento e julgamento deste recorte."
cpc-lei-13105-capture-2026-09-28,Art. 841,aula-13.html,unused,"Art. 841: Formalizada a penhora por qualquer dos meios legais, dela será…; matéria fora das providências pós-resposta, saneamento e julgamento deste recorte."
cpc-lei-13105-capture-2026-09-28,Art. 842,aula-13.html,unused,"Art. 842: Recaindo a penhora sobre bem imóvel ou direito real sobre…; matéria fora das providências pós-resposta, saneamento e julgamento deste recorte."
cpc-lei-13105-capture-2026-09-28,Art. 843,aula-13.html,unused,"Art. 843: Tratando-se de penhora de bem indivisível, o equivalente à…; matéria fora das providências pós-resposta, saneamento e julgamento deste recorte."
cpc-lei-13105-capture-2026-09-28,Art. 844,aula-13.html,unused,"Art. 844: Para presunção absoluta de conhecimento por terceiros, cabe ao…; matéria fora das providências pós-resposta, saneamento e julgamento deste recorte."
cpc-lei-13105-capture-2026-09-28,Art. 845,aula-13.html,unused,"Art. 845: Efetuar-se-á a penhora onde se encontrem os bens, ainda que sob…; matéria fora das providências pós-resposta, saneamento e julgamento deste recorte."
cpc-lei-13105-capture-2026-09-28,Art. 846,aula-13.html,unused,"Art. 846: Se o executado fechar as portas da casa a fim de obstar a…; matéria fora das providências pós-resposta, saneamento e julgamento deste recorte."
cpc-lei-13105-capture-2026-09-28,Art. 847,aula-13.html,unused,"Art. 847: O executado pode, no prazo de 10 (dez) dias contado da intimação…; matéria fora das providências pós-resposta, saneamento e julgamento deste recorte."
cpc-lei-13105-capture-2026-09-28,Art. 848,aula-13.html,unused,"Art. 848: As partes poderão requerer a substituição da penhora se…; matéria fora das providências pós-resposta, saneamento e julgamento deste recorte."
cpc-lei-13105-capture-2026-09-28,Art. 849,aula-13.html,unused,"Art. 849: Sempre que ocorrer a substituição dos bens inicialmente…; matéria fora das providências pós-resposta, saneamento e julgamento deste recorte."
cpc-lei-13105-capture-2026-09-28,Art. 851,aula-13.html,unused,"Art. 851: Não se procede à segunda penhora, salvo se…; matéria fora das providências pós-resposta, saneamento e julgamento deste recorte."
cpc-lei-13105-capture-2026-09-28,Art. 852,aula-13.html,unused,"Art. 852: O juiz determinará a alienação antecipada dos bens penhorados…; matéria fora das providências pós-resposta, saneamento e julgamento deste recorte."
cpc-lei-13105-capture-2026-09-28,Art. 853,aula-13.html,unused,"Art. 853: Quando uma das partes requerer alguma das medidas previstas…; matéria fora das providências pós-resposta, saneamento e julgamento deste recorte."
cpc-lei-13105-capture-2026-09-28,Art. 854,aula-13.html,unused,"Art. 854: Para possibilitar a penhora de dinheiro em depósito ou em…; matéria fora das providências pós-resposta, saneamento e julgamento deste recorte."
cpc-lei-13105-capture-2026-09-28,Art. 855,aula-13.html,unused,"Art. 855: Quando recair em crédito do executado, enquanto não ocorrer a…; matéria fora das providências pós-resposta, saneamento e julgamento deste recorte."
cpc-lei-13105-capture-2026-09-28,Art. 856,aula-13.html,unused,"Art. 856: A penhora de crédito representado por letra de câmbio, nota…; matéria fora das providências pós-resposta, saneamento e julgamento deste recorte."
cpc-lei-13105-capture-2026-09-28,Art. 857,aula-13.html,unused,"Art. 857: Feita a penhora em direito e ação do executado, e não tendo ele…; matéria fora das providências pós-resposta, saneamento e julgamento deste recorte."
cpc-lei-13105-capture-2026-09-28,Art. 858,aula-13.html,unused,"Art. 858: Quando a penhora recair sobre dívidas de dinheiro a juros, de…; matéria fora das providências pós-resposta, saneamento e julgamento deste recorte."
cpc-lei-13105-capture-2026-09-28,Art. 859,aula-13.html,unused,"Art. 859: Recaindo a penhora sobre direito a prestação ou a restituição de…; matéria fora das providências pós-resposta, saneamento e julgamento deste recorte."
cpc-lei-13105-capture-2026-09-28,Art. 860,aula-13.html,unused,"Art. 860: Quando o direito estiver sendo pleiteado em juízo, a penhora que…; matéria fora das providências pós-resposta, saneamento e julgamento deste recorte."
cpc-lei-13105-capture-2026-09-28,Art. 861,aula-13.html,unused,"Art. 861: Penhoradas as quotas ou as ações de sócio em sociedade simples…; matéria fora das providências pós-resposta, saneamento e julgamento deste recorte."
cpc-lei-13105-capture-2026-09-28,Art. 862,aula-13.html,unused,"Art. 862: Quando a penhora recair em estabelecimento comercial, industrial…; matéria fora das providências pós-resposta, saneamento e julgamento deste recorte."
cpc-lei-13105-capture-2026-09-28,Art. 864,aula-13.html,unused,"Art. 864: A penhora de navio ou de aeronave não obsta que continuem…; matéria fora das providências pós-resposta, saneamento e julgamento deste recorte."
cpc-lei-13105-capture-2026-09-28,Art. 866,aula-13.html,unused,"Art. 866: Se o executado não tiver outros bens penhoráveis ou se…; matéria fora das providências pós-resposta, saneamento e julgamento deste recorte."
cpc-lei-13105-capture-2026-09-28,Art. 867,aula-13.html,unused,"Art. 867: O juiz pode ordenar a penhora de frutos e rendimentos de coisa…; matéria fora das providências pós-resposta, saneamento e julgamento deste recorte."
cpc-lei-13105-capture-2026-09-28,Art. 868,aula-13.html,unused,"Art. 868: Ordenada a penhora de frutos e rendimentos, o juiz nomeará…; matéria fora das providências pós-resposta, saneamento e julgamento deste recorte."
cpc-lei-13105-capture-2026-09-28,Art. 869,aula-13.html,unused,"Art. 869: O juiz poderá nomear administrador-depositário o exequente ou o…; matéria fora das providências pós-resposta, saneamento e julgamento deste recorte."
cpc-lei-13105-capture-2026-09-28,Art. 870,aula-13.html,unused,"Art. 870: A avaliação será feita pelo oficial de justiça.; matéria fora das providências pós-resposta, saneamento e julgamento deste recorte."
cpc-lei-13105-capture-2026-09-28,Art. 871,aula-13.html,unused,"Art. 871: Não se procederá à avaliação quando…; matéria fora das providências pós-resposta, saneamento e julgamento deste recorte."
cpc-lei-13105-capture-2026-09-28,Art. 872,aula-13.html,unused,"Art. 872: A avaliação realizada pelo oficial de justiça constará de…; matéria fora das providências pós-resposta, saneamento e julgamento deste recorte."
cpc-lei-13105-capture-2026-09-28,Art. 873,aula-13.html,unused,"Art. 873: É admitida nova avaliação quando…; matéria fora das providências pós-resposta, saneamento e julgamento deste recorte."
cpc-lei-13105-capture-2026-09-28,Art. 874,aula-13.html,unused,"Art. 874: Após a avaliação, o juiz poderá, a requerimento do interessado e…; matéria fora das providências pós-resposta, saneamento e julgamento deste recorte."
cpc-lei-13105-capture-2026-09-28,Art. 875,aula-13.html,unused,"Art. 875: Realizadas a penhora e a avaliação, o juiz dará início aos atos…; matéria fora das providências pós-resposta, saneamento e julgamento deste recorte."
cpc-lei-13105-capture-2026-09-28,Art. 876,aula-13.html,unused,"Art. 876: É lícito ao exequente, oferecendo preço não inferior ao da…; matéria fora das providências pós-resposta, saneamento e julgamento deste recorte."
cpc-lei-13105-capture-2026-09-28,Art. 877,aula-13.html,unused,"Art. 877: Transcorrido o prazo de 5 (cinco) dias, contado da última…; matéria fora das providências pós-resposta, saneamento e julgamento deste recorte."
cpc-lei-13105-capture-2026-09-28,Art. 878,aula-13.html,unused,"Art. 878: Frustradas as tentativas de alienação do bem, será reaberta…; matéria fora das providências pós-resposta, saneamento e julgamento deste recorte."
cpc-lei-13105-capture-2026-09-28,Art. 879,aula-13.html,unused,"Art. 879: A alienação far-se-á…; matéria fora das providências pós-resposta, saneamento e julgamento deste recorte."
cpc-lei-13105-capture-2026-09-28,Art. 880,aula-13.html,unused,"Art. 880: Não efetivada a adjudicação, o exequente poderá requerer a…; matéria fora das providências pós-resposta, saneamento e julgamento deste recorte."
cpc-lei-13105-capture-2026-09-28,Art. 881,aula-13.html,unused,"Art. 881: A alienação far-se-á em leilão judicial se não efetivada a…; matéria fora das providências pós-resposta, saneamento e julgamento deste recorte."
cpc-lei-13105-capture-2026-09-28,Art. 882,aula-13.html,unused,"Art. 882: Não sendo possível a sua realização por meio eletrônico, o…; matéria fora das providências pós-resposta, saneamento e julgamento deste recorte."
cpc-lei-13105-capture-2026-09-28,Art. 883,aula-13.html,unused,"Art. 883: Caberá ao juiz a designação do leiloeiro público, que poderá ser…; matéria fora das providências pós-resposta, saneamento e julgamento deste recorte."
cpc-lei-13105-capture-2026-09-28,Art. 884,aula-13.html,unused,"Art. 884: Incumbe ao leiloeiro público…; matéria fora das providências pós-resposta, saneamento e julgamento deste recorte."
cpc-lei-13105-capture-2026-09-28,Art. 885,aula-13.html,unused,"Art. 885: O juiz da execução estabelecerá o preço mínimo, as condições de…; matéria fora das providências pós-resposta, saneamento e julgamento deste recorte."
cpc-lei-13105-capture-2026-09-28,Art. 886,aula-13.html,unused,"Art. 886: O leilão será precedido de publicação de edital, que conterá…; matéria fora das providências pós-resposta, saneamento e julgamento deste recorte."
cpc-lei-13105-capture-2026-09-28,Art. 887,aula-13.html,unused,"Art. 887: O leiloeiro público designado adotará providências para a ampla…; matéria fora das providências pós-resposta, saneamento e julgamento deste recorte."
cpc-lei-13105-capture-2026-09-28,Art. 888,aula-13.html,unused,"Art. 888: Não se realizando o leilão por qualquer motivo, o juiz mandará…; matéria fora das providências pós-resposta, saneamento e julgamento deste recorte."
cpc-lei-13105-capture-2026-09-28,Art. 889,aula-13.html,unused,"Art. 889: Serão cientificados da alienação judicial, com pelo menos 5…; matéria fora das providências pós-resposta, saneamento e julgamento deste recorte."
cpc-lei-13105-capture-2026-09-28,Art. 890,aula-13.html,unused,"Art. 890: Pode oferecer lance quem estiver na livre administração de seus…; matéria fora das providências pós-resposta, saneamento e julgamento deste recorte."
cpc-lei-13105-capture-2026-09-28,Art. 891,aula-13.html,unused,"Art. 891: Não será aceito lance que ofereça preço vil.; matéria fora das providências pós-resposta, saneamento e julgamento deste recorte."
cpc-lei-13105-capture-2026-09-28,Art. 892,aula-13.html,unused,"Art. 892: Salvo pronunciamento judicial em sentido diverso, o pagamento…; matéria fora das providências pós-resposta, saneamento e julgamento deste recorte."
cpc-lei-13105-capture-2026-09-28,Art. 893,aula-13.html,unused,"Art. 893: Se o leilão for de diversos bens e houver mais de um lançador…; matéria fora das providências pós-resposta, saneamento e julgamento deste recorte."
cpc-lei-13105-capture-2026-09-28,Art. 894,aula-13.html,unused,"Art. 894: Quando o imóvel admitir cômoda divisão, o juiz, a requerimento…; matéria fora das providências pós-resposta, saneamento e julgamento deste recorte."
cpc-lei-13105-capture-2026-09-28,Art. 895,aula-13.html,unused,"Art. 895: O interessado em adquirir o bem penhorado em prestações poderá…; matéria fora das providências pós-resposta, saneamento e julgamento deste recorte."
cpc-lei-13105-capture-2026-09-28,Art. 896,aula-13.html,unused,"Art. 896: Quando o imóvel de incapaz não alcançar em leilão pelo menos…; matéria fora das providências pós-resposta, saneamento e julgamento deste recorte."
cpc-lei-13105-capture-2026-09-28,Art. 897,aula-13.html,unused,"Art. 897: Se o arrematante ou seu fiador não pagar o preço no prazo…; matéria fora das providências pós-resposta, saneamento e julgamento deste recorte."
cpc-lei-13105-capture-2026-09-28,Art. 898,aula-13.html,unused,"Art. 898: O fiador do arrematante que pagar o valor do lance e a multa…; matéria fora das providências pós-resposta, saneamento e julgamento deste recorte."
cpc-lei-13105-capture-2026-09-28,Art. 899,aula-13.html,unused,"Art. 899: Será suspensa a arrematação logo que o produto da alienação dos…; matéria fora das providências pós-resposta, saneamento e julgamento deste recorte."
cpc-lei-13105-capture-2026-09-28,Art. 900,aula-13.html,unused,"Art. 900: O leilão prosseguirá no dia útil imediato, à mesma hora em que…; matéria fora das providências pós-resposta, saneamento e julgamento deste recorte."
cpc-lei-13105-capture-2026-09-28,Art. 901,aula-13.html,unused,"Art. 901: A arrematação constará de auto que será lavrado de imediato e…; matéria fora das providências pós-resposta, saneamento e julgamento deste recorte."
cpc-lei-13105-capture-2026-09-28,Art. 902,aula-13.html,unused,"Art. 902: No caso de leilão de bem hipotecado, o executado poderá remi-lo…; matéria fora das providências pós-resposta, saneamento e julgamento deste recorte."
cpc-lei-13105-capture-2026-09-28,Art. 903,aula-13.html,unused,"Art. 903: Qualquer que seja a modalidade de leilão, assinado o auto pelo…; matéria fora das providências pós-resposta, saneamento e julgamento deste recorte."
cpc-lei-13105-capture-2026-09-28,Art. 904,aula-13.html,unused,"Art. 904: A satisfação do crédito exequendo far-se-á…; matéria fora das providências pós-resposta, saneamento e julgamento deste recorte."
cpc-lei-13105-capture-2026-09-28,Art. 905,aula-13.html,unused,"Art. 905: O juiz autorizará que o exequente levante, até a satisfação…; matéria fora das providências pós-resposta, saneamento e julgamento deste recorte."
cpc-lei-13105-capture-2026-09-28,Art. 906,aula-13.html,unused,"Art. 906: Ao receber o mandado de levantamento, o exequente dará ao…; matéria fora das providências pós-resposta, saneamento e julgamento deste recorte."
cpc-lei-13105-capture-2026-09-28,Art. 907,aula-13.html,unused,"Art. 907: Pago ao exequente o principal, os juros, as custas e os…; matéria fora das providências pós-resposta, saneamento e julgamento deste recorte."
cpc-lei-13105-capture-2026-09-28,Art. 908,aula-13.html,unused,"Art. 908: Havendo pluralidade de credores ou exequentes, o dinheiro lhes…; matéria fora das providências pós-resposta, saneamento e julgamento deste recorte."
cpc-lei-13105-capture-2026-09-28,Art. 909,aula-13.html,unused,"Art. 909: Os exequentes formularão as suas pretensões, que versarão…; matéria fora das providências pós-resposta, saneamento e julgamento deste recorte."
cpc-lei-13105-capture-2026-09-28,Art. 910,aula-13.html,unused,"Art. 910: Na execução fundada em título extrajudicial, a Fazenda Pública…; matéria fora das providências pós-resposta, saneamento e julgamento deste recorte."
cpc-lei-13105-capture-2026-09-28,Art. 911,aula-13.html,unused,"Art. 911: Na execução fundada em título executivo extrajudicial que…; matéria fora das providências pós-resposta, saneamento e julgamento deste recorte."
cpc-lei-13105-capture-2026-09-28,Art. 912,aula-13.html,unused,"Art. 912: Quando o executado for funcionário público, militar, diretor ou…; matéria fora das providências pós-resposta, saneamento e julgamento deste recorte."
cpc-lei-13105-capture-2026-09-28,Art. 913,aula-13.html,unused,"Art. 913: Não requerida a execução nos termos deste Capítulo…; matéria fora das providências pós-resposta, saneamento e julgamento deste recorte."
cpc-lei-13105-capture-2026-09-28,Art. 914,aula-13.html,unused,"Art. 914: O executado, independentemente de penhora, depósito ou caução…; matéria fora das providências pós-resposta, saneamento e julgamento deste recorte."
cpc-lei-13105-capture-2026-09-28,Art. 915,aula-13.html,unused,"Art. 915: Os embargos serão oferecidos no prazo de 15 (quinze) dias…; matéria fora das providências pós-resposta, saneamento e julgamento deste recorte."
cpc-lei-13105-capture-2026-09-28,Art. 916,aula-13.html,unused,"Art. 916: No prazo para embargos, reconhecendo o crédito do exequente e…; matéria fora das providências pós-resposta, saneamento e julgamento deste recorte."
cpc-lei-13105-capture-2026-09-28,Art. 917,aula-13.html,unused,"Art. 917: Nos embargos à execução, o executado poderá alegar…; matéria fora das providências pós-resposta, saneamento e julgamento deste recorte."
cpc-lei-13105-capture-2026-09-28,Art. 918,aula-13.html,unused,"Art. 918: O juiz rejeitará liminarmente os embargos…; matéria fora das providências pós-resposta, saneamento e julgamento deste recorte."
cpc-lei-13105-capture-2026-09-28,Art. 919,aula-13.html,unused,"Art. 919: Os embargos à execução não terão efeito suspensivo.; matéria fora das providências pós-resposta, saneamento e julgamento deste recorte."
cpc-lei-13105-capture-2026-09-28,Art. 920,aula-13.html,unused,"Art. 920: Recebidos os embargos…; matéria fora das providências pós-resposta, saneamento e julgamento deste recorte."
cpc-lei-13105-capture-2026-09-28,Art. 921,aula-13.html,unused,"Art. 921: Suspende-se a execução…; matéria fora das providências pós-resposta, saneamento e julgamento deste recorte."
cpc-lei-13105-capture-2026-09-28,Art. 922,aula-13.html,unused,"Art. 922: Convindo as partes, o juiz declarará suspensa a execução durante…; matéria fora das providências pós-resposta, saneamento e julgamento deste recorte."
cpc-lei-13105-capture-2026-09-28,Art. 923,aula-13.html,unused,"Art. 923: Suspensa a execução, não serão praticados atos processuais…; matéria fora das providências pós-resposta, saneamento e julgamento deste recorte."
cpc-lei-13105-capture-2026-09-28,Art. 924,aula-13.html,unused,"Art. 924: Extingue-se a execução quando…; matéria fora das providências pós-resposta, saneamento e julgamento deste recorte."
cpc-lei-13105-capture-2026-09-28,Art. 925,aula-13.html,unused,"Art. 925: A extinção só produz efeito quando declarada por sentença.; matéria fora das providências pós-resposta, saneamento e julgamento deste recorte."
cpc-lei-13105-capture-2026-09-28,Art. 926,aula-13.html,unused,"Art. 926: Os tribunais devem uniformizar sua jurisprudência e mantê-la…; matéria fora das providências pós-resposta, saneamento e julgamento deste recorte."
cpc-lei-13105-capture-2026-09-28,Art. 927,aula-13.html,unused,"Art. 927: Os juízes e os tribunais observarão…; matéria fora das providências pós-resposta, saneamento e julgamento deste recorte."
cpc-lei-13105-capture-2026-09-28,Art. 928,aula-13.html,unused,"Art. 928: Para os fins deste Código, considera-se julgamento de casos…; matéria fora das providências pós-resposta, saneamento e julgamento deste recorte."
cpc-lei-13105-capture-2026-09-28,Art. 929,aula-13.html,unused,"Art. 929: Os autos serão registrados no protocolo do tribunal no dia de…; matéria fora das providências pós-resposta, saneamento e julgamento deste recorte."
cpc-lei-13105-capture-2026-09-28,Art. 930,aula-13.html,unused,"Art. 930: Far-se-á a distribuição de acordo com o regimento interno do…; matéria fora das providências pós-resposta, saneamento e julgamento deste recorte."
cpc-lei-13105-capture-2026-09-28,Art. 931,aula-13.html,unused,"Art. 931: Distribuídos, os autos serão imediatamente conclusos ao relator…; matéria fora das providências pós-resposta, saneamento e julgamento deste recorte."
cpc-lei-13105-capture-2026-09-28,Art. 932,aula-13.html,unused,"Art. 932: Incumbe ao relator…; matéria fora das providências pós-resposta, saneamento e julgamento deste recorte."
cpc-lei-13105-capture-2026-09-28,Art. 933,aula-13.html,unused,"Art. 933: Se o relator constatar a ocorrência de fato superveniente à…; matéria fora das providências pós-resposta, saneamento e julgamento deste recorte."
cpc-lei-13105-capture-2026-09-28,Art. 934,aula-13.html,unused,"Art. 934: Em seguida, os autos serão apresentados ao presidente, que…; matéria fora das providências pós-resposta, saneamento e julgamento deste recorte."
cpc-lei-13105-capture-2026-09-28,Art. 935,aula-13.html,unused,"Art. 935: Entre a data de publicação da pauta e a da sessão de julgamento…; matéria fora das providências pós-resposta, saneamento e julgamento deste recorte."
cpc-lei-13105-capture-2026-09-28,Art. 936,aula-13.html,unused,"Art. 936: Ressalvadas as preferências legais e regimentais, os recursos, a…; matéria fora das providências pós-resposta, saneamento e julgamento deste recorte."
cpc-lei-13105-capture-2026-09-28,Art. 938,aula-13.html,unused,"Art. 938: A questão preliminar suscitada no julgamento será decidida antes…; matéria fora das providências pós-resposta, saneamento e julgamento deste recorte."
cpc-lei-13105-capture-2026-09-28,Art. 939,aula-13.html,unused,"Art. 939: Se a preliminar for rejeitada ou se a apreciação do mérito for…; matéria fora das providências pós-resposta, saneamento e julgamento deste recorte."
cpc-lei-13105-capture-2026-09-28,Art. 940,aula-13.html,unused,"Art. 940: O relator ou outro juiz que não se considerar habilitado a…; matéria fora das providências pós-resposta, saneamento e julgamento deste recorte."
cpc-lei-13105-capture-2026-09-28,Art. 941,aula-13.html,unused,"Art. 941: Proferidos os votos, o presidente anunciará o resultado do…; matéria fora das providências pós-resposta, saneamento e julgamento deste recorte."
cpc-lei-13105-capture-2026-09-28,Art. 942,aula-13.html,unused,"Art. 942: Quando o resultado da apelação for não unânime, o julgamento…; matéria fora das providências pós-resposta, saneamento e julgamento deste recorte."
cpc-lei-13105-capture-2026-09-28,Art. 943,aula-13.html,unused,"Art. 943: Os votos, os acórdãos e os demais atos processuais podem ser…; matéria fora das providências pós-resposta, saneamento e julgamento deste recorte."
cpc-lei-13105-capture-2026-09-28,Art. 944,aula-13.html,unused,"Art. 944: Não publicado o acórdão no prazo de 30 (trinta) dias, contado da…; matéria fora das providências pós-resposta, saneamento e julgamento deste recorte."
cpc-lei-13105-capture-2026-09-28,Art. 945,aula-13.html,unused,"Art. 945: A critério do órgão julgador, o julgamento dos recursos e dos…; matéria fora das providências pós-resposta, saneamento e julgamento deste recorte."
cpc-lei-13105-capture-2026-09-28,Art. 946,aula-13.html,unused,"Art. 946: O agravo de instrumento será julgado antes da apelação…; matéria fora das providências pós-resposta, saneamento e julgamento deste recorte."
cpc-lei-13105-capture-2026-09-28,Art. 947,aula-13.html,unused,"Art. 947: É admissível a assunção de competência quando o julgamento de…; matéria fora das providências pós-resposta, saneamento e julgamento deste recorte."
cpc-lei-13105-capture-2026-09-28,Art. 948,aula-13.html,unused,"Art. 948: Arguida, em controle difuso, a inconstitucionalidade de lei ou…; matéria fora das providências pós-resposta, saneamento e julgamento deste recorte."
cpc-lei-13105-capture-2026-09-28,Art. 949,aula-13.html,unused,"Art. 949: Se a arguição for…; matéria fora das providências pós-resposta, saneamento e julgamento deste recorte."
cpc-lei-13105-capture-2026-09-28,Art. 950,aula-13.html,unused,"Art. 950: Remetida cópia do acórdão a todos os juízes, o presidente do…; matéria fora das providências pós-resposta, saneamento e julgamento deste recorte."
cpc-lei-13105-capture-2026-09-28,Art. 951,aula-13.html,unused,"Art. 951: O conflito de competência pode ser suscitado por qualquer das…; matéria fora das providências pós-resposta, saneamento e julgamento deste recorte."
cpc-lei-13105-capture-2026-09-28,Art. 952,aula-13.html,unused,"Art. 952: Não pode suscitar conflito a parte que, no processo, arguiu…; matéria fora das providências pós-resposta, saneamento e julgamento deste recorte."
cpc-lei-13105-capture-2026-09-28,Art. 953,aula-13.html,unused,"Art. 953: O conflito será suscitado ao tribunal…; matéria fora das providências pós-resposta, saneamento e julgamento deste recorte."
cpc-lei-13105-capture-2026-09-28,Art. 954,aula-13.html,unused,"Art. 954: Após a distribuição, o relator determinará a oitiva dos juízes…; matéria fora das providências pós-resposta, saneamento e julgamento deste recorte."
cpc-lei-13105-capture-2026-09-28,Art. 955,aula-13.html,unused,"Art. 955: O relator poderá, de ofício ou a requerimento de qualquer das…; matéria fora das providências pós-resposta, saneamento e julgamento deste recorte."
cpc-lei-13105-capture-2026-09-28,Art. 956,aula-13.html,unused,"Art. 956: Decorrido o prazo designado pelo relator, será ouvido o…; matéria fora das providências pós-resposta, saneamento e julgamento deste recorte."
cpc-lei-13105-capture-2026-09-28,Art. 957,aula-13.html,unused,"Art. 957: Ao decidir o conflito, o tribunal declarará qual o juízo…; matéria fora das providências pós-resposta, saneamento e julgamento deste recorte."
cpc-lei-13105-capture-2026-09-28,Art. 958,aula-13.html,unused,"Art. 958: No conflito que envolva órgãos fracionários dos tribunais…; matéria fora das providências pós-resposta, saneamento e julgamento deste recorte."
cpc-lei-13105-capture-2026-09-28,Art. 959,aula-13.html,unused,"Art. 959: O regimento interno do tribunal regulará o processo e o…; matéria fora das providências pós-resposta, saneamento e julgamento deste recorte."
cpc-lei-13105-capture-2026-09-28,Art. 960,aula-13.html,unused,"Art. 960: A homologação de decisão estrangeira será requerida por ação de…; matéria fora das providências pós-resposta, saneamento e julgamento deste recorte."
cpc-lei-13105-capture-2026-09-28,Art. 961,aula-13.html,unused,"Art. 961: A decisão estrangeira somente terá eficácia no Brasil após a…; matéria fora das providências pós-resposta, saneamento e julgamento deste recorte."
cpc-lei-13105-capture-2026-09-28,Art. 962,aula-13.html,unused,"Art. 962: É passível de execução a decisão estrangeira concessiva de…; matéria fora das providências pós-resposta, saneamento e julgamento deste recorte."
cpc-lei-13105-capture-2026-09-28,Art. 963,aula-13.html,unused,"Art. 963: Constituem requisitos indispensáveis à homologação da decisão…; matéria fora das providências pós-resposta, saneamento e julgamento deste recorte."
cpc-lei-13105-capture-2026-09-28,Art. 964,aula-13.html,unused,"Art. 964: Não será homologada a decisão estrangeira na hipótese de…; matéria fora das providências pós-resposta, saneamento e julgamento deste recorte."
cpc-lei-13105-capture-2026-09-28,Art. 965,aula-13.html,unused,"Art. 965: O cumprimento de decisão estrangeira far-se-á perante o juízo…; matéria fora das providências pós-resposta, saneamento e julgamento deste recorte."
cpc-lei-13105-capture-2026-09-28,Art. 966,aula-13.html,unused,"Art. 966: A decisão de mérito, transitada em julgado, pode ser rescindida…; matéria fora das providências pós-resposta, saneamento e julgamento deste recorte."
cpc-lei-13105-capture-2026-09-28,Art. 967,aula-13.html,unused,"Art. 967: Têm legitimidade para propor a ação rescisória…; matéria fora das providências pós-resposta, saneamento e julgamento deste recorte."
cpc-lei-13105-capture-2026-09-28,Art. 968,aula-13.html,unused,"Art. 968: A petição inicial será elaborada com observância dos requisitos…; matéria fora das providências pós-resposta, saneamento e julgamento deste recorte."
cpc-lei-13105-capture-2026-09-28,Art. 969,aula-13.html,unused,"Art. 969: A propositura da ação rescisória não impede o cumprimento da…; matéria fora das providências pós-resposta, saneamento e julgamento deste recorte."
cpc-lei-13105-capture-2026-09-28,Art. 970,aula-13.html,unused,"Art. 970: O relator ordenará a citação do réu, designando-lhe prazo nunca…; matéria fora das providências pós-resposta, saneamento e julgamento deste recorte."
cpc-lei-13105-capture-2026-09-28,Art. 971,aula-13.html,unused,"Art. 971: Na ação rescisória, devolvidos os autos pelo relator, a…; matéria fora das providências pós-resposta, saneamento e julgamento deste recorte."
cpc-lei-13105-capture-2026-09-28,Art. 972,aula-13.html,unused,"Art. 972: Se os fatos alegados pelas partes dependerem de prova, o relator…; matéria fora das providências pós-resposta, saneamento e julgamento deste recorte."
cpc-lei-13105-capture-2026-09-28,Art. 973,aula-13.html,unused,"Art. 973: Concluída a instrução, será aberta vista ao autor e ao réu para…; matéria fora das providências pós-resposta, saneamento e julgamento deste recorte."
cpc-lei-13105-capture-2026-09-28,Art. 974,aula-13.html,unused,"Art. 974: Julgando procedente o pedido, o tribunal rescindirá a decisão…; matéria fora das providências pós-resposta, saneamento e julgamento deste recorte."
cpc-lei-13105-capture-2026-09-28,Art. 975,aula-13.html,unused,"Art. 975: O direito à rescisão se extingue em 2 (dois) anos contados do…; matéria fora das providências pós-resposta, saneamento e julgamento deste recorte."
cpc-lei-13105-capture-2026-09-28,Art. 976,aula-13.html,unused,"Art. 976: É cabível a instauração do incidente de resolução de demandas…; matéria fora das providências pós-resposta, saneamento e julgamento deste recorte."
cpc-lei-13105-capture-2026-09-28,Art. 977,aula-13.html,unused,"Art. 977: O pedido de instauração do incidente será dirigido ao presidente…; matéria fora das providências pós-resposta, saneamento e julgamento deste recorte."
cpc-lei-13105-capture-2026-09-28,Art. 978,aula-13.html,unused,"Art. 978: O julgamento do incidente caberá ao órgão indicado pelo…; matéria fora das providências pós-resposta, saneamento e julgamento deste recorte."
cpc-lei-13105-capture-2026-09-28,Art. 979,aula-13.html,unused,"Art. 979: A instauração e o julgamento do incidente serão sucedidos da…; matéria fora das providências pós-resposta, saneamento e julgamento deste recorte."
cpc-lei-13105-capture-2026-09-28,Art. 980,aula-13.html,unused,"Art. 980: O incidente será julgado no prazo de 1 (um) ano e terá…; matéria fora das providências pós-resposta, saneamento e julgamento deste recorte."
cpc-lei-13105-capture-2026-09-28,Art. 981,aula-13.html,unused,"Art. 981: Após a distribuição, o órgão colegiado competente para julgar o…; matéria fora das providências pós-resposta, saneamento e julgamento deste recorte."
cpc-lei-13105-capture-2026-09-28,Art. 982,aula-13.html,unused,"Art. 982: Admitido o incidente, o relator…; matéria fora das providências pós-resposta, saneamento e julgamento deste recorte."
cpc-lei-13105-capture-2026-09-28,Art. 983,aula-13.html,unused,"Art. 983: O relator ouvirá as partes e os demais interessados, inclusive…; matéria fora das providências pós-resposta, saneamento e julgamento deste recorte."
cpc-lei-13105-capture-2026-09-28,Art. 984,aula-13.html,unused,"Art. 984: No julgamento do incidente, observar-se-á a seguinte ordem…; matéria fora das providências pós-resposta, saneamento e julgamento deste recorte."
cpc-lei-13105-capture-2026-09-28,Art. 985,aula-13.html,unused,"Art. 985: Julgado o incidente, a tese jurídica será aplicada…; matéria fora das providências pós-resposta, saneamento e julgamento deste recorte."
cpc-lei-13105-capture-2026-09-28,Art. 986,aula-13.html,unused,"Art. 986: A revisão da tese jurídica firmada no incidente far-se-á pelo…; matéria fora das providências pós-resposta, saneamento e julgamento deste recorte."
cpc-lei-13105-capture-2026-09-28,Art. 987,aula-13.html,unused,"Art. 987: Do julgamento do mérito do incidente caberá recurso…; matéria fora das providências pós-resposta, saneamento e julgamento deste recorte."
cpc-lei-13105-capture-2026-09-28,Art. 988,aula-13.html,unused,"Art. 988: Caberá reclamação da parte interessada ou do Ministério Público…; matéria fora das providências pós-resposta, saneamento e julgamento deste recorte."
cpc-lei-13105-capture-2026-09-28,Art. 989,aula-13.html,unused,"Art. 989: Ao despachar a reclamação, o relator…; matéria fora das providências pós-resposta, saneamento e julgamento deste recorte."
cpc-lei-13105-capture-2026-09-28,Art. 990,aula-13.html,unused,"Art. 990: Qualquer interessado poderá impugnar o pedido do reclamante.; matéria fora das providências pós-resposta, saneamento e julgamento deste recorte."
cpc-lei-13105-capture-2026-09-28,Art. 991,aula-13.html,unused,"Art. 991: Na reclamação que não houver formulado, o Ministério Público…; matéria fora das providências pós-resposta, saneamento e julgamento deste recorte."
cpc-lei-13105-capture-2026-09-28,Art. 992,aula-13.html,unused,"Art. 992: Julgando procedente a reclamação, o tribunal cassará a decisão…; matéria fora das providências pós-resposta, saneamento e julgamento deste recorte."
cpc-lei-13105-capture-2026-09-28,Art. 993,aula-13.html,unused,"Art. 993: O presidente do tribunal determinará o imediato cumprimento da…; matéria fora das providências pós-resposta, saneamento e julgamento deste recorte."
cpc-lei-13105-capture-2026-09-28,Art. 994,aula-13.html,unused,"Art. 994: São cabíveis os seguintes recursos…; matéria fora das providências pós-resposta, saneamento e julgamento deste recorte."
cpc-lei-13105-capture-2026-09-28,Art. 995,aula-13.html,unused,"Art. 995: Os recursos não impedem a eficácia da decisão, salvo disposição…; matéria fora das providências pós-resposta, saneamento e julgamento deste recorte."
cpc-lei-13105-capture-2026-09-28,Art. 996,aula-13.html,unused,"Art. 996: O recurso pode ser interposto pela parte vencida, pelo terceiro…; matéria fora das providências pós-resposta, saneamento e julgamento deste recorte."
cpc-lei-13105-capture-2026-09-28,Art. 997,aula-13.html,unused,"Art. 997: Cada parte interporá o recurso independentemente, no prazo e com…; matéria fora das providências pós-resposta, saneamento e julgamento deste recorte."
cpc-lei-13105-capture-2026-09-28,Art. 998,aula-13.html,unused,"Art. 998: O recorrente poderá, a qualquer tempo, sem a anuência do…; matéria fora das providências pós-resposta, saneamento e julgamento deste recorte."
cpc-lei-13105-capture-2026-09-28,Art. 999,aula-13.html,unused,"Art. 999: A renúncia ao direito de recorrer independe da aceitação da…; matéria fora das providências pós-resposta, saneamento e julgamento deste recorte."
cpc-lei-13105-capture-2026-09-28,Art. 1000,aula-13.html,unused,"Art. 1000: A parte que aceitar expressa ou tacitamente a decisão não poderá…; matéria fora das providências pós-resposta, saneamento e julgamento deste recorte."
cpc-lei-13105-capture-2026-09-28,Art. 1001,aula-13.html,unused,"Art. 1001: Dos despachos não cabe recurso.; matéria fora das providências pós-resposta, saneamento e julgamento deste recorte."
cpc-lei-13105-capture-2026-09-28,Art. 1002,aula-13.html,unused,"Art. 1002: A decisão pode ser impugnada no todo ou em parte.; matéria fora das providências pós-resposta, saneamento e julgamento deste recorte."
cpc-lei-13105-capture-2026-09-28,Art. 1003,aula-13.html,unused,"Art. 1003: O prazo para interposição de recurso conta-se da data em que os…; matéria fora das providências pós-resposta, saneamento e julgamento deste recorte."
cpc-lei-13105-capture-2026-09-28,Art. 1004,aula-13.html,unused,"Art. 1004: Se, durante o prazo para a interposição do recurso, sobrevier o…; matéria fora das providências pós-resposta, saneamento e julgamento deste recorte."
cpc-lei-13105-capture-2026-09-28,Art. 1005,aula-13.html,unused,"Art. 1005: O recurso interposto por um dos litisconsortes a todos…; matéria fora das providências pós-resposta, saneamento e julgamento deste recorte."
cpc-lei-13105-capture-2026-09-28,Art. 1006,aula-13.html,unused,"Art. 1006: Certificado o trânsito em julgado, com menção expressa da data…; matéria fora das providências pós-resposta, saneamento e julgamento deste recorte."
cpc-lei-13105-capture-2026-09-28,Art. 1007,aula-13.html,unused,"Art. 1007: No ato de interposição do recurso, o recorrente comprovará…; matéria fora das providências pós-resposta, saneamento e julgamento deste recorte."
cpc-lei-13105-capture-2026-09-28,Art. 1008,aula-13.html,unused,"Art. 1008: O julgamento proferido pelo tribunal substituirá a decisão…; matéria fora das providências pós-resposta, saneamento e julgamento deste recorte."
cpc-lei-13105-capture-2026-09-28,Art. 1009,aula-13.html,unused,"Art. 1009: Da sentença cabe apelação.; matéria fora das providências pós-resposta, saneamento e julgamento deste recorte."
cpc-lei-13105-capture-2026-09-28,Art. 1010,aula-13.html,unused,"Art. 1010: A apelação, interposta por petição dirigida ao juízo de primeiro…; matéria fora das providências pós-resposta, saneamento e julgamento deste recorte."
cpc-lei-13105-capture-2026-09-28,Art. 1011,aula-13.html,unused,"Art. 1011: Recebido o recurso de apelação no tribunal e distribuído…; matéria fora das providências pós-resposta, saneamento e julgamento deste recorte."
cpc-lei-13105-capture-2026-09-28,Art. 1012,aula-13.html,unused,"Art. 1012: A apelação terá efeito suspensivo.; matéria fora das providências pós-resposta, saneamento e julgamento deste recorte."
cpc-lei-13105-capture-2026-09-28,Art. 1013,aula-13.html,unused,"Art. 1013: A apelação devolverá ao tribunal o conhecimento da matéria…; matéria fora das providências pós-resposta, saneamento e julgamento deste recorte."
cpc-lei-13105-capture-2026-09-28,Art. 1014,aula-13.html,unused,"Art. 1014: As questões de fato não propostas no juízo inferior poderão ser…; matéria fora das providências pós-resposta, saneamento e julgamento deste recorte."
cpc-lei-13105-capture-2026-09-28,Art. 1015,aula-13.html,unused,"Art. 1015: Cabe agravo de instrumento contra as decisões interlocutórias…; matéria fora das providências pós-resposta, saneamento e julgamento deste recorte."
cpc-lei-13105-capture-2026-09-28,Art. 1016,aula-13.html,unused,"Art. 1016: O agravo de instrumento será dirigido diretamente ao tribunal…; matéria fora das providências pós-resposta, saneamento e julgamento deste recorte."
cpc-lei-13105-capture-2026-09-28,Art. 1017,aula-13.html,unused,"Art. 1017: A petição de agravo de instrumento será instruída…; matéria fora das providências pós-resposta, saneamento e julgamento deste recorte."
cpc-lei-13105-capture-2026-09-28,Art. 1018,aula-13.html,unused,"Art. 1018: O agravante poderá requerer a juntada, aos autos do processo, de…; matéria fora das providências pós-resposta, saneamento e julgamento deste recorte."
cpc-lei-13105-capture-2026-09-28,Art. 1019,aula-13.html,unused,"Art. 1019: Recebido o agravo de instrumento no tribunal e distribuído…; matéria fora das providências pós-resposta, saneamento e julgamento deste recorte."
cpc-lei-13105-capture-2026-09-28,Art. 1020,aula-13.html,unused,"Art. 1020: O relator solicitará dia para julgamento em prazo não superior a…; matéria fora das providências pós-resposta, saneamento e julgamento deste recorte."
cpc-lei-13105-capture-2026-09-28,Art. 1021,aula-13.html,unused,"Art. 1021: Contra decisão proferida pelo relator caberá agravo interno para…; matéria fora das providências pós-resposta, saneamento e julgamento deste recorte."
cpc-lei-13105-capture-2026-09-28,Art. 1022,aula-13.html,unused,"Art. 1022: Cabem embargos de declaração contra qualquer decisão judicial para…; matéria fora das providências pós-resposta, saneamento e julgamento deste recorte."
cpc-lei-13105-capture-2026-09-28,Art. 1023,aula-13.html,unused,"Art. 1023: Os embargos serão opostos, no prazo de 5 (cinco) dias, em…; matéria fora das providências pós-resposta, saneamento e julgamento deste recorte."
cpc-lei-13105-capture-2026-09-28,Art. 1024,aula-13.html,unused,"Art. 1024: O juiz julgará os embargos em 5 (cinco) dias.; matéria fora das providências pós-resposta, saneamento e julgamento deste recorte."
cpc-lei-13105-capture-2026-09-28,Art. 1025,aula-13.html,unused,"Art. 1025: Consideram-se incluídos no acórdão os elementos que o embargante…; matéria fora das providências pós-resposta, saneamento e julgamento deste recorte."
cpc-lei-13105-capture-2026-09-28,Art. 1026,aula-13.html,unused,"Art. 1026: Os embargos de declaração não possuem efeito suspensivo e…; matéria fora das providências pós-resposta, saneamento e julgamento deste recorte."
cpc-lei-13105-capture-2026-09-28,Art. 1027,aula-13.html,unused,"Art. 1027: Serão julgados em recurso ordinário…; matéria fora das providências pós-resposta, saneamento e julgamento deste recorte."
cpc-lei-13105-capture-2026-09-28,Art. 1028,aula-13.html,unused,"Art. 1028: Ao recurso mencionado no…; matéria fora das providências pós-resposta, saneamento e julgamento deste recorte."
cpc-lei-13105-capture-2026-09-28,Art. 1029,aula-13.html,unused,"Art. 1029: O recurso extraordinário e o recurso especial, nos casos…; matéria fora das providências pós-resposta, saneamento e julgamento deste recorte."
cpc-lei-13105-capture-2026-09-28,Art. 1030,aula-13.html,unused,"Art. 1030: Recebida a petição do recurso pela secretaria do tribunal, o…; matéria fora das providências pós-resposta, saneamento e julgamento deste recorte."
cpc-lei-13105-capture-2026-09-28,Art. 1031,aula-13.html,unused,"Art. 1031: Na hipótese de interposição conjunta de recurso extraordinário e…; matéria fora das providências pós-resposta, saneamento e julgamento deste recorte."
cpc-lei-13105-capture-2026-09-28,Art. 1032,aula-13.html,unused,"Art. 1032: Se o relator, no Superior Tribunal de Justiça, entender que o…; matéria fora das providências pós-resposta, saneamento e julgamento deste recorte."
cpc-lei-13105-capture-2026-09-28,Art. 1033,aula-13.html,unused,"Art. 1033: Se o Supremo Tribunal Federal considerar como reflexa a ofensa à…; matéria fora das providências pós-resposta, saneamento e julgamento deste recorte."
cpc-lei-13105-capture-2026-09-28,Art. 1034,aula-13.html,unused,"Art. 1034: Admitido o recurso extraordinário ou o recurso especial, o…; matéria fora das providências pós-resposta, saneamento e julgamento deste recorte."
cpc-lei-13105-capture-2026-09-28,Art. 1035,aula-13.html,unused,"Art. 1035: O Supremo Tribunal Federal, em decisão irrecorrível, não…; matéria fora das providências pós-resposta, saneamento e julgamento deste recorte."
cpc-lei-13105-capture-2026-09-28,Art. 1036,aula-13.html,unused,"Art. 1036: Sempre que houver multiplicidade de recursos extraordinários ou…; matéria fora das providências pós-resposta, saneamento e julgamento deste recorte."
cpc-lei-13105-capture-2026-09-28,Art. 1037,aula-13.html,unused,"Art. 1037: Selecionados os recursos, o relator, no tribunal superior…; matéria fora das providências pós-resposta, saneamento e julgamento deste recorte."
cpc-lei-13105-capture-2026-09-28,Art. 1038,aula-13.html,unused,"Art. 1038: O relator poderá…; matéria fora das providências pós-resposta, saneamento e julgamento deste recorte."
cpc-lei-13105-capture-2026-09-28,Art. 1039,aula-13.html,unused,"Art. 1039: Decididos os recursos afetados, os órgãos colegiados declararão…; matéria fora das providências pós-resposta, saneamento e julgamento deste recorte."
cpc-lei-13105-capture-2026-09-28,Art. 1040,aula-13.html,unused,"Art. 1040: Publicado o acórdão paradigma…; matéria fora das providências pós-resposta, saneamento e julgamento deste recorte."
cpc-lei-13105-capture-2026-09-28,Art. 1041,aula-13.html,unused,"Art. 1041: Mantido o acórdão divergente pelo tribunal de origem, o recurso…; matéria fora das providências pós-resposta, saneamento e julgamento deste recorte."
cpc-lei-13105-capture-2026-09-28,Art. 1043,aula-13.html,unused,"Art. 1043: É embargável o acórdão de órgão fracionário que…; matéria fora das providências pós-resposta, saneamento e julgamento deste recorte."
cpc-lei-13105-capture-2026-09-28,Art. 1044,aula-13.html,unused,"Art. 1044: No recurso de embargos de divergência, será observado o…; matéria fora das providências pós-resposta, saneamento e julgamento deste recorte."
cpc-lei-13105-capture-2026-09-28,Art. 1045,aula-13.html,unused,"Art. 1045: Este Código entra em vigor após decorrido 1 (um) ano da data de…; matéria fora das providências pós-resposta, saneamento e julgamento deste recorte."
cpc-lei-13105-capture-2026-09-28,Art. 1046,aula-13.html,unused,"Art. 1046: Ao entrar em vigor este Código, suas disposições se aplicarão…; matéria fora das providências pós-resposta, saneamento e julgamento deste recorte."
cpc-lei-13105-capture-2026-09-28,Art. 1047,aula-13.html,unused,"Art. 1047: As disposições de direito probatório adotadas neste Código…; matéria fora das providências pós-resposta, saneamento e julgamento deste recorte."
cpc-lei-13105-capture-2026-09-28,Art. 1048,aula-13.html,unused,"Art. 1048: Terão prioridade de tramitação, em qualquer juízo ou tribunal…; matéria fora das providências pós-resposta, saneamento e julgamento deste recorte."
cpc-lei-13105-capture-2026-09-28,Art. 1049,aula-13.html,unused,"Art. 1049: Sempre que a lei remeter a procedimento previsto na lei…; matéria fora das providências pós-resposta, saneamento e julgamento deste recorte."
cpc-lei-13105-capture-2026-09-28,Art. 1050,aula-13.html,unused,"Art. 1050: A União, os Estados, o Distrito Federal, os Municípios, suas…; matéria fora das providências pós-resposta, saneamento e julgamento deste recorte."
cpc-lei-13105-capture-2026-09-28,Art. 1051,aula-13.html,unused,"Art. 1051: As empresas públicas e privadas devem cumprir o disposto no…; matéria fora das providências pós-resposta, saneamento e julgamento deste recorte."
cpc-lei-13105-capture-2026-09-28,Art. 1052,aula-13.html,unused,"Art. 1052: Até a edição de lei específica, as execuções contra devedor…; matéria fora das providências pós-resposta, saneamento e julgamento deste recorte."
cpc-lei-13105-capture-2026-09-28,Art. 1053,aula-13.html,unused,"Art. 1053: Os atos processuais praticados por meio eletrônico até a…; matéria fora das providências pós-resposta, saneamento e julgamento deste recorte."
cpc-lei-13105-capture-2026-09-28,Art. 1054,aula-13.html,unused,"Art. 1054: O disposto no…; matéria fora das providências pós-resposta, saneamento e julgamento deste recorte."
cpc-lei-13105-capture-2026-09-28,Art. 1055,aula-13.html,unused,"Art. 1055 não oferece regra operativa para as providências pós-resposta, saneamento ou julgamento deste recorte."
cpc-lei-13105-capture-2026-09-28,Art. 1056,aula-13.html,unused,"Art. 1056: Considerar-se-á como termo inicial do prazo da prescrição…; matéria fora das providências pós-resposta, saneamento e julgamento deste recorte."
cpc-lei-13105-capture-2026-09-28,Art. 1057,aula-13.html,unused,"Art. 1057: O disposto no…; matéria fora das providências pós-resposta, saneamento e julgamento deste recorte."
cpc-lei-13105-capture-2026-09-28,Art. 1058,aula-13.html,unused,"Art. 1058: Em todos os casos em que houver recolhimento de importância em…; matéria fora das providências pós-resposta, saneamento e julgamento deste recorte."
cpc-lei-13105-capture-2026-09-28,Art. 1059,aula-13.html,unused,"Art. 1059: À tutela provisória requerida contra a Fazenda Pública aplica-se…; matéria fora das providências pós-resposta, saneamento e julgamento deste recorte."
cpc-lei-13105-capture-2026-09-28,Art. 1060,aula-13.html,unused,"Art. 1060: O inciso II do art.; matéria fora das providências pós-resposta, saneamento e julgamento deste recorte."
cpc-lei-13105-capture-2026-09-28,Art. 1061,aula-13.html,unused,"Art. 1061: O § 3º do art.; matéria fora das providências pós-resposta, saneamento e julgamento deste recorte."
cpc-lei-13105-capture-2026-09-28,Art. 1062,aula-13.html,unused,"Art. 1062: O incidente de desconsideração da personalidade jurídica…; matéria fora das providências pós-resposta, saneamento e julgamento deste recorte."
cpc-lei-13105-capture-2026-09-28,Art. 1063,aula-13.html,unused,"Art. 1063: Até a edição de lei específica, os juizados especiais cíveis…; matéria fora das providências pós-resposta, saneamento e julgamento deste recorte."
cpc-lei-13105-capture-2026-09-28,Art. 1064,aula-13.html,unused,"Art. 1064: O…; matéria fora das providências pós-resposta, saneamento e julgamento deste recorte."
cpc-lei-13105-capture-2026-09-28,Art. 1065,aula-13.html,unused,"Art. 1065: O art.; matéria fora das providências pós-resposta, saneamento e julgamento deste recorte."
cpc-lei-13105-capture-2026-09-28,Art. 1066,aula-13.html,unused,"Art. 1066: O art.; matéria fora das providências pós-resposta, saneamento e julgamento deste recorte."
cpc-lei-13105-capture-2026-09-28,Art. 1067,aula-13.html,unused,"Art. 1067: O art.; matéria fora das providências pós-resposta, saneamento e julgamento deste recorte."
cpc-lei-13105-capture-2026-09-28,Art. 1068,aula-13.html,unused,"Art. 1068: O art.; matéria fora das providências pós-resposta, saneamento e julgamento deste recorte."
cpc-lei-13105-capture-2026-09-28,Art. 1069,aula-13.html,unused,"Art. 1069: O Conselho Nacional de Justiça promoverá, periodicamente…; matéria fora das providências pós-resposta, saneamento e julgamento deste recorte."
cpc-lei-13105-capture-2026-09-28,Art. 1070,aula-13.html,unused,"Art. 1070: É de 15 (quinze) dias o prazo para a interposição de qualquer…; matéria fora das providências pós-resposta, saneamento e julgamento deste recorte."
cpc-lei-13105-capture-2026-09-28,Art. 1071,aula-13.html,unused,"Art. 1071: O Capítulo III do Título V da…; matéria fora das providências pós-resposta, saneamento e julgamento deste recorte."
cpc-lei-13105-capture-2026-09-28,Art. 1072,aula-13.html,unused,"Art. 1072: Revogam-se…; matéria fora das providências pós-resposta, saneamento e julgamento deste recorte."
