source_id,chapter_id,lesson_id,role,why
barbosa-moreira-temas-serie4-1989,01-os-temas-fundamentais-do-direito-brasileiro-nos-anos-80,aula-14.html,unused,"This essay concerns “Os temas fundamentais do direito brasileiro nos anos 80: Direito Processual Civil,” a separate procedural topic; the volume’s evidence-specific chapter 11 is the directly relevant unit for Aula14."
barbosa-moreira-temas-serie4-1989,02-sobre-a-multiplicidade-de-perspectivas-no-estudo-do-processo,aula-14.html,unused,"This essay concerns “Sobre a multiplicidade de perspectivas no estudo do processo,” a separate procedural topic; the volume’s evidence-specific chapter 11 is the directly relevant unit for Aula14."
barbosa-moreira-temas-serie4-1989,03-dimensiones-sociales-del-proceso-civil,aula-14.html,unused,"This essay concerns “Dimensiones sociales del proceso civil,” a separate procedural topic; the volume’s evidence-specific chapter 11 is the directly relevant unit for Aula14."
barbosa-moreira-temas-serie4-1989,04-o-problema-da-divisao-do-trabalho-entre-juiz-e-partes,aula-14.html,unused,"This essay concerns “O problema da “divisão do trabalho” entre juiz e partes: aspectos terminológicos,” a separate procedural topic; the volume’s evidence-specific chapter 11 is the directly relevant unit for Aula14."
barbosa-moreira-temas-serie4-1989,05-os-poderes-do-juiz-na-direcao-e-na-instrucao-do-processo,aula-14.html,unused,"This essay concerns “Os poderes do juiz na direção e na instrução do processo,” the judge’s instructional role or third-party assistance, topics reserved for later evidence-power/procedure lessons."
barbosa-moreira-temas-serie4-1989,06-sobre-a-participacao-do-juiz-no-processo-civil,aula-14.html,unused,"This essay concerns “Sobre a “participação” do juiz no processo civil,” the judge’s instructional role or third-party assistance, topics reserved for later evidence-power/procedure lessons."
barbosa-moreira-temas-serie4-1989,07-la-igualdad-de-las-partes-en-el-proceso-civil,aula-14.html,unused,"This essay concerns “La igualdad de las partes en el proceso civil,” a separate procedural topic; the volume’s evidence-specific chapter 11 is the directly relevant unit for Aula14."
barbosa-moreira-temas-serie4-1989,08-sobre-pressupostos-processuais,aula-14.html,unused,"This essay concerns “Sobre pressupostos processuais,” a separate procedural topic; the volume’s evidence-specific chapter 11 is the directly relevant unit for Aula14."
barbosa-moreira-temas-serie4-1989,09-a-competencia-como-questao-preliminar-e-como-questao-de-merito,aula-14.html,unused,"This essay concerns “A competência como questão preliminar e como questão de mérito,” a separate procedural topic; the volume’s evidence-specific chapter 11 is the directly relevant unit for Aula14."
barbosa-moreira-temas-serie4-1989,10-saneamento-do-processo-e-audiencia-preliminar-parte-i-apresentacao-do-problema,aula-14.html,unused,"This essay concerns “Saneamento do processo e audiência preliminar — Parte I — Apresentação do problema,” the separate case-management/audience-preliminary topic; only the book’s evidence-specific chapter directly supports Aula14."
barbosa-moreira-temas-serie4-1989,10-saneamento-do-processo-e-audiencia-preliminar-parte-ii-possibilidades-de-solucao,aula-14.html,unused,"This essay concerns “Saneamento do processo e audiência preliminar — Parte II — Possibilidades de solução,” the separate case-management/audience-preliminary topic; only the book’s evidence-specific chapter directly supports Aula14."
barbosa-moreira-temas-serie4-1989,10-saneamento-do-processo-e-audiencia-preliminar-parte-iii-modelos-concretos-tecnica-escrita,aula-14.html,unused,"This essay concerns “Saneamento do processo e audiência preliminar — Parte III — Exame de alguns modelos concretos: técnica escrita,” the separate case-management/audience-preliminary topic; only the book’s evidence-specific chapter directly supports Aula14."
barbosa-moreira-temas-serie4-1989,10-saneamento-do-processo-e-audiencia-preliminar-parte-iv-modelos-concretos-tecnica-oral,aula-14.html,unused,"This essay concerns “Saneamento do processo e audiência preliminar — Parte IV — Exame de alguns modelos concretos: técnica oral,” the separate case-management/audience-preliminary topic; only the book’s evidence-specific chapter directly supports Aula14."
barbosa-moreira-temas-serie4-1989,10-saneamento-do-processo-e-audiencia-preliminar-parte-v-apreciacao-critica,aula-14.html,unused,"This essay concerns “Saneamento do processo e audiência preliminar — Parte V — Apreciação crítica,” the separate case-management/audience-preliminary topic; only the book’s evidence-specific chapter directly supports Aula14."
barbosa-moreira-temas-serie4-1989,11-alguns-problemas-atuais-da-prova-civil,aula-14.html,supporting,This bounded essay addresses current problems of civil evidence and gives direct evidence-specific context for the lesson’s principles and models.
barbosa-moreira-temas-serie4-1989,12-la-collaboration-des-tiers-dans-lactivite-dinstruction,aula-14.html,unused,"This essay concerns “La collaboration des tiers dans l’activité d’instruction,” the judge’s instructional role or third-party assistance, topics reserved for later evidence-power/procedure lessons."
barbosa-moreira-temas-serie4-1989,13-conteudo-e-efeitos-da-sentenca-variacoes-sobre-o-tema,aula-14.html,unused,"This essay concerns “Conteúdo e efeitos da sentença: variações sobre o tema,” a separate procedural topic; the volume’s evidence-specific chapter 11 is the directly relevant unit for Aula14."
barbosa-moreira-temas-serie4-1989,14-eficacia-da-sentenca-de-interdicao-por-alienacao-mental,aula-14.html,unused,"This essay concerns “Eficácia da sentença de interdição por alienação mental,” a separate procedural topic; the volume’s evidence-specific chapter 11 is the directly relevant unit for Aula14."
barbosa-moreira-temas-serie4-1989,15-publicite-et-secret-du-delibere-dans-la-justice-bresilienne,aula-14.html,unused,"This essay concerns “Publicité et secret du délibéré dans la justice brésilienne,” a separate procedural topic; the volume’s evidence-specific chapter 11 is the directly relevant unit for Aula14."
barbosa-moreira-temas-serie4-1989,16-consideracoes-sobre-a-causa-de-pedir-na-acao-rescisoria,aula-14.html,unused,"This essay concerns “Considerações sobre a causa de pedir na ação rescisória,” a separate procedural topic; the volume’s evidence-specific chapter 11 is the directly relevant unit for Aula14."
barbosa-moreira-temas-serie4-1989,17-tendencias-na-execucao-de-sentencas-e-ordens-judiciais,aula-14.html,unused,"This essay concerns “Tendências na execução de sentenças e ordens judiciais,” a separate procedural topic; the volume’s evidence-specific chapter 11 is the directly relevant unit for Aula14."
barbosa-moreira-temas-serie4-1989,18-problemas-e-solucoes-em-materia-de-reconhecimento-e-execucao-introducao,aula-14.html,unused,"This essay concerns “Problemas e soluções em matéria de reconhecimento e execução de sentenças e laudos arbitrais estrangeiros — Introdução,” a separate procedural topic; the volume’s evidence-specific chapter 11 is the directly relevant unit for Aula14."
barbosa-moreira-temas-serie4-1989,18-problemas-e-solucoes-em-materia-de-reconhecimento-e-execucao-i-visao-panoramica,aula-14.html,unused,"This essay concerns “Problemas e soluções em matéria de reconhecimento e execução de sentenças e laudos arbitrais estrangeiros — I — Visão panorâmica da situaçã…,” a separate procedural topic; the volume’s evidence-specific chapter 11 is the directly relevant unit for Aula14."
barbosa-moreira-temas-serie4-1989,18-problemas-e-solucoes-em-materia-de-reconhecimento-e-execucao-ii-mecanismos-restritivos,aula-14.html,unused,"This essay concerns “Problemas e soluções em matéria de reconhecimento e execução de sentenças e laudos arbitrais estrangeiros — II — Os mecanismos restritivos…,” a separate procedural topic; the volume’s evidence-specific chapter 11 is the directly relevant unit for Aula14."
barbosa-moreira-temas-serie4-1989,18-problemas-e-solucoes-em-materia-de-reconhecimento-e-execucao-iii-possibilidades-de-abolicao-ou-atenuacao,aula-14.html,unused,"This essay concerns “Problemas e soluções em matéria de reconhecimento e execução de sentenças e laudos arbitrais estrangeiros — III — Possibilidades de aboliçã…,” a separate procedural topic; the volume’s evidence-specific chapter 11 is the directly relevant unit for Aula14."
barbosa-moreira-temas-serie4-1989,18-problemas-e-solucoes-em-materia-de-reconhecimento-e-execucao-iv-laudos-arbitrais-estrangeiros,aula-14.html,unused,"This essay concerns “Problemas e soluções em matéria de reconhecimento e execução de sentenças e laudos arbitrais estrangeiros — IV — Laudos arbitrais estrangei…,” a separate procedural topic; the volume’s evidence-specific chapter 11 is the directly relevant unit for Aula14."
barbosa-moreira-temas-serie4-1989,18-problemas-e-solucoes-em-materia-de-reconhecimento-e-execucao-v-papel-dos-tratados-e-convencoes,aula-14.html,unused,"This essay concerns “Problemas e soluções em matéria de reconhecimento e execução de sentenças e laudos arbitrais estrangeiros — V — O papel dos tratados e conv…,” a separate procedural topic; the volume’s evidence-specific chapter 11 is the directly relevant unit for Aula14."
barbosa-moreira-temas-serie4-1989,18-problemas-e-solucoes-em-materia-de-reconhecimento-e-execucao-vi-conclusoes-gerais,aula-14.html,unused,"This essay concerns “Problemas e soluções em matéria de reconhecimento e execução de sentenças e laudos arbitrais estrangeiros — VI — Conclusões gerais,” a separate procedural topic; the volume’s evidence-specific chapter 11 is the directly relevant unit for Aula14."
barbosa-moreira-temas-serie4-1989,19-medida-cautelar-liminarmente-concedida-e-omissao-do-requerente,aula-14.html,unused,"This essay concerns “Medida cautelar liminarmente concedida e omissão do requerente em propor a tempo a ação principal,” a separate procedural topic; the volume’s evidence-specific chapter 11 is the directly relevant unit for Aula14."
barbosa-moreira-temas-serie4-1989,20-le-juge-bresilien-et-le-droit-etranger,aula-14.html,unused,"This essay concerns “Le juge brésilien et le droit étranger,” a separate procedural topic; the volume’s evidence-specific chapter 11 is the directly relevant unit for Aula14."
barbosa-moreira-temas-serie4-1989,21-apendice-presenca-de-couture,aula-14.html,unused,"This essay concerns “Apêndice — Presença de Couture,” a separate procedural topic; the volume’s evidence-specific chapter 11 is the directly relevant unit for Aula14."
barbosa-moreira-temas-serie4-1989,22-indice-onomastico,aula-14.html,unused,"This essay concerns “Índice onomástico,” a separate procedural topic; the volume’s evidence-specific chapter 11 is the directly relevant unit for Aula14."
barbosa-moreira-temas-serie4-1989,23-indice-alfabetico-remissivo,aula-14.html,unused,"This essay concerns “Índice alfabético-remissivo,” a separate procedural topic; the volume’s evidence-specific chapter 11 is the directly relevant unit for Aula14."
carpes-onus-da-prova,assigned-reading,aula-14.html,unused,"Carpes’s assigned pp. 45–61 concern dynamic burden allocation, mapped to later lessons on admissibility and burden rather than Aula14’s introductory model comparison."
costa-atos-processuais,capitulo-atos-processuais,aula-14.html,unused,"This Moodle supplement concerns procedural acts under CPC art. 188, not evidence theory or its models."
cpc-lei-13105-capture-2026-09-28,Art. 1,aula-14.html,unused,"Art. 1 states a provision-specific rule beginning “Art. 1º O processo civil será ordenado, disciplinado e interpretado conforme os valores e as normas…”; Aula14 covers general evidence theory, principles, and models, not this separate CPC rule."
cpc-lei-13105-capture-2026-09-28,Art. 2,aula-14.html,unused,"Art. 2 states a provision-specific rule beginning “Art. 2º O processo começa por iniciativa da parte e se desenvolve por impulso oficial, salvo as exc…”; Aula14 covers general evidence theory, principles, and models, not this separate CPC rule."
cpc-lei-13105-capture-2026-09-28,Art. 3,aula-14.html,unused,"Art. 3 states a provision-specific rule beginning “Art. 3º Não se excluirá da apreciação jurisdicional ameaça ou lesão a direito.”; Aula14 covers general evidence theory, principles, and models, not this separate CPC rule."
cpc-lei-13105-capture-2026-09-28,Art. 4,aula-14.html,unused,"Art. 4 states a provision-specific rule beginning “Art. 4º As partes têm o direito de obter em prazo razoável a solução integral do mérito, incluída a…”; Aula14 covers general evidence theory, principles, and models, not this separate CPC rule."
cpc-lei-13105-capture-2026-09-28,Art. 5,aula-14.html,unused,"Art. 5 states a provision-specific rule beginning “Art. 5º Aquele que de qualquer forma participa do processo deve comportar-se de acordo com a boa-fé.”; Aula14 covers general evidence theory, principles, and models, not this separate CPC rule."
cpc-lei-13105-capture-2026-09-28,Art. 6,aula-14.html,unused,"Art. 6 states a provision-specific rule beginning “Art. 6º Todos os sujeitos do processo devem cooperar entre si para que se obtenha, em tempo razoáve…”; Aula14 covers general evidence theory, principles, and models, not this separate CPC rule."
cpc-lei-13105-capture-2026-09-28,Art. 7,aula-14.html,unused,"Art. 7 states a provision-specific rule beginning “Art. 7º É assegurada às partes paridade de tratamento em relação ao exercício de direitos e faculda…”; Aula14 covers general evidence theory, principles, and models, not this separate CPC rule."
cpc-lei-13105-capture-2026-09-28,Art. 8,aula-14.html,unused,"Art. 8 states a provision-specific rule beginning “Art. 8º Ao aplicar o ordenamento jurídico, o juiz atenderá aos fins sociais e às exigências do bem…”; Aula14 covers general evidence theory, principles, and models, not this separate CPC rule."
cpc-lei-13105-capture-2026-09-28,Art. 9,aula-14.html,unused,"Art. 9 states a provision-specific rule beginning “Art. 9º Não se proferirá decisão contra uma das partes sem que ela seja previamente ouvida.”; Aula14 covers general evidence theory, principles, and models, not this separate CPC rule."
cpc-lei-13105-capture-2026-09-28,Art. 10,aula-14.html,unused,"Art. 10 states a provision-specific rule beginning “Art. 10. O juiz não pode decidir, em grau algum de jurisdição, com base em fundamento a respeito do…”; Aula14 covers general evidence theory, principles, and models, not this separate CPC rule."
cpc-lei-13105-capture-2026-09-28,Art. 11,aula-14.html,unused,"Art. 11 states a provision-specific rule beginning “Art. 11. Todos os julgamentos dos órgãos do Poder Judiciário serão públicos, e fundamentadas todas…”; Aula14 covers general evidence theory, principles, and models, not this separate CPC rule."
cpc-lei-13105-capture-2026-09-28,Art. 12,aula-14.html,unused,"Art. 12 states a provision-specific rule beginning “Art. 12. Os juízes e os tribunais deverão obedecer à ordem cronológica de conclusão para proferir s…”; Aula14 covers general evidence theory, principles, and models, not this separate CPC rule."
cpc-lei-13105-capture-2026-09-28,Art. 13,aula-14.html,unused,"Art. 13 states a provision-specific rule beginning “Art. 13. A jurisdição civil será regida pelas normas processuais brasileiras, ressalvadas as dispos…”; Aula14 covers general evidence theory, principles, and models, not this separate CPC rule."
cpc-lei-13105-capture-2026-09-28,Art. 14,aula-14.html,unused,"Art. 14 states a provision-specific rule beginning “Art. 14. A norma processual não retroagirá e será aplicável imediatamente aos processos em curso, r…”; Aula14 covers general evidence theory, principles, and models, not this separate CPC rule."
cpc-lei-13105-capture-2026-09-28,Art. 15,aula-14.html,unused,"Art. 15 states a provision-specific rule beginning “Art. 15. Na ausência de normas que regulem processos eleitorais, trabalhistas ou administrativos, a…”; Aula14 covers general evidence theory, principles, and models, not this separate CPC rule."
cpc-lei-13105-capture-2026-09-28,Art. 16,aula-14.html,unused,"Art. 16 states a provision-specific rule beginning “Art. 16. A jurisdição civil é exercida pelos juízes e pelos tribunais em todo o território nacional…”; Aula14 covers general evidence theory, principles, and models, not this separate CPC rule."
cpc-lei-13105-capture-2026-09-28,Art. 17,aula-14.html,unused,"Art. 17 states a provision-specific rule beginning “Art. 17. Para postular em juízo é necessário ter interesse e legitimidade.”; Aula14 covers general evidence theory, principles, and models, not this separate CPC rule."
cpc-lei-13105-capture-2026-09-28,Art. 18,aula-14.html,unused,"Art. 18 states a provision-specific rule beginning “Art. 18. Ninguém poderá pleitear direito alheio em nome próprio, salvo quando autorizado pelo orden…”; Aula14 covers general evidence theory, principles, and models, not this separate CPC rule."
cpc-lei-13105-capture-2026-09-28,Art. 19,aula-14.html,unused,"Art. 19 states a provision-specific rule beginning “Art. 19. O interesse do autor pode limitar-se à declaração:”; Aula14 covers general evidence theory, principles, and models, not this separate CPC rule."
cpc-lei-13105-capture-2026-09-28,Art. 20,aula-14.html,unused,"Art. 20 states a provision-specific rule beginning “Art. 20. É admissível a ação meramente declaratória, ainda que tenha ocorrido a violação do direito.”; Aula14 covers general evidence theory, principles, and models, not this separate CPC rule."
cpc-lei-13105-capture-2026-09-28,Art. 21,aula-14.html,unused,"Art. 21 states a provision-specific rule beginning “Art. 21. Compete à autoridade judiciária brasileira processar e julgar as ações em que:”; Aula14 covers general evidence theory, principles, and models, not this separate CPC rule."
cpc-lei-13105-capture-2026-09-28,Art. 22,aula-14.html,unused,"Art. 22 states a provision-specific rule beginning “Art. 22. Compete, ainda, à autoridade judiciária brasileira processar e julgar as ações:”; Aula14 covers general evidence theory, principles, and models, not this separate CPC rule."
cpc-lei-13105-capture-2026-09-28,Art. 23,aula-14.html,unused,"Art. 23 states a provision-specific rule beginning “Art. 23. Compete à autoridade judiciária brasileira, com exclusão de qualquer outra:”; Aula14 covers general evidence theory, principles, and models, not this separate CPC rule."
cpc-lei-13105-capture-2026-09-28,Art. 24,aula-14.html,unused,"Art. 24 states a provision-specific rule beginning “Art. 24. A ação proposta perante tribunal estrangeiro não induz litispendência e não obsta a que a…”; Aula14 covers general evidence theory, principles, and models, not this separate CPC rule."
cpc-lei-13105-capture-2026-09-28,Art. 25,aula-14.html,unused,"Art. 25 states a provision-specific rule beginning “Art. 25. Não compete à autoridade judiciária brasileira o processamento e o julgamento da ação quan…”; Aula14 covers general evidence theory, principles, and models, not this separate CPC rule."
cpc-lei-13105-capture-2026-09-28,Art. 26,aula-14.html,unused,"Art. 26 states a provision-specific rule beginning “Art. 26. A cooperação jurídica internacional será regida por tratado de que o Brasil faz parte e ob…”; Aula14 covers general evidence theory, principles, and models, not this separate CPC rule."
cpc-lei-13105-capture-2026-09-28,Art. 27,aula-14.html,unused,"Art. 27 states a provision-specific rule beginning “Art. 27. A cooperação jurídica internacional terá por objeto:”; Aula14 covers general evidence theory, principles, and models, not this separate CPC rule."
cpc-lei-13105-capture-2026-09-28,Art. 28,aula-14.html,unused,"Art. 28 states a provision-specific rule beginning “Art. 28. Cabe auxílio direto quando a medida não decorrer diretamente de decisão de autoridade juri…”; Aula14 covers general evidence theory, principles, and models, not this separate CPC rule."
cpc-lei-13105-capture-2026-09-28,Art. 29,aula-14.html,unused,"Art. 29 states a provision-specific rule beginning “Art. 29. A solicitação de auxílio direto será encaminhada pelo órgão estrangeiro interessado à auto…”; Aula14 covers general evidence theory, principles, and models, not this separate CPC rule."
cpc-lei-13105-capture-2026-09-28,Art. 30,aula-14.html,unused,"Art. 30 states a provision-specific rule beginning “Art. 30. Além dos casos previstos em tratados de que o Brasil faz parte, o auxílio direto terá os s…”; Aula14 covers general evidence theory, principles, and models, not this separate CPC rule."
cpc-lei-13105-capture-2026-09-28,Art. 31,aula-14.html,unused,"Art. 31 states a provision-specific rule beginning “Art. 31. A autoridade central brasileira comunicar-se-á diretamente com suas congêneres e, se neces…”; Aula14 covers general evidence theory, principles, and models, not this separate CPC rule."
cpc-lei-13105-capture-2026-09-28,Art. 32,aula-14.html,unused,"Art. 32 states a provision-specific rule beginning “Art. 32. No caso de auxílio direto para a prática de atos que, segundo a lei brasileira, não necess…”; Aula14 covers general evidence theory, principles, and models, not this separate CPC rule."
cpc-lei-13105-capture-2026-09-28,Art. 33,aula-14.html,unused,"Art. 33 states a provision-specific rule beginning “Art. 33. Recebido o pedido de auxílio direto passivo, a autoridade central o encaminhará à Advocaci…”; Aula14 covers general evidence theory, principles, and models, not this separate CPC rule."
cpc-lei-13105-capture-2026-09-28,Art. 34,aula-14.html,unused,"Art. 34 states a provision-specific rule beginning “Art. 34. Compete ao juízo federal do lugar em que deva ser executada a medida apreciar pedido de au…”; Aula14 covers general evidence theory, principles, and models, not this separate CPC rule."
cpc-lei-13105-capture-2026-09-28,Art. 35,aula-14.html,unused,"Art. 35 states a provision-specific rule beginning “Art. 35. (VETADO).”; Aula14 covers general evidence theory, principles, and models, not this separate CPC rule."
cpc-lei-13105-capture-2026-09-28,Art. 36,aula-14.html,unused,"Art. 36 states a provision-specific rule beginning “Art. 36. O procedimento da carta rogatória perante o Superior Tribunal de Justiça é de jurisdição c…”; Aula14 covers general evidence theory, principles, and models, not this separate CPC rule."
cpc-lei-13105-capture-2026-09-28,Art. 37,aula-14.html,unused,"Art. 37 states a provision-specific rule beginning “Art. 37. O pedido de cooperação jurídica internacional oriundo de autoridade brasileira competente…”; Aula14 covers general evidence theory, principles, and models, not this separate CPC rule."
cpc-lei-13105-capture-2026-09-28,Art. 38,aula-14.html,unused,"Art. 38 states a provision-specific rule beginning “Art. 38. O pedido de cooperação oriundo de autoridade brasileira competente e os documentos anexos…”; Aula14 covers general evidence theory, principles, and models, not this separate CPC rule."
cpc-lei-13105-capture-2026-09-28,Art. 39,aula-14.html,unused,"Art. 39 states a provision-specific rule beginning “Art. 39. O pedido passivo de cooperação jurídica internacional será recusado se configurar manifest…”; Aula14 covers general evidence theory, principles, and models, not this separate CPC rule."
cpc-lei-13105-capture-2026-09-28,Art. 40,aula-14.html,unused,"Art. 40 states a provision-specific rule beginning “Art. 40. A cooperação jurídica internacional para execução de decisão estrangeira dar-se-á por meio…”; Aula14 covers general evidence theory, principles, and models, not this separate CPC rule."
cpc-lei-13105-capture-2026-09-28,Art. 41,aula-14.html,unused,"Art. 41 states a provision-specific rule beginning “Art. 41. Considera-se autêntico o documento que instruir pedido de cooperação jurídica internaciona…”; Aula14 covers general evidence theory, principles, and models, not this separate CPC rule."
cpc-lei-13105-capture-2026-09-28,Art. 42,aula-14.html,unused,"Art. 42 states a provision-specific rule beginning “Art. 42. As causas cíveis serão processadas e decididas pelo juiz nos limites de sua competência, r…”; Aula14 covers general evidence theory, principles, and models, not this separate CPC rule."
cpc-lei-13105-capture-2026-09-28,Art. 43,aula-14.html,unused,"Art. 43 states a provision-specific rule beginning “Art. 43. Determina-se a competência no momento do registro ou da distribuição da petição inicial, s…”; Aula14 covers general evidence theory, principles, and models, not this separate CPC rule."
cpc-lei-13105-capture-2026-09-28,Art. 44,aula-14.html,unused,"Art. 44 states a provision-specific rule beginning “Art. 44. Obedecidos os limites estabelecidos pela”; Aula14 covers general evidence theory, principles, and models, not this separate CPC rule."
cpc-lei-13105-capture-2026-09-28,Art. 45,aula-14.html,unused,"Art. 45 states a provision-specific rule beginning “Art. 45. Tramitando o processo perante outro juízo, os autos serão remetidos ao juízo federal compe…”; Aula14 covers general evidence theory, principles, and models, not this separate CPC rule."
cpc-lei-13105-capture-2026-09-28,Art. 46,aula-14.html,unused,"Art. 46 states a provision-specific rule beginning “Art. 46. A ação fundada em direito pessoal ou em direito real sobre bens móveis será proposta, em r…”; Aula14 covers general evidence theory, principles, and models, not this separate CPC rule."
cpc-lei-13105-capture-2026-09-28,Art. 47,aula-14.html,unused,"Art. 47 states a provision-specific rule beginning “Art. 47. Para as ações fundadas em direito real sobre imóveis é competente o foro de situação da co…”; Aula14 covers general evidence theory, principles, and models, not this separate CPC rule."
cpc-lei-13105-capture-2026-09-28,Art. 48,aula-14.html,unused,"Art. 48 states a provision-specific rule beginning “Art. 48. O foro de domicílio do autor da herança, no Brasil, é o competente para o inventário, a pa…”; Aula14 covers general evidence theory, principles, and models, not this separate CPC rule."
cpc-lei-13105-capture-2026-09-28,Art. 49,aula-14.html,unused,"Art. 49 states a provision-specific rule beginning “Art. 49. A ação em que o ausente for réu será proposta no foro de seu último domicílio, também comp…”; Aula14 covers general evidence theory, principles, and models, not this separate CPC rule."
cpc-lei-13105-capture-2026-09-28,Art. 50,aula-14.html,unused,"Art. 50 states a provision-specific rule beginning “Art. 50. A ação em que o incapaz for réu será proposta no foro de domicílio de seu representante ou…”; Aula14 covers general evidence theory, principles, and models, not this separate CPC rule."
cpc-lei-13105-capture-2026-09-28,Art. 51,aula-14.html,unused,"Art. 51 states a provision-specific rule beginning “Art. 51. É competente o foro de domicílio do réu para as causas em que seja autora a União.”; Aula14 covers general evidence theory, principles, and models, not this separate CPC rule."
cpc-lei-13105-capture-2026-09-28,Art. 52,aula-14.html,unused,"Art. 52 states a provision-specific rule beginning “Art. 52. É competente o foro de domicílio do réu para as causas em que seja autor Estado ou o Distr…”; Aula14 covers general evidence theory, principles, and models, not this separate CPC rule."
cpc-lei-13105-capture-2026-09-28,Art. 53,aula-14.html,unused,"Art. 53 states a provision-specific rule beginning “Art. 53. É competente o foro:”; Aula14 covers general evidence theory, principles, and models, not this separate CPC rule."
cpc-lei-13105-capture-2026-09-28,Art. 54,aula-14.html,unused,"Art. 54 states a provision-specific rule beginning “Art. 54. A competência relativa poderá modificar-se pela conexão ou pela continência, observado o d…”; Aula14 covers general evidence theory, principles, and models, not this separate CPC rule."
cpc-lei-13105-capture-2026-09-28,Art. 55,aula-14.html,unused,"Art. 55 states a provision-specific rule beginning “Art. 55. Reputam-se conexas 2 (duas) ou mais ações quando lhes for comum o pedido ou a causa de ped…”; Aula14 covers general evidence theory, principles, and models, not this separate CPC rule."
cpc-lei-13105-capture-2026-09-28,Art. 56,aula-14.html,unused,"Art. 56 states a provision-specific rule beginning “Art. 56. Dá-se a continência entre 2 (duas) ou mais ações quando houver identidade quanto às partes…”; Aula14 covers general evidence theory, principles, and models, not this separate CPC rule."
cpc-lei-13105-capture-2026-09-28,Art. 57,aula-14.html,unused,"Art. 57 states a provision-specific rule beginning “Art. 57. Quando houver continência e a ação continente tiver sido proposta anteriormente, no proces…”; Aula14 covers general evidence theory, principles, and models, not this separate CPC rule."
cpc-lei-13105-capture-2026-09-28,Art. 58,aula-14.html,unused,"Art. 58 states a provision-specific rule beginning “Art. 58. A reunião das ações propostas em separado far-se-á no juízo prevento, onde serão decididas…”; Aula14 covers general evidence theory, principles, and models, not this separate CPC rule."
cpc-lei-13105-capture-2026-09-28,Art. 59,aula-14.html,unused,"Art. 59 states a provision-specific rule beginning “Art. 59. O registro ou a distribuição da petição inicial torna prevento o juízo.”; Aula14 covers general evidence theory, principles, and models, not this separate CPC rule."
cpc-lei-13105-capture-2026-09-28,Art. 60,aula-14.html,unused,"Art. 60 states a provision-specific rule beginning “Art. 60. Se o imóvel se achar situado em mais de um Estado, comarca, seção ou subseção judiciária,…”; Aula14 covers general evidence theory, principles, and models, not this separate CPC rule."
cpc-lei-13105-capture-2026-09-28,Art. 61,aula-14.html,unused,"Art. 61 states a provision-specific rule beginning “Art. 61. A ação acessória será proposta no juízo competente para a ação principal.”; Aula14 covers general evidence theory, principles, and models, not this separate CPC rule."
cpc-lei-13105-capture-2026-09-28,Art. 62,aula-14.html,unused,"Art. 62 states a provision-specific rule beginning “Art. 62. A competência determinada em razão da matéria, da pessoa ou da função é inderrogável por c…”; Aula14 covers general evidence theory, principles, and models, not this separate CPC rule."
cpc-lei-13105-capture-2026-09-28,Art. 63,aula-14.html,unused,"Art. 63 states a provision-specific rule beginning “Art. 63. As partes podem modificar a competência em razão do valor e do território, elegendo foro o…”; Aula14 covers general evidence theory, principles, and models, not this separate CPC rule."
cpc-lei-13105-capture-2026-09-28,Art. 64,aula-14.html,unused,"Art. 64 states a provision-specific rule beginning “Art. 64. A incompetência, absoluta ou relativa, será alegada como questão preliminar de contestação.”; Aula14 covers general evidence theory, principles, and models, not this separate CPC rule."
cpc-lei-13105-capture-2026-09-28,Art. 65,aula-14.html,unused,"Art. 65 states a provision-specific rule beginning “Art. 65. Prorrogar-se-á a competência relativa se o réu não alegar a incompetência em preliminar de…”; Aula14 covers general evidence theory, principles, and models, not this separate CPC rule."
cpc-lei-13105-capture-2026-09-28,Art. 66,aula-14.html,unused,"Art. 66 states a provision-specific rule beginning “Art. 66. Há conflito de competência quando:”; Aula14 covers general evidence theory, principles, and models, not this separate CPC rule."
cpc-lei-13105-capture-2026-09-28,Art. 67,aula-14.html,unused,"Art. 67 states a provision-specific rule beginning “Art. 67. Aos órgãos do Poder Judiciário, estadual ou federal, especializado ou comum, em todas as i…”; Aula14 covers general evidence theory, principles, and models, not this separate CPC rule."
cpc-lei-13105-capture-2026-09-28,Art. 68,aula-14.html,unused,"Art. 68 states a provision-specific rule beginning “Art. 68. Os juízos poderão formular entre si pedido de cooperação para prática de qualquer ato proc…”; Aula14 covers general evidence theory, principles, and models, not this separate CPC rule."
cpc-lei-13105-capture-2026-09-28,Art. 69,aula-14.html,unused,"Art. 69 states a provision-specific rule beginning “Art. 69. O pedido de cooperação jurisdicional deve ser prontamente atendido, prescinde de forma esp…”; Aula14 covers general evidence theory, principles, and models, not this separate CPC rule."
cpc-lei-13105-capture-2026-09-28,Art. 70,aula-14.html,unused,"Art. 70 states a provision-specific rule beginning “Art. 70. Toda pessoa que se encontre no exercício de seus direitos tem capacidade para estar em juí…”; Aula14 covers general evidence theory, principles, and models, not this separate CPC rule."
cpc-lei-13105-capture-2026-09-28,Art. 71,aula-14.html,unused,"Art. 71 states a provision-specific rule beginning “Art. 71. O incapaz será representado ou assistido por seus pais, por tutor ou por curador, na forma…”; Aula14 covers general evidence theory, principles, and models, not this separate CPC rule."
cpc-lei-13105-capture-2026-09-28,Art. 72,aula-14.html,unused,"Art. 72 states a provision-specific rule beginning “Art. 72. O juiz nomeará curador especial ao:”; Aula14 covers general evidence theory, principles, and models, not this separate CPC rule."
cpc-lei-13105-capture-2026-09-28,Art. 73,aula-14.html,unused,"Art. 73 states a provision-specific rule beginning “Art. 73. O cônjuge necessitará do consentimento do outro para propor ação que verse sobre direito r…”; Aula14 covers general evidence theory, principles, and models, not this separate CPC rule."
cpc-lei-13105-capture-2026-09-28,Art. 74,aula-14.html,unused,"Art. 74 states a provision-specific rule beginning “Art. 74. O consentimento previsto no”; Aula14 covers general evidence theory, principles, and models, not this separate CPC rule."
cpc-lei-13105-capture-2026-09-28,Art. 75,aula-14.html,unused,"Art. 75 states a provision-specific rule beginning “Art. 75. Serão representados em juízo, ativa e passivamente:”; Aula14 covers general evidence theory, principles, and models, not this separate CPC rule."
cpc-lei-13105-capture-2026-09-28,Art. 76,aula-14.html,unused,"Art. 76 states a provision-specific rule beginning “Art. 76. Verificada a incapacidade processual ou a irregularidade da representação da parte, o juiz…”; Aula14 covers general evidence theory, principles, and models, not this separate CPC rule."
cpc-lei-13105-capture-2026-09-28,Art. 77,aula-14.html,unused,"Art. 77 states a provision-specific rule beginning “Art. 77. Além de outros previstos neste Código, são deveres das partes, de seus procuradores e de t…”; Aula14 covers general evidence theory, principles, and models, not this separate CPC rule."
cpc-lei-13105-capture-2026-09-28,Art. 78,aula-14.html,unused,"Art. 78 states a provision-specific rule beginning “Art. 78. É vedado às partes, a seus procuradores, aos juízes, aos membros do Ministério Público e d…”; Aula14 covers general evidence theory, principles, and models, not this separate CPC rule."
cpc-lei-13105-capture-2026-09-28,Art. 79,aula-14.html,unused,"Art. 79 states a provision-specific rule beginning “Art. 79. Responde por perdas e danos aquele que litigar de má-fé como autor, réu ou interveniente.”; Aula14 covers general evidence theory, principles, and models, not this separate CPC rule."
cpc-lei-13105-capture-2026-09-28,Art. 80,aula-14.html,unused,"Art. 80 states a provision-specific rule beginning “Art. 80. Considera-se litigante de má-fé aquele que:”; Aula14 covers general evidence theory, principles, and models, not this separate CPC rule."
cpc-lei-13105-capture-2026-09-28,Art. 81,aula-14.html,unused,"Art. 81 states a provision-specific rule beginning “Art. 81. De ofício ou a requerimento, o juiz condenará o litigante de má-fé a pagar multa, que deve…”; Aula14 covers general evidence theory, principles, and models, not this separate CPC rule."
cpc-lei-13105-capture-2026-09-28,Art. 82,aula-14.html,unused,"Art. 82 states a provision-specific rule beginning “Art. 82. Salvo as disposições concernentes à gratuidade da justiça, incumbe às partes prover as des…”; Aula14 covers general evidence theory, principles, and models, not this separate CPC rule."
cpc-lei-13105-capture-2026-09-28,Art. 83,aula-14.html,unused,"Art. 83 states a provision-specific rule beginning “Art. 83. O autor, brasileiro ou estrangeiro, que residir fora do Brasil ou deixar de residir no paí…”; Aula14 covers general evidence theory, principles, and models, not this separate CPC rule."
cpc-lei-13105-capture-2026-09-28,Art. 84,aula-14.html,unused,"Art. 84 states a provision-specific rule beginning “Art. 84. As despesas abrangem as custas dos atos do processo, a indenização de viagem, a remuneraçã…”; Aula14 covers general evidence theory, principles, and models, not this separate CPC rule."
cpc-lei-13105-capture-2026-09-28,Art. 85,aula-14.html,unused,"Art. 85 states a provision-specific rule beginning “Art. 85. A sentença condenará o vencido a pagar honorários ao advogado do vencedor.”; Aula14 covers general evidence theory, principles, and models, not this separate CPC rule."
cpc-lei-13105-capture-2026-09-28,Art. 86,aula-14.html,unused,"Art. 86 states a provision-specific rule beginning “Art. 86. Se cada litigante for, em parte, vencedor e vencido, serão proporcionalmente distribuídas…”; Aula14 covers general evidence theory, principles, and models, not this separate CPC rule."
cpc-lei-13105-capture-2026-09-28,Art. 87,aula-14.html,unused,"Art. 87 states a provision-specific rule beginning “Art. 87. Concorrendo diversos autores ou diversos réus, os vencidos respondem proporcionalmente pel…”; Aula14 covers general evidence theory, principles, and models, not this separate CPC rule."
cpc-lei-13105-capture-2026-09-28,Art. 88,aula-14.html,unused,"Art. 88 states a provision-specific rule beginning “Art. 88. Nos procedimentos de jurisdição voluntária, as despesas serão adiantadas pelo requerente e…”; Aula14 covers general evidence theory, principles, and models, not this separate CPC rule."
cpc-lei-13105-capture-2026-09-28,Art. 89,aula-14.html,unused,"Art. 89 states a provision-specific rule beginning “Art. 89. Nos juízos divisórios, não havendo litígio, os interessados pagarão as despesas proporcion…”; Aula14 covers general evidence theory, principles, and models, not this separate CPC rule."
cpc-lei-13105-capture-2026-09-28,Art. 90,aula-14.html,unused,"Art. 90 states a provision-specific rule beginning “Art. 90. Proferida sentença com fundamento em desistência, em renúncia ou em reconhecimento do pedi…”; Aula14 covers general evidence theory, principles, and models, not this separate CPC rule."
cpc-lei-13105-capture-2026-09-28,Art. 91,aula-14.html,unused,"Art. 91 states a provision-specific rule beginning “Art. 91. As despesas dos atos processuais praticados a requerimento da Fazenda Pública, do Ministér…”; Aula14 covers general evidence theory, principles, and models, not this separate CPC rule."
cpc-lei-13105-capture-2026-09-28,Art. 92,aula-14.html,unused,"Art. 92 states a provision-specific rule beginning “Art. 92. Quando, a requerimento do réu, o juiz proferir sentença sem resolver o mérito, o autor não…”; Aula14 covers general evidence theory, principles, and models, not this separate CPC rule."
cpc-lei-13105-capture-2026-09-28,Art. 93,aula-14.html,unused,"Art. 93 states a provision-specific rule beginning “Art. 93. As despesas de atos adiados ou cuja repetição for necessária ficarão a cargo da parte, do…”; Aula14 covers general evidence theory, principles, and models, not this separate CPC rule."
cpc-lei-13105-capture-2026-09-28,Art. 94,aula-14.html,unused,"Art. 94 states a provision-specific rule beginning “Art. 94. Se o assistido for vencido, o assistente será condenado ao pagamento das custas em proporç…”; Aula14 covers general evidence theory, principles, and models, not this separate CPC rule."
cpc-lei-13105-capture-2026-09-28,Art. 95,aula-14.html,unused,"Art. 95 states a provision-specific rule beginning “Art. 95. Cada parte adiantará a remuneração do assistente técnico que houver indicado, sendo a do p…”; Aula14 covers general evidence theory, principles, and models, not this separate CPC rule."
cpc-lei-13105-capture-2026-09-28,Art. 96,aula-14.html,unused,"Art. 96 states a provision-specific rule beginning “Art. 96. O valor das sanções impostas ao litigante de má-fé reverterá em benefício da parte contrár…”; Aula14 covers general evidence theory, principles, and models, not this separate CPC rule."
cpc-lei-13105-capture-2026-09-28,Art. 97,aula-14.html,unused,"Art. 97 states a provision-specific rule beginning “Art. 97. A União e os Estados podem criar fundos de modernização do Poder Judiciário, aos quais ser…”; Aula14 covers general evidence theory, principles, and models, not this separate CPC rule."
cpc-lei-13105-capture-2026-09-28,Art. 98,aula-14.html,unused,"Art. 98 states a provision-specific rule beginning “Art. 98. A pessoa natural ou jurídica, brasileira ou estrangeira, com insuficiência de recursos par…”; Aula14 covers general evidence theory, principles, and models, not this separate CPC rule."
cpc-lei-13105-capture-2026-09-28,Art. 99,aula-14.html,unused,"Art. 99 states a provision-specific rule beginning “Art. 99. O pedido de gratuidade da justiça pode ser formulado na petição inicial, na contestação, n…”; Aula14 covers general evidence theory, principles, and models, not this separate CPC rule."
cpc-lei-13105-capture-2026-09-28,Art. 100,aula-14.html,unused,"Art. 100 states a provision-specific rule beginning “Art. 100. Deferido o pedido, a parte contrária poderá oferecer impugnação na contestação, na réplic…”; Aula14 covers general evidence theory, principles, and models, not this separate CPC rule."
cpc-lei-13105-capture-2026-09-28,Art. 101,aula-14.html,unused,"Art. 101 states a provision-specific rule beginning “Art. 101. Contra a decisão que indeferir a gratuidade ou a que acolher pedido de sua revogação cabe…”; Aula14 covers general evidence theory, principles, and models, not this separate CPC rule."
cpc-lei-13105-capture-2026-09-28,Art. 102,aula-14.html,unused,"Art. 102 states a provision-specific rule beginning “Art. 102. Sobrevindo o trânsito em julgado de decisão que revoga a gratuidade, a parte deverá efetu…”; Aula14 covers general evidence theory, principles, and models, not this separate CPC rule."
cpc-lei-13105-capture-2026-09-28,Art. 103,aula-14.html,unused,"Art. 103 states a provision-specific rule beginning “Art. 103. A parte será representada em juízo por advogado regularmente inscrito na Ordem dos Advoga…”; Aula14 covers general evidence theory, principles, and models, not this separate CPC rule."
cpc-lei-13105-capture-2026-09-28,Art. 104,aula-14.html,unused,"Art. 104 states a provision-specific rule beginning “Art. 104. O advogado não será admitido a postular em juízo sem procuração, salvo para evitar preclu…”; Aula14 covers general evidence theory, principles, and models, not this separate CPC rule."
cpc-lei-13105-capture-2026-09-28,Art. 105,aula-14.html,unused,"Art. 105 states a provision-specific rule beginning “Art. 105. A procuração geral para o foro, outorgada por instrumento público ou particular assinado…”; Aula14 covers general evidence theory, principles, and models, not this separate CPC rule."
cpc-lei-13105-capture-2026-09-28,Art. 106,aula-14.html,unused,"Art. 106 states a provision-specific rule beginning “Art. 106. Quando postular em causa própria, incumbe ao advogado:”; Aula14 covers general evidence theory, principles, and models, not this separate CPC rule."
cpc-lei-13105-capture-2026-09-28,Art. 107,aula-14.html,unused,"Art. 107 states a provision-specific rule beginning “Art. 107. O advogado tem direito a:”; Aula14 covers general evidence theory, principles, and models, not this separate CPC rule."
cpc-lei-13105-capture-2026-09-28,Art. 108,aula-14.html,unused,"Art. 108 states a provision-specific rule beginning “Art. 108. No curso do processo, somente é lícita a sucessão voluntária das partes nos casos express…”; Aula14 covers general evidence theory, principles, and models, not this separate CPC rule."
cpc-lei-13105-capture-2026-09-28,Art. 109,aula-14.html,unused,"Art. 109 states a provision-specific rule beginning “Art. 109. A alienação da coisa ou do direito litigioso por ato entre vivos, a título particular, nã…”; Aula14 covers general evidence theory, principles, and models, not this separate CPC rule."
cpc-lei-13105-capture-2026-09-28,Art. 110,aula-14.html,unused,"Art. 110 states a provision-specific rule beginning “Art. 110. Ocorrendo a morte de qualquer das partes, dar-se-á a sucessão pelo seu espólio ou pelos s…”; Aula14 covers general evidence theory, principles, and models, not this separate CPC rule."
cpc-lei-13105-capture-2026-09-28,Art. 111,aula-14.html,unused,"Art. 111 states a provision-specific rule beginning “Art. 111. A parte que revogar o mandato outorgado a seu advogado constituirá, no mesmo ato, outro q…”; Aula14 covers general evidence theory, principles, and models, not this separate CPC rule."
cpc-lei-13105-capture-2026-09-28,Art. 112,aula-14.html,unused,"Art. 112 states a provision-specific rule beginning “Art. 112. O advogado poderá renunciar ao mandato a qualquer tempo, provando, na forma prevista nest…”; Aula14 covers general evidence theory, principles, and models, not this separate CPC rule."
cpc-lei-13105-capture-2026-09-28,Art. 113,aula-14.html,unused,"Art. 113 states a provision-specific rule beginning “Art. 113. Duas ou mais pessoas podem litigar, no mesmo processo, em conjunto, ativa ou passivamente…”; Aula14 covers general evidence theory, principles, and models, not this separate CPC rule."
cpc-lei-13105-capture-2026-09-28,Art. 114,aula-14.html,unused,"Art. 114 states a provision-specific rule beginning “Art. 114. O litisconsórcio será necessário por disposição de lei ou quando, pela natureza da relaçã…”; Aula14 covers general evidence theory, principles, and models, not this separate CPC rule."
cpc-lei-13105-capture-2026-09-28,Art. 115,aula-14.html,unused,"Art. 115 states a provision-specific rule beginning “Art. 115. A sentença de mérito, quando proferida sem a integração do contraditório, será:”; Aula14 covers general evidence theory, principles, and models, not this separate CPC rule."
cpc-lei-13105-capture-2026-09-28,Art. 116,aula-14.html,unused,"Art. 116 states a provision-specific rule beginning “Art. 116. O litisconsórcio será unitário quando, pela natureza da relação jurídica, o juiz tiver de…”; Aula14 covers general evidence theory, principles, and models, not this separate CPC rule."
cpc-lei-13105-capture-2026-09-28,Art. 117,aula-14.html,unused,"Art. 117 states a provision-specific rule beginning “Art. 117. Os litisconsortes serão considerados, em suas relações com a parte adversa, como litigant…”; Aula14 covers general evidence theory, principles, and models, not this separate CPC rule."
cpc-lei-13105-capture-2026-09-28,Art. 118,aula-14.html,unused,"Art. 118 states a provision-specific rule beginning “Art. 118. Cada litisconsorte tem o direito de promover o andamento do processo, e todos devem ser i…”; Aula14 covers general evidence theory, principles, and models, not this separate CPC rule."
cpc-lei-13105-capture-2026-09-28,Art. 119,aula-14.html,unused,"Art. 119 states a provision-specific rule beginning “Art. 119. Pendendo causa entre 2 (duas) ou mais pessoas, o terceiro juridicamente interessado em qu…”; Aula14 covers general evidence theory, principles, and models, not this separate CPC rule."
cpc-lei-13105-capture-2026-09-28,Art. 120,aula-14.html,unused,"Art. 120 states a provision-specific rule beginning “Art. 120. Não havendo impugnação no prazo de 15 (quinze) dias, o pedido do assistente será deferido…”; Aula14 covers general evidence theory, principles, and models, not this separate CPC rule."
cpc-lei-13105-capture-2026-09-28,Art. 121,aula-14.html,unused,"Art. 121 states a provision-specific rule beginning “Art. 121. O assistente simples atuará como auxiliar da parte principal, exercerá os mesmos poderes…”; Aula14 covers general evidence theory, principles, and models, not this separate CPC rule."
cpc-lei-13105-capture-2026-09-28,Art. 122,aula-14.html,unused,"Art. 122 states a provision-specific rule beginning “Art. 122. A assistência simples não obsta a que a parte principal reconheça a procedência do pedido…”; Aula14 covers general evidence theory, principles, and models, not this separate CPC rule."
cpc-lei-13105-capture-2026-09-28,Art. 123,aula-14.html,unused,"Art. 123 states a provision-specific rule beginning “Art. 123. Transitada em julgado a sentença no processo em que interveio o assistente, este não pode…”; Aula14 covers general evidence theory, principles, and models, not this separate CPC rule."
cpc-lei-13105-capture-2026-09-28,Art. 124,aula-14.html,unused,"Art. 124 states a provision-specific rule beginning “Art. 124. Considera-se litisconsorte da parte principal o assistente sempre que a sentença influir…”; Aula14 covers general evidence theory, principles, and models, not this separate CPC rule."
cpc-lei-13105-capture-2026-09-28,Art. 125,aula-14.html,unused,"Art. 125 states a provision-specific rule beginning “Art. 125. É admissível a denunciação da lide, promovida por qualquer das partes:”; Aula14 covers general evidence theory, principles, and models, not this separate CPC rule."
cpc-lei-13105-capture-2026-09-28,Art. 126,aula-14.html,unused,"Art. 126 states a provision-specific rule beginning “Art. 126. A citação do denunciado será requerida na petição inicial, se o denunciante for autor, ou…”; Aula14 covers general evidence theory, principles, and models, not this separate CPC rule."
cpc-lei-13105-capture-2026-09-28,Art. 127,aula-14.html,unused,"Art. 127 states a provision-specific rule beginning “Art. 127. Feita a denunciação pelo autor, o denunciado poderá assumir a posição de litisconsorte do…”; Aula14 covers general evidence theory, principles, and models, not this separate CPC rule."
cpc-lei-13105-capture-2026-09-28,Art. 128,aula-14.html,unused,"Art. 128 states a provision-specific rule beginning “Art. 128. Feita a denunciação pelo réu:”; Aula14 covers general evidence theory, principles, and models, not this separate CPC rule."
cpc-lei-13105-capture-2026-09-28,Art. 129,aula-14.html,unused,"Art. 129 states a provision-specific rule beginning “Art. 129. Se o denunciante for vencido na ação principal, o juiz passará ao julgamento da denunciaç…”; Aula14 covers general evidence theory, principles, and models, not this separate CPC rule."
cpc-lei-13105-capture-2026-09-28,Art. 130,aula-14.html,unused,"Art. 130 states a provision-specific rule beginning “Art. 130. É admissível o chamamento ao processo, requerido pelo réu:”; Aula14 covers general evidence theory, principles, and models, not this separate CPC rule."
cpc-lei-13105-capture-2026-09-28,Art. 131,aula-14.html,unused,"Art. 131 states a provision-specific rule beginning “Art. 131. A citação daqueles que devam figurar em litisconsórcio passivo será requerida pelo réu na…”; Aula14 covers general evidence theory, principles, and models, not this separate CPC rule."
cpc-lei-13105-capture-2026-09-28,Art. 132,aula-14.html,unused,"Art. 132 states a provision-specific rule beginning “Art. 132. A sentença de procedência valerá como título executivo em favor do réu que satisfizer a d…”; Aula14 covers general evidence theory, principles, and models, not this separate CPC rule."
cpc-lei-13105-capture-2026-09-28,Art. 133,aula-14.html,unused,"Art. 133 states a provision-specific rule beginning “Art. 133. O incidente de desconsideração da personalidade jurídica será instaurado a pedido da part…”; Aula14 covers general evidence theory, principles, and models, not this separate CPC rule."
cpc-lei-13105-capture-2026-09-28,Art. 134,aula-14.html,unused,"Art. 134 states a provision-specific rule beginning “Art. 134. O incidente de desconsideração é cabível em todas as fases do processo de conhecimento, n…”; Aula14 covers general evidence theory, principles, and models, not this separate CPC rule."
cpc-lei-13105-capture-2026-09-28,Art. 135,aula-14.html,unused,"Art. 135 states a provision-specific rule beginning “Art. 135. Instaurado o incidente, o sócio ou a pessoa jurídica será citado para manifestar-se e req…”; Aula14 covers general evidence theory, principles, and models, not this separate CPC rule."
cpc-lei-13105-capture-2026-09-28,Art. 136,aula-14.html,unused,"Art. 136 states a provision-specific rule beginning “Art. 136. Concluída a instrução, se necessária, o incidente será resolvido por decisão interlocutór…”; Aula14 covers general evidence theory, principles, and models, not this separate CPC rule."
cpc-lei-13105-capture-2026-09-28,Art. 137,aula-14.html,unused,"Art. 137 states a provision-specific rule beginning “Art. 137. Acolhido o pedido de desconsideração, a alienação ou a oneração de bens, havida em fraude…”; Aula14 covers general evidence theory, principles, and models, not this separate CPC rule."
cpc-lei-13105-capture-2026-09-28,Art. 138,aula-14.html,unused,"Art. 138 states a provision-specific rule beginning “Art. 138. O juiz ou o relator, considerando a relevância da matéria, a especificidade do tema objet…”; Aula14 covers general evidence theory, principles, and models, not this separate CPC rule."
cpc-lei-13105-capture-2026-09-28,Art. 139,aula-14.html,unused,"Art. 139 states a provision-specific rule beginning “Art. 139. O juiz dirigirá o processo conforme as disposições deste Código, incumbindo-lhe:”; Aula14 covers general evidence theory, principles, and models, not this separate CPC rule."
cpc-lei-13105-capture-2026-09-28,Art. 140,aula-14.html,unused,"Art. 140 states a provision-specific rule beginning “Art. 140. O juiz não se exime de decidir sob a alegação de lacuna ou obscuridade do ordenamento jur…”; Aula14 covers general evidence theory, principles, and models, not this separate CPC rule."
cpc-lei-13105-capture-2026-09-28,Art. 141,aula-14.html,unused,"Art. 141 states a provision-specific rule beginning “Art. 141. O juiz decidirá o mérito nos limites propostos pelas partes, sendo-lhe vedado conhecer de…”; Aula14 covers general evidence theory, principles, and models, not this separate CPC rule."
cpc-lei-13105-capture-2026-09-28,Art. 142,aula-14.html,unused,"Art. 142 states a provision-specific rule beginning “Art. 142. Convencendo-se, pelas circunstâncias, de que autor e réu se serviram do processo para pra…”; Aula14 covers general evidence theory, principles, and models, not this separate CPC rule."
cpc-lei-13105-capture-2026-09-28,Art. 143,aula-14.html,unused,"Art. 143 states a provision-specific rule beginning “Art. 143. O juiz responderá, civil e regressivamente, por perdas e danos quando:”; Aula14 covers general evidence theory, principles, and models, not this separate CPC rule."
cpc-lei-13105-capture-2026-09-28,Art. 144,aula-14.html,unused,"Art. 144 states a provision-specific rule beginning “Art. 144. Há impedimento do juiz, sendo-lhe vedado exercer suas funções no processo:”; Aula14 covers general evidence theory, principles, and models, not this separate CPC rule."
cpc-lei-13105-capture-2026-09-28,Art. 145,aula-14.html,unused,"Art. 145 states a provision-specific rule beginning “Art. 145. Há suspeição do juiz:”; Aula14 covers general evidence theory, principles, and models, not this separate CPC rule."
cpc-lei-13105-capture-2026-09-28,Art. 146,aula-14.html,unused,"Art. 146 states a provision-specific rule beginning “Art. 146. No prazo de 15 (quinze) dias, a contar do conhecimento do fato, a parte alegará o impedim…”; Aula14 covers general evidence theory, principles, and models, not this separate CPC rule."
cpc-lei-13105-capture-2026-09-28,Art. 147,aula-14.html,unused,"Art. 147 states a provision-specific rule beginning “Art. 147. Quando 2 (dois) ou mais juízes forem parentes, consanguíneos ou afins, em linha reta ou c…”; Aula14 covers general evidence theory, principles, and models, not this separate CPC rule."
cpc-lei-13105-capture-2026-09-28,Art. 148,aula-14.html,unused,"Art. 148 states a provision-specific rule beginning “Art. 148. Aplicam-se os motivos de impedimento e de suspeição:”; Aula14 covers general evidence theory, principles, and models, not this separate CPC rule."
cpc-lei-13105-capture-2026-09-28,Art. 149,aula-14.html,unused,"Art. 149 states a provision-specific rule beginning “Art. 149. São auxiliares da Justiça, além de outros cujas atribuições sejam determinadas pelas norm…”; Aula14 covers general evidence theory, principles, and models, not this separate CPC rule."
cpc-lei-13105-capture-2026-09-28,Art. 150,aula-14.html,unused,"Art. 150 states a provision-specific rule beginning “Art. 150. Em cada juízo haverá um ou mais ofícios de justiça, cujas atribuições serão determinadas…”; Aula14 covers general evidence theory, principles, and models, not this separate CPC rule."
cpc-lei-13105-capture-2026-09-28,Art. 151,aula-14.html,unused,"Art. 151 states a provision-specific rule beginning “Art. 151. Em cada comarca, seção ou subseção judiciária haverá, no mínimo, tantos oficiais de justi…”; Aula14 covers general evidence theory, principles, and models, not this separate CPC rule."
cpc-lei-13105-capture-2026-09-28,Art. 152,aula-14.html,unused,"Art. 152 states a provision-specific rule beginning “Art. 152. Incumbe ao escrivão ou ao chefe de secretaria:”; Aula14 covers general evidence theory, principles, and models, not this separate CPC rule."
cpc-lei-13105-capture-2026-09-28,Art. 153,aula-14.html,unused,"Art. 153 states a provision-specific rule beginning “Art. 153. O escrivão ou chefe de secretaria deverá obedecer à ordem cronológica de recebimento para…”; Aula14 covers general evidence theory, principles, and models, not this separate CPC rule."
cpc-lei-13105-capture-2026-09-28,Art. 154,aula-14.html,unused,"Art. 154 states a provision-specific rule beginning “Art. 154. Incumbe ao oficial de justiça:”; Aula14 covers general evidence theory, principles, and models, not this separate CPC rule."
cpc-lei-13105-capture-2026-09-28,Art. 155,aula-14.html,unused,"Art. 155 states a provision-specific rule beginning “Art. 155. O escrivão, o chefe de secretaria e o oficial de justiça são responsáveis, civil e regres…”; Aula14 covers general evidence theory, principles, and models, not this separate CPC rule."
cpc-lei-13105-capture-2026-09-28,Art. 156,aula-14.html,unused,"Art. 156 states a provision-specific rule beginning “Art. 156. O juiz será assistido por perito quando a prova do fato depender de conhecimento técnico…”; Aula14 covers general evidence theory, principles, and models, not this separate CPC rule."
cpc-lei-13105-capture-2026-09-28,Art. 157,aula-14.html,unused,"Art. 157 states a provision-specific rule beginning “Art. 157. O perito tem o dever de cumprir o ofício no prazo que lhe designar o juiz, empregando tod…”; Aula14 covers general evidence theory, principles, and models, not this separate CPC rule."
cpc-lei-13105-capture-2026-09-28,Art. 158,aula-14.html,unused,"Art. 158 states a provision-specific rule beginning “Art. 158. O perito que, por dolo ou culpa, prestar informações inverídicas responderá pelos prejuíz…”; Aula14 covers general evidence theory, principles, and models, not this separate CPC rule."
cpc-lei-13105-capture-2026-09-28,Art. 159,aula-14.html,unused,"Art. 159 states a provision-specific rule beginning “Art. 159. A guarda e a conservação de bens penhorados, arrestados, sequestrados ou arrecadados serã…”; Aula14 covers general evidence theory, principles, and models, not this separate CPC rule."
cpc-lei-13105-capture-2026-09-28,Art. 160,aula-14.html,unused,"Art. 160 states a provision-specific rule beginning “Art. 160. Por seu trabalho o depositário ou o administrador perceberá remuneração que o juiz fixará…”; Aula14 covers general evidence theory, principles, and models, not this separate CPC rule."
cpc-lei-13105-capture-2026-09-28,Art. 161,aula-14.html,unused,"Art. 161 states a provision-specific rule beginning “Art. 161. O depositário ou o administrador responde pelos prejuízos que, por dolo ou culpa, causar…”; Aula14 covers general evidence theory, principles, and models, not this separate CPC rule."
cpc-lei-13105-capture-2026-09-28,Art. 162,aula-14.html,unused,"Art. 162 states a provision-specific rule beginning “Art. 162. O juiz nomeará intérprete ou tradutor quando necessário para:”; Aula14 covers general evidence theory, principles, and models, not this separate CPC rule."
cpc-lei-13105-capture-2026-09-28,Art. 163,aula-14.html,unused,"Art. 163 states a provision-specific rule beginning “Art. 163. Não pode ser intérprete ou tradutor quem:”; Aula14 covers general evidence theory, principles, and models, not this separate CPC rule."
cpc-lei-13105-capture-2026-09-28,Art. 164,aula-14.html,unused,"Art. 164 states a provision-specific rule beginning “Art. 164. O intérprete ou tradutor, oficial ou não, é obrigado a desempenhar seu ofício, aplicando-…”; Aula14 covers general evidence theory, principles, and models, not this separate CPC rule."
cpc-lei-13105-capture-2026-09-28,Art. 165,aula-14.html,unused,"Art. 165 states a provision-specific rule beginning “Art. 165. Os tribunais criarão centros judiciários de solução consensual de conflitos, responsáveis…”; Aula14 covers general evidence theory, principles, and models, not this separate CPC rule."
cpc-lei-13105-capture-2026-09-28,Art. 166,aula-14.html,unused,"Art. 166 states a provision-specific rule beginning “Art. 166. A conciliação e a mediação são informadas pelos princípios da independência, da imparcial…”; Aula14 covers general evidence theory, principles, and models, not this separate CPC rule."
cpc-lei-13105-capture-2026-09-28,Art. 167,aula-14.html,unused,"Art. 167 states a provision-specific rule beginning “Art. 167. Os conciliadores, os mediadores e as câmaras privadas de conciliação e mediação serão ins…”; Aula14 covers general evidence theory, principles, and models, not this separate CPC rule."
cpc-lei-13105-capture-2026-09-28,Art. 168,aula-14.html,unused,"Art. 168 states a provision-specific rule beginning “Art. 168. As partes podem escolher, de comum acordo, o conciliador, o mediador ou a câmara privada…”; Aula14 covers general evidence theory, principles, and models, not this separate CPC rule."
cpc-lei-13105-capture-2026-09-28,Art. 169,aula-14.html,unused,"Art. 169 states a provision-specific rule beginning “Art. 169. Ressalvada a hipótese do”; Aula14 covers general evidence theory, principles, and models, not this separate CPC rule."
cpc-lei-13105-capture-2026-09-28,Art. 170,aula-14.html,unused,"Art. 170 states a provision-specific rule beginning “Art. 170. No caso de impedimento, o conciliador ou mediador o comunicará imediatamente, de preferên…”; Aula14 covers general evidence theory, principles, and models, not this separate CPC rule."
cpc-lei-13105-capture-2026-09-28,Art. 171,aula-14.html,unused,"Art. 171 states a provision-specific rule beginning “Art. 171. No caso de impossibilidade temporária do exercício da função, o conciliador ou mediador i…”; Aula14 covers general evidence theory, principles, and models, not this separate CPC rule."
cpc-lei-13105-capture-2026-09-28,Art. 172,aula-14.html,unused,"Art. 172 states a provision-specific rule beginning “Art. 172. O conciliador e o mediador ficam impedidos, pelo prazo de 1 (um) ano, contado do término…”; Aula14 covers general evidence theory, principles, and models, not this separate CPC rule."
cpc-lei-13105-capture-2026-09-28,Art. 173,aula-14.html,unused,"Art. 173 states a provision-specific rule beginning “Art. 173. Será excluído do cadastro de conciliadores e mediadores aquele que:”; Aula14 covers general evidence theory, principles, and models, not this separate CPC rule."
cpc-lei-13105-capture-2026-09-28,Art. 174,aula-14.html,unused,"Art. 174 states a provision-specific rule beginning “Art. 174. A União, os Estados, o Distrito Federal e os Municípios criarão câmaras de mediação e con…”; Aula14 covers general evidence theory, principles, and models, not this separate CPC rule."
cpc-lei-13105-capture-2026-09-28,Art. 175,aula-14.html,unused,"Art. 175 states a provision-specific rule beginning “Art. 175. As disposições desta Seção não excluem outras formas de conciliação e mediação extrajudic…”; Aula14 covers general evidence theory, principles, and models, not this separate CPC rule."
cpc-lei-13105-capture-2026-09-28,Art. 176,aula-14.html,unused,"Art. 176 states a provision-specific rule beginning “Art. 176. O Ministério Público atuará na defesa da ordem jurídica, do regime democrático e dos inte…”; Aula14 covers general evidence theory, principles, and models, not this separate CPC rule."
cpc-lei-13105-capture-2026-09-28,Art. 177,aula-14.html,unused,"Art. 177 states a provision-specific rule beginning “Art. 177. O Ministério Público exercerá o direito de ação em conformidade com suas atribuições cons…”; Aula14 covers general evidence theory, principles, and models, not this separate CPC rule."
cpc-lei-13105-capture-2026-09-28,Art. 178,aula-14.html,unused,"Art. 178 states a provision-specific rule beginning “Art. 178. O Ministério Público será intimado para, no prazo de 30 (trinta) dias, intervir como fisc…”; Aula14 covers general evidence theory, principles, and models, not this separate CPC rule."
cpc-lei-13105-capture-2026-09-28,Art. 179,aula-14.html,unused,"Art. 179 states a provision-specific rule beginning “Art. 179. Nos casos de intervenção como fiscal da ordem jurídica, o Ministério Público:”; Aula14 covers general evidence theory, principles, and models, not this separate CPC rule."
cpc-lei-13105-capture-2026-09-28,Art. 180,aula-14.html,unused,"Art. 180 states a provision-specific rule beginning “Art. 180. O Ministério Público gozará de prazo em dobro para manifestar-se nos autos, que terá iníc…”; Aula14 covers general evidence theory, principles, and models, not this separate CPC rule."
cpc-lei-13105-capture-2026-09-28,Art. 181,aula-14.html,unused,"Art. 181 states a provision-specific rule beginning “Art. 181. O membro do Ministério Público será civil e regressivamente responsável quando agir com d…”; Aula14 covers general evidence theory, principles, and models, not this separate CPC rule."
cpc-lei-13105-capture-2026-09-28,Art. 182,aula-14.html,unused,"Art. 182 states a provision-specific rule beginning “Art. 182. Incumbe à Advocacia Pública, na forma da lei, defender e promover os interesses públicos…”; Aula14 covers general evidence theory, principles, and models, not this separate CPC rule."
cpc-lei-13105-capture-2026-09-28,Art. 183,aula-14.html,unused,"Art. 183 states a provision-specific rule beginning “Art. 183. A União, os Estados, o Distrito Federal, os Municípios e suas respectivas autarquias e fu…”; Aula14 covers general evidence theory, principles, and models, not this separate CPC rule."
cpc-lei-13105-capture-2026-09-28,Art. 184,aula-14.html,unused,"Art. 184 states a provision-specific rule beginning “Art. 184. O membro da Advocacia Pública será civil e regressivamente responsável quando agir com do…”; Aula14 covers general evidence theory, principles, and models, not this separate CPC rule."
cpc-lei-13105-capture-2026-09-28,Art. 185,aula-14.html,unused,"Art. 185 states a provision-specific rule beginning “Art. 185. A Defensoria Pública exercerá a orientação jurídica, a promoção dos direitos humanos e a…”; Aula14 covers general evidence theory, principles, and models, not this separate CPC rule."
cpc-lei-13105-capture-2026-09-28,Art. 186,aula-14.html,unused,"Art. 186 states a provision-specific rule beginning “Art. 186. A Defensoria Pública gozará de prazo em dobro para todas as suas manifestações processuai…”; Aula14 covers general evidence theory, principles, and models, not this separate CPC rule."
cpc-lei-13105-capture-2026-09-28,Art. 187,aula-14.html,unused,"Art. 187 states a provision-specific rule beginning “Art. 187. O membro da Defensoria Pública será civil e regressivamente responsável quando agir com d…”; Aula14 covers general evidence theory, principles, and models, not this separate CPC rule."
cpc-lei-13105-capture-2026-09-28,Art. 188,aula-14.html,unused,"Art. 188 states a provision-specific rule beginning “Art. 188. Os atos e os termos processuais independem de forma determinada, salvo quando a lei expre…”; Aula14 covers general evidence theory, principles, and models, not this separate CPC rule."
cpc-lei-13105-capture-2026-09-28,Art. 189,aula-14.html,unused,"Art. 189 states a provision-specific rule beginning “Art. 189. Os atos processuais são públicos, todavia tramitam em segredo de justiça os processos:”; Aula14 covers general evidence theory, principles, and models, not this separate CPC rule."
cpc-lei-13105-capture-2026-09-28,Art. 190,aula-14.html,unused,"Art. 190 states a provision-specific rule beginning “Art. 190. Versando o processo sobre direitos que admitam autocomposição, é lícito às partes plename…”; Aula14 covers general evidence theory, principles, and models, not this separate CPC rule."
cpc-lei-13105-capture-2026-09-28,Art. 191,aula-14.html,unused,"Art. 191 states a provision-specific rule beginning “Art. 191. De comum acordo, o juiz e as partes podem fixar calendário para a prática dos atos proces…”; Aula14 covers general evidence theory, principles, and models, not this separate CPC rule."
cpc-lei-13105-capture-2026-09-28,Art. 192,aula-14.html,unused,"Art. 192 states a provision-specific rule beginning “Art. 192. Em todos os atos e termos do processo é obrigatório o uso da língua portuguesa.”; Aula14 covers general evidence theory, principles, and models, not this separate CPC rule."
cpc-lei-13105-capture-2026-09-28,Art. 193,aula-14.html,unused,"Art. 193 states a provision-specific rule beginning “Art. 193. Os atos processuais podem ser total ou parcialmente digitais, de forma a permitir que sej…”; Aula14 covers general evidence theory, principles, and models, not this separate CPC rule."
cpc-lei-13105-capture-2026-09-28,Art. 194,aula-14.html,unused,"Art. 194 states a provision-specific rule beginning “Art. 194. Os sistemas de automação processual respeitarão a publicidade dos atos, o acesso e a part…”; Aula14 covers general evidence theory, principles, and models, not this separate CPC rule."
cpc-lei-13105-capture-2026-09-28,Art. 195,aula-14.html,unused,"Art. 195 states a provision-specific rule beginning “Art. 195. O registro de ato processual eletrônico deverá ser feito em padrões abertos, que atenderã…”; Aula14 covers general evidence theory, principles, and models, not this separate CPC rule."
cpc-lei-13105-capture-2026-09-28,Art. 196,aula-14.html,unused,"Art. 196 states a provision-specific rule beginning “Art. 196. Compete ao Conselho Nacional de Justiça e, supletivamente, aos tribunais, regulamentar a…”; Aula14 covers general evidence theory, principles, and models, not this separate CPC rule."
cpc-lei-13105-capture-2026-09-28,Art. 197,aula-14.html,unused,"Art. 197 states a provision-specific rule beginning “Art. 197. Os tribunais divulgarão as informações constantes de seu sistema de automação em página p…”; Aula14 covers general evidence theory, principles, and models, not this separate CPC rule."
cpc-lei-13105-capture-2026-09-28,Art. 198,aula-14.html,unused,"Art. 198 states a provision-specific rule beginning “Art. 198. As unidades do Poder Judiciário deverão manter gratuitamente, à disposição dos interessad…”; Aula14 covers general evidence theory, principles, and models, not this separate CPC rule."
cpc-lei-13105-capture-2026-09-28,Art. 199,aula-14.html,unused,"Art. 199 states a provision-specific rule beginning “Art. 199. As unidades do Poder Judiciário assegurarão às pessoas com deficiência acessibilidade aos…”; Aula14 covers general evidence theory, principles, and models, not this separate CPC rule."
cpc-lei-13105-capture-2026-09-28,Art. 200,aula-14.html,unused,"Art. 200 states a provision-specific rule beginning “Art. 200. Os atos das partes consistentes em declarações unilaterais ou bilaterais de vontade produ…”; Aula14 covers general evidence theory, principles, and models, not this separate CPC rule."
cpc-lei-13105-capture-2026-09-28,Art. 201,aula-14.html,unused,"Art. 201 states a provision-specific rule beginning “Art. 201. As partes poderão exigir recibo de petições, arrazoados, papéis e documentos que entregar…”; Aula14 covers general evidence theory, principles, and models, not this separate CPC rule."
cpc-lei-13105-capture-2026-09-28,Art. 202,aula-14.html,unused,"Art. 202 states a provision-specific rule beginning “Art. 202. É vedado lançar nos autos cotas marginais ou interlineares, as quais o juiz mandará risca…”; Aula14 covers general evidence theory, principles, and models, not this separate CPC rule."
cpc-lei-13105-capture-2026-09-28,Art. 203,aula-14.html,unused,"Art. 203 states a provision-specific rule beginning “Art. 203. Os pronunciamentos do juiz consistirão em sentenças, decisões interlocutórias e despachos.”; Aula14 covers general evidence theory, principles, and models, not this separate CPC rule."
cpc-lei-13105-capture-2026-09-28,Art. 204,aula-14.html,unused,"Art. 204 states a provision-specific rule beginning “Art. 204. Acórdão é o julgamento colegiado proferido pelos tribunais.”; Aula14 covers general evidence theory, principles, and models, not this separate CPC rule."
cpc-lei-13105-capture-2026-09-28,Art. 205,aula-14.html,unused,"Art. 205 states a provision-specific rule beginning “Art. 205. Os despachos, as decisões, as sentenças e os acórdãos serão redigidos, datados e assinado…”; Aula14 covers general evidence theory, principles, and models, not this separate CPC rule."
cpc-lei-13105-capture-2026-09-28,Art. 206,aula-14.html,unused,"Art. 206 states a provision-specific rule beginning “Art. 206. Ao receber a petição inicial de processo, o escrivão ou o chefe de secretaria a autuará,…”; Aula14 covers general evidence theory, principles, and models, not this separate CPC rule."
cpc-lei-13105-capture-2026-09-28,Art. 207,aula-14.html,unused,"Art. 207 states a provision-specific rule beginning “Art. 207. O escrivão ou o chefe de secretaria numerará e rubricará todas as folhas dos autos.”; Aula14 covers general evidence theory, principles, and models, not this separate CPC rule."
cpc-lei-13105-capture-2026-09-28,Art. 208,aula-14.html,unused,"Art. 208 states a provision-specific rule beginning “Art. 208. Os termos de juntada, vista, conclusão e outros semelhantes constarão de notas datadas e…”; Aula14 covers general evidence theory, principles, and models, not this separate CPC rule."
cpc-lei-13105-capture-2026-09-28,Art. 209,aula-14.html,unused,"Art. 209 states a provision-specific rule beginning “Art. 209. Os atos e os termos do processo serão assinados pelas pessoas que neles intervierem, toda…”; Aula14 covers general evidence theory, principles, and models, not this separate CPC rule."
cpc-lei-13105-capture-2026-09-28,Art. 210,aula-14.html,unused,"Art. 210 states a provision-specific rule beginning “Art. 210. É lícito o uso da taquigrafia, da estenotipia ou de outro método idôneo em qualquer juízo…”; Aula14 covers general evidence theory, principles, and models, not this separate CPC rule."
cpc-lei-13105-capture-2026-09-28,Art. 211,aula-14.html,unused,"Art. 211 states a provision-specific rule beginning “Art. 211. Não se admitem nos atos e termos processuais espaços em branco, salvo os que forem inutil…”; Aula14 covers general evidence theory, principles, and models, not this separate CPC rule."
cpc-lei-13105-capture-2026-09-28,Art. 212,aula-14.html,unused,"Art. 212 states a provision-specific rule beginning “Art. 212. Os atos processuais serão realizados em dias úteis, das 6 (seis) às 20 (vinte) horas.”; Aula14 covers general evidence theory, principles, and models, not this separate CPC rule."
cpc-lei-13105-capture-2026-09-28,Art. 213,aula-14.html,unused,"Art. 213 states a provision-specific rule beginning “Art. 213. A prática eletrônica de ato processual pode ocorrer em qualquer horário até as 24 (vinte…”; Aula14 covers general evidence theory, principles, and models, not this separate CPC rule."
cpc-lei-13105-capture-2026-09-28,Art. 214,aula-14.html,unused,"Art. 214 states a provision-specific rule beginning “Art. 214. Durante as férias forenses e nos feriados, não se praticarão atos processuais, excetuando…”; Aula14 covers general evidence theory, principles, and models, not this separate CPC rule."
cpc-lei-13105-capture-2026-09-28,Art. 215,aula-14.html,unused,"Art. 215 states a provision-specific rule beginning “Art. 215. Processam-se durante as férias forenses, onde as houver, e não se suspendem pela superven…”; Aula14 covers general evidence theory, principles, and models, not this separate CPC rule."
cpc-lei-13105-capture-2026-09-28,Art. 216,aula-14.html,unused,"Art. 216 states a provision-specific rule beginning “Art. 216. Além dos declarados em lei, são feriados, para efeito forense, os sábados, os domingos e…”; Aula14 covers general evidence theory, principles, and models, not this separate CPC rule."
cpc-lei-13105-capture-2026-09-28,Art. 217,aula-14.html,unused,"Art. 217 states a provision-specific rule beginning “Art. 217. Os atos processuais realizar-se-ão ordinariamente na sede do juízo, ou, excepcionalmente,…”; Aula14 covers general evidence theory, principles, and models, not this separate CPC rule."
cpc-lei-13105-capture-2026-09-28,Art. 218,aula-14.html,unused,"Art. 218 states a provision-specific rule beginning “Art. 218. Os atos processuais serão realizados nos prazos prescritos em lei.”; Aula14 covers general evidence theory, principles, and models, not this separate CPC rule."
cpc-lei-13105-capture-2026-09-28,Art. 219,aula-14.html,unused,"Art. 219 states a provision-specific rule beginning “Art. 219. Na contagem de prazo em dias, estabelecido por lei ou pelo juiz, computar-se-ão somente o…”; Aula14 covers general evidence theory, principles, and models, not this separate CPC rule."
cpc-lei-13105-capture-2026-09-28,Art. 220,aula-14.html,unused,"Art. 220 states a provision-specific rule beginning “Art. 220. Suspende-se o curso do prazo processual nos dias compreendidos entre 20 de dezembro e 20…”; Aula14 covers general evidence theory, principles, and models, not this separate CPC rule."
cpc-lei-13105-capture-2026-09-28,Art. 221,aula-14.html,unused,"Art. 221 states a provision-specific rule beginning “Art. 221. Suspende-se o curso do prazo por obstáculo criado em detrimento da parte ou ocorrendo qua…”; Aula14 covers general evidence theory, principles, and models, not this separate CPC rule."
cpc-lei-13105-capture-2026-09-28,Art. 222,aula-14.html,unused,"Art. 222 states a provision-specific rule beginning “Art. 222. Na comarca, seção ou subseção judiciária onde for difícil o transporte, o juiz poderá pro…”; Aula14 covers general evidence theory, principles, and models, not this separate CPC rule."
cpc-lei-13105-capture-2026-09-28,Art. 223,aula-14.html,unused,"Art. 223 states a provision-specific rule beginning “Art. 223. Decorrido o prazo, extingue-se o direito de praticar ou de emendar o ato processual, inde…”; Aula14 covers general evidence theory, principles, and models, not this separate CPC rule."
cpc-lei-13105-capture-2026-09-28,Art. 224,aula-14.html,unused,"Art. 224 states a provision-specific rule beginning “Art. 224. Salvo disposição em contrário, os prazos serão contados excluindo o dia do começo e inclu…”; Aula14 covers general evidence theory, principles, and models, not this separate CPC rule."
cpc-lei-13105-capture-2026-09-28,Art. 225,aula-14.html,unused,"Art. 225 states a provision-specific rule beginning “Art. 225. A parte poderá renunciar ao prazo estabelecido exclusivamente em seu favor, desde que o f…”; Aula14 covers general evidence theory, principles, and models, not this separate CPC rule."
cpc-lei-13105-capture-2026-09-28,Art. 226,aula-14.html,unused,"Art. 226 states a provision-specific rule beginning “Art. 226. O juiz proferirá:”; Aula14 covers general evidence theory, principles, and models, not this separate CPC rule."
cpc-lei-13105-capture-2026-09-28,Art. 227,aula-14.html,unused,"Art. 227 states a provision-specific rule beginning “Art. 227. Em qualquer grau de jurisdição, havendo motivo justificado, pode o juiz exceder, por igua…”; Aula14 covers general evidence theory, principles, and models, not this separate CPC rule."
cpc-lei-13105-capture-2026-09-28,Art. 228,aula-14.html,unused,"Art. 228 states a provision-specific rule beginning “Art. 228. Incumbirá ao serventuário remeter os autos conclusos no prazo de 1 (um) dia e executar os…”; Aula14 covers general evidence theory, principles, and models, not this separate CPC rule."
cpc-lei-13105-capture-2026-09-28,Art. 229,aula-14.html,unused,"Art. 229 states a provision-specific rule beginning “Art. 229. Os litisconsortes que tiverem diferentes procuradores, de escritórios de advocacia distin…”; Aula14 covers general evidence theory, principles, and models, not this separate CPC rule."
cpc-lei-13105-capture-2026-09-28,Art. 230,aula-14.html,unused,"Art. 230 states a provision-specific rule beginning “Art. 230. O prazo para a parte, o procurador, a Advocacia Pública, a Defensoria Pública e o Ministé…”; Aula14 covers general evidence theory, principles, and models, not this separate CPC rule."
cpc-lei-13105-capture-2026-09-28,Art. 231,aula-14.html,unused,"Art. 231 states a provision-specific rule beginning “Art. 231. Salvo disposição em sentido diverso, considera-se dia do começo do prazo:”; Aula14 covers general evidence theory, principles, and models, not this separate CPC rule."
cpc-lei-13105-capture-2026-09-28,Art. 232,aula-14.html,unused,"Art. 232 states a provision-specific rule beginning “Art. 232. Nos atos de comunicação por carta precatória, rogatória ou de ordem, a realização da cita…”; Aula14 covers general evidence theory, principles, and models, not this separate CPC rule."
cpc-lei-13105-capture-2026-09-28,Art. 233,aula-14.html,unused,"Art. 233 states a provision-specific rule beginning “Art. 233. Incumbe ao juiz verificar se o serventuário excedeu, sem motivo legítimo, os prazos estab…”; Aula14 covers general evidence theory, principles, and models, not this separate CPC rule."
cpc-lei-13105-capture-2026-09-28,Art. 234,aula-14.html,unused,"Art. 234 states a provision-specific rule beginning “Art. 234. Os advogados públicos ou privados, o defensor público e o membro do Ministério Público de…”; Aula14 covers general evidence theory, principles, and models, not this separate CPC rule."
cpc-lei-13105-capture-2026-09-28,Art. 235,aula-14.html,unused,"Art. 235 states a provision-specific rule beginning “Art. 235. Qualquer parte, o Ministério Público ou a Defensoria Pública poderá representar ao correg…”; Aula14 covers general evidence theory, principles, and models, not this separate CPC rule."
cpc-lei-13105-capture-2026-09-28,Art. 236,aula-14.html,unused,"Art. 236 states a provision-specific rule beginning “Art. 236. Os atos processuais serão cumpridos por ordem judicial.”; Aula14 covers general evidence theory, principles, and models, not this separate CPC rule."
cpc-lei-13105-capture-2026-09-28,Art. 237,aula-14.html,unused,"Art. 237 states a provision-specific rule beginning “Art. 237. Será expedida carta:”; Aula14 covers general evidence theory, principles, and models, not this separate CPC rule."
cpc-lei-13105-capture-2026-09-28,Art. 238,aula-14.html,unused,"Art. 238 states a provision-specific rule beginning “Art. 238. Citação é o ato pelo qual são convocados o réu, o executado ou o interessado para integra…”; Aula14 covers general evidence theory, principles, and models, not this separate CPC rule."
cpc-lei-13105-capture-2026-09-28,Art. 239,aula-14.html,unused,"Art. 239 states a provision-specific rule beginning “Art. 239. Para a validade do processo é indispensável a citação do réu ou do executado, ressalvadas…”; Aula14 covers general evidence theory, principles, and models, not this separate CPC rule."
cpc-lei-13105-capture-2026-09-28,Art. 240,aula-14.html,unused,"Art. 240 states a provision-specific rule beginning “Art. 240. A citação válida, ainda quando ordenada por juízo incompetente, induz litispendência, tor…”; Aula14 covers general evidence theory, principles, and models, not this separate CPC rule."
cpc-lei-13105-capture-2026-09-28,Art. 241,aula-14.html,unused,"Art. 241 states a provision-specific rule beginning “Art. 241. Transitada em julgado a sentença de mérito proferida em favor do réu antes da citação, in…”; Aula14 covers general evidence theory, principles, and models, not this separate CPC rule."
cpc-lei-13105-capture-2026-09-28,Art. 242,aula-14.html,unused,"Art. 242 states a provision-specific rule beginning “Art. 242. A citação será pessoal, podendo, no entanto, ser feita na pessoa do representante legal o…”; Aula14 covers general evidence theory, principles, and models, not this separate CPC rule."
cpc-lei-13105-capture-2026-09-28,Art. 243,aula-14.html,unused,"Art. 243 states a provision-specific rule beginning “Art. 243. A citação poderá ser feita em qualquer lugar em que se encontre o réu, o executado ou o i…”; Aula14 covers general evidence theory, principles, and models, not this separate CPC rule."
cpc-lei-13105-capture-2026-09-28,Art. 244,aula-14.html,unused,"Art. 244 states a provision-specific rule beginning “Art. 244. Não se fará a citação, salvo para evitar o perecimento do direito:”; Aula14 covers general evidence theory, principles, and models, not this separate CPC rule."
cpc-lei-13105-capture-2026-09-28,Art. 245,aula-14.html,unused,"Art. 245 states a provision-specific rule beginning “Art. 245. Não se fará citação quando se verificar que o citando é mentalmente incapaz ou está impos…”; Aula14 covers general evidence theory, principles, and models, not this separate CPC rule."
cpc-lei-13105-capture-2026-09-28,Art. 246,aula-14.html,unused,"Art. 246 states a provision-specific rule beginning “Art. 246. A citação será feita:”; Aula14 covers general evidence theory, principles, and models, not this separate CPC rule."
cpc-lei-13105-capture-2026-09-28,Art. 247,aula-14.html,unused,"Art. 247 states a provision-specific rule beginning “Art. 247. A citação será feita pelo correio para qualquer comarca do país, exceto:”; Aula14 covers general evidence theory, principles, and models, not this separate CPC rule."
cpc-lei-13105-capture-2026-09-28,Art. 248,aula-14.html,unused,"Art. 248 states a provision-specific rule beginning “Art. 248. Deferida a citação pelo correio, o escrivão ou o chefe de secretaria remeterá ao citando…”; Aula14 covers general evidence theory, principles, and models, not this separate CPC rule."
cpc-lei-13105-capture-2026-09-28,Art. 249,aula-14.html,unused,"Art. 249 states a provision-specific rule beginning “Art. 249. A citação será feita por meio de oficial de justiça nas hipóteses previstas neste Código…”; Aula14 covers general evidence theory, principles, and models, not this separate CPC rule."
cpc-lei-13105-capture-2026-09-28,Art. 250,aula-14.html,unused,"Art. 250 states a provision-specific rule beginning “Art. 250. O mandado que o oficial de justiça tiver de cumprir conterá:”; Aula14 covers general evidence theory, principles, and models, not this separate CPC rule."
cpc-lei-13105-capture-2026-09-28,Art. 251,aula-14.html,unused,"Art. 251 states a provision-specific rule beginning “Art. 251. Incumbe ao oficial de justiça procurar o citando e, onde o encontrar, citá-lo:”; Aula14 covers general evidence theory, principles, and models, not this separate CPC rule."
cpc-lei-13105-capture-2026-09-28,Art. 252,aula-14.html,unused,"Art. 252 states a provision-specific rule beginning “Art. 252. Quando, por 2 (duas) vezes, o oficial de justiça houver procurado o citando em seu domicí…”; Aula14 covers general evidence theory, principles, and models, not this separate CPC rule."
cpc-lei-13105-capture-2026-09-28,Art. 253,aula-14.html,unused,"Art. 253 states a provision-specific rule beginning “Art. 253. No dia e na hora designados, o oficial de justiça, independentemente de novo despacho, co…”; Aula14 covers general evidence theory, principles, and models, not this separate CPC rule."
cpc-lei-13105-capture-2026-09-28,Art. 254,aula-14.html,unused,"Art. 254 states a provision-specific rule beginning “Art. 254. Feita a citação com hora certa, o escrivão ou chefe de secretaria enviará ao réu, executa…”; Aula14 covers general evidence theory, principles, and models, not this separate CPC rule."
cpc-lei-13105-capture-2026-09-28,Art. 255,aula-14.html,unused,"Art. 255 states a provision-specific rule beginning “Art. 255. Nas comarcas contíguas de fácil comunicação e nas que se situem na mesma região metropoli…”; Aula14 covers general evidence theory, principles, and models, not this separate CPC rule."
cpc-lei-13105-capture-2026-09-28,Art. 256,aula-14.html,unused,"Art. 256 states a provision-specific rule beginning “Art. 256. A citação por edital será feita:”; Aula14 covers general evidence theory, principles, and models, not this separate CPC rule."
cpc-lei-13105-capture-2026-09-28,Art. 257,aula-14.html,unused,"Art. 257 states a provision-specific rule beginning “Art. 257. São requisitos da citação por edital:”; Aula14 covers general evidence theory, principles, and models, not this separate CPC rule."
cpc-lei-13105-capture-2026-09-28,Art. 258,aula-14.html,unused,"Art. 258 states a provision-specific rule beginning “Art. 258. A parte que requerer a citação por edital, alegando dolosamente a ocorrência das circunst…”; Aula14 covers general evidence theory, principles, and models, not this separate CPC rule."
cpc-lei-13105-capture-2026-09-28,Art. 259,aula-14.html,unused,"Art. 259 states a provision-specific rule beginning “Art. 259. Serão publicados editais:”; Aula14 covers general evidence theory, principles, and models, not this separate CPC rule."
cpc-lei-13105-capture-2026-09-28,Art. 260,aula-14.html,unused,"Art. 260 states a provision-specific rule beginning “Art. 260. São requisitos das cartas de ordem, precatória e rogatória:”; Aula14 covers general evidence theory, principles, and models, not this separate CPC rule."
cpc-lei-13105-capture-2026-09-28,Art. 261,aula-14.html,unused,"Art. 261 states a provision-specific rule beginning “Art. 261. Em todas as cartas o juiz fixará o prazo para cumprimento, atendendo à facilidade das com…”; Aula14 covers general evidence theory, principles, and models, not this separate CPC rule."
cpc-lei-13105-capture-2026-09-28,Art. 262,aula-14.html,unused,"Art. 262 states a provision-specific rule beginning “Art. 262. A carta tem caráter itinerante, podendo, antes ou depois de lhe ser ordenado o cumpriment…”; Aula14 covers general evidence theory, principles, and models, not this separate CPC rule."
cpc-lei-13105-capture-2026-09-28,Art. 263,aula-14.html,unused,"Art. 263 states a provision-specific rule beginning “Art. 263. As cartas deverão, preferencialmente, ser expedidas por meio eletrônico, caso em que a as…”; Aula14 covers general evidence theory, principles, and models, not this separate CPC rule."
cpc-lei-13105-capture-2026-09-28,Art. 264,aula-14.html,unused,"Art. 264 states a provision-specific rule beginning “Art. 264. A carta de ordem e a carta precatória por meio eletrônico, por telefone ou por telegrama…”; Aula14 covers general evidence theory, principles, and models, not this separate CPC rule."
cpc-lei-13105-capture-2026-09-28,Art. 265,aula-14.html,unused,"Art. 265 states a provision-specific rule beginning “Art. 265. O secretário do tribunal, o escrivão ou o chefe de secretaria do juízo deprecante transmi…”; Aula14 covers general evidence theory, principles, and models, not this separate CPC rule."
cpc-lei-13105-capture-2026-09-28,Art. 266,aula-14.html,unused,"Art. 266 states a provision-specific rule beginning “Art. 266. Serão praticados de ofício os atos requisitados por meio eletrônico e de telegrama, deven…”; Aula14 covers general evidence theory, principles, and models, not this separate CPC rule."
cpc-lei-13105-capture-2026-09-28,Art. 268,aula-14.html,unused,"Art. 268 states a provision-specific rule beginning “Art. 268. Cumprida a carta, será devolvida ao juízo de origem no prazo de 10 (dez) dias, independen…”; Aula14 covers general evidence theory, principles, and models, not this separate CPC rule."
cpc-lei-13105-capture-2026-09-28,Art. 269,aula-14.html,unused,"Art. 269 states a provision-specific rule beginning “Art. 269. Intimação é o ato pelo qual se dá ciência a alguém dos atos e dos termos do processo.”; Aula14 covers general evidence theory, principles, and models, not this separate CPC rule."
cpc-lei-13105-capture-2026-09-28,Art. 270,aula-14.html,unused,"Art. 270 states a provision-specific rule beginning “Art. 270. As intimações realizam-se, sempre que possível, por meio eletrônico, na forma da lei.”; Aula14 covers general evidence theory, principles, and models, not this separate CPC rule."
cpc-lei-13105-capture-2026-09-28,Art. 271,aula-14.html,unused,"Art. 271 states a provision-specific rule beginning “Art. 271. O juiz determinará de ofício as intimações em processos pendentes, salvo disposição em co…”; Aula14 covers general evidence theory, principles, and models, not this separate CPC rule."
cpc-lei-13105-capture-2026-09-28,Art. 272,aula-14.html,unused,"Art. 272 states a provision-specific rule beginning “Art. 272. Quando não realizadas por meio eletrônico, consideram-se feitas as intimações pela public…”; Aula14 covers general evidence theory, principles, and models, not this separate CPC rule."
cpc-lei-13105-capture-2026-09-28,Art. 273,aula-14.html,unused,"Art. 273 states a provision-specific rule beginning “Art. 273. Se inviável a intimação por meio eletrônico e não houver na localidade publicação em órgã…”; Aula14 covers general evidence theory, principles, and models, not this separate CPC rule."
cpc-lei-13105-capture-2026-09-28,Art. 274,aula-14.html,unused,"Art. 274 states a provision-specific rule beginning “Art. 274. Não dispondo a lei de outro modo, as intimações serão feitas às partes, aos seus represen…”; Aula14 covers general evidence theory, principles, and models, not this separate CPC rule."
cpc-lei-13105-capture-2026-09-28,Art. 275,aula-14.html,unused,"Art. 275 states a provision-specific rule beginning “Art. 275. A intimação será feita por oficial de justiça quando frustrada a realização por meio elet…”; Aula14 covers general evidence theory, principles, and models, not this separate CPC rule."
cpc-lei-13105-capture-2026-09-28,Art. 276,aula-14.html,unused,"Art. 276 states a provision-specific rule beginning “Art. 276. Quando a lei prescrever determinada forma sob pena de nulidade, a decretação desta não po…”; Aula14 covers general evidence theory, principles, and models, not this separate CPC rule."
cpc-lei-13105-capture-2026-09-28,Art. 277,aula-14.html,unused,"Art. 277 states a provision-specific rule beginning “Art. 277. Quando a lei prescrever determinada forma, o juiz considerará válido o ato se, realizado…”; Aula14 covers general evidence theory, principles, and models, not this separate CPC rule."
cpc-lei-13105-capture-2026-09-28,Art. 278,aula-14.html,unused,"Art. 278 states a provision-specific rule beginning “Art. 278. A nulidade dos atos deve ser alegada na primeira oportunidade em que couber à parte falar…”; Aula14 covers general evidence theory, principles, and models, not this separate CPC rule."
cpc-lei-13105-capture-2026-09-28,Art. 279,aula-14.html,unused,"Art. 279 states a provision-specific rule beginning “Art. 279. É nulo o processo quando o membro do Ministério Público não for intimado a acompanhar o f…”; Aula14 covers general evidence theory, principles, and models, not this separate CPC rule."
cpc-lei-13105-capture-2026-09-28,Art. 280,aula-14.html,unused,"Art. 280 states a provision-specific rule beginning “Art. 280. As citações e as intimações serão nulas quando feitas sem observância das prescrições leg…”; Aula14 covers general evidence theory, principles, and models, not this separate CPC rule."
cpc-lei-13105-capture-2026-09-28,Art. 281,aula-14.html,unused,"Art. 281 states a provision-specific rule beginning “Art. 281. Anulado o ato, consideram-se de nenhum efeito todos os subsequentes que dele dependam, to…”; Aula14 covers general evidence theory, principles, and models, not this separate CPC rule."
cpc-lei-13105-capture-2026-09-28,Art. 282,aula-14.html,unused,"Art. 282 states a provision-specific rule beginning “Art. 282. Ao pronunciar a nulidade, o juiz declarará que atos são atingidos e ordenará as providênc…”; Aula14 covers general evidence theory, principles, and models, not this separate CPC rule."
cpc-lei-13105-capture-2026-09-28,Art. 283,aula-14.html,unused,"Art. 283 states a provision-specific rule beginning “Art. 283. O erro de forma do processo acarreta unicamente a anulação dos atos que não possam ser ap…”; Aula14 covers general evidence theory, principles, and models, not this separate CPC rule."
cpc-lei-13105-capture-2026-09-28,Art. 284,aula-14.html,unused,"Art. 284 states a provision-specific rule beginning “Art. 284. Todos os processos estão sujeitos a registro, devendo ser distribuídos onde houver mais d…”; Aula14 covers general evidence theory, principles, and models, not this separate CPC rule."
cpc-lei-13105-capture-2026-09-28,Art. 285,aula-14.html,unused,"Art. 285 states a provision-specific rule beginning “Art. 285. A distribuição, que poderá ser eletrônica, será alternada e aleatória, obedecendo-se rigo…”; Aula14 covers general evidence theory, principles, and models, not this separate CPC rule."
cpc-lei-13105-capture-2026-09-28,Art. 287,aula-14.html,unused,"Art. 287 states a provision-specific rule beginning “Art. 287. A petição inicial deve vir acompanhada de procuração, que conterá os endereços do advogad…”; Aula14 covers general evidence theory, principles, and models, not this separate CPC rule."
cpc-lei-13105-capture-2026-09-28,Art. 288,aula-14.html,unused,"Art. 288 states a provision-specific rule beginning “Art. 288. O juiz, de ofício ou a requerimento do interessado, corrigirá o erro ou compensará a falt…”; Aula14 covers general evidence theory, principles, and models, not this separate CPC rule."
cpc-lei-13105-capture-2026-09-28,Art. 289,aula-14.html,unused,"Art. 289 states a provision-specific rule beginning “Art. 289. A distribuição poderá ser fiscalizada pela parte, por seu procurador, pelo Ministério Púb…”; Aula14 covers general evidence theory, principles, and models, not this separate CPC rule."
cpc-lei-13105-capture-2026-09-28,Art. 290,aula-14.html,unused,"Art. 290 states a provision-specific rule beginning “Art. 290. Será cancelada a distribuição do feito se a parte, intimada na pessoa de seu advogado, nã…”; Aula14 covers general evidence theory, principles, and models, not this separate CPC rule."
cpc-lei-13105-capture-2026-09-28,Art. 291,aula-14.html,unused,"Art. 291 states a provision-specific rule beginning “Art. 291. A toda causa será atribuído valor certo, ainda que não tenha conteúdo econômico imediatam…”; Aula14 covers general evidence theory, principles, and models, not this separate CPC rule."
cpc-lei-13105-capture-2026-09-28,Art. 292,aula-14.html,unused,"Art. 292 states a provision-specific rule beginning “Art. 292. O valor da causa constará da petição inicial ou da reconvenção e será:”; Aula14 covers general evidence theory, principles, and models, not this separate CPC rule."
cpc-lei-13105-capture-2026-09-28,Art. 293,aula-14.html,unused,"Art. 293 states a provision-specific rule beginning “Art. 293. O réu poderá impugnar, em preliminar da contestação, o valor atribuído à causa pelo autor…”; Aula14 covers general evidence theory, principles, and models, not this separate CPC rule."
cpc-lei-13105-capture-2026-09-28,Art. 294,aula-14.html,unused,"Art. 294 states a provision-specific rule beginning “Art. 294. A tutela provisória pode fundamentar-se em urgência ou evidência.”; Aula14 covers general evidence theory, principles, and models, not this separate CPC rule."
cpc-lei-13105-capture-2026-09-28,Art. 295,aula-14.html,unused,"Art. 295 states a provision-specific rule beginning “Art. 295. A tutela provisória requerida em caráter incidental independe do pagamento de custas.”; Aula14 covers general evidence theory, principles, and models, not this separate CPC rule."
cpc-lei-13105-capture-2026-09-28,Art. 297,aula-14.html,unused,"Art. 297 states a provision-specific rule beginning “Art. 297. O juiz poderá determinar as medidas que considerar adequadas para efetivação da tutela pr…”; Aula14 covers general evidence theory, principles, and models, not this separate CPC rule."
cpc-lei-13105-capture-2026-09-28,Art. 298,aula-14.html,unused,"Art. 298 states a provision-specific rule beginning “Art. 298. Na decisão que conceder, negar, modificar ou revogar a tutela provisória, o juiz motivará…”; Aula14 covers general evidence theory, principles, and models, not this separate CPC rule."
cpc-lei-13105-capture-2026-09-28,Art. 299,aula-14.html,unused,"Art. 299 states a provision-specific rule beginning “Art. 299. A tutela provisória será requerida ao juízo da causa e, quando antecedente, ao juízo comp…”; Aula14 covers general evidence theory, principles, and models, not this separate CPC rule."
cpc-lei-13105-capture-2026-09-28,Art. 300,aula-14.html,unused,"Art. 300 states a provision-specific rule beginning “Art. 300. A tutela de urgência será concedida quando houver elementos que evidenciem a probabilidad…”; Aula14 covers general evidence theory, principles, and models, not this separate CPC rule."
cpc-lei-13105-capture-2026-09-28,Art. 301,aula-14.html,unused,"Art. 301 states a provision-specific rule beginning “Art. 301. A tutela de urgência de natureza cautelar pode ser efetivada mediante arresto, sequestro,…”; Aula14 covers general evidence theory, principles, and models, not this separate CPC rule."
cpc-lei-13105-capture-2026-09-28,Art. 302,aula-14.html,unused,"Art. 302 states a provision-specific rule beginning “Art. 302. Independentemente da reparação por dano processual, a parte responde pelo prejuízo que a…”; Aula14 covers general evidence theory, principles, and models, not this separate CPC rule."
cpc-lei-13105-capture-2026-09-28,Art. 303,aula-14.html,unused,"Art. 303 states a provision-specific rule beginning “Art. 303. Nos casos em que a urgência for contemporânea à propositura da ação, a petição inicial po…”; Aula14 covers general evidence theory, principles, and models, not this separate CPC rule."
cpc-lei-13105-capture-2026-09-28,Art. 304,aula-14.html,unused,"Art. 304 states a provision-specific rule beginning “Art. 304. A tutela antecipada, concedida nos termos do”; Aula14 covers general evidence theory, principles, and models, not this separate CPC rule."
cpc-lei-13105-capture-2026-09-28,Art. 305,aula-14.html,unused,"Art. 305 states a provision-specific rule beginning “Art. 305. A petição inicial da ação que visa à prestação de tutela cautelar em caráter antecedente…”; Aula14 covers general evidence theory, principles, and models, not this separate CPC rule."
cpc-lei-13105-capture-2026-09-28,Art. 306,aula-14.html,unused,"Art. 306 states a provision-specific rule beginning “Art. 306. O réu será citado para, no prazo de 5 (cinco) dias, contestar o pedido e indicar as prova…”; Aula14 covers general evidence theory, principles, and models, not this separate CPC rule."
cpc-lei-13105-capture-2026-09-28,Art. 307,aula-14.html,unused,"Art. 307 states a provision-specific rule beginning “Art. 307. Não sendo contestado o pedido, os fatos alegados pelo autor presumir-se-ão aceitos pelo r…”; Aula14 covers general evidence theory, principles, and models, not this separate CPC rule."
cpc-lei-13105-capture-2026-09-28,Art. 308,aula-14.html,unused,"Art. 308 states a provision-specific rule beginning “Art. 308. Efetivada a tutela cautelar, o pedido principal terá de ser formulado pelo autor no prazo…”; Aula14 covers general evidence theory, principles, and models, not this separate CPC rule."
cpc-lei-13105-capture-2026-09-28,Art. 309,aula-14.html,unused,"Art. 309 states a provision-specific rule beginning “Art. 309. Cessa a eficácia da tutela concedida em caráter antecedente, se:”; Aula14 covers general evidence theory, principles, and models, not this separate CPC rule."
cpc-lei-13105-capture-2026-09-28,Art. 310,aula-14.html,unused,"Art. 310 states a provision-specific rule beginning “Art. 310. O indeferimento da tutela cautelar não obsta a que a parte formule o pedido principal, ne…”; Aula14 covers general evidence theory, principles, and models, not this separate CPC rule."
cpc-lei-13105-capture-2026-09-28,Art. 311,aula-14.html,unused,"Art. 311 states a provision-specific rule beginning “Art. 311. A tutela da evidência será concedida, independentemente da demonstração de perigo de dano…”; Aula14 covers general evidence theory, principles, and models, not this separate CPC rule."
cpc-lei-13105-capture-2026-09-28,Art. 312,aula-14.html,unused,"Art. 312 states a provision-specific rule beginning “Art. 312. Considera-se proposta a ação quando a petição inicial for protocolada, todavia, a proposi…”; Aula14 covers general evidence theory, principles, and models, not this separate CPC rule."
cpc-lei-13105-capture-2026-09-28,Art. 313,aula-14.html,unused,"Art. 313 states a provision-specific rule beginning “Art. 313. Suspende-se o processo:”; Aula14 covers general evidence theory, principles, and models, not this separate CPC rule."
cpc-lei-13105-capture-2026-09-28,Art. 314,aula-14.html,unused,"Art. 314 states a provision-specific rule beginning “Art. 314. Durante a suspensão é vedado praticar qualquer ato processual, podendo o juiz, todavia, d…”; Aula14 covers general evidence theory, principles, and models, not this separate CPC rule."
cpc-lei-13105-capture-2026-09-28,Art. 315,aula-14.html,unused,"Art. 315 states a provision-specific rule beginning “Art. 315. Se o conhecimento do mérito depender de verificação da existência de fato delituoso, o ju…”; Aula14 covers general evidence theory, principles, and models, not this separate CPC rule."
cpc-lei-13105-capture-2026-09-28,Art. 316,aula-14.html,unused,"Art. 316 states a provision-specific rule beginning “Art. 316. A extinção do processo dar-se-á por sentença.”; Aula14 covers general evidence theory, principles, and models, not this separate CPC rule."
cpc-lei-13105-capture-2026-09-28,Art. 317,aula-14.html,unused,"Art. 317 states a provision-specific rule beginning “Art. 317. Antes de proferir decisão sem resolução de mérito, o juiz deverá conceder à parte oportun…”; Aula14 covers general evidence theory, principles, and models, not this separate CPC rule."
cpc-lei-13105-capture-2026-09-28,Art. 318,aula-14.html,unused,"Art. 318 states a provision-specific rule beginning “Art. 318. Aplica-se a todas as causas o procedimento comum, salvo disposição em contrário deste Cód…”; Aula14 covers general evidence theory, principles, and models, not this separate CPC rule."
cpc-lei-13105-capture-2026-09-28,Art. 319,aula-14.html,unused,"Art. 319 states a provision-specific rule beginning “Art. 319. A petição inicial indicará:”; Aula14 covers general evidence theory, principles, and models, not this separate CPC rule."
cpc-lei-13105-capture-2026-09-28,Art. 320,aula-14.html,unused,"Art. 320 states a provision-specific rule beginning “Art. 320. A petição inicial será instruída com os documentos indispensáveis à propositura da ação.”; Aula14 covers general evidence theory, principles, and models, not this separate CPC rule."
cpc-lei-13105-capture-2026-09-28,Art. 321,aula-14.html,unused,"Art. 321 states a provision-specific rule beginning “Art. 321. O juiz, ao verificar que a petição inicial não preenche os requisitos dos”; Aula14 covers general evidence theory, principles, and models, not this separate CPC rule."
cpc-lei-13105-capture-2026-09-28,Art. 322,aula-14.html,unused,"Art. 322 states a provision-specific rule beginning “Art. 322. O pedido deve ser certo.”; Aula14 covers general evidence theory, principles, and models, not this separate CPC rule."
cpc-lei-13105-capture-2026-09-28,Art. 323,aula-14.html,unused,"Art. 323 states a provision-specific rule beginning “Art. 323. Na ação que tiver por objeto cumprimento de obrigação em prestações sucessivas, essas ser…”; Aula14 covers general evidence theory, principles, and models, not this separate CPC rule."
cpc-lei-13105-capture-2026-09-28,Art. 324,aula-14.html,unused,"Art. 324 states a provision-specific rule beginning “Art. 324. O pedido deve ser determinado.”; Aula14 covers general evidence theory, principles, and models, not this separate CPC rule."
cpc-lei-13105-capture-2026-09-28,Art. 325,aula-14.html,unused,"Art. 325 states a provision-specific rule beginning “Art. 325. O pedido será alternativo quando, pela natureza da obrigação, o devedor puder cumprir a p…”; Aula14 covers general evidence theory, principles, and models, not this separate CPC rule."
cpc-lei-13105-capture-2026-09-28,Art. 326,aula-14.html,unused,"Art. 326 states a provision-specific rule beginning “Art. 326. É lícito formular mais de um pedido em ordem subsidiária, a fim de que o juiz conheça do…”; Aula14 covers general evidence theory, principles, and models, not this separate CPC rule."
cpc-lei-13105-capture-2026-09-28,Art. 327,aula-14.html,unused,"Art. 327 states a provision-specific rule beginning “Art. 327. É lícita a cumulação, em um único processo, contra o mesmo réu, de vários pedidos, ainda…”; Aula14 covers general evidence theory, principles, and models, not this separate CPC rule."
cpc-lei-13105-capture-2026-09-28,Art. 328,aula-14.html,unused,"Art. 328 states a provision-specific rule beginning “Art. 328. Na obrigação indivisível com pluralidade de credores, aquele que não participou do proces…”; Aula14 covers general evidence theory, principles, and models, not this separate CPC rule."
cpc-lei-13105-capture-2026-09-28,Art. 329,aula-14.html,unused,"Art. 329 states a provision-specific rule beginning “Art. 329. O autor poderá:”; Aula14 covers general evidence theory, principles, and models, not this separate CPC rule."
cpc-lei-13105-capture-2026-09-28,Art. 330,aula-14.html,unused,"Art. 330 states a provision-specific rule beginning “Art. 330. A petição inicial será indeferida quando:”; Aula14 covers general evidence theory, principles, and models, not this separate CPC rule."
cpc-lei-13105-capture-2026-09-28,Art. 331,aula-14.html,unused,"Art. 331 states a provision-specific rule beginning “Art. 331. Indeferida a petição inicial, o autor poderá apelar, facultado ao juiz, no prazo de 5 (ci…”; Aula14 covers general evidence theory, principles, and models, not this separate CPC rule."
cpc-lei-13105-capture-2026-09-28,Art. 332,aula-14.html,unused,"Art. 332 states a provision-specific rule beginning “Art. 332. Nas causas que dispensem a fase instrutória, o juiz, independentemente da citação do réu,…”; Aula14 covers general evidence theory, principles, and models, not this separate CPC rule."
cpc-lei-13105-capture-2026-09-28,Art. 333,aula-14.html,unused,"Art. 333 states a provision-specific rule beginning “Art. 333. (VETADO).”; Aula14 covers general evidence theory, principles, and models, not this separate CPC rule."
cpc-lei-13105-capture-2026-09-28,Art. 334,aula-14.html,unused,"Art. 334 states a provision-specific rule beginning “Art. 334. Se a petição inicial preencher os requisitos essenciais e não for o caso de improcedência…”; Aula14 covers general evidence theory, principles, and models, not this separate CPC rule."
cpc-lei-13105-capture-2026-09-28,Art. 335,aula-14.html,unused,"Art. 335 states a provision-specific rule beginning “Art. 335. O réu poderá oferecer contestação, por petição, no prazo de 15 (quinze) dias, cujo termo…”; Aula14 covers general evidence theory, principles, and models, not this separate CPC rule."
cpc-lei-13105-capture-2026-09-28,Art. 336,aula-14.html,unused,"Art. 336 states a provision-specific rule beginning “Art. 336. Incumbe ao réu alegar, na contestação, toda a matéria de defesa, expondo as razões de fat…”; Aula14 covers general evidence theory, principles, and models, not this separate CPC rule."
cpc-lei-13105-capture-2026-09-28,Art. 337,aula-14.html,unused,"Art. 337 states a provision-specific rule beginning “Art. 337. Incumbe ao réu, antes de discutir o mérito, alegar:”; Aula14 covers general evidence theory, principles, and models, not this separate CPC rule."
cpc-lei-13105-capture-2026-09-28,Art. 338,aula-14.html,unused,"Art. 338 states a provision-specific rule beginning “Art. 338. Alegando o réu, na contestação, ser parte ilegítima ou não ser o responsável pelo prejuíz…”; Aula14 covers general evidence theory, principles, and models, not this separate CPC rule."
cpc-lei-13105-capture-2026-09-28,Art. 339,aula-14.html,unused,"Art. 339 states a provision-specific rule beginning “Art. 339. Quando alegar sua ilegitimidade, incumbe ao réu indicar o sujeito passivo da relação jurí…”; Aula14 covers general evidence theory, principles, and models, not this separate CPC rule."
cpc-lei-13105-capture-2026-09-28,Art. 340,aula-14.html,unused,"Art. 340 states a provision-specific rule beginning “Art. 340. Havendo alegação de incompetência relativa ou absoluta, a contestação poderá ser protocol…”; Aula14 covers general evidence theory, principles, and models, not this separate CPC rule."
cpc-lei-13105-capture-2026-09-28,Art. 341,aula-14.html,unused,"Art. 341 states a provision-specific rule beginning “Art. 341. Incumbe também ao réu manifestar-se precisamente sobre as alegações de fato constantes da…”; Aula14 covers general evidence theory, principles, and models, not this separate CPC rule."
cpc-lei-13105-capture-2026-09-28,Art. 342,aula-14.html,unused,"Art. 342 states a provision-specific rule beginning “Art. 342. Depois da contestação, só é lícito ao réu deduzir novas alegações quando:”; Aula14 covers general evidence theory, principles, and models, not this separate CPC rule."
cpc-lei-13105-capture-2026-09-28,Art. 343,aula-14.html,unused,"Art. 343 states a provision-specific rule beginning “Art. 343. Na contestação, é lícito ao réu propor reconvenção para manifestar pretensão própria, con…”; Aula14 covers general evidence theory, principles, and models, not this separate CPC rule."
cpc-lei-13105-capture-2026-09-28,Art. 344,aula-14.html,unused,"Art. 344 states a provision-specific rule beginning “Art. 344. Se o réu não contestar a ação, será considerado revel e presumir-se-ão verdadeiras as ale…”; Aula14 covers general evidence theory, principles, and models, not this separate CPC rule."
cpc-lei-13105-capture-2026-09-28,Art. 345,aula-14.html,unused,"Art. 345 states a provision-specific rule beginning “Art. 345. A revelia não produz o efeito mencionado no”; Aula14 covers general evidence theory, principles, and models, not this separate CPC rule."
cpc-lei-13105-capture-2026-09-28,Art. 346,aula-14.html,unused,"Art. 346 states a provision-specific rule beginning “Art. 346. Os prazos contra o revel que não tenha patrono nos autos fluirão da data de publicação do…”; Aula14 covers general evidence theory, principles, and models, not this separate CPC rule."
cpc-lei-13105-capture-2026-09-28,Art. 347,aula-14.html,unused,"Art. 347 states a provision-specific rule beginning “Art. 347. Findo o prazo para a contestação, o juiz tomará, conforme o caso, as providências prelimi…”; Aula14 covers general evidence theory, principles, and models, not this separate CPC rule."
cpc-lei-13105-capture-2026-09-28,Art. 348,aula-14.html,unused,"Art. 348 states a provision-specific rule beginning “Art. 348. Se o réu não contestar a ação, o juiz, verificando a inocorrência do efeito da revelia pr…”; Aula14 covers general evidence theory, principles, and models, not this separate CPC rule."
cpc-lei-13105-capture-2026-09-28,Art. 349,aula-14.html,unused,"Art. 349 states a provision-specific rule beginning “Art. 349. Ao réu revel será lícita a produção de provas, contrapostas às alegações do autor, desde…”; Aula14 covers general evidence theory, principles, and models, not this separate CPC rule."
cpc-lei-13105-capture-2026-09-28,Art. 350,aula-14.html,unused,"Art. 350 states a provision-specific rule beginning “Art. 350. Se o réu alegar fato impeditivo, modificativo ou extintivo do direito do autor, este será…”; Aula14 covers general evidence theory, principles, and models, not this separate CPC rule."
cpc-lei-13105-capture-2026-09-28,Art. 351,aula-14.html,unused,"Art. 351 states a provision-specific rule beginning “Art. 351. Se o réu alegar qualquer das matérias enumeradas no”; Aula14 covers general evidence theory, principles, and models, not this separate CPC rule."
cpc-lei-13105-capture-2026-09-28,Art. 352,aula-14.html,unused,"Art. 352 states a provision-specific rule beginning “Art. 352. Verificando a existência de irregularidades ou de vícios sanáveis, o juiz determinará sua…”; Aula14 covers general evidence theory, principles, and models, not this separate CPC rule."
cpc-lei-13105-capture-2026-09-28,Art. 353,aula-14.html,unused,"Art. 353 states a provision-specific rule beginning “Art. 353. Cumpridas as providências preliminares ou não havendo necessidade delas, o juiz proferirá…”; Aula14 covers general evidence theory, principles, and models, not this separate CPC rule."
cpc-lei-13105-capture-2026-09-28,Art. 354,aula-14.html,unused,"Art. 354 states a provision-specific rule beginning “Art. 354. Ocorrendo qualquer das hipóteses previstas nos”; Aula14 covers general evidence theory, principles, and models, not this separate CPC rule."
cpc-lei-13105-capture-2026-09-28,Art. 355,aula-14.html,unused,"Art. 355 states a provision-specific rule beginning “Art. 355. O juiz julgará antecipadamente o pedido, proferindo sentença com resolução de mérito, qua…”; Aula14 covers general evidence theory, principles, and models, not this separate CPC rule."
cpc-lei-13105-capture-2026-09-28,Art. 356,aula-14.html,unused,"Art. 356 states a provision-specific rule beginning “Art. 356. O juiz decidirá parcialmente o mérito quando um ou mais dos pedidos formulados ou parcela…”; Aula14 covers general evidence theory, principles, and models, not this separate CPC rule."
cpc-lei-13105-capture-2026-09-28,Art. 357,aula-14.html,unused,"Art. 357 states a provision-specific rule beginning “Art. 357. Não ocorrendo nenhuma das hipóteses deste Capítulo, deverá o juiz, em decisão de saneamen…”; Aula14 covers general evidence theory, principles, and models, not this separate CPC rule."
cpc-lei-13105-capture-2026-09-28,Art. 358,aula-14.html,unused,"Art. 358 states a provision-specific rule beginning “Art. 358. No dia e na hora designados, o juiz declarará aberta a audiência de instrução e julgament…”; Aula14 covers general evidence theory, principles, and models, not this separate CPC rule."
cpc-lei-13105-capture-2026-09-28,Art. 359,aula-14.html,unused,"Art. 359 states a provision-specific rule beginning “Art. 359. Instalada a audiência, o juiz tentará conciliar as partes, independentemente do emprego a…”; Aula14 covers general evidence theory, principles, and models, not this separate CPC rule."
cpc-lei-13105-capture-2026-09-28,Art. 360,aula-14.html,unused,"Art. 360 states a provision-specific rule beginning “Art. 360. O juiz exerce o poder de polícia, incumbindo-lhe:”; Aula14 covers general evidence theory, principles, and models, not this separate CPC rule."
cpc-lei-13105-capture-2026-09-28,Art. 361,aula-14.html,unused,"Art. 361 states a provision-specific rule beginning “Art. 361. As provas orais serão produzidas em audiência, ouvindo-se nesta ordem, preferencialmente:”; Aula14 covers general evidence theory, principles, and models, not this separate CPC rule."
cpc-lei-13105-capture-2026-09-28,Art. 362,aula-14.html,unused,"Art. 362 states a provision-specific rule beginning “Art. 362. A audiência poderá ser adiada:”; Aula14 covers general evidence theory, principles, and models, not this separate CPC rule."
cpc-lei-13105-capture-2026-09-28,Art. 363,aula-14.html,unused,"Art. 363 states a provision-specific rule beginning “Art. 363. Havendo antecipação ou adiamento da audiência, o juiz, de ofício ou a requerimento da par…”; Aula14 covers general evidence theory, principles, and models, not this separate CPC rule."
cpc-lei-13105-capture-2026-09-28,Art. 364,aula-14.html,unused,"Art. 364 states a provision-specific rule beginning “Art. 364. Finda a instrução, o juiz dará a palavra ao advogado do autor e do réu, bem como ao membr…”; Aula14 covers general evidence theory, principles, and models, not this separate CPC rule."
cpc-lei-13105-capture-2026-09-28,Art. 365,aula-14.html,unused,"Art. 365 states a provision-specific rule beginning “Art. 365. A audiência é una e contínua, podendo ser excepcional e justificadamente cindida na ausên…”; Aula14 covers general evidence theory, principles, and models, not this separate CPC rule."
cpc-lei-13105-capture-2026-09-28,Art. 366,aula-14.html,unused,"Art. 366 states a provision-specific rule beginning “Art. 366. Encerrado o debate ou oferecidas as razões finais, o juiz proferirá sentença em audiência…”; Aula14 covers general evidence theory, principles, and models, not this separate CPC rule."
cpc-lei-13105-capture-2026-09-28,Art. 367,aula-14.html,unused,"Art. 367 states a provision-specific rule beginning “Art. 367. O servidor lavrará, sob ditado do juiz, termo que conterá, em resumo, o ocorrido na audiê…”; Aula14 covers general evidence theory, principles, and models, not this separate CPC rule."
cpc-lei-13105-capture-2026-09-28,Art. 368,aula-14.html,unused,"Art. 368 states a provision-specific rule beginning “Art. 368. A audiência será pública, ressalvadas as exceções legais.”; Aula14 covers general evidence theory, principles, and models, not this separate CPC rule."
cpc-lei-13105-capture-2026-09-28,Art. 369,aula-14.html,supporting,"Art. 369 permits all legal and morally legitimate means to prove facts, a concrete anchor for the lesson’s evidence principles and open model."
cpc-lei-13105-capture-2026-09-28,Art. 370,aula-14.html,supporting,"Art. 370 allows the court to determine necessary evidence on its own initiative or at a party’s request, illustrating a principle that frames the lesson’s models."
cpc-lei-13105-capture-2026-09-28,Art. 371,aula-14.html,supporting,"Art. 371 requires reasoned evaluation of evidence regardless of who produced it, anchoring the models’ relation to justification."
cpc-lei-13105-capture-2026-09-28,Art. 372,aula-14.html,unused,"Art. 372 governs borrowed evidence, a transfer/admissibility issue placed in the later object-and-admissibility lesson; Aula14 stays with general proof principles and models."
cpc-lei-13105-capture-2026-09-28,Art. 373,aula-14.html,unused,"Art. 373 allocates the burden of proof, reserved for the later burden lesson; Aula14 introduces proof principles and models without resolving allocation."
cpc-lei-13105-capture-2026-09-28,Art. 374,aula-14.html,unused,"Art. 374 lists facts that need no proof, an object-of-proof issue assigned to the later object-and-admissibility lesson."
cpc-lei-13105-capture-2026-09-28,Art. 375,aula-14.html,unused,"Art. 375 governs experience maxims, assigned to the later lesson on maxims and judicial initiative."
cpc-lei-13105-capture-2026-09-28,Art. 376,aula-14.html,unused,"Art. 376 states a provision-specific rule beginning “Art. 376. A parte que alegar direito municipal, estadual, estrangeiro ou consuetudinário provar-lhe…”; Aula14 covers general evidence theory, principles, and models, not this separate CPC rule."
cpc-lei-13105-capture-2026-09-28,Art. 377,aula-14.html,unused,"Art. 377 states a provision-specific rule beginning “Art. 377. A carta precatória, a carta rogatória e o auxílio direto suspenderão o julgamento da caus…”; Aula14 covers general evidence theory, principles, and models, not this separate CPC rule."
cpc-lei-13105-capture-2026-09-28,Art. 378,aula-14.html,unused,"Art. 378 states a provision-specific rule beginning “Art. 378. Ninguém se exime do dever de colaborar com o Poder Judiciário para o descobrimento da ver…”; Aula14 covers general evidence theory, principles, and models, not this separate CPC rule."
cpc-lei-13105-capture-2026-09-28,Art. 379,aula-14.html,unused,"Art. 379 states a provision-specific rule beginning “Art. 379. Preservado o direito de não produzir prova contra si própria, incumbe à parte:”; Aula14 covers general evidence theory, principles, and models, not this separate CPC rule."
cpc-lei-13105-capture-2026-09-28,Art. 380,aula-14.html,unused,"Art. 380 states a provision-specific rule beginning “Art. 380. Incumbe ao terceiro, em relação a qualquer causa:”; Aula14 covers general evidence theory, principles, and models, not this separate CPC rule."
cpc-lei-13105-capture-2026-09-28,Art. 381,aula-14.html,unused,"Art. 381 states a provision-specific rule beginning “Art. 381. A produção antecipada da prova será admitida nos casos em que:”; Aula14 covers general evidence theory, principles, and models, not this separate CPC rule."
cpc-lei-13105-capture-2026-09-28,Art. 382,aula-14.html,unused,"Art. 382 states a provision-specific rule beginning “Art. 382. Na petição, o requerente apresentará as razões que justificam a necessidade de antecipaçã…”; Aula14 covers general evidence theory, principles, and models, not this separate CPC rule."
cpc-lei-13105-capture-2026-09-28,Art. 383,aula-14.html,unused,"Art. 383 states a provision-specific rule beginning “Art. 383. Os autos permanecerão em cartório durante 1 (um) mês para extração de cópias e certidões…”; Aula14 covers general evidence theory, principles, and models, not this separate CPC rule."
cpc-lei-13105-capture-2026-09-28,Art. 384,aula-14.html,unused,"Art. 384 states a provision-specific rule beginning “Art. 384. A existência e o modo de existir de algum fato podem ser atestados ou documentados, a req…”; Aula14 covers general evidence theory, principles, and models, not this separate CPC rule."
cpc-lei-13105-capture-2026-09-28,Art. 385,aula-14.html,unused,"Art. 385 states a provision-specific rule beginning “Art. 385. Cabe à parte requerer o depoimento pessoal da outra parte, a fim de que esta seja interro…”; Aula14 covers general evidence theory, principles, and models, not this separate CPC rule."
cpc-lei-13105-capture-2026-09-28,Art. 386,aula-14.html,unused,"Art. 386 states a provision-specific rule beginning “Art. 386. Quando a parte, sem motivo justificado, deixar de responder ao que lhe for perguntado ou…”; Aula14 covers general evidence theory, principles, and models, not this separate CPC rule."
cpc-lei-13105-capture-2026-09-28,Art. 387,aula-14.html,unused,"Art. 387 states a provision-specific rule beginning “Art. 387. A parte responderá pessoalmente sobre os fatos articulados, não podendo servir-se de escr…”; Aula14 covers general evidence theory, principles, and models, not this separate CPC rule."
cpc-lei-13105-capture-2026-09-28,Art. 388,aula-14.html,unused,"Art. 388 states a provision-specific rule beginning “Art. 388. A parte não é obrigada a depor sobre fatos:”; Aula14 covers general evidence theory, principles, and models, not this separate CPC rule."
cpc-lei-13105-capture-2026-09-28,Art. 389,aula-14.html,unused,"Art. 389 states a provision-specific rule beginning “Art. 389. Há confissão, judicial ou extrajudicial, quando a parte admite a verdade de fato contrári…”; Aula14 covers general evidence theory, principles, and models, not this separate CPC rule."
cpc-lei-13105-capture-2026-09-28,Art. 390,aula-14.html,unused,"Art. 390 states a provision-specific rule beginning “Art. 390. A confissão judicial pode ser espontânea ou provocada.”; Aula14 covers general evidence theory, principles, and models, not this separate CPC rule."
cpc-lei-13105-capture-2026-09-28,Art. 391,aula-14.html,unused,"Art. 391 states a provision-specific rule beginning “Art. 391. A confissão judicial faz prova contra o confitente, não prejudicando, todavia, os litisco…”; Aula14 covers general evidence theory, principles, and models, not this separate CPC rule."
cpc-lei-13105-capture-2026-09-28,Art. 392,aula-14.html,unused,"Art. 392 states a provision-specific rule beginning “Art. 392. Não vale como confissão a admissão, em juízo, de fatos relativos a direitos indisponíveis.”; Aula14 covers general evidence theory, principles, and models, not this separate CPC rule."
cpc-lei-13105-capture-2026-09-28,Art. 393,aula-14.html,unused,"Art. 393 states a provision-specific rule beginning “Art. 393. A confissão é irrevogável, mas pode ser anulada se decorreu de erro de fato ou de coação.”; Aula14 covers general evidence theory, principles, and models, not this separate CPC rule."
cpc-lei-13105-capture-2026-09-28,Art. 394,aula-14.html,unused,"Art. 394 states a provision-specific rule beginning “Art. 394. A confissão extrajudicial, quando feita oralmente, só terá eficácia nos casos em que a le…”; Aula14 covers general evidence theory, principles, and models, not this separate CPC rule."
cpc-lei-13105-capture-2026-09-28,Art. 395,aula-14.html,unused,"Art. 395 states a provision-specific rule beginning “Art. 395. A confissão é, em regra, indivisível, não podendo a parte que a quiser invocar como prova…”; Aula14 covers general evidence theory, principles, and models, not this separate CPC rule."
cpc-lei-13105-capture-2026-09-28,Art. 396,aula-14.html,unused,"Art. 396 states a provision-specific rule beginning “Art. 396. O juiz pode ordenar que a parte exiba documento ou coisa que se encontre em seu poder.”; Aula14 covers general evidence theory, principles, and models, not this separate CPC rule."
cpc-lei-13105-capture-2026-09-28,Art. 397,aula-14.html,unused,"Art. 397 states a provision-specific rule beginning “Art. 397. O pedido formulado pela parte conterá:”; Aula14 covers general evidence theory, principles, and models, not this separate CPC rule."
cpc-lei-13105-capture-2026-09-28,Art. 398,aula-14.html,unused,"Art. 398 states a provision-specific rule beginning “Art. 398. O requerido dará sua resposta nos 5 (cinco) dias subsequentes à sua intimação.”; Aula14 covers general evidence theory, principles, and models, not this separate CPC rule."
cpc-lei-13105-capture-2026-09-28,Art. 399,aula-14.html,unused,"Art. 399 states a provision-specific rule beginning “Art. 399. O juiz não admitirá a recusa se:”; Aula14 covers general evidence theory, principles, and models, not this separate CPC rule."
cpc-lei-13105-capture-2026-09-28,Art. 400,aula-14.html,unused,"Art. 400 states a provision-specific rule beginning “Art. 400. Ao decidir o pedido, o juiz admitirá como verdadeiros os fatos que, por meio do documento…”; Aula14 covers general evidence theory, principles, and models, not this separate CPC rule."
cpc-lei-13105-capture-2026-09-28,Art. 401,aula-14.html,unused,"Art. 401 states a provision-specific rule beginning “Art. 401. Quando o documento ou a coisa estiver em poder de terceiro, o juiz ordenará sua citação p…”; Aula14 covers general evidence theory, principles, and models, not this separate CPC rule."
cpc-lei-13105-capture-2026-09-28,Art. 402,aula-14.html,unused,"Art. 402 states a provision-specific rule beginning “Art. 402. Se o terceiro negar a obrigação de exibir ou a posse do documento ou da coisa, o juiz des…”; Aula14 covers general evidence theory, principles, and models, not this separate CPC rule."
cpc-lei-13105-capture-2026-09-28,Art. 403,aula-14.html,unused,"Art. 403 states a provision-specific rule beginning “Art. 403. Se o terceiro, sem justo motivo, se recusar a efetuar a exibição, o juiz ordenar-lhe-á qu…”; Aula14 covers general evidence theory, principles, and models, not this separate CPC rule."
cpc-lei-13105-capture-2026-09-28,Art. 404,aula-14.html,unused,"Art. 404 states a provision-specific rule beginning “Art. 404. A parte e o terceiro se escusam de exibir, em juízo, o documento ou a coisa se:”; Aula14 covers general evidence theory, principles, and models, not this separate CPC rule."
cpc-lei-13105-capture-2026-09-28,Art. 405,aula-14.html,unused,"Art. 405 states a provision-specific rule beginning “Art. 405. O documento público faz prova não só da sua formação, mas também dos fatos que o escrivão…”; Aula14 covers general evidence theory, principles, and models, not this separate CPC rule."
cpc-lei-13105-capture-2026-09-28,Art. 406,aula-14.html,unused,"Art. 406 states a provision-specific rule beginning “Art. 406. Quando a lei exigir instrumento público como da substância do ato, nenhuma outra prova, p…”; Aula14 covers general evidence theory, principles, and models, not this separate CPC rule."
cpc-lei-13105-capture-2026-09-28,Art. 407,aula-14.html,unused,"Art. 407 states a provision-specific rule beginning “Art. 407. O documento feito por oficial público incompetente ou sem a observância das formalidades…”; Aula14 covers general evidence theory, principles, and models, not this separate CPC rule."
cpc-lei-13105-capture-2026-09-28,Art. 408,aula-14.html,unused,"Art. 408 states a provision-specific rule beginning “Art. 408. As declarações constantes do documento particular escrito e assinado ou somente assinado…”; Aula14 covers general evidence theory, principles, and models, not this separate CPC rule."
cpc-lei-13105-capture-2026-09-28,Art. 409,aula-14.html,unused,"Art. 409 states a provision-specific rule beginning “Art. 409. A data do documento particular, quando a seu respeito surgir dúvida ou impugnação entre o…”; Aula14 covers general evidence theory, principles, and models, not this separate CPC rule."
cpc-lei-13105-capture-2026-09-28,Art. 410,aula-14.html,unused,"Art. 410 states a provision-specific rule beginning “Art. 410. Considera-se autor do documento particular:”; Aula14 covers general evidence theory, principles, and models, not this separate CPC rule."
cpc-lei-13105-capture-2026-09-28,Art. 411,aula-14.html,unused,"Art. 411 states a provision-specific rule beginning “Art. 411. Considera-se autêntico o documento quando:”; Aula14 covers general evidence theory, principles, and models, not this separate CPC rule."
cpc-lei-13105-capture-2026-09-28,Art. 412,aula-14.html,unused,"Art. 412 states a provision-specific rule beginning “Art. 412. O documento particular de cuja autenticidade não se duvida prova que o seu autor fez a de…”; Aula14 covers general evidence theory, principles, and models, not this separate CPC rule."
cpc-lei-13105-capture-2026-09-28,Art. 413,aula-14.html,unused,"Art. 413 states a provision-specific rule beginning “Art. 413. O telegrama, o radiograma ou qualquer outro meio de transmissão tem a mesma força probató…”; Aula14 covers general evidence theory, principles, and models, not this separate CPC rule."
cpc-lei-13105-capture-2026-09-28,Art. 414,aula-14.html,unused,"Art. 414 states a provision-specific rule beginning “Art. 414. O telegrama ou o radiograma presume-se conforme com o original, provando as datas de sua…”; Aula14 covers general evidence theory, principles, and models, not this separate CPC rule."
cpc-lei-13105-capture-2026-09-28,Art. 415,aula-14.html,unused,"Art. 415 states a provision-specific rule beginning “Art. 415. As cartas e os registros domésticos provam contra quem os escreveu quando:”; Aula14 covers general evidence theory, principles, and models, not this separate CPC rule."
cpc-lei-13105-capture-2026-09-28,Art. 416,aula-14.html,unused,"Art. 416 states a provision-specific rule beginning “Art. 416. A nota escrita pelo credor em qualquer parte de documento representativo de obrigação, ai…”; Aula14 covers general evidence theory, principles, and models, not this separate CPC rule."
cpc-lei-13105-capture-2026-09-28,Art. 417,aula-14.html,unused,"Art. 417 states a provision-specific rule beginning “Art. 417. Os livros empresariais provam contra seu autor, sendo lícito ao empresário, todavia, demo…”; Aula14 covers general evidence theory, principles, and models, not this separate CPC rule."
cpc-lei-13105-capture-2026-09-28,Art. 418,aula-14.html,unused,"Art. 418 states a provision-specific rule beginning “Art. 418. Os livros empresariais que preencham os requisitos exigidos por lei provam a favor de seu…”; Aula14 covers general evidence theory, principles, and models, not this separate CPC rule."
cpc-lei-13105-capture-2026-09-28,Art. 419,aula-14.html,unused,"Art. 419 states a provision-specific rule beginning “Art. 419. A escrituração contábil é indivisível, e, se dos fatos que resultam dos lançamentos, uns…”; Aula14 covers general evidence theory, principles, and models, not this separate CPC rule."
cpc-lei-13105-capture-2026-09-28,Art. 420,aula-14.html,unused,"Art. 420 states a provision-specific rule beginning “Art. 420. O juiz pode ordenar, a requerimento da parte, a exibição integral dos livros empresariais…”; Aula14 covers general evidence theory, principles, and models, not this separate CPC rule."
cpc-lei-13105-capture-2026-09-28,Art. 421,aula-14.html,unused,"Art. 421 states a provision-specific rule beginning “Art. 421. O juiz pode, de ofício, ordenar à parte a exibição parcial dos livros e dos documentos, e…”; Aula14 covers general evidence theory, principles, and models, not this separate CPC rule."
cpc-lei-13105-capture-2026-09-28,Art. 422,aula-14.html,unused,"Art. 422 states a provision-specific rule beginning “Art. 422. Qualquer reprodução mecânica, como a fotográfica, a cinematográfica, a fonográfica ou de…”; Aula14 covers general evidence theory, principles, and models, not this separate CPC rule."
cpc-lei-13105-capture-2026-09-28,Art. 423,aula-14.html,unused,"Art. 423 states a provision-specific rule beginning “Art. 423. As reproduções dos documentos particulares, fotográficas ou obtidas por outros processos…”; Aula14 covers general evidence theory, principles, and models, not this separate CPC rule."
cpc-lei-13105-capture-2026-09-28,Art. 424,aula-14.html,unused,"Art. 424 states a provision-specific rule beginning “Art. 424. A cópia de documento particular tem o mesmo valor probante que o original, cabendo ao esc…”; Aula14 covers general evidence theory, principles, and models, not this separate CPC rule."
cpc-lei-13105-capture-2026-09-28,Art. 425,aula-14.html,unused,"Art. 425 states a provision-specific rule beginning “Art. 425. Fazem a mesma prova que os originais:”; Aula14 covers general evidence theory, principles, and models, not this separate CPC rule."
cpc-lei-13105-capture-2026-09-28,Art. 426,aula-14.html,unused,"Art. 426 states a provision-specific rule beginning “Art. 426. O juiz apreciará fundamentadamente a fé que deva merecer o documento, quando em ponto sub…”; Aula14 covers general evidence theory, principles, and models, not this separate CPC rule."
cpc-lei-13105-capture-2026-09-28,Art. 427,aula-14.html,unused,"Art. 427 states a provision-specific rule beginning “Art. 427. Cessa a fé do documento público ou particular sendo-lhe declarada judicialmente a falsida…”; Aula14 covers general evidence theory, principles, and models, not this separate CPC rule."
cpc-lei-13105-capture-2026-09-28,Art. 428,aula-14.html,unused,"Art. 428 states a provision-specific rule beginning “Art. 428. Cessa a fé do documento particular quando:”; Aula14 covers general evidence theory, principles, and models, not this separate CPC rule."
cpc-lei-13105-capture-2026-09-28,Art. 429,aula-14.html,unused,"Art. 429 states a provision-specific rule beginning “Art. 429. Incumbe o ônus da prova quando:”; Aula14 covers general evidence theory, principles, and models, not this separate CPC rule."
cpc-lei-13105-capture-2026-09-28,Art. 430,aula-14.html,unused,"Art. 430 states a provision-specific rule beginning “Art. 430. A falsidade deve ser suscitada na contestação, na réplica ou no prazo de 15 (quinze) dias…”; Aula14 covers general evidence theory, principles, and models, not this separate CPC rule."
cpc-lei-13105-capture-2026-09-28,Art. 431,aula-14.html,unused,"Art. 431 states a provision-specific rule beginning “Art. 431. A parte arguirá a falsidade expondo os motivos em que funda a sua pretensão e os meios co…”; Aula14 covers general evidence theory, principles, and models, not this separate CPC rule."
cpc-lei-13105-capture-2026-09-28,Art. 432,aula-14.html,unused,"Art. 432 states a provision-specific rule beginning “Art. 432. Depois de ouvida a outra parte no prazo de 15 (quinze) dias, será realizado o exame peric…”; Aula14 covers general evidence theory, principles, and models, not this separate CPC rule."
cpc-lei-13105-capture-2026-09-28,Art. 433,aula-14.html,unused,"Art. 433 states a provision-specific rule beginning “Art. 433. A declaração sobre a falsidade do documento, quando suscitada como questão principal, con…”; Aula14 covers general evidence theory, principles, and models, not this separate CPC rule."
cpc-lei-13105-capture-2026-09-28,Art. 434,aula-14.html,unused,"Art. 434 states a provision-specific rule beginning “Art. 434. Incumbe à parte instruir a petição inicial ou a contestação com os documentos destinados…”; Aula14 covers general evidence theory, principles, and models, not this separate CPC rule."
cpc-lei-13105-capture-2026-09-28,Art. 435,aula-14.html,unused,"Art. 435 states a provision-specific rule beginning “Art. 435. É lícito às partes, em qualquer tempo, juntar aos autos documentos novos, quando destinad…”; Aula14 covers general evidence theory, principles, and models, not this separate CPC rule."
cpc-lei-13105-capture-2026-09-28,Art. 436,aula-14.html,unused,"Art. 436 states a provision-specific rule beginning “Art. 436. A parte, intimada a falar sobre documento constante dos autos, poderá:”; Aula14 covers general evidence theory, principles, and models, not this separate CPC rule."
cpc-lei-13105-capture-2026-09-28,Art. 437,aula-14.html,unused,"Art. 437 states a provision-specific rule beginning “Art. 437. O réu manifestar-se-á na contestação sobre os documentos anexados à inicial, e o autor ma…”; Aula14 covers general evidence theory, principles, and models, not this separate CPC rule."
cpc-lei-13105-capture-2026-09-28,Art. 438,aula-14.html,unused,"Art. 438 states a provision-specific rule beginning “Art. 438. O juiz requisitará às repartições públicas, em qualquer tempo ou grau de jurisdição:”; Aula14 covers general evidence theory, principles, and models, not this separate CPC rule."
cpc-lei-13105-capture-2026-09-28,Art. 439,aula-14.html,unused,"Art. 439 states a provision-specific rule beginning “Art. 439. A utilização de documentos eletrônicos no processo convencional dependerá de sua conversã…”; Aula14 covers general evidence theory, principles, and models, not this separate CPC rule."
cpc-lei-13105-capture-2026-09-28,Art. 440,aula-14.html,unused,"Art. 440 states a provision-specific rule beginning “Art. 440. O juiz apreciará o valor probante do documento eletrônico não convertido, assegurado às p…”; Aula14 covers general evidence theory, principles, and models, not this separate CPC rule."
cpc-lei-13105-capture-2026-09-28,Art. 441,aula-14.html,unused,"Art. 441 states a provision-specific rule beginning “Art. 441. Serão admitidos documentos eletrônicos produzidos e conservados com a observância da legi…”; Aula14 covers general evidence theory, principles, and models, not this separate CPC rule."
cpc-lei-13105-capture-2026-09-28,Art. 442,aula-14.html,unused,"Art. 442 states a provision-specific rule beginning “Art. 442. A prova testemunhal é sempre admissível, não dispondo a lei de modo diverso.”; Aula14 covers general evidence theory, principles, and models, not this separate CPC rule."
cpc-lei-13105-capture-2026-09-28,Art. 443,aula-14.html,unused,"Art. 443 states a provision-specific rule beginning “Art. 443. O juiz indeferirá a inquirição de testemunhas sobre fatos:”; Aula14 covers general evidence theory, principles, and models, not this separate CPC rule."
cpc-lei-13105-capture-2026-09-28,Art. 444,aula-14.html,unused,"Art. 444 states a provision-specific rule beginning “Art. 444. Nos casos em que a lei exigir prova escrita da obrigação, é admissível a prova testemunha…”; Aula14 covers general evidence theory, principles, and models, not this separate CPC rule."
cpc-lei-13105-capture-2026-09-28,Art. 445,aula-14.html,unused,"Art. 445 states a provision-specific rule beginning “Art. 445. Também se admite a prova testemunhal quando o credor não pode ou não podia, moral ou mate…”; Aula14 covers general evidence theory, principles, and models, not this separate CPC rule."
cpc-lei-13105-capture-2026-09-28,Art. 446,aula-14.html,unused,"Art. 446 states a provision-specific rule beginning “Art. 446. É lícito à parte provar com testemunhas:”; Aula14 covers general evidence theory, principles, and models, not this separate CPC rule."
cpc-lei-13105-capture-2026-09-28,Art. 447,aula-14.html,unused,"Art. 447 states a provision-specific rule beginning “Art. 447. Podem depor como testemunhas todas as pessoas, exceto as incapazes, impedidas ou suspeita…”; Aula14 covers general evidence theory, principles, and models, not this separate CPC rule."
cpc-lei-13105-capture-2026-09-28,Art. 448,aula-14.html,unused,"Art. 448 states a provision-specific rule beginning “Art. 448. A testemunha não é obrigada a depor sobre fatos:”; Aula14 covers general evidence theory, principles, and models, not this separate CPC rule."
cpc-lei-13105-capture-2026-09-28,Art. 449,aula-14.html,unused,"Art. 449 states a provision-specific rule beginning “Art. 449. Salvo disposição especial em contrário, as testemunhas devem ser ouvidas na sede do juízo.”; Aula14 covers general evidence theory, principles, and models, not this separate CPC rule."
cpc-lei-13105-capture-2026-09-28,Art. 450,aula-14.html,unused,"Art. 450 states a provision-specific rule beginning “Art. 450. O rol de testemunhas conterá, sempre que possível, o nome, a profissão, o estado civil, a…”; Aula14 covers general evidence theory, principles, and models, not this separate CPC rule."
cpc-lei-13105-capture-2026-09-28,Art. 451,aula-14.html,unused,"Art. 451 states a provision-specific rule beginning “Art. 451. Depois de apresentado o rol de que tratam os”; Aula14 covers general evidence theory, principles, and models, not this separate CPC rule."
cpc-lei-13105-capture-2026-09-28,Art. 452,aula-14.html,unused,"Art. 452 states a provision-specific rule beginning “Art. 452. Quando for arrolado como testemunha, o juiz da causa:”; Aula14 covers general evidence theory, principles, and models, not this separate CPC rule."
cpc-lei-13105-capture-2026-09-28,Art. 453,aula-14.html,unused,"Art. 453 states a provision-specific rule beginning “Art. 453. As testemunhas depõem, na audiência de instrução e julgamento, perante o juiz da causa, e…”; Aula14 covers general evidence theory, principles, and models, not this separate CPC rule."
cpc-lei-13105-capture-2026-09-28,Art. 454,aula-14.html,unused,"Art. 454 states a provision-specific rule beginning “Art. 454. São inquiridos em sua residência ou onde exercem sua função:”; Aula14 covers general evidence theory, principles, and models, not this separate CPC rule."
cpc-lei-13105-capture-2026-09-28,Art. 455,aula-14.html,unused,"Art. 455 states a provision-specific rule beginning “Art. 455. Cabe ao advogado da parte informar ou intimar a testemunha por ele arrolada do dia, da ho…”; Aula14 covers general evidence theory, principles, and models, not this separate CPC rule."
cpc-lei-13105-capture-2026-09-28,Art. 456,aula-14.html,unused,"Art. 456 states a provision-specific rule beginning “Art. 456. O juiz inquirirá as testemunhas separada e sucessivamente, primeiro as do autor e depois…”; Aula14 covers general evidence theory, principles, and models, not this separate CPC rule."
cpc-lei-13105-capture-2026-09-28,Art. 457,aula-14.html,unused,"Art. 457 states a provision-specific rule beginning “Art. 457. Antes de depor, a testemunha será qualificada, declarará ou confirmará seus dados e infor…”; Aula14 covers general evidence theory, principles, and models, not this separate CPC rule."
cpc-lei-13105-capture-2026-09-28,Art. 458,aula-14.html,unused,"Art. 458 states a provision-specific rule beginning “Art. 458. Ao início da inquirição, a testemunha prestará o compromisso de dizer a verdade do que so…”; Aula14 covers general evidence theory, principles, and models, not this separate CPC rule."
cpc-lei-13105-capture-2026-09-28,Art. 459,aula-14.html,unused,"Art. 459 states a provision-specific rule beginning “Art. 459. As perguntas serão formuladas pelas partes diretamente à testemunha, começando pela que a…”; Aula14 covers general evidence theory, principles, and models, not this separate CPC rule."
cpc-lei-13105-capture-2026-09-28,Art. 460,aula-14.html,unused,"Art. 460 states a provision-specific rule beginning “Art. 460. O depoimento poderá ser documentado por meio de gravação.”; Aula14 covers general evidence theory, principles, and models, not this separate CPC rule."
cpc-lei-13105-capture-2026-09-28,Art. 461,aula-14.html,unused,"Art. 461 states a provision-specific rule beginning “Art. 461. O juiz pode ordenar, de ofício ou a requerimento da parte:”; Aula14 covers general evidence theory, principles, and models, not this separate CPC rule."
cpc-lei-13105-capture-2026-09-28,Art. 462,aula-14.html,unused,"Art. 462 states a provision-specific rule beginning “Art. 462. A testemunha pode requerer ao juiz o pagamento da despesa que efetuou para comparecimento…”; Aula14 covers general evidence theory, principles, and models, not this separate CPC rule."
cpc-lei-13105-capture-2026-09-28,Art. 463,aula-14.html,unused,"Art. 463 states a provision-specific rule beginning “Art. 463. O depoimento prestado em juízo é considerado serviço público.”; Aula14 covers general evidence theory, principles, and models, not this separate CPC rule."
cpc-lei-13105-capture-2026-09-28,Art. 464,aula-14.html,unused,"Art. 464 states a provision-specific rule beginning “Art. 464. A prova pericial consiste em exame, vistoria ou avaliação.”; Aula14 covers general evidence theory, principles, and models, not this separate CPC rule."
cpc-lei-13105-capture-2026-09-28,Art. 465,aula-14.html,unused,"Art. 465 states a provision-specific rule beginning “Art. 465. O juiz nomeará perito especializado no objeto da perícia e fixará de imediato o prazo par…”; Aula14 covers general evidence theory, principles, and models, not this separate CPC rule."
cpc-lei-13105-capture-2026-09-28,Art. 466,aula-14.html,unused,"Art. 466 states a provision-specific rule beginning “Art. 466. O perito cumprirá escrupulosamente o encargo que lhe foi cometido, independentemente de t…”; Aula14 covers general evidence theory, principles, and models, not this separate CPC rule."
cpc-lei-13105-capture-2026-09-28,Art. 467,aula-14.html,unused,"Art. 467 states a provision-specific rule beginning “Art. 467. O perito pode escusar-se ou ser recusado por impedimento ou suspeição.”; Aula14 covers general evidence theory, principles, and models, not this separate CPC rule."
cpc-lei-13105-capture-2026-09-28,Art. 468,aula-14.html,unused,"Art. 468 states a provision-specific rule beginning “Art. 468. O perito pode ser substituído quando:”; Aula14 covers general evidence theory, principles, and models, not this separate CPC rule."
cpc-lei-13105-capture-2026-09-28,Art. 469,aula-14.html,unused,"Art. 469 states a provision-specific rule beginning “Art. 469. As partes poderão apresentar quesitos suplementares durante a diligência, que poderão ser…”; Aula14 covers general evidence theory, principles, and models, not this separate CPC rule."
cpc-lei-13105-capture-2026-09-28,Art. 470,aula-14.html,unused,"Art. 470 states a provision-specific rule beginning “Art. 470. Incumbe ao juiz:”; Aula14 covers general evidence theory, principles, and models, not this separate CPC rule."
cpc-lei-13105-capture-2026-09-28,Art. 471,aula-14.html,unused,"Art. 471 states a provision-specific rule beginning “Art. 471. As partes podem, de comum acordo, escolher o perito, indicando-o mediante requerimento, d…”; Aula14 covers general evidence theory, principles, and models, not this separate CPC rule."
cpc-lei-13105-capture-2026-09-28,Art. 472,aula-14.html,unused,"Art. 472 states a provision-specific rule beginning “Art. 472. O juiz poderá dispensar prova pericial quando as partes, na inicial e na contestação, apr…”; Aula14 covers general evidence theory, principles, and models, not this separate CPC rule."
cpc-lei-13105-capture-2026-09-28,Art. 473,aula-14.html,unused,"Art. 473 states a provision-specific rule beginning “Art. 473. O laudo pericial deverá conter:”; Aula14 covers general evidence theory, principles, and models, not this separate CPC rule."
cpc-lei-13105-capture-2026-09-28,Art. 474,aula-14.html,unused,"Art. 474 states a provision-specific rule beginning “Art. 474. As partes terão ciência da data e do local designados pelo juiz ou indicados pelo perito…”; Aula14 covers general evidence theory, principles, and models, not this separate CPC rule."
cpc-lei-13105-capture-2026-09-28,Art. 475,aula-14.html,unused,"Art. 475 states a provision-specific rule beginning “Art. 475. Tratando-se de perícia complexa que abranja mais de uma área de conhecimento especializad…”; Aula14 covers general evidence theory, principles, and models, not this separate CPC rule."
cpc-lei-13105-capture-2026-09-28,Art. 476,aula-14.html,unused,"Art. 476 states a provision-specific rule beginning “Art. 476. Se o perito, por motivo justificado, não puder apresentar o laudo dentro do prazo, o juiz…”; Aula14 covers general evidence theory, principles, and models, not this separate CPC rule."
cpc-lei-13105-capture-2026-09-28,Art. 478,aula-14.html,unused,"Art. 478 states a provision-specific rule beginning “Art. 478. Quando o exame tiver por objeto a autenticidade ou a falsidade de documento ou for de nat…”; Aula14 covers general evidence theory, principles, and models, not this separate CPC rule."
cpc-lei-13105-capture-2026-09-28,Art. 479,aula-14.html,unused,"Art. 479 states a provision-specific rule beginning “Art. 479. O juiz apreciará a prova pericial de acordo com o disposto no”; Aula14 covers general evidence theory, principles, and models, not this separate CPC rule."
cpc-lei-13105-capture-2026-09-28,Art. 480,aula-14.html,unused,"Art. 480 states a provision-specific rule beginning “Art. 480. O juiz determinará, de ofício ou a requerimento da parte, a realização de nova perícia qu…”; Aula14 covers general evidence theory, principles, and models, not this separate CPC rule."
cpc-lei-13105-capture-2026-09-28,Art. 481,aula-14.html,unused,"Art. 481 states a provision-specific rule beginning “Art. 481. O juiz, de ofício ou a requerimento da parte, pode, em qualquer fase do processo, inspeci…”; Aula14 covers general evidence theory, principles, and models, not this separate CPC rule."
cpc-lei-13105-capture-2026-09-28,Art. 482,aula-14.html,unused,"Art. 482 states a provision-specific rule beginning “Art. 482. Ao realizar a inspeção, o juiz poderá ser assistido por um ou mais peritos.”; Aula14 covers general evidence theory, principles, and models, not this separate CPC rule."
cpc-lei-13105-capture-2026-09-28,Art. 483,aula-14.html,unused,"Art. 483 states a provision-specific rule beginning “Art. 483. O juiz irá ao local onde se encontre a pessoa ou a coisa quando:”; Aula14 covers general evidence theory, principles, and models, not this separate CPC rule."
cpc-lei-13105-capture-2026-09-28,Art. 484,aula-14.html,unused,"Art. 484 states a provision-specific rule beginning “Art. 484. Concluída a diligência, o juiz mandará lavrar auto circunstanciado, mencionando nele tudo…”; Aula14 covers general evidence theory, principles, and models, not this separate CPC rule."
cpc-lei-13105-capture-2026-09-28,Art. 485,aula-14.html,unused,"Art. 485 states a provision-specific rule beginning “Art. 485. O juiz não resolverá o mérito quando:”; Aula14 covers general evidence theory, principles, and models, not this separate CPC rule."
cpc-lei-13105-capture-2026-09-28,Art. 486,aula-14.html,unused,"Art. 486 states a provision-specific rule beginning “Art. 486. O pronunciamento judicial que não resolve o mérito não obsta a que a parte proponha de no…”; Aula14 covers general evidence theory, principles, and models, not this separate CPC rule."
cpc-lei-13105-capture-2026-09-28,Art. 487,aula-14.html,unused,"Art. 487 states a provision-specific rule beginning “Art. 487. Haverá resolução de mérito quando o juiz:”; Aula14 covers general evidence theory, principles, and models, not this separate CPC rule."
cpc-lei-13105-capture-2026-09-28,Art. 488,aula-14.html,unused,"Art. 488 states a provision-specific rule beginning “Art. 488. Desde que possível, o juiz resolverá o mérito sempre que a decisão for favorável à parte…”; Aula14 covers general evidence theory, principles, and models, not this separate CPC rule."
cpc-lei-13105-capture-2026-09-28,Art. 489,aula-14.html,unused,"Art. 489 states a provision-specific rule beginning “Art. 489. São elementos essenciais da sentença:”; Aula14 covers general evidence theory, principles, and models, not this separate CPC rule."
cpc-lei-13105-capture-2026-09-28,Art. 490,aula-14.html,unused,"Art. 490 states a provision-specific rule beginning “Art. 490. O juiz resolverá o mérito acolhendo ou rejeitando, no todo ou em parte, os pedidos formul…”; Aula14 covers general evidence theory, principles, and models, not this separate CPC rule."
cpc-lei-13105-capture-2026-09-28,Art. 491,aula-14.html,unused,"Art. 491 states a provision-specific rule beginning “Art. 491. Na ação relativa à obrigação de pagar quantia, ainda que formulado pedido genérico, a dec…”; Aula14 covers general evidence theory, principles, and models, not this separate CPC rule."
cpc-lei-13105-capture-2026-09-28,Art. 492,aula-14.html,unused,"Art. 492 states a provision-specific rule beginning “Art. 492. É vedado ao juiz proferir decisão de natureza diversa da pedida, bem como condenar a part…”; Aula14 covers general evidence theory, principles, and models, not this separate CPC rule."
cpc-lei-13105-capture-2026-09-28,Art. 493,aula-14.html,unused,"Art. 493 states a provision-specific rule beginning “Art. 493. Se, depois da propositura da ação, algum fato constitutivo, modificativo ou extintivo do…”; Aula14 covers general evidence theory, principles, and models, not this separate CPC rule."
cpc-lei-13105-capture-2026-09-28,Art. 494,aula-14.html,unused,"Art. 494 states a provision-specific rule beginning “Art. 494. Publicada a sentença, o juiz só poderá alterá-la:”; Aula14 covers general evidence theory, principles, and models, not this separate CPC rule."
cpc-lei-13105-capture-2026-09-28,Art. 495,aula-14.html,unused,"Art. 495 states a provision-specific rule beginning “Art. 495. A decisão que condenar o réu ao pagamento de prestação consistente em dinheiro e a que de…”; Aula14 covers general evidence theory, principles, and models, not this separate CPC rule."
cpc-lei-13105-capture-2026-09-28,Art. 496,aula-14.html,unused,"Art. 496 states a provision-specific rule beginning “Art. 496. Está sujeita ao duplo grau de jurisdição, não produzindo efeito senão depois de confirmad…”; Aula14 covers general evidence theory, principles, and models, not this separate CPC rule."
cpc-lei-13105-capture-2026-09-28,Art. 497,aula-14.html,unused,"Art. 497 states a provision-specific rule beginning “Art. 497. Na ação que tenha por objeto a prestação de fazer ou de não fazer, o juiz, se procedente…”; Aula14 covers general evidence theory, principles, and models, not this separate CPC rule."
cpc-lei-13105-capture-2026-09-28,Art. 498,aula-14.html,unused,"Art. 498 states a provision-specific rule beginning “Art. 498. Na ação que tenha por objeto a entrega de coisa, o juiz, ao conceder a tutela específica,…”; Aula14 covers general evidence theory, principles, and models, not this separate CPC rule."
cpc-lei-13105-capture-2026-09-28,Art. 499,aula-14.html,unused,"Art. 499 states a provision-specific rule beginning “Art. 499. A obrigação somente será convertida em perdas e danos se o autor o requerer ou se impossí…”; Aula14 covers general evidence theory, principles, and models, not this separate CPC rule."
cpc-lei-13105-capture-2026-09-28,Art. 500,aula-14.html,unused,"Art. 500 states a provision-specific rule beginning “Art. 500. A indenização por perdas e danos dar-se-á sem prejuízo da multa fixada periodicamente par…”; Aula14 covers general evidence theory, principles, and models, not this separate CPC rule."
cpc-lei-13105-capture-2026-09-28,Art. 501,aula-14.html,unused,"Art. 501 states a provision-specific rule beginning “Art. 501. Na ação que tenha por objeto a emissão de declaração de vontade, a sentença que julgar pr…”; Aula14 covers general evidence theory, principles, and models, not this separate CPC rule."
cpc-lei-13105-capture-2026-09-28,Art. 502,aula-14.html,unused,"Art. 502 states a provision-specific rule beginning “Art. 502. Denomina-se coisa julgada material a autoridade que torna imutável e indiscutível a decis…”; Aula14 covers general evidence theory, principles, and models, not this separate CPC rule."
cpc-lei-13105-capture-2026-09-28,Art. 503,aula-14.html,unused,"Art. 503 states a provision-specific rule beginning “Art. 503. A decisão que julgar total ou parcialmente o mérito tem força de lei nos limites da quest…”; Aula14 covers general evidence theory, principles, and models, not this separate CPC rule."
cpc-lei-13105-capture-2026-09-28,Art. 504,aula-14.html,unused,"Art. 504 states a provision-specific rule beginning “Art. 504. Não fazem coisa julgada:”; Aula14 covers general evidence theory, principles, and models, not this separate CPC rule."
cpc-lei-13105-capture-2026-09-28,Art. 506,aula-14.html,unused,"Art. 506 states a provision-specific rule beginning “Art. 506. A sentença faz coisa julgada às partes entre as quais é dada, não prejudicando terceiros.”; Aula14 covers general evidence theory, principles, and models, not this separate CPC rule."
cpc-lei-13105-capture-2026-09-28,Art. 507,aula-14.html,unused,"Art. 507 states a provision-specific rule beginning “Art. 507. É vedado à parte discutir no curso do processo as questões já decididas a cujo respeito s…”; Aula14 covers general evidence theory, principles, and models, not this separate CPC rule."
cpc-lei-13105-capture-2026-09-28,Art. 508,aula-14.html,unused,"Art. 508 states a provision-specific rule beginning “Art. 508. Transitada em julgado a decisão de mérito, considerar-se-ão deduzidas e repelidas todas a…”; Aula14 covers general evidence theory, principles, and models, not this separate CPC rule."
cpc-lei-13105-capture-2026-09-28,Art. 509,aula-14.html,unused,"Art. 509 states a provision-specific rule beginning “Art. 509. Quando a sentença condenar ao pagamento de quantia ilíquida, proceder-se-á à sua liquidaç…”; Aula14 covers general evidence theory, principles, and models, not this separate CPC rule."
cpc-lei-13105-capture-2026-09-28,Art. 510,aula-14.html,unused,"Art. 510 states a provision-specific rule beginning “Art. 510. Na liquidação por arbitramento, o juiz intimará as partes para a apresentação de parecere…”; Aula14 covers general evidence theory, principles, and models, not this separate CPC rule."
cpc-lei-13105-capture-2026-09-28,Art. 511,aula-14.html,unused,"Art. 511 states a provision-specific rule beginning “Art. 511. Na liquidação pelo procedimento comum, o juiz determinará a intimação do requerido, na pe…”; Aula14 covers general evidence theory, principles, and models, not this separate CPC rule."
cpc-lei-13105-capture-2026-09-28,Art. 513,aula-14.html,unused,"Art. 513 states a provision-specific rule beginning “Art. 513. O cumprimento da sentença será feito segundo as regras deste Título, observando-se, no qu…”; Aula14 covers general evidence theory, principles, and models, not this separate CPC rule."
cpc-lei-13105-capture-2026-09-28,Art. 514,aula-14.html,unused,"Art. 514 states a provision-specific rule beginning “Art. 514. Quando o juiz decidir relação jurídica sujeita a condição ou termo, o cumprimento da sent…”; Aula14 covers general evidence theory, principles, and models, not this separate CPC rule."
cpc-lei-13105-capture-2026-09-28,Art. 515,aula-14.html,unused,"Art. 515 states a provision-specific rule beginning “Art. 515. São títulos executivos judiciais, cujo cumprimento dar-se-á de acordo com os artigos prev…”; Aula14 covers general evidence theory, principles, and models, not this separate CPC rule."
cpc-lei-13105-capture-2026-09-28,Art. 516,aula-14.html,unused,"Art. 516 states a provision-specific rule beginning “Art. 516. O cumprimento da sentença efetuar-se-á perante:”; Aula14 covers general evidence theory, principles, and models, not this separate CPC rule."
cpc-lei-13105-capture-2026-09-28,Art. 517,aula-14.html,unused,"Art. 517 states a provision-specific rule beginning “Art. 517. A decisão judicial transitada em julgado poderá ser levada a protesto, nos termos da lei,…”; Aula14 covers general evidence theory, principles, and models, not this separate CPC rule."
cpc-lei-13105-capture-2026-09-28,Art. 518,aula-14.html,unused,"Art. 518 states a provision-specific rule beginning “Art. 518. Todas as questões relativas à validade do procedimento de cumprimento da sentença e dos a…”; Aula14 covers general evidence theory, principles, and models, not this separate CPC rule."
cpc-lei-13105-capture-2026-09-28,Art. 519,aula-14.html,unused,"Art. 519 states a provision-specific rule beginning “Art. 519. Aplicam-se as disposições relativas ao cumprimento da sentença, provisório ou definitivo,…”; Aula14 covers general evidence theory, principles, and models, not this separate CPC rule."
cpc-lei-13105-capture-2026-09-28,Art. 520,aula-14.html,unused,"Art. 520 states a provision-specific rule beginning “Art. 520. O cumprimento provisório da sentença impugnada por recurso desprovido de efeito suspensiv…”; Aula14 covers general evidence theory, principles, and models, not this separate CPC rule."
cpc-lei-13105-capture-2026-09-28,Art. 521,aula-14.html,unused,"Art. 521 states a provision-specific rule beginning “Art. 521. A caução prevista no”; Aula14 covers general evidence theory, principles, and models, not this separate CPC rule."
cpc-lei-13105-capture-2026-09-28,Art. 522,aula-14.html,unused,"Art. 522 states a provision-specific rule beginning “Art. 522. O cumprimento provisório da sentença será requerido por petição dirigida ao juízo compete…”; Aula14 covers general evidence theory, principles, and models, not this separate CPC rule."
cpc-lei-13105-capture-2026-09-28,Art. 523,aula-14.html,unused,"Art. 523 states a provision-specific rule beginning “Art. 523. No caso de condenação em quantia certa, ou já fixada em liquidação, e no caso de decisão…”; Aula14 covers general evidence theory, principles, and models, not this separate CPC rule."
cpc-lei-13105-capture-2026-09-28,Art. 524,aula-14.html,unused,"Art. 524 states a provision-specific rule beginning “Art. 524. O requerimento previsto no”; Aula14 covers general evidence theory, principles, and models, not this separate CPC rule."
cpc-lei-13105-capture-2026-09-28,Art. 525,aula-14.html,unused,"Art. 525 states a provision-specific rule beginning “Art. 525. Transcorrido o prazo previsto no”; Aula14 covers general evidence theory, principles, and models, not this separate CPC rule."
cpc-lei-13105-capture-2026-09-28,Art. 526,aula-14.html,unused,"Art. 526 states a provision-specific rule beginning “Art. 526. É lícito ao réu, antes de ser intimado para o cumprimento da sentença, comparecer em juíz…”; Aula14 covers general evidence theory, principles, and models, not this separate CPC rule."
cpc-lei-13105-capture-2026-09-28,Art. 527,aula-14.html,unused,"Art. 527 states a provision-specific rule beginning “Art. 527. Aplicam-se as disposições deste Capítulo ao cumprimento provisório da sentença, no que co…”; Aula14 covers general evidence theory, principles, and models, not this separate CPC rule."
cpc-lei-13105-capture-2026-09-28,Art. 528,aula-14.html,unused,"Art. 528 states a provision-specific rule beginning “Art. 528. No cumprimento de sentença que condene ao pagamento de prestação alimentícia ou de decisã…”; Aula14 covers general evidence theory, principles, and models, not this separate CPC rule."
cpc-lei-13105-capture-2026-09-28,Art. 529,aula-14.html,unused,"Art. 529 states a provision-specific rule beginning “Art. 529. Quando o executado for funcionário público, militar, diretor ou gerente de empresa ou emp…”; Aula14 covers general evidence theory, principles, and models, not this separate CPC rule."
cpc-lei-13105-capture-2026-09-28,Art. 530,aula-14.html,unused,"Art. 530 states a provision-specific rule beginning “Art. 530. Não cumprida a obrigação, observar-se-á o disposto nos”; Aula14 covers general evidence theory, principles, and models, not this separate CPC rule."
cpc-lei-13105-capture-2026-09-28,Art. 531,aula-14.html,unused,"Art. 531 states a provision-specific rule beginning “Art. 531. O disposto neste Capítulo aplica-se aos alimentos definitivos ou provisórios.”; Aula14 covers general evidence theory, principles, and models, not this separate CPC rule."
cpc-lei-13105-capture-2026-09-28,Art. 532,aula-14.html,unused,"Art. 532 states a provision-specific rule beginning “Art. 532. Verificada a conduta procrastinatória do executado, o juiz deverá, se for o caso, dar ciê…”; Aula14 covers general evidence theory, principles, and models, not this separate CPC rule."
cpc-lei-13105-capture-2026-09-28,Art. 533,aula-14.html,unused,"Art. 533 states a provision-specific rule beginning “Art. 533. Quando a indenização por ato ilícito incluir prestação de alimentos, caberá ao executado,…”; Aula14 covers general evidence theory, principles, and models, not this separate CPC rule."
cpc-lei-13105-capture-2026-09-28,Art. 534,aula-14.html,unused,"Art. 534 states a provision-specific rule beginning “Art. 534. No cumprimento de sentença que impuser à Fazenda Pública o dever de pagar quantia certa,…”; Aula14 covers general evidence theory, principles, and models, not this separate CPC rule."
cpc-lei-13105-capture-2026-09-28,Art. 535,aula-14.html,unused,"Art. 535 states a provision-specific rule beginning “Art. 535. A Fazenda Pública será intimada na pessoa de seu representante judicial, por carga, remes…”; Aula14 covers general evidence theory, principles, and models, not this separate CPC rule."
cpc-lei-13105-capture-2026-09-28,Art. 536,aula-14.html,unused,"Art. 536 states a provision-specific rule beginning “Art. 536. No cumprimento de sentença que reconheça a exigibilidade de obrigação de fazer ou de não…”; Aula14 covers general evidence theory, principles, and models, not this separate CPC rule."
cpc-lei-13105-capture-2026-09-28,Art. 537,aula-14.html,unused,"Art. 537 states a provision-specific rule beginning “Art. 537. A multa independe de requerimento da parte e poderá ser aplicada na fase de conhecimento,…”; Aula14 covers general evidence theory, principles, and models, not this separate CPC rule."
cpc-lei-13105-capture-2026-09-28,Art. 538,aula-14.html,unused,"Art. 538 states a provision-specific rule beginning “Art. 538. Não cumprida a obrigação de entregar coisa no prazo estabelecido na sentença, será expedi…”; Aula14 covers general evidence theory, principles, and models, not this separate CPC rule."
cpc-lei-13105-capture-2026-09-28,Art. 539,aula-14.html,unused,"Art. 539 states a provision-specific rule beginning “Art. 539. Nos casos previstos em lei, poderá o devedor ou terceiro requerer, com efeito de pagament…”; Aula14 covers general evidence theory, principles, and models, not this separate CPC rule."
cpc-lei-13105-capture-2026-09-28,Art. 540,aula-14.html,unused,"Art. 540 states a provision-specific rule beginning “Art. 540. Requerer-se-á a consignação no lugar do pagamento, cessando para o devedor, à data do dep…”; Aula14 covers general evidence theory, principles, and models, not this separate CPC rule."
cpc-lei-13105-capture-2026-09-28,Art. 541,aula-14.html,unused,"Art. 541 states a provision-specific rule beginning “Art. 541. Tratando-se de prestações sucessivas, consignada uma delas, pode o devedor continuar a de…”; Aula14 covers general evidence theory, principles, and models, not this separate CPC rule."
cpc-lei-13105-capture-2026-09-28,Art. 542,aula-14.html,unused,"Art. 542 states a provision-specific rule beginning “Art. 542. Na petição inicial, o autor requererá:”; Aula14 covers general evidence theory, principles, and models, not this separate CPC rule."
cpc-lei-13105-capture-2026-09-28,Art. 543,aula-14.html,unused,"Art. 543 states a provision-specific rule beginning “Art. 543. Se o objeto da prestação for coisa indeterminada e a escolha couber ao credor, será este…”; Aula14 covers general evidence theory, principles, and models, not this separate CPC rule."
cpc-lei-13105-capture-2026-09-28,Art. 544,aula-14.html,unused,"Art. 544 states a provision-specific rule beginning “Art. 544. Na contestação, o réu poderá alegar que:”; Aula14 covers general evidence theory, principles, and models, not this separate CPC rule."
cpc-lei-13105-capture-2026-09-28,Art. 545,aula-14.html,unused,"Art. 545 states a provision-specific rule beginning “Art. 545. Alegada a insuficiência do depósito, é lícito ao autor completá-lo, em 10 (dez) dias, sal…”; Aula14 covers general evidence theory, principles, and models, not this separate CPC rule."
cpc-lei-13105-capture-2026-09-28,Art. 546,aula-14.html,unused,"Art. 546 states a provision-specific rule beginning “Art. 546. Julgado procedente o pedido, o juiz declarará extinta a obrigação e condenará o réu ao pa…”; Aula14 covers general evidence theory, principles, and models, not this separate CPC rule."
cpc-lei-13105-capture-2026-09-28,Art. 547,aula-14.html,unused,"Art. 547 states a provision-specific rule beginning “Art. 547. Se ocorrer dúvida sobre quem deva legitimamente receber o pagamento, o autor requererá o…”; Aula14 covers general evidence theory, principles, and models, not this separate CPC rule."
cpc-lei-13105-capture-2026-09-28,Art. 548,aula-14.html,unused,"Art. 548 states a provision-specific rule beginning “Art. 548. No caso do”; Aula14 covers general evidence theory, principles, and models, not this separate CPC rule."
cpc-lei-13105-capture-2026-09-28,Art. 549,aula-14.html,unused,"Art. 549 states a provision-specific rule beginning “Art. 549. Aplica-se o procedimento estabelecido neste Capítulo, no que couber, ao resgate do aforam…”; Aula14 covers general evidence theory, principles, and models, not this separate CPC rule."
cpc-lei-13105-capture-2026-09-28,Art. 550,aula-14.html,unused,"Art. 550 states a provision-specific rule beginning “Art. 550. Aquele que afirmar ser titular do direito de exigir contas requererá a citação do réu par…”; Aula14 covers general evidence theory, principles, and models, not this separate CPC rule."
cpc-lei-13105-capture-2026-09-28,Art. 551,aula-14.html,unused,"Art. 551 states a provision-specific rule beginning “Art. 551. As contas do réu serão apresentadas na forma adequada, especificando-se as receitas, a ap…”; Aula14 covers general evidence theory, principles, and models, not this separate CPC rule."
cpc-lei-13105-capture-2026-09-28,Art. 552,aula-14.html,unused,"Art. 552 states a provision-specific rule beginning “Art. 552. A sentença apurará o saldo e constituirá título executivo judicial.”; Aula14 covers general evidence theory, principles, and models, not this separate CPC rule."
cpc-lei-13105-capture-2026-09-28,Art. 553,aula-14.html,unused,"Art. 553 states a provision-specific rule beginning “Art. 553. As contas do inventariante, do tutor, do curador, do depositário e de qualquer outro admi…”; Aula14 covers general evidence theory, principles, and models, not this separate CPC rule."
cpc-lei-13105-capture-2026-09-28,Art. 554,aula-14.html,unused,"Art. 554 states a provision-specific rule beginning “Art. 554. A propositura de uma ação possessória em vez de outra não obstará a que o juiz conheça do…”; Aula14 covers general evidence theory, principles, and models, not this separate CPC rule."
cpc-lei-13105-capture-2026-09-28,Art. 555,aula-14.html,unused,"Art. 555 states a provision-specific rule beginning “Art. 555. É lícito ao autor cumular ao pedido possessório o de:”; Aula14 covers general evidence theory, principles, and models, not this separate CPC rule."
cpc-lei-13105-capture-2026-09-28,Art. 556,aula-14.html,unused,"Art. 556 states a provision-specific rule beginning “Art. 556. É lícito ao réu, na contestação, alegando que foi o ofendido em sua posse, demandar a pro…”; Aula14 covers general evidence theory, principles, and models, not this separate CPC rule."
cpc-lei-13105-capture-2026-09-28,Art. 557,aula-14.html,unused,"Art. 557 states a provision-specific rule beginning “Art. 557. Na pendência de ação possessória é vedado, tanto ao autor quanto ao réu, propor ação de r…”; Aula14 covers general evidence theory, principles, and models, not this separate CPC rule."
cpc-lei-13105-capture-2026-09-28,Art. 558,aula-14.html,unused,"Art. 558 states a provision-specific rule beginning “Art. 558. Regem o procedimento de manutenção e de reintegração de posse as normas da Seção II deste…”; Aula14 covers general evidence theory, principles, and models, not this separate CPC rule."
cpc-lei-13105-capture-2026-09-28,Art. 559,aula-14.html,unused,"Art. 559 states a provision-specific rule beginning “Art. 559. Se o réu provar, em qualquer tempo, que o autor provisoriamente mantido ou reintegrado na…”; Aula14 covers general evidence theory, principles, and models, not this separate CPC rule."
cpc-lei-13105-capture-2026-09-28,Art. 560,aula-14.html,unused,"Art. 560 states a provision-specific rule beginning “Art. 560. O possuidor tem direito a ser mantido na posse em caso de turbação e reintegrado em caso…”; Aula14 covers general evidence theory, principles, and models, not this separate CPC rule."
cpc-lei-13105-capture-2026-09-28,Art. 561,aula-14.html,unused,"Art. 561 states a provision-specific rule beginning “Art. 561. Incumbe ao autor provar:”; Aula14 covers general evidence theory, principles, and models, not this separate CPC rule."
cpc-lei-13105-capture-2026-09-28,Art. 562,aula-14.html,unused,"Art. 562 states a provision-specific rule beginning “Art. 562. Estando a petição inicial devidamente instruída, o juiz deferirá, sem ouvir o réu, a expe…”; Aula14 covers general evidence theory, principles, and models, not this separate CPC rule."
cpc-lei-13105-capture-2026-09-28,Art. 563,aula-14.html,unused,"Art. 563 states a provision-specific rule beginning “Art. 563. Considerada suficiente a justificação, o juiz fará logo expedir mandado de manutenção ou…”; Aula14 covers general evidence theory, principles, and models, not this separate CPC rule."
cpc-lei-13105-capture-2026-09-28,Art. 565,aula-14.html,unused,"Art. 565 states a provision-specific rule beginning “Art. 565. No litígio coletivo pela posse de imóvel, quando o esbulho ou a turbação afirmado na peti…”; Aula14 covers general evidence theory, principles, and models, not this separate CPC rule."
cpc-lei-13105-capture-2026-09-28,Art. 566,aula-14.html,unused,"Art. 566 states a provision-specific rule beginning “Art. 566. Aplica-se, quanto ao mais, o procedimento comum.”; Aula14 covers general evidence theory, principles, and models, not this separate CPC rule."
cpc-lei-13105-capture-2026-09-28,Art. 567,aula-14.html,unused,"Art. 567 states a provision-specific rule beginning “Art. 567. O possuidor direto ou indireto que tenha justo receio de ser molestado na posse poderá re…”; Aula14 covers general evidence theory, principles, and models, not this separate CPC rule."
cpc-lei-13105-capture-2026-09-28,Art. 568,aula-14.html,unused,"Art. 568 states a provision-specific rule beginning “Art. 568. Aplica-se ao interdito proibitório o disposto na Seção II deste Capítulo.”; Aula14 covers general evidence theory, principles, and models, not this separate CPC rule."
cpc-lei-13105-capture-2026-09-28,Art. 569,aula-14.html,unused,"Art. 569 states a provision-specific rule beginning “Art. 569. Cabe:”; Aula14 covers general evidence theory, principles, and models, not this separate CPC rule."
cpc-lei-13105-capture-2026-09-28,Art. 570,aula-14.html,unused,"Art. 570 states a provision-specific rule beginning “Art. 570. É lícita a cumulação dessas ações, caso em que deverá processar-se primeiramente a demarc…”; Aula14 covers general evidence theory, principles, and models, not this separate CPC rule."
cpc-lei-13105-capture-2026-09-28,Art. 571,aula-14.html,unused,"Art. 571 states a provision-specific rule beginning “Art. 571. A demarcação e a divisão poderão ser realizadas por escritura pública, desde que maiores,…”; Aula14 covers general evidence theory, principles, and models, not this separate CPC rule."
cpc-lei-13105-capture-2026-09-28,Art. 572,aula-14.html,unused,"Art. 572 states a provision-specific rule beginning “Art. 572. Fixados os marcos da linha de demarcação, os confinantes considerar-se-ão terceiros quant…”; Aula14 covers general evidence theory, principles, and models, not this separate CPC rule."
cpc-lei-13105-capture-2026-09-28,Art. 573,aula-14.html,unused,"Art. 573 states a provision-specific rule beginning “Art. 573. Tratando-se de imóvel georreferenciado, com averbação no registro de imóveis, pode o juiz…”; Aula14 covers general evidence theory, principles, and models, not this separate CPC rule."
cpc-lei-13105-capture-2026-09-28,Art. 574,aula-14.html,unused,"Art. 574 states a provision-specific rule beginning “Art. 574. Na petição inicial, instruída com os títulos da propriedade, designar-se-á o imóvel pela…”; Aula14 covers general evidence theory, principles, and models, not this separate CPC rule."
cpc-lei-13105-capture-2026-09-28,Art. 575,aula-14.html,unused,"Art. 575 states a provision-specific rule beginning “Art. 575. Qualquer condômino é parte legítima para promover a demarcação do imóvel comum, requerend…”; Aula14 covers general evidence theory, principles, and models, not this separate CPC rule."
cpc-lei-13105-capture-2026-09-28,Art. 576,aula-14.html,unused,"Art. 576 states a provision-specific rule beginning “Art. 576. A citação dos réus será feita por correio, observado o disposto no”; Aula14 covers general evidence theory, principles, and models, not this separate CPC rule."
cpc-lei-13105-capture-2026-09-28,Art. 577,aula-14.html,unused,"Art. 577 states a provision-specific rule beginning “Art. 577. Feitas as citações, terão os réus o prazo comum de 15 (quinze) dias para contestar.”; Aula14 covers general evidence theory, principles, and models, not this separate CPC rule."
cpc-lei-13105-capture-2026-09-28,Art. 578,aula-14.html,unused,"Art. 578 states a provision-specific rule beginning “Art. 578. Após o prazo de resposta do réu, observar-se-á o procedimento comum.”; Aula14 covers general evidence theory, principles, and models, not this separate CPC rule."
cpc-lei-13105-capture-2026-09-28,Art. 579,aula-14.html,unused,"Art. 579 states a provision-specific rule beginning “Art. 579. Antes de proferir a sentença, o juiz nomeará um ou mais peritos para levantar o traçado d…”; Aula14 covers general evidence theory, principles, and models, not this separate CPC rule."
cpc-lei-13105-capture-2026-09-28,Art. 580,aula-14.html,unused,"Art. 580 states a provision-specific rule beginning “Art. 580. Concluídos os estudos, os peritos apresentarão minucioso laudo sobre o traçado da linha d…”; Aula14 covers general evidence theory, principles, and models, not this separate CPC rule."
cpc-lei-13105-capture-2026-09-28,Art. 581,aula-14.html,unused,"Art. 581 states a provision-specific rule beginning “Art. 581. A sentença que julgar procedente o pedido determinará o traçado da linha demarcanda.”; Aula14 covers general evidence theory, principles, and models, not this separate CPC rule."
cpc-lei-13105-capture-2026-09-28,Art. 582,aula-14.html,unused,"Art. 582 states a provision-specific rule beginning “Art. 582. Transitada em julgado a sentença, o perito efetuará a demarcação e colocará os marcos nec…”; Aula14 covers general evidence theory, principles, and models, not this separate CPC rule."
cpc-lei-13105-capture-2026-09-28,Art. 583,aula-14.html,unused,"Art. 583 states a provision-specific rule beginning “Art. 583. As plantas serão acompanhadas das cadernetas de operações de campo e do memorial descriti…”; Aula14 covers general evidence theory, principles, and models, not this separate CPC rule."
cpc-lei-13105-capture-2026-09-28,Art. 584,aula-14.html,unused,"Art. 584 states a provision-specific rule beginning “Art. 584. É obrigatória a colocação de marcos tanto na estação inicial, dita marco primordial, quan…”; Aula14 covers general evidence theory, principles, and models, not this separate CPC rule."
cpc-lei-13105-capture-2026-09-28,Art. 585,aula-14.html,unused,"Art. 585 states a provision-specific rule beginning “Art. 585. A linha será percorrida pelos peritos, que examinarão os marcos e os rumos, consignando e…”; Aula14 covers general evidence theory, principles, and models, not this separate CPC rule."
cpc-lei-13105-capture-2026-09-28,Art. 586,aula-14.html,unused,"Art. 586 states a provision-specific rule beginning “Art. 586. Juntado aos autos o relatório dos peritos, o juiz determinará que as partes se manifestem…”; Aula14 covers general evidence theory, principles, and models, not this separate CPC rule."
cpc-lei-13105-capture-2026-09-28,Art. 587,aula-14.html,unused,"Art. 587 states a provision-specific rule beginning “Art. 587. Assinado o auto pelo juiz e pelos peritos, será proferida a sentença homologatória da dem…”; Aula14 covers general evidence theory, principles, and models, not this separate CPC rule."
cpc-lei-13105-capture-2026-09-28,Art. 588,aula-14.html,unused,"Art. 588 states a provision-specific rule beginning “Art. 588. A petição inicial será instruída com os títulos de domínio do promovente e conterá:”; Aula14 covers general evidence theory, principles, and models, not this separate CPC rule."
cpc-lei-13105-capture-2026-09-28,Art. 589,aula-14.html,unused,"Art. 589 states a provision-specific rule beginning “Art. 589. Feitas as citações como preceitua o”; Aula14 covers general evidence theory, principles, and models, not this separate CPC rule."
cpc-lei-13105-capture-2026-09-28,Art. 590,aula-14.html,unused,"Art. 590 states a provision-specific rule beginning “Art. 590. O juiz nomeará um ou mais peritos para promover a medição do imóvel e as operações de div…”; Aula14 covers general evidence theory, principles, and models, not this separate CPC rule."
cpc-lei-13105-capture-2026-09-28,Art. 591,aula-14.html,unused,"Art. 591 states a provision-specific rule beginning “Art. 591. Todos os condôminos serão intimados a apresentar, dentro de 10 (dez) dias, os seus título…”; Aula14 covers general evidence theory, principles, and models, not this separate CPC rule."
cpc-lei-13105-capture-2026-09-28,Art. 592,aula-14.html,unused,"Art. 592 states a provision-specific rule beginning “Art. 592. O juiz ouvirá as partes no prazo comum de 15 (quinze) dias.”; Aula14 covers general evidence theory, principles, and models, not this separate CPC rule."
cpc-lei-13105-capture-2026-09-28,Art. 593,aula-14.html,unused,"Art. 593 states a provision-specific rule beginning “Art. 593. Se qualquer linha do perímetro atingir benfeitorias permanentes dos confinantes feitas há…”; Aula14 covers general evidence theory, principles, and models, not this separate CPC rule."
cpc-lei-13105-capture-2026-09-28,Art. 594,aula-14.html,unused,"Art. 594 states a provision-specific rule beginning “Art. 594. Os confinantes do imóvel dividendo podem demandar a restituição dos terrenos que lhes ten…”; Aula14 covers general evidence theory, principles, and models, not this separate CPC rule."
cpc-lei-13105-capture-2026-09-28,Art. 595,aula-14.html,unused,"Art. 595 states a provision-specific rule beginning “Art. 595. Os peritos proporão, em laudo fundamentado, a forma da divisão, devendo consultar, quanto…”; Aula14 covers general evidence theory, principles, and models, not this separate CPC rule."
cpc-lei-13105-capture-2026-09-28,Art. 596,aula-14.html,unused,"Art. 596 states a provision-specific rule beginning “Art. 596. Ouvidas as partes, no prazo comum de 15 (quinze) dias, sobre o cálculo e o plano da divis…”; Aula14 covers general evidence theory, principles, and models, not this separate CPC rule."
cpc-lei-13105-capture-2026-09-28,Art. 597,aula-14.html,unused,"Art. 597 states a provision-specific rule beginning “Art. 597. Terminados os trabalhos e desenhados na planta os quinhões e as servidões aparentes, o pe…”; Aula14 covers general evidence theory, principles, and models, not this separate CPC rule."
cpc-lei-13105-capture-2026-09-28,Art. 598,aula-14.html,unused,"Art. 598 states a provision-specific rule beginning “Art. 598. Aplica-se às divisões o disposto nos”; Aula14 covers general evidence theory, principles, and models, not this separate CPC rule."
cpc-lei-13105-capture-2026-09-28,Art. 599,aula-14.html,unused,"Art. 599 states a provision-specific rule beginning “Art. 599. A ação de dissolução parcial de sociedade pode ter por objeto:”; Aula14 covers general evidence theory, principles, and models, not this separate CPC rule."
cpc-lei-13105-capture-2026-09-28,Art. 600,aula-14.html,unused,"Art. 600 states a provision-specific rule beginning “Art. 600. A ação pode ser proposta:”; Aula14 covers general evidence theory, principles, and models, not this separate CPC rule."
cpc-lei-13105-capture-2026-09-28,Art. 601,aula-14.html,unused,"Art. 601 states a provision-specific rule beginning “Art. 601. Os sócios e a sociedade serão citados para, no prazo de 15 (quinze) dias, concordar com o…”; Aula14 covers general evidence theory, principles, and models, not this separate CPC rule."
cpc-lei-13105-capture-2026-09-28,Art. 602,aula-14.html,unused,"Art. 602 states a provision-specific rule beginning “Art. 602. A sociedade poderá formular pedido de indenização compensável com o valor dos haveres a a…”; Aula14 covers general evidence theory, principles, and models, not this separate CPC rule."
cpc-lei-13105-capture-2026-09-28,Art. 603,aula-14.html,unused,"Art. 603 states a provision-specific rule beginning “Art. 603. Havendo manifestação expressa e unânime pela concordância da dissolução, o juiz a decreta…”; Aula14 covers general evidence theory, principles, and models, not this separate CPC rule."
cpc-lei-13105-capture-2026-09-28,Art. 604,aula-14.html,unused,"Art. 604 states a provision-specific rule beginning “Art. 604. Para apuração dos haveres, o juiz:”; Aula14 covers general evidence theory, principles, and models, not this separate CPC rule."
cpc-lei-13105-capture-2026-09-28,Art. 605,aula-14.html,unused,"Art. 605 states a provision-specific rule beginning “Art. 605. A data da resolução da sociedade será:”; Aula14 covers general evidence theory, principles, and models, not this separate CPC rule."
cpc-lei-13105-capture-2026-09-28,Art. 606,aula-14.html,unused,"Art. 606 states a provision-specific rule beginning “Art. 606. Em caso de omissão do contrato social, o juiz definirá, como critério de apuração de have…”; Aula14 covers general evidence theory, principles, and models, not this separate CPC rule."
cpc-lei-13105-capture-2026-09-28,Art. 607,aula-14.html,unused,"Art. 607 states a provision-specific rule beginning “Art. 607. A data da resolução e o critério de apuração de haveres podem ser revistos pelo juiz, a p…”; Aula14 covers general evidence theory, principles, and models, not this separate CPC rule."
cpc-lei-13105-capture-2026-09-28,Art. 608,aula-14.html,unused,"Art. 608 states a provision-specific rule beginning “Art. 608. Até a data da resolução, integram o valor devido ao ex-sócio, ao espólio ou aos sucessore…”; Aula14 covers general evidence theory, principles, and models, not this separate CPC rule."
cpc-lei-13105-capture-2026-09-28,Art. 609,aula-14.html,unused,"Art. 609 states a provision-specific rule beginning “Art. 609. Uma vez apurados, os haveres do sócio retirante serão pagos conforme disciplinar o contra…”; Aula14 covers general evidence theory, principles, and models, not this separate CPC rule."
cpc-lei-13105-capture-2026-09-28,Art. 610,aula-14.html,unused,"Art. 610 states a provision-specific rule beginning “Art. 610. Havendo testamento ou interessado incapaz, proceder-se-á ao inventário judicial.”; Aula14 covers general evidence theory, principles, and models, not this separate CPC rule."
cpc-lei-13105-capture-2026-09-28,Art. 611,aula-14.html,unused,"Art. 611 states a provision-specific rule beginning “Art. 611. O processo de inventário e de partilha deve ser instaurado dentro de 2 (dois) meses, a co…”; Aula14 covers general evidence theory, principles, and models, not this separate CPC rule."
cpc-lei-13105-capture-2026-09-28,Art. 612,aula-14.html,unused,"Art. 612 states a provision-specific rule beginning “Art. 612. O juiz decidirá todas as questões de direito desde que os fatos relevantes estejam provad…”; Aula14 covers general evidence theory, principles, and models, not this separate CPC rule."
cpc-lei-13105-capture-2026-09-28,Art. 613,aula-14.html,unused,"Art. 613 states a provision-specific rule beginning “Art. 613. Até que o inventariante preste o compromisso, continuará o espólio na posse do administra…”; Aula14 covers general evidence theory, principles, and models, not this separate CPC rule."
cpc-lei-13105-capture-2026-09-28,Art. 614,aula-14.html,unused,"Art. 614 states a provision-specific rule beginning “Art. 614. O administrador provisório representa ativa e passivamente o espólio, é obrigado a trazer…”; Aula14 covers general evidence theory, principles, and models, not this separate CPC rule."
cpc-lei-13105-capture-2026-09-28,Art. 615,aula-14.html,unused,"Art. 615 states a provision-specific rule beginning “Art. 615. O requerimento de inventário e de partilha incumbe a quem estiver na posse e na administr…”; Aula14 covers general evidence theory, principles, and models, not this separate CPC rule."
cpc-lei-13105-capture-2026-09-28,Art. 616,aula-14.html,unused,"Art. 616 states a provision-specific rule beginning “Art. 616. Têm, contudo, legitimidade concorrente:”; Aula14 covers general evidence theory, principles, and models, not this separate CPC rule."
cpc-lei-13105-capture-2026-09-28,Art. 617,aula-14.html,unused,"Art. 617 states a provision-specific rule beginning “Art. 617. O juiz nomeará inventariante na seguinte ordem:”; Aula14 covers general evidence theory, principles, and models, not this separate CPC rule."
cpc-lei-13105-capture-2026-09-28,Art. 618,aula-14.html,unused,"Art. 618 states a provision-specific rule beginning “Art. 618. Incumbe ao inventariante:”; Aula14 covers general evidence theory, principles, and models, not this separate CPC rule."
cpc-lei-13105-capture-2026-09-28,Art. 619,aula-14.html,unused,"Art. 619 states a provision-specific rule beginning “Art. 619. Incumbe ainda ao inventariante, ouvidos os interessados e com autorização do juiz:”; Aula14 covers general evidence theory, principles, and models, not this separate CPC rule."
cpc-lei-13105-capture-2026-09-28,Art. 620,aula-14.html,unused,"Art. 620 states a provision-specific rule beginning “Art. 620. Dentro de 20 (vinte) dias contados da data em que prestou o compromisso, o inventariante…”; Aula14 covers general evidence theory, principles, and models, not this separate CPC rule."
cpc-lei-13105-capture-2026-09-28,Art. 621,aula-14.html,unused,"Art. 621 states a provision-specific rule beginning “Art. 621. Só se pode arguir sonegação ao inventariante depois de encerrada a descrição dos bens, co…”; Aula14 covers general evidence theory, principles, and models, not this separate CPC rule."
cpc-lei-13105-capture-2026-09-28,Art. 622,aula-14.html,unused,"Art. 622 states a provision-specific rule beginning “Art. 622. O inventariante será removido de ofício ou a requerimento:”; Aula14 covers general evidence theory, principles, and models, not this separate CPC rule."
cpc-lei-13105-capture-2026-09-28,Art. 623,aula-14.html,unused,"Art. 623 states a provision-specific rule beginning “Art. 623. Requerida a remoção com fundamento em qualquer dos incisos do”; Aula14 covers general evidence theory, principles, and models, not this separate CPC rule."
cpc-lei-13105-capture-2026-09-28,Art. 624,aula-14.html,unused,"Art. 624 states a provision-specific rule beginning “Art. 624. Decorrido o prazo, com a defesa do inventariante ou sem ela, o juiz decidirá.”; Aula14 covers general evidence theory, principles, and models, not this separate CPC rule."
cpc-lei-13105-capture-2026-09-28,Art. 625,aula-14.html,unused,"Art. 625 states a provision-specific rule beginning “Art. 625. O inventariante removido entregará imediatamente ao substituto os bens do espólio e, caso…”; Aula14 covers general evidence theory, principles, and models, not this separate CPC rule."
cpc-lei-13105-capture-2026-09-28,Art. 626,aula-14.html,unused,"Art. 626 states a provision-specific rule beginning “Art. 626. Feitas as primeiras declarações, o juiz mandará citar, para os termos do inventário e da…”; Aula14 covers general evidence theory, principles, and models, not this separate CPC rule."
cpc-lei-13105-capture-2026-09-28,Art. 627,aula-14.html,unused,"Art. 627 states a provision-specific rule beginning “Art. 627. Concluídas as citações, abrir-se-á vista às partes, em cartório e pelo prazo comum de 15…”; Aula14 covers general evidence theory, principles, and models, not this separate CPC rule."
cpc-lei-13105-capture-2026-09-28,Art. 628,aula-14.html,unused,"Art. 628 states a provision-specific rule beginning “Art. 628. Aquele que se julgar preterido poderá demandar sua admissão no inventário, requerendo-a a…”; Aula14 covers general evidence theory, principles, and models, not this separate CPC rule."
cpc-lei-13105-capture-2026-09-28,Art. 629,aula-14.html,unused,"Art. 629 states a provision-specific rule beginning “Art. 629. A Fazenda Pública, no prazo de 15 (quinze) dias, após a vista de que trata o”; Aula14 covers general evidence theory, principles, and models, not this separate CPC rule."
cpc-lei-13105-capture-2026-09-28,Art. 630,aula-14.html,unused,"Art. 630 states a provision-specific rule beginning “Art. 630. Findo o prazo previsto no”; Aula14 covers general evidence theory, principles, and models, not this separate CPC rule."
cpc-lei-13105-capture-2026-09-28,Art. 632,aula-14.html,unused,"Art. 632 states a provision-specific rule beginning “Art. 632. Não se expedirá carta precatória para a avaliação de bens situados fora da comarca onde c…”; Aula14 covers general evidence theory, principles, and models, not this separate CPC rule."
cpc-lei-13105-capture-2026-09-28,Art. 633,aula-14.html,unused,"Art. 633 states a provision-specific rule beginning “Art. 633. Sendo capazes todas as partes, não se procederá à avaliação se a Fazenda Pública, intimad…”; Aula14 covers general evidence theory, principles, and models, not this separate CPC rule."
cpc-lei-13105-capture-2026-09-28,Art. 634,aula-14.html,unused,"Art. 634 states a provision-specific rule beginning “Art. 634. Se os herdeiros concordarem com o valor dos bens declarados pela Fazenda Pública, a avali…”; Aula14 covers general evidence theory, principles, and models, not this separate CPC rule."
cpc-lei-13105-capture-2026-09-28,Art. 635,aula-14.html,unused,"Art. 635 states a provision-specific rule beginning “Art. 635. Entregue o laudo de avaliação, o juiz mandará que as partes se manifestem no prazo de 15…”; Aula14 covers general evidence theory, principles, and models, not this separate CPC rule."
cpc-lei-13105-capture-2026-09-28,Art. 636,aula-14.html,unused,"Art. 636 states a provision-specific rule beginning “Art. 636. Aceito o laudo ou resolvidas as impugnações suscitadas a seu respeito, lavrar-se-á em seg…”; Aula14 covers general evidence theory, principles, and models, not this separate CPC rule."
cpc-lei-13105-capture-2026-09-28,Art. 637,aula-14.html,unused,"Art. 637 states a provision-specific rule beginning “Art. 637. Ouvidas as partes sobre as últimas declarações no prazo comum de 15 (quinze) dias, proced…”; Aula14 covers general evidence theory, principles, and models, not this separate CPC rule."
cpc-lei-13105-capture-2026-09-28,Art. 638,aula-14.html,unused,"Art. 638 states a provision-specific rule beginning “Art. 638. Feito o cálculo, sobre ele serão ouvidas todas as partes no prazo comum de 5 (cinco) dias…”; Aula14 covers general evidence theory, principles, and models, not this separate CPC rule."
cpc-lei-13105-capture-2026-09-28,Art. 639,aula-14.html,unused,"Art. 639 states a provision-specific rule beginning “Art. 639. No prazo estabelecido no”; Aula14 covers general evidence theory, principles, and models, not this separate CPC rule."
cpc-lei-13105-capture-2026-09-28,Art. 640,aula-14.html,unused,"Art. 640 states a provision-specific rule beginning “Art. 640. O herdeiro que renunciou à herança ou o que dela foi excluído não se exime, pelo fato da…”; Aula14 covers general evidence theory, principles, and models, not this separate CPC rule."
cpc-lei-13105-capture-2026-09-28,Art. 641,aula-14.html,unused,"Art. 641 states a provision-specific rule beginning “Art. 641. Se o herdeiro negar o recebimento dos bens ou a obrigação de os conferir, o juiz, ouvidas…”; Aula14 covers general evidence theory, principles, and models, not this separate CPC rule."
cpc-lei-13105-capture-2026-09-28,Art. 642,aula-14.html,unused,"Art. 642 states a provision-specific rule beginning “Art. 642. Antes da partilha, poderão os credores do espólio requerer ao juízo do inventário o pagam…”; Aula14 covers general evidence theory, principles, and models, not this separate CPC rule."
cpc-lei-13105-capture-2026-09-28,Art. 643,aula-14.html,unused,"Art. 643 states a provision-specific rule beginning “Art. 643. Não havendo concordância de todas as partes sobre o pedido de pagamento feito pelo credor…”; Aula14 covers general evidence theory, principles, and models, not this separate CPC rule."
cpc-lei-13105-capture-2026-09-28,Art. 644,aula-14.html,unused,"Art. 644 states a provision-specific rule beginning “Art. 644. O credor de dívida líquida e certa, ainda não vencida, pode requerer habilitação no inven…”; Aula14 covers general evidence theory, principles, and models, not this separate CPC rule."
cpc-lei-13105-capture-2026-09-28,Art. 645,aula-14.html,unused,"Art. 645 states a provision-specific rule beginning “Art. 645. O legatário é parte legítima para manifestar-se sobre as dívidas do espólio:”; Aula14 covers general evidence theory, principles, and models, not this separate CPC rule."
cpc-lei-13105-capture-2026-09-28,Art. 646,aula-14.html,unused,"Art. 646 states a provision-specific rule beginning “Art. 646. Sem prejuízo do disposto no”; Aula14 covers general evidence theory, principles, and models, not this separate CPC rule."
cpc-lei-13105-capture-2026-09-28,Art. 647,aula-14.html,unused,"Art. 647 states a provision-specific rule beginning “Art. 647. Cumprido o disposto no”; Aula14 covers general evidence theory, principles, and models, not this separate CPC rule."
cpc-lei-13105-capture-2026-09-28,Art. 648,aula-14.html,unused,"Art. 648 states a provision-specific rule beginning “Art. 648. Na partilha, serão observadas as seguintes regras:”; Aula14 covers general evidence theory, principles, and models, not this separate CPC rule."
cpc-lei-13105-capture-2026-09-28,Art. 649,aula-14.html,unused,"Art. 649 states a provision-specific rule beginning “Art. 649. Os bens insuscetíveis de divisão cômoda que não couberem na parte do cônjuge ou companhei…”; Aula14 covers general evidence theory, principles, and models, not this separate CPC rule."
cpc-lei-13105-capture-2026-09-28,Art. 650,aula-14.html,unused,"Art. 650 states a provision-specific rule beginning “Art. 650. Se um dos interessados for nascituro, o quinhão que lhe caberá será reservado em poder do…”; Aula14 covers general evidence theory, principles, and models, not this separate CPC rule."
cpc-lei-13105-capture-2026-09-28,Art. 651,aula-14.html,unused,"Art. 651 states a provision-specific rule beginning “Art. 651. O partidor organizará o esboço da partilha de acordo com a decisão judicial, observando n…”; Aula14 covers general evidence theory, principles, and models, not this separate CPC rule."
cpc-lei-13105-capture-2026-09-28,Art. 652,aula-14.html,unused,"Art. 652 states a provision-specific rule beginning “Art. 652. Feito o esboço, as partes manifestar-se-ão sobre esse no prazo comum de 15 (quinze) dias,…”; Aula14 covers general evidence theory, principles, and models, not this separate CPC rule."
cpc-lei-13105-capture-2026-09-28,Art. 653,aula-14.html,unused,"Art. 653 states a provision-specific rule beginning “Art. 653. A partilha constará:”; Aula14 covers general evidence theory, principles, and models, not this separate CPC rule."
cpc-lei-13105-capture-2026-09-28,Art. 654,aula-14.html,unused,"Art. 654 states a provision-specific rule beginning “Art. 654. Pago o imposto de transmissão a título de morte e juntada aos autos certidão ou informaçã…”; Aula14 covers general evidence theory, principles, and models, not this separate CPC rule."
cpc-lei-13105-capture-2026-09-28,Art. 655,aula-14.html,unused,"Art. 655 states a provision-specific rule beginning “Art. 655. Transitada em julgado a sentença mencionada no”; Aula14 covers general evidence theory, principles, and models, not this separate CPC rule."
cpc-lei-13105-capture-2026-09-28,Art. 656,aula-14.html,unused,"Art. 656 states a provision-specific rule beginning “Art. 656. A partilha, mesmo depois de transitada em julgado a sentença, pode ser emendada nos mesmo…”; Aula14 covers general evidence theory, principles, and models, not this separate CPC rule."
cpc-lei-13105-capture-2026-09-28,Art. 657,aula-14.html,unused,"Art. 657 states a provision-specific rule beginning “Art. 657. A partilha amigável, lavrada em instrumento público, reduzida a termo nos autos do invent…”; Aula14 covers general evidence theory, principles, and models, not this separate CPC rule."
cpc-lei-13105-capture-2026-09-28,Art. 658,aula-14.html,unused,"Art. 658 states a provision-specific rule beginning “Art. 658. É rescindível a partilha julgada por sentença:”; Aula14 covers general evidence theory, principles, and models, not this separate CPC rule."
cpc-lei-13105-capture-2026-09-28,Art. 659,aula-14.html,unused,"Art. 659 states a provision-specific rule beginning “Art. 659. A partilha amigável, celebrada entre partes capazes, nos termos da lei, será homologada d…”; Aula14 covers general evidence theory, principles, and models, not this separate CPC rule."
cpc-lei-13105-capture-2026-09-28,Art. 660,aula-14.html,unused,"Art. 660 states a provision-specific rule beginning “Art. 660. Na petição de inventário, que se processará na forma de arrolamento sumário, independente…”; Aula14 covers general evidence theory, principles, and models, not this separate CPC rule."
cpc-lei-13105-capture-2026-09-28,Art. 661,aula-14.html,unused,"Art. 661 states a provision-specific rule beginning “Art. 661. Ressalvada a hipótese prevista no parágrafo único do”; Aula14 covers general evidence theory, principles, and models, not this separate CPC rule."
cpc-lei-13105-capture-2026-09-28,Art. 662,aula-14.html,unused,"Art. 662 states a provision-specific rule beginning “Art. 662. No arrolamento, não serão conhecidas ou apreciadas questões relativas ao lançamento, ao p…”; Aula14 covers general evidence theory, principles, and models, not this separate CPC rule."
cpc-lei-13105-capture-2026-09-28,Art. 663,aula-14.html,unused,"Art. 663 states a provision-specific rule beginning “Art. 663. A existência de credores do espólio não impedirá a homologação da partilha ou da adjudica…”; Aula14 covers general evidence theory, principles, and models, not this separate CPC rule."
cpc-lei-13105-capture-2026-09-28,Art. 664,aula-14.html,unused,"Art. 664 states a provision-specific rule beginning “Art. 664. Quando o valor dos bens do espólio for igual ou inferior a 1.000 (mil) salários-mínimos,…”; Aula14 covers general evidence theory, principles, and models, not this separate CPC rule."
cpc-lei-13105-capture-2026-09-28,Art. 665,aula-14.html,unused,"Art. 665 states a provision-specific rule beginning “Art. 665. O inventário processar-se-á também na forma do”; Aula14 covers general evidence theory, principles, and models, not this separate CPC rule."
cpc-lei-13105-capture-2026-09-28,Art. 666,aula-14.html,unused,"Art. 666 states a provision-specific rule beginning “Art. 666. Independerá de inventário ou de arrolamento o pagamento dos valores previstos na”; Aula14 covers general evidence theory, principles, and models, not this separate CPC rule."
cpc-lei-13105-capture-2026-09-28,Art. 667,aula-14.html,unused,"Art. 667 states a provision-specific rule beginning “Art. 667. Aplicam-se subsidiariamente a esta Seção as disposições das Seções VII e VIII deste Capít…”; Aula14 covers general evidence theory, principles, and models, not this separate CPC rule."
cpc-lei-13105-capture-2026-09-28,Art. 668,aula-14.html,unused,"Art. 668 states a provision-specific rule beginning “Art. 668. Cessa a eficácia da tutela provisória prevista nas Seções deste Capítulo:”; Aula14 covers general evidence theory, principles, and models, not this separate CPC rule."
cpc-lei-13105-capture-2026-09-28,Art. 669,aula-14.html,unused,"Art. 669 states a provision-specific rule beginning “Art. 669. São sujeitos à sobrepartilha os bens:”; Aula14 covers general evidence theory, principles, and models, not this separate CPC rule."
cpc-lei-13105-capture-2026-09-28,Art. 670,aula-14.html,unused,"Art. 670 states a provision-specific rule beginning “Art. 670. Na sobrepartilha dos bens, observar-se-á o processo de inventário e de partilha.”; Aula14 covers general evidence theory, principles, and models, not this separate CPC rule."
cpc-lei-13105-capture-2026-09-28,Art. 671,aula-14.html,unused,"Art. 671 states a provision-specific rule beginning “Art. 671. O juiz nomeará curador especial:”; Aula14 covers general evidence theory, principles, and models, not this separate CPC rule."
cpc-lei-13105-capture-2026-09-28,Art. 672,aula-14.html,unused,"Art. 672 states a provision-specific rule beginning “Art. 672. É lícita a cumulação de inventários para a partilha de heranças de pessoas diversas quand…”; Aula14 covers general evidence theory, principles, and models, not this separate CPC rule."
cpc-lei-13105-capture-2026-09-28,Art. 673,aula-14.html,unused,"Art. 673 states a provision-specific rule beginning “Art. 673. No caso previsto no”; Aula14 covers general evidence theory, principles, and models, not this separate CPC rule."
cpc-lei-13105-capture-2026-09-28,Art. 674,aula-14.html,unused,"Art. 674 states a provision-specific rule beginning “Art. 674. Quem, não sendo parte no processo, sofrer constrição ou ameaça de constrição sobre bens q…”; Aula14 covers general evidence theory, principles, and models, not this separate CPC rule."
cpc-lei-13105-capture-2026-09-28,Art. 675,aula-14.html,unused,"Art. 675 states a provision-specific rule beginning “Art. 675. Os embargos podem ser opostos a qualquer tempo no processo de conhecimento enquanto não t…”; Aula14 covers general evidence theory, principles, and models, not this separate CPC rule."
cpc-lei-13105-capture-2026-09-28,Art. 676,aula-14.html,unused,"Art. 676 states a provision-specific rule beginning “Art. 676. Os embargos serão distribuídos por dependência ao juízo que ordenou a constrição e autuad…”; Aula14 covers general evidence theory, principles, and models, not this separate CPC rule."
cpc-lei-13105-capture-2026-09-28,Art. 677,aula-14.html,unused,"Art. 677 states a provision-specific rule beginning “Art. 677. Na petição inicial, o embargante fará a prova sumária de sua posse ou de seu domínio e da…”; Aula14 covers general evidence theory, principles, and models, not this separate CPC rule."
cpc-lei-13105-capture-2026-09-28,Art. 678,aula-14.html,unused,"Art. 678 states a provision-specific rule beginning “Art. 678. A decisão que reconhecer suficientemente provado o domínio ou a posse determinará a suspe…”; Aula14 covers general evidence theory, principles, and models, not this separate CPC rule."
cpc-lei-13105-capture-2026-09-28,Art. 679,aula-14.html,unused,"Art. 679 states a provision-specific rule beginning “Art. 679. Os embargos poderão ser contestados no prazo de 15 (quinze) dias, findo o qual se seguirá…”; Aula14 covers general evidence theory, principles, and models, not this separate CPC rule."
cpc-lei-13105-capture-2026-09-28,Art. 681,aula-14.html,unused,"Art. 681 states a provision-specific rule beginning “Art. 681. Acolhido o pedido inicial, o ato de constrição judicial indevida será cancelado, com o re…”; Aula14 covers general evidence theory, principles, and models, not this separate CPC rule."
cpc-lei-13105-capture-2026-09-28,Art. 682,aula-14.html,unused,"Art. 682 states a provision-specific rule beginning “Art. 682. Quem pretender, no todo ou em parte, a coisa ou o direito sobre que controvertem autor e…”; Aula14 covers general evidence theory, principles, and models, not this separate CPC rule."
cpc-lei-13105-capture-2026-09-28,Art. 683,aula-14.html,unused,"Art. 683 states a provision-specific rule beginning “Art. 683. O opoente deduzirá o pedido em observação aos requisitos exigidos para propositura da açã…”; Aula14 covers general evidence theory, principles, and models, not this separate CPC rule."
cpc-lei-13105-capture-2026-09-28,Art. 684,aula-14.html,unused,"Art. 684 states a provision-specific rule beginning “Art. 684. Se um dos opostos reconhecer a procedência do pedido, contra o outro prosseguirá o opoent…”; Aula14 covers general evidence theory, principles, and models, not this separate CPC rule."
cpc-lei-13105-capture-2026-09-28,Art. 685,aula-14.html,unused,"Art. 685 states a provision-specific rule beginning “Art. 685. Admitido o processamento, a oposição será apensada aos autos e tramitará simultaneamente…”; Aula14 covers general evidence theory, principles, and models, not this separate CPC rule."
cpc-lei-13105-capture-2026-09-28,Art. 686,aula-14.html,unused,"Art. 686 states a provision-specific rule beginning “Art. 686. Cabendo ao juiz decidir simultaneamente a ação originária e a oposição, desta conhecerá e…”; Aula14 covers general evidence theory, principles, and models, not this separate CPC rule."
cpc-lei-13105-capture-2026-09-28,Art. 687,aula-14.html,unused,"Art. 687 states a provision-specific rule beginning “Art. 687. A habilitação ocorre quando, por falecimento de qualquer das partes, os interessados houv…”; Aula14 covers general evidence theory, principles, and models, not this separate CPC rule."
cpc-lei-13105-capture-2026-09-28,Art. 688,aula-14.html,unused,"Art. 688 states a provision-specific rule beginning “Art. 688. A habilitação pode ser requerida:”; Aula14 covers general evidence theory, principles, and models, not this separate CPC rule."
cpc-lei-13105-capture-2026-09-28,Art. 689,aula-14.html,unused,"Art. 689 states a provision-specific rule beginning “Art. 689. Proceder-se-á à habilitação nos autos do processo principal, na instância em que estiver,…”; Aula14 covers general evidence theory, principles, and models, not this separate CPC rule."
cpc-lei-13105-capture-2026-09-28,Art. 690,aula-14.html,unused,"Art. 690 states a provision-specific rule beginning “Art. 690. Recebida a petição, o juiz ordenará a citação dos requeridos para se pronunciarem no praz…”; Aula14 covers general evidence theory, principles, and models, not this separate CPC rule."
cpc-lei-13105-capture-2026-09-28,Art. 691,aula-14.html,unused,"Art. 691 states a provision-specific rule beginning “Art. 691. O juiz decidirá o pedido de habilitação imediatamente, salvo se este for impugnado e houv…”; Aula14 covers general evidence theory, principles, and models, not this separate CPC rule."
cpc-lei-13105-capture-2026-09-28,Art. 692,aula-14.html,unused,"Art. 692 states a provision-specific rule beginning “Art. 692. Transitada em julgado a sentença de habilitação, o processo principal retomará o seu curs…”; Aula14 covers general evidence theory, principles, and models, not this separate CPC rule."
cpc-lei-13105-capture-2026-09-28,Art. 693,aula-14.html,unused,"Art. 693 states a provision-specific rule beginning “Art. 693. As normas deste Capítulo aplicam-se aos processos contenciosos de divórcio, separação, re…”; Aula14 covers general evidence theory, principles, and models, not this separate CPC rule."
cpc-lei-13105-capture-2026-09-28,Art. 694,aula-14.html,unused,"Art. 694 states a provision-specific rule beginning “Art. 694. Nas ações de família, todos os esforços serão empreendidos para a solução consensual da c…”; Aula14 covers general evidence theory, principles, and models, not this separate CPC rule."
cpc-lei-13105-capture-2026-09-28,Art. 695,aula-14.html,unused,"Art. 695 states a provision-specific rule beginning “Art. 695. Recebida a petição inicial e, se for o caso, tomadas as providências referentes à tutela…”; Aula14 covers general evidence theory, principles, and models, not this separate CPC rule."
cpc-lei-13105-capture-2026-09-28,Art. 696,aula-14.html,unused,"Art. 696 states a provision-specific rule beginning “Art. 696. A audiência de mediação e conciliação poderá dividir-se em tantas sessões quantas sejam n…”; Aula14 covers general evidence theory, principles, and models, not this separate CPC rule."
cpc-lei-13105-capture-2026-09-28,Art. 697,aula-14.html,unused,"Art. 697 states a provision-specific rule beginning “Art. 697. Não realizado o acordo, passarão a incidir, a partir de então, as normas do procedimento…”; Aula14 covers general evidence theory, principles, and models, not this separate CPC rule."
cpc-lei-13105-capture-2026-09-28,Art. 698,aula-14.html,unused,"Art. 698 states a provision-specific rule beginning “Art. 698. Nas ações de família, o Ministério Público somente intervirá quando houver interesse de i…”; Aula14 covers general evidence theory, principles, and models, not this separate CPC rule."
cpc-lei-13105-capture-2026-09-28,Art. 699,aula-14.html,unused,"Art. 699 states a provision-specific rule beginning “Art. 699. Quando o processo envolver discussão sobre fato relacionado a abuso ou a alienação parent…”; Aula14 covers general evidence theory, principles, and models, not this separate CPC rule."
cpc-lei-13105-capture-2026-09-28,Art. 700,aula-14.html,unused,"Art. 700 states a provision-specific rule beginning “Art. 700. A ação monitória pode ser proposta por aquele que afirmar, com base em prova escrita sem…”; Aula14 covers general evidence theory, principles, and models, not this separate CPC rule."
cpc-lei-13105-capture-2026-09-28,Art. 701,aula-14.html,unused,"Art. 701 states a provision-specific rule beginning “Art. 701. Sendo evidente o direito do autor, o juiz deferirá a expedição de mandado de pagamento, d…”; Aula14 covers general evidence theory, principles, and models, not this separate CPC rule."
cpc-lei-13105-capture-2026-09-28,Art. 702,aula-14.html,unused,"Art. 702 states a provision-specific rule beginning “Art. 702. Independentemente de prévia segurança do juízo, o réu poderá opor, nos próprios autos, no…”; Aula14 covers general evidence theory, principles, and models, not this separate CPC rule."
cpc-lei-13105-capture-2026-09-28,Art. 703,aula-14.html,unused,"Art. 703 states a provision-specific rule beginning “Art. 703. Tomado o penhor legal nos casos previstos em lei, requererá o credor, ato contínuo, a hom…”; Aula14 covers general evidence theory, principles, and models, not this separate CPC rule."
cpc-lei-13105-capture-2026-09-28,Art. 704,aula-14.html,unused,"Art. 704 states a provision-specific rule beginning “Art. 704. A defesa só pode consistir em:”; Aula14 covers general evidence theory, principles, and models, not this separate CPC rule."
cpc-lei-13105-capture-2026-09-28,Art. 705,aula-14.html,unused,"Art. 705 states a provision-specific rule beginning “Art. 705. A partir da audiência preliminar, observar-se-á o procedimento comum.”; Aula14 covers general evidence theory, principles, and models, not this separate CPC rule."
cpc-lei-13105-capture-2026-09-28,Art. 706,aula-14.html,unused,"Art. 706 states a provision-specific rule beginning “Art. 706. Homologado judicialmente o penhor legal, consolidar-se-á a posse do autor sobre o objeto.”; Aula14 covers general evidence theory, principles, and models, not this separate CPC rule."
cpc-lei-13105-capture-2026-09-28,Art. 707,aula-14.html,unused,"Art. 707 states a provision-specific rule beginning “Art. 707. Quando inexistir consenso acerca da nomeação de um regulador de avarias, o juiz de direit…”; Aula14 covers general evidence theory, principles, and models, not this separate CPC rule."
cpc-lei-13105-capture-2026-09-28,Art. 708,aula-14.html,unused,"Art. 708 states a provision-specific rule beginning “Art. 708. O regulador declarará justificadamente se os danos são passíveis de rateio na forma de av…”; Aula14 covers general evidence theory, principles, and models, not this separate CPC rule."
cpc-lei-13105-capture-2026-09-28,Art. 709,aula-14.html,unused,"Art. 709 states a provision-specific rule beginning “Art. 709. As partes deverão apresentar nos autos os documentos necessários à regulação da avaria gr…”; Aula14 covers general evidence theory, principles, and models, not this separate CPC rule."
cpc-lei-13105-capture-2026-09-28,Art. 710,aula-14.html,unused,"Art. 710 states a provision-specific rule beginning “Art. 710. O regulador apresentará o regulamento da avaria grossa no prazo de até 12 (doze) meses, c…”; Aula14 covers general evidence theory, principles, and models, not this separate CPC rule."
cpc-lei-13105-capture-2026-09-28,Art. 711,aula-14.html,unused,"Art. 711 states a provision-specific rule beginning “Art. 711. Aplicam-se ao regulador de avarias os”; Aula14 covers general evidence theory, principles, and models, not this separate CPC rule."
cpc-lei-13105-capture-2026-09-28,Art. 712,aula-14.html,unused,"Art. 712 states a provision-specific rule beginning “Art. 712. Verificado o desaparecimento dos autos, eletrônicos ou não, pode o juiz, de ofício, qualq…”; Aula14 covers general evidence theory, principles, and models, not this separate CPC rule."
cpc-lei-13105-capture-2026-09-28,Art. 713,aula-14.html,unused,"Art. 713 states a provision-specific rule beginning “Art. 713. Na petição inicial, declarará a parte o estado do processo ao tempo do desaparecimento do…”; Aula14 covers general evidence theory, principles, and models, not this separate CPC rule."
cpc-lei-13105-capture-2026-09-28,Art. 714,aula-14.html,unused,"Art. 714 states a provision-specific rule beginning “Art. 714. A parte contrária será citada para contestar o pedido no prazo de 5 (cinco) dias, cabendo…”; Aula14 covers general evidence theory, principles, and models, not this separate CPC rule."
cpc-lei-13105-capture-2026-09-28,Art. 715,aula-14.html,unused,"Art. 715 states a provision-specific rule beginning “Art. 715. Se a perda dos autos tiver ocorrido depois da produção das provas em audiência, o juiz, s…”; Aula14 covers general evidence theory, principles, and models, not this separate CPC rule."
cpc-lei-13105-capture-2026-09-28,Art. 716,aula-14.html,unused,"Art. 716 states a provision-specific rule beginning “Art. 716. Julgada a restauração, seguirá o processo os seus termos.”; Aula14 covers general evidence theory, principles, and models, not this separate CPC rule."
cpc-lei-13105-capture-2026-09-28,Art. 717,aula-14.html,unused,"Art. 717 states a provision-specific rule beginning “Art. 717. Se o desaparecimento dos autos tiver ocorrido no tribunal, o processo de restauração será…”; Aula14 covers general evidence theory, principles, and models, not this separate CPC rule."
cpc-lei-13105-capture-2026-09-28,Art. 718,aula-14.html,unused,"Art. 718 states a provision-specific rule beginning “Art. 718. Quem houver dado causa ao desaparecimento dos autos responderá pelas custas da restauraçã…”; Aula14 covers general evidence theory, principles, and models, not this separate CPC rule."
cpc-lei-13105-capture-2026-09-28,Art. 719,aula-14.html,unused,"Art. 719 states a provision-specific rule beginning “Art. 719. Quando este Código não estabelecer procedimento especial, regem os procedimentos de juris…”; Aula14 covers general evidence theory, principles, and models, not this separate CPC rule."
cpc-lei-13105-capture-2026-09-28,Art. 720,aula-14.html,unused,"Art. 720 states a provision-specific rule beginning “Art. 720. O procedimento terá início por provocação do interessado, do Ministério Público ou da Def…”; Aula14 covers general evidence theory, principles, and models, not this separate CPC rule."
cpc-lei-13105-capture-2026-09-28,Art. 721,aula-14.html,unused,"Art. 721 states a provision-specific rule beginning “Art. 721. Serão citados todos os interessados, bem como intimado o Ministério Público, nos casos do”; Aula14 covers general evidence theory, principles, and models, not this separate CPC rule."
cpc-lei-13105-capture-2026-09-28,Art. 722,aula-14.html,unused,"Art. 722 states a provision-specific rule beginning “Art. 722. A Fazenda Pública será sempre ouvida nos casos em que tiver interesse.”; Aula14 covers general evidence theory, principles, and models, not this separate CPC rule."
cpc-lei-13105-capture-2026-09-28,Art. 723,aula-14.html,unused,"Art. 723 states a provision-specific rule beginning “Art. 723. O juiz decidirá o pedido no prazo de 10 (dez) dias.”; Aula14 covers general evidence theory, principles, and models, not this separate CPC rule."
cpc-lei-13105-capture-2026-09-28,Art. 724,aula-14.html,unused,"Art. 724 states a provision-specific rule beginning “Art. 724. Da sentença caberá apelação.”; Aula14 covers general evidence theory, principles, and models, not this separate CPC rule."
cpc-lei-13105-capture-2026-09-28,Art. 725,aula-14.html,unused,"Art. 725 states a provision-specific rule beginning “Art. 725. Processar-se-á na forma estabelecida nesta Seção o pedido de:”; Aula14 covers general evidence theory, principles, and models, not this separate CPC rule."
cpc-lei-13105-capture-2026-09-28,Art. 726,aula-14.html,unused,"Art. 726 states a provision-specific rule beginning “Art. 726. Quem tiver interesse em manifestar formalmente sua vontade a outrem sobre assunto juridic…”; Aula14 covers general evidence theory, principles, and models, not this separate CPC rule."
cpc-lei-13105-capture-2026-09-28,Art. 727,aula-14.html,unused,"Art. 727 states a provision-specific rule beginning “Art. 727. Também poderá o interessado interpelar o requerido, no caso do”; Aula14 covers general evidence theory, principles, and models, not this separate CPC rule."
cpc-lei-13105-capture-2026-09-28,Art. 728,aula-14.html,unused,"Art. 728 states a provision-specific rule beginning “Art. 728. O requerido será previamente ouvido antes do deferimento da notificação ou do respectivo…”; Aula14 covers general evidence theory, principles, and models, not this separate CPC rule."
cpc-lei-13105-capture-2026-09-28,Art. 729,aula-14.html,unused,"Art. 729 states a provision-specific rule beginning “Art. 729. Deferida e realizada a notificação ou interpelação, os autos serão entregues ao requerent…”; Aula14 covers general evidence theory, principles, and models, not this separate CPC rule."
cpc-lei-13105-capture-2026-09-28,Art. 730,aula-14.html,unused,"Art. 730 states a provision-specific rule beginning “Art. 730. Nos casos expressos em lei, não havendo acordo entre os interessados sobre o modo como se…”; Aula14 covers general evidence theory, principles, and models, not this separate CPC rule."
cpc-lei-13105-capture-2026-09-28,Art. 731,aula-14.html,unused,"Art. 731 states a provision-specific rule beginning “Art. 731. A homologação do divórcio ou da separação consensuais, observados os requisitos legais, p…”; Aula14 covers general evidence theory, principles, and models, not this separate CPC rule."
cpc-lei-13105-capture-2026-09-28,Art. 732,aula-14.html,unused,"Art. 732 states a provision-specific rule beginning “Art. 732. As disposições relativas ao processo de homologação judicial de divórcio ou de separação…”; Aula14 covers general evidence theory, principles, and models, not this separate CPC rule."
cpc-lei-13105-capture-2026-09-28,Art. 733,aula-14.html,unused,"Art. 733 states a provision-specific rule beginning “Art. 733. O divórcio consensual, a separação consensual e a extinção consensual de união estável, n…”; Aula14 covers general evidence theory, principles, and models, not this separate CPC rule."
cpc-lei-13105-capture-2026-09-28,Art. 734,aula-14.html,unused,"Art. 734 states a provision-specific rule beginning “Art. 734. A alteração do regime de bens do casamento, observados os requisitos legais, poderá ser r…”; Aula14 covers general evidence theory, principles, and models, not this separate CPC rule."
cpc-lei-13105-capture-2026-09-28,Art. 735,aula-14.html,unused,"Art. 735 states a provision-specific rule beginning “Art. 735. Recebendo testamento cerrado, o juiz, se não achar vício externo que o torne suspeito de…”; Aula14 covers general evidence theory, principles, and models, not this separate CPC rule."
cpc-lei-13105-capture-2026-09-28,Art. 736,aula-14.html,unused,"Art. 736 states a provision-specific rule beginning “Art. 736. Qualquer interessado, exibindo o traslado ou a certidão de testamento público, poderá req…”; Aula14 covers general evidence theory, principles, and models, not this separate CPC rule."
cpc-lei-13105-capture-2026-09-28,Art. 737,aula-14.html,unused,"Art. 737 states a provision-specific rule beginning “Art. 737. A publicação do testamento particular poderá ser requerida, depois da morte do testador,…”; Aula14 covers general evidence theory, principles, and models, not this separate CPC rule."
cpc-lei-13105-capture-2026-09-28,Art. 738,aula-14.html,unused,"Art. 738 states a provision-specific rule beginning “Art. 738. Nos casos em que a lei considere jacente a herança, o juiz em cuja comarca tiver domicíli…”; Aula14 covers general evidence theory, principles, and models, not this separate CPC rule."
cpc-lei-13105-capture-2026-09-28,Art. 739,aula-14.html,unused,"Art. 739 states a provision-specific rule beginning “Art. 739. A herança jacente ficará sob a guarda, a conservação e a administração de um curador até…”; Aula14 covers general evidence theory, principles, and models, not this separate CPC rule."
cpc-lei-13105-capture-2026-09-28,Art. 740,aula-14.html,unused,"Art. 740 states a provision-specific rule beginning “Art. 740. O juiz ordenará que o oficial de justiça, acompanhado do escrivão ou do chefe de secretar…”; Aula14 covers general evidence theory, principles, and models, not this separate CPC rule."
cpc-lei-13105-capture-2026-09-28,Art. 741,aula-14.html,unused,"Art. 741 states a provision-specific rule beginning “Art. 741. Ultimada a arrecadação, o juiz mandará expedir edital, que será publicado na rede mundial…”; Aula14 covers general evidence theory, principles, and models, not this separate CPC rule."
cpc-lei-13105-capture-2026-09-28,Art. 742,aula-14.html,unused,"Art. 742 states a provision-specific rule beginning “Art. 742. O juiz poderá autorizar a alienação:”; Aula14 covers general evidence theory, principles, and models, not this separate CPC rule."
cpc-lei-13105-capture-2026-09-28,Art. 743,aula-14.html,unused,"Art. 743 states a provision-specific rule beginning “Art. 743. Passado 1 (um) ano da primeira publicação do edital e não havendo herdeiro habilitado nem…”; Aula14 covers general evidence theory, principles, and models, not this separate CPC rule."
cpc-lei-13105-capture-2026-09-28,Art. 744,aula-14.html,unused,"Art. 744 states a provision-specific rule beginning “Art. 744. Declarada a ausência nos casos previstos em lei, o juiz mandará arrecadar os bens do ause…”; Aula14 covers general evidence theory, principles, and models, not this separate CPC rule."
cpc-lei-13105-capture-2026-09-28,Art. 745,aula-14.html,unused,"Art. 745 states a provision-specific rule beginning “Art. 745. Feita a arrecadação, o juiz mandará publicar editais na rede mundial de computadores, no…”; Aula14 covers general evidence theory, principles, and models, not this separate CPC rule."
cpc-lei-13105-capture-2026-09-28,Art. 746,aula-14.html,unused,"Art. 746 states a provision-specific rule beginning “Art. 746. Recebendo do descobridor coisa alheia perdida, o juiz mandará lavrar o respectivo auto, d…”; Aula14 covers general evidence theory, principles, and models, not this separate CPC rule."
cpc-lei-13105-capture-2026-09-28,Art. 747,aula-14.html,unused,"Art. 747 states a provision-specific rule beginning “Art. 747. A interdição pode ser promovida:”; Aula14 covers general evidence theory, principles, and models, not this separate CPC rule."
cpc-lei-13105-capture-2026-09-28,Art. 748,aula-14.html,unused,"Art. 748 states a provision-specific rule beginning “Art. 748. O Ministério Público só promoverá interdição em caso de doença mental grave:”; Aula14 covers general evidence theory, principles, and models, not this separate CPC rule."
cpc-lei-13105-capture-2026-09-28,Art. 749,aula-14.html,unused,"Art. 749 states a provision-specific rule beginning “Art. 749. Incumbe ao autor, na petição inicial, especificar os fatos que demonstram a incapacidade…”; Aula14 covers general evidence theory, principles, and models, not this separate CPC rule."
cpc-lei-13105-capture-2026-09-28,Art. 750,aula-14.html,unused,"Art. 750 states a provision-specific rule beginning “Art. 750. O requerente deverá juntar laudo médico para fazer prova de suas alegações ou informar a…”; Aula14 covers general evidence theory, principles, and models, not this separate CPC rule."
cpc-lei-13105-capture-2026-09-28,Art. 751,aula-14.html,unused,"Art. 751 states a provision-specific rule beginning “Art. 751. O interditando será citado para, em dia designado, comparecer perante o juiz, que o entre…”; Aula14 covers general evidence theory, principles, and models, not this separate CPC rule."
cpc-lei-13105-capture-2026-09-28,Art. 752,aula-14.html,unused,"Art. 752 states a provision-specific rule beginning “Art. 752. Dentro do prazo de 15 (quinze) dias contado da entrevista, o interditando poderá impugnar…”; Aula14 covers general evidence theory, principles, and models, not this separate CPC rule."
cpc-lei-13105-capture-2026-09-28,Art. 753,aula-14.html,unused,"Art. 753 states a provision-specific rule beginning “Art. 753. Decorrido o prazo previsto no”; Aula14 covers general evidence theory, principles, and models, not this separate CPC rule."
cpc-lei-13105-capture-2026-09-28,Art. 754,aula-14.html,unused,"Art. 754 states a provision-specific rule beginning “Art. 754. Apresentado o laudo, produzidas as demais provas e ouvidos os interessados, o juiz profer…”; Aula14 covers general evidence theory, principles, and models, not this separate CPC rule."
cpc-lei-13105-capture-2026-09-28,Art. 755,aula-14.html,unused,"Art. 755 states a provision-specific rule beginning “Art. 755. Na sentença que decretar a interdição, o juiz:”; Aula14 covers general evidence theory, principles, and models, not this separate CPC rule."
cpc-lei-13105-capture-2026-09-28,Art. 756,aula-14.html,unused,"Art. 756 states a provision-specific rule beginning “Art. 756. Levantar-se-á a curatela quando cessar a causa que a determinou.”; Aula14 covers general evidence theory, principles, and models, not this separate CPC rule."
cpc-lei-13105-capture-2026-09-28,Art. 757,aula-14.html,unused,"Art. 757 states a provision-specific rule beginning “Art. 757. A autoridade do curador estende-se à pessoa e aos bens do incapaz que se encontrar sob a…”; Aula14 covers general evidence theory, principles, and models, not this separate CPC rule."
cpc-lei-13105-capture-2026-09-28,Art. 758,aula-14.html,unused,"Art. 758 states a provision-specific rule beginning “Art. 758. O curador deverá buscar tratamento e apoio apropriados à conquista da autonomia pelo inte…”; Aula14 covers general evidence theory, principles, and models, not this separate CPC rule."
cpc-lei-13105-capture-2026-09-28,Art. 759,aula-14.html,unused,"Art. 759 states a provision-specific rule beginning “Art. 759. O tutor ou o curador será intimado a prestar compromisso no prazo de 5 (cinco) dias conta…”; Aula14 covers general evidence theory, principles, and models, not this separate CPC rule."
cpc-lei-13105-capture-2026-09-28,Art. 760,aula-14.html,unused,"Art. 760 states a provision-specific rule beginning “Art. 760. O tutor ou o curador poderá eximir-se do encargo apresentando escusa ao juiz no prazo de…”; Aula14 covers general evidence theory, principles, and models, not this separate CPC rule."
cpc-lei-13105-capture-2026-09-28,Art. 761,aula-14.html,unused,"Art. 761 states a provision-specific rule beginning “Art. 761. Incumbe ao Ministério Público ou a quem tenha legítimo interesse requerer, nos casos prev…”; Aula14 covers general evidence theory, principles, and models, not this separate CPC rule."
cpc-lei-13105-capture-2026-09-28,Art. 762,aula-14.html,unused,"Art. 762 states a provision-specific rule beginning “Art. 762. Em caso de extrema gravidade, o juiz poderá suspender o tutor ou o curador do exercício d…”; Aula14 covers general evidence theory, principles, and models, not this separate CPC rule."
cpc-lei-13105-capture-2026-09-28,Art. 763,aula-14.html,unused,"Art. 763 states a provision-specific rule beginning “Art. 763. Cessando as funções do tutor ou do curador pelo decurso do prazo em que era obrigado a se…”; Aula14 covers general evidence theory, principles, and models, not this separate CPC rule."
cpc-lei-13105-capture-2026-09-28,Art. 764,aula-14.html,unused,"Art. 764 states a provision-specific rule beginning “Art. 764. O juiz decidirá sobre a aprovação do estatuto das fundações e de suas alterações sempre q…”; Aula14 covers general evidence theory, principles, and models, not this separate CPC rule."
cpc-lei-13105-capture-2026-09-28,Art. 765,aula-14.html,unused,"Art. 765 states a provision-specific rule beginning “Art. 765. Qualquer interessado ou o Ministério Público promoverá em juízo a extinção da fundação qu…”; Aula14 covers general evidence theory, principles, and models, not this separate CPC rule."
cpc-lei-13105-capture-2026-09-28,Art. 766,aula-14.html,unused,"Art. 766 states a provision-specific rule beginning “Art. 766. Todos os protestos e os processos testemunháveis formados a bordo e lançados no livro Diá…”; Aula14 covers general evidence theory, principles, and models, not this separate CPC rule."
cpc-lei-13105-capture-2026-09-28,Art. 767,aula-14.html,unused,"Art. 767 states a provision-specific rule beginning “Art. 767. A petição inicial conterá a transcrição dos termos lançados no livro Diário da Navegação…”; Aula14 covers general evidence theory, principles, and models, not this separate CPC rule."
cpc-lei-13105-capture-2026-09-28,Art. 768,aula-14.html,unused,"Art. 768 states a provision-specific rule beginning “Art. 768. A petição inicial deverá ser distribuída com urgência e encaminhada ao juiz, que ouvirá,…”; Aula14 covers general evidence theory, principles, and models, not this separate CPC rule."
cpc-lei-13105-capture-2026-09-28,Art. 769,aula-14.html,unused,"Art. 769 states a provision-specific rule beginning “Art. 769. Aberta a audiência, o juiz mandará apregoar os consignatários das cargas indicados na pet…”; Aula14 covers general evidence theory, principles, and models, not this separate CPC rule."
cpc-lei-13105-capture-2026-09-28,Art. 770,aula-14.html,unused,"Art. 770 states a provision-specific rule beginning “Art. 770. Inquiridos o comandante e as testemunhas, o juiz, convencido da veracidade dos termos lan…”; Aula14 covers general evidence theory, principles, and models, not this separate CPC rule."
cpc-lei-13105-capture-2026-09-28,Art. 771,aula-14.html,unused,"Art. 771 states a provision-specific rule beginning “Art. 771. Este Livro regula o procedimento da execução fundada em título extrajudicial, e suas disp…”; Aula14 covers general evidence theory, principles, and models, not this separate CPC rule."
cpc-lei-13105-capture-2026-09-28,Art. 772,aula-14.html,unused,"Art. 772 states a provision-specific rule beginning “Art. 772. O juiz pode, em qualquer momento do processo:”; Aula14 covers general evidence theory, principles, and models, not this separate CPC rule."
cpc-lei-13105-capture-2026-09-28,Art. 773,aula-14.html,unused,"Art. 773 states a provision-specific rule beginning “Art. 773. O juiz poderá, de ofício ou a requerimento, determinar as medidas necessárias ao cumprime…”; Aula14 covers general evidence theory, principles, and models, not this separate CPC rule."
cpc-lei-13105-capture-2026-09-28,Art. 774,aula-14.html,unused,"Art. 774 states a provision-specific rule beginning “Art. 774. Considera-se atentatória à dignidade da justiça a conduta comissiva ou omissiva do execut…”; Aula14 covers general evidence theory, principles, and models, not this separate CPC rule."
cpc-lei-13105-capture-2026-09-28,Art. 775,aula-14.html,unused,"Art. 775 states a provision-specific rule beginning “Art. 775. O exequente tem o direito de desistir de toda a execução ou de apenas alguma medida execu…”; Aula14 covers general evidence theory, principles, and models, not this separate CPC rule."
cpc-lei-13105-capture-2026-09-28,Art. 776,aula-14.html,unused,"Art. 776 states a provision-specific rule beginning “Art. 776. O exequente ressarcirá ao executado os danos que este sofreu, quando a sentença, transita…”; Aula14 covers general evidence theory, principles, and models, not this separate CPC rule."
cpc-lei-13105-capture-2026-09-28,Art. 777,aula-14.html,unused,"Art. 777 states a provision-specific rule beginning “Art. 777. A cobrança de multas ou de indenizações decorrentes de litigância de má-fé ou de prática…”; Aula14 covers general evidence theory, principles, and models, not this separate CPC rule."
cpc-lei-13105-capture-2026-09-28,Art. 778,aula-14.html,unused,"Art. 778 states a provision-specific rule beginning “Art. 778. Pode promover a execução forçada o credor a quem a lei confere título executivo.”; Aula14 covers general evidence theory, principles, and models, not this separate CPC rule."
cpc-lei-13105-capture-2026-09-28,Art. 779,aula-14.html,unused,"Art. 779 states a provision-specific rule beginning “Art. 779. A execução pode ser promovida contra:”; Aula14 covers general evidence theory, principles, and models, not this separate CPC rule."
cpc-lei-13105-capture-2026-09-28,Art. 780,aula-14.html,unused,"Art. 780 states a provision-specific rule beginning “Art. 780. O exequente pode cumular várias execuções, ainda que fundadas em títulos diferentes, quan…”; Aula14 covers general evidence theory, principles, and models, not this separate CPC rule."
cpc-lei-13105-capture-2026-09-28,Art. 781,aula-14.html,unused,"Art. 781 states a provision-specific rule beginning “Art. 781. A execução fundada em título extrajudicial será processada perante o juízo competente, ob…”; Aula14 covers general evidence theory, principles, and models, not this separate CPC rule."
cpc-lei-13105-capture-2026-09-28,Art. 782,aula-14.html,unused,"Art. 782 states a provision-specific rule beginning “Art. 782. Não dispondo a lei de modo diverso, o juiz determinará os atos executivos, e o oficial de…”; Aula14 covers general evidence theory, principles, and models, not this separate CPC rule."
cpc-lei-13105-capture-2026-09-28,Art. 783,aula-14.html,unused,"Art. 783 states a provision-specific rule beginning “Art. 783. A execução para cobrança de crédito fundar-se-á sempre em título de obrigação certa, líqu…”; Aula14 covers general evidence theory, principles, and models, not this separate CPC rule."
cpc-lei-13105-capture-2026-09-28,Art. 784,aula-14.html,unused,"Art. 784 states a provision-specific rule beginning “Art. 784. São títulos executivos extrajudiciais:”; Aula14 covers general evidence theory, principles, and models, not this separate CPC rule."
cpc-lei-13105-capture-2026-09-28,Art. 785,aula-14.html,unused,"Art. 785 states a provision-specific rule beginning “Art. 785. A existência de título executivo extrajudicial não impede a parte de optar pelo processo…”; Aula14 covers general evidence theory, principles, and models, not this separate CPC rule."
cpc-lei-13105-capture-2026-09-28,Art. 787,aula-14.html,unused,"Art. 787 states a provision-specific rule beginning “Art. 787. Se o devedor não for obrigado a satisfazer sua prestação senão mediante a contraprestação…”; Aula14 covers general evidence theory, principles, and models, not this separate CPC rule."
cpc-lei-13105-capture-2026-09-28,Art. 788,aula-14.html,unused,"Art. 788 states a provision-specific rule beginning “Art. 788. O credor não poderá iniciar a execução ou nela prosseguir se o devedor cumprir a obrigaçã…”; Aula14 covers general evidence theory, principles, and models, not this separate CPC rule."
cpc-lei-13105-capture-2026-09-28,Art. 789,aula-14.html,unused,"Art. 789 states a provision-specific rule beginning “Art. 789. O devedor responde com todos os seus bens presentes e futuros para o cumprimento de suas…”; Aula14 covers general evidence theory, principles, and models, not this separate CPC rule."
cpc-lei-13105-capture-2026-09-28,Art. 790,aula-14.html,unused,"Art. 790 states a provision-specific rule beginning “Art. 790. São sujeitos à execução os bens:”; Aula14 covers general evidence theory, principles, and models, not this separate CPC rule."
cpc-lei-13105-capture-2026-09-28,Art. 791,aula-14.html,unused,"Art. 791 states a provision-specific rule beginning “Art. 791. Se a execução tiver por objeto obrigação de que seja sujeito passivo o proprietário de te…”; Aula14 covers general evidence theory, principles, and models, not this separate CPC rule."
cpc-lei-13105-capture-2026-09-28,Art. 792,aula-14.html,unused,"Art. 792 states a provision-specific rule beginning “Art. 792. A alienação ou a oneração de bem é considerada fraude à execução:”; Aula14 covers general evidence theory, principles, and models, not this separate CPC rule."
cpc-lei-13105-capture-2026-09-28,Art. 793,aula-14.html,unused,"Art. 793 states a provision-specific rule beginning “Art. 793. O exequente que estiver, por direito de retenção, na posse de coisa pertencente ao devedo…”; Aula14 covers general evidence theory, principles, and models, not this separate CPC rule."
cpc-lei-13105-capture-2026-09-28,Art. 794,aula-14.html,unused,"Art. 794 states a provision-specific rule beginning “Art. 794. O fiador, quando executado, tem o direito de exigir que primeiro sejam executados os bens…”; Aula14 covers general evidence theory, principles, and models, not this separate CPC rule."
cpc-lei-13105-capture-2026-09-28,Art. 795,aula-14.html,unused,"Art. 795 states a provision-specific rule beginning “Art. 795. Os bens particulares dos sócios não respondem pelas dívidas da sociedade, senão nos casos…”; Aula14 covers general evidence theory, principles, and models, not this separate CPC rule."
cpc-lei-13105-capture-2026-09-28,Art. 796,aula-14.html,unused,"Art. 796 states a provision-specific rule beginning “Art. 796. O espólio responde pelas dívidas do falecido, mas, feita a partilha, cada herdeiro respon…”; Aula14 covers general evidence theory, principles, and models, not this separate CPC rule."
cpc-lei-13105-capture-2026-09-28,Art. 797,aula-14.html,unused,"Art. 797 states a provision-specific rule beginning “Art. 797. Ressalvado o caso de insolvência do devedor, em que tem lugar o concurso universal, reali…”; Aula14 covers general evidence theory, principles, and models, not this separate CPC rule."
cpc-lei-13105-capture-2026-09-28,Art. 798,aula-14.html,unused,"Art. 798 states a provision-specific rule beginning “Art. 798. Ao propor a execução, incumbe ao exequente:”; Aula14 covers general evidence theory, principles, and models, not this separate CPC rule."
cpc-lei-13105-capture-2026-09-28,Art. 799,aula-14.html,unused,"Art. 799 states a provision-specific rule beginning “Art. 799. Incumbe ainda ao exequente:”; Aula14 covers general evidence theory, principles, and models, not this separate CPC rule."
cpc-lei-13105-capture-2026-09-28,Art. 800,aula-14.html,unused,"Art. 800 states a provision-specific rule beginning “Art. 800. Nas obrigações alternativas, quando a escolha couber ao devedor, esse será citado para ex…”; Aula14 covers general evidence theory, principles, and models, not this separate CPC rule."
cpc-lei-13105-capture-2026-09-28,Art. 801,aula-14.html,unused,"Art. 801 states a provision-specific rule beginning “Art. 801. Verificando que a petição inicial está incompleta ou que não está acompanhada dos documen…”; Aula14 covers general evidence theory, principles, and models, not this separate CPC rule."
cpc-lei-13105-capture-2026-09-28,Art. 802,aula-14.html,unused,"Art. 802 states a provision-specific rule beginning “Art. 802. Na execução, o despacho que ordena a citação, desde que realizada em observância ao dispo…”; Aula14 covers general evidence theory, principles, and models, not this separate CPC rule."
cpc-lei-13105-capture-2026-09-28,Art. 803,aula-14.html,unused,"Art. 803 states a provision-specific rule beginning “Art. 803. É nula a execução se:”; Aula14 covers general evidence theory, principles, and models, not this separate CPC rule."
cpc-lei-13105-capture-2026-09-28,Art. 804,aula-14.html,unused,"Art. 804 states a provision-specific rule beginning “Art. 804. A alienação de bem gravado por penhor, hipoteca ou anticrese será ineficaz em relação ao…”; Aula14 covers general evidence theory, principles, and models, not this separate CPC rule."
cpc-lei-13105-capture-2026-09-28,Art. 805,aula-14.html,unused,"Art. 805 states a provision-specific rule beginning “Art. 805. Quando por vários meios o exequente puder promover a execução, o juiz mandará que se faça…”; Aula14 covers general evidence theory, principles, and models, not this separate CPC rule."
cpc-lei-13105-capture-2026-09-28,Art. 806,aula-14.html,unused,"Art. 806 states a provision-specific rule beginning “Art. 806. O devedor de obrigação de entrega de coisa certa, constante de título executivo extrajudi…”; Aula14 covers general evidence theory, principles, and models, not this separate CPC rule."
cpc-lei-13105-capture-2026-09-28,Art. 807,aula-14.html,unused,"Art. 807 states a provision-specific rule beginning “Art. 807. Se o executado entregar a coisa, será lavrado o termo respectivo e considerada satisfeita…”; Aula14 covers general evidence theory, principles, and models, not this separate CPC rule."
cpc-lei-13105-capture-2026-09-28,Art. 808,aula-14.html,unused,"Art. 808 states a provision-specific rule beginning “Art. 808. Alienada a coisa quando já litigiosa, será expedido mandado contra o terceiro adquirente,…”; Aula14 covers general evidence theory, principles, and models, not this separate CPC rule."
cpc-lei-13105-capture-2026-09-28,Art. 809,aula-14.html,unused,"Art. 809 states a provision-specific rule beginning “Art. 809. O exequente tem direito a receber, além de perdas e danos, o valor da coisa, quando essa…”; Aula14 covers general evidence theory, principles, and models, not this separate CPC rule."
cpc-lei-13105-capture-2026-09-28,Art. 810,aula-14.html,unused,"Art. 810 states a provision-specific rule beginning “Art. 810. Havendo benfeitorias indenizáveis feitas na coisa pelo executado ou por terceiros de cujo…”; Aula14 covers general evidence theory, principles, and models, not this separate CPC rule."
cpc-lei-13105-capture-2026-09-28,Art. 811,aula-14.html,unused,"Art. 811 states a provision-specific rule beginning “Art. 811. Quando a execução recair sobre coisa determinada pelo gênero e pela quantidade, o executa…”; Aula14 covers general evidence theory, principles, and models, not this separate CPC rule."
cpc-lei-13105-capture-2026-09-28,Art. 812,aula-14.html,unused,"Art. 812 states a provision-specific rule beginning “Art. 812. Qualquer das partes poderá, no prazo de 15 (quinze) dias, impugnar a escolha feita pela o…”; Aula14 covers general evidence theory, principles, and models, not this separate CPC rule."
cpc-lei-13105-capture-2026-09-28,Art. 813,aula-14.html,unused,"Art. 813 states a provision-specific rule beginning “Art. 813. Aplicar-se-ão à execução para entrega de coisa incerta, no que couber, as disposições da…”; Aula14 covers general evidence theory, principles, and models, not this separate CPC rule."
cpc-lei-13105-capture-2026-09-28,Art. 814,aula-14.html,unused,"Art. 814 states a provision-specific rule beginning “Art. 814. Na execução de obrigação de fazer ou de não fazer fundada em título extrajudicial, ao des…”; Aula14 covers general evidence theory, principles, and models, not this separate CPC rule."
cpc-lei-13105-capture-2026-09-28,Art. 815,aula-14.html,unused,"Art. 815 states a provision-specific rule beginning “Art. 815. Quando o objeto da execução for obrigação de fazer, o executado será citado para satisfaz…”; Aula14 covers general evidence theory, principles, and models, not this separate CPC rule."
cpc-lei-13105-capture-2026-09-28,Art. 816,aula-14.html,unused,"Art. 816 states a provision-specific rule beginning “Art. 816. Se o executado não satisfizer a obrigação no prazo designado, é lícito ao exequente, nos…”; Aula14 covers general evidence theory, principles, and models, not this separate CPC rule."
cpc-lei-13105-capture-2026-09-28,Art. 817,aula-14.html,unused,"Art. 817 states a provision-specific rule beginning “Art. 817. Se a obrigação puder ser satisfeita por terceiro, é lícito ao juiz autorizar, a requerime…”; Aula14 covers general evidence theory, principles, and models, not this separate CPC rule."
cpc-lei-13105-capture-2026-09-28,Art. 818,aula-14.html,unused,"Art. 818 states a provision-specific rule beginning “Art. 818. Realizada a prestação, o juiz ouvirá as partes no prazo de 10 (dez) dias e, não havendo i…”; Aula14 covers general evidence theory, principles, and models, not this separate CPC rule."
cpc-lei-13105-capture-2026-09-28,Art. 819,aula-14.html,unused,"Art. 819 states a provision-specific rule beginning “Art. 819. Se o terceiro contratado não realizar a prestação no prazo ou se o fizer de modo incomple…”; Aula14 covers general evidence theory, principles, and models, not this separate CPC rule."
cpc-lei-13105-capture-2026-09-28,Art. 820,aula-14.html,unused,"Art. 820 states a provision-specific rule beginning “Art. 820. Se o exequente quiser executar ou mandar executar, sob sua direção e vigilância, as obras…”; Aula14 covers general evidence theory, principles, and models, not this separate CPC rule."
cpc-lei-13105-capture-2026-09-28,Art. 821,aula-14.html,unused,"Art. 821 states a provision-specific rule beginning “Art. 821. Na obrigação de fazer, quando se convencionar que o executado a satisfaça pessoalmente, o…”; Aula14 covers general evidence theory, principles, and models, not this separate CPC rule."
cpc-lei-13105-capture-2026-09-28,Art. 822,aula-14.html,unused,"Art. 822 states a provision-specific rule beginning “Art. 822. Se o executado praticou ato a cuja abstenção estava obrigado por lei ou por contrato, o e…”; Aula14 covers general evidence theory, principles, and models, not this separate CPC rule."
cpc-lei-13105-capture-2026-09-28,Art. 823,aula-14.html,unused,"Art. 823 states a provision-specific rule beginning “Art. 823. Havendo recusa ou mora do executado, o exequente requererá ao juiz que mande desfazer o a…”; Aula14 covers general evidence theory, principles, and models, not this separate CPC rule."
cpc-lei-13105-capture-2026-09-28,Art. 824,aula-14.html,unused,"Art. 824 states a provision-specific rule beginning “Art. 824. A execução por quantia certa realiza-se pela expropriação de bens do executado, ressalvad…”; Aula14 covers general evidence theory, principles, and models, not this separate CPC rule."
cpc-lei-13105-capture-2026-09-28,Art. 825,aula-14.html,unused,"Art. 825 states a provision-specific rule beginning “Art. 825. A expropriação consiste em:”; Aula14 covers general evidence theory, principles, and models, not this separate CPC rule."
cpc-lei-13105-capture-2026-09-28,Art. 826,aula-14.html,unused,"Art. 826 states a provision-specific rule beginning “Art. 826. Antes de adjudicados ou alienados os bens, o executado pode, a todo tempo, remir a execuç…”; Aula14 covers general evidence theory, principles, and models, not this separate CPC rule."
cpc-lei-13105-capture-2026-09-28,Art. 827,aula-14.html,unused,"Art. 827 states a provision-specific rule beginning “Art. 827. Ao despachar a inicial, o juiz fixará, de plano, os honorários advocatícios de dez por ce…”; Aula14 covers general evidence theory, principles, and models, not this separate CPC rule."
cpc-lei-13105-capture-2026-09-28,Art. 828,aula-14.html,unused,"Art. 828 states a provision-specific rule beginning “Art. 828. O exequente poderá obter certidão de que a execução foi admitida pelo juiz, com identific…”; Aula14 covers general evidence theory, principles, and models, not this separate CPC rule."
cpc-lei-13105-capture-2026-09-28,Art. 829,aula-14.html,unused,"Art. 829 states a provision-specific rule beginning “Art. 829. O executado será citado para pagar a dívida no prazo de 3 (três) dias, contado da citação.”; Aula14 covers general evidence theory, principles, and models, not this separate CPC rule."
cpc-lei-13105-capture-2026-09-28,Art. 830,aula-14.html,unused,"Art. 830 states a provision-specific rule beginning “Art. 830. Se o oficial de justiça não encontrar o executado, arrestar-lhe-á tantos bens quantos bas…”; Aula14 covers general evidence theory, principles, and models, not this separate CPC rule."
cpc-lei-13105-capture-2026-09-28,Art. 831,aula-14.html,unused,"Art. 831 states a provision-specific rule beginning “Art. 831. A penhora deverá recair sobre tantos bens quantos bastem para o pagamento do principal at…”; Aula14 covers general evidence theory, principles, and models, not this separate CPC rule."
cpc-lei-13105-capture-2026-09-28,Art. 832,aula-14.html,unused,"Art. 832 states a provision-specific rule beginning “Art. 832. Não estão sujeitos à execução os bens que a lei considera impenhoráveis ou inalienáveis.”; Aula14 covers general evidence theory, principles, and models, not this separate CPC rule."
cpc-lei-13105-capture-2026-09-28,Art. 833,aula-14.html,unused,"Art. 833 states a provision-specific rule beginning “Art. 833. São impenhoráveis:”; Aula14 covers general evidence theory, principles, and models, not this separate CPC rule."
cpc-lei-13105-capture-2026-09-28,Art. 834,aula-14.html,unused,"Art. 834 states a provision-specific rule beginning “Art. 834. Podem ser penhorados, à falta de outros bens, os frutos e os rendimentos dos bens inalien…”; Aula14 covers general evidence theory, principles, and models, not this separate CPC rule."
cpc-lei-13105-capture-2026-09-28,Art. 835,aula-14.html,unused,"Art. 835 states a provision-specific rule beginning “Art. 835. A penhora observará, preferencialmente, a seguinte ordem:”; Aula14 covers general evidence theory, principles, and models, not this separate CPC rule."
cpc-lei-13105-capture-2026-09-28,Art. 836,aula-14.html,unused,"Art. 836 states a provision-specific rule beginning “Art. 836. Não se levará a efeito a penhora quando ficar evidente que o produto da execução dos bens…”; Aula14 covers general evidence theory, principles, and models, not this separate CPC rule."
cpc-lei-13105-capture-2026-09-28,Art. 837,aula-14.html,unused,"Art. 837 states a provision-specific rule beginning “Art. 837. Obedecidas as normas de segurança instituídas sob critérios uniformes pelo Conselho Nacio…”; Aula14 covers general evidence theory, principles, and models, not this separate CPC rule."
cpc-lei-13105-capture-2026-09-28,Art. 838,aula-14.html,unused,"Art. 838 states a provision-specific rule beginning “Art. 838. A penhora será realizada mediante auto ou termo, que conterá:”; Aula14 covers general evidence theory, principles, and models, not this separate CPC rule."
cpc-lei-13105-capture-2026-09-28,Art. 839,aula-14.html,unused,"Art. 839 states a provision-specific rule beginning “Art. 839. Considerar-se-á feita a penhora mediante a apreensão e o depósito dos bens, lavrando-se u…”; Aula14 covers general evidence theory, principles, and models, not this separate CPC rule."
cpc-lei-13105-capture-2026-09-28,Art. 840,aula-14.html,unused,"Art. 840 states a provision-specific rule beginning “Art. 840. Serão preferencialmente depositados:”; Aula14 covers general evidence theory, principles, and models, not this separate CPC rule."
cpc-lei-13105-capture-2026-09-28,Art. 841,aula-14.html,unused,"Art. 841 states a provision-specific rule beginning “Art. 841. Formalizada a penhora por qualquer dos meios legais, dela será imediatamente intimado o e…”; Aula14 covers general evidence theory, principles, and models, not this separate CPC rule."
cpc-lei-13105-capture-2026-09-28,Art. 842,aula-14.html,unused,"Art. 842 states a provision-specific rule beginning “Art. 842. Recaindo a penhora sobre bem imóvel ou direito real sobre imóvel, será intimado também o…”; Aula14 covers general evidence theory, principles, and models, not this separate CPC rule."
cpc-lei-13105-capture-2026-09-28,Art. 843,aula-14.html,unused,"Art. 843 states a provision-specific rule beginning “Art. 843. Tratando-se de penhora de bem indivisível, o equivalente à quota-parte do coproprietário…”; Aula14 covers general evidence theory, principles, and models, not this separate CPC rule."
cpc-lei-13105-capture-2026-09-28,Art. 844,aula-14.html,unused,"Art. 844 states a provision-specific rule beginning “Art. 844. Para presunção absoluta de conhecimento por terceiros, cabe ao exequente providenciar a a…”; Aula14 covers general evidence theory, principles, and models, not this separate CPC rule."
cpc-lei-13105-capture-2026-09-28,Art. 845,aula-14.html,unused,"Art. 845 states a provision-specific rule beginning “Art. 845. Efetuar-se-á a penhora onde se encontrem os bens, ainda que sob a posse, a detenção ou a…”; Aula14 covers general evidence theory, principles, and models, not this separate CPC rule."
cpc-lei-13105-capture-2026-09-28,Art. 846,aula-14.html,unused,"Art. 846 states a provision-specific rule beginning “Art. 846. Se o executado fechar as portas da casa a fim de obstar a penhora dos bens, o oficial de…”; Aula14 covers general evidence theory, principles, and models, not this separate CPC rule."
cpc-lei-13105-capture-2026-09-28,Art. 847,aula-14.html,unused,"Art. 847 states a provision-specific rule beginning “Art. 847. O executado pode, no prazo de 10 (dez) dias contado da intimação da penhora, requerer a s…”; Aula14 covers general evidence theory, principles, and models, not this separate CPC rule."
cpc-lei-13105-capture-2026-09-28,Art. 848,aula-14.html,unused,"Art. 848 states a provision-specific rule beginning “Art. 848. As partes poderão requerer a substituição da penhora se:”; Aula14 covers general evidence theory, principles, and models, not this separate CPC rule."
cpc-lei-13105-capture-2026-09-28,Art. 849,aula-14.html,unused,"Art. 849 states a provision-specific rule beginning “Art. 849. Sempre que ocorrer a substituição dos bens inicialmente penhorados, será lavrado novo ter…”; Aula14 covers general evidence theory, principles, and models, not this separate CPC rule."
cpc-lei-13105-capture-2026-09-28,Art. 851,aula-14.html,unused,"Art. 851 states a provision-specific rule beginning “Art. 851. Não se procede à segunda penhora, salvo se:”; Aula14 covers general evidence theory, principles, and models, not this separate CPC rule."
cpc-lei-13105-capture-2026-09-28,Art. 852,aula-14.html,unused,"Art. 852 states a provision-specific rule beginning “Art. 852. O juiz determinará a alienação antecipada dos bens penhorados quando:”; Aula14 covers general evidence theory, principles, and models, not this separate CPC rule."
cpc-lei-13105-capture-2026-09-28,Art. 853,aula-14.html,unused,"Art. 853 states a provision-specific rule beginning “Art. 853. Quando uma das partes requerer alguma das medidas previstas nesta Subseção, o juiz ouvirá…”; Aula14 covers general evidence theory, principles, and models, not this separate CPC rule."
cpc-lei-13105-capture-2026-09-28,Art. 854,aula-14.html,unused,"Art. 854 states a provision-specific rule beginning “Art. 854. Para possibilitar a penhora de dinheiro em depósito ou em aplicação financeira, o juiz, a…”; Aula14 covers general evidence theory, principles, and models, not this separate CPC rule."
cpc-lei-13105-capture-2026-09-28,Art. 855,aula-14.html,unused,"Art. 855 states a provision-specific rule beginning “Art. 855. Quando recair em crédito do executado, enquanto não ocorrer a hipótese prevista no”; Aula14 covers general evidence theory, principles, and models, not this separate CPC rule."
cpc-lei-13105-capture-2026-09-28,Art. 856,aula-14.html,unused,"Art. 856 states a provision-specific rule beginning “Art. 856. A penhora de crédito representado por letra de câmbio, nota promissória, duplicata, chequ…”; Aula14 covers general evidence theory, principles, and models, not this separate CPC rule."
cpc-lei-13105-capture-2026-09-28,Art. 857,aula-14.html,unused,"Art. 857 states a provision-specific rule beginning “Art. 857. Feita a penhora em direito e ação do executado, e não tendo ele oferecido embargos ou sen…”; Aula14 covers general evidence theory, principles, and models, not this separate CPC rule."
cpc-lei-13105-capture-2026-09-28,Art. 858,aula-14.html,unused,"Art. 858 states a provision-specific rule beginning “Art. 858. Quando a penhora recair sobre dívidas de dinheiro a juros, de direito a rendas ou de pres…”; Aula14 covers general evidence theory, principles, and models, not this separate CPC rule."
cpc-lei-13105-capture-2026-09-28,Art. 859,aula-14.html,unused,"Art. 859 states a provision-specific rule beginning “Art. 859. Recaindo a penhora sobre direito a prestação ou a restituição de coisa determinada, o exe…”; Aula14 covers general evidence theory, principles, and models, not this separate CPC rule."
cpc-lei-13105-capture-2026-09-28,Art. 860,aula-14.html,unused,"Art. 860 states a provision-specific rule beginning “Art. 860. Quando o direito estiver sendo pleiteado em juízo, a penhora que recair sobre ele será av…”; Aula14 covers general evidence theory, principles, and models, not this separate CPC rule."
cpc-lei-13105-capture-2026-09-28,Art. 861,aula-14.html,unused,"Art. 861 states a provision-specific rule beginning “Art. 861. Penhoradas as quotas ou as ações de sócio em sociedade simples ou empresária, o juiz assi…”; Aula14 covers general evidence theory, principles, and models, not this separate CPC rule."
cpc-lei-13105-capture-2026-09-28,Art. 862,aula-14.html,unused,"Art. 862 states a provision-specific rule beginning “Art. 862. Quando a penhora recair em estabelecimento comercial, industrial ou agrícola, bem como em…”; Aula14 covers general evidence theory, principles, and models, not this separate CPC rule."
cpc-lei-13105-capture-2026-09-28,Art. 864,aula-14.html,unused,"Art. 864 states a provision-specific rule beginning “Art. 864. A penhora de navio ou de aeronave não obsta que continuem navegando ou operando até a ali…”; Aula14 covers general evidence theory, principles, and models, not this separate CPC rule."
cpc-lei-13105-capture-2026-09-28,Art. 866,aula-14.html,unused,"Art. 866 states a provision-specific rule beginning “Art. 866. Se o executado não tiver outros bens penhoráveis ou se, tendo-os, esses forem de difícil…”; Aula14 covers general evidence theory, principles, and models, not this separate CPC rule."
cpc-lei-13105-capture-2026-09-28,Art. 867,aula-14.html,unused,"Art. 867 states a provision-specific rule beginning “Art. 867. O juiz pode ordenar a penhora de frutos e rendimentos de coisa móvel ou imóvel quando a c…”; Aula14 covers general evidence theory, principles, and models, not this separate CPC rule."
cpc-lei-13105-capture-2026-09-28,Art. 868,aula-14.html,unused,"Art. 868 states a provision-specific rule beginning “Art. 868. Ordenada a penhora de frutos e rendimentos, o juiz nomeará administrador-depositário, que…”; Aula14 covers general evidence theory, principles, and models, not this separate CPC rule."
cpc-lei-13105-capture-2026-09-28,Art. 869,aula-14.html,unused,"Art. 869 states a provision-specific rule beginning “Art. 869. O juiz poderá nomear administrador-depositário o exequente ou o executado, ouvida a parte…”; Aula14 covers general evidence theory, principles, and models, not this separate CPC rule."
cpc-lei-13105-capture-2026-09-28,Art. 870,aula-14.html,unused,"Art. 870 states a provision-specific rule beginning “Art. 870. A avaliação será feita pelo oficial de justiça.”; Aula14 covers general evidence theory, principles, and models, not this separate CPC rule."
cpc-lei-13105-capture-2026-09-28,Art. 871,aula-14.html,unused,"Art. 871 states a provision-specific rule beginning “Art. 871. Não se procederá à avaliação quando:”; Aula14 covers general evidence theory, principles, and models, not this separate CPC rule."
cpc-lei-13105-capture-2026-09-28,Art. 872,aula-14.html,unused,"Art. 872 states a provision-specific rule beginning “Art. 872. A avaliação realizada pelo oficial de justiça constará de vistoria e de laudo anexados ao…”; Aula14 covers general evidence theory, principles, and models, not this separate CPC rule."
cpc-lei-13105-capture-2026-09-28,Art. 873,aula-14.html,unused,"Art. 873 states a provision-specific rule beginning “Art. 873. É admitida nova avaliação quando:”; Aula14 covers general evidence theory, principles, and models, not this separate CPC rule."
cpc-lei-13105-capture-2026-09-28,Art. 874,aula-14.html,unused,"Art. 874 states a provision-specific rule beginning “Art. 874. Após a avaliação, o juiz poderá, a requerimento do interessado e ouvida a parte contrária…”; Aula14 covers general evidence theory, principles, and models, not this separate CPC rule."
cpc-lei-13105-capture-2026-09-28,Art. 875,aula-14.html,unused,"Art. 875 states a provision-specific rule beginning “Art. 875. Realizadas a penhora e a avaliação, o juiz dará início aos atos de expropriação do bem.”; Aula14 covers general evidence theory, principles, and models, not this separate CPC rule."
cpc-lei-13105-capture-2026-09-28,Art. 876,aula-14.html,unused,"Art. 876 states a provision-specific rule beginning “Art. 876. É lícito ao exequente, oferecendo preço não inferior ao da avaliação, requerer que lhe se…”; Aula14 covers general evidence theory, principles, and models, not this separate CPC rule."
cpc-lei-13105-capture-2026-09-28,Art. 877,aula-14.html,unused,"Art. 877 states a provision-specific rule beginning “Art. 877. Transcorrido o prazo de 5 (cinco) dias, contado da última intimação, e decididas eventuai…”; Aula14 covers general evidence theory, principles, and models, not this separate CPC rule."
cpc-lei-13105-capture-2026-09-28,Art. 878,aula-14.html,unused,"Art. 878 states a provision-specific rule beginning “Art. 878. Frustradas as tentativas de alienação do bem, será reaberta oportunidade para requeriment…”; Aula14 covers general evidence theory, principles, and models, not this separate CPC rule."
cpc-lei-13105-capture-2026-09-28,Art. 879,aula-14.html,unused,"Art. 879 states a provision-specific rule beginning “Art. 879. A alienação far-se-á:”; Aula14 covers general evidence theory, principles, and models, not this separate CPC rule."
cpc-lei-13105-capture-2026-09-28,Art. 880,aula-14.html,unused,"Art. 880 states a provision-specific rule beginning “Art. 880. Não efetivada a adjudicação, o exequente poderá requerer a alienação por sua própria inic…”; Aula14 covers general evidence theory, principles, and models, not this separate CPC rule."
cpc-lei-13105-capture-2026-09-28,Art. 881,aula-14.html,unused,"Art. 881 states a provision-specific rule beginning “Art. 881. A alienação far-se-á em leilão judicial se não efetivada a adjudicação ou a alienação por…”; Aula14 covers general evidence theory, principles, and models, not this separate CPC rule."
cpc-lei-13105-capture-2026-09-28,Art. 882,aula-14.html,unused,"Art. 882 states a provision-specific rule beginning “Art. 882. Não sendo possível a sua realização por meio eletrônico, o leilão será presencial.”; Aula14 covers general evidence theory, principles, and models, not this separate CPC rule."
cpc-lei-13105-capture-2026-09-28,Art. 883,aula-14.html,unused,"Art. 883 states a provision-specific rule beginning “Art. 883. Caberá ao juiz a designação do leiloeiro público, que poderá ser indicado pelo exequente.”; Aula14 covers general evidence theory, principles, and models, not this separate CPC rule."
cpc-lei-13105-capture-2026-09-28,Art. 884,aula-14.html,unused,"Art. 884 states a provision-specific rule beginning “Art. 884. Incumbe ao leiloeiro público:”; Aula14 covers general evidence theory, principles, and models, not this separate CPC rule."
cpc-lei-13105-capture-2026-09-28,Art. 885,aula-14.html,unused,"Art. 885 states a provision-specific rule beginning “Art. 885. O juiz da execução estabelecerá o preço mínimo, as condições de pagamento e as garantias…”; Aula14 covers general evidence theory, principles, and models, not this separate CPC rule."
cpc-lei-13105-capture-2026-09-28,Art. 886,aula-14.html,unused,"Art. 886 states a provision-specific rule beginning “Art. 886. O leilão será precedido de publicação de edital, que conterá:”; Aula14 covers general evidence theory, principles, and models, not this separate CPC rule."
cpc-lei-13105-capture-2026-09-28,Art. 887,aula-14.html,unused,"Art. 887 states a provision-specific rule beginning “Art. 887. O leiloeiro público designado adotará providências para a ampla divulgação da alienação.”; Aula14 covers general evidence theory, principles, and models, not this separate CPC rule."
cpc-lei-13105-capture-2026-09-28,Art. 888,aula-14.html,unused,"Art. 888 states a provision-specific rule beginning “Art. 888. Não se realizando o leilão por qualquer motivo, o juiz mandará publicar a transferência,…”; Aula14 covers general evidence theory, principles, and models, not this separate CPC rule."
cpc-lei-13105-capture-2026-09-28,Art. 889,aula-14.html,unused,"Art. 889 states a provision-specific rule beginning “Art. 889. Serão cientificados da alienação judicial, com pelo menos 5 (cinco) dias de antecedência:”; Aula14 covers general evidence theory, principles, and models, not this separate CPC rule."
cpc-lei-13105-capture-2026-09-28,Art. 890,aula-14.html,unused,"Art. 890 states a provision-specific rule beginning “Art. 890. Pode oferecer lance quem estiver na livre administração de seus bens, com exceção:”; Aula14 covers general evidence theory, principles, and models, not this separate CPC rule."
cpc-lei-13105-capture-2026-09-28,Art. 891,aula-14.html,unused,"Art. 891 states a provision-specific rule beginning “Art. 891. Não será aceito lance que ofereça preço vil.”; Aula14 covers general evidence theory, principles, and models, not this separate CPC rule."
cpc-lei-13105-capture-2026-09-28,Art. 892,aula-14.html,unused,"Art. 892 states a provision-specific rule beginning “Art. 892. Salvo pronunciamento judicial em sentido diverso, o pagamento deverá ser realizado de ime…”; Aula14 covers general evidence theory, principles, and models, not this separate CPC rule."
cpc-lei-13105-capture-2026-09-28,Art. 893,aula-14.html,unused,"Art. 893 states a provision-specific rule beginning “Art. 893. Se o leilão for de diversos bens e houver mais de um lançador, terá preferência aquele qu…”; Aula14 covers general evidence theory, principles, and models, not this separate CPC rule."
cpc-lei-13105-capture-2026-09-28,Art. 894,aula-14.html,unused,"Art. 894 states a provision-specific rule beginning “Art. 894. Quando o imóvel admitir cômoda divisão, o juiz, a requerimento do executado, ordenará a a…”; Aula14 covers general evidence theory, principles, and models, not this separate CPC rule."
cpc-lei-13105-capture-2026-09-28,Art. 895,aula-14.html,unused,"Art. 895 states a provision-specific rule beginning “Art. 895. O interessado em adquirir o bem penhorado em prestações poderá apresentar, por escrito:”; Aula14 covers general evidence theory, principles, and models, not this separate CPC rule."
cpc-lei-13105-capture-2026-09-28,Art. 896,aula-14.html,unused,"Art. 896 states a provision-specific rule beginning “Art. 896. Quando o imóvel de incapaz não alcançar em leilão pelo menos oitenta por cento do valor d…”; Aula14 covers general evidence theory, principles, and models, not this separate CPC rule."
cpc-lei-13105-capture-2026-09-28,Art. 897,aula-14.html,unused,"Art. 897 states a provision-specific rule beginning “Art. 897. Se o arrematante ou seu fiador não pagar o preço no prazo estabelecido, o juiz impor-lhe-…”; Aula14 covers general evidence theory, principles, and models, not this separate CPC rule."
cpc-lei-13105-capture-2026-09-28,Art. 898,aula-14.html,unused,"Art. 898 states a provision-specific rule beginning “Art. 898. O fiador do arrematante que pagar o valor do lance e a multa poderá requerer que a arrema…”; Aula14 covers general evidence theory, principles, and models, not this separate CPC rule."
cpc-lei-13105-capture-2026-09-28,Art. 899,aula-14.html,unused,"Art. 899 states a provision-specific rule beginning “Art. 899. Será suspensa a arrematação logo que o produto da alienação dos bens for suficiente para…”; Aula14 covers general evidence theory, principles, and models, not this separate CPC rule."
cpc-lei-13105-capture-2026-09-28,Art. 900,aula-14.html,unused,"Art. 900 states a provision-specific rule beginning “Art. 900. O leilão prosseguirá no dia útil imediato, à mesma hora em que teve início, independentem…”; Aula14 covers general evidence theory, principles, and models, not this separate CPC rule."
cpc-lei-13105-capture-2026-09-28,Art. 901,aula-14.html,unused,"Art. 901 states a provision-specific rule beginning “Art. 901. A arrematação constará de auto que será lavrado de imediato e poderá abranger bens penhor…”; Aula14 covers general evidence theory, principles, and models, not this separate CPC rule."
cpc-lei-13105-capture-2026-09-28,Art. 902,aula-14.html,unused,"Art. 902 states a provision-specific rule beginning “Art. 902. No caso de leilão de bem hipotecado, o executado poderá remi-lo até a assinatura do auto…”; Aula14 covers general evidence theory, principles, and models, not this separate CPC rule."
cpc-lei-13105-capture-2026-09-28,Art. 903,aula-14.html,unused,"Art. 903 states a provision-specific rule beginning “Art. 903. Qualquer que seja a modalidade de leilão, assinado o auto pelo juiz, pelo arrematante e p…”; Aula14 covers general evidence theory, principles, and models, not this separate CPC rule."
cpc-lei-13105-capture-2026-09-28,Art. 904,aula-14.html,unused,"Art. 904 states a provision-specific rule beginning “Art. 904. A satisfação do crédito exequendo far-se-á:”; Aula14 covers general evidence theory, principles, and models, not this separate CPC rule."
cpc-lei-13105-capture-2026-09-28,Art. 905,aula-14.html,unused,"Art. 905 states a provision-specific rule beginning “Art. 905. O juiz autorizará que o exequente levante, até a satisfação integral de seu crédito, o di…”; Aula14 covers general evidence theory, principles, and models, not this separate CPC rule."
cpc-lei-13105-capture-2026-09-28,Art. 906,aula-14.html,unused,"Art. 906 states a provision-specific rule beginning “Art. 906. Ao receber o mandado de levantamento, o exequente dará ao executado, por termo nos autos,…”; Aula14 covers general evidence theory, principles, and models, not this separate CPC rule."
cpc-lei-13105-capture-2026-09-28,Art. 907,aula-14.html,unused,"Art. 907 states a provision-specific rule beginning “Art. 907. Pago ao exequente o principal, os juros, as custas e os honorários, a importância que sob…”; Aula14 covers general evidence theory, principles, and models, not this separate CPC rule."
cpc-lei-13105-capture-2026-09-28,Art. 908,aula-14.html,unused,"Art. 908 states a provision-specific rule beginning “Art. 908. Havendo pluralidade de credores ou exequentes, o dinheiro lhes será distribuído e entregu…”; Aula14 covers general evidence theory, principles, and models, not this separate CPC rule."
cpc-lei-13105-capture-2026-09-28,Art. 909,aula-14.html,unused,"Art. 909 states a provision-specific rule beginning “Art. 909. Os exequentes formularão as suas pretensões, que versarão unicamente sobre o direito de p…”; Aula14 covers general evidence theory, principles, and models, not this separate CPC rule."
cpc-lei-13105-capture-2026-09-28,Art. 910,aula-14.html,unused,"Art. 910 states a provision-specific rule beginning “Art. 910. Na execução fundada em título extrajudicial, a Fazenda Pública será citada para opor emba…”; Aula14 covers general evidence theory, principles, and models, not this separate CPC rule."
cpc-lei-13105-capture-2026-09-28,Art. 911,aula-14.html,unused,"Art. 911 states a provision-specific rule beginning “Art. 911. Na execução fundada em título executivo extrajudicial que contenha obrigação alimentar, o…”; Aula14 covers general evidence theory, principles, and models, not this separate CPC rule."
cpc-lei-13105-capture-2026-09-28,Art. 912,aula-14.html,unused,"Art. 912 states a provision-specific rule beginning “Art. 912. Quando o executado for funcionário público, militar, diretor ou gerente de empresa, bem c…”; Aula14 covers general evidence theory, principles, and models, not this separate CPC rule."
cpc-lei-13105-capture-2026-09-28,Art. 913,aula-14.html,unused,"Art. 913 states a provision-specific rule beginning “Art. 913. Não requerida a execução nos termos deste Capítulo, observar-se-á o disposto no”; Aula14 covers general evidence theory, principles, and models, not this separate CPC rule."
cpc-lei-13105-capture-2026-09-28,Art. 914,aula-14.html,unused,"Art. 914 states a provision-specific rule beginning “Art. 914. O executado, independentemente de penhora, depósito ou caução, poderá se opor à execução…”; Aula14 covers general evidence theory, principles, and models, not this separate CPC rule."
cpc-lei-13105-capture-2026-09-28,Art. 915,aula-14.html,unused,"Art. 915 states a provision-specific rule beginning “Art. 915. Os embargos serão oferecidos no prazo de 15 (quinze) dias, contado, conforme o caso, na f…”; Aula14 covers general evidence theory, principles, and models, not this separate CPC rule."
cpc-lei-13105-capture-2026-09-28,Art. 916,aula-14.html,unused,"Art. 916 states a provision-specific rule beginning “Art. 916. No prazo para embargos, reconhecendo o crédito do exequente e comprovando o depósito de t…”; Aula14 covers general evidence theory, principles, and models, not this separate CPC rule."
cpc-lei-13105-capture-2026-09-28,Art. 917,aula-14.html,unused,"Art. 917 states a provision-specific rule beginning “Art. 917. Nos embargos à execução, o executado poderá alegar:”; Aula14 covers general evidence theory, principles, and models, not this separate CPC rule."
cpc-lei-13105-capture-2026-09-28,Art. 918,aula-14.html,unused,"Art. 918 states a provision-specific rule beginning “Art. 918. O juiz rejeitará liminarmente os embargos:”; Aula14 covers general evidence theory, principles, and models, not this separate CPC rule."
cpc-lei-13105-capture-2026-09-28,Art. 919,aula-14.html,unused,"Art. 919 states a provision-specific rule beginning “Art. 919. Os embargos à execução não terão efeito suspensivo.”; Aula14 covers general evidence theory, principles, and models, not this separate CPC rule."
cpc-lei-13105-capture-2026-09-28,Art. 920,aula-14.html,unused,"Art. 920 states a provision-specific rule beginning “Art. 920. Recebidos os embargos:”; Aula14 covers general evidence theory, principles, and models, not this separate CPC rule."
cpc-lei-13105-capture-2026-09-28,Art. 921,aula-14.html,unused,"Art. 921 states a provision-specific rule beginning “Art. 921. Suspende-se a execução:”; Aula14 covers general evidence theory, principles, and models, not this separate CPC rule."
cpc-lei-13105-capture-2026-09-28,Art. 922,aula-14.html,unused,"Art. 922 states a provision-specific rule beginning “Art. 922. Convindo as partes, o juiz declarará suspensa a execução durante o prazo concedido pelo e…”; Aula14 covers general evidence theory, principles, and models, not this separate CPC rule."
cpc-lei-13105-capture-2026-09-28,Art. 923,aula-14.html,unused,"Art. 923 states a provision-specific rule beginning “Art. 923. Suspensa a execução, não serão praticados atos processuais, podendo o juiz, entretanto, s…”; Aula14 covers general evidence theory, principles, and models, not this separate CPC rule."
cpc-lei-13105-capture-2026-09-28,Art. 924,aula-14.html,unused,"Art. 924 states a provision-specific rule beginning “Art. 924. Extingue-se a execução quando:”; Aula14 covers general evidence theory, principles, and models, not this separate CPC rule."
cpc-lei-13105-capture-2026-09-28,Art. 925,aula-14.html,unused,"Art. 925 states a provision-specific rule beginning “Art. 925. A extinção só produz efeito quando declarada por sentença.”; Aula14 covers general evidence theory, principles, and models, not this separate CPC rule."
cpc-lei-13105-capture-2026-09-28,Art. 926,aula-14.html,unused,"Art. 926 states a provision-specific rule beginning “Art. 926. Os tribunais devem uniformizar sua jurisprudência e mantê-la estável, íntegra e coerente.”; Aula14 covers general evidence theory, principles, and models, not this separate CPC rule."
cpc-lei-13105-capture-2026-09-28,Art. 927,aula-14.html,unused,"Art. 927 states a provision-specific rule beginning “Art. 927. Os juízes e os tribunais observarão:”; Aula14 covers general evidence theory, principles, and models, not this separate CPC rule."
cpc-lei-13105-capture-2026-09-28,Art. 928,aula-14.html,unused,"Art. 928 states a provision-specific rule beginning “Art. 928. Para os fins deste Código, considera-se julgamento de casos repetitivos a decisão proferi…”; Aula14 covers general evidence theory, principles, and models, not this separate CPC rule."
cpc-lei-13105-capture-2026-09-28,Art. 929,aula-14.html,unused,"Art. 929 states a provision-specific rule beginning “Art. 929. Os autos serão registrados no protocolo do tribunal no dia de sua entrada, cabendo à secr…”; Aula14 covers general evidence theory, principles, and models, not this separate CPC rule."
cpc-lei-13105-capture-2026-09-28,Art. 930,aula-14.html,unused,"Art. 930 states a provision-specific rule beginning “Art. 930. Far-se-á a distribuição de acordo com o regimento interno do tribunal, observando-se a al…”; Aula14 covers general evidence theory, principles, and models, not this separate CPC rule."
cpc-lei-13105-capture-2026-09-28,Art. 931,aula-14.html,unused,"Art. 931 states a provision-specific rule beginning “Art. 931. Distribuídos, os autos serão imediatamente conclusos ao relator, que, em 30 (trinta) dias…”; Aula14 covers general evidence theory, principles, and models, not this separate CPC rule."
cpc-lei-13105-capture-2026-09-28,Art. 932,aula-14.html,unused,"Art. 932 states a provision-specific rule beginning “Art. 932. Incumbe ao relator:”; Aula14 covers general evidence theory, principles, and models, not this separate CPC rule."
cpc-lei-13105-capture-2026-09-28,Art. 933,aula-14.html,unused,"Art. 933 states a provision-specific rule beginning “Art. 933. Se o relator constatar a ocorrência de fato superveniente à decisão recorrida ou a existê…”; Aula14 covers general evidence theory, principles, and models, not this separate CPC rule."
cpc-lei-13105-capture-2026-09-28,Art. 934,aula-14.html,unused,"Art. 934 states a provision-specific rule beginning “Art. 934. Em seguida, os autos serão apresentados ao presidente, que designará dia para julgamento,…”; Aula14 covers general evidence theory, principles, and models, not this separate CPC rule."
cpc-lei-13105-capture-2026-09-28,Art. 935,aula-14.html,unused,"Art. 935 states a provision-specific rule beginning “Art. 935. Entre a data de publicação da pauta e a da sessão de julgamento decorrerá, pelo menos, o…”; Aula14 covers general evidence theory, principles, and models, not this separate CPC rule."
cpc-lei-13105-capture-2026-09-28,Art. 936,aula-14.html,unused,"Art. 936 states a provision-specific rule beginning “Art. 936. Ressalvadas as preferências legais e regimentais, os recursos, a remessa necessária e os…”; Aula14 covers general evidence theory, principles, and models, not this separate CPC rule."
cpc-lei-13105-capture-2026-09-28,Art. 938,aula-14.html,unused,"Art. 938 states a provision-specific rule beginning “Art. 938. A questão preliminar suscitada no julgamento será decidida antes do mérito, deste não se…”; Aula14 covers general evidence theory, principles, and models, not this separate CPC rule."
cpc-lei-13105-capture-2026-09-28,Art. 939,aula-14.html,unused,"Art. 939 states a provision-specific rule beginning “Art. 939. Se a preliminar for rejeitada ou se a apreciação do mérito for com ela compatível, seguir…”; Aula14 covers general evidence theory, principles, and models, not this separate CPC rule."
cpc-lei-13105-capture-2026-09-28,Art. 940,aula-14.html,unused,"Art. 940 states a provision-specific rule beginning “Art. 940. O relator ou outro juiz que não se considerar habilitado a proferir imediatamente seu vot…”; Aula14 covers general evidence theory, principles, and models, not this separate CPC rule."
cpc-lei-13105-capture-2026-09-28,Art. 941,aula-14.html,unused,"Art. 941 states a provision-specific rule beginning “Art. 941. Proferidos os votos, o presidente anunciará o resultado do julgamento, designando para re…”; Aula14 covers general evidence theory, principles, and models, not this separate CPC rule."
cpc-lei-13105-capture-2026-09-28,Art. 942,aula-14.html,unused,"Art. 942 states a provision-specific rule beginning “Art. 942. Quando o resultado da apelação for não unânime, o julgamento terá prosseguimento em sessã…”; Aula14 covers general evidence theory, principles, and models, not this separate CPC rule."
cpc-lei-13105-capture-2026-09-28,Art. 943,aula-14.html,unused,"Art. 943 states a provision-specific rule beginning “Art. 943. Os votos, os acórdãos e os demais atos processuais podem ser registrados em documento ele…”; Aula14 covers general evidence theory, principles, and models, not this separate CPC rule."
cpc-lei-13105-capture-2026-09-28,Art. 944,aula-14.html,unused,"Art. 944 states a provision-specific rule beginning “Art. 944. Não publicado o acórdão no prazo de 30 (trinta) dias, contado da data da sessão de julgam…”; Aula14 covers general evidence theory, principles, and models, not this separate CPC rule."
cpc-lei-13105-capture-2026-09-28,Art. 945,aula-14.html,unused,"Art. 945 states a provision-specific rule beginning “Art. 945. A critério do órgão julgador, o julgamento dos recursos e dos processos de competência or…”; Aula14 covers general evidence theory, principles, and models, not this separate CPC rule."
cpc-lei-13105-capture-2026-09-28,Art. 946,aula-14.html,unused,"Art. 946 states a provision-specific rule beginning “Art. 946. O agravo de instrumento será julgado antes da apelação interposta no mesmo processo.”; Aula14 covers general evidence theory, principles, and models, not this separate CPC rule."
cpc-lei-13105-capture-2026-09-28,Art. 947,aula-14.html,unused,"Art. 947 states a provision-specific rule beginning “Art. 947. É admissível a assunção de competência quando o julgamento de recurso, de remessa necessá…”; Aula14 covers general evidence theory, principles, and models, not this separate CPC rule."
cpc-lei-13105-capture-2026-09-28,Art. 948,aula-14.html,unused,"Art. 948 states a provision-specific rule beginning “Art. 948. Arguida, em controle difuso, a inconstitucionalidade de lei ou de ato normativo do poder…”; Aula14 covers general evidence theory, principles, and models, not this separate CPC rule."
cpc-lei-13105-capture-2026-09-28,Art. 949,aula-14.html,unused,"Art. 949 states a provision-specific rule beginning “Art. 949. Se a arguição for:”; Aula14 covers general evidence theory, principles, and models, not this separate CPC rule."
cpc-lei-13105-capture-2026-09-28,Art. 950,aula-14.html,unused,"Art. 950 states a provision-specific rule beginning “Art. 950. Remetida cópia do acórdão a todos os juízes, o presidente do tribunal designará a sessão…”; Aula14 covers general evidence theory, principles, and models, not this separate CPC rule."
cpc-lei-13105-capture-2026-09-28,Art. 951,aula-14.html,unused,"Art. 951 states a provision-specific rule beginning “Art. 951. O conflito de competência pode ser suscitado por qualquer das partes, pelo Ministério Púb…”; Aula14 covers general evidence theory, principles, and models, not this separate CPC rule."
cpc-lei-13105-capture-2026-09-28,Art. 952,aula-14.html,unused,"Art. 952 states a provision-specific rule beginning “Art. 952. Não pode suscitar conflito a parte que, no processo, arguiu incompetência relativa.”; Aula14 covers general evidence theory, principles, and models, not this separate CPC rule."
cpc-lei-13105-capture-2026-09-28,Art. 953,aula-14.html,unused,"Art. 953 states a provision-specific rule beginning “Art. 953. O conflito será suscitado ao tribunal:”; Aula14 covers general evidence theory, principles, and models, not this separate CPC rule."
cpc-lei-13105-capture-2026-09-28,Art. 954,aula-14.html,unused,"Art. 954 states a provision-specific rule beginning “Art. 954. Após a distribuição, o relator determinará a oitiva dos juízes em conflito ou, se um dele…”; Aula14 covers general evidence theory, principles, and models, not this separate CPC rule."
cpc-lei-13105-capture-2026-09-28,Art. 955,aula-14.html,unused,"Art. 955 states a provision-specific rule beginning “Art. 955. O relator poderá, de ofício ou a requerimento de qualquer das partes, determinar, quando…”; Aula14 covers general evidence theory, principles, and models, not this separate CPC rule."
cpc-lei-13105-capture-2026-09-28,Art. 956,aula-14.html,unused,"Art. 956 states a provision-specific rule beginning “Art. 956. Decorrido o prazo designado pelo relator, será ouvido o Ministério Público, no prazo de 5…”; Aula14 covers general evidence theory, principles, and models, not this separate CPC rule."
cpc-lei-13105-capture-2026-09-28,Art. 957,aula-14.html,unused,"Art. 957 states a provision-specific rule beginning “Art. 957. Ao decidir o conflito, o tribunal declarará qual o juízo competente, pronunciando-se tamb…”; Aula14 covers general evidence theory, principles, and models, not this separate CPC rule."
cpc-lei-13105-capture-2026-09-28,Art. 958,aula-14.html,unused,"Art. 958 states a provision-specific rule beginning “Art. 958. No conflito que envolva órgãos fracionários dos tribunais, desembargadores e juízes em ex…”; Aula14 covers general evidence theory, principles, and models, not this separate CPC rule."
cpc-lei-13105-capture-2026-09-28,Art. 959,aula-14.html,unused,"Art. 959 states a provision-specific rule beginning “Art. 959. O regimento interno do tribunal regulará o processo e o julgamento do conflito de atribui…”; Aula14 covers general evidence theory, principles, and models, not this separate CPC rule."
cpc-lei-13105-capture-2026-09-28,Art. 960,aula-14.html,unused,"Art. 960 states a provision-specific rule beginning “Art. 960. A homologação de decisão estrangeira será requerida por ação de homologação de decisão es…”; Aula14 covers general evidence theory, principles, and models, not this separate CPC rule."
cpc-lei-13105-capture-2026-09-28,Art. 961,aula-14.html,unused,"Art. 961 states a provision-specific rule beginning “Art. 961. A decisão estrangeira somente terá eficácia no Brasil após a homologação de sentença estr…”; Aula14 covers general evidence theory, principles, and models, not this separate CPC rule."
cpc-lei-13105-capture-2026-09-28,Art. 962,aula-14.html,unused,"Art. 962 states a provision-specific rule beginning “Art. 962. É passível de execução a decisão estrangeira concessiva de medida de urgência.”; Aula14 covers general evidence theory, principles, and models, not this separate CPC rule."
cpc-lei-13105-capture-2026-09-28,Art. 963,aula-14.html,unused,"Art. 963 states a provision-specific rule beginning “Art. 963. Constituem requisitos indispensáveis à homologação da decisão:”; Aula14 covers general evidence theory, principles, and models, not this separate CPC rule."
cpc-lei-13105-capture-2026-09-28,Art. 964,aula-14.html,unused,"Art. 964 states a provision-specific rule beginning “Art. 964. Não será homologada a decisão estrangeira na hipótese de competência exclusiva da autorid…”; Aula14 covers general evidence theory, principles, and models, not this separate CPC rule."
cpc-lei-13105-capture-2026-09-28,Art. 965,aula-14.html,unused,"Art. 965 states a provision-specific rule beginning “Art. 965. O cumprimento de decisão estrangeira far-se-á perante o juízo federal competente, a reque…”; Aula14 covers general evidence theory, principles, and models, not this separate CPC rule."
cpc-lei-13105-capture-2026-09-28,Art. 966,aula-14.html,unused,"Art. 966 states a provision-specific rule beginning “Art. 966. A decisão de mérito, transitada em julgado, pode ser rescindida quando:”; Aula14 covers general evidence theory, principles, and models, not this separate CPC rule."
cpc-lei-13105-capture-2026-09-28,Art. 967,aula-14.html,unused,"Art. 967 states a provision-specific rule beginning “Art. 967. Têm legitimidade para propor a ação rescisória:”; Aula14 covers general evidence theory, principles, and models, not this separate CPC rule."
cpc-lei-13105-capture-2026-09-28,Art. 968,aula-14.html,unused,"Art. 968 states a provision-specific rule beginning “Art. 968. A petição inicial será elaborada com observância dos requisitos essenciais do”; Aula14 covers general evidence theory, principles, and models, not this separate CPC rule."
cpc-lei-13105-capture-2026-09-28,Art. 969,aula-14.html,unused,"Art. 969 states a provision-specific rule beginning “Art. 969. A propositura da ação rescisória não impede o cumprimento da decisão rescindenda, ressalv…”; Aula14 covers general evidence theory, principles, and models, not this separate CPC rule."
cpc-lei-13105-capture-2026-09-28,Art. 970,aula-14.html,unused,"Art. 970 states a provision-specific rule beginning “Art. 970. O relator ordenará a citação do réu, designando-lhe prazo nunca inferior a 15 (quinze) di…”; Aula14 covers general evidence theory, principles, and models, not this separate CPC rule."
cpc-lei-13105-capture-2026-09-28,Art. 971,aula-14.html,unused,"Art. 971 states a provision-specific rule beginning “Art. 971. Na ação rescisória, devolvidos os autos pelo relator, a secretaria do tribunal expedirá c…”; Aula14 covers general evidence theory, principles, and models, not this separate CPC rule."
cpc-lei-13105-capture-2026-09-28,Art. 972,aula-14.html,unused,"Art. 972 states a provision-specific rule beginning “Art. 972. Se os fatos alegados pelas partes dependerem de prova, o relator poderá delegar a competê…”; Aula14 covers general evidence theory, principles, and models, not this separate CPC rule."
cpc-lei-13105-capture-2026-09-28,Art. 973,aula-14.html,unused,"Art. 973 states a provision-specific rule beginning “Art. 973. Concluída a instrução, será aberta vista ao autor e ao réu para razões finais, sucessivam…”; Aula14 covers general evidence theory, principles, and models, not this separate CPC rule."
cpc-lei-13105-capture-2026-09-28,Art. 974,aula-14.html,unused,"Art. 974 states a provision-specific rule beginning “Art. 974. Julgando procedente o pedido, o tribunal rescindirá a decisão, proferirá, se for o caso,…”; Aula14 covers general evidence theory, principles, and models, not this separate CPC rule."
cpc-lei-13105-capture-2026-09-28,Art. 975,aula-14.html,unused,"Art. 975 states a provision-specific rule beginning “Art. 975. O direito à rescisão se extingue em 2 (dois) anos contados do trânsito em julgado da últi…”; Aula14 covers general evidence theory, principles, and models, not this separate CPC rule."
cpc-lei-13105-capture-2026-09-28,Art. 976,aula-14.html,unused,"Art. 976 states a provision-specific rule beginning “Art. 976. É cabível a instauração do incidente de resolução de demandas repetitivas quando houver,…”; Aula14 covers general evidence theory, principles, and models, not this separate CPC rule."
cpc-lei-13105-capture-2026-09-28,Art. 977,aula-14.html,unused,"Art. 977 states a provision-specific rule beginning “Art. 977. O pedido de instauração do incidente será dirigido ao presidente de tribunal:”; Aula14 covers general evidence theory, principles, and models, not this separate CPC rule."
cpc-lei-13105-capture-2026-09-28,Art. 978,aula-14.html,unused,"Art. 978 states a provision-specific rule beginning “Art. 978. O julgamento do incidente caberá ao órgão indicado pelo regimento interno dentre aqueles…”; Aula14 covers general evidence theory, principles, and models, not this separate CPC rule."
cpc-lei-13105-capture-2026-09-28,Art. 979,aula-14.html,unused,"Art. 979 states a provision-specific rule beginning “Art. 979. A instauração e o julgamento do incidente serão sucedidos da mais ampla e específica divu…”; Aula14 covers general evidence theory, principles, and models, not this separate CPC rule."
cpc-lei-13105-capture-2026-09-28,Art. 980,aula-14.html,unused,"Art. 980 states a provision-specific rule beginning “Art. 980. O incidente será julgado no prazo de 1 (um) ano e terá preferência sobre os demais feitos…”; Aula14 covers general evidence theory, principles, and models, not this separate CPC rule."
cpc-lei-13105-capture-2026-09-28,Art. 981,aula-14.html,unused,"Art. 981 states a provision-specific rule beginning “Art. 981. Após a distribuição, o órgão colegiado competente para julgar o incidente procederá ao se…”; Aula14 covers general evidence theory, principles, and models, not this separate CPC rule."
cpc-lei-13105-capture-2026-09-28,Art. 982,aula-14.html,unused,"Art. 982 states a provision-specific rule beginning “Art. 982. Admitido o incidente, o relator:”; Aula14 covers general evidence theory, principles, and models, not this separate CPC rule."
cpc-lei-13105-capture-2026-09-28,Art. 983,aula-14.html,unused,"Art. 983 states a provision-specific rule beginning “Art. 983. O relator ouvirá as partes e os demais interessados, inclusive pessoas, órgãos e entidade…”; Aula14 covers general evidence theory, principles, and models, not this separate CPC rule."
cpc-lei-13105-capture-2026-09-28,Art. 984,aula-14.html,unused,"Art. 984 states a provision-specific rule beginning “Art. 984. No julgamento do incidente, observar-se-á a seguinte ordem:”; Aula14 covers general evidence theory, principles, and models, not this separate CPC rule."
cpc-lei-13105-capture-2026-09-28,Art. 985,aula-14.html,unused,"Art. 985 states a provision-specific rule beginning “Art. 985. Julgado o incidente, a tese jurídica será aplicada:”; Aula14 covers general evidence theory, principles, and models, not this separate CPC rule."
cpc-lei-13105-capture-2026-09-28,Art. 986,aula-14.html,unused,"Art. 986 states a provision-specific rule beginning “Art. 986. A revisão da tese jurídica firmada no incidente far-se-á pelo mesmo tribunal, de ofício o…”; Aula14 covers general evidence theory, principles, and models, not this separate CPC rule."
cpc-lei-13105-capture-2026-09-28,Art. 987,aula-14.html,unused,"Art. 987 states a provision-specific rule beginning “Art. 987. Do julgamento do mérito do incidente caberá recurso extraordinário ou especial, conforme…”; Aula14 covers general evidence theory, principles, and models, not this separate CPC rule."
cpc-lei-13105-capture-2026-09-28,Art. 988,aula-14.html,unused,"Art. 988 states a provision-specific rule beginning “Art. 988. Caberá reclamação da parte interessada ou do Ministério Público para:”; Aula14 covers general evidence theory, principles, and models, not this separate CPC rule."
cpc-lei-13105-capture-2026-09-28,Art. 989,aula-14.html,unused,"Art. 989 states a provision-specific rule beginning “Art. 989. Ao despachar a reclamação, o relator:”; Aula14 covers general evidence theory, principles, and models, not this separate CPC rule."
cpc-lei-13105-capture-2026-09-28,Art. 990,aula-14.html,unused,"Art. 990 states a provision-specific rule beginning “Art. 990. Qualquer interessado poderá impugnar o pedido do reclamante.”; Aula14 covers general evidence theory, principles, and models, not this separate CPC rule."
cpc-lei-13105-capture-2026-09-28,Art. 991,aula-14.html,unused,"Art. 991 states a provision-specific rule beginning “Art. 991. Na reclamação que não houver formulado, o Ministério Público terá vista do processo por 5…”; Aula14 covers general evidence theory, principles, and models, not this separate CPC rule."
cpc-lei-13105-capture-2026-09-28,Art. 992,aula-14.html,unused,"Art. 992 states a provision-specific rule beginning “Art. 992. Julgando procedente a reclamação, o tribunal cassará a decisão exorbitante de seu julgado…”; Aula14 covers general evidence theory, principles, and models, not this separate CPC rule."
cpc-lei-13105-capture-2026-09-28,Art. 993,aula-14.html,unused,"Art. 993 states a provision-specific rule beginning “Art. 993. O presidente do tribunal determinará o imediato cumprimento da decisão, lavrando-se o acó…”; Aula14 covers general evidence theory, principles, and models, not this separate CPC rule."
cpc-lei-13105-capture-2026-09-28,Art. 994,aula-14.html,unused,"Art. 994 states a provision-specific rule beginning “Art. 994. São cabíveis os seguintes recursos:”; Aula14 covers general evidence theory, principles, and models, not this separate CPC rule."
cpc-lei-13105-capture-2026-09-28,Art. 995,aula-14.html,unused,"Art. 995 states a provision-specific rule beginning “Art. 995. Os recursos não impedem a eficácia da decisão, salvo disposição legal ou decisão judicial…”; Aula14 covers general evidence theory, principles, and models, not this separate CPC rule."
cpc-lei-13105-capture-2026-09-28,Art. 996,aula-14.html,unused,"Art. 996 states a provision-specific rule beginning “Art. 996. O recurso pode ser interposto pela parte vencida, pelo terceiro prejudicado e pelo Minist…”; Aula14 covers general evidence theory, principles, and models, not this separate CPC rule."
cpc-lei-13105-capture-2026-09-28,Art. 997,aula-14.html,unused,"Art. 997 states a provision-specific rule beginning “Art. 997. Cada parte interporá o recurso independentemente, no prazo e com observância das exigênci…”; Aula14 covers general evidence theory, principles, and models, not this separate CPC rule."
cpc-lei-13105-capture-2026-09-28,Art. 998,aula-14.html,unused,"Art. 998 states a provision-specific rule beginning “Art. 998. O recorrente poderá, a qualquer tempo, sem a anuência do recorrido ou dos litisconsortes,…”; Aula14 covers general evidence theory, principles, and models, not this separate CPC rule."
cpc-lei-13105-capture-2026-09-28,Art. 999,aula-14.html,unused,"Art. 999 states a provision-specific rule beginning “Art. 999. A renúncia ao direito de recorrer independe da aceitação da outra parte.”; Aula14 covers general evidence theory, principles, and models, not this separate CPC rule."
cpc-lei-13105-capture-2026-09-28,Art. 1000,aula-14.html,unused,"Art. 1000 states a provision-specific rule beginning “Art. 1.000. A parte que aceitar expressa ou tacitamente a decisão não poderá recorrer.”; Aula14 covers general evidence theory, principles, and models, not this separate CPC rule."
cpc-lei-13105-capture-2026-09-28,Art. 1001,aula-14.html,unused,"Art. 1001 states a provision-specific rule beginning “Art. 1.001. Dos despachos não cabe recurso.”; Aula14 covers general evidence theory, principles, and models, not this separate CPC rule."
cpc-lei-13105-capture-2026-09-28,Art. 1002,aula-14.html,unused,"Art. 1002 states a provision-specific rule beginning “Art. 1.002. A decisão pode ser impugnada no todo ou em parte.”; Aula14 covers general evidence theory, principles, and models, not this separate CPC rule."
cpc-lei-13105-capture-2026-09-28,Art. 1003,aula-14.html,unused,"Art. 1003 states a provision-specific rule beginning “Art. 1.003. O prazo para interposição de recurso conta-se da data em que os advogados, a sociedade…”; Aula14 covers general evidence theory, principles, and models, not this separate CPC rule."
cpc-lei-13105-capture-2026-09-28,Art. 1004,aula-14.html,unused,"Art. 1004 states a provision-specific rule beginning “Art. 1.004. Se, durante o prazo para a interposição do recurso, sobrevier o falecimento da parte ou…”; Aula14 covers general evidence theory, principles, and models, not this separate CPC rule."
cpc-lei-13105-capture-2026-09-28,Art. 1005,aula-14.html,unused,"Art. 1005 states a provision-specific rule beginning “Art. 1.005. O recurso interposto por um dos litisconsortes a todos aproveita, salvo se distintos ou…”; Aula14 covers general evidence theory, principles, and models, not this separate CPC rule."
cpc-lei-13105-capture-2026-09-28,Art. 1006,aula-14.html,unused,"Art. 1006 states a provision-specific rule beginning “Art. 1.006. Certificado o trânsito em julgado, com menção expressa da data de sua ocorrência, o esc…”; Aula14 covers general evidence theory, principles, and models, not this separate CPC rule."
cpc-lei-13105-capture-2026-09-28,Art. 1007,aula-14.html,unused,"Art. 1007 states a provision-specific rule beginning “Art. 1.007. No ato de interposição do recurso, o recorrente comprovará, quando exigido pela legisla…”; Aula14 covers general evidence theory, principles, and models, not this separate CPC rule."
cpc-lei-13105-capture-2026-09-28,Art. 1008,aula-14.html,unused,"Art. 1008 states a provision-specific rule beginning “Art. 1.008. O julgamento proferido pelo tribunal substituirá a decisão impugnada no que tiver sido…”; Aula14 covers general evidence theory, principles, and models, not this separate CPC rule."
cpc-lei-13105-capture-2026-09-28,Art. 1009,aula-14.html,unused,"Art. 1009 states a provision-specific rule beginning “Art. 1.009. Da sentença cabe apelação.”; Aula14 covers general evidence theory, principles, and models, not this separate CPC rule."
cpc-lei-13105-capture-2026-09-28,Art. 1010,aula-14.html,unused,"Art. 1010 states a provision-specific rule beginning “Art. 1.010. A apelação, interposta por petição dirigida ao juízo de primeiro grau, conterá:”; Aula14 covers general evidence theory, principles, and models, not this separate CPC rule."
cpc-lei-13105-capture-2026-09-28,Art. 1011,aula-14.html,unused,"Art. 1011 states a provision-specific rule beginning “Art. 1.011. Recebido o recurso de apelação no tribunal e distribuído imediatamente, o relator:”; Aula14 covers general evidence theory, principles, and models, not this separate CPC rule."
cpc-lei-13105-capture-2026-09-28,Art. 1012,aula-14.html,unused,"Art. 1012 states a provision-specific rule beginning “Art. 1.012. A apelação terá efeito suspensivo.”; Aula14 covers general evidence theory, principles, and models, not this separate CPC rule."
cpc-lei-13105-capture-2026-09-28,Art. 1013,aula-14.html,unused,"Art. 1013 states a provision-specific rule beginning “Art. 1.013. A apelação devolverá ao tribunal o conhecimento da matéria impugnada.”; Aula14 covers general evidence theory, principles, and models, not this separate CPC rule."
cpc-lei-13105-capture-2026-09-28,Art. 1014,aula-14.html,unused,"Art. 1014 states a provision-specific rule beginning “Art. 1.014. As questões de fato não propostas no juízo inferior poderão ser suscitadas na apelação,…”; Aula14 covers general evidence theory, principles, and models, not this separate CPC rule."
cpc-lei-13105-capture-2026-09-28,Art. 1015,aula-14.html,unused,"Art. 1015 states a provision-specific rule beginning “Art. 1.015. Cabe agravo de instrumento contra as decisões interlocutórias que versarem sobre:”; Aula14 covers general evidence theory, principles, and models, not this separate CPC rule."
cpc-lei-13105-capture-2026-09-28,Art. 1016,aula-14.html,unused,"Art. 1016 states a provision-specific rule beginning “Art. 1.016. O agravo de instrumento será dirigido diretamente ao tribunal competente, por meio de p…”; Aula14 covers general evidence theory, principles, and models, not this separate CPC rule."
cpc-lei-13105-capture-2026-09-28,Art. 1017,aula-14.html,unused,"Art. 1017 states a provision-specific rule beginning “Art. 1.017. A petição de agravo de instrumento será instruída:”; Aula14 covers general evidence theory, principles, and models, not this separate CPC rule."
cpc-lei-13105-capture-2026-09-28,Art. 1018,aula-14.html,unused,"Art. 1018 states a provision-specific rule beginning “Art. 1.018. O agravante poderá requerer a juntada, aos autos do processo, de cópia da petição do ag…”; Aula14 covers general evidence theory, principles, and models, not this separate CPC rule."
cpc-lei-13105-capture-2026-09-28,Art. 1019,aula-14.html,unused,"Art. 1019 states a provision-specific rule beginning “Art. 1.019. Recebido o agravo de instrumento no tribunal e distribuído imediatamente, se não for o…”; Aula14 covers general evidence theory, principles, and models, not this separate CPC rule."
cpc-lei-13105-capture-2026-09-28,Art. 1020,aula-14.html,unused,"Art. 1020 states a provision-specific rule beginning “Art. 1.020. O relator solicitará dia para julgamento em prazo não superior a 1 (um) mês da intimaçã…”; Aula14 covers general evidence theory, principles, and models, not this separate CPC rule."
cpc-lei-13105-capture-2026-09-28,Art. 1021,aula-14.html,unused,"Art. 1021 states a provision-specific rule beginning “Art. 1.021. Contra decisão proferida pelo relator caberá agravo interno para o respectivo órgão col…”; Aula14 covers general evidence theory, principles, and models, not this separate CPC rule."
cpc-lei-13105-capture-2026-09-28,Art. 1022,aula-14.html,unused,"Art. 1022 states a provision-specific rule beginning “Art. 1.022. Cabem embargos de declaração contra qualquer decisão judicial para:”; Aula14 covers general evidence theory, principles, and models, not this separate CPC rule."
cpc-lei-13105-capture-2026-09-28,Art. 1023,aula-14.html,unused,"Art. 1023 states a provision-specific rule beginning “Art. 1.023. Os embargos serão opostos, no prazo de 5 (cinco) dias, em petição dirigida ao juiz, com…”; Aula14 covers general evidence theory, principles, and models, not this separate CPC rule."
cpc-lei-13105-capture-2026-09-28,Art. 1024,aula-14.html,unused,"Art. 1024 states a provision-specific rule beginning “Art. 1.024. O juiz julgará os embargos em 5 (cinco) dias.”; Aula14 covers general evidence theory, principles, and models, not this separate CPC rule."
cpc-lei-13105-capture-2026-09-28,Art. 1025,aula-14.html,unused,"Art. 1025 states a provision-specific rule beginning “Art. 1.025. Consideram-se incluídos no acórdão os elementos que o embargante suscitou, para fins de…”; Aula14 covers general evidence theory, principles, and models, not this separate CPC rule."
cpc-lei-13105-capture-2026-09-28,Art. 1026,aula-14.html,unused,"Art. 1026 states a provision-specific rule beginning “Art. 1.026. Os embargos de declaração não possuem efeito suspensivo e interrompem o prazo para a in…”; Aula14 covers general evidence theory, principles, and models, not this separate CPC rule."
cpc-lei-13105-capture-2026-09-28,Art. 1027,aula-14.html,unused,"Art. 1027 states a provision-specific rule beginning “Art. 1.027. Serão julgados em recurso ordinário:”; Aula14 covers general evidence theory, principles, and models, not this separate CPC rule."
cpc-lei-13105-capture-2026-09-28,Art. 1028,aula-14.html,unused,"Art. 1028 states a provision-specific rule beginning “Art. 1.028. Ao recurso mencionado no”; Aula14 covers general evidence theory, principles, and models, not this separate CPC rule."
cpc-lei-13105-capture-2026-09-28,Art. 1029,aula-14.html,unused,"Art. 1029 states a provision-specific rule beginning “Art. 1.029. O recurso extraordinário e o recurso especial, nos casos previstos na”; Aula14 covers general evidence theory, principles, and models, not this separate CPC rule."
cpc-lei-13105-capture-2026-09-28,Art. 1030,aula-14.html,unused,"Art. 1030 states a provision-specific rule beginning “Art. 1.030. Recebida a petição do recurso pela secretaria do tribunal, o recorrido será intimado pa…”; Aula14 covers general evidence theory, principles, and models, not this separate CPC rule."
cpc-lei-13105-capture-2026-09-28,Art. 1031,aula-14.html,unused,"Art. 1031 states a provision-specific rule beginning “Art. 1.031. Na hipótese de interposição conjunta de recurso extraordinário e recurso especial, os a…”; Aula14 covers general evidence theory, principles, and models, not this separate CPC rule."
cpc-lei-13105-capture-2026-09-28,Art. 1032,aula-14.html,unused,"Art. 1032 states a provision-specific rule beginning “Art. 1.032. Se o relator, no Superior Tribunal de Justiça, entender que o recurso especial versa so…”; Aula14 covers general evidence theory, principles, and models, not this separate CPC rule."
cpc-lei-13105-capture-2026-09-28,Art. 1033,aula-14.html,unused,"Art. 1033 states a provision-specific rule beginning “Art. 1.033. Se o Supremo Tribunal Federal considerar como reflexa a ofensa à Constituição afirmada…”; Aula14 covers general evidence theory, principles, and models, not this separate CPC rule."
cpc-lei-13105-capture-2026-09-28,Art. 1034,aula-14.html,unused,"Art. 1034 states a provision-specific rule beginning “Art. 1.034. Admitido o recurso extraordinário ou o recurso especial, o Supremo Tribunal Federal ou…”; Aula14 covers general evidence theory, principles, and models, not this separate CPC rule."
cpc-lei-13105-capture-2026-09-28,Art. 1035,aula-14.html,unused,"Art. 1035 states a provision-specific rule beginning “Art. 1.035. O Supremo Tribunal Federal, em decisão irrecorrível, não conhecerá do recurso extraordi…”; Aula14 covers general evidence theory, principles, and models, not this separate CPC rule."
cpc-lei-13105-capture-2026-09-28,Art. 1036,aula-14.html,unused,"Art. 1036 states a provision-specific rule beginning “Art. 1.036. Sempre que houver multiplicidade de recursos extraordinários ou especiais com fundament…”; Aula14 covers general evidence theory, principles, and models, not this separate CPC rule."
cpc-lei-13105-capture-2026-09-28,Art. 1037,aula-14.html,unused,"Art. 1037 states a provision-specific rule beginning “Art. 1.037. Selecionados os recursos, o relator, no tribunal superior, constatando a presença do pr…”; Aula14 covers general evidence theory, principles, and models, not this separate CPC rule."
cpc-lei-13105-capture-2026-09-28,Art. 1038,aula-14.html,unused,"Art. 1038 states a provision-specific rule beginning “Art. 1.038. O relator poderá:”; Aula14 covers general evidence theory, principles, and models, not this separate CPC rule."
cpc-lei-13105-capture-2026-09-28,Art. 1039,aula-14.html,unused,"Art. 1039 states a provision-specific rule beginning “Art. 1.039. Decididos os recursos afetados, os órgãos colegiados declararão prejudicados os demais…”; Aula14 covers general evidence theory, principles, and models, not this separate CPC rule."
cpc-lei-13105-capture-2026-09-28,Art. 1040,aula-14.html,unused,"Art. 1040 states a provision-specific rule beginning “Art. 1.040. Publicado o acórdão paradigma:”; Aula14 covers general evidence theory, principles, and models, not this separate CPC rule."
cpc-lei-13105-capture-2026-09-28,Art. 1041,aula-14.html,unused,"Art. 1041 states a provision-specific rule beginning “Art. 1.041. Mantido o acórdão divergente pelo tribunal de origem, o recurso especial ou extraordiná…”; Aula14 covers general evidence theory, principles, and models, not this separate CPC rule."
cpc-lei-13105-capture-2026-09-28,Art. 1043,aula-14.html,unused,"Art. 1043 states a provision-specific rule beginning “Art. 1.043. É embargável o acórdão de órgão fracionário que:”; Aula14 covers general evidence theory, principles, and models, not this separate CPC rule."
cpc-lei-13105-capture-2026-09-28,Art. 1044,aula-14.html,unused,"Art. 1044 states a provision-specific rule beginning “Art. 1.044. No recurso de embargos de divergência, será observado o procedimento estabelecido no re…”; Aula14 covers general evidence theory, principles, and models, not this separate CPC rule."
cpc-lei-13105-capture-2026-09-28,Art. 1045,aula-14.html,unused,"Art. 1045 states a provision-specific rule beginning “Art. 1.045. Este Código entra em vigor após decorrido 1 (um) ano da data de sua publicação oficial.”; Aula14 covers general evidence theory, principles, and models, not this separate CPC rule."
cpc-lei-13105-capture-2026-09-28,Art. 1046,aula-14.html,unused,"Art. 1046 states a provision-specific rule beginning “Art. 1.046. Ao entrar em vigor este Código, suas disposições se aplicarão desde logo aos processos…”; Aula14 covers general evidence theory, principles, and models, not this separate CPC rule."
cpc-lei-13105-capture-2026-09-28,Art. 1047,aula-14.html,unused,"Art. 1047 states a provision-specific rule beginning “Art. 1.047. As disposições de direito probatório adotadas neste Código aplicam-se apenas às provas…”; Aula14 covers general evidence theory, principles, and models, not this separate CPC rule."
cpc-lei-13105-capture-2026-09-28,Art. 1048,aula-14.html,unused,"Art. 1048 states a provision-specific rule beginning “Art. 1.048. Terão prioridade de tramitação, em qualquer juízo ou tribunal, os procedimentos judicia…”; Aula14 covers general evidence theory, principles, and models, not this separate CPC rule."
cpc-lei-13105-capture-2026-09-28,Art. 1049,aula-14.html,unused,"Art. 1049 states a provision-specific rule beginning “Art. 1.049. Sempre que a lei remeter a procedimento previsto na lei processual sem especificá-lo, s…”; Aula14 covers general evidence theory, principles, and models, not this separate CPC rule."
cpc-lei-13105-capture-2026-09-28,Art. 1050,aula-14.html,unused,"Art. 1050 states a provision-specific rule beginning “Art. 1.050. A União, os Estados, o Distrito Federal, os Municípios, suas respectivas entidades da a…”; Aula14 covers general evidence theory, principles, and models, not this separate CPC rule."
cpc-lei-13105-capture-2026-09-28,Art. 1051,aula-14.html,unused,"Art. 1051 states a provision-specific rule beginning “Art. 1.051. As empresas públicas e privadas devem cumprir o disposto no”; Aula14 covers general evidence theory, principles, and models, not this separate CPC rule."
cpc-lei-13105-capture-2026-09-28,Art. 1052,aula-14.html,unused,"Art. 1052 states a provision-specific rule beginning “Art. 1.052. Até a edição de lei específica, as execuções contra devedor insolvente, em curso ou que…”; Aula14 covers general evidence theory, principles, and models, not this separate CPC rule."
cpc-lei-13105-capture-2026-09-28,Art. 1053,aula-14.html,unused,"Art. 1053 states a provision-specific rule beginning “Art. 1.053. Os atos processuais praticados por meio eletrônico até a transição definitiva para cert…”; Aula14 covers general evidence theory, principles, and models, not this separate CPC rule."
cpc-lei-13105-capture-2026-09-28,Art. 1054,aula-14.html,unused,"Art. 1054 states a provision-specific rule beginning “Art. 1.054. O disposto no”; Aula14 covers general evidence theory, principles, and models, not this separate CPC rule."
cpc-lei-13105-capture-2026-09-28,Art. 1055,aula-14.html,unused,"Art. 1055 states a provision-specific rule beginning “Art. 1.055. (VETADO).”; Aula14 covers general evidence theory, principles, and models, not this separate CPC rule."
cpc-lei-13105-capture-2026-09-28,Art. 1056,aula-14.html,unused,"Art. 1056 states a provision-specific rule beginning “Art. 1.056. Considerar-se-á como termo inicial do prazo da prescrição prevista no”; Aula14 covers general evidence theory, principles, and models, not this separate CPC rule."
cpc-lei-13105-capture-2026-09-28,Art. 1057,aula-14.html,unused,"Art. 1057 states a provision-specific rule beginning “Art. 1.057. O disposto no”; Aula14 covers general evidence theory, principles, and models, not this separate CPC rule."
cpc-lei-13105-capture-2026-09-28,Art. 1058,aula-14.html,unused,"Art. 1058 states a provision-specific rule beginning “Art. 1.058. Em todos os casos em que houver recolhimento de importância em dinheiro, esta será depo…”; Aula14 covers general evidence theory, principles, and models, not this separate CPC rule."
cpc-lei-13105-capture-2026-09-28,Art. 1059,aula-14.html,unused,"Art. 1059 states a provision-specific rule beginning “Art. 1.059. À tutela provisória requerida contra a Fazenda Pública aplica-se o disposto nos”; Aula14 covers general evidence theory, principles, and models, not this separate CPC rule."
cpc-lei-13105-capture-2026-09-28,Art. 1060,aula-14.html,unused,"Art. 1060 states a provision-specific rule beginning “Art. 1.060. O inciso II do art. 14 da”; Aula14 covers general evidence theory, principles, and models, not this separate CPC rule."
cpc-lei-13105-capture-2026-09-28,Art. 1061,aula-14.html,unused,"Art. 1061 states a provision-specific rule beginning “Art. 1.061. O § 3º do art. 33 da”; Aula14 covers general evidence theory, principles, and models, not this separate CPC rule."
cpc-lei-13105-capture-2026-09-28,Art. 1062,aula-14.html,unused,"Art. 1062 states a provision-specific rule beginning “Art. 1.062. O incidente de desconsideração da personalidade jurídica aplica-se ao processo de compe…”; Aula14 covers general evidence theory, principles, and models, not this separate CPC rule."
cpc-lei-13105-capture-2026-09-28,Art. 1063,aula-14.html,unused,"Art. 1063 states a provision-specific rule beginning “Art. 1.063. Até a edição de lei específica, os juizados especiais cíveis previstos na”; Aula14 covers general evidence theory, principles, and models, not this separate CPC rule."
cpc-lei-13105-capture-2026-09-28,Art. 1064,aula-14.html,unused,"Art. 1064 states a provision-specific rule beginning “Art. 1.064. O”; Aula14 covers general evidence theory, principles, and models, not this separate CPC rule."
cpc-lei-13105-capture-2026-09-28,Art. 1065,aula-14.html,unused,"Art. 1065 states a provision-specific rule beginning “Art. 1.065. O art. 50 da”; Aula14 covers general evidence theory, principles, and models, not this separate CPC rule."
cpc-lei-13105-capture-2026-09-28,Art. 1066,aula-14.html,unused,"Art. 1066 states a provision-specific rule beginning “Art. 1.066. O art. 83 da”; Aula14 covers general evidence theory, principles, and models, not this separate CPC rule."
cpc-lei-13105-capture-2026-09-28,Art. 1067,aula-14.html,unused,"Art. 1067 states a provision-specific rule beginning “Art. 1.067. O art. 275 da”; Aula14 covers general evidence theory, principles, and models, not this separate CPC rule."
cpc-lei-13105-capture-2026-09-28,Art. 1068,aula-14.html,unused,"Art. 1068 states a provision-specific rule beginning “Art. 1.068. O art. 274 e o”; Aula14 covers general evidence theory, principles, and models, not this separate CPC rule."
cpc-lei-13105-capture-2026-09-28,Art. 1069,aula-14.html,unused,"Art. 1069 states a provision-specific rule beginning “Art. 1.069. O Conselho Nacional de Justiça promoverá, periodicamente, pesquisas estatísticas para a…”; Aula14 covers general evidence theory, principles, and models, not this separate CPC rule."
cpc-lei-13105-capture-2026-09-28,Art. 1070,aula-14.html,unused,"Art. 1070 states a provision-specific rule beginning “Art. 1.070. É de 15 (quinze) dias o prazo para a interposição de qualquer agravo, previsto em lei o…”; Aula14 covers general evidence theory, principles, and models, not this separate CPC rule."
cpc-lei-13105-capture-2026-09-28,Art. 1071,aula-14.html,unused,"Art. 1071 states a provision-specific rule beginning “Art. 1.071. O Capítulo III do Título V da”; Aula14 covers general evidence theory, principles, and models, not this separate CPC rule."
cpc-lei-13105-capture-2026-09-28,Art. 1072,aula-14.html,unused,"Art. 1072 states a provision-specific rule beginning “Art. 1.072. Revogam-se:”; Aula14 covers general evidence theory, principles, and models, not this separate CPC rule."
cronograma-processo-civil-2026-2,cronograma-completo,aula-14.html,unused,"The official schedule sets the week and assigned-reading sequence but is an organizational source, not direct teaching material on evidence principles or models."
didier-curso-vol1-2017,00-front-matter,aula-14.html,unused,"This chapter, “Front matter and sumário,” addresses another general-procedure topic; the book’s chapter 11 is the focused cognition support for Aula14."
didier-curso-vol1-2017,ch01-s01,aula-14.html,unused,"This chapter, “Introdução ao Direito Processual Civil — 1. Tar.to mais consistente um pem:amento, tanto maior o número de conexõ2s feitas entre abordagens,” addresses another general-procedure topic; the book’s chapter 11 is the focused cognition support for Aula14."
didier-curso-vol1-2017,ch01-s02,aula-14.html,unused,"This chapter, “Introdução ao Direito Processual Civil — 12. Desde Bülow {BÜLOW, Oskar. Lo teoria de los excepciones procesoles y los presupuestos procesales. Miguel,” addresses another general-procedure topic; the book’s chapter 11 is the focused cognition support for Aula14."
didier-curso-vol1-2017,ch02-s01,aula-14.html,unused,"This chapter, “Normas fundamentais do Processo Civil — 1. A ideia foi encampada pelo Fórum Permanente de Processualistas Civis, no enunciado n. 370: ""Norma,” addresses another general-procedure topic; the book’s chapter 11 is the focused cognition support for Aula14."
didier-curso-vol1-2017,ch02-s02,aula-14.html,unused,"This chapter, “Normas fundamentais do Processo Civil — 25. BONAVIDES, Paulo. Curso de Direito Constitucional. 12a ed. rev. amp. São Paulo: Matheiros Ed., 2002,,” addresses another general-procedure topic; the book’s chapter 11 is the focused cognition support for Aula14."
didier-curso-vol1-2017,ch02-s03,aula-14.html,unused,"This chapter, “Normas fundamentais do Processo Civil — 25. BONAVIDES, Paulo. Curso de Direito Constitucional. 12a ed. rev. amp. São Paulo: Matheiros Ed., 2002,,” addresses another general-procedure topic; the book’s chapter 11 is the focused cognition support for Aula14."
didier-curso-vol1-2017,ch03-s01,aula-14.html,unused,"This chapter, “Jurisdição — Opening,” addresses another general-procedure topic; the book’s chapter 11 is the focused cognition support for Aula14."
didier-curso-vol1-2017,ch03-s02,aula-14.html,unused,"This chapter, “Jurisdição — 29. ALMEIDA, Diogo Assumpção Rezende. ""O princípio da adequação e os métodos de solução de con-,” addresses another general-procedure topic; the book’s chapter 11 is the focused cognition support for Aula14."
didier-curso-vol1-2017,ch04-s01,aula-14.html,unused,"This chapter, “Competência — Opening,” addresses another general-procedure topic; the book’s chapter 11 is the focused cognition support for Aula14."
didier-curso-vol1-2017,ch04-s02,aula-14.html,unused,"This chapter, “Competência — 9. Há precedente do STJ nesse sentido: NCOMPETtNCIA. Imóvel. Reivindicatória. Desmembramento da,” addresses another general-procedure topic; the book’s chapter 11 is the focused cognition support for Aula14."
didier-curso-vol1-2017,ch04-s03,aula-14.html,unused,"This chapter, “Competência — 1. perante os órgãos Judiciários da União (Tribunais Superiores) e,” addresses another general-procedure topic; the book’s chapter 11 is the focused cognition support for Aula14."
didier-curso-vol1-2017,ch05,aula-14.html,unused,"This chapter, “Mediação e conciliação,” addresses another general-procedure topic; the book’s chapter 11 is the focused cognition support for Aula14."
didier-curso-vol1-2017,ch06,aula-14.html,unused,"This chapter, “Teoria da ação: da ação e do direito de ação,” addresses another general-procedure topic; the book’s chapter 11 is the focused cognition support for Aula14."
didier-curso-vol1-2017,ch07-s01,aula-14.html,unused,"This chapter, “Pressupostos processuais — Opening,” addresses another general-procedure topic; the book’s chapter 11 is the focused cognition support for Aula14."
didier-curso-vol1-2017,ch07-s02,aula-14.html,unused,"This chapter, “Pressupostos processuais — 23. Nesse sentido, enunciado n. 383 do Fórum Permanente de Processualistas Civis: uAs autarquias e,” addresses another general-procedure topic; the book’s chapter 11 is the focused cognition support for Aula14."
didier-curso-vol1-2017,ch08,aula-14.html,unused,"This chapter, “Teoria dos fatos jurídicos processuais,” addresses another general-procedure topic; the book’s chapter 11 is the focused cognition support for Aula14."
didier-curso-vol1-2017,ch09,aula-14.html,unused,"This chapter, “Invalidades processuais,” addresses another general-procedure topic; the book’s chapter 11 is the focused cognition support for Aula14."
didier-curso-vol1-2017,ch10,aula-14.html,unused,"This chapter, “Preclusão,” addresses another general-procedure topic; the book’s chapter 11 is the focused cognition support for Aula14."
didier-curso-vol1-2017,ch11,aula-14.html,supporting,"This chapter defines judicial cognition through consideration and valuation of allegations and evidence within contradictory, cooperative procedure, supporting the lesson’s account of proof models and party participation."
didier-curso-vol1-2017,ch12,aula-14.html,unused,"This chapter, “Litisconsórcio,” addresses another general-procedure topic; the book’s chapter 11 is the focused cognition support for Aula14."
didier-curso-vol1-2017,ch13-s01,aula-14.html,unused,"This chapter, “Intervenção de terceiro — Opening,” addresses another general-procedure topic; the book’s chapter 11 is the focused cognition support for Aula14."
didier-curso-vol1-2017,ch13-s02,aula-14.html,unused,"This chapter, “Intervenção de terceiro — 30. ""Na verdade, o pedido deduzido na ação principal é questão preliminar em relação à demanda objeto,” addresses another general-procedure topic; the book’s chapter 11 is the focused cognition support for Aula14."
didier-curso-vol1-2017,ch13-s03,aula-14.html,unused,"This chapter, “Intervenção de terceiro — 30. ""Na verdade, o pedido deduzido na ação principal é questão preliminar em relação à demanda objeto,” addresses another general-procedure topic; the book’s chapter 11 is the focused cognition support for Aula14."
didier-curso-vol1-2017,ch14,aula-14.html,unused,"This chapter, “Alienação da coisa ou do direito litigioso,” addresses another general-procedure topic; the book’s chapter 11 is the focused cognition support for Aula14."
didier-curso-vol1-2017,ch15-s01,aula-14.html,unused,"This chapter, “Formação do processo e petição inicial — Opening,” addresses another general-procedure topic; the book’s chapter 11 is the focused cognition support for Aula14."
didier-curso-vol1-2017,ch15-s02,aula-14.html,unused,"This chapter, “Formação do processo e petição inicial — 13. Assim, enunciado n. 281 do Fórum Permanente de Processualistas Civis: ""A indicação do dispositivo,” addresses another general-procedure topic; the book’s chapter 11 is the focused cognition support for Aula14."
didier-curso-vol1-2017,ch16,aula-14.html,unused,"This chapter, “Improcedência liminar do pedido,” addresses another general-procedure topic; the book’s chapter 11 is the focused cognition support for Aula14."
didier-curso-vol1-2017,ch17,aula-14.html,unused,"This chapter, “Citação,” addresses another general-procedure topic; the book’s chapter 11 is the focused cognition support for Aula14."
didier-curso-vol1-2017,ch18,aula-14.html,unused,"This chapter, “Audiência preliminar de conciliação ou mediação,” addresses another general-procedure topic; the book’s chapter 11 is the focused cognition support for Aula14."
didier-curso-vol1-2017,ch19-s01,aula-14.html,unused,"This chapter, “Teoria da exceção, resposta do réu e revelia — Opening,” addresses another general-procedure topic; the book’s chapter 11 is the focused cognition support for Aula14."
didier-curso-vol1-2017,ch19-s02,aula-14.html,unused,"This chapter, “Teoria da exceção, resposta do réu e revelia — 17. t tomo diz Eduardo Couture: ""Se o juiz fôsse <onstrangido a tondenar a um novo pagamento de uma,” addresses another general-procedure topic; the book’s chapter 11 is the focused cognition support for Aula14."
didier-curso-vol1-2017,ch20,aula-14.html,unused,"This chapter, “Arguição de impedimento ou suspeição,” addresses another general-procedure topic; the book’s chapter 11 is the focused cognition support for Aula14."
didier-curso-vol1-2017,ch21,aula-14.html,unused,"This chapter, “Providências preliminares e julgamento conforme o estado do processo,” addresses another general-procedure topic; the book’s chapter 11 is the focused cognition support for Aula14."
didier-curso-vol1-2017,ch22,aula-14.html,unused,"This chapter, “Extinção do processo,” addresses another general-procedure topic; the book’s chapter 11 is the focused cognition support for Aula14."
didier-curso-vol1-2017,ch23,aula-14.html,unused,"This chapter, “Suspensão do processo,” addresses another general-procedure topic; the book’s chapter 11 is the focused cognition support for Aula14."
didier-curso-vol1-2017,24-bibliography-01,aula-14.html,unused,"This chapter, “Bibliografia, parte 1,” addresses another general-procedure topic; the book’s chapter 11 is the focused cognition support for Aula14."
didier-curso-vol1-2017,24-bibliography-02,aula-14.html,unused,"This chapter, “Bibliografia, parte 2,” addresses another general-procedure topic; the book’s chapter 11 is the focused cognition support for Aula14."
didier-resposta-reu-revelia,assigned-reading,aula-14.html,unused,"This assigned reading treats the defendant’s response and default, a different syllabus topic from Aula14’s theory of proof."
eid-litisconsorcio-unitario,assigned-reading,aula-14.html,unused,"This assigned reading concerns unitary joinder, which belongs to an earlier syllabus topic rather than evidence theory."
exam-2015-1-avaliacao-1,exam-2015-1-avaliacao-1,aula-14.html,unused,"This P1 assessment covers the weeks 1–9 block, whereas Aula14 belongs to the later P2 evidence block; it does not directly test this lesson’s scope."
exam-2015-1-avaliacao-2,exam-2015-1-avaliacao-2,aula-14.html,supporting,"Questions 7 and 11 test evidence typicity and whether apparently improbable facts may be proven, giving direct retrieval practice on proof principles and the relation between models and factual truth."
exam-2017-2-p1,exam-2017-2-p1,aula-14.html,unused,"This P1 assessment covers the weeks 1–9 block, whereas Aula14 belongs to the later P2 evidence block; it does not directly test this lesson’s scope."
exam-2018-1-p1,document,aula-14.html,unused,"This P1 assessment covers the weeks 1–9 block, whereas Aula14 belongs to the later P2 evidence block; it does not directly test this lesson’s scope."
exam-2018-2-p1-v1,document,aula-14.html,unused,"This P1 assessment covers the weeks 1–9 block, whereas Aula14 belongs to the later P2 evidence block; it does not directly test this lesson’s scope."
exam-2018-2-p1-v2,document,aula-14.html,unused,"This P1 assessment covers the weeks 1–9 block, whereas Aula14 belongs to the later P2 evidence block; it does not directly test this lesson’s scope."
exam-2019-2-p1,document,aula-14.html,unused,"This P1 assessment covers the weeks 1–9 block, whereas Aula14 belongs to the later P2 evidence block; it does not directly test this lesson’s scope."
exam-2025-2-p1-candidate,document,aula-14.html,unused,"This candidate exam is not confirmed as Scarparo’s and its OCR is flagged for verification, so it is not direct assessment material for Aula14."
exam-questions-extract-2026-09-28,exam-questions-extract-2026-09-28,aula-14.html,unused,"This earlier question extract is only a reconciliation starting point, not a verified standalone exam source; the lesson’s relevant practice comes from the original P2 exam."
knijnik-prova-caps1-2,assigned-reading,aula-14.html,primary,"This is the assigned pp. 3–48 reading for Aula14 and directly covers the syllabus introduction, evidence principles, and argumentative/demonstrative models."
koplin-audiencias,artigo-audiencias,aula-14.html,unused,"This supplement surveys hearings and their conduct, not the general evidentiary principles and models in Aula14."
lucon-cpc-355-357,assigned-reading,aula-14.html,unused,"This assigned commentary concerns judgment without trial and case management (CPC arts. 355–357), a separate lesson from evidence theory."
marinoni-novo-curso-vol1-2017,front-matter,aula-14.html,unused,"This chapter, “Front matter (title page, authors and presentation),” develops general procedural theory or rights rather than the evidence-specific introduction and models assigned to Aula14."
marinoni-novo-curso-vol1-2017,introducao,aula-14.html,unused,"This chapter, “Introdução — teoria do processo civil,” develops general procedural theory or rights rather than the evidence-specific introduction and models assigned to Aula14."
marinoni-novo-curso-vol1-2017,parte-i-cap-01,aula-14.html,unused,"This chapter, “Parte I, capítulo 1 — A Influência Dos Valores Do Estado Liberal De Direito E Do Positivismo Jurídico Sobre Os Conceitos Clássicos De Jurisdição,” develops general procedural theory or rights rather than the evidence-specific introduction and models assigned to Aula14."
marinoni-novo-curso-vol1-2017,parte-i-cap-02,aula-14.html,unused,"This chapter, “Parte I, capítulo 2 — Do Mito Do Cognitivismo Interpretativo E Do Logicismo Na Aplicação Do Direito No Positivismo Clássico À Dupla Indeterminação Do…,” develops general procedural theory or rights rather than the evidence-specific introduction and models assigned to Aula14."
marinoni-novo-curso-vol1-2017,parte-i-cap-03,aula-14.html,unused,"This chapter, “Parte I, capítulo 3 — A Transformação Do Princípio Da Legalidade: Da Legalidade Formal Pelas Regras À Legalidade Substancial Pelas Normas,” develops general procedural theory or rights rather than the evidence-specific introduction and models assigned to Aula14."
marinoni-novo-curso-vol1-2017,parte-i-cap-04,aula-14.html,unused,"This chapter, “Parte I, capítulo 4 — O Controle Da Constitucionalidade Pelo Juiz Singular No Direito Brasileiro,” develops general procedural theory or rights rather than the evidence-specific introduction and models assigned to Aula14."
marinoni-novo-curso-vol1-2017,parte-i-cap-05,aula-14.html,unused,"This chapter, “Parte I, capítulo 5 — A Teoria Dos Direitos Fundamentais,” develops general procedural theory or rights rather than the evidence-specific introduction and models assigned to Aula14."
marinoni-novo-curso-vol1-2017,parte-i-cap-06,aula-14.html,unused,"This chapter, “Parte I, capítulo 6 — A Jurisdição No Estado Constitucional,” develops general procedural theory or rights rather than the evidence-specific introduction and models assigned to Aula14."
marinoni-novo-curso-vol1-2017,parte-i-cap-07,aula-14.html,unused,"This chapter, “Parte I, capítulo 7 — A Jurisdição E A Justiça Civil,” develops general procedural theory or rights rather than the evidence-specific introduction and models assigned to Aula14."
marinoni-novo-curso-vol1-2017,parte-i-cap-08,aula-14.html,unused,"This chapter, “Parte I, capítulo 8 — A Jurisdição No Quadro Das Formas De Resolução De Litígios,” develops general procedural theory or rights rather than the evidence-specific introduction and models assigned to Aula14."
marinoni-novo-curso-vol1-2017,parte-i-cap-09,aula-14.html,unused,"This chapter, “Parte I, capítulo 9 — O Direito À Jurisdição E Ao Juiz Natural Na Constituição E No Novo Código De Processo Civil,” develops general procedural theory or rights rather than the evidence-specific introduction and models assigned to Aula14."
marinoni-novo-curso-vol1-2017,parte-ii-cap-01,aula-14.html,unused,"This chapter, “Parte II, capítulo 1 — As Teorias Da Ação E A Posição Do Novo Cpc. Primeiros Apontamentos Para Uma Concepção Adequada Ao Estado Constitucional E À Re…,” develops general procedural theory or rights rather than the evidence-specific introduction and models assigned to Aula14."
marinoni-novo-curso-vol1-2017,parte-ii-cap-02,aula-14.html,unused,"This chapter, “Parte II, capítulo 2 — A Influência Dos Valores Do Estado Social Sobre O Direito De Ação,” develops general procedural theory or rights rather than the evidence-specific introduction and models assigned to Aula14."
marinoni-novo-curso-vol1-2017,parte-ii-cap-03,aula-14.html,unused,"This chapter, “Parte II, capítulo 3 — O Direito De Ação No Quadro Dos Direitos Fundamentais,” develops general procedural theory or rights rather than the evidence-specific introduction and models assigned to Aula14."
marinoni-novo-curso-vol1-2017,parte-ii-cap-04,aula-14.html,unused,"This chapter, “Parte II, capítulo 4 — O Conteúdo Do Direito De Ação A Partir Da Constituição E Do Novo Código De Processo Civil,” develops general procedural theory or rights rather than the evidence-specific introduction and models assigned to Aula14."
marinoni-novo-curso-vol1-2017,parte-ii-cap-05,aula-14.html,unused,"This chapter, “Parte II, capítulo 5 — Da Ação Abstrata E Uniforme (Ação Única) À Ação Adequada À Tutela Do Direito Material E Ao Caso Concreto,” develops general procedural theory or rights rather than the evidence-specific introduction and models assigned to Aula14."
marinoni-novo-curso-vol1-2017,parte-iii-cap-01,aula-14.html,unused,"This chapter, “Parte II, capítulo 1 — Conceito De Direito De Defesa,” develops general procedural theory or rights rather than the evidence-specific introduction and models assigned to Aula14."
marinoni-novo-curso-vol1-2017,parte-iii-cap-02,aula-14.html,unused,"This chapter, “Parte II, capítulo 2 — Direito De Defesa E Acesso À Justiça,” develops general procedural theory or rights rather than the evidence-specific introduction and models assigned to Aula14."
marinoni-novo-curso-vol1-2017,parte-iii-cap-03,aula-14.html,unused,"This chapter, “Parte II, capítulo 3 — O Direito De Defesa Na Constituição. O Significado Do Direito À Ampla Defesa,” develops general procedural theory or rights rather than the evidence-specific introduction and models assigned to Aula14."
marinoni-novo-curso-vol1-2017,parte-iii-cap-04,aula-14.html,unused,"This chapter, “Parte II, capítulo 4 — O Direito De Defesa No Novo Código De Processo Civil,” develops general procedural theory or rights rather than the evidence-specific introduction and models assigned to Aula14."
marinoni-novo-curso-vol1-2017,parte-iii-cap-05,aula-14.html,unused,"This chapter, “Parte II, capítulo 5 — O Direito Fundamental De Defesa Diante Do Direito Fundamental De Ação,” develops general procedural theory or rights rather than the evidence-specific introduction and models assigned to Aula14."
marinoni-novo-curso-vol1-2017,parte-iii-cap-06,aula-14.html,unused,"This chapter, “Parte II, capítulo 6 — Problematização Do Direito Fundamental De Defesa,” develops general procedural theory or rights rather than the evidence-specific introduction and models assigned to Aula14."
marinoni-novo-curso-vol1-2017,parte-iv-cap-01,aula-14.html,unused,"This chapter, “Parte IV, capítulo 1 — Processo E Procedimento Na Doutrina Clássica,” develops general procedural theory or rights rather than the evidence-specific introduction and models assigned to Aula14."
marinoni-novo-curso-vol1-2017,parte-iv-cap-02,aula-14.html,unused,"This chapter, “Parte IV, capítulo 2 — Bases Para Um Novo Conceito De Processo,” develops general procedural theory or rights rather than the evidence-specific introduction and models assigned to Aula14."
marinoni-novo-curso-vol1-2017,parte-iv-cap-03,aula-14.html,unused,"This chapter, “Parte IV, capítulo 3 — O Processo Na Perspectiva Dos Direitos Fundamentais. O Direito Fundamental Ao Processo Justo E Sua Densificação Constitucional,” develops general procedural theory or rights rather than the evidence-specific introduction and models assigned to Aula14."
marinoni-novo-curso-vol1-2017,parte-iv-cap-04,aula-14.html,unused,"This chapter, “Parte IV, capítulo 4 — O Processo, Os Pressupostos Processuais E O Mérito Da Causa,” develops general procedural theory or rights rather than the evidence-specific introduction and models assigned to Aula14."
marinoni-novo-curso-vol1-2017,parte-iv-cap-05,aula-14.html,unused,"This chapter, “Parte IV, capítulo 5 — Processo De Conhecimento E Processo De Execução No Novo Código De Processo Civil,” develops general procedural theory or rights rather than the evidence-specific introduction and models assigned to Aula14."
marinoni-novo-curso-vol1-2017,referencias-bibliograficas,aula-14.html,unused,"This chapter, “Referências bibliográficas,” develops general procedural theory or rights rather than the evidence-specific introduction and models assigned to Aula14."
marinoni-novo-curso-vol2,01,aula-14.html,unused,"This chapter on “Técnica processual e tutela dos direitos” covers a different procedure or remedy, outside Aula14’s theory-of-proof recut."
marinoni-novo-curso-vol2,02,aula-14.html,unused,"This chapter on “Jurisdição e competência” covers a different procedure or remedy, outside Aula14’s theory-of-proof recut."
marinoni-novo-curso-vol2,03a,aula-14.html,unused,"This chapter on “Participação no processo: itens 3.1–3.3” covers a different procedure or remedy, outside Aula14’s theory-of-proof recut."
marinoni-novo-curso-vol2,03b,aula-14.html,unused,"This chapter on “Participação no processo: item 3.4 e caso” covers a different procedure or remedy, outside Aula14’s theory-of-proof recut."
marinoni-novo-curso-vol2,04,aula-14.html,unused,"This chapter on “Atos processuais” covers a different procedure or remedy, outside Aula14’s theory-of-proof recut."
marinoni-novo-curso-vol2,05,aula-14.html,unused,"This chapter on “Formação, suspensão e extinção do processo” covers a different procedure or remedy, outside Aula14’s theory-of-proof recut."
marinoni-novo-curso-vol2,06,aula-14.html,unused,"This chapter on “Procedimento comum” covers a different procedure or remedy, outside Aula14’s theory-of-proof recut."
marinoni-novo-curso-vol2,07,aula-14.html,unused,"This chapter on “Petição inicial” covers a different procedure or remedy, outside Aula14’s theory-of-proof recut."
marinoni-novo-curso-vol2,08,aula-14.html,unused,"This chapter on “Audiência de conciliação ou de mediação” covers a different procedure or remedy, outside Aula14’s theory-of-proof recut."
marinoni-novo-curso-vol2,09,aula-14.html,unused,"This chapter on “Atitudes do réu” covers a different procedure or remedy, outside Aula14’s theory-of-proof recut."
marinoni-novo-curso-vol2,10,aula-14.html,unused,"This chapter on “Antecipação da tutela” covers a different procedure or remedy, outside Aula14’s theory-of-proof recut."
marinoni-novo-curso-vol2,11,aula-14.html,unused,"This chapter on “Julgamento conforme o estado do processo” covers a different procedure or remedy, outside Aula14’s theory-of-proof recut."
marinoni-novo-curso-vol2,12,aula-14.html,unused,"This chapter on “Organização do processo” covers a different procedure or remedy, outside Aula14’s theory-of-proof recut."
marinoni-novo-curso-vol2,13,aula-14.html,unused,"This chapter on “Audiência de instrução e julgamento” covers a different procedure or remedy, outside Aula14’s theory-of-proof recut."
marinoni-novo-curso-vol2,14.01,aula-14.html,primary,"This bounded 9,397-word chapter covers proof’s function, relation to truth, definition, object, and right/duty to prove; it is the single essential-book chapter directly matched to Aula14’s introductory theory and models."
marinoni-novo-curso-vol2,14.02,aula-14.html,unused,"This chapter covers burden of proof and facts that need no proof, topics assigned to the later object and burden lessons rather than Aula14’s introduction."
marinoni-novo-curso-vol2,14.03,aula-14.html,unused,"This chapter covers borrowed evidence, evidentiary procedure, and indicia, which belong to later lessons on object, admissibility, and evaluation."
marinoni-novo-curso-vol2,14.04,aula-14.html,unused,"This chapter treats illegal, typical, and atypical evidence and its admissibility, assigned to the later object-and-admissibility lesson."
marinoni-novo-curso-vol2,14.05,aula-14.html,unused,"This chapter treats confession and document-production procedures, specific evidentiary mechanisms beyond Aula14’s principles and models."
marinoni-novo-curso-vol2,14.06,aula-14.html,unused,"This chapter covers documentary evidence and its production, a specific means of proof reserved for later evidence lessons."
marinoni-novo-curso-vol2,14.07,aula-14.html,unused,"This chapter covers testimony, expert evidence, and judicial inspection, specific means of proof outside Aula14’s introductory recut."
marinoni-novo-curso-vol2,15.01,aula-14.html,unused,"This chapter on “Sentença” covers a different procedure or remedy, outside Aula14’s theory-of-proof recut."
marinoni-novo-curso-vol2,15.02,aula-14.html,unused,"This chapter on “Sentença” covers a different procedure or remedy, outside Aula14’s theory-of-proof recut."
marinoni-novo-curso-vol2,15.03,aula-14.html,unused,"This chapter on “Sentença” covers a different procedure or remedy, outside Aula14’s theory-of-proof recut."
marinoni-novo-curso-vol2,15.04,aula-14.html,unused,"This chapter on “Sentença” covers a different procedure or remedy, outside Aula14’s theory-of-proof recut."
marinoni-novo-curso-vol2,16.01,aula-14.html,unused,"This chapter on “Recursos” covers a different procedure or remedy, outside Aula14’s theory-of-proof recut."
marinoni-novo-curso-vol2,16.02,aula-14.html,unused,"This chapter on “Recursos” covers a different procedure or remedy, outside Aula14’s theory-of-proof recut."
marinoni-novo-curso-vol2,16.03,aula-14.html,unused,"This chapter on “Recursos” covers a different procedure or remedy, outside Aula14’s theory-of-proof recut."
marinoni-novo-curso-vol2,17.01,aula-14.html,unused,"This chapter on “Processo nos tribunais” covers a different procedure or remedy, outside Aula14’s theory-of-proof recut."
marinoni-novo-curso-vol2,17.02,aula-14.html,unused,"This chapter on “Processo nos tribunais” covers a different procedure or remedy, outside Aula14’s theory-of-proof recut."
marinoni-novo-curso-vol2,18,aula-14.html,unused,"This chapter on “Precedentes” covers a different procedure or remedy, outside Aula14’s theory-of-proof recut."
marinoni-novo-curso-vol2,19.01,aula-14.html,unused,"This chapter on “Coisa julgada” covers a different procedure or remedy, outside Aula14’s theory-of-proof recut."
marinoni-novo-curso-vol2,19.02,aula-14.html,unused,"This chapter on “Coisa julgada” covers a different procedure or remedy, outside Aula14’s theory-of-proof recut."
marinoni-novo-curso-vol2,21,aula-14.html,unused,"This chapter on “Teoria da efetivação das decisões judiciais mediante cumprimento de sentença (abertura e item 1.1)” covers a different procedure or remedy, outside Aula14’s theory-of-proof recut."
marinoni-novo-curso-vol2,23,aula-14.html,unused,"This chapter on “1.2 Panorama histórico da efetivação de sentenças” covers a different procedure or remedy, outside Aula14’s theory-of-proof recut."
marinoni-novo-curso-vol2,24,aula-14.html,unused,"This chapter on “1.3 Técnica executiva e tutela dos direitos” covers a different procedure or remedy, outside Aula14’s theory-of-proof recut."
marinoni-novo-curso-vol2,25,aula-14.html,unused,"This chapter on “1.4 Princípios fundamentais da execução” covers a different procedure or remedy, outside Aula14’s theory-of-proof recut."
marinoni-novo-curso-vol2,26,aula-14.html,unused,"This chapter on “1.5 As formas de execução” covers a different procedure or remedy, outside Aula14’s theory-of-proof recut."
marinoni-novo-curso-vol2,27,aula-14.html,unused,"This chapter on “1.6 O art. 515, I, do CPC e as sentenças que dependem de execução” covers a different procedure or remedy, outside Aula14’s theory-of-proof recut."
marinoni-novo-curso-vol2,28,aula-14.html,unused,"This chapter on “1.7 Os títulos executivos judiciais” covers a different procedure or remedy, outside Aula14’s theory-of-proof recut."
marinoni-novo-curso-vol2,29,aula-14.html,unused,"This chapter on “1.8 Liquidação da obrigação” covers a different procedure or remedy, outside Aula14’s theory-of-proof recut."
marinoni-novo-curso-vol2,30,aula-14.html,unused,"This chapter on “1.9 Questões gerais do procedimento de cumprimento de sentença” covers a different procedure or remedy, outside Aula14’s theory-of-proof recut."
marinoni-novo-curso-vol2,38,aula-14.html,unused,"This chapter on “2.1 Imposição de fazer e de não fazer, prestação da tutela do direito e meios de execução adequados” covers a different procedure or remedy, outside Aula14’s theory-of-proof recut."
marinoni-novo-curso-vol2,39,aula-14.html,unused,"This chapter on “2.2 Técnicas de execução e controle do poder executivo do juiz” covers a different procedure or remedy, outside Aula14’s theory-of-proof recut."
marinoni-novo-curso-vol2,40,aula-14.html,unused,"This chapter on “2.3 Defesa do executado” covers a different procedure or remedy, outside Aula14’s theory-of-proof recut."
marinoni-novo-curso-vol2,41,aula-14.html,unused,"This chapter on “2.4 A sentença que reconhece obrigação de prestar declaração de vontade” covers a different procedure or remedy, outside Aula14’s theory-of-proof recut."
marinoni-novo-curso-vol2,32,aula-14.html,unused,"This chapter on “A sentença que reconhece a obrigação de entregar coisa” covers a different procedure or remedy, outside Aula14’s theory-of-proof recut."
marinoni-novo-curso-vol2,42,aula-14.html,unused,"This chapter on “4.1 Tutela pecuniária e técnicas de execução” covers a different procedure or remedy, outside Aula14’s theory-of-proof recut."
marinoni-novo-curso-vol2,43,aula-14.html,unused,"This chapter on “4.2 Fase inicial da execução” covers a different procedure or remedy, outside Aula14’s theory-of-proof recut."
marinoni-novo-curso-vol2,51,aula-14.html,unused,"This chapter on “4.3.1–4.3.2 Penhora e responsabilidade patrimonial” covers a different procedure or remedy, outside Aula14’s theory-of-proof recut."
marinoni-novo-curso-vol2,52,aula-14.html,unused,"This chapter on “4.3.3–4.3.4 Bens de terceiros e fraude” covers a different procedure or remedy, outside Aula14’s theory-of-proof recut."
marinoni-novo-curso-vol2,53,aula-14.html,unused,"This chapter on “4.3.5 Procedimento da penhora” covers a different procedure or remedy, outside Aula14’s theory-of-proof recut."
marinoni-novo-curso-vol2,45,aula-14.html,unused,"This chapter on “4.4 Providências preliminares à satisfação do credor” covers a different procedure or remedy, outside Aula14’s theory-of-proof recut."
marinoni-novo-curso-vol2,46,aula-14.html,unused,"This chapter on “4.5 A defesa do executado” covers a different procedure or remedy, outside Aula14’s theory-of-proof recut."
marinoni-novo-curso-vol2,47,aula-14.html,unused,"This chapter on “4.6 Satisfação do credor” covers a different procedure or remedy, outside Aula14’s theory-of-proof recut."
marinoni-novo-curso-vol2,48,aula-14.html,unused,"This chapter on “4.7 Entrega do dinheiro ao credor e caso” covers a different procedure or remedy, outside Aula14’s theory-of-proof recut."
marinoni-novo-curso-vol2,34,aula-14.html,unused,"This chapter on “Suspensão e conclusão do cumprimento de sentença” covers a different procedure or remedy, outside Aula14’s theory-of-proof recut."
marinoni-novo-curso-vol2,35,aula-14.html,unused,"This chapter on “A execução da decisão provisória” covers a different procedure or remedy, outside Aula14’s theory-of-proof recut."
marinoni-novo-curso-vol2,49,aula-14.html,unused,"This chapter on “7.1 Cumprimento de decisão de prestação alimentícia” covers a different procedure or remedy, outside Aula14’s theory-of-proof recut."
marinoni-novo-curso-vol2,50,aula-14.html,unused,"This chapter on “7.2 Cumprimento contra a Fazenda Pública e caso” covers a different procedure or remedy, outside Aula14’s theory-of-proof recut."
marinoni-novo-curso-vol2,37,aula-14.html,unused,"This chapter on “Particularidades da execução dos demais títulos judiciais” covers a different procedure or remedy, outside Aula14’s theory-of-proof recut."
mitidiero-processo-civil-2022,capitulo-i,aula-14.html,unused,"This chapter, “Capítulo I: O Mapa,” addresses general process structure or fundamental norms, not the specific principles and models of proof in Aula14."
mitidiero-processo-civil-2022,capitulo-ii,aula-14.html,unused,"This chapter, “Capítulo II: O Ouriço e a Raposa,” addresses general process structure or fundamental norms, not the specific principles and models of proof in Aula14."
mitidiero-processo-civil-2022,capitulo-iii-1,aula-14.html,unused,"This chapter, “Capítulo III, § 3.1: Ação e defesa,” addresses general process structure or fundamental norms, not the specific principles and models of proof in Aula14."
mitidiero-processo-civil-2022,capitulo-iii-2,aula-14.html,unused,"This chapter, “Capítulo III, § 3.2: Jurisdição,” addresses general process structure or fundamental norms, not the specific principles and models of proof in Aula14."
mitidiero-processo-civil-2022,capitulo-iii-3,aula-14.html,unused,"This chapter, “Capítulo III, § 3.3: Processo,” addresses general process structure or fundamental norms, not the specific principles and models of proof in Aula14."
mitidiero-processo-civil-2022,capitulo-iii-4,aula-14.html,unused,"This chapter, “Capítulo III, § 3.4: Princípios formativos, devido processo e normas fundamentais,” addresses general process structure or fundamental norms, not the specific principles and models of proof in Aula14."
mitidiero-processo-civil-2022,capitulo-iv-1,aula-14.html,unused,"This chapter, “Capítulo IV, § 4.1: Procedimento,” addresses general process structure or fundamental norms, not the specific principles and models of proof in Aula14."
mitidiero-processo-civil-2022,capitulo-iv-2,aula-14.html,unused,"This chapter, “Capítulo IV, § 4.2: Participantes,” addresses general process structure or fundamental norms, not the specific principles and models of proof in Aula14."
mitidiero-processo-civil-2022,capitulo-iv-3,aula-14.html,unused,"This chapter, “Capítulo IV, § 4.3: Atos processuais,” addresses general process structure or fundamental norms, not the specific principles and models of proof in Aula14."
mitidiero-processo-civil-2022,capitulo-iv-4,aula-14.html,unused,"This chapter, “Capítulo IV, § 4.4: Formação, suspensão e extinção do processo,” addresses general process structure or fundamental norms, not the specific principles and models of proof in Aula14."
mitidiero-processo-civil-2022,capitulo-v-1,aula-14.html,unused,"This chapter, “Capítulo V, § 5.1: Procedimento comum,” addresses general process structure or fundamental norms, not the specific principles and models of proof in Aula14."
mitidiero-processo-civil-2022,capitulo-v-2,aula-14.html,unused,"This chapter, “Capítulo V, § 5.2: Fase de conhecimento,” addresses general process structure or fundamental norms, not the specific principles and models of proof in Aula14."
mitidiero-processo-civil-2022,capitulo-v-3,aula-14.html,unused,"This chapter, “Capítulo V, § 5.3: Fase de cumprimento,” addresses general process structure or fundamental norms, not the specific principles and models of proof in Aula14."
mitidiero-processo-civil-2022,capitulo-vi-1,aula-14.html,unused,"This chapter, “Capítulo VI, § 6.1: Cortes de Justiça e Cortes Supremas,” addresses general process structure or fundamental norms, not the specific principles and models of proof in Aula14."
mitidiero-processo-civil-2022,capitulo-vi-2,aula-14.html,unused,"This chapter, “Capítulo VI, § 6.2: Recursos,” addresses general process structure or fundamental norms, not the specific principles and models of proof in Aula14."
mitidiero-processo-civil-2022,capitulo-vi-3,aula-14.html,unused,"This chapter, “Capítulo VI, § 6.3: Incidentes,” addresses general process structure or fundamental norms, not the specific principles and models of proof in Aula14."
mitidiero-processo-civil-2022,capitulo-vi-4,aula-14.html,unused,"This chapter, “Capítulo VI, § 6.4: Ações,” addresses general process structure or fundamental norms, not the specific principles and models of proof in Aula14."
mitidiero-processo-civil-2022,capitulo-vii,aula-14.html,unused,"This chapter, “Capítulo VII: Os Moinhos de Vento,” addresses general process structure or fundamental norms, not the specific principles and models of proof in Aula14."
mitidiero-processo-civil-2022,capitulo-viii,aula-14.html,unused,"This chapter, “Capítulo VIII: Uma História sem Fim,” addresses general process structure or fundamental norms, not the specific principles and models of proof in Aula14."
moodle-export-ar,moodle-export-ar,aula-14.html,unused,"This Moodle document is a procedural model/example (“Detached Moodle export: Exemplo de AR”) for another stage, not a source on Aula14’s evidence principles or models."
moodle-export-certidao-ne,moodle-export-certidao-ne,aula-14.html,unused,"This Moodle document is a procedural model/example (“Detached Moodle export: Exemplo de Certificação de NE (autos físicos)”) for another stage, not a source on Aula14’s evidence principles or models."
moodle-export-edital,exemplo-de-edital,aula-14.html,unused,"This Moodle document is a procedural model/example (“Exemplo de Edital”) for another stage, not a source on Aula14’s evidence principles or models."
moodle-export-mandado-cumprido,moodle-export-mandado-cumprido,aula-14.html,unused,"This Moodle document is a procedural model/example (“Detached Moodle export: Exemplo de mandado cumprido (autos físicos)”) for another stage, not a source on Aula14’s evidence principles or models."
moodle-export-mandado-nao-cumprido,moodle-export-mandado-nao-cumprido,aula-14.html,unused,"This Moodle document is a procedural model/example (“Detached Moodle export: Exemplo pitoresco de mandado não cumprido”) for another stage, not a source on Aula14’s evidence principles or models."
moodle-model-ar,modelo-ar,aula-14.html,unused,"This Moodle document is a procedural model/example (“Modelo de Aviso de Recebimento positivo (AR)”) for another stage, not a source on Aula14’s evidence principles or models."
moodle-model-certidao-ne,modelo-certidao-ne,aula-14.html,unused,"This Moodle document is a procedural model/example (“Modelo de certidão de Nota de Expediente (NE)”) for another stage, not a source on Aula14’s evidence principles or models."
moodle-model-edital,moodle-model-edital-document,aula-14.html,unused,"This Moodle document is a procedural model/example (“Edital de Citação - Execução”) for another stage, not a source on Aula14’s evidence principles or models."
moodle-model-julgamento-sinceridade,moodle-model-julgamento-sinceridade,aula-14.html,unused,"This Moodle example concerns judgment according to the sincerity of the process, not the syllabus’s argumentative and demonstrative models of proof."
moodle-model-mandado-cumprido,moodle-model-mandado-cumprido,aula-14.html,unused,"This Moodle document is a procedural model/example (“Modelos e Exemplos: mandado cumprido/certificado”) for another stage, not a source on Aula14’s evidence principles or models."
moodle-model-mandado-nao-cumprido,moodle-model-mandado-nao-cumprido,aula-14.html,unused,"This Moodle document is a procedural model/example (“Modelos e Exemplos: mandado não cumprido”) for another stage, not a source on Aula14’s evidence principles or models."
passos-teoria-nulidades,assigned-reading,aula-14.html,unused,"This assigned reading concerns procedural nullities, not the evidence principles or models taught in Aula14."
peer-note-carolina-leite-p2,peer-note-carolina-leite-p2,aula-14.html,unused,"This broad peer-note unit, “Carolina Leite, Direito Processual Civil I p2,” does not isolate Aula14’s evidence principles/models and cannot serve as legal authority."
peer-note-resuminho,document,aula-14.html,unused,"This broad peer-note unit, “RESUMINHO (resumo de colega),” does not isolate Aula14’s evidence principles/models and cannot serve as legal authority."
peer-note-whatsapp-00001291,peer-note-whatsapp-00001291,aula-14.html,unused,"This broad peer-note unit, “WhatsApp C10, 00001291 Direito Processual Civil I,” does not isolate Aula14’s evidence principles/models and cannot serve as legal authority."
peer-note-whatsapp-00003003,peer-note-whatsapp-00003003,aula-14.html,unused,"This broad peer-note unit, “WhatsApp C10, 00003003-2608,” does not isolate Aula14’s evidence principles/models and cannot serve as legal authority."
taruffo-la-prova-1992,00-front-matter,aula-14.html,unused,The front matter and index locate Taruffo’s chapters but teach no evidence principle or model.
taruffo-la-prova-1992,01-prova-e-verita,aula-14.html,unused,"This 30,041-word chapter surveys proof and truth broadly; Aula14 uses the assigned Knijnik span plus the single bounded essential chapter 14.01, and this whole unit cannot fit the lesson’s 30,000-word supporting budget."
taruffo-la-prova-1992,02-il-fatto,aula-14.html,unused,"This chapter develops the factual object of evidence, which the course map places in the later object-of-proof lesson; Aula14 stops at the introductory principles and models."
taruffo-la-prova-1992,03-verita-verosimiglianza-probabilita,aula-14.html,unused,"Its analysis of truth, plausibility, and probability belongs with the later valuation and standards-of-proof lesson, not Aula14’s introductory model comparison."
taruffo-la-prova-1992,04-ipotesi-prove-scelte,aula-14.html,unused,"Its extended analysis of hypotheses, evidence, and choices belongs with later evidentiary evaluation; Aula14 only introduces the models that organize that work."
taruffo-la-prova-1992,05-prova-giuridica,aula-14.html,unused,"This 50,308-word chapter treats legal proof broadly; the lesson’s narrow introduction is covered by its assigned reading and bounded essential chapter, while this unit exceeds the support budget."
taruffo-la-prova-1992,06-lessico-delle-prove,aula-14.html,unused,"This 34,181-word lexical survey is a broad reference rather than a bounded treatment of Aula14’s principles and models, and exceeds the support budget as a unit."
taruffo-la-prova-1992,07-indici,aula-14.html,unused,The indexes are back matter and do not directly teach Aula14’s evidence principles or models.
marinoni-novo-curso-vol2,14.04b,aula-14.html,unused,"A continuação (§ 9.13 e seguintes) trata de depoimento pessoal, procedimento probatório e confissão; não atende ao recorte desta aula. This chapter treats illegal, typical, and atypical evidence and its admissibility, assigned to the later object-and-admissibility lesson."
