source_id,chapter_id,lesson_id,role,why
barbosa-moreira-temas-serie4-1989,01-os-temas-fundamentais-do-direito-brasileiro-nos-anos-80,aula-08-revelia.html,unused,O capítulo “Os temas fundamentais do direito brasileiro nos anos 80: Direito Processual Civil” trata de tema diverso do recorte de revelia e reconvenção desta aula.
barbosa-moreira-temas-serie4-1989,02-sobre-a-multiplicidade-de-perspectivas-no-estudo-do-processo,aula-08-revelia.html,unused,O capítulo “Sobre a multiplicidade de perspectivas no estudo do processo” trata de tema diverso do recorte de revelia e reconvenção desta aula.
barbosa-moreira-temas-serie4-1989,03-dimensiones-sociales-del-proceso-civil,aula-08-revelia.html,unused,O capítulo “Dimensiones sociales del proceso civil” trata de tema diverso do recorte de revelia e reconvenção desta aula.
barbosa-moreira-temas-serie4-1989,04-o-problema-da-divisao-do-trabalho-entre-juiz-e-partes,aula-08-revelia.html,unused,O capítulo “O problema da “divisão do trabalho” entre juiz e partes: aspectos terminológicos” trata de tema diverso do recorte de revelia e reconvenção desta aula.
barbosa-moreira-temas-serie4-1989,05-os-poderes-do-juiz-na-direcao-e-na-instrucao-do-processo,aula-08-revelia.html,unused,O capítulo “Os poderes do juiz na direção e na instrução do processo” trata de tema diverso do recorte de revelia e reconvenção desta aula.
barbosa-moreira-temas-serie4-1989,06-sobre-a-participacao-do-juiz-no-processo-civil,aula-08-revelia.html,unused,O capítulo “Sobre a “participação” do juiz no processo civil” trata de tema diverso do recorte de revelia e reconvenção desta aula.
barbosa-moreira-temas-serie4-1989,07-la-igualdad-de-las-partes-en-el-proceso-civil,aula-08-revelia.html,unused,O capítulo “La igualdad de las partes en el proceso civil” trata de tema diverso do recorte de revelia e reconvenção desta aula.
barbosa-moreira-temas-serie4-1989,08-sobre-pressupostos-processuais,aula-08-revelia.html,unused,O capítulo “Sobre pressupostos processuais” trata de tema diverso do recorte de revelia e reconvenção desta aula.
barbosa-moreira-temas-serie4-1989,09-a-competencia-como-questao-preliminar-e-como-questao-de-merito,aula-08-revelia.html,unused,O capítulo “A competência como questão preliminar e como questão de mérito” trata de tema diverso do recorte de revelia e reconvenção desta aula.
barbosa-moreira-temas-serie4-1989,10-saneamento-do-processo-e-audiencia-preliminar-parte-i-apresentacao-do-problema,aula-08-revelia.html,unused,O capítulo “Saneamento do processo e audiência preliminar — Parte I — Apresentação do problema” trata de tema diverso do recorte de revelia e reconvenção desta aula.
barbosa-moreira-temas-serie4-1989,10-saneamento-do-processo-e-audiencia-preliminar-parte-ii-possibilidades-de-solucao,aula-08-revelia.html,unused,O capítulo “Saneamento do processo e audiência preliminar — Parte II — Possibilidades de solução” trata de tema diverso do recorte de revelia e reconvenção desta aula.
barbosa-moreira-temas-serie4-1989,10-saneamento-do-processo-e-audiencia-preliminar-parte-iii-modelos-concretos-tecnica-escrita,aula-08-revelia.html,unused,O capítulo “Saneamento do processo e audiência preliminar — Parte III — Exame de alguns modelos concretos: técnica escrita” trata de tema diverso do recorte de revelia e reconvenção desta aula.
barbosa-moreira-temas-serie4-1989,10-saneamento-do-processo-e-audiencia-preliminar-parte-iv-modelos-concretos-tecnica-oral,aula-08-revelia.html,unused,O capítulo “Saneamento do processo e audiência preliminar — Parte IV — Exame de alguns modelos concretos: técnica oral” trata de tema diverso do recorte de revelia e reconvenção desta aula.
barbosa-moreira-temas-serie4-1989,10-saneamento-do-processo-e-audiencia-preliminar-parte-v-apreciacao-critica,aula-08-revelia.html,unused,O capítulo “Saneamento do processo e audiência preliminar — Parte V — Apreciação crítica” trata de tema diverso do recorte de revelia e reconvenção desta aula.
barbosa-moreira-temas-serie4-1989,11-alguns-problemas-atuais-da-prova-civil,aula-08-revelia.html,unused,O capítulo “Alguns problemas atuais da prova civil” trata de tema diverso do recorte de revelia e reconvenção desta aula.
barbosa-moreira-temas-serie4-1989,12-la-collaboration-des-tiers-dans-lactivite-dinstruction,aula-08-revelia.html,unused,O capítulo “La collaboration des tiers dans l’activité d’instruction” trata de tema diverso do recorte de revelia e reconvenção desta aula.
barbosa-moreira-temas-serie4-1989,13-conteudo-e-efeitos-da-sentenca-variacoes-sobre-o-tema,aula-08-revelia.html,unused,O capítulo “Conteúdo e efeitos da sentença: variações sobre o tema” trata de tema diverso do recorte de revelia e reconvenção desta aula.
barbosa-moreira-temas-serie4-1989,14-eficacia-da-sentenca-de-interdicao-por-alienacao-mental,aula-08-revelia.html,unused,O capítulo “Eficácia da sentença de interdição por alienação mental” trata de tema diverso do recorte de revelia e reconvenção desta aula.
barbosa-moreira-temas-serie4-1989,15-publicite-et-secret-du-delibere-dans-la-justice-bresilienne,aula-08-revelia.html,unused,O capítulo “Publicité et secret du délibéré dans la justice brésilienne” trata de tema diverso do recorte de revelia e reconvenção desta aula.
barbosa-moreira-temas-serie4-1989,16-consideracoes-sobre-a-causa-de-pedir-na-acao-rescisoria,aula-08-revelia.html,unused,O capítulo “Considerações sobre a causa de pedir na ação rescisória” trata de tema diverso do recorte de revelia e reconvenção desta aula.
barbosa-moreira-temas-serie4-1989,17-tendencias-na-execucao-de-sentencas-e-ordens-judiciais,aula-08-revelia.html,unused,O capítulo “Tendências na execução de sentenças e ordens judiciais” trata de tema diverso do recorte de revelia e reconvenção desta aula.
barbosa-moreira-temas-serie4-1989,18-problemas-e-solucoes-em-materia-de-reconhecimento-e-execucao-introducao,aula-08-revelia.html,unused,O capítulo “Problemas e soluções em matéria de reconhecimento e execução de sentenças e laudos arbitrais estrangeiros — Introdução” trata de tema diverso do recorte de revelia e reconvenção desta aula.
barbosa-moreira-temas-serie4-1989,18-problemas-e-solucoes-em-materia-de-reconhecimento-e-execucao-i-visao-panoramica,aula-08-revelia.html,unused,O capítulo “Problemas e soluções em matéria de reconhecimento e execução de sentenças e laudos arbitrais estrangeiros — I — Visão panorâmica da situaçã…” trata de tema diverso do recorte de revelia e reconvenção desta aula.
barbosa-moreira-temas-serie4-1989,18-problemas-e-solucoes-em-materia-de-reconhecimento-e-execucao-ii-mecanismos-restritivos,aula-08-revelia.html,unused,O capítulo “Problemas e soluções em matéria de reconhecimento e execução de sentenças e laudos arbitrais estrangeiros — II — Os mecanismos restritivos…” trata de tema diverso do recorte de revelia e reconvenção desta aula.
barbosa-moreira-temas-serie4-1989,18-problemas-e-solucoes-em-materia-de-reconhecimento-e-execucao-iii-possibilidades-de-abolicao-ou-atenuacao,aula-08-revelia.html,unused,O capítulo “Problemas e soluções em matéria de reconhecimento e execução de sentenças e laudos arbitrais estrangeiros — III — Possibilidades de aboliçã…” trata de tema diverso do recorte de revelia e reconvenção desta aula.
barbosa-moreira-temas-serie4-1989,18-problemas-e-solucoes-em-materia-de-reconhecimento-e-execucao-iv-laudos-arbitrais-estrangeiros,aula-08-revelia.html,unused,O capítulo “Problemas e soluções em matéria de reconhecimento e execução de sentenças e laudos arbitrais estrangeiros — IV — Laudos arbitrais estrangei…” trata de tema diverso do recorte de revelia e reconvenção desta aula.
barbosa-moreira-temas-serie4-1989,18-problemas-e-solucoes-em-materia-de-reconhecimento-e-execucao-v-papel-dos-tratados-e-convencoes,aula-08-revelia.html,unused,O capítulo “Problemas e soluções em matéria de reconhecimento e execução de sentenças e laudos arbitrais estrangeiros — V — O papel dos tratados e conv…” trata de tema diverso do recorte de revelia e reconvenção desta aula.
barbosa-moreira-temas-serie4-1989,18-problemas-e-solucoes-em-materia-de-reconhecimento-e-execucao-vi-conclusoes-gerais,aula-08-revelia.html,unused,O capítulo “Problemas e soluções em matéria de reconhecimento e execução de sentenças e laudos arbitrais estrangeiros — VI — Conclusões gerais” trata de tema diverso do recorte de revelia e reconvenção desta aula.
barbosa-moreira-temas-serie4-1989,19-medida-cautelar-liminarmente-concedida-e-omissao-do-requerente,aula-08-revelia.html,unused,O capítulo “Medida cautelar liminarmente concedida e omissão do requerente em propor a tempo a ação principal” trata de tema diverso do recorte de revelia e reconvenção desta aula.
barbosa-moreira-temas-serie4-1989,20-le-juge-bresilien-et-le-droit-etranger,aula-08-revelia.html,unused,O capítulo “Le juge brésilien et le droit étranger” trata de tema diverso do recorte de revelia e reconvenção desta aula.
barbosa-moreira-temas-serie4-1989,21-apendice-presenca-de-couture,aula-08-revelia.html,unused,O capítulo “Apêndice — Presença de Couture” trata de tema diverso do recorte de revelia e reconvenção desta aula.
barbosa-moreira-temas-serie4-1989,22-indice-onomastico,aula-08-revelia.html,unused,"O trecho pré-textual/referencial de Barbosa Moreira, Temas de Direito Processual: Quarta Série (1989) não desenvolve o conteúdo da aula."
barbosa-moreira-temas-serie4-1989,23-indice-alfabetico-remissivo,aula-08-revelia.html,unused,"O trecho pré-textual/referencial de Barbosa Moreira, Temas de Direito Processual: Quarta Série (1989) não desenvolve o conteúdo da aula."
carpes-onus-da-prova,assigned-reading,aula-08-revelia.html,unused,"O capítulo “Carpes, Ônus dinâmico da prova, pp. 45–61” trata de tema diverso do recorte de revelia e reconvenção desta aula."
costa-atos-processuais,capitulo-atos-processuais,aula-08-revelia.html,unused,"O capítulo “Eduardo José da Fonseca Costa, Atos Processuais (art. 188)” trata de tema diverso do recorte de revelia e reconvenção desta aula."
cpc-lei-13105-capture-2026-09-28,Art. 1,aula-08-revelia.html,unused,"Art. 1: Art. 1º O processo civil será ordenado, disciplinado e interpretado conforme os valores e as normas fundamentais estabelecidos na; o dispositivo não regula diretamente revelia ou reconvenção nesta aula."
cpc-lei-13105-capture-2026-09-28,Art. 2,aula-08-revelia.html,unused,"Art. 2: Art. 2º O processo começa por iniciativa da parte e se desenvolve por impulso oficial, salvo as exceções previstas em lei.; o dispositivo não regula diretamente revelia ou reconvenção nesta aula."
cpc-lei-13105-capture-2026-09-28,Art. 3,aula-08-revelia.html,unused,Art. 3: Art. 3º Não se excluirá da apreciação jurisdicional ameaça ou lesão a direito.; o dispositivo não regula diretamente revelia ou reconvenção nesta aula.
cpc-lei-13105-capture-2026-09-28,Art. 4,aula-08-revelia.html,unused,"Art. 4: Art. 4º As partes têm o direito de obter em prazo razoável a solução integral do mérito, incluída a atividade satisfativa.; o dispositivo não regula diretamente revelia ou reconvenção nesta aula."
cpc-lei-13105-capture-2026-09-28,Art. 5,aula-08-revelia.html,unused,Art. 5: Art. 5º Aquele que de qualquer forma participa do processo deve comportar-se de acordo com a boa-fé.; o dispositivo não regula diretamente revelia ou reconvenção nesta aula.
cpc-lei-13105-capture-2026-09-28,Art. 6,aula-08-revelia.html,unused,"Art. 6: Art. 6º Todos os sujeitos do processo devem cooperar entre si para que se obtenha, em tempo razoável, decisão de mérito justa e efetiva.; o dispositivo não regula diretamente revelia ou reconvenção nesta aula."
cpc-lei-13105-capture-2026-09-28,Art. 7,aula-08-revelia.html,unused,"Art. 7: Art. 7º É assegurada às partes paridade de tratamento em relação ao exercício de direitos e faculdades processuais, aos meios de defesa, aos ônus, ao…; o dispositivo não regula diretamente revelia ou reconvenção nesta aula."
cpc-lei-13105-capture-2026-09-28,Art. 8,aula-08-revelia.html,unused,"Art. 8: Art. 8º Ao aplicar o ordenamento jurídico, o juiz atenderá aos fins sociais e às exigências do bem comum, resguardando e promovendo a dignidade da pe…; o dispositivo não regula diretamente revelia ou reconvenção nesta aula."
cpc-lei-13105-capture-2026-09-28,Art. 9,aula-08-revelia.html,unused,Art. 9: Art. 9º Não se proferirá decisão contra uma das partes sem que ela seja previamente ouvida.; o dispositivo não regula diretamente revelia ou reconvenção nesta aula.
cpc-lei-13105-capture-2026-09-28,Art. 10,aula-08-revelia.html,unused,"Art. 10: Art. 10. O juiz não pode decidir, em grau algum de jurisdição, com base em fundamento a respeito do qual não se tenha dado às partes oportunidade de…; o dispositivo não regula diretamente revelia ou reconvenção nesta aula."
cpc-lei-13105-capture-2026-09-28,Art. 11,aula-08-revelia.html,unused,"Art. 11: Art. 11. Todos os julgamentos dos órgãos do Poder Judiciário serão públicos, e fundamentadas todas as decisões, sob pena de nulidade.; o dispositivo não regula diretamente revelia ou reconvenção nesta aula."
cpc-lei-13105-capture-2026-09-28,Art. 12,aula-08-revelia.html,unused,Art. 12: Art. 12. Os juízes e os tribunais deverão obedecer à ordem cronológica de conclusão para proferir sentença ou acórdão.; o dispositivo não regula diretamente revelia ou reconvenção nesta aula.
cpc-lei-13105-capture-2026-09-28,Art. 13,aula-08-revelia.html,unused,"Art. 13: Art. 13. A jurisdição civil será regida pelas normas processuais brasileiras, ressalvadas as disposições específicas previstas em tratados, convençõe…; o dispositivo não regula diretamente revelia ou reconvenção nesta aula."
cpc-lei-13105-capture-2026-09-28,Art. 14,aula-08-revelia.html,unused,"Art. 14: Art. 14. A norma processual não retroagirá e será aplicável imediatamente aos processos em curso, respeitados os atos processuais praticados e as sit…; o dispositivo não regula diretamente revelia ou reconvenção nesta aula."
cpc-lei-13105-capture-2026-09-28,Art. 15,aula-08-revelia.html,unused,"Art. 15: Art. 15. Na ausência de normas que regulem processos eleitorais, trabalhistas ou administrativos, as disposições deste Código lhes serão aplicadas su…; o dispositivo não regula diretamente revelia ou reconvenção nesta aula."
cpc-lei-13105-capture-2026-09-28,Art. 16,aula-08-revelia.html,unused,"Art. 16: Art. 16. A jurisdição civil é exercida pelos juízes e pelos tribunais em todo o território nacional, conforme as disposições deste Código.; o dispositivo não regula diretamente revelia ou reconvenção nesta aula."
cpc-lei-13105-capture-2026-09-28,Art. 17,aula-08-revelia.html,unused,Art. 17: Art. 17. Para postular em juízo é necessário ter interesse e legitimidade.; o dispositivo não regula diretamente revelia ou reconvenção nesta aula.
cpc-lei-13105-capture-2026-09-28,Art. 18,aula-08-revelia.html,unused,"Art. 18: Art. 18. Ninguém poderá pleitear direito alheio em nome próprio, salvo quando autorizado pelo ordenamento jurídico.; o dispositivo não regula diretamente revelia ou reconvenção nesta aula."
cpc-lei-13105-capture-2026-09-28,Art. 19,aula-08-revelia.html,unused,Art. 19: Art. 19. O interesse do autor pode limitar-se à declaração:; o dispositivo não regula diretamente revelia ou reconvenção nesta aula.
cpc-lei-13105-capture-2026-09-28,Art. 20,aula-08-revelia.html,unused,"Art. 20: Art. 20. É admissível a ação meramente declaratória, ainda que tenha ocorrido a violação do direito.; o dispositivo não regula diretamente revelia ou reconvenção nesta aula."
cpc-lei-13105-capture-2026-09-28,Art. 21,aula-08-revelia.html,unused,Art. 21: Art. 21. Compete à autoridade judiciária brasileira processar e julgar as ações em que:; o dispositivo não regula diretamente revelia ou reconvenção nesta aula.
cpc-lei-13105-capture-2026-09-28,Art. 22,aula-08-revelia.html,unused,"Art. 22: Art. 22. Compete, ainda, à autoridade judiciária brasileira processar e julgar as ações:; o dispositivo não regula diretamente revelia ou reconvenção nesta aula."
cpc-lei-13105-capture-2026-09-28,Art. 23,aula-08-revelia.html,unused,"Art. 23: Art. 23. Compete à autoridade judiciária brasileira, com exclusão de qualquer outra:; o dispositivo não regula diretamente revelia ou reconvenção nesta aula."
cpc-lei-13105-capture-2026-09-28,Art. 24,aula-08-revelia.html,unused,Art. 24: Art. 24. A ação proposta perante tribunal estrangeiro não induz litispendência e não obsta a que a autoridade judiciária brasileira conheça da mesma…; o dispositivo não regula diretamente revelia ou reconvenção nesta aula.
cpc-lei-13105-capture-2026-09-28,Art. 25,aula-08-revelia.html,unused,Art. 25: Art. 25. Não compete à autoridade judiciária brasileira o processamento e o julgamento da ação quando houver cláusula de eleição de foro exclusivo es…; o dispositivo não regula diretamente revelia ou reconvenção nesta aula.
cpc-lei-13105-capture-2026-09-28,Art. 26,aula-08-revelia.html,unused,Art. 26: Art. 26. A cooperação jurídica internacional será regida por tratado de que o Brasil faz parte e observará:; o dispositivo não regula diretamente revelia ou reconvenção nesta aula.
cpc-lei-13105-capture-2026-09-28,Art. 27,aula-08-revelia.html,unused,Art. 27: Art. 27. A cooperação jurídica internacional terá por objeto:; o dispositivo não regula diretamente revelia ou reconvenção nesta aula.
cpc-lei-13105-capture-2026-09-28,Art. 28,aula-08-revelia.html,unused,Art. 28: Art. 28. Cabe auxílio direto quando a medida não decorrer diretamente de decisão de autoridade jurisdicional estrangeira a ser submetida a juízo de d…; o dispositivo não regula diretamente revelia ou reconvenção nesta aula.
cpc-lei-13105-capture-2026-09-28,Art. 29,aula-08-revelia.html,unused,"Art. 29: Art. 29. A solicitação de auxílio direto será encaminhada pelo órgão estrangeiro interessado à autoridade central, cabendo ao Estado requerente asseg…; o dispositivo não regula diretamente revelia ou reconvenção nesta aula."
cpc-lei-13105-capture-2026-09-28,Art. 30,aula-08-revelia.html,unused,"Art. 30: Art. 30. Além dos casos previstos em tratados de que o Brasil faz parte, o auxílio direto terá os seguintes objetos:; o dispositivo não regula diretamente revelia ou reconvenção nesta aula."
cpc-lei-13105-capture-2026-09-28,Art. 31,aula-08-revelia.html,unused,"Art. 31: Art. 31. A autoridade central brasileira comunicar-se-á diretamente com suas congêneres e, se necessário, com outros órgãos estrangeiros responsáveis…; o dispositivo não regula diretamente revelia ou reconvenção nesta aula."
cpc-lei-13105-capture-2026-09-28,Art. 32,aula-08-revelia.html,unused,"Art. 32: Art. 32. No caso de auxílio direto para a prática de atos que, segundo a lei brasileira, não necessitem de prestação jurisdicional, a autoridade cent…; o dispositivo não regula diretamente revelia ou reconvenção nesta aula."
cpc-lei-13105-capture-2026-09-28,Art. 33,aula-08-revelia.html,unused,"Art. 33: Art. 33. Recebido o pedido de auxílio direto passivo, a autoridade central o encaminhará à Advocacia-Geral da União, que requererá em juízo a medida…; o dispositivo não regula diretamente revelia ou reconvenção nesta aula."
cpc-lei-13105-capture-2026-09-28,Art. 34,aula-08-revelia.html,unused,Art. 34: Art. 34. Compete ao juízo federal do lugar em que deva ser executada a medida apreciar pedido de auxílio direto passivo que demande prestação de ativ…; o dispositivo não regula diretamente revelia ou reconvenção nesta aula.
cpc-lei-13105-capture-2026-09-28,Art. 35,aula-08-revelia.html,unused,Art. 35: Art. 35. (VETADO).; o dispositivo não regula diretamente revelia ou reconvenção nesta aula.
cpc-lei-13105-capture-2026-09-28,Art. 36,aula-08-revelia.html,unused,Art. 36: Art. 36. O procedimento da carta rogatória perante o Superior Tribunal de Justiça é de jurisdição contenciosa e deve assegurar às partes as garantias…; o dispositivo não regula diretamente revelia ou reconvenção nesta aula.
cpc-lei-13105-capture-2026-09-28,Art. 37,aula-08-revelia.html,unused,Art. 37: Art. 37. O pedido de cooperação jurídica internacional oriundo de autoridade brasileira competente será encaminhado à autoridade central para posteri…; o dispositivo não regula diretamente revelia ou reconvenção nesta aula.
cpc-lei-13105-capture-2026-09-28,Art. 38,aula-08-revelia.html,unused,Art. 38: Art. 38. O pedido de cooperação oriundo de autoridade brasileira competente e os documentos anexos que o instruem serão encaminhados à autoridade cen…; o dispositivo não regula diretamente revelia ou reconvenção nesta aula.
cpc-lei-13105-capture-2026-09-28,Art. 39,aula-08-revelia.html,unused,Art. 39: Art. 39. O pedido passivo de cooperação jurídica internacional será recusado se configurar manifesta ofensa à ordem pública.; o dispositivo não regula diretamente revelia ou reconvenção nesta aula.
cpc-lei-13105-capture-2026-09-28,Art. 40,aula-08-revelia.html,unused,Art. 40: Art. 40. A cooperação jurídica internacional para execução de decisão estrangeira dar-se-á por meio de carta rogatória ou de ação de homologação de s…; o dispositivo não regula diretamente revelia ou reconvenção nesta aula.
cpc-lei-13105-capture-2026-09-28,Art. 41,aula-08-revelia.html,unused,"Art. 41: Art. 41. Considera-se autêntico o documento que instruir pedido de cooperação jurídica internacional, inclusive tradução para a língua portuguesa, qu…; o dispositivo não regula diretamente revelia ou reconvenção nesta aula."
cpc-lei-13105-capture-2026-09-28,Art. 42,aula-08-revelia.html,unused,"Art. 42: Art. 42. As causas cíveis serão processadas e decididas pelo juiz nos limites de sua competência, ressalvado às partes o direito de instituir juízo a…; o dispositivo não regula diretamente revelia ou reconvenção nesta aula."
cpc-lei-13105-capture-2026-09-28,Art. 43,aula-08-revelia.html,unused,"Art. 43: Art. 43. Determina-se a competência no momento do registro ou da distribuição da petição inicial, sendo irrelevantes as modificações do estado de fat…; o dispositivo não regula diretamente revelia ou reconvenção nesta aula."
cpc-lei-13105-capture-2026-09-28,Art. 44,aula-08-revelia.html,unused,Art. 44: Art. 44. Obedecidos os limites estabelecidos pela; o dispositivo não regula diretamente revelia ou reconvenção nesta aula.
cpc-lei-13105-capture-2026-09-28,Art. 45,aula-08-revelia.html,unused,"Art. 45: Art. 45. Tramitando o processo perante outro juízo, os autos serão remetidos ao juízo federal competente se nele intervier a União, suas empresas púb…; o dispositivo não regula diretamente revelia ou reconvenção nesta aula."
cpc-lei-13105-capture-2026-09-28,Art. 46,aula-08-revelia.html,unused,"Art. 46: Art. 46. A ação fundada em direito pessoal ou em direito real sobre bens móveis será proposta, em regra, no foro de domicílio do réu.; o dispositivo não regula diretamente revelia ou reconvenção nesta aula."
cpc-lei-13105-capture-2026-09-28,Art. 47,aula-08-revelia.html,unused,Art. 47: Art. 47. Para as ações fundadas em direito real sobre imóveis é competente o foro de situação da coisa.; o dispositivo não regula diretamente revelia ou reconvenção nesta aula.
cpc-lei-13105-capture-2026-09-28,Art. 48,aula-08-revelia.html,unused,"Art. 48: Art. 48. O foro de domicílio do autor da herança, no Brasil, é o competente para o inventário, a partilha, a arrecadação, o cumprimento de disposiçõe…; o dispositivo não regula diretamente revelia ou reconvenção nesta aula."
cpc-lei-13105-capture-2026-09-28,Art. 49,aula-08-revelia.html,unused,"Art. 49: Art. 49. A ação em que o ausente for réu será proposta no foro de seu último domicílio, também competente para a arrecadação, o inventário, a partilh…; o dispositivo não regula diretamente revelia ou reconvenção nesta aula."
cpc-lei-13105-capture-2026-09-28,Art. 50,aula-08-revelia.html,unused,Art. 50: Art. 50. A ação em que o incapaz for réu será proposta no foro de domicílio de seu representante ou assistente.; o dispositivo não regula diretamente revelia ou reconvenção nesta aula.
cpc-lei-13105-capture-2026-09-28,Art. 51,aula-08-revelia.html,unused,Art. 51: Art. 51. É competente o foro de domicílio do réu para as causas em que seja autora a União.; o dispositivo não regula diretamente revelia ou reconvenção nesta aula.
cpc-lei-13105-capture-2026-09-28,Art. 52,aula-08-revelia.html,unused,Art. 52: Art. 52. É competente o foro de domicílio do réu para as causas em que seja autor Estado ou o Distrito Federal.; o dispositivo não regula diretamente revelia ou reconvenção nesta aula.
cpc-lei-13105-capture-2026-09-28,Art. 53,aula-08-revelia.html,unused,Art. 53: Art. 53. É competente o foro:; o dispositivo não regula diretamente revelia ou reconvenção nesta aula.
cpc-lei-13105-capture-2026-09-28,Art. 54,aula-08-revelia.html,unused,"Art. 54: Art. 54. A competência relativa poderá modificar-se pela conexão ou pela continência, observado o disposto nesta Seção.; o dispositivo não regula diretamente revelia ou reconvenção nesta aula."
cpc-lei-13105-capture-2026-09-28,Art. 55,aula-08-revelia.html,unused,Art. 55: Art. 55. Reputam-se conexas 2 (duas) ou mais ações quando lhes for comum o pedido ou a causa de pedir.; o dispositivo não regula diretamente revelia ou reconvenção nesta aula.
cpc-lei-13105-capture-2026-09-28,Art. 56,aula-08-revelia.html,unused,"Art. 56: Art. 56. Dá-se a continência entre 2 (duas) ou mais ações quando houver identidade quanto às partes e à causa de pedir, mas o pedido de uma, por ser…; o dispositivo não regula diretamente revelia ou reconvenção nesta aula."
cpc-lei-13105-capture-2026-09-28,Art. 57,aula-08-revelia.html,unused,"Art. 57: Art. 57. Quando houver continência e a ação continente tiver sido proposta anteriormente, no processo relativo à ação contida será proferida sentença…; o dispositivo não regula diretamente revelia ou reconvenção nesta aula."
cpc-lei-13105-capture-2026-09-28,Art. 58,aula-08-revelia.html,unused,"Art. 58: Art. 58. A reunião das ações propostas em separado far-se-á no juízo prevento, onde serão decididas simultaneamente.; o dispositivo não regula diretamente revelia ou reconvenção nesta aula."
cpc-lei-13105-capture-2026-09-28,Art. 59,aula-08-revelia.html,unused,Art. 59: Art. 59. O registro ou a distribuição da petição inicial torna prevento o juízo.; o dispositivo não regula diretamente revelia ou reconvenção nesta aula.
cpc-lei-13105-capture-2026-09-28,Art. 60,aula-08-revelia.html,unused,"Art. 60: Art. 60. Se o imóvel se achar situado em mais de um Estado, comarca, seção ou subseção judiciária, a competência territorial do juízo prevento estend…; o dispositivo não regula diretamente revelia ou reconvenção nesta aula."
cpc-lei-13105-capture-2026-09-28,Art. 61,aula-08-revelia.html,unused,Art. 61: Art. 61. A ação acessória será proposta no juízo competente para a ação principal.; o dispositivo não regula diretamente revelia ou reconvenção nesta aula.
cpc-lei-13105-capture-2026-09-28,Art. 62,aula-08-revelia.html,unused,"Art. 62: Art. 62. A competência determinada em razão da matéria, da pessoa ou da função é inderrogável por convenção das partes.; o dispositivo não regula diretamente revelia ou reconvenção nesta aula."
cpc-lei-13105-capture-2026-09-28,Art. 63,aula-08-revelia.html,unused,"Art. 63: Art. 63. As partes podem modificar a competência em razão do valor e do território, elegendo foro onde será proposta ação oriunda de direitos e obrig…; o dispositivo não regula diretamente revelia ou reconvenção nesta aula."
cpc-lei-13105-capture-2026-09-28,Art. 64,aula-08-revelia.html,unused,"Art. 64: Art. 64. A incompetência, absoluta ou relativa, será alegada como questão preliminar de contestação.; o dispositivo não regula diretamente revelia ou reconvenção nesta aula."
cpc-lei-13105-capture-2026-09-28,Art. 65,aula-08-revelia.html,unused,Art. 65: Art. 65. Prorrogar-se-á a competência relativa se o réu não alegar a incompetência em preliminar de contestação.; o dispositivo não regula diretamente revelia ou reconvenção nesta aula.
cpc-lei-13105-capture-2026-09-28,Art. 66,aula-08-revelia.html,unused,Art. 66: Art. 66. Há conflito de competência quando:; o dispositivo não regula diretamente revelia ou reconvenção nesta aula.
cpc-lei-13105-capture-2026-09-28,Art. 67,aula-08-revelia.html,unused,"Art. 67: Art. 67. Aos órgãos do Poder Judiciário, estadual ou federal, especializado ou comum, em todas as instâncias e graus de jurisdição, inclusive aos tri…; o dispositivo não regula diretamente revelia ou reconvenção nesta aula."
cpc-lei-13105-capture-2026-09-28,Art. 68,aula-08-revelia.html,unused,Art. 68: Art. 68. Os juízos poderão formular entre si pedido de cooperação para prática de qualquer ato processual.; o dispositivo não regula diretamente revelia ou reconvenção nesta aula.
cpc-lei-13105-capture-2026-09-28,Art. 69,aula-08-revelia.html,unused,"Art. 69: Art. 69. O pedido de cooperação jurisdicional deve ser prontamente atendido, prescinde de forma específica e pode ser executado como:; o dispositivo não regula diretamente revelia ou reconvenção nesta aula."
cpc-lei-13105-capture-2026-09-28,Art. 70,aula-08-revelia.html,unused,Art. 70: Art. 70. Toda pessoa que se encontre no exercício de seus direitos tem capacidade para estar em juízo.; o dispositivo não regula diretamente revelia ou reconvenção nesta aula.
cpc-lei-13105-capture-2026-09-28,Art. 71,aula-08-revelia.html,unused,"Art. 71: Art. 71. O incapaz será representado ou assistido por seus pais, por tutor ou por curador, na forma da lei.; o dispositivo não regula diretamente revelia ou reconvenção nesta aula."
cpc-lei-13105-capture-2026-09-28,Art. 72,aula-08-revelia.html,unused,Art. 72: Art. 72. O juiz nomeará curador especial ao:; o dispositivo não regula diretamente revelia ou reconvenção nesta aula.
cpc-lei-13105-capture-2026-09-28,Art. 73,aula-08-revelia.html,unused,"Art. 73: Art. 73. O cônjuge necessitará do consentimento do outro para propor ação que verse sobre direito real imobiliário, salvo quando casados sob o regime…; o dispositivo não regula diretamente revelia ou reconvenção nesta aula."
cpc-lei-13105-capture-2026-09-28,Art. 74,aula-08-revelia.html,unused,Art. 74: Art. 74. O consentimento previsto no; o dispositivo não regula diretamente revelia ou reconvenção nesta aula.
cpc-lei-13105-capture-2026-09-28,Art. 75,aula-08-revelia.html,unused,"Art. 75: Art. 75. Serão representados em juízo, ativa e passivamente:; o dispositivo não regula diretamente revelia ou reconvenção nesta aula."
cpc-lei-13105-capture-2026-09-28,Art. 76,aula-08-revelia.html,unused,"Art. 76: Art. 76. Verificada a incapacidade processual ou a irregularidade da representação da parte, o juiz suspenderá o processo e designará prazo razoável…; o dispositivo não regula diretamente revelia ou reconvenção nesta aula."
cpc-lei-13105-capture-2026-09-28,Art. 77,aula-08-revelia.html,unused,"Art. 77: Art. 77. Além de outros previstos neste Código, são deveres das partes, de seus procuradores e de todos aqueles que de qualquer forma participem do p…; o dispositivo não regula diretamente revelia ou reconvenção nesta aula."
cpc-lei-13105-capture-2026-09-28,Art. 78,aula-08-revelia.html,unused,"Art. 78: Art. 78. É vedado às partes, a seus procuradores, aos juízes, aos membros do Ministério Público e da Defensoria Pública e a qualquer pessoa que parti…; o dispositivo não regula diretamente revelia ou reconvenção nesta aula."
cpc-lei-13105-capture-2026-09-28,Art. 79,aula-08-revelia.html,unused,"Art. 79: Art. 79. Responde por perdas e danos aquele que litigar de má-fé como autor, réu ou interveniente.; o dispositivo não regula diretamente revelia ou reconvenção nesta aula."
cpc-lei-13105-capture-2026-09-28,Art. 80,aula-08-revelia.html,unused,Art. 80: Art. 80. Considera-se litigante de má-fé aquele que:; o dispositivo não regula diretamente revelia ou reconvenção nesta aula.
cpc-lei-13105-capture-2026-09-28,Art. 81,aula-08-revelia.html,unused,"Art. 81: Art. 81. De ofício ou a requerimento, o juiz condenará o litigante de má-fé a pagar multa, que deverá ser superior a um por cento e inferior a dez po…; o dispositivo não regula diretamente revelia ou reconvenção nesta aula."
cpc-lei-13105-capture-2026-09-28,Art. 82,aula-08-revelia.html,unused,"Art. 82: Art. 82. Salvo as disposições concernentes à gratuidade da justiça, incumbe às partes prover as despesas dos atos que realizarem ou requererem no pro…; o dispositivo não regula diretamente revelia ou reconvenção nesta aula."
cpc-lei-13105-capture-2026-09-28,Art. 83,aula-08-revelia.html,unused,O art. 83 menciona a reconvenção apenas ao delimitar a caução exigida em situação transnacional; essa garantia acessória não ensina a estrutura da demanda reconvencional.
cpc-lei-13105-capture-2026-09-28,Art. 84,aula-08-revelia.html,unused,"Art. 84: Art. 84. As despesas abrangem as custas dos atos do processo, a indenização de viagem, a remuneração do assistente técnico e a diária de testemunha.; o dispositivo não regula diretamente revelia ou reconvenção nesta aula."
cpc-lei-13105-capture-2026-09-28,Art. 85,aula-08-revelia.html,unused,O art. 85 disciplina honorários sucumbenciais; a referência a honorários na reconvenção é efeito econômico lateral ao recorte desta aula.
cpc-lei-13105-capture-2026-09-28,Art. 86,aula-08-revelia.html,unused,"Art. 86: Art. 86. Se cada litigante for, em parte, vencedor e vencido, serão proporcionalmente distribuídas entre eles as despesas.; o dispositivo não regula diretamente revelia ou reconvenção nesta aula."
cpc-lei-13105-capture-2026-09-28,Art. 87,aula-08-revelia.html,unused,"Art. 87: Art. 87. Concorrendo diversos autores ou diversos réus, os vencidos respondem proporcionalmente pelas despesas e pelos honorários.; o dispositivo não regula diretamente revelia ou reconvenção nesta aula."
cpc-lei-13105-capture-2026-09-28,Art. 88,aula-08-revelia.html,unused,"Art. 88: Art. 88. Nos procedimentos de jurisdição voluntária, as despesas serão adiantadas pelo requerente e rateadas entre os interessados.; o dispositivo não regula diretamente revelia ou reconvenção nesta aula."
cpc-lei-13105-capture-2026-09-28,Art. 89,aula-08-revelia.html,unused,"Art. 89: Art. 89. Nos juízos divisórios, não havendo litígio, os interessados pagarão as despesas proporcionalmente a seus quinhões.; o dispositivo não regula diretamente revelia ou reconvenção nesta aula."
cpc-lei-13105-capture-2026-09-28,Art. 90,aula-08-revelia.html,unused,"Art. 90: Art. 90. Proferida sentença com fundamento em desistência, em renúncia ou em reconhecimento do pedido, as despesas e os honorários serão pagos pela p…; o dispositivo não regula diretamente revelia ou reconvenção nesta aula."
cpc-lei-13105-capture-2026-09-28,Art. 91,aula-08-revelia.html,unused,"Art. 91: Art. 91. As despesas dos atos processuais praticados a requerimento da Fazenda Pública, do Ministério Público ou da Defensoria Pública serão pagas ao…; o dispositivo não regula diretamente revelia ou reconvenção nesta aula."
cpc-lei-13105-capture-2026-09-28,Art. 92,aula-08-revelia.html,unused,"Art. 92: Art. 92. Quando, a requerimento do réu, o juiz proferir sentença sem resolver o mérito, o autor não poderá propor novamente a ação sem pagar ou depos…; o dispositivo não regula diretamente revelia ou reconvenção nesta aula."
cpc-lei-13105-capture-2026-09-28,Art. 93,aula-08-revelia.html,unused,"Art. 93: Art. 93. As despesas de atos adiados ou cuja repetição for necessária ficarão a cargo da parte, do auxiliar da justiça, do órgão do Ministério Públic…; o dispositivo não regula diretamente revelia ou reconvenção nesta aula."
cpc-lei-13105-capture-2026-09-28,Art. 94,aula-08-revelia.html,unused,"Art. 94: Art. 94. Se o assistido for vencido, o assistente será condenado ao pagamento das custas em proporção à atividade que houver exercido no processo.; o dispositivo não regula diretamente revelia ou reconvenção nesta aula."
cpc-lei-13105-capture-2026-09-28,Art. 95,aula-08-revelia.html,unused,"Art. 95: Art. 95. Cada parte adiantará a remuneração do assistente técnico que houver indicado, sendo a do perito adiantada pela parte que houver requerido a…; o dispositivo não regula diretamente revelia ou reconvenção nesta aula."
cpc-lei-13105-capture-2026-09-28,Art. 96,aula-08-revelia.html,unused,"Art. 96: Art. 96. O valor das sanções impostas ao litigante de má-fé reverterá em benefício da parte contrária, e o valor das sanções impostas aos serventuári…; o dispositivo não regula diretamente revelia ou reconvenção nesta aula."
cpc-lei-13105-capture-2026-09-28,Art. 97,aula-08-revelia.html,unused,"Art. 97: Art. 97. A União e os Estados podem criar fundos de modernização do Poder Judiciário, aos quais serão revertidos os valores das sanções pecuniárias p…; o dispositivo não regula diretamente revelia ou reconvenção nesta aula."
cpc-lei-13105-capture-2026-09-28,Art. 98,aula-08-revelia.html,unused,"Art. 98: Art. 98. A pessoa natural ou jurídica, brasileira ou estrangeira, com insuficiência de recursos para pagar as custas, as despesas processuais e os ho…; o dispositivo não regula diretamente revelia ou reconvenção nesta aula."
cpc-lei-13105-capture-2026-09-28,Art. 99,aula-08-revelia.html,unused,"Art. 99: Art. 99. O pedido de gratuidade da justiça pode ser formulado na petição inicial, na contestação, na petição para ingresso de terceiro no processo ou…; o dispositivo não regula diretamente revelia ou reconvenção nesta aula."
cpc-lei-13105-capture-2026-09-28,Art. 100,aula-08-revelia.html,unused,"Art. 100: Art. 100. Deferido o pedido, a parte contrária poderá oferecer impugnação na contestação, na réplica, nas contrarrazões de recurso ou, nos casos de p…; o dispositivo não regula diretamente revelia ou reconvenção nesta aula."
cpc-lei-13105-capture-2026-09-28,Art. 101,aula-08-revelia.html,unused,"Art. 101: Art. 101. Contra a decisão que indeferir a gratuidade ou a que acolher pedido de sua revogação caberá agravo de instrumento, exceto quando a questão…; o dispositivo não regula diretamente revelia ou reconvenção nesta aula."
cpc-lei-13105-capture-2026-09-28,Art. 102,aula-08-revelia.html,unused,"Art. 102: Art. 102. Sobrevindo o trânsito em julgado de decisão que revoga a gratuidade, a parte deverá efetuar o recolhimento de todas as despesas de cujo adi…; o dispositivo não regula diretamente revelia ou reconvenção nesta aula."
cpc-lei-13105-capture-2026-09-28,Art. 103,aula-08-revelia.html,unused,Art. 103: Art. 103. A parte será representada em juízo por advogado regularmente inscrito na Ordem dos Advogados do Brasil.; o dispositivo não regula diretamente revelia ou reconvenção nesta aula.
cpc-lei-13105-capture-2026-09-28,Art. 104,aula-08-revelia.html,unused,"Art. 104: Art. 104. O advogado não será admitido a postular em juízo sem procuração, salvo para evitar preclusão, decadência ou prescrição, ou para praticar at…; o dispositivo não regula diretamente revelia ou reconvenção nesta aula."
cpc-lei-13105-capture-2026-09-28,Art. 105,aula-08-revelia.html,unused,"Art. 105: Art. 105. A procuração geral para o foro, outorgada por instrumento público ou particular assinado pela parte, habilita o advogado a praticar todos o…; o dispositivo não regula diretamente revelia ou reconvenção nesta aula."
cpc-lei-13105-capture-2026-09-28,Art. 106,aula-08-revelia.html,unused,"Art. 106: Art. 106. Quando postular em causa própria, incumbe ao advogado:; o dispositivo não regula diretamente revelia ou reconvenção nesta aula."
cpc-lei-13105-capture-2026-09-28,Art. 107,aula-08-revelia.html,unused,Art. 107: Art. 107. O advogado tem direito a:; o dispositivo não regula diretamente revelia ou reconvenção nesta aula.
cpc-lei-13105-capture-2026-09-28,Art. 108,aula-08-revelia.html,unused,"Art. 108: Art. 108. No curso do processo, somente é lícita a sucessão voluntária das partes nos casos expressos em lei.; o dispositivo não regula diretamente revelia ou reconvenção nesta aula."
cpc-lei-13105-capture-2026-09-28,Art. 109,aula-08-revelia.html,unused,"Art. 109: Art. 109. A alienação da coisa ou do direito litigioso por ato entre vivos, a título particular, não altera a legitimidade das partes.; o dispositivo não regula diretamente revelia ou reconvenção nesta aula."
cpc-lei-13105-capture-2026-09-28,Art. 110,aula-08-revelia.html,unused,"Art. 110: Art. 110. Ocorrendo a morte de qualquer das partes, dar-se-á a sucessão pelo seu espólio ou pelos seus sucessores, observado o disposto no; o dispositivo não regula diretamente revelia ou reconvenção nesta aula."
cpc-lei-13105-capture-2026-09-28,Art. 111,aula-08-revelia.html,unused,"Art. 111: Art. 111. A parte que revogar o mandato outorgado a seu advogado constituirá, no mesmo ato, outro que assuma o patrocínio da causa.; o dispositivo não regula diretamente revelia ou reconvenção nesta aula."
cpc-lei-13105-capture-2026-09-28,Art. 112,aula-08-revelia.html,unused,"Art. 112: Art. 112. O advogado poderá renunciar ao mandato a qualquer tempo, provando, na forma prevista neste Código, que comunicou a renúncia ao mandante, a…; o dispositivo não regula diretamente revelia ou reconvenção nesta aula."
cpc-lei-13105-capture-2026-09-28,Art. 113,aula-08-revelia.html,unused,"Art. 113: Art. 113. Duas ou mais pessoas podem litigar, no mesmo processo, em conjunto, ativa ou passivamente, quando:; o dispositivo não regula diretamente revelia ou reconvenção nesta aula."
cpc-lei-13105-capture-2026-09-28,Art. 114,aula-08-revelia.html,unused,"Art. 114: Art. 114. O litisconsórcio será necessário por disposição de lei ou quando, pela natureza da relação jurídica controvertida, a eficácia da sentença d…; o dispositivo não regula diretamente revelia ou reconvenção nesta aula."
cpc-lei-13105-capture-2026-09-28,Art. 115,aula-08-revelia.html,unused,"Art. 115: Art. 115. A sentença de mérito, quando proferida sem a integração do contraditório, será:; o dispositivo não regula diretamente revelia ou reconvenção nesta aula."
cpc-lei-13105-capture-2026-09-28,Art. 116,aula-08-revelia.html,unused,"Art. 116: Art. 116. O litisconsórcio será unitário quando, pela natureza da relação jurídica, o juiz tiver de decidir o mérito de modo uniforme para todos os l…; o dispositivo não regula diretamente revelia ou reconvenção nesta aula."
cpc-lei-13105-capture-2026-09-28,Art. 117,aula-08-revelia.html,unused,"Art. 117: Art. 117. Os litisconsortes serão considerados, em suas relações com a parte adversa, como litigantes distintos, exceto no litisconsórcio unitário, c…; o dispositivo não regula diretamente revelia ou reconvenção nesta aula."
cpc-lei-13105-capture-2026-09-28,Art. 118,aula-08-revelia.html,unused,"Art. 118: Art. 118. Cada litisconsorte tem o direito de promover o andamento do processo, e todos devem ser intimados dos respectivos atos.; o dispositivo não regula diretamente revelia ou reconvenção nesta aula."
cpc-lei-13105-capture-2026-09-28,Art. 119,aula-08-revelia.html,unused,"Art. 119: Art. 119. Pendendo causa entre 2 (duas) ou mais pessoas, o terceiro juridicamente interessado em que a sentença seja favorável a uma delas poderá int…; o dispositivo não regula diretamente revelia ou reconvenção nesta aula."
cpc-lei-13105-capture-2026-09-28,Art. 120,aula-08-revelia.html,unused,"Art. 120: Art. 120. Não havendo impugnação no prazo de 15 (quinze) dias, o pedido do assistente será deferido, salvo se for caso de rejeição liminar.; o dispositivo não regula diretamente revelia ou reconvenção nesta aula."
cpc-lei-13105-capture-2026-09-28,Art. 121,aula-08-revelia.html,unused,"Art. 121: Art. 121. O assistente simples atuará como auxiliar da parte principal, exercerá os mesmos poderes e sujeitar-se-á aos mesmos ônus processuais que o…; o dispositivo não regula diretamente revelia ou reconvenção nesta aula."
cpc-lei-13105-capture-2026-09-28,Art. 122,aula-08-revelia.html,unused,"Art. 122: Art. 122. A assistência simples não obsta a que a parte principal reconheça a procedência do pedido, desista da ação, renuncie ao direito sobre o que…; o dispositivo não regula diretamente revelia ou reconvenção nesta aula."
cpc-lei-13105-capture-2026-09-28,Art. 123,aula-08-revelia.html,unused,"Art. 123: Art. 123. Transitada em julgado a sentença no processo em que interveio o assistente, este não poderá, em processo posterior, discutir a justiça da d…; o dispositivo não regula diretamente revelia ou reconvenção nesta aula."
cpc-lei-13105-capture-2026-09-28,Art. 124,aula-08-revelia.html,unused,Art. 124: Art. 124. Considera-se litisconsorte da parte principal o assistente sempre que a sentença influir na relação jurídica entre ele e o adversário do as…; o dispositivo não regula diretamente revelia ou reconvenção nesta aula.
cpc-lei-13105-capture-2026-09-28,Art. 125,aula-08-revelia.html,unused,"Art. 125: Art. 125. É admissível a denunciação da lide, promovida por qualquer das partes:; o dispositivo não regula diretamente revelia ou reconvenção nesta aula."
cpc-lei-13105-capture-2026-09-28,Art. 126,aula-08-revelia.html,unused,"Art. 126: Art. 126. A citação do denunciado será requerida na petição inicial, se o denunciante for autor, ou na contestação, se o denunciante for réu, devendo…; o dispositivo não regula diretamente revelia ou reconvenção nesta aula."
cpc-lei-13105-capture-2026-09-28,Art. 127,aula-08-revelia.html,unused,"Art. 127: Art. 127. Feita a denunciação pelo autor, o denunciado poderá assumir a posição de litisconsorte do denunciante e acrescentar novos argumentos à peti…; o dispositivo não regula diretamente revelia ou reconvenção nesta aula."
cpc-lei-13105-capture-2026-09-28,Art. 128,aula-08-revelia.html,unused,Art. 128: Art. 128. Feita a denunciação pelo réu:; o dispositivo não regula diretamente revelia ou reconvenção nesta aula.
cpc-lei-13105-capture-2026-09-28,Art. 129,aula-08-revelia.html,unused,"Art. 129: Art. 129. Se o denunciante for vencido na ação principal, o juiz passará ao julgamento da denunciação da lide.; o dispositivo não regula diretamente revelia ou reconvenção nesta aula."
cpc-lei-13105-capture-2026-09-28,Art. 130,aula-08-revelia.html,unused,"Art. 130: Art. 130. É admissível o chamamento ao processo, requerido pelo réu:; o dispositivo não regula diretamente revelia ou reconvenção nesta aula."
cpc-lei-13105-capture-2026-09-28,Art. 131,aula-08-revelia.html,unused,Art. 131: Art. 131. A citação daqueles que devam figurar em litisconsórcio passivo será requerida pelo réu na contestação e deve ser promovida no prazo de 30 (…; o dispositivo não regula diretamente revelia ou reconvenção nesta aula.
cpc-lei-13105-capture-2026-09-28,Art. 132,aula-08-revelia.html,unused,"Art. 132: Art. 132. A sentença de procedência valerá como título executivo em favor do réu que satisfizer a dívida, a fim de que possa exigi-la, por inteiro, d…; o dispositivo não regula diretamente revelia ou reconvenção nesta aula."
cpc-lei-13105-capture-2026-09-28,Art. 133,aula-08-revelia.html,unused,"Art. 133: Art. 133. O incidente de desconsideração da personalidade jurídica será instaurado a pedido da parte ou do Ministério Público, quando lhe couber inte…; o dispositivo não regula diretamente revelia ou reconvenção nesta aula."
cpc-lei-13105-capture-2026-09-28,Art. 134,aula-08-revelia.html,unused,"Art. 134: Art. 134. O incidente de desconsideração é cabível em todas as fases do processo de conhecimento, no cumprimento de sentença e na execução fundada em…; o dispositivo não regula diretamente revelia ou reconvenção nesta aula."
cpc-lei-13105-capture-2026-09-28,Art. 135,aula-08-revelia.html,unused,"Art. 135: Art. 135. Instaurado o incidente, o sócio ou a pessoa jurídica será citado para manifestar-se e requerer as provas cabíveis no prazo de 15 (quinze) d…; o dispositivo não regula diretamente revelia ou reconvenção nesta aula."
cpc-lei-13105-capture-2026-09-28,Art. 136,aula-08-revelia.html,unused,"Art. 136: Art. 136. Concluída a instrução, se necessária, o incidente será resolvido por decisão interlocutória.; o dispositivo não regula diretamente revelia ou reconvenção nesta aula."
cpc-lei-13105-capture-2026-09-28,Art. 137,aula-08-revelia.html,unused,"Art. 137: Art. 137. Acolhido o pedido de desconsideração, a alienação ou a oneração de bens, havida em fraude de execução, será ineficaz em relação ao requeren…; o dispositivo não regula diretamente revelia ou reconvenção nesta aula."
cpc-lei-13105-capture-2026-09-28,Art. 138,aula-08-revelia.html,unused,"Art. 138: Art. 138. O juiz ou o relator, considerando a relevância da matéria, a especificidade do tema objeto da demanda ou a repercussão social da controvérs…; o dispositivo não regula diretamente revelia ou reconvenção nesta aula."
cpc-lei-13105-capture-2026-09-28,Art. 139,aula-08-revelia.html,unused,"Art. 139: Art. 139. O juiz dirigirá o processo conforme as disposições deste Código, incumbindo-lhe:; o dispositivo não regula diretamente revelia ou reconvenção nesta aula."
cpc-lei-13105-capture-2026-09-28,Art. 140,aula-08-revelia.html,unused,Art. 140: Art. 140. O juiz não se exime de decidir sob a alegação de lacuna ou obscuridade do ordenamento jurídico.; o dispositivo não regula diretamente revelia ou reconvenção nesta aula.
cpc-lei-13105-capture-2026-09-28,Art. 141,aula-08-revelia.html,unused,"Art. 141: Art. 141. O juiz decidirá o mérito nos limites propostos pelas partes, sendo-lhe vedado conhecer de questões não suscitadas a cujo respeito a lei exi…; o dispositivo não regula diretamente revelia ou reconvenção nesta aula."
cpc-lei-13105-capture-2026-09-28,Art. 142,aula-08-revelia.html,unused,"Art. 142: Art. 142. Convencendo-se, pelas circunstâncias, de que autor e réu se serviram do processo para praticar ato simulado ou conseguir fim vedado por lei…; o dispositivo não regula diretamente revelia ou reconvenção nesta aula."
cpc-lei-13105-capture-2026-09-28,Art. 143,aula-08-revelia.html,unused,"Art. 143: Art. 143. O juiz responderá, civil e regressivamente, por perdas e danos quando:; o dispositivo não regula diretamente revelia ou reconvenção nesta aula."
cpc-lei-13105-capture-2026-09-28,Art. 144,aula-08-revelia.html,unused,"Art. 144: Art. 144. Há impedimento do juiz, sendo-lhe vedado exercer suas funções no processo:; o dispositivo não regula diretamente revelia ou reconvenção nesta aula."
cpc-lei-13105-capture-2026-09-28,Art. 145,aula-08-revelia.html,unused,Art. 145: Art. 145. Há suspeição do juiz:; o dispositivo não regula diretamente revelia ou reconvenção nesta aula.
cpc-lei-13105-capture-2026-09-28,Art. 146,aula-08-revelia.html,unused,"Art. 146: Art. 146. No prazo de 15 (quinze) dias, a contar do conhecimento do fato, a parte alegará o impedimento ou a suspeição, em petição específica dirigid…; o dispositivo não regula diretamente revelia ou reconvenção nesta aula."
cpc-lei-13105-capture-2026-09-28,Art. 147,aula-08-revelia.html,unused,"Art. 147: Art. 147. Quando 2 (dois) ou mais juízes forem parentes, consanguíneos ou afins, em linha reta ou colateral, até o terceiro grau, inclusive, o primei…; o dispositivo não regula diretamente revelia ou reconvenção nesta aula."
cpc-lei-13105-capture-2026-09-28,Art. 148,aula-08-revelia.html,unused,Art. 148: Art. 148. Aplicam-se os motivos de impedimento e de suspeição:; o dispositivo não regula diretamente revelia ou reconvenção nesta aula.
cpc-lei-13105-capture-2026-09-28,Art. 149,aula-08-revelia.html,unused,"Art. 149: Art. 149. São auxiliares da Justiça, além de outros cujas atribuições sejam determinadas pelas normas de organização judiciária, o escrivão, o chefe…; o dispositivo não regula diretamente revelia ou reconvenção nesta aula."
cpc-lei-13105-capture-2026-09-28,Art. 150,aula-08-revelia.html,unused,"Art. 150: Art. 150. Em cada juízo haverá um ou mais ofícios de justiça, cujas atribuições serão determinadas pelas normas de organização judiciária.; o dispositivo não regula diretamente revelia ou reconvenção nesta aula."
cpc-lei-13105-capture-2026-09-28,Art. 151,aula-08-revelia.html,unused,"Art. 151: Art. 151. Em cada comarca, seção ou subseção judiciária haverá, no mínimo, tantos oficiais de justiça quantos sejam os juízos.; o dispositivo não regula diretamente revelia ou reconvenção nesta aula."
cpc-lei-13105-capture-2026-09-28,Art. 152,aula-08-revelia.html,unused,Art. 152: Art. 152. Incumbe ao escrivão ou ao chefe de secretaria:; o dispositivo não regula diretamente revelia ou reconvenção nesta aula.
cpc-lei-13105-capture-2026-09-28,Art. 153,aula-08-revelia.html,unused,Art. 153: Art. 153. O escrivão ou chefe de secretaria deverá obedecer à ordem cronológica de recebimento para publicação e efetivação dos pronunciamentos judic…; o dispositivo não regula diretamente revelia ou reconvenção nesta aula.
cpc-lei-13105-capture-2026-09-28,Art. 154,aula-08-revelia.html,unused,Art. 154: Art. 154. Incumbe ao oficial de justiça:; o dispositivo não regula diretamente revelia ou reconvenção nesta aula.
cpc-lei-13105-capture-2026-09-28,Art. 155,aula-08-revelia.html,unused,"Art. 155: Art. 155. O escrivão, o chefe de secretaria e o oficial de justiça são responsáveis, civil e regressivamente, quando:; o dispositivo não regula diretamente revelia ou reconvenção nesta aula."
cpc-lei-13105-capture-2026-09-28,Art. 156,aula-08-revelia.html,unused,Art. 156: Art. 156. O juiz será assistido por perito quando a prova do fato depender de conhecimento técnico ou científico.; o dispositivo não regula diretamente revelia ou reconvenção nesta aula.
cpc-lei-13105-capture-2026-09-28,Art. 157,aula-08-revelia.html,unused,"Art. 157: Art. 157. O perito tem o dever de cumprir o ofício no prazo que lhe designar o juiz, empregando toda sua diligência, podendo escusar-se do encargo al…; o dispositivo não regula diretamente revelia ou reconvenção nesta aula."
cpc-lei-13105-capture-2026-09-28,Art. 158,aula-08-revelia.html,unused,"Art. 158: Art. 158. O perito que, por dolo ou culpa, prestar informações inverídicas responderá pelos prejuízos que causar à parte e ficará inabilitado para at…; o dispositivo não regula diretamente revelia ou reconvenção nesta aula."
cpc-lei-13105-capture-2026-09-28,Art. 159,aula-08-revelia.html,unused,"Art. 159: Art. 159. A guarda e a conservação de bens penhorados, arrestados, sequestrados ou arrecadados serão confiadas a depositário ou a administrador, não…; o dispositivo não regula diretamente revelia ou reconvenção nesta aula."
cpc-lei-13105-capture-2026-09-28,Art. 160,aula-08-revelia.html,unused,"Art. 160: Art. 160. Por seu trabalho o depositário ou o administrador perceberá remuneração que o juiz fixará levando em conta a situação dos bens, ao tempo do…; o dispositivo não regula diretamente revelia ou reconvenção nesta aula."
cpc-lei-13105-capture-2026-09-28,Art. 161,aula-08-revelia.html,unused,"Art. 161: Art. 161. O depositário ou o administrador responde pelos prejuízos que, por dolo ou culpa, causar à parte, perdendo a remuneração que lhe foi arbitr…; o dispositivo não regula diretamente revelia ou reconvenção nesta aula."
cpc-lei-13105-capture-2026-09-28,Art. 162,aula-08-revelia.html,unused,Art. 162: Art. 162. O juiz nomeará intérprete ou tradutor quando necessário para:; o dispositivo não regula diretamente revelia ou reconvenção nesta aula.
cpc-lei-13105-capture-2026-09-28,Art. 163,aula-08-revelia.html,unused,Art. 163: Art. 163. Não pode ser intérprete ou tradutor quem:; o dispositivo não regula diretamente revelia ou reconvenção nesta aula.
cpc-lei-13105-capture-2026-09-28,Art. 164,aula-08-revelia.html,unused,"Art. 164: Art. 164. O intérprete ou tradutor, oficial ou não, é obrigado a desempenhar seu ofício, aplicando-se-lhe o disposto nos; o dispositivo não regula diretamente revelia ou reconvenção nesta aula."
cpc-lei-13105-capture-2026-09-28,Art. 165,aula-08-revelia.html,unused,"Art. 165: Art. 165. Os tribunais criarão centros judiciários de solução consensual de conflitos, responsáveis pela realização de sessões e audiências de concil…; o dispositivo não regula diretamente revelia ou reconvenção nesta aula."
cpc-lei-13105-capture-2026-09-28,Art. 166,aula-08-revelia.html,unused,"Art. 166: Art. 166. A conciliação e a mediação são informadas pelos princípios da independência, da imparcialidade, da autonomia da vontade, da confidencialida…; o dispositivo não regula diretamente revelia ou reconvenção nesta aula."
cpc-lei-13105-capture-2026-09-28,Art. 167,aula-08-revelia.html,unused,"Art. 167: Art. 167. Os conciliadores, os mediadores e as câmaras privadas de conciliação e mediação serão inscritos em cadastro nacional e em cadastro de tribu…; o dispositivo não regula diretamente revelia ou reconvenção nesta aula."
cpc-lei-13105-capture-2026-09-28,Art. 168,aula-08-revelia.html,unused,"Art. 168: Art. 168. As partes podem escolher, de comum acordo, o conciliador, o mediador ou a câmara privada de conciliação e de mediação.; o dispositivo não regula diretamente revelia ou reconvenção nesta aula."
cpc-lei-13105-capture-2026-09-28,Art. 169,aula-08-revelia.html,unused,Art. 169: Art. 169. Ressalvada a hipótese do; o dispositivo não regula diretamente revelia ou reconvenção nesta aula.
cpc-lei-13105-capture-2026-09-28,Art. 170,aula-08-revelia.html,unused,"Art. 170: Art. 170. No caso de impedimento, o conciliador ou mediador o comunicará imediatamente, de preferência por meio eletrônico, e devolverá os autos ao j…; o dispositivo não regula diretamente revelia ou reconvenção nesta aula."
cpc-lei-13105-capture-2026-09-28,Art. 171,aula-08-revelia.html,unused,"Art. 171: Art. 171. No caso de impossibilidade temporária do exercício da função, o conciliador ou mediador informará o fato ao centro, preferencialmente por m…; o dispositivo não regula diretamente revelia ou reconvenção nesta aula."
cpc-lei-13105-capture-2026-09-28,Art. 172,aula-08-revelia.html,unused,"Art. 172: Art. 172. O conciliador e o mediador ficam impedidos, pelo prazo de 1 (um) ano, contado do término da última audiência em que atuaram, de assessorar,…; o dispositivo não regula diretamente revelia ou reconvenção nesta aula."
cpc-lei-13105-capture-2026-09-28,Art. 173,aula-08-revelia.html,unused,Art. 173: Art. 173. Será excluído do cadastro de conciliadores e mediadores aquele que:; o dispositivo não regula diretamente revelia ou reconvenção nesta aula.
cpc-lei-13105-capture-2026-09-28,Art. 174,aula-08-revelia.html,unused,"Art. 174: Art. 174. A União, os Estados, o Distrito Federal e os Municípios criarão câmaras de mediação e conciliação, com atribuições relacionadas à solução c…; o dispositivo não regula diretamente revelia ou reconvenção nesta aula."
cpc-lei-13105-capture-2026-09-28,Art. 175,aula-08-revelia.html,unused,Art. 175: Art. 175. As disposições desta Seção não excluem outras formas de conciliação e mediação extrajudiciais vinculadas a órgãos institucionais ou realiza…; o dispositivo não regula diretamente revelia ou reconvenção nesta aula.
cpc-lei-13105-capture-2026-09-28,Art. 176,aula-08-revelia.html,unused,"Art. 176: Art. 176. O Ministério Público atuará na defesa da ordem jurídica, do regime democrático e dos interesses e direitos sociais e individuais indisponív…; o dispositivo não regula diretamente revelia ou reconvenção nesta aula."
cpc-lei-13105-capture-2026-09-28,Art. 177,aula-08-revelia.html,unused,Art. 177: Art. 177. O Ministério Público exercerá o direito de ação em conformidade com suas atribuições constitucionais.; o dispositivo não regula diretamente revelia ou reconvenção nesta aula.
cpc-lei-13105-capture-2026-09-28,Art. 178,aula-08-revelia.html,unused,"Art. 178: Art. 178. O Ministério Público será intimado para, no prazo de 30 (trinta) dias, intervir como fiscal da ordem jurídica nas hipóteses previstas em le…; o dispositivo não regula diretamente revelia ou reconvenção nesta aula."
cpc-lei-13105-capture-2026-09-28,Art. 179,aula-08-revelia.html,unused,"Art. 179: Art. 179. Nos casos de intervenção como fiscal da ordem jurídica, o Ministério Público:; o dispositivo não regula diretamente revelia ou reconvenção nesta aula."
cpc-lei-13105-capture-2026-09-28,Art. 180,aula-08-revelia.html,unused,"Art. 180: Art. 180. O Ministério Público gozará de prazo em dobro para manifestar-se nos autos, que terá início a partir de sua intimação pessoal, nos termos do; o dispositivo não regula diretamente revelia ou reconvenção nesta aula."
cpc-lei-13105-capture-2026-09-28,Art. 181,aula-08-revelia.html,unused,Art. 181: Art. 181. O membro do Ministério Público será civil e regressivamente responsável quando agir com dolo ou fraude no exercício de suas funções.; o dispositivo não regula diretamente revelia ou reconvenção nesta aula.
cpc-lei-13105-capture-2026-09-28,Art. 182,aula-08-revelia.html,unused,"Art. 182: Art. 182. Incumbe à Advocacia Pública, na forma da lei, defender e promover os interesses públicos da União, dos Estados, do Distrito Federal e dos M…; o dispositivo não regula diretamente revelia ou reconvenção nesta aula."
cpc-lei-13105-capture-2026-09-28,Art. 183,aula-08-revelia.html,unused,"Art. 183: Art. 183. A União, os Estados, o Distrito Federal, os Municípios e suas respectivas autarquias e fundações de direito público gozarão de prazo em dob…; o dispositivo não regula diretamente revelia ou reconvenção nesta aula."
cpc-lei-13105-capture-2026-09-28,Art. 184,aula-08-revelia.html,unused,Art. 184: Art. 184. O membro da Advocacia Pública será civil e regressivamente responsável quando agir com dolo ou fraude no exercício de suas funções; o dispositivo não regula diretamente revelia ou reconvenção nesta aula.
cpc-lei-13105-capture-2026-09-28,Art. 185,aula-08-revelia.html,unused,"Art. 185: Art. 185. A Defensoria Pública exercerá a orientação jurídica, a promoção dos direitos humanos e a defesa dos direitos individuais e coletivos dos ne…; o dispositivo não regula diretamente revelia ou reconvenção nesta aula."
cpc-lei-13105-capture-2026-09-28,Art. 186,aula-08-revelia.html,unused,Art. 186: Art. 186. A Defensoria Pública gozará de prazo em dobro para todas as suas manifestações processuais.; o dispositivo não regula diretamente revelia ou reconvenção nesta aula.
cpc-lei-13105-capture-2026-09-28,Art. 187,aula-08-revelia.html,unused,Art. 187: Art. 187. O membro da Defensoria Pública será civil e regressivamente responsável quando agir com dolo ou fraude no exercício de suas funções.; o dispositivo não regula diretamente revelia ou reconvenção nesta aula.
cpc-lei-13105-capture-2026-09-28,Art. 188,aula-08-revelia.html,unused,"Art. 188: Art. 188. Os atos e os termos processuais independem de forma determinada, salvo quando a lei expressamente a exigir, considerando-se válidos os que,…; o dispositivo não regula diretamente revelia ou reconvenção nesta aula."
cpc-lei-13105-capture-2026-09-28,Art. 189,aula-08-revelia.html,unused,"Art. 189: Art. 189. Os atos processuais são públicos, todavia tramitam em segredo de justiça os processos:; o dispositivo não regula diretamente revelia ou reconvenção nesta aula."
cpc-lei-13105-capture-2026-09-28,Art. 190,aula-08-revelia.html,unused,"Art. 190: Art. 190. Versando o processo sobre direitos que admitam autocomposição, é lícito às partes plenamente capazes estipular mudanças no procedimento par…; o dispositivo não regula diretamente revelia ou reconvenção nesta aula."
cpc-lei-13105-capture-2026-09-28,Art. 191,aula-08-revelia.html,unused,"Art. 191: Art. 191. De comum acordo, o juiz e as partes podem fixar calendário para a prática dos atos processuais, quando for o caso.; o dispositivo não regula diretamente revelia ou reconvenção nesta aula."
cpc-lei-13105-capture-2026-09-28,Art. 192,aula-08-revelia.html,unused,Art. 192: Art. 192. Em todos os atos e termos do processo é obrigatório o uso da língua portuguesa.; o dispositivo não regula diretamente revelia ou reconvenção nesta aula.
cpc-lei-13105-capture-2026-09-28,Art. 193,aula-08-revelia.html,unused,"Art. 193: Art. 193. Os atos processuais podem ser total ou parcialmente digitais, de forma a permitir que sejam produzidos, comunicados, armazenados e validado…; o dispositivo não regula diretamente revelia ou reconvenção nesta aula."
cpc-lei-13105-capture-2026-09-28,Art. 194,aula-08-revelia.html,unused,"Art. 194: Art. 194. Os sistemas de automação processual respeitarão a publicidade dos atos, o acesso e a participação das partes e de seus procuradores, inclus…; o dispositivo não regula diretamente revelia ou reconvenção nesta aula."
cpc-lei-13105-capture-2026-09-28,Art. 195,aula-08-revelia.html,unused,"Art. 195: Art. 195. O registro de ato processual eletrônico deverá ser feito em padrões abertos, que atenderão aos requisitos de autenticidade, integridade, te…; o dispositivo não regula diretamente revelia ou reconvenção nesta aula."
cpc-lei-13105-capture-2026-09-28,Art. 196,aula-08-revelia.html,unused,"Art. 196: Art. 196. Compete ao Conselho Nacional de Justiça e, supletivamente, aos tribunais, regulamentar a prática e a comunicação oficial de atos processuai…; o dispositivo não regula diretamente revelia ou reconvenção nesta aula."
cpc-lei-13105-capture-2026-09-28,Art. 197,aula-08-revelia.html,unused,"Art. 197: Art. 197. Os tribunais divulgarão as informações constantes de seu sistema de automação em página própria na rede mundial de computadores, gozando a…; o dispositivo não regula diretamente revelia ou reconvenção nesta aula."
cpc-lei-13105-capture-2026-09-28,Art. 198,aula-08-revelia.html,unused,"Art. 198: Art. 198. As unidades do Poder Judiciário deverão manter gratuitamente, à disposição dos interessados, equipamentos necessários à prática de atos pro…; o dispositivo não regula diretamente revelia ou reconvenção nesta aula."
cpc-lei-13105-capture-2026-09-28,Art. 199,aula-08-revelia.html,unused,"Art. 199: Art. 199. As unidades do Poder Judiciário assegurarão às pessoas com deficiência acessibilidade aos seus sítios na rede mundial de computadores, ao m…; o dispositivo não regula diretamente revelia ou reconvenção nesta aula."
cpc-lei-13105-capture-2026-09-28,Art. 200,aula-08-revelia.html,unused,"Art. 200: Art. 200. Os atos das partes consistentes em declarações unilaterais ou bilaterais de vontade produzem imediatamente a constituição, modificação ou e…; o dispositivo não regula diretamente revelia ou reconvenção nesta aula."
cpc-lei-13105-capture-2026-09-28,Art. 201,aula-08-revelia.html,unused,"Art. 201: Art. 201. As partes poderão exigir recibo de petições, arrazoados, papéis e documentos que entregarem em cartório.; o dispositivo não regula diretamente revelia ou reconvenção nesta aula."
cpc-lei-13105-capture-2026-09-28,Art. 202,aula-08-revelia.html,unused,"Art. 202: Art. 202. É vedado lançar nos autos cotas marginais ou interlineares, as quais o juiz mandará riscar, impondo a quem as escrever multa correspondente…; o dispositivo não regula diretamente revelia ou reconvenção nesta aula."
cpc-lei-13105-capture-2026-09-28,Art. 203,aula-08-revelia.html,unused,"Art. 203: Art. 203. Os pronunciamentos do juiz consistirão em sentenças, decisões interlocutórias e despachos.; o dispositivo não regula diretamente revelia ou reconvenção nesta aula."
cpc-lei-13105-capture-2026-09-28,Art. 204,aula-08-revelia.html,unused,Art. 204: Art. 204. Acórdão é o julgamento colegiado proferido pelos tribunais.; o dispositivo não regula diretamente revelia ou reconvenção nesta aula.
cpc-lei-13105-capture-2026-09-28,Art. 205,aula-08-revelia.html,unused,"Art. 205: Art. 205. Os despachos, as decisões, as sentenças e os acórdãos serão redigidos, datados e assinados pelos juízes.; o dispositivo não regula diretamente revelia ou reconvenção nesta aula."
cpc-lei-13105-capture-2026-09-28,Art. 206,aula-08-revelia.html,unused,"Art. 206: Art. 206. Ao receber a petição inicial de processo, o escrivão ou o chefe de secretaria a autuará, mencionando o juízo, a natureza do processo, o núm…; o dispositivo não regula diretamente revelia ou reconvenção nesta aula."
cpc-lei-13105-capture-2026-09-28,Art. 207,aula-08-revelia.html,unused,Art. 207: Art. 207. O escrivão ou o chefe de secretaria numerará e rubricará todas as folhas dos autos.; o dispositivo não regula diretamente revelia ou reconvenção nesta aula.
cpc-lei-13105-capture-2026-09-28,Art. 208,aula-08-revelia.html,unused,"Art. 208: Art. 208. Os termos de juntada, vista, conclusão e outros semelhantes constarão de notas datadas e rubricadas pelo escrivão ou pelo chefe de secretar…; o dispositivo não regula diretamente revelia ou reconvenção nesta aula."
cpc-lei-13105-capture-2026-09-28,Art. 209,aula-08-revelia.html,unused,"Art. 209: Art. 209. Os atos e os termos do processo serão assinados pelas pessoas que neles intervierem, todavia, quando essas não puderem ou não quiserem firm…; o dispositivo não regula diretamente revelia ou reconvenção nesta aula."
cpc-lei-13105-capture-2026-09-28,Art. 210,aula-08-revelia.html,unused,"Art. 210: Art. 210. É lícito o uso da taquigrafia, da estenotipia ou de outro método idôneo em qualquer juízo ou tribunal.; o dispositivo não regula diretamente revelia ou reconvenção nesta aula."
cpc-lei-13105-capture-2026-09-28,Art. 211,aula-08-revelia.html,unused,"Art. 211: Art. 211. Não se admitem nos atos e termos processuais espaços em branco, salvo os que forem inutilizados, assim como entrelinhas, emendas ou rasuras…; o dispositivo não regula diretamente revelia ou reconvenção nesta aula."
cpc-lei-13105-capture-2026-09-28,Art. 212,aula-08-revelia.html,unused,"Art. 212: Art. 212. Os atos processuais serão realizados em dias úteis, das 6 (seis) às 20 (vinte) horas.; o dispositivo não regula diretamente revelia ou reconvenção nesta aula."
cpc-lei-13105-capture-2026-09-28,Art. 213,aula-08-revelia.html,unused,Art. 213: Art. 213. A prática eletrônica de ato processual pode ocorrer em qualquer horário até as 24 (vinte e quatro) horas do último dia do prazo.; o dispositivo não regula diretamente revelia ou reconvenção nesta aula.
cpc-lei-13105-capture-2026-09-28,Art. 214,aula-08-revelia.html,unused,"Art. 214: Art. 214. Durante as férias forenses e nos feriados, não se praticarão atos processuais, excetuando-se:; o dispositivo não regula diretamente revelia ou reconvenção nesta aula."
cpc-lei-13105-capture-2026-09-28,Art. 215,aula-08-revelia.html,unused,"Art. 215: Art. 215. Processam-se durante as férias forenses, onde as houver, e não se suspendem pela superveniência delas:; o dispositivo não regula diretamente revelia ou reconvenção nesta aula."
cpc-lei-13105-capture-2026-09-28,Art. 216,aula-08-revelia.html,unused,"Art. 216: Art. 216. Além dos declarados em lei, são feriados, para efeito forense, os sábados, os domingos e os dias em que não haja expediente forense.; o dispositivo não regula diretamente revelia ou reconvenção nesta aula."
cpc-lei-13105-capture-2026-09-28,Art. 217,aula-08-revelia.html,unused,"Art. 217: Art. 217. Os atos processuais realizar-se-ão ordinariamente na sede do juízo, ou, excepcionalmente, em outro lugar em razão de deferência, de interes…; o dispositivo não regula diretamente revelia ou reconvenção nesta aula."
cpc-lei-13105-capture-2026-09-28,Art. 218,aula-08-revelia.html,unused,Art. 218: Art. 218. Os atos processuais serão realizados nos prazos prescritos em lei.; o dispositivo não regula diretamente revelia ou reconvenção nesta aula.
cpc-lei-13105-capture-2026-09-28,Art. 219,aula-08-revelia.html,unused,"Art. 219: Art. 219. Na contagem de prazo em dias, estabelecido por lei ou pelo juiz, computar-se-ão somente os dias úteis.; o dispositivo não regula diretamente revelia ou reconvenção nesta aula."
cpc-lei-13105-capture-2026-09-28,Art. 220,aula-08-revelia.html,unused,"Art. 220: Art. 220. Suspende-se o curso do prazo processual nos dias compreendidos entre 20 de dezembro e 20 de janeiro, inclusive.; o dispositivo não regula diretamente revelia ou reconvenção nesta aula."
cpc-lei-13105-capture-2026-09-28,Art. 221,aula-08-revelia.html,unused,Art. 221: Art. 221. Suspende-se o curso do prazo por obstáculo criado em detrimento da parte ou ocorrendo qualquer das hipóteses do; o dispositivo não regula diretamente revelia ou reconvenção nesta aula.
cpc-lei-13105-capture-2026-09-28,Art. 222,aula-08-revelia.html,unused,"Art. 222: Art. 222. Na comarca, seção ou subseção judiciária onde for difícil o transporte, o juiz poderá prorrogar os prazos por até 2 (dois) meses.; o dispositivo não regula diretamente revelia ou reconvenção nesta aula."
cpc-lei-13105-capture-2026-09-28,Art. 223,aula-08-revelia.html,unused,"Art. 223: Art. 223. Decorrido o prazo, extingue-se o direito de praticar ou de emendar o ato processual, independentemente de declaração judicial, ficando asse…; o dispositivo não regula diretamente revelia ou reconvenção nesta aula."
cpc-lei-13105-capture-2026-09-28,Art. 224,aula-08-revelia.html,unused,"Art. 224: Art. 224. Salvo disposição em contrário, os prazos serão contados excluindo o dia do começo e incluindo o dia do vencimento.; o dispositivo não regula diretamente revelia ou reconvenção nesta aula."
cpc-lei-13105-capture-2026-09-28,Art. 225,aula-08-revelia.html,unused,"Art. 225: Art. 225. A parte poderá renunciar ao prazo estabelecido exclusivamente em seu favor, desde que o faça de maneira expressa.; o dispositivo não regula diretamente revelia ou reconvenção nesta aula."
cpc-lei-13105-capture-2026-09-28,Art. 226,aula-08-revelia.html,unused,Art. 226: Art. 226. O juiz proferirá:; o dispositivo não regula diretamente revelia ou reconvenção nesta aula.
cpc-lei-13105-capture-2026-09-28,Art. 227,aula-08-revelia.html,unused,"Art. 227: Art. 227. Em qualquer grau de jurisdição, havendo motivo justificado, pode o juiz exceder, por igual tempo, os prazos a que está submetido.; o dispositivo não regula diretamente revelia ou reconvenção nesta aula."
cpc-lei-13105-capture-2026-09-28,Art. 228,aula-08-revelia.html,unused,"Art. 228: Art. 228. Incumbirá ao serventuário remeter os autos conclusos no prazo de 1 (um) dia e executar os atos processuais no prazo de 5 (cinco) dias, cont…; o dispositivo não regula diretamente revelia ou reconvenção nesta aula."
cpc-lei-13105-capture-2026-09-28,Art. 229,aula-08-revelia.html,unused,"Art. 229: Art. 229. Os litisconsortes que tiverem diferentes procuradores, de escritórios de advocacia distintos, terão prazos contados em dobro para todas as…; o dispositivo não regula diretamente revelia ou reconvenção nesta aula."
cpc-lei-13105-capture-2026-09-28,Art. 230,aula-08-revelia.html,unused,"Art. 230: Art. 230. O prazo para a parte, o procurador, a Advocacia Pública, a Defensoria Pública e o Ministério Público será contado da citação, da intimação…; o dispositivo não regula diretamente revelia ou reconvenção nesta aula."
cpc-lei-13105-capture-2026-09-28,Art. 231,aula-08-revelia.html,unused,"Art. 231: Art. 231. Salvo disposição em sentido diverso, considera-se dia do começo do prazo:; o dispositivo não regula diretamente revelia ou reconvenção nesta aula."
cpc-lei-13105-capture-2026-09-28,Art. 232,aula-08-revelia.html,unused,"Art. 232: Art. 232. Nos atos de comunicação por carta precatória, rogatória ou de ordem, a realização da citação ou da intimação será imediatamente informada,…; o dispositivo não regula diretamente revelia ou reconvenção nesta aula."
cpc-lei-13105-capture-2026-09-28,Art. 233,aula-08-revelia.html,unused,"Art. 233: Art. 233. Incumbe ao juiz verificar se o serventuário excedeu, sem motivo legítimo, os prazos estabelecidos em lei.; o dispositivo não regula diretamente revelia ou reconvenção nesta aula."
cpc-lei-13105-capture-2026-09-28,Art. 234,aula-08-revelia.html,unused,"Art. 234: Art. 234. Os advogados públicos ou privados, o defensor público e o membro do Ministério Público devem restituir os autos no prazo do ato a ser prati…; o dispositivo não regula diretamente revelia ou reconvenção nesta aula."
cpc-lei-13105-capture-2026-09-28,Art. 235,aula-08-revelia.html,unused,"Art. 235: Art. 235. Qualquer parte, o Ministério Público ou a Defensoria Pública poderá representar ao corregedor do tribunal ou ao Conselho Nacional de Justiç…; o dispositivo não regula diretamente revelia ou reconvenção nesta aula."
cpc-lei-13105-capture-2026-09-28,Art. 236,aula-08-revelia.html,unused,Art. 236: Art. 236. Os atos processuais serão cumpridos por ordem judicial.; o dispositivo não regula diretamente revelia ou reconvenção nesta aula.
cpc-lei-13105-capture-2026-09-28,Art. 237,aula-08-revelia.html,unused,Art. 237: Art. 237. Será expedida carta:; o dispositivo não regula diretamente revelia ou reconvenção nesta aula.
cpc-lei-13105-capture-2026-09-28,Art. 238,aula-08-revelia.html,unused,"Art. 238: Art. 238. Citação é o ato pelo qual são convocados o réu, o executado ou o interessado para integrar a relação processual.; o dispositivo não regula diretamente revelia ou reconvenção nesta aula."
cpc-lei-13105-capture-2026-09-28,Art. 239,aula-08-revelia.html,unused,"Art. 239: Art. 239. Para a validade do processo é indispensável a citação do réu ou do executado, ressalvadas as hipóteses de indeferimento da petição inicial…; o dispositivo não regula diretamente revelia ou reconvenção nesta aula."
cpc-lei-13105-capture-2026-09-28,Art. 240,aula-08-revelia.html,unused,"Art. 240: Art. 240. A citação válida, ainda quando ordenada por juízo incompetente, induz litispendência, torna litigiosa a coisa e constitui em mora o devedor…; o dispositivo não regula diretamente revelia ou reconvenção nesta aula."
cpc-lei-13105-capture-2026-09-28,Art. 241,aula-08-revelia.html,unused,"Art. 241: Art. 241. Transitada em julgado a sentença de mérito proferida em favor do réu antes da citação, incumbe ao escrivão ou ao chefe de secretaria comuni…; o dispositivo não regula diretamente revelia ou reconvenção nesta aula."
cpc-lei-13105-capture-2026-09-28,Art. 242,aula-08-revelia.html,unused,"Art. 242: Art. 242. A citação será pessoal, podendo, no entanto, ser feita na pessoa do representante legal ou do procurador do réu, do executado ou do interes…; o dispositivo não regula diretamente revelia ou reconvenção nesta aula."
cpc-lei-13105-capture-2026-09-28,Art. 243,aula-08-revelia.html,unused,"Art. 243: Art. 243. A citação poderá ser feita em qualquer lugar em que se encontre o réu, o executado ou o interessado.; o dispositivo não regula diretamente revelia ou reconvenção nesta aula."
cpc-lei-13105-capture-2026-09-28,Art. 244,aula-08-revelia.html,unused,"Art. 244: Art. 244. Não se fará a citação, salvo para evitar o perecimento do direito:; o dispositivo não regula diretamente revelia ou reconvenção nesta aula."
cpc-lei-13105-capture-2026-09-28,Art. 245,aula-08-revelia.html,unused,Art. 245: Art. 245. Não se fará citação quando se verificar que o citando é mentalmente incapaz ou está impossibilitado de recebê-la.; o dispositivo não regula diretamente revelia ou reconvenção nesta aula.
cpc-lei-13105-capture-2026-09-28,Art. 246,aula-08-revelia.html,unused,Art. 246: Art. 246. A citação será feita:; o dispositivo não regula diretamente revelia ou reconvenção nesta aula.
cpc-lei-13105-capture-2026-09-28,Art. 247,aula-08-revelia.html,unused,"Art. 247: Art. 247. A citação será feita pelo correio para qualquer comarca do país, exceto:; o dispositivo não regula diretamente revelia ou reconvenção nesta aula."
cpc-lei-13105-capture-2026-09-28,Art. 248,aula-08-revelia.html,unused,"Art. 248: Art. 248. Deferida a citação pelo correio, o escrivão ou o chefe de secretaria remeterá ao citando cópias da petição inicial e do despacho do juiz e…; o dispositivo não regula diretamente revelia ou reconvenção nesta aula."
cpc-lei-13105-capture-2026-09-28,Art. 249,aula-08-revelia.html,unused,"Art. 249: Art. 249. A citação será feita por meio de oficial de justiça nas hipóteses previstas neste Código ou em lei, ou quando frustrada a citação pelo corr…; o dispositivo não regula diretamente revelia ou reconvenção nesta aula."
cpc-lei-13105-capture-2026-09-28,Art. 250,aula-08-revelia.html,unused,O art. 250 trata do conteúdo do mandado de citação; a advertência sobre contestação integra a aula própria de citação.
cpc-lei-13105-capture-2026-09-28,Art. 251,aula-08-revelia.html,unused,"Art. 251: Art. 251. Incumbe ao oficial de justiça procurar o citando e, onde o encontrar, citá-lo:; o dispositivo não regula diretamente revelia ou reconvenção nesta aula."
cpc-lei-13105-capture-2026-09-28,Art. 252,aula-08-revelia.html,unused,"Art. 252: Art. 252. Quando, por 2 (duas) vezes, o oficial de justiça houver procurado o citando em seu domicílio ou residência sem o encontrar, deverá, havendo…; o dispositivo não regula diretamente revelia ou reconvenção nesta aula."
cpc-lei-13105-capture-2026-09-28,Art. 253,aula-08-revelia.html,unused,"O art. 253 regula a citação com hora certa e a advertência de curador especial; é questão de citação, não do regime da revelia aqui estudado."
cpc-lei-13105-capture-2026-09-28,Art. 254,aula-08-revelia.html,unused,"Art. 254: Art. 254. Feita a citação com hora certa, o escrivão ou chefe de secretaria enviará ao réu, executado ou interessado, no prazo de 10 (dez) dias, cont…; o dispositivo não regula diretamente revelia ou reconvenção nesta aula."
cpc-lei-13105-capture-2026-09-28,Art. 255,aula-08-revelia.html,unused,"Art. 255: Art. 255. Nas comarcas contíguas de fácil comunicação e nas que se situem na mesma região metropolitana, o oficial de justiça poderá efetuar, em qual…; o dispositivo não regula diretamente revelia ou reconvenção nesta aula."
cpc-lei-13105-capture-2026-09-28,Art. 256,aula-08-revelia.html,unused,Art. 256: Art. 256. A citação por edital será feita:; o dispositivo não regula diretamente revelia ou reconvenção nesta aula.
cpc-lei-13105-capture-2026-09-28,Art. 257,aula-08-revelia.html,unused,O art. 257 disciplina requisitos da citação por edital e a advertência de curador; essa modalidade de citação é tema da aula própria.
cpc-lei-13105-capture-2026-09-28,Art. 258,aula-08-revelia.html,unused,"Art. 258: Art. 258. A parte que requerer a citação por edital, alegando dolosamente a ocorrência das circunstâncias autorizadoras para sua realização, incorrer…; o dispositivo não regula diretamente revelia ou reconvenção nesta aula."
cpc-lei-13105-capture-2026-09-28,Art. 259,aula-08-revelia.html,unused,Art. 259: Art. 259. Serão publicados editais:; o dispositivo não regula diretamente revelia ou reconvenção nesta aula.
cpc-lei-13105-capture-2026-09-28,Art. 260,aula-08-revelia.html,unused,"Art. 260: Art. 260. São requisitos das cartas de ordem, precatória e rogatória:; o dispositivo não regula diretamente revelia ou reconvenção nesta aula."
cpc-lei-13105-capture-2026-09-28,Art. 261,aula-08-revelia.html,unused,"Art. 261: Art. 261. Em todas as cartas o juiz fixará o prazo para cumprimento, atendendo à facilidade das comunicações e à natureza da diligência.; o dispositivo não regula diretamente revelia ou reconvenção nesta aula."
cpc-lei-13105-capture-2026-09-28,Art. 262,aula-08-revelia.html,unused,"Art. 262: Art. 262. A carta tem caráter itinerante, podendo, antes ou depois de lhe ser ordenado o cumprimento, ser encaminhada a juízo diverso do que dela con…; o dispositivo não regula diretamente revelia ou reconvenção nesta aula."
cpc-lei-13105-capture-2026-09-28,Art. 263,aula-08-revelia.html,unused,"Art. 263: Art. 263. As cartas deverão, preferencialmente, ser expedidas por meio eletrônico, caso em que a assinatura do juiz deverá ser eletrônica, na forma d…; o dispositivo não regula diretamente revelia ou reconvenção nesta aula."
cpc-lei-13105-capture-2026-09-28,Art. 264,aula-08-revelia.html,unused,"Art. 264: Art. 264. A carta de ordem e a carta precatória por meio eletrônico, por telefone ou por telegrama conterão, em resumo substancial, os requisitos men…; o dispositivo não regula diretamente revelia ou reconvenção nesta aula."
cpc-lei-13105-capture-2026-09-28,Art. 265,aula-08-revelia.html,unused,"Art. 265: Art. 265. O secretário do tribunal, o escrivão ou o chefe de secretaria do juízo deprecante transmitirá, por telefone, a carta de ordem ou a carta pr…; o dispositivo não regula diretamente revelia ou reconvenção nesta aula."
cpc-lei-13105-capture-2026-09-28,Art. 266,aula-08-revelia.html,unused,"Art. 266: Art. 266. Serão praticados de ofício os atos requisitados por meio eletrônico e de telegrama, devendo a parte depositar, contudo, na secretaria do tr…; o dispositivo não regula diretamente revelia ou reconvenção nesta aula."
cpc-lei-13105-capture-2026-09-28,Art. 268,aula-08-revelia.html,unused,"Art. 268: Art. 268. Cumprida a carta, será devolvida ao juízo de origem no prazo de 10 (dez) dias, independentemente de traslado, pagas as custas pela parte.; o dispositivo não regula diretamente revelia ou reconvenção nesta aula."
cpc-lei-13105-capture-2026-09-28,Art. 269,aula-08-revelia.html,unused,Art. 269: Art. 269. Intimação é o ato pelo qual se dá ciência a alguém dos atos e dos termos do processo.; o dispositivo não regula diretamente revelia ou reconvenção nesta aula.
cpc-lei-13105-capture-2026-09-28,Art. 270,aula-08-revelia.html,unused,"Art. 270: Art. 270. As intimações realizam-se, sempre que possível, por meio eletrônico, na forma da lei.; o dispositivo não regula diretamente revelia ou reconvenção nesta aula."
cpc-lei-13105-capture-2026-09-28,Art. 271,aula-08-revelia.html,unused,"Art. 271: Art. 271. O juiz determinará de ofício as intimações em processos pendentes, salvo disposição em contrário.; o dispositivo não regula diretamente revelia ou reconvenção nesta aula."
cpc-lei-13105-capture-2026-09-28,Art. 272,aula-08-revelia.html,unused,"Art. 272: Art. 272. Quando não realizadas por meio eletrônico, consideram-se feitas as intimações pela publicação dos atos no órgão oficial.; o dispositivo não regula diretamente revelia ou reconvenção nesta aula."
cpc-lei-13105-capture-2026-09-28,Art. 273,aula-08-revelia.html,unused,"Art. 273: Art. 273. Se inviável a intimação por meio eletrônico e não houver na localidade publicação em órgão oficial, incumbirá ao escrivão ou chefe de secre…; o dispositivo não regula diretamente revelia ou reconvenção nesta aula."
cpc-lei-13105-capture-2026-09-28,Art. 274,aula-08-revelia.html,unused,"Art. 274: Art. 274. Não dispondo a lei de outro modo, as intimações serão feitas às partes, aos seus representantes legais, aos advogados e aos demais sujeitos…; o dispositivo não regula diretamente revelia ou reconvenção nesta aula."
cpc-lei-13105-capture-2026-09-28,Art. 275,aula-08-revelia.html,unused,Art. 275: Art. 275. A intimação será feita por oficial de justiça quando frustrada a realização por meio eletrônico ou pelo correio.; o dispositivo não regula diretamente revelia ou reconvenção nesta aula.
cpc-lei-13105-capture-2026-09-28,Art. 276,aula-08-revelia.html,unused,"Art. 276: Art. 276. Quando a lei prescrever determinada forma sob pena de nulidade, a decretação desta não pode ser requerida pela parte que lhe deu causa.; o dispositivo não regula diretamente revelia ou reconvenção nesta aula."
cpc-lei-13105-capture-2026-09-28,Art. 277,aula-08-revelia.html,unused,"Art. 277: Art. 277. Quando a lei prescrever determinada forma, o juiz considerará válido o ato se, realizado de outro modo, lhe alcançar a finalidade.; o dispositivo não regula diretamente revelia ou reconvenção nesta aula."
cpc-lei-13105-capture-2026-09-28,Art. 278,aula-08-revelia.html,unused,"Art. 278: Art. 278. A nulidade dos atos deve ser alegada na primeira oportunidade em que couber à parte falar nos autos, sob pena de preclusão.; o dispositivo não regula diretamente revelia ou reconvenção nesta aula."
cpc-lei-13105-capture-2026-09-28,Art. 279,aula-08-revelia.html,unused,Art. 279: Art. 279. É nulo o processo quando o membro do Ministério Público não for intimado a acompanhar o feito em que deva intervir.; o dispositivo não regula diretamente revelia ou reconvenção nesta aula.
cpc-lei-13105-capture-2026-09-28,Art. 280,aula-08-revelia.html,unused,Art. 280: Art. 280. As citações e as intimações serão nulas quando feitas sem observância das prescrições legais.; o dispositivo não regula diretamente revelia ou reconvenção nesta aula.
cpc-lei-13105-capture-2026-09-28,Art. 281,aula-08-revelia.html,unused,"Art. 281: Art. 281. Anulado o ato, consideram-se de nenhum efeito todos os subsequentes que dele dependam, todavia, a nulidade de uma parte do ato não prejudic…; o dispositivo não regula diretamente revelia ou reconvenção nesta aula."
cpc-lei-13105-capture-2026-09-28,Art. 282,aula-08-revelia.html,unused,"Art. 282: Art. 282. Ao pronunciar a nulidade, o juiz declarará que atos são atingidos e ordenará as providências necessárias a fim de que sejam repetidos ou re…; o dispositivo não regula diretamente revelia ou reconvenção nesta aula."
cpc-lei-13105-capture-2026-09-28,Art. 283,aula-08-revelia.html,unused,"Art. 283: Art. 283. O erro de forma do processo acarreta unicamente a anulação dos atos que não possam ser aproveitados, devendo ser praticados os que forem ne…; o dispositivo não regula diretamente revelia ou reconvenção nesta aula."
cpc-lei-13105-capture-2026-09-28,Art. 284,aula-08-revelia.html,unused,"Art. 284: Art. 284. Todos os processos estão sujeitos a registro, devendo ser distribuídos onde houver mais de um juiz.; o dispositivo não regula diretamente revelia ou reconvenção nesta aula."
cpc-lei-13105-capture-2026-09-28,Art. 285,aula-08-revelia.html,unused,"O art. 285 prevê anotação pelo distribuidor quando há ampliação objetiva, sem disciplinar os requisitos ou efeitos da reconvenção."
cpc-lei-13105-capture-2026-09-28,Art. 287,aula-08-revelia.html,unused,"Art. 287: Art. 287. A petição inicial deve vir acompanhada de procuração, que conterá os endereços do advogado, eletrônico e não eletrônico.; o dispositivo não regula diretamente revelia ou reconvenção nesta aula."
cpc-lei-13105-capture-2026-09-28,Art. 288,aula-08-revelia.html,unused,"Art. 288: Art. 288. O juiz, de ofício ou a requerimento do interessado, corrigirá o erro ou compensará a falta de distribuição.; o dispositivo não regula diretamente revelia ou reconvenção nesta aula."
cpc-lei-13105-capture-2026-09-28,Art. 289,aula-08-revelia.html,unused,"Art. 289: Art. 289. A distribuição poderá ser fiscalizada pela parte, por seu procurador, pelo Ministério Público e pela Defensoria Pública.; o dispositivo não regula diretamente revelia ou reconvenção nesta aula."
cpc-lei-13105-capture-2026-09-28,Art. 290,aula-08-revelia.html,unused,"Art. 290: Art. 290. Será cancelada a distribuição do feito se a parte, intimada na pessoa de seu advogado, não realizar o pagamento das custas e despesas de in…; o dispositivo não regula diretamente revelia ou reconvenção nesta aula."
cpc-lei-13105-capture-2026-09-28,Art. 291,aula-08-revelia.html,unused,"Art. 291: Art. 291. A toda causa será atribuído valor certo, ainda que não tenha conteúdo econômico imediatamente aferível.; o dispositivo não regula diretamente revelia ou reconvenção nesta aula."
cpc-lei-13105-capture-2026-09-28,Art. 292,aula-08-revelia.html,unused,O art. 292 inclui a reconvenção no cálculo do valor da causa; esse parâmetro econômico é lateral à formulação da pretensão pelo réu.
cpc-lei-13105-capture-2026-09-28,Art. 293,aula-08-revelia.html,unused,"Art. 293: Art. 293. O réu poderá impugnar, em preliminar da contestação, o valor atribuído à causa pelo autor, sob pena de preclusão, e o juiz decidirá a respe…; o dispositivo não regula diretamente revelia ou reconvenção nesta aula."
cpc-lei-13105-capture-2026-09-28,Art. 294,aula-08-revelia.html,unused,Art. 294: Art. 294. A tutela provisória pode fundamentar-se em urgência ou evidência.; o dispositivo não regula diretamente revelia ou reconvenção nesta aula.
cpc-lei-13105-capture-2026-09-28,Art. 295,aula-08-revelia.html,unused,Art. 295: Art. 295. A tutela provisória requerida em caráter incidental independe do pagamento de custas.; o dispositivo não regula diretamente revelia ou reconvenção nesta aula.
cpc-lei-13105-capture-2026-09-28,Art. 297,aula-08-revelia.html,unused,Art. 297: Art. 297. O juiz poderá determinar as medidas que considerar adequadas para efetivação da tutela provisória.; o dispositivo não regula diretamente revelia ou reconvenção nesta aula.
cpc-lei-13105-capture-2026-09-28,Art. 298,aula-08-revelia.html,unused,"Art. 298: Art. 298. Na decisão que conceder, negar, modificar ou revogar a tutela provisória, o juiz motivará seu convencimento de modo claro e preciso.; o dispositivo não regula diretamente revelia ou reconvenção nesta aula."
cpc-lei-13105-capture-2026-09-28,Art. 299,aula-08-revelia.html,unused,"Art. 299: Art. 299. A tutela provisória será requerida ao juízo da causa e, quando antecedente, ao juízo competente para conhecer do pedido principal.; o dispositivo não regula diretamente revelia ou reconvenção nesta aula."
cpc-lei-13105-capture-2026-09-28,Art. 300,aula-08-revelia.html,unused,Art. 300: Art. 300. A tutela de urgência será concedida quando houver elementos que evidenciem a probabilidade do direito e o perigo de dano ou o risco ao resu…; o dispositivo não regula diretamente revelia ou reconvenção nesta aula.
cpc-lei-13105-capture-2026-09-28,Art. 301,aula-08-revelia.html,unused,"Art. 301: Art. 301. A tutela de urgência de natureza cautelar pode ser efetivada mediante arresto, sequestro, arrolamento de bens, registro de protesto contra…; o dispositivo não regula diretamente revelia ou reconvenção nesta aula."
cpc-lei-13105-capture-2026-09-28,Art. 302,aula-08-revelia.html,unused,"Art. 302: Art. 302. Independentemente da reparação por dano processual, a parte responde pelo prejuízo que a efetivação da tutela de urgência causar à parte ad…; o dispositivo não regula diretamente revelia ou reconvenção nesta aula."
cpc-lei-13105-capture-2026-09-28,Art. 303,aula-08-revelia.html,unused,"Art. 303: Art. 303. Nos casos em que a urgência for contemporânea à propositura da ação, a petição inicial pode limitar-se ao requerimento da tutela antecipada…; o dispositivo não regula diretamente revelia ou reconvenção nesta aula."
cpc-lei-13105-capture-2026-09-28,Art. 304,aula-08-revelia.html,unused,"Art. 304: Art. 304. A tutela antecipada, concedida nos termos do; o dispositivo não regula diretamente revelia ou reconvenção nesta aula."
cpc-lei-13105-capture-2026-09-28,Art. 305,aula-08-revelia.html,unused,"Art. 305: Art. 305. A petição inicial da ação que visa à prestação de tutela cautelar em caráter antecedente indicará a lide e seu fundamento, a exposição sumá…; o dispositivo não regula diretamente revelia ou reconvenção nesta aula."
cpc-lei-13105-capture-2026-09-28,Art. 306,aula-08-revelia.html,unused,"Art. 306: Art. 306. O réu será citado para, no prazo de 5 (cinco) dias, contestar o pedido e indicar as provas que pretende produzir.; o dispositivo não regula diretamente revelia ou reconvenção nesta aula."
cpc-lei-13105-capture-2026-09-28,Art. 307,aula-08-revelia.html,unused,"Art. 307: Art. 307. Não sendo contestado o pedido, os fatos alegados pelo autor presumir-se-ão aceitos pelo réu como ocorridos, caso em que o juiz decidirá den…; o dispositivo não regula diretamente revelia ou reconvenção nesta aula."
cpc-lei-13105-capture-2026-09-28,Art. 308,aula-08-revelia.html,unused,"Art. 308: Art. 308. Efetivada a tutela cautelar, o pedido principal terá de ser formulado pelo autor no prazo de 30 (trinta) dias, caso em que será apresentado…; o dispositivo não regula diretamente revelia ou reconvenção nesta aula."
cpc-lei-13105-capture-2026-09-28,Art. 309,aula-08-revelia.html,unused,"Art. 309: Art. 309. Cessa a eficácia da tutela concedida em caráter antecedente, se:; o dispositivo não regula diretamente revelia ou reconvenção nesta aula."
cpc-lei-13105-capture-2026-09-28,Art. 310,aula-08-revelia.html,unused,"Art. 310: Art. 310. O indeferimento da tutela cautelar não obsta a que a parte formule o pedido principal, nem influi no julgamento desse, salvo se o motivo do…; o dispositivo não regula diretamente revelia ou reconvenção nesta aula."
cpc-lei-13105-capture-2026-09-28,Art. 311,aula-08-revelia.html,unused,"Art. 311: Art. 311. A tutela da evidência será concedida, independentemente da demonstração de perigo de dano ou de risco ao resultado útil do processo, quando:; o dispositivo não regula diretamente revelia ou reconvenção nesta aula."
cpc-lei-13105-capture-2026-09-28,Art. 312,aula-08-revelia.html,unused,"Art. 312: Art. 312. Considera-se proposta a ação quando a petição inicial for protocolada, todavia, a propositura da ação só produz quanto ao réu os efeitos me…; o dispositivo não regula diretamente revelia ou reconvenção nesta aula."
cpc-lei-13105-capture-2026-09-28,Art. 313,aula-08-revelia.html,unused,O art. 313 trata de suspensão e morte do procurador; a referência a prosseguir à revelia nessa hipótese não corresponde à falta de contestação que define o recorte.
cpc-lei-13105-capture-2026-09-28,Art. 314,aula-08-revelia.html,unused,"Art. 314: Art. 314. Durante a suspensão é vedado praticar qualquer ato processual, podendo o juiz, todavia, determinar a realização de atos urgentes a fim de e…; o dispositivo não regula diretamente revelia ou reconvenção nesta aula."
cpc-lei-13105-capture-2026-09-28,Art. 315,aula-08-revelia.html,unused,"Art. 315: Art. 315. Se o conhecimento do mérito depender de verificação da existência de fato delituoso, o juiz pode determinar a suspensão do processo até que…; o dispositivo não regula diretamente revelia ou reconvenção nesta aula."
cpc-lei-13105-capture-2026-09-28,Art. 316,aula-08-revelia.html,unused,Art. 316: Art. 316. A extinção do processo dar-se-á por sentença.; o dispositivo não regula diretamente revelia ou reconvenção nesta aula.
cpc-lei-13105-capture-2026-09-28,Art. 317,aula-08-revelia.html,unused,"Art. 317: Art. 317. Antes de proferir decisão sem resolução de mérito, o juiz deverá conceder à parte oportunidade para, se possível, corrigir o vício.; o dispositivo não regula diretamente revelia ou reconvenção nesta aula."
cpc-lei-13105-capture-2026-09-28,Art. 318,aula-08-revelia.html,unused,"Art. 318: Art. 318. Aplica-se a todas as causas o procedimento comum, salvo disposição em contrário deste Código ou de lei.; o dispositivo não regula diretamente revelia ou reconvenção nesta aula."
cpc-lei-13105-capture-2026-09-28,Art. 319,aula-08-revelia.html,unused,Art. 319: Art. 319. A petição inicial indicará:; o dispositivo não regula diretamente revelia ou reconvenção nesta aula.
cpc-lei-13105-capture-2026-09-28,Art. 320,aula-08-revelia.html,unused,Art. 320: Art. 320. A petição inicial será instruída com os documentos indispensáveis à propositura da ação.; o dispositivo não regula diretamente revelia ou reconvenção nesta aula.
cpc-lei-13105-capture-2026-09-28,Art. 321,aula-08-revelia.html,unused,"Art. 321: Art. 321. O juiz, ao verificar que a petição inicial não preenche os requisitos dos; o dispositivo não regula diretamente revelia ou reconvenção nesta aula."
cpc-lei-13105-capture-2026-09-28,Art. 322,aula-08-revelia.html,unused,Art. 322: Art. 322. O pedido deve ser certo.; o dispositivo não regula diretamente revelia ou reconvenção nesta aula.
cpc-lei-13105-capture-2026-09-28,Art. 323,aula-08-revelia.html,unused,"Art. 323: Art. 323. Na ação que tiver por objeto cumprimento de obrigação em prestações sucessivas, essas serão consideradas incluídas no pedido, independentem…; o dispositivo não regula diretamente revelia ou reconvenção nesta aula."
cpc-lei-13105-capture-2026-09-28,Art. 324,aula-08-revelia.html,unused,"O art. 324 regula pedido genérico; sua aplicação à reconvenção é acessória à formulação do pedido, fora do foco desta aula."
cpc-lei-13105-capture-2026-09-28,Art. 325,aula-08-revelia.html,unused,"Art. 325: Art. 325. O pedido será alternativo quando, pela natureza da obrigação, o devedor puder cumprir a prestação de mais de um modo.; o dispositivo não regula diretamente revelia ou reconvenção nesta aula."
cpc-lei-13105-capture-2026-09-28,Art. 326,aula-08-revelia.html,unused,"Art. 326: Art. 326. É lícito formular mais de um pedido em ordem subsidiária, a fim de que o juiz conheça do posterior, quando não acolher o anterior.; o dispositivo não regula diretamente revelia ou reconvenção nesta aula."
cpc-lei-13105-capture-2026-09-28,Art. 327,aula-08-revelia.html,unused,"Art. 327: Art. 327. É lícita a cumulação, em um único processo, contra o mesmo réu, de vários pedidos, ainda que entre eles não haja conexão.; o dispositivo não regula diretamente revelia ou reconvenção nesta aula."
cpc-lei-13105-capture-2026-09-28,Art. 328,aula-08-revelia.html,unused,"Art. 328: Art. 328. Na obrigação indivisível com pluralidade de credores, aquele que não participou do processo receberá sua parte, deduzidas as despesas na pr…; o dispositivo não regula diretamente revelia ou reconvenção nesta aula."
cpc-lei-13105-capture-2026-09-28,Art. 329,aula-08-revelia.html,unused,"O art. 329 disciplina alteração de pedido e causa de pedir; sua aplicação à reconvenção é um limite posterior, não a distinção central desta aula."
cpc-lei-13105-capture-2026-09-28,Art. 330,aula-08-revelia.html,unused,Art. 330: Art. 330. A petição inicial será indeferida quando:; o dispositivo não regula diretamente revelia ou reconvenção nesta aula.
cpc-lei-13105-capture-2026-09-28,Art. 331,aula-08-revelia.html,unused,"Art. 331: Art. 331. Indeferida a petição inicial, o autor poderá apelar, facultado ao juiz, no prazo de 5 (cinco) dias, retratar-se.; o dispositivo não regula diretamente revelia ou reconvenção nesta aula."
cpc-lei-13105-capture-2026-09-28,Art. 332,aula-08-revelia.html,unused,"Art. 332: Art. 332. Nas causas que dispensem a fase instrutória, o juiz, independentemente da citação do réu, julgará liminarmente improcedente o pedido que co…; o dispositivo não regula diretamente revelia ou reconvenção nesta aula."
cpc-lei-13105-capture-2026-09-28,Art. 333,aula-08-revelia.html,unused,Art. 333: Art. 333. (VETADO).; o dispositivo não regula diretamente revelia ou reconvenção nesta aula.
cpc-lei-13105-capture-2026-09-28,Art. 334,aula-08-revelia.html,unused,"Art. 334: Art. 334. Se a petição inicial preencher os requisitos essenciais e não for o caso de improcedência liminar do pedido, o juiz designará audiência de…; o dispositivo não regula diretamente revelia ou reconvenção nesta aula."
cpc-lei-13105-capture-2026-09-28,Art. 335,aula-08-revelia.html,supporting,"Art. 335 fixa o termo inicial do prazo para contestar, necessário para identificar quando a ausência de resposta se torna revelia no caso."
cpc-lei-13105-capture-2026-09-28,Art. 336,aula-08-revelia.html,unused,"Art. 336: Art. 336. Incumbe ao réu alegar, na contestação, toda a matéria de defesa, expondo as razões de fato e de direito com que impugna o pedido do autor e…; o dispositivo não regula diretamente revelia ou reconvenção nesta aula."
cpc-lei-13105-capture-2026-09-28,Art. 337,aula-08-revelia.html,unused,"Art. 337: Art. 337. Incumbe ao réu, antes de discutir o mérito, alegar:; o dispositivo não regula diretamente revelia ou reconvenção nesta aula."
cpc-lei-13105-capture-2026-09-28,Art. 338,aula-08-revelia.html,unused,"Art. 338: Art. 338. Alegando o réu, na contestação, ser parte ilegítima ou não ser o responsável pelo prejuízo invocado, o juiz facultará ao autor, em 15 (quin…; o dispositivo não regula diretamente revelia ou reconvenção nesta aula."
cpc-lei-13105-capture-2026-09-28,Art. 339,aula-08-revelia.html,unused,"Art. 339: Art. 339. Quando alegar sua ilegitimidade, incumbe ao réu indicar o sujeito passivo da relação jurídica discutida sempre que tiver conhecimento, sob…; o dispositivo não regula diretamente revelia ou reconvenção nesta aula."
cpc-lei-13105-capture-2026-09-28,Art. 340,aula-08-revelia.html,unused,"Art. 340: Art. 340. Havendo alegação de incompetência relativa ou absoluta, a contestação poderá ser protocolada no foro de domicílio do réu, fato que será ime…; o dispositivo não regula diretamente revelia ou reconvenção nesta aula."
cpc-lei-13105-capture-2026-09-28,Art. 341,aula-08-revelia.html,unused,"Art. 341: Art. 341. Incumbe também ao réu manifestar-se precisamente sobre as alegações de fato constantes da petição inicial, presumindo-se verdadeiras as não…; o dispositivo não regula diretamente revelia ou reconvenção nesta aula."
cpc-lei-13105-capture-2026-09-28,Art. 342,aula-08-revelia.html,unused,"O art. 342 disciplina alegações novas depois da contestação; a rubrica “reconvenção” que o segue é divisória do código, não conteúdo deste artigo."
cpc-lei-13105-capture-2026-09-28,Art. 343,aula-08-revelia.html,supporting,"Art. 343 define a reconvenção como pretensão própria do réu e disciplina sua resposta e autonomia, base direta para distingui-la da ausência de contestação."
cpc-lei-13105-capture-2026-09-28,Art. 344,aula-08-revelia.html,supporting,"Art. 344 liga a falta de contestação à revelia e ao efeito sobre as alegações fáticas, núcleo das consequências estudadas."
cpc-lei-13105-capture-2026-09-28,Art. 345,aula-08-revelia.html,supporting,"Art. 345 delimita quando a revelia não produz o efeito do art. 344, necessário para resolver suas consequências no caso."
cpc-lei-13105-capture-2026-09-28,Art. 346,aula-08-revelia.html,supporting,"Art. 346 regula os prazos e a intervenção posterior do réu revel, consequência processual diretamente ligada ao tema."
cpc-lei-13105-capture-2026-09-28,Art. 347,aula-08-revelia.html,unused,"O art. 347 abre as providências preliminares após o prazo de contestação; o dispositivo organiza a fase seguinte, sem estabelecer os efeitos específicos da revelia."
cpc-lei-13105-capture-2026-09-28,Art. 348,aula-08-revelia.html,supporting,"Art. 348 orienta a providência judicial quando não incide o efeito do art. 344, complemento direto da análise das consequências da revelia."
cpc-lei-13105-capture-2026-09-28,Art. 349,aula-08-revelia.html,supporting,"Art. 349 permite ao réu revel produzir prova se comparecer em tempo, limite necessário para avaliar o efeito da revelia no caso."
cpc-lei-13105-capture-2026-09-28,Art. 350,aula-08-revelia.html,unused,"Art. 350: Art. 350. Se o réu alegar fato impeditivo, modificativo ou extintivo do direito do autor, este será ouvido no prazo de 15 (quinze) dias, permitindo-l…; o dispositivo não regula diretamente revelia ou reconvenção nesta aula."
cpc-lei-13105-capture-2026-09-28,Art. 351,aula-08-revelia.html,unused,Art. 351: Art. 351. Se o réu alegar qualquer das matérias enumeradas no; o dispositivo não regula diretamente revelia ou reconvenção nesta aula.
cpc-lei-13105-capture-2026-09-28,Art. 352,aula-08-revelia.html,unused,"Art. 352: Art. 352. Verificando a existência de irregularidades ou de vícios sanáveis, o juiz determinará sua correção em prazo nunca superior a 30 (trinta) di…; o dispositivo não regula diretamente revelia ou reconvenção nesta aula."
cpc-lei-13105-capture-2026-09-28,Art. 353,aula-08-revelia.html,unused,"Art. 353: Art. 353. Cumpridas as providências preliminares ou não havendo necessidade delas, o juiz proferirá julgamento conforme o estado do processo, observa…; o dispositivo não regula diretamente revelia ou reconvenção nesta aula."
cpc-lei-13105-capture-2026-09-28,Art. 354,aula-08-revelia.html,unused,Art. 354: Art. 354. Ocorrendo qualquer das hipóteses previstas nos; o dispositivo não regula diretamente revelia ou reconvenção nesta aula.
cpc-lei-13105-capture-2026-09-28,Art. 355,aula-08-revelia.html,supporting,"Art. 355, II, liga o efeito do art. 344 e a ausência de requerimento de prova à possibilidade de julgamento antecipado, consequência decisória da revelia."
cpc-lei-13105-capture-2026-09-28,Art. 356,aula-08-revelia.html,unused,Art. 356: Art. 356. O juiz decidirá parcialmente o mérito quando um ou mais dos pedidos formulados ou parcela deles:; o dispositivo não regula diretamente revelia ou reconvenção nesta aula.
cpc-lei-13105-capture-2026-09-28,Art. 357,aula-08-revelia.html,unused,"Art. 357: Art. 357. Não ocorrendo nenhuma das hipóteses deste Capítulo, deverá o juiz, em decisão de saneamento e de organização do processo:; o dispositivo não regula diretamente revelia ou reconvenção nesta aula."
cpc-lei-13105-capture-2026-09-28,Art. 358,aula-08-revelia.html,unused,"Art. 358: Art. 358. No dia e na hora designados, o juiz declarará aberta a audiência de instrução e julgamento e mandará apregoar as partes e os respectivos ad…; o dispositivo não regula diretamente revelia ou reconvenção nesta aula."
cpc-lei-13105-capture-2026-09-28,Art. 359,aula-08-revelia.html,unused,"Art. 359: Art. 359. Instalada a audiência, o juiz tentará conciliar as partes, independentemente do emprego anterior de outros métodos de solução consensual de…; o dispositivo não regula diretamente revelia ou reconvenção nesta aula."
cpc-lei-13105-capture-2026-09-28,Art. 360,aula-08-revelia.html,unused,"Art. 360: Art. 360. O juiz exerce o poder de polícia, incumbindo-lhe:; o dispositivo não regula diretamente revelia ou reconvenção nesta aula."
cpc-lei-13105-capture-2026-09-28,Art. 361,aula-08-revelia.html,unused,"Art. 361: Art. 361. As provas orais serão produzidas em audiência, ouvindo-se nesta ordem, preferencialmente:; o dispositivo não regula diretamente revelia ou reconvenção nesta aula."
cpc-lei-13105-capture-2026-09-28,Art. 362,aula-08-revelia.html,unused,Art. 362: Art. 362. A audiência poderá ser adiada:; o dispositivo não regula diretamente revelia ou reconvenção nesta aula.
cpc-lei-13105-capture-2026-09-28,Art. 363,aula-08-revelia.html,unused,"Art. 363: Art. 363. Havendo antecipação ou adiamento da audiência, o juiz, de ofício ou a requerimento da parte, determinará a intimação dos advogados ou da so…; o dispositivo não regula diretamente revelia ou reconvenção nesta aula."
cpc-lei-13105-capture-2026-09-28,Art. 364,aula-08-revelia.html,unused,"Art. 364: Art. 364. Finda a instrução, o juiz dará a palavra ao advogado do autor e do réu, bem como ao membro do Ministério Público, se for o caso de sua inte…; o dispositivo não regula diretamente revelia ou reconvenção nesta aula."
cpc-lei-13105-capture-2026-09-28,Art. 365,aula-08-revelia.html,unused,"Art. 365: Art. 365. A audiência é una e contínua, podendo ser excepcional e justificadamente cindida na ausência de perito ou de testemunha, desde que haja con…; o dispositivo não regula diretamente revelia ou reconvenção nesta aula."
cpc-lei-13105-capture-2026-09-28,Art. 366,aula-08-revelia.html,unused,"Art. 366: Art. 366. Encerrado o debate ou oferecidas as razões finais, o juiz proferirá sentença em audiência ou no prazo de 30 (trinta) dias.; o dispositivo não regula diretamente revelia ou reconvenção nesta aula."
cpc-lei-13105-capture-2026-09-28,Art. 367,aula-08-revelia.html,unused,"Art. 367: Art. 367. O servidor lavrará, sob ditado do juiz, termo que conterá, em resumo, o ocorrido na audiência, bem como, por extenso, os despachos, as deci…; o dispositivo não regula diretamente revelia ou reconvenção nesta aula."
cpc-lei-13105-capture-2026-09-28,Art. 368,aula-08-revelia.html,unused,"Art. 368: Art. 368. A audiência será pública, ressalvadas as exceções legais.; o dispositivo não regula diretamente revelia ou reconvenção nesta aula."
cpc-lei-13105-capture-2026-09-28,Art. 369,aula-08-revelia.html,unused,"Art. 369: Art. 369. As partes têm o direito de empregar todos os meios legais, bem como os moralmente legítimos, ainda que não especificados neste Código, para…; o dispositivo não regula diretamente revelia ou reconvenção nesta aula."
cpc-lei-13105-capture-2026-09-28,Art. 370,aula-08-revelia.html,unused,"Art. 370: Art. 370. Caberá ao juiz, de ofício ou a requerimento da parte, determinar as provas necessárias ao julgamento do mérito.; o dispositivo não regula diretamente revelia ou reconvenção nesta aula."
cpc-lei-13105-capture-2026-09-28,Art. 371,aula-08-revelia.html,unused,"Art. 371: Art. 371. O juiz apreciará a prova constante dos autos, independentemente do sujeito que a tiver promovido, e indicará na decisão as razões da formaç…; o dispositivo não regula diretamente revelia ou reconvenção nesta aula."
cpc-lei-13105-capture-2026-09-28,Art. 372,aula-08-revelia.html,unused,"Art. 372: Art. 372. O juiz poderá admitir a utilização de prova produzida em outro processo, atribuindo-lhe o valor que considerar adequado, observado o contra…; o dispositivo não regula diretamente revelia ou reconvenção nesta aula."
cpc-lei-13105-capture-2026-09-28,Art. 373,aula-08-revelia.html,unused,Art. 373: Art. 373. O ônus da prova incumbe:; o dispositivo não regula diretamente revelia ou reconvenção nesta aula.
cpc-lei-13105-capture-2026-09-28,Art. 374,aula-08-revelia.html,unused,Art. 374: Art. 374. Não dependem de prova os fatos:; o dispositivo não regula diretamente revelia ou reconvenção nesta aula.
cpc-lei-13105-capture-2026-09-28,Art. 375,aula-08-revelia.html,unused,"Art. 375: Art. 375. O juiz aplicará as regras de experiência comum subministradas pela observação do que ordinariamente acontece e, ainda, as regras de experiê…; o dispositivo não regula diretamente revelia ou reconvenção nesta aula."
cpc-lei-13105-capture-2026-09-28,Art. 376,aula-08-revelia.html,unused,"Art. 376: Art. 376. A parte que alegar direito municipal, estadual, estrangeiro ou consuetudinário provar-lhe-á o teor e a vigência, se assim o juiz determinar.; o dispositivo não regula diretamente revelia ou reconvenção nesta aula."
cpc-lei-13105-capture-2026-09-28,Art. 377,aula-08-revelia.html,unused,"Art. 377: Art. 377. A carta precatória, a carta rogatória e o auxílio direto suspenderão o julgamento da causa no caso previsto no; o dispositivo não regula diretamente revelia ou reconvenção nesta aula."
cpc-lei-13105-capture-2026-09-28,Art. 378,aula-08-revelia.html,unused,Art. 378: Art. 378. Ninguém se exime do dever de colaborar com o Poder Judiciário para o descobrimento da verdade.; o dispositivo não regula diretamente revelia ou reconvenção nesta aula.
cpc-lei-13105-capture-2026-09-28,Art. 379,aula-08-revelia.html,unused,"Art. 379: Art. 379. Preservado o direito de não produzir prova contra si própria, incumbe à parte:; o dispositivo não regula diretamente revelia ou reconvenção nesta aula."
cpc-lei-13105-capture-2026-09-28,Art. 380,aula-08-revelia.html,unused,"Art. 380: Art. 380. Incumbe ao terceiro, em relação a qualquer causa:; o dispositivo não regula diretamente revelia ou reconvenção nesta aula."
cpc-lei-13105-capture-2026-09-28,Art. 381,aula-08-revelia.html,unused,Art. 381: Art. 381. A produção antecipada da prova será admitida nos casos em que:; o dispositivo não regula diretamente revelia ou reconvenção nesta aula.
cpc-lei-13105-capture-2026-09-28,Art. 382,aula-08-revelia.html,unused,"Art. 382: Art. 382. Na petição, o requerente apresentará as razões que justificam a necessidade de antecipação da prova e mencionará com precisão os fatos sobr…; o dispositivo não regula diretamente revelia ou reconvenção nesta aula."
cpc-lei-13105-capture-2026-09-28,Art. 383,aula-08-revelia.html,unused,Art. 383: Art. 383. Os autos permanecerão em cartório durante 1 (um) mês para extração de cópias e certidões pelos interessados.; o dispositivo não regula diretamente revelia ou reconvenção nesta aula.
cpc-lei-13105-capture-2026-09-28,Art. 384,aula-08-revelia.html,unused,"Art. 384: Art. 384. A existência e o modo de existir de algum fato podem ser atestados ou documentados, a requerimento do interessado, mediante ata lavrada por…; o dispositivo não regula diretamente revelia ou reconvenção nesta aula."
cpc-lei-13105-capture-2026-09-28,Art. 385,aula-08-revelia.html,unused,"Art. 385: Art. 385. Cabe à parte requerer o depoimento pessoal da outra parte, a fim de que esta seja interrogada na audiência de instrução e julgamento, sem p…; o dispositivo não regula diretamente revelia ou reconvenção nesta aula."
cpc-lei-13105-capture-2026-09-28,Art. 386,aula-08-revelia.html,unused,"Art. 386: Art. 386. Quando a parte, sem motivo justificado, deixar de responder ao que lhe for perguntado ou empregar evasivas, o juiz, apreciando as demais ci…; o dispositivo não regula diretamente revelia ou reconvenção nesta aula."
cpc-lei-13105-capture-2026-09-28,Art. 387,aula-08-revelia.html,unused,"Art. 387: Art. 387. A parte responderá pessoalmente sobre os fatos articulados, não podendo servir-se de escritos anteriormente preparados, permitindo-lhe o ju…; o dispositivo não regula diretamente revelia ou reconvenção nesta aula."
cpc-lei-13105-capture-2026-09-28,Art. 388,aula-08-revelia.html,unused,Art. 388: Art. 388. A parte não é obrigada a depor sobre fatos:; o dispositivo não regula diretamente revelia ou reconvenção nesta aula.
cpc-lei-13105-capture-2026-09-28,Art. 389,aula-08-revelia.html,unused,"Art. 389: Art. 389. Há confissão, judicial ou extrajudicial, quando a parte admite a verdade de fato contrário ao seu interesse e favorável ao do adversário.; o dispositivo não regula diretamente revelia ou reconvenção nesta aula."
cpc-lei-13105-capture-2026-09-28,Art. 390,aula-08-revelia.html,unused,Art. 390: Art. 390. A confissão judicial pode ser espontânea ou provocada.; o dispositivo não regula diretamente revelia ou reconvenção nesta aula.
cpc-lei-13105-capture-2026-09-28,Art. 391,aula-08-revelia.html,unused,"Art. 391: Art. 391. A confissão judicial faz prova contra o confitente, não prejudicando, todavia, os litisconsortes.; o dispositivo não regula diretamente revelia ou reconvenção nesta aula."
cpc-lei-13105-capture-2026-09-28,Art. 392,aula-08-revelia.html,unused,"Art. 392: Art. 392. Não vale como confissão a admissão, em juízo, de fatos relativos a direitos indisponíveis.; o dispositivo não regula diretamente revelia ou reconvenção nesta aula."
cpc-lei-13105-capture-2026-09-28,Art. 393,aula-08-revelia.html,unused,"Art. 393: Art. 393. A confissão é irrevogável, mas pode ser anulada se decorreu de erro de fato ou de coação.; o dispositivo não regula diretamente revelia ou reconvenção nesta aula."
cpc-lei-13105-capture-2026-09-28,Art. 394,aula-08-revelia.html,unused,"Art. 394: Art. 394. A confissão extrajudicial, quando feita oralmente, só terá eficácia nos casos em que a lei não exija prova literal.; o dispositivo não regula diretamente revelia ou reconvenção nesta aula."
cpc-lei-13105-capture-2026-09-28,Art. 395,aula-08-revelia.html,unused,"O art. 395 trata da indivisibilidade da confissão; a menção à reconvenção aparece como hipótese ligada à prova, matéria de outra aula."
cpc-lei-13105-capture-2026-09-28,Art. 396,aula-08-revelia.html,unused,Art. 396: Art. 396. O juiz pode ordenar que a parte exiba documento ou coisa que se encontre em seu poder.; o dispositivo não regula diretamente revelia ou reconvenção nesta aula.
cpc-lei-13105-capture-2026-09-28,Art. 397,aula-08-revelia.html,unused,Art. 397: Art. 397. O pedido formulado pela parte conterá:; o dispositivo não regula diretamente revelia ou reconvenção nesta aula.
cpc-lei-13105-capture-2026-09-28,Art. 398,aula-08-revelia.html,unused,Art. 398: Art. 398. O requerido dará sua resposta nos 5 (cinco) dias subsequentes à sua intimação.; o dispositivo não regula diretamente revelia ou reconvenção nesta aula.
cpc-lei-13105-capture-2026-09-28,Art. 399,aula-08-revelia.html,unused,Art. 399: Art. 399. O juiz não admitirá a recusa se:; o dispositivo não regula diretamente revelia ou reconvenção nesta aula.
cpc-lei-13105-capture-2026-09-28,Art. 400,aula-08-revelia.html,unused,"Art. 400: Art. 400. Ao decidir o pedido, o juiz admitirá como verdadeiros os fatos que, por meio do documento ou da coisa, a parte pretendia provar se:; o dispositivo não regula diretamente revelia ou reconvenção nesta aula."
cpc-lei-13105-capture-2026-09-28,Art. 401,aula-08-revelia.html,unused,"Art. 401: Art. 401. Quando o documento ou a coisa estiver em poder de terceiro, o juiz ordenará sua citação para responder no prazo de 15 (quinze) dias.; o dispositivo não regula diretamente revelia ou reconvenção nesta aula."
cpc-lei-13105-capture-2026-09-28,Art. 402,aula-08-revelia.html,unused,"Art. 402: Art. 402. Se o terceiro negar a obrigação de exibir ou a posse do documento ou da coisa, o juiz designará audiência especial, tomando-lhe o depoiment…; o dispositivo não regula diretamente revelia ou reconvenção nesta aula."
cpc-lei-13105-capture-2026-09-28,Art. 403,aula-08-revelia.html,unused,"Art. 403: Art. 403. Se o terceiro, sem justo motivo, se recusar a efetuar a exibição, o juiz ordenar-lhe-á que proceda ao respectivo depósito em cartório ou em…; o dispositivo não regula diretamente revelia ou reconvenção nesta aula."
cpc-lei-13105-capture-2026-09-28,Art. 404,aula-08-revelia.html,unused,"Art. 404: Art. 404. A parte e o terceiro se escusam de exibir, em juízo, o documento ou a coisa se:; o dispositivo não regula diretamente revelia ou reconvenção nesta aula."
cpc-lei-13105-capture-2026-09-28,Art. 405,aula-08-revelia.html,unused,"Art. 405: Art. 405. O documento público faz prova não só da sua formação, mas também dos fatos que o escrivão, o chefe de secretaria, o tabelião ou o servidor…; o dispositivo não regula diretamente revelia ou reconvenção nesta aula."
cpc-lei-13105-capture-2026-09-28,Art. 406,aula-08-revelia.html,unused,"Art. 406: Art. 406. Quando a lei exigir instrumento público como da substância do ato, nenhuma outra prova, por mais especial que seja, pode suprir-lhe a falta.; o dispositivo não regula diretamente revelia ou reconvenção nesta aula."
cpc-lei-13105-capture-2026-09-28,Art. 407,aula-08-revelia.html,unused,"Art. 407: Art. 407. O documento feito por oficial público incompetente ou sem a observância das formalidades legais, sendo subscrito pelas partes, tem a mesma…; o dispositivo não regula diretamente revelia ou reconvenção nesta aula."
cpc-lei-13105-capture-2026-09-28,Art. 408,aula-08-revelia.html,unused,Art. 408: Art. 408. As declarações constantes do documento particular escrito e assinado ou somente assinado presumem-se verdadeiras em relação ao signatário.; o dispositivo não regula diretamente revelia ou reconvenção nesta aula.
cpc-lei-13105-capture-2026-09-28,Art. 409,aula-08-revelia.html,unused,"Art. 409: Art. 409. A data do documento particular, quando a seu respeito surgir dúvida ou impugnação entre os litigantes, provar-se-á por todos os meios de di…; o dispositivo não regula diretamente revelia ou reconvenção nesta aula."
cpc-lei-13105-capture-2026-09-28,Art. 410,aula-08-revelia.html,unused,Art. 410: Art. 410. Considera-se autor do documento particular:; o dispositivo não regula diretamente revelia ou reconvenção nesta aula.
cpc-lei-13105-capture-2026-09-28,Art. 411,aula-08-revelia.html,unused,Art. 411: Art. 411. Considera-se autêntico o documento quando:; o dispositivo não regula diretamente revelia ou reconvenção nesta aula.
cpc-lei-13105-capture-2026-09-28,Art. 412,aula-08-revelia.html,unused,Art. 412: Art. 412. O documento particular de cuja autenticidade não se duvida prova que o seu autor fez a declaração que lhe é atribuída.; o dispositivo não regula diretamente revelia ou reconvenção nesta aula.
cpc-lei-13105-capture-2026-09-28,Art. 413,aula-08-revelia.html,unused,"Art. 413: Art. 413. O telegrama, o radiograma ou qualquer outro meio de transmissão tem a mesma força probatória do documento particular se o original constant…; o dispositivo não regula diretamente revelia ou reconvenção nesta aula."
cpc-lei-13105-capture-2026-09-28,Art. 414,aula-08-revelia.html,unused,"Art. 414: Art. 414. O telegrama ou o radiograma presume-se conforme com o original, provando as datas de sua expedição e de seu recebimento pelo destinatário.; o dispositivo não regula diretamente revelia ou reconvenção nesta aula."
cpc-lei-13105-capture-2026-09-28,Art. 415,aula-08-revelia.html,unused,Art. 415: Art. 415. As cartas e os registros domésticos provam contra quem os escreveu quando:; o dispositivo não regula diretamente revelia ou reconvenção nesta aula.
cpc-lei-13105-capture-2026-09-28,Art. 416,aula-08-revelia.html,unused,"Art. 416: Art. 416. A nota escrita pelo credor em qualquer parte de documento representativo de obrigação, ainda que não assinada, faz prova em benefício do de…; o dispositivo não regula diretamente revelia ou reconvenção nesta aula."
cpc-lei-13105-capture-2026-09-28,Art. 417,aula-08-revelia.html,unused,"Art. 417: Art. 417. Os livros empresariais provam contra seu autor, sendo lícito ao empresário, todavia, demonstrar, por todos os meios permitidos em direito,…; o dispositivo não regula diretamente revelia ou reconvenção nesta aula."
cpc-lei-13105-capture-2026-09-28,Art. 418,aula-08-revelia.html,unused,Art. 418: Art. 418. Os livros empresariais que preencham os requisitos exigidos por lei provam a favor de seu autor no litígio entre empresários.; o dispositivo não regula diretamente revelia ou reconvenção nesta aula.
cpc-lei-13105-capture-2026-09-28,Art. 419,aula-08-revelia.html,unused,"Art. 419: Art. 419. A escrituração contábil é indivisível, e, se dos fatos que resultam dos lançamentos, uns são favoráveis ao interesse de seu autor e outros…; o dispositivo não regula diretamente revelia ou reconvenção nesta aula."
cpc-lei-13105-capture-2026-09-28,Art. 420,aula-08-revelia.html,unused,"Art. 420: Art. 420. O juiz pode ordenar, a requerimento da parte, a exibição integral dos livros empresariais e dos documentos do arquivo:; o dispositivo não regula diretamente revelia ou reconvenção nesta aula."
cpc-lei-13105-capture-2026-09-28,Art. 421,aula-08-revelia.html,unused,"Art. 421: Art. 421. O juiz pode, de ofício, ordenar à parte a exibição parcial dos livros e dos documentos, extraindo-se deles a suma que interessar ao litígio…; o dispositivo não regula diretamente revelia ou reconvenção nesta aula."
cpc-lei-13105-capture-2026-09-28,Art. 422,aula-08-revelia.html,unused,"Art. 422: Art. 422. Qualquer reprodução mecânica, como a fotográfica, a cinematográfica, a fonográfica ou de outra espécie, tem aptidão para fazer prova dos fa…; o dispositivo não regula diretamente revelia ou reconvenção nesta aula."
cpc-lei-13105-capture-2026-09-28,Art. 423,aula-08-revelia.html,unused,"Art. 423: Art. 423. As reproduções dos documentos particulares, fotográficas ou obtidas por outros processos de repetição, valem como certidões sempre que o es…; o dispositivo não regula diretamente revelia ou reconvenção nesta aula."
cpc-lei-13105-capture-2026-09-28,Art. 424,aula-08-revelia.html,unused,"Art. 424: Art. 424. A cópia de documento particular tem o mesmo valor probante que o original, cabendo ao escrivão, intimadas as partes, proceder à conferência…; o dispositivo não regula diretamente revelia ou reconvenção nesta aula."
cpc-lei-13105-capture-2026-09-28,Art. 425,aula-08-revelia.html,unused,Art. 425: Art. 425. Fazem a mesma prova que os originais:; o dispositivo não regula diretamente revelia ou reconvenção nesta aula.
cpc-lei-13105-capture-2026-09-28,Art. 426,aula-08-revelia.html,unused,"Art. 426: Art. 426. O juiz apreciará fundamentadamente a fé que deva merecer o documento, quando em ponto substancial e sem ressalva contiver entrelinha, emend…; o dispositivo não regula diretamente revelia ou reconvenção nesta aula."
cpc-lei-13105-capture-2026-09-28,Art. 427,aula-08-revelia.html,unused,Art. 427: Art. 427. Cessa a fé do documento público ou particular sendo-lhe declarada judicialmente a falsidade.; o dispositivo não regula diretamente revelia ou reconvenção nesta aula.
cpc-lei-13105-capture-2026-09-28,Art. 428,aula-08-revelia.html,unused,Art. 428: Art. 428. Cessa a fé do documento particular quando:; o dispositivo não regula diretamente revelia ou reconvenção nesta aula.
cpc-lei-13105-capture-2026-09-28,Art. 429,aula-08-revelia.html,unused,Art. 429: Art. 429. Incumbe o ônus da prova quando:; o dispositivo não regula diretamente revelia ou reconvenção nesta aula.
cpc-lei-13105-capture-2026-09-28,Art. 430,aula-08-revelia.html,unused,"Art. 430: Art. 430. A falsidade deve ser suscitada na contestação, na réplica ou no prazo de 15 (quinze) dias, contado a partir da intimação da juntada do docu…; o dispositivo não regula diretamente revelia ou reconvenção nesta aula."
cpc-lei-13105-capture-2026-09-28,Art. 431,aula-08-revelia.html,unused,Art. 431: Art. 431. A parte arguirá a falsidade expondo os motivos em que funda a sua pretensão e os meios com que provará o alegado.; o dispositivo não regula diretamente revelia ou reconvenção nesta aula.
cpc-lei-13105-capture-2026-09-28,Art. 432,aula-08-revelia.html,unused,"Art. 432: Art. 432. Depois de ouvida a outra parte no prazo de 15 (quinze) dias, será realizado o exame pericial.; o dispositivo não regula diretamente revelia ou reconvenção nesta aula."
cpc-lei-13105-capture-2026-09-28,Art. 433,aula-08-revelia.html,unused,"Art. 433: Art. 433. A declaração sobre a falsidade do documento, quando suscitada como questão principal, constará da parte dispositiva da sentença e sobre ela…; o dispositivo não regula diretamente revelia ou reconvenção nesta aula."
cpc-lei-13105-capture-2026-09-28,Art. 434,aula-08-revelia.html,unused,Art. 434: Art. 434. Incumbe à parte instruir a petição inicial ou a contestação com os documentos destinados a provar suas alegações.; o dispositivo não regula diretamente revelia ou reconvenção nesta aula.
cpc-lei-13105-capture-2026-09-28,Art. 435,aula-08-revelia.html,unused,"Art. 435: Art. 435. É lícito às partes, em qualquer tempo, juntar aos autos documentos novos, quando destinados a fazer prova de fatos ocorridos depois dos art…; o dispositivo não regula diretamente revelia ou reconvenção nesta aula."
cpc-lei-13105-capture-2026-09-28,Art. 436,aula-08-revelia.html,unused,"Art. 436: Art. 436. A parte, intimada a falar sobre documento constante dos autos, poderá:; o dispositivo não regula diretamente revelia ou reconvenção nesta aula."
cpc-lei-13105-capture-2026-09-28,Art. 437,aula-08-revelia.html,unused,"Art. 437: Art. 437. O réu manifestar-se-á na contestação sobre os documentos anexados à inicial, e o autor manifestar-se-á na réplica sobre os documentos anexa…; o dispositivo não regula diretamente revelia ou reconvenção nesta aula."
cpc-lei-13105-capture-2026-09-28,Art. 438,aula-08-revelia.html,unused,"Art. 438: Art. 438. O juiz requisitará às repartições públicas, em qualquer tempo ou grau de jurisdição:; o dispositivo não regula diretamente revelia ou reconvenção nesta aula."
cpc-lei-13105-capture-2026-09-28,Art. 439,aula-08-revelia.html,unused,Art. 439: Art. 439. A utilização de documentos eletrônicos no processo convencional dependerá de sua conversão à forma impressa e da verificação de sua autenti…; o dispositivo não regula diretamente revelia ou reconvenção nesta aula.
cpc-lei-13105-capture-2026-09-28,Art. 440,aula-08-revelia.html,unused,"Art. 440: Art. 440. O juiz apreciará o valor probante do documento eletrônico não convertido, assegurado às partes o acesso ao seu teor.; o dispositivo não regula diretamente revelia ou reconvenção nesta aula."
cpc-lei-13105-capture-2026-09-28,Art. 441,aula-08-revelia.html,unused,Art. 441: Art. 441. Serão admitidos documentos eletrônicos produzidos e conservados com a observância da legislação específica.; o dispositivo não regula diretamente revelia ou reconvenção nesta aula.
cpc-lei-13105-capture-2026-09-28,Art. 442,aula-08-revelia.html,unused,"Art. 442: Art. 442. A prova testemunhal é sempre admissível, não dispondo a lei de modo diverso.; o dispositivo não regula diretamente revelia ou reconvenção nesta aula."
cpc-lei-13105-capture-2026-09-28,Art. 443,aula-08-revelia.html,unused,Art. 443: Art. 443. O juiz indeferirá a inquirição de testemunhas sobre fatos:; o dispositivo não regula diretamente revelia ou reconvenção nesta aula.
cpc-lei-13105-capture-2026-09-28,Art. 444,aula-08-revelia.html,unused,"Art. 444: Art. 444. Nos casos em que a lei exigir prova escrita da obrigação, é admissível a prova testemunhal quando houver começo de prova por escrito, emana…; o dispositivo não regula diretamente revelia ou reconvenção nesta aula."
cpc-lei-13105-capture-2026-09-28,Art. 445,aula-08-revelia.html,unused,"Art. 445: Art. 445. Também se admite a prova testemunhal quando o credor não pode ou não podia, moral ou materialmente, obter a prova escrita da obrigação, em…; o dispositivo não regula diretamente revelia ou reconvenção nesta aula."
cpc-lei-13105-capture-2026-09-28,Art. 446,aula-08-revelia.html,unused,Art. 446: Art. 446. É lícito à parte provar com testemunhas:; o dispositivo não regula diretamente revelia ou reconvenção nesta aula.
cpc-lei-13105-capture-2026-09-28,Art. 447,aula-08-revelia.html,unused,"Art. 447: Art. 447. Podem depor como testemunhas todas as pessoas, exceto as incapazes, impedidas ou suspeitas.; o dispositivo não regula diretamente revelia ou reconvenção nesta aula."
cpc-lei-13105-capture-2026-09-28,Art. 448,aula-08-revelia.html,unused,Art. 448: Art. 448. A testemunha não é obrigada a depor sobre fatos:; o dispositivo não regula diretamente revelia ou reconvenção nesta aula.
cpc-lei-13105-capture-2026-09-28,Art. 449,aula-08-revelia.html,unused,"Art. 449: Art. 449. Salvo disposição especial em contrário, as testemunhas devem ser ouvidas na sede do juízo.; o dispositivo não regula diretamente revelia ou reconvenção nesta aula."
cpc-lei-13105-capture-2026-09-28,Art. 450,aula-08-revelia.html,unused,"Art. 450: Art. 450. O rol de testemunhas conterá, sempre que possível, o nome, a profissão, o estado civil, a idade, o número de inscrição no Cadastro de Pesso…; o dispositivo não regula diretamente revelia ou reconvenção nesta aula."
cpc-lei-13105-capture-2026-09-28,Art. 451,aula-08-revelia.html,unused,Art. 451: Art. 451. Depois de apresentado o rol de que tratam os; o dispositivo não regula diretamente revelia ou reconvenção nesta aula.
cpc-lei-13105-capture-2026-09-28,Art. 452,aula-08-revelia.html,unused,"Art. 452: Art. 452. Quando for arrolado como testemunha, o juiz da causa:; o dispositivo não regula diretamente revelia ou reconvenção nesta aula."
cpc-lei-13105-capture-2026-09-28,Art. 453,aula-08-revelia.html,unused,"Art. 453: Art. 453. As testemunhas depõem, na audiência de instrução e julgamento, perante o juiz da causa, exceto:; o dispositivo não regula diretamente revelia ou reconvenção nesta aula."
cpc-lei-13105-capture-2026-09-28,Art. 454,aula-08-revelia.html,unused,Art. 454: Art. 454. São inquiridos em sua residência ou onde exercem sua função:; o dispositivo não regula diretamente revelia ou reconvenção nesta aula.
cpc-lei-13105-capture-2026-09-28,Art. 455,aula-08-revelia.html,unused,"Art. 455: Art. 455. Cabe ao advogado da parte informar ou intimar a testemunha por ele arrolada do dia, da hora e do local da audiência designada, dispensando-…; o dispositivo não regula diretamente revelia ou reconvenção nesta aula."
cpc-lei-13105-capture-2026-09-28,Art. 456,aula-08-revelia.html,unused,"Art. 456: Art. 456. O juiz inquirirá as testemunhas separada e sucessivamente, primeiro as do autor e depois as do réu, e providenciará para que uma não ouça o…; o dispositivo não regula diretamente revelia ou reconvenção nesta aula."
cpc-lei-13105-capture-2026-09-28,Art. 457,aula-08-revelia.html,unused,"Art. 457: Art. 457. Antes de depor, a testemunha será qualificada, declarará ou confirmará seus dados e informará se tem relações de parentesco com a parte ou…; o dispositivo não regula diretamente revelia ou reconvenção nesta aula."
cpc-lei-13105-capture-2026-09-28,Art. 458,aula-08-revelia.html,unused,"Art. 458: Art. 458. Ao início da inquirição, a testemunha prestará o compromisso de dizer a verdade do que souber e lhe for perguntado.; o dispositivo não regula diretamente revelia ou reconvenção nesta aula."
cpc-lei-13105-capture-2026-09-28,Art. 459,aula-08-revelia.html,unused,"Art. 459: Art. 459. As perguntas serão formuladas pelas partes diretamente à testemunha, começando pela que a arrolou, não admitindo o juiz aquelas que puderem…; o dispositivo não regula diretamente revelia ou reconvenção nesta aula."
cpc-lei-13105-capture-2026-09-28,Art. 460,aula-08-revelia.html,unused,Art. 460: Art. 460. O depoimento poderá ser documentado por meio de gravação.; o dispositivo não regula diretamente revelia ou reconvenção nesta aula.
cpc-lei-13105-capture-2026-09-28,Art. 461,aula-08-revelia.html,unused,"Art. 461: Art. 461. O juiz pode ordenar, de ofício ou a requerimento da parte:; o dispositivo não regula diretamente revelia ou reconvenção nesta aula."
cpc-lei-13105-capture-2026-09-28,Art. 462,aula-08-revelia.html,unused,"Art. 462: Art. 462. A testemunha pode requerer ao juiz o pagamento da despesa que efetuou para comparecimento à audiência, devendo a parte pagá-la logo que arb…; o dispositivo não regula diretamente revelia ou reconvenção nesta aula."
cpc-lei-13105-capture-2026-09-28,Art. 463,aula-08-revelia.html,unused,Art. 463: Art. 463. O depoimento prestado em juízo é considerado serviço público.; o dispositivo não regula diretamente revelia ou reconvenção nesta aula.
cpc-lei-13105-capture-2026-09-28,Art. 464,aula-08-revelia.html,unused,"Art. 464: Art. 464. A prova pericial consiste em exame, vistoria ou avaliação.; o dispositivo não regula diretamente revelia ou reconvenção nesta aula."
cpc-lei-13105-capture-2026-09-28,Art. 465,aula-08-revelia.html,unused,Art. 465: Art. 465. O juiz nomeará perito especializado no objeto da perícia e fixará de imediato o prazo para a entrega do laudo.; o dispositivo não regula diretamente revelia ou reconvenção nesta aula.
cpc-lei-13105-capture-2026-09-28,Art. 466,aula-08-revelia.html,unused,"Art. 466: Art. 466. O perito cumprirá escrupulosamente o encargo que lhe foi cometido, independentemente de termo de compromisso.; o dispositivo não regula diretamente revelia ou reconvenção nesta aula."
cpc-lei-13105-capture-2026-09-28,Art. 467,aula-08-revelia.html,unused,Art. 467: Art. 467. O perito pode escusar-se ou ser recusado por impedimento ou suspeição.; o dispositivo não regula diretamente revelia ou reconvenção nesta aula.
cpc-lei-13105-capture-2026-09-28,Art. 468,aula-08-revelia.html,unused,Art. 468: Art. 468. O perito pode ser substituído quando:; o dispositivo não regula diretamente revelia ou reconvenção nesta aula.
cpc-lei-13105-capture-2026-09-28,Art. 469,aula-08-revelia.html,unused,"Art. 469: Art. 469. As partes poderão apresentar quesitos suplementares durante a diligência, que poderão ser respondidos pelo perito previamente ou na audiênc…; o dispositivo não regula diretamente revelia ou reconvenção nesta aula."
cpc-lei-13105-capture-2026-09-28,Art. 470,aula-08-revelia.html,unused,Art. 470: Art. 470. Incumbe ao juiz:; o dispositivo não regula diretamente revelia ou reconvenção nesta aula.
cpc-lei-13105-capture-2026-09-28,Art. 471,aula-08-revelia.html,unused,"Art. 471: Art. 471. As partes podem, de comum acordo, escolher o perito, indicando-o mediante requerimento, desde que:; o dispositivo não regula diretamente revelia ou reconvenção nesta aula."
cpc-lei-13105-capture-2026-09-28,Art. 472,aula-08-revelia.html,unused,"Art. 472: Art. 472. O juiz poderá dispensar prova pericial quando as partes, na inicial e na contestação, apresentarem, sobre as questões de fato, pareceres té…; o dispositivo não regula diretamente revelia ou reconvenção nesta aula."
cpc-lei-13105-capture-2026-09-28,Art. 473,aula-08-revelia.html,unused,Art. 473: Art. 473. O laudo pericial deverá conter:; o dispositivo não regula diretamente revelia ou reconvenção nesta aula.
cpc-lei-13105-capture-2026-09-28,Art. 474,aula-08-revelia.html,unused,Art. 474: Art. 474. As partes terão ciência da data e do local designados pelo juiz ou indicados pelo perito para ter início a produção da prova.; o dispositivo não regula diretamente revelia ou reconvenção nesta aula.
cpc-lei-13105-capture-2026-09-28,Art. 475,aula-08-revelia.html,unused,"Art. 475: Art. 475. Tratando-se de perícia complexa que abranja mais de uma área de conhecimento especializado, o juiz poderá nomear mais de um perito, e a par…; o dispositivo não regula diretamente revelia ou reconvenção nesta aula."
cpc-lei-13105-capture-2026-09-28,Art. 476,aula-08-revelia.html,unused,"Art. 476: Art. 476. Se o perito, por motivo justificado, não puder apresentar o laudo dentro do prazo, o juiz poderá conceder-lhe, por uma vez, prorrogação pel…; o dispositivo não regula diretamente revelia ou reconvenção nesta aula."
cpc-lei-13105-capture-2026-09-28,Art. 478,aula-08-revelia.html,unused,"Art. 478: Art. 478. Quando o exame tiver por objeto a autenticidade ou a falsidade de documento ou for de natureza médico-legal, o perito será escolhido, de pr…; o dispositivo não regula diretamente revelia ou reconvenção nesta aula."
cpc-lei-13105-capture-2026-09-28,Art. 479,aula-08-revelia.html,unused,Art. 479: Art. 479. O juiz apreciará a prova pericial de acordo com o disposto no; o dispositivo não regula diretamente revelia ou reconvenção nesta aula.
cpc-lei-13105-capture-2026-09-28,Art. 480,aula-08-revelia.html,unused,"Art. 480: Art. 480. O juiz determinará, de ofício ou a requerimento da parte, a realização de nova perícia quando a matéria não estiver suficientemente esclare…; o dispositivo não regula diretamente revelia ou reconvenção nesta aula."
cpc-lei-13105-capture-2026-09-28,Art. 481,aula-08-revelia.html,unused,"Art. 481: Art. 481. O juiz, de ofício ou a requerimento da parte, pode, em qualquer fase do processo, inspecionar pessoas ou coisas, a fim de se esclarecer sob…; o dispositivo não regula diretamente revelia ou reconvenção nesta aula."
cpc-lei-13105-capture-2026-09-28,Art. 482,aula-08-revelia.html,unused,"Art. 482: Art. 482. Ao realizar a inspeção, o juiz poderá ser assistido por um ou mais peritos.; o dispositivo não regula diretamente revelia ou reconvenção nesta aula."
cpc-lei-13105-capture-2026-09-28,Art. 483,aula-08-revelia.html,unused,Art. 483: Art. 483. O juiz irá ao local onde se encontre a pessoa ou a coisa quando:; o dispositivo não regula diretamente revelia ou reconvenção nesta aula.
cpc-lei-13105-capture-2026-09-28,Art. 484,aula-08-revelia.html,unused,"Art. 484: Art. 484. Concluída a diligência, o juiz mandará lavrar auto circunstanciado, mencionando nele tudo quanto for útil ao julgamento da causa.; o dispositivo não regula diretamente revelia ou reconvenção nesta aula."
cpc-lei-13105-capture-2026-09-28,Art. 485,aula-08-revelia.html,unused,Art. 485: Art. 485. O juiz não resolverá o mérito quando:; o dispositivo não regula diretamente revelia ou reconvenção nesta aula.
cpc-lei-13105-capture-2026-09-28,Art. 486,aula-08-revelia.html,unused,Art. 486: Art. 486. O pronunciamento judicial que não resolve o mérito não obsta a que a parte proponha de novo a ação.; o dispositivo não regula diretamente revelia ou reconvenção nesta aula.
cpc-lei-13105-capture-2026-09-28,Art. 487,aula-08-revelia.html,unused,"O art. 487 enumera decisões de resolução de mérito, inclusive na reconvenção; julgamento de mérito é etapa posterior ao recorte desta aula."
cpc-lei-13105-capture-2026-09-28,Art. 488,aula-08-revelia.html,unused,"Art. 488: Art. 488. Desde que possível, o juiz resolverá o mérito sempre que a decisão for favorável à parte a quem aproveitaria eventual pronunciamento nos te…; o dispositivo não regula diretamente revelia ou reconvenção nesta aula."
cpc-lei-13105-capture-2026-09-28,Art. 489,aula-08-revelia.html,unused,Art. 489: Art. 489. São elementos essenciais da sentença:; o dispositivo não regula diretamente revelia ou reconvenção nesta aula.
cpc-lei-13105-capture-2026-09-28,Art. 490,aula-08-revelia.html,unused,"Art. 490: Art. 490. O juiz resolverá o mérito acolhendo ou rejeitando, no todo ou em parte, os pedidos formulados pelas partes.; o dispositivo não regula diretamente revelia ou reconvenção nesta aula."
cpc-lei-13105-capture-2026-09-28,Art. 491,aula-08-revelia.html,unused,"Art. 491: Art. 491. Na ação relativa à obrigação de pagar quantia, ainda que formulado pedido genérico, a decisão definirá desde logo a extensão da obrigação,…; o dispositivo não regula diretamente revelia ou reconvenção nesta aula."
cpc-lei-13105-capture-2026-09-28,Art. 492,aula-08-revelia.html,unused,"Art. 492: Art. 492. É vedado ao juiz proferir decisão de natureza diversa da pedida, bem como condenar a parte em quantidade superior ou em objeto diverso do q…; o dispositivo não regula diretamente revelia ou reconvenção nesta aula."
cpc-lei-13105-capture-2026-09-28,Art. 493,aula-08-revelia.html,unused,"Art. 493: Art. 493. Se, depois da propositura da ação, algum fato constitutivo, modificativo ou extintivo do direito influir no julgamento do mérito, caberá ao…; o dispositivo não regula diretamente revelia ou reconvenção nesta aula."
cpc-lei-13105-capture-2026-09-28,Art. 494,aula-08-revelia.html,unused,"Art. 494: Art. 494. Publicada a sentença, o juiz só poderá alterá-la:; o dispositivo não regula diretamente revelia ou reconvenção nesta aula."
cpc-lei-13105-capture-2026-09-28,Art. 495,aula-08-revelia.html,unused,"Art. 495: Art. 495. A decisão que condenar o réu ao pagamento de prestação consistente em dinheiro e a que determinar a conversão de prestação de fazer, de não…; o dispositivo não regula diretamente revelia ou reconvenção nesta aula."
cpc-lei-13105-capture-2026-09-28,Art. 496,aula-08-revelia.html,unused,"Art. 496: Art. 496. Está sujeita ao duplo grau de jurisdição, não produzindo efeito senão depois de confirmada pelo tribunal, a sentença:; o dispositivo não regula diretamente revelia ou reconvenção nesta aula."
cpc-lei-13105-capture-2026-09-28,Art. 497,aula-08-revelia.html,unused,"Art. 497: Art. 497. Na ação que tenha por objeto a prestação de fazer ou de não fazer, o juiz, se procedente o pedido, concederá a tutela específica ou determi…; o dispositivo não regula diretamente revelia ou reconvenção nesta aula."
cpc-lei-13105-capture-2026-09-28,Art. 498,aula-08-revelia.html,unused,"Art. 498: Art. 498. Na ação que tenha por objeto a entrega de coisa, o juiz, ao conceder a tutela específica, fixará o prazo para o cumprimento da obrigação.; o dispositivo não regula diretamente revelia ou reconvenção nesta aula."
cpc-lei-13105-capture-2026-09-28,Art. 499,aula-08-revelia.html,unused,Art. 499: Art. 499. A obrigação somente será convertida em perdas e danos se o autor o requerer ou se impossível a tutela específica ou a obtenção de tutela pe…; o dispositivo não regula diretamente revelia ou reconvenção nesta aula.
cpc-lei-13105-capture-2026-09-28,Art. 500,aula-08-revelia.html,unused,Art. 500: Art. 500. A indenização por perdas e danos dar-se-á sem prejuízo da multa fixada periodicamente para compelir o réu ao cumprimento específico da obri…; o dispositivo não regula diretamente revelia ou reconvenção nesta aula.
cpc-lei-13105-capture-2026-09-28,Art. 501,aula-08-revelia.html,unused,"Art. 501: Art. 501. Na ação que tenha por objeto a emissão de declaração de vontade, a sentença que julgar procedente o pedido, uma vez transitada em julgado,…; o dispositivo não regula diretamente revelia ou reconvenção nesta aula."
cpc-lei-13105-capture-2026-09-28,Art. 502,aula-08-revelia.html,unused,Art. 502: Art. 502. Denomina-se coisa julgada material a autoridade que torna imutável e indiscutível a decisão de mérito não mais sujeita a recurso.; o dispositivo não regula diretamente revelia ou reconvenção nesta aula.
cpc-lei-13105-capture-2026-09-28,Art. 503,aula-08-revelia.html,unused,O art. 503 disciplina limites objetivos da coisa julgada; a referência à revelia integra questão de contraditório prévio sobre questão prejudicial.
cpc-lei-13105-capture-2026-09-28,Art. 504,aula-08-revelia.html,unused,Art. 504: Art. 504. Não fazem coisa julgada:; o dispositivo não regula diretamente revelia ou reconvenção nesta aula.
cpc-lei-13105-capture-2026-09-28,Art. 506,aula-08-revelia.html,unused,"Art. 506: Art. 506. A sentença faz coisa julgada às partes entre as quais é dada, não prejudicando terceiros.; o dispositivo não regula diretamente revelia ou reconvenção nesta aula."
cpc-lei-13105-capture-2026-09-28,Art. 507,aula-08-revelia.html,unused,Art. 507: Art. 507. É vedado à parte discutir no curso do processo as questões já decididas a cujo respeito se operou a preclusão.; o dispositivo não regula diretamente revelia ou reconvenção nesta aula.
cpc-lei-13105-capture-2026-09-28,Art. 508,aula-08-revelia.html,unused,"Art. 508: Art. 508. Transitada em julgado a decisão de mérito, considerar-se-ão deduzidas e repelidas todas as alegações e as defesas que a parte poderia opor…; o dispositivo não regula diretamente revelia ou reconvenção nesta aula."
cpc-lei-13105-capture-2026-09-28,Art. 509,aula-08-revelia.html,unused,"Art. 509: Art. 509. Quando a sentença condenar ao pagamento de quantia ilíquida, proceder-se-á à sua liquidação, a requerimento do credor ou do devedor:; o dispositivo não regula diretamente revelia ou reconvenção nesta aula."
cpc-lei-13105-capture-2026-09-28,Art. 510,aula-08-revelia.html,unused,"Art. 510: Art. 510. Na liquidação por arbitramento, o juiz intimará as partes para a apresentação de pareceres ou documentos elucidativos, no prazo que fixar,…; o dispositivo não regula diretamente revelia ou reconvenção nesta aula."
cpc-lei-13105-capture-2026-09-28,Art. 511,aula-08-revelia.html,unused,"Art. 511: Art. 511. Na liquidação pelo procedimento comum, o juiz determinará a intimação do requerido, na pessoa de seu advogado ou da sociedade de advogados…; o dispositivo não regula diretamente revelia ou reconvenção nesta aula."
cpc-lei-13105-capture-2026-09-28,Art. 513,aula-08-revelia.html,unused,"Art. 513: Art. 513. O cumprimento da sentença será feito segundo as regras deste Título, observando-se, no que couber e conforme a natureza da obrigação, o dis…; o dispositivo não regula diretamente revelia ou reconvenção nesta aula."
cpc-lei-13105-capture-2026-09-28,Art. 514,aula-08-revelia.html,unused,"Art. 514: Art. 514. Quando o juiz decidir relação jurídica sujeita a condição ou termo, o cumprimento da sentença dependerá de demonstração de que se realizou…; o dispositivo não regula diretamente revelia ou reconvenção nesta aula."
cpc-lei-13105-capture-2026-09-28,Art. 515,aula-08-revelia.html,unused,"Art. 515: Art. 515. São títulos executivos judiciais, cujo cumprimento dar-se-á de acordo com os artigos previstos neste Título:; o dispositivo não regula diretamente revelia ou reconvenção nesta aula."
cpc-lei-13105-capture-2026-09-28,Art. 516,aula-08-revelia.html,unused,Art. 516: Art. 516. O cumprimento da sentença efetuar-se-á perante:; o dispositivo não regula diretamente revelia ou reconvenção nesta aula.
cpc-lei-13105-capture-2026-09-28,Art. 517,aula-08-revelia.html,unused,"Art. 517: Art. 517. A decisão judicial transitada em julgado poderá ser levada a protesto, nos termos da lei, depois de transcorrido o prazo para pagamento vol…; o dispositivo não regula diretamente revelia ou reconvenção nesta aula."
cpc-lei-13105-capture-2026-09-28,Art. 518,aula-08-revelia.html,unused,Art. 518: Art. 518. Todas as questões relativas à validade do procedimento de cumprimento da sentença e dos atos executivos subsequentes poderão ser arguidas p…; o dispositivo não regula diretamente revelia ou reconvenção nesta aula.
cpc-lei-13105-capture-2026-09-28,Art. 519,aula-08-revelia.html,unused,"Art. 519: Art. 519. Aplicam-se as disposições relativas ao cumprimento da sentença, provisório ou definitivo, e à liquidação, no que couber, às decisões que co…; o dispositivo não regula diretamente revelia ou reconvenção nesta aula."
cpc-lei-13105-capture-2026-09-28,Art. 520,aula-08-revelia.html,unused,Art. 520: Art. 520. O cumprimento provisório da sentença impugnada por recurso desprovido de efeito suspensivo será realizado da mesma forma que o cumprimento…; o dispositivo não regula diretamente revelia ou reconvenção nesta aula.
cpc-lei-13105-capture-2026-09-28,Art. 521,aula-08-revelia.html,unused,Art. 521: Art. 521. A caução prevista no; o dispositivo não regula diretamente revelia ou reconvenção nesta aula.
cpc-lei-13105-capture-2026-09-28,Art. 522,aula-08-revelia.html,unused,Art. 522: Art. 522. O cumprimento provisório da sentença será requerido por petição dirigida ao juízo competente.; o dispositivo não regula diretamente revelia ou reconvenção nesta aula.
cpc-lei-13105-capture-2026-09-28,Art. 523,aula-08-revelia.html,unused,"Art. 523: Art. 523. No caso de condenação em quantia certa, ou já fixada em liquidação, e no caso de decisão sobre parcela incontroversa, o cumprimento definit…; o dispositivo não regula diretamente revelia ou reconvenção nesta aula."
cpc-lei-13105-capture-2026-09-28,Art. 524,aula-08-revelia.html,unused,Art. 524: Art. 524. O requerimento previsto no; o dispositivo não regula diretamente revelia ou reconvenção nesta aula.
cpc-lei-13105-capture-2026-09-28,Art. 525,aula-08-revelia.html,unused,"O art. 525 trata da impugnação ao cumprimento de sentença; a nulidade da citação em processo à revelia é defesa da execução, etapa posterior."
cpc-lei-13105-capture-2026-09-28,Art. 526,aula-08-revelia.html,unused,"Art. 526: Art. 526. É lícito ao réu, antes de ser intimado para o cumprimento da sentença, comparecer em juízo e oferecer em pagamento o valor que entender dev…; o dispositivo não regula diretamente revelia ou reconvenção nesta aula."
cpc-lei-13105-capture-2026-09-28,Art. 527,aula-08-revelia.html,unused,"Art. 527: Art. 527. Aplicam-se as disposições deste Capítulo ao cumprimento provisório da sentença, no que couber.; o dispositivo não regula diretamente revelia ou reconvenção nesta aula."
cpc-lei-13105-capture-2026-09-28,Art. 528,aula-08-revelia.html,unused,"Art. 528: Art. 528. No cumprimento de sentença que condene ao pagamento de prestação alimentícia ou de decisão interlocutória que fixe alimentos, o juiz, a req…; o dispositivo não regula diretamente revelia ou reconvenção nesta aula."
cpc-lei-13105-capture-2026-09-28,Art. 529,aula-08-revelia.html,unused,"Art. 529: Art. 529. Quando o executado for funcionário público, militar, diretor ou gerente de empresa ou empregado sujeito à legislação do trabalho, o exequen…; o dispositivo não regula diretamente revelia ou reconvenção nesta aula."
cpc-lei-13105-capture-2026-09-28,Art. 530,aula-08-revelia.html,unused,"Art. 530: Art. 530. Não cumprida a obrigação, observar-se-á o disposto nos; o dispositivo não regula diretamente revelia ou reconvenção nesta aula."
cpc-lei-13105-capture-2026-09-28,Art. 531,aula-08-revelia.html,unused,Art. 531: Art. 531. O disposto neste Capítulo aplica-se aos alimentos definitivos ou provisórios.; o dispositivo não regula diretamente revelia ou reconvenção nesta aula.
cpc-lei-13105-capture-2026-09-28,Art. 532,aula-08-revelia.html,unused,"Art. 532: Art. 532. Verificada a conduta procrastinatória do executado, o juiz deverá, se for o caso, dar ciência ao Ministério Público dos indícios da prática…; o dispositivo não regula diretamente revelia ou reconvenção nesta aula."
cpc-lei-13105-capture-2026-09-28,Art. 533,aula-08-revelia.html,unused,"Art. 533: Art. 533. Quando a indenização por ato ilícito incluir prestação de alimentos, caberá ao executado, a requerimento do exequente, constituir capital c…; o dispositivo não regula diretamente revelia ou reconvenção nesta aula."
cpc-lei-13105-capture-2026-09-28,Art. 534,aula-08-revelia.html,unused,"Art. 534: Art. 534. No cumprimento de sentença que impuser à Fazenda Pública o dever de pagar quantia certa, o exequente apresentará demonstrativo discriminado…; o dispositivo não regula diretamente revelia ou reconvenção nesta aula."
cpc-lei-13105-capture-2026-09-28,Art. 535,aula-08-revelia.html,unused,"O art. 535 disciplina impugnação ao cumprimento de sentença pela Fazenda Pública; a referência à revelia é defesa executiva, não o procedimento comum desta aula."
cpc-lei-13105-capture-2026-09-28,Art. 536,aula-08-revelia.html,unused,"Art. 536: Art. 536. No cumprimento de sentença que reconheça a exigibilidade de obrigação de fazer ou de não fazer, o juiz poderá, de ofício ou a requerimento,…; o dispositivo não regula diretamente revelia ou reconvenção nesta aula."
cpc-lei-13105-capture-2026-09-28,Art. 537,aula-08-revelia.html,unused,"Art. 537: Art. 537. A multa independe de requerimento da parte e poderá ser aplicada na fase de conhecimento, em tutela provisória ou na sentença, ou na fase d…; o dispositivo não regula diretamente revelia ou reconvenção nesta aula."
cpc-lei-13105-capture-2026-09-28,Art. 538,aula-08-revelia.html,unused,"Art. 538: Art. 538. Não cumprida a obrigação de entregar coisa no prazo estabelecido na sentença, será expedido mandado de busca e apreensão ou de imissão na p…; o dispositivo não regula diretamente revelia ou reconvenção nesta aula."
cpc-lei-13105-capture-2026-09-28,Art. 539,aula-08-revelia.html,unused,"Art. 539: Art. 539. Nos casos previstos em lei, poderá o devedor ou terceiro requerer, com efeito de pagamento, a consignação da quantia ou da coisa devida.; o dispositivo não regula diretamente revelia ou reconvenção nesta aula."
cpc-lei-13105-capture-2026-09-28,Art. 540,aula-08-revelia.html,unused,"Art. 540: Art. 540. Requerer-se-á a consignação no lugar do pagamento, cessando para o devedor, à data do depósito, os juros e os riscos, salvo se a demanda fo…; o dispositivo não regula diretamente revelia ou reconvenção nesta aula."
cpc-lei-13105-capture-2026-09-28,Art. 541,aula-08-revelia.html,unused,"Art. 541: Art. 541. Tratando-se de prestações sucessivas, consignada uma delas, pode o devedor continuar a depositar, no mesmo processo e sem mais formalidades…; o dispositivo não regula diretamente revelia ou reconvenção nesta aula."
cpc-lei-13105-capture-2026-09-28,Art. 542,aula-08-revelia.html,unused,"Art. 542: Art. 542. Na petição inicial, o autor requererá:; o dispositivo não regula diretamente revelia ou reconvenção nesta aula."
cpc-lei-13105-capture-2026-09-28,Art. 543,aula-08-revelia.html,unused,"Art. 543: Art. 543. Se o objeto da prestação for coisa indeterminada e a escolha couber ao credor, será este citado para exercer o direito dentro de 5 (cinco)…; o dispositivo não regula diretamente revelia ou reconvenção nesta aula."
cpc-lei-13105-capture-2026-09-28,Art. 544,aula-08-revelia.html,unused,"Art. 544: Art. 544. Na contestação, o réu poderá alegar que:; o dispositivo não regula diretamente revelia ou reconvenção nesta aula."
cpc-lei-13105-capture-2026-09-28,Art. 545,aula-08-revelia.html,unused,"Art. 545: Art. 545. Alegada a insuficiência do depósito, é lícito ao autor completá-lo, em 10 (dez) dias, salvo se corresponder a prestação cujo inadimplemento…; o dispositivo não regula diretamente revelia ou reconvenção nesta aula."
cpc-lei-13105-capture-2026-09-28,Art. 546,aula-08-revelia.html,unused,"Art. 546: Art. 546. Julgado procedente o pedido, o juiz declarará extinta a obrigação e condenará o réu ao pagamento de custas e honorários advocatícios.; o dispositivo não regula diretamente revelia ou reconvenção nesta aula."
cpc-lei-13105-capture-2026-09-28,Art. 547,aula-08-revelia.html,unused,"Art. 547: Art. 547. Se ocorrer dúvida sobre quem deva legitimamente receber o pagamento, o autor requererá o depósito e a citação dos possíveis titulares do cr…; o dispositivo não regula diretamente revelia ou reconvenção nesta aula."
cpc-lei-13105-capture-2026-09-28,Art. 548,aula-08-revelia.html,unused,Art. 548: Art. 548. No caso do; o dispositivo não regula diretamente revelia ou reconvenção nesta aula.
cpc-lei-13105-capture-2026-09-28,Art. 549,aula-08-revelia.html,unused,"Art. 549: Art. 549. Aplica-se o procedimento estabelecido neste Capítulo, no que couber, ao resgate do aforamento.; o dispositivo não regula diretamente revelia ou reconvenção nesta aula."
cpc-lei-13105-capture-2026-09-28,Art. 550,aula-08-revelia.html,unused,Art. 550: Art. 550. Aquele que afirmar ser titular do direito de exigir contas requererá a citação do réu para que as preste ou ofereça contestação no prazo de…; o dispositivo não regula diretamente revelia ou reconvenção nesta aula.
cpc-lei-13105-capture-2026-09-28,Art. 551,aula-08-revelia.html,unused,"Art. 551: Art. 551. As contas do réu serão apresentadas na forma adequada, especificando-se as receitas, a aplicação das despesas e os investimentos, se houver.; o dispositivo não regula diretamente revelia ou reconvenção nesta aula."
cpc-lei-13105-capture-2026-09-28,Art. 552,aula-08-revelia.html,unused,Art. 552: Art. 552. A sentença apurará o saldo e constituirá título executivo judicial.; o dispositivo não regula diretamente revelia ou reconvenção nesta aula.
cpc-lei-13105-capture-2026-09-28,Art. 553,aula-08-revelia.html,unused,"Art. 553: Art. 553. As contas do inventariante, do tutor, do curador, do depositário e de qualquer outro administrador serão prestadas em apenso aos autos do p…; o dispositivo não regula diretamente revelia ou reconvenção nesta aula."
cpc-lei-13105-capture-2026-09-28,Art. 554,aula-08-revelia.html,unused,Art. 554: Art. 554. A propositura de uma ação possessória em vez de outra não obstará a que o juiz conheça do pedido e outorgue a proteção legal correspondente…; o dispositivo não regula diretamente revelia ou reconvenção nesta aula.
cpc-lei-13105-capture-2026-09-28,Art. 555,aula-08-revelia.html,unused,Art. 555: Art. 555. É lícito ao autor cumular ao pedido possessório o de:; o dispositivo não regula diretamente revelia ou reconvenção nesta aula.
cpc-lei-13105-capture-2026-09-28,Art. 556,aula-08-revelia.html,unused,"Art. 556: Art. 556. É lícito ao réu, na contestação, alegando que foi o ofendido em sua posse, demandar a proteção possessória e a indenização pelos prejuízos…; o dispositivo não regula diretamente revelia ou reconvenção nesta aula."
cpc-lei-13105-capture-2026-09-28,Art. 557,aula-08-revelia.html,unused,"Art. 557: Art. 557. Na pendência de ação possessória é vedado, tanto ao autor quanto ao réu, propor ação de reconhecimento do domínio, exceto se a pretensão fo…; o dispositivo não regula diretamente revelia ou reconvenção nesta aula."
cpc-lei-13105-capture-2026-09-28,Art. 558,aula-08-revelia.html,unused,Art. 558: Art. 558. Regem o procedimento de manutenção e de reintegração de posse as normas da Seção II deste Capítulo quando a ação for proposta dentro de ano…; o dispositivo não regula diretamente revelia ou reconvenção nesta aula.
cpc-lei-13105-capture-2026-09-28,Art. 559,aula-08-revelia.html,unused,"Art. 559: Art. 559. Se o réu provar, em qualquer tempo, que o autor provisoriamente mantido ou reintegrado na posse carece de idoneidade financeira para, no ca…; o dispositivo não regula diretamente revelia ou reconvenção nesta aula."
cpc-lei-13105-capture-2026-09-28,Art. 560,aula-08-revelia.html,unused,Art. 560: Art. 560. O possuidor tem direito a ser mantido na posse em caso de turbação e reintegrado em caso de esbulho.; o dispositivo não regula diretamente revelia ou reconvenção nesta aula.
cpc-lei-13105-capture-2026-09-28,Art. 561,aula-08-revelia.html,unused,Art. 561: Art. 561. Incumbe ao autor provar:; o dispositivo não regula diretamente revelia ou reconvenção nesta aula.
cpc-lei-13105-capture-2026-09-28,Art. 562,aula-08-revelia.html,unused,"Art. 562: Art. 562. Estando a petição inicial devidamente instruída, o juiz deferirá, sem ouvir o réu, a expedição do mandado liminar de manutenção ou de reint…; o dispositivo não regula diretamente revelia ou reconvenção nesta aula."
cpc-lei-13105-capture-2026-09-28,Art. 563,aula-08-revelia.html,unused,"Art. 563: Art. 563. Considerada suficiente a justificação, o juiz fará logo expedir mandado de manutenção ou de reintegração.; o dispositivo não regula diretamente revelia ou reconvenção nesta aula."
cpc-lei-13105-capture-2026-09-28,Art. 565,aula-08-revelia.html,unused,"Art. 565: Art. 565. No litígio coletivo pela posse de imóvel, quando o esbulho ou a turbação afirmado na petição inicial houver ocorrido há mais de ano e dia,…; o dispositivo não regula diretamente revelia ou reconvenção nesta aula."
cpc-lei-13105-capture-2026-09-28,Art. 566,aula-08-revelia.html,unused,"Art. 566: Art. 566. Aplica-se, quanto ao mais, o procedimento comum.; o dispositivo não regula diretamente revelia ou reconvenção nesta aula."
cpc-lei-13105-capture-2026-09-28,Art. 567,aula-08-revelia.html,unused,Art. 567: Art. 567. O possuidor direto ou indireto que tenha justo receio de ser molestado na posse poderá requerer ao juiz que o segure da turbação ou esbulho…; o dispositivo não regula diretamente revelia ou reconvenção nesta aula.
cpc-lei-13105-capture-2026-09-28,Art. 568,aula-08-revelia.html,unused,Art. 568: Art. 568. Aplica-se ao interdito proibitório o disposto na Seção II deste Capítulo.; o dispositivo não regula diretamente revelia ou reconvenção nesta aula.
cpc-lei-13105-capture-2026-09-28,Art. 569,aula-08-revelia.html,unused,Art. 569: Art. 569. Cabe:; o dispositivo não regula diretamente revelia ou reconvenção nesta aula.
cpc-lei-13105-capture-2026-09-28,Art. 570,aula-08-revelia.html,unused,"Art. 570: Art. 570. É lícita a cumulação dessas ações, caso em que deverá processar-se primeiramente a demarcação total ou parcial da coisa comum, citando-se o…; o dispositivo não regula diretamente revelia ou reconvenção nesta aula."
cpc-lei-13105-capture-2026-09-28,Art. 571,aula-08-revelia.html,unused,"Art. 571: Art. 571. A demarcação e a divisão poderão ser realizadas por escritura pública, desde que maiores, capazes e concordes todos os interessados, observ…; o dispositivo não regula diretamente revelia ou reconvenção nesta aula."
cpc-lei-13105-capture-2026-09-28,Art. 572,aula-08-revelia.html,unused,"Art. 572: Art. 572. Fixados os marcos da linha de demarcação, os confinantes considerar-se-ão terceiros quanto ao processo divisório, ficando-lhes, porém, ress…; o dispositivo não regula diretamente revelia ou reconvenção nesta aula."
cpc-lei-13105-capture-2026-09-28,Art. 573,aula-08-revelia.html,unused,"Art. 573: Art. 573. Tratando-se de imóvel georreferenciado, com averbação no registro de imóveis, pode o juiz dispensar a realização de prova pericial.; o dispositivo não regula diretamente revelia ou reconvenção nesta aula."
cpc-lei-13105-capture-2026-09-28,Art. 574,aula-08-revelia.html,unused,"Art. 574: Art. 574. Na petição inicial, instruída com os títulos da propriedade, designar-se-á o imóvel pela situação e pela denominação, descrever-se-ão os li…; o dispositivo não regula diretamente revelia ou reconvenção nesta aula."
cpc-lei-13105-capture-2026-09-28,Art. 575,aula-08-revelia.html,unused,"Art. 575: Art. 575. Qualquer condômino é parte legítima para promover a demarcação do imóvel comum, requerendo a intimação dos demais para, querendo, intervir…; o dispositivo não regula diretamente revelia ou reconvenção nesta aula."
cpc-lei-13105-capture-2026-09-28,Art. 576,aula-08-revelia.html,unused,"Art. 576: Art. 576. A citação dos réus será feita por correio, observado o disposto no; o dispositivo não regula diretamente revelia ou reconvenção nesta aula."
cpc-lei-13105-capture-2026-09-28,Art. 577,aula-08-revelia.html,unused,"Art. 577: Art. 577. Feitas as citações, terão os réus o prazo comum de 15 (quinze) dias para contestar.; o dispositivo não regula diretamente revelia ou reconvenção nesta aula."
cpc-lei-13105-capture-2026-09-28,Art. 578,aula-08-revelia.html,unused,"Art. 578: Art. 578. Após o prazo de resposta do réu, observar-se-á o procedimento comum.; o dispositivo não regula diretamente revelia ou reconvenção nesta aula."
cpc-lei-13105-capture-2026-09-28,Art. 579,aula-08-revelia.html,unused,"Art. 579: Art. 579. Antes de proferir a sentença, o juiz nomeará um ou mais peritos para levantar o traçado da linha demarcanda.; o dispositivo não regula diretamente revelia ou reconvenção nesta aula."
cpc-lei-13105-capture-2026-09-28,Art. 580,aula-08-revelia.html,unused,"Art. 580: Art. 580. Concluídos os estudos, os peritos apresentarão minucioso laudo sobre o traçado da linha demarcanda, considerando os títulos, os marcos, os…; o dispositivo não regula diretamente revelia ou reconvenção nesta aula."
cpc-lei-13105-capture-2026-09-28,Art. 581,aula-08-revelia.html,unused,Art. 581: Art. 581. A sentença que julgar procedente o pedido determinará o traçado da linha demarcanda.; o dispositivo não regula diretamente revelia ou reconvenção nesta aula.
cpc-lei-13105-capture-2026-09-28,Art. 582,aula-08-revelia.html,unused,"Art. 582: Art. 582. Transitada em julgado a sentença, o perito efetuará a demarcação e colocará os marcos necessários.; o dispositivo não regula diretamente revelia ou reconvenção nesta aula."
cpc-lei-13105-capture-2026-09-28,Art. 583,aula-08-revelia.html,unused,"Art. 583: Art. 583. As plantas serão acompanhadas das cadernetas de operações de campo e do memorial descritivo, que conterá:; o dispositivo não regula diretamente revelia ou reconvenção nesta aula."
cpc-lei-13105-capture-2026-09-28,Art. 584,aula-08-revelia.html,unused,"Art. 584: Art. 584. É obrigatória a colocação de marcos tanto na estação inicial, dita marco primordial, quanto nos vértices dos ângulos, salvo se algum desses…; o dispositivo não regula diretamente revelia ou reconvenção nesta aula."
cpc-lei-13105-capture-2026-09-28,Art. 585,aula-08-revelia.html,unused,"Art. 585: Art. 585. A linha será percorrida pelos peritos, que examinarão os marcos e os rumos, consignando em relatório escrito a exatidão do memorial e da pl…; o dispositivo não regula diretamente revelia ou reconvenção nesta aula."
cpc-lei-13105-capture-2026-09-28,Art. 586,aula-08-revelia.html,unused,"Art. 586: Art. 586. Juntado aos autos o relatório dos peritos, o juiz determinará que as partes se manifestem sobre ele no prazo comum de 15 (quinze) dias.; o dispositivo não regula diretamente revelia ou reconvenção nesta aula."
cpc-lei-13105-capture-2026-09-28,Art. 587,aula-08-revelia.html,unused,"Art. 587: Art. 587. Assinado o auto pelo juiz e pelos peritos, será proferida a sentença homologatória da demarcação.; o dispositivo não regula diretamente revelia ou reconvenção nesta aula."
cpc-lei-13105-capture-2026-09-28,Art. 588,aula-08-revelia.html,unused,Art. 588: Art. 588. A petição inicial será instruída com os títulos de domínio do promovente e conterá:; o dispositivo não regula diretamente revelia ou reconvenção nesta aula.
cpc-lei-13105-capture-2026-09-28,Art. 589,aula-08-revelia.html,unused,Art. 589: Art. 589. Feitas as citações como preceitua o; o dispositivo não regula diretamente revelia ou reconvenção nesta aula.
cpc-lei-13105-capture-2026-09-28,Art. 590,aula-08-revelia.html,unused,"Art. 590: Art. 590. O juiz nomeará um ou mais peritos para promover a medição do imóvel e as operações de divisão, observada a legislação especial que dispõe s…; o dispositivo não regula diretamente revelia ou reconvenção nesta aula."
cpc-lei-13105-capture-2026-09-28,Art. 591,aula-08-revelia.html,unused,"Art. 591: Art. 591. Todos os condôminos serão intimados a apresentar, dentro de 10 (dez) dias, os seus títulos, se ainda não o tiverem feito, e a formular os s…; o dispositivo não regula diretamente revelia ou reconvenção nesta aula."
cpc-lei-13105-capture-2026-09-28,Art. 592,aula-08-revelia.html,unused,Art. 592: Art. 592. O juiz ouvirá as partes no prazo comum de 15 (quinze) dias.; o dispositivo não regula diretamente revelia ou reconvenção nesta aula.
cpc-lei-13105-capture-2026-09-28,Art. 593,aula-08-revelia.html,unused,"Art. 593: Art. 593. Se qualquer linha do perímetro atingir benfeitorias permanentes dos confinantes feitas há mais de 1 (um) ano, serão elas respeitadas, bem c…; o dispositivo não regula diretamente revelia ou reconvenção nesta aula."
cpc-lei-13105-capture-2026-09-28,Art. 594,aula-08-revelia.html,unused,Art. 594: Art. 594. Os confinantes do imóvel dividendo podem demandar a restituição dos terrenos que lhes tenham sido usurpados.; o dispositivo não regula diretamente revelia ou reconvenção nesta aula.
cpc-lei-13105-capture-2026-09-28,Art. 595,aula-08-revelia.html,unused,"Art. 595: Art. 595. Os peritos proporão, em laudo fundamentado, a forma da divisão, devendo consultar, quanto possível, a comodidade das partes, respeitar, par…; o dispositivo não regula diretamente revelia ou reconvenção nesta aula."
cpc-lei-13105-capture-2026-09-28,Art. 596,aula-08-revelia.html,unused,"Art. 596: Art. 596. Ouvidas as partes, no prazo comum de 15 (quinze) dias, sobre o cálculo e o plano da divisão, o juiz deliberará a partilha.; o dispositivo não regula diretamente revelia ou reconvenção nesta aula."
cpc-lei-13105-capture-2026-09-28,Art. 597,aula-08-revelia.html,unused,"Art. 597: Art. 597. Terminados os trabalhos e desenhados na planta os quinhões e as servidões aparentes, o perito organizará o memorial descritivo.; o dispositivo não regula diretamente revelia ou reconvenção nesta aula."
cpc-lei-13105-capture-2026-09-28,Art. 598,aula-08-revelia.html,unused,Art. 598: Art. 598. Aplica-se às divisões o disposto nos; o dispositivo não regula diretamente revelia ou reconvenção nesta aula.
cpc-lei-13105-capture-2026-09-28,Art. 599,aula-08-revelia.html,unused,Art. 599: Art. 599. A ação de dissolução parcial de sociedade pode ter por objeto:; o dispositivo não regula diretamente revelia ou reconvenção nesta aula.
cpc-lei-13105-capture-2026-09-28,Art. 600,aula-08-revelia.html,unused,Art. 600: Art. 600. A ação pode ser proposta:; o dispositivo não regula diretamente revelia ou reconvenção nesta aula.
cpc-lei-13105-capture-2026-09-28,Art. 601,aula-08-revelia.html,unused,"Art. 601: Art. 601. Os sócios e a sociedade serão citados para, no prazo de 15 (quinze) dias, concordar com o pedido ou apresentar contestação.; o dispositivo não regula diretamente revelia ou reconvenção nesta aula."
cpc-lei-13105-capture-2026-09-28,Art. 602,aula-08-revelia.html,unused,Art. 602: Art. 602. A sociedade poderá formular pedido de indenização compensável com o valor dos haveres a apurar.; o dispositivo não regula diretamente revelia ou reconvenção nesta aula.
cpc-lei-13105-capture-2026-09-28,Art. 603,aula-08-revelia.html,unused,"Art. 603: Art. 603. Havendo manifestação expressa e unânime pela concordância da dissolução, o juiz a decretará, passando-se imediatamente à fase de liquidação.; o dispositivo não regula diretamente revelia ou reconvenção nesta aula."
cpc-lei-13105-capture-2026-09-28,Art. 604,aula-08-revelia.html,unused,"Art. 604: Art. 604. Para apuração dos haveres, o juiz:; o dispositivo não regula diretamente revelia ou reconvenção nesta aula."
cpc-lei-13105-capture-2026-09-28,Art. 605,aula-08-revelia.html,unused,Art. 605: Art. 605. A data da resolução da sociedade será:; o dispositivo não regula diretamente revelia ou reconvenção nesta aula.
cpc-lei-13105-capture-2026-09-28,Art. 606,aula-08-revelia.html,unused,"Art. 606: Art. 606. Em caso de omissão do contrato social, o juiz definirá, como critério de apuração de haveres, o valor patrimonial apurado em balanço de det…; o dispositivo não regula diretamente revelia ou reconvenção nesta aula."
cpc-lei-13105-capture-2026-09-28,Art. 607,aula-08-revelia.html,unused,"Art. 607: Art. 607. A data da resolução e o critério de apuração de haveres podem ser revistos pelo juiz, a pedido da parte, a qualquer tempo antes do início d…; o dispositivo não regula diretamente revelia ou reconvenção nesta aula."
cpc-lei-13105-capture-2026-09-28,Art. 608,aula-08-revelia.html,unused,"Art. 608: Art. 608. Até a data da resolução, integram o valor devido ao ex-sócio, ao espólio ou aos sucessores a participação nos lucros ou os juros sobre o ca…; o dispositivo não regula diretamente revelia ou reconvenção nesta aula."
cpc-lei-13105-capture-2026-09-28,Art. 609,aula-08-revelia.html,unused,"Art. 609: Art. 609. Uma vez apurados, os haveres do sócio retirante serão pagos conforme disciplinar o contrato social e, no silêncio deste, nos termos do; o dispositivo não regula diretamente revelia ou reconvenção nesta aula."
cpc-lei-13105-capture-2026-09-28,Art. 610,aula-08-revelia.html,unused,"Art. 610: Art. 610. Havendo testamento ou interessado incapaz, proceder-se-á ao inventário judicial.; o dispositivo não regula diretamente revelia ou reconvenção nesta aula."
cpc-lei-13105-capture-2026-09-28,Art. 611,aula-08-revelia.html,unused,"Art. 611: Art. 611. O processo de inventário e de partilha deve ser instaurado dentro de 2 (dois) meses, a contar da abertura da sucessão, ultimando-se nos 12…; o dispositivo não regula diretamente revelia ou reconvenção nesta aula."
cpc-lei-13105-capture-2026-09-28,Art. 612,aula-08-revelia.html,unused,"Art. 612: Art. 612. O juiz decidirá todas as questões de direito desde que os fatos relevantes estejam provados por documento, só remetendo para as vias ordiná…; o dispositivo não regula diretamente revelia ou reconvenção nesta aula."
cpc-lei-13105-capture-2026-09-28,Art. 613,aula-08-revelia.html,unused,"Art. 613: Art. 613. Até que o inventariante preste o compromisso, continuará o espólio na posse do administrador provisório.; o dispositivo não regula diretamente revelia ou reconvenção nesta aula."
cpc-lei-13105-capture-2026-09-28,Art. 614,aula-08-revelia.html,unused,"Art. 614: Art. 614. O administrador provisório representa ativa e passivamente o espólio, é obrigado a trazer ao acervo os frutos que desde a abertura da suces…; o dispositivo não regula diretamente revelia ou reconvenção nesta aula."
cpc-lei-13105-capture-2026-09-28,Art. 615,aula-08-revelia.html,unused,"Art. 615: Art. 615. O requerimento de inventário e de partilha incumbe a quem estiver na posse e na administração do espólio, no prazo estabelecido no; o dispositivo não regula diretamente revelia ou reconvenção nesta aula."
cpc-lei-13105-capture-2026-09-28,Art. 616,aula-08-revelia.html,unused,"Art. 616: Art. 616. Têm, contudo, legitimidade concorrente:; o dispositivo não regula diretamente revelia ou reconvenção nesta aula."
cpc-lei-13105-capture-2026-09-28,Art. 617,aula-08-revelia.html,unused,Art. 617: Art. 617. O juiz nomeará inventariante na seguinte ordem:; o dispositivo não regula diretamente revelia ou reconvenção nesta aula.
cpc-lei-13105-capture-2026-09-28,Art. 618,aula-08-revelia.html,unused,Art. 618: Art. 618. Incumbe ao inventariante:; o dispositivo não regula diretamente revelia ou reconvenção nesta aula.
cpc-lei-13105-capture-2026-09-28,Art. 619,aula-08-revelia.html,unused,"Art. 619: Art. 619. Incumbe ainda ao inventariante, ouvidos os interessados e com autorização do juiz:; o dispositivo não regula diretamente revelia ou reconvenção nesta aula."
cpc-lei-13105-capture-2026-09-28,Art. 620,aula-08-revelia.html,unused,"Art. 620: Art. 620. Dentro de 20 (vinte) dias contados da data em que prestou o compromisso, o inventariante fará as primeiras declarações, das quais se lavrar…; o dispositivo não regula diretamente revelia ou reconvenção nesta aula."
cpc-lei-13105-capture-2026-09-28,Art. 621,aula-08-revelia.html,unused,"Art. 621: Art. 621. Só se pode arguir sonegação ao inventariante depois de encerrada a descrição dos bens, com a declaração, por ele feita, de não existirem ou…; o dispositivo não regula diretamente revelia ou reconvenção nesta aula."
cpc-lei-13105-capture-2026-09-28,Art. 622,aula-08-revelia.html,unused,Art. 622: Art. 622. O inventariante será removido de ofício ou a requerimento:; o dispositivo não regula diretamente revelia ou reconvenção nesta aula.
cpc-lei-13105-capture-2026-09-28,Art. 623,aula-08-revelia.html,unused,Art. 623: Art. 623. Requerida a remoção com fundamento em qualquer dos incisos do; o dispositivo não regula diretamente revelia ou reconvenção nesta aula.
cpc-lei-13105-capture-2026-09-28,Art. 624,aula-08-revelia.html,unused,"Art. 624: Art. 624. Decorrido o prazo, com a defesa do inventariante ou sem ela, o juiz decidirá.; o dispositivo não regula diretamente revelia ou reconvenção nesta aula."
cpc-lei-13105-capture-2026-09-28,Art. 625,aula-08-revelia.html,unused,"Art. 625: Art. 625. O inventariante removido entregará imediatamente ao substituto os bens do espólio e, caso deixe de fazê-lo, será compelido mediante mandado…; o dispositivo não regula diretamente revelia ou reconvenção nesta aula."
cpc-lei-13105-capture-2026-09-28,Art. 626,aula-08-revelia.html,unused,"Art. 626: Art. 626. Feitas as primeiras declarações, o juiz mandará citar, para os termos do inventário e da partilha, o cônjuge, o companheiro, os herdeiros e…; o dispositivo não regula diretamente revelia ou reconvenção nesta aula."
cpc-lei-13105-capture-2026-09-28,Art. 627,aula-08-revelia.html,unused,"Art. 627: Art. 627. Concluídas as citações, abrir-se-á vista às partes, em cartório e pelo prazo comum de 15 (quinze) dias, para que se manifestem sobre as pri…; o dispositivo não regula diretamente revelia ou reconvenção nesta aula."
cpc-lei-13105-capture-2026-09-28,Art. 628,aula-08-revelia.html,unused,"Art. 628: Art. 628. Aquele que se julgar preterido poderá demandar sua admissão no inventário, requerendo-a antes da partilha.; o dispositivo não regula diretamente revelia ou reconvenção nesta aula."
cpc-lei-13105-capture-2026-09-28,Art. 629,aula-08-revelia.html,unused,"Art. 629: Art. 629. A Fazenda Pública, no prazo de 15 (quinze) dias, após a vista de que trata o; o dispositivo não regula diretamente revelia ou reconvenção nesta aula."
cpc-lei-13105-capture-2026-09-28,Art. 630,aula-08-revelia.html,unused,Art. 630: Art. 630. Findo o prazo previsto no; o dispositivo não regula diretamente revelia ou reconvenção nesta aula.
cpc-lei-13105-capture-2026-09-28,Art. 632,aula-08-revelia.html,unused,Art. 632: Art. 632. Não se expedirá carta precatória para a avaliação de bens situados fora da comarca onde corre o inventário se eles forem de pequeno valor o…; o dispositivo não regula diretamente revelia ou reconvenção nesta aula.
cpc-lei-13105-capture-2026-09-28,Art. 633,aula-08-revelia.html,unused,"Art. 633: Art. 633. Sendo capazes todas as partes, não se procederá à avaliação se a Fazenda Pública, intimada pessoalmente, concordar de forma expressa com o…; o dispositivo não regula diretamente revelia ou reconvenção nesta aula."
cpc-lei-13105-capture-2026-09-28,Art. 634,aula-08-revelia.html,unused,"Art. 634: Art. 634. Se os herdeiros concordarem com o valor dos bens declarados pela Fazenda Pública, a avaliação cingir-se-á aos demais.; o dispositivo não regula diretamente revelia ou reconvenção nesta aula."
cpc-lei-13105-capture-2026-09-28,Art. 635,aula-08-revelia.html,unused,"Art. 635: Art. 635. Entregue o laudo de avaliação, o juiz mandará que as partes se manifestem no prazo de 15 (quinze) dias, que correrá em cartório.; o dispositivo não regula diretamente revelia ou reconvenção nesta aula."
cpc-lei-13105-capture-2026-09-28,Art. 636,aula-08-revelia.html,unused,"Art. 636: Art. 636. Aceito o laudo ou resolvidas as impugnações suscitadas a seu respeito, lavrar-se-á em seguida o termo de últimas declarações, no qual o inv…; o dispositivo não regula diretamente revelia ou reconvenção nesta aula."
cpc-lei-13105-capture-2026-09-28,Art. 637,aula-08-revelia.html,unused,"Art. 637: Art. 637. Ouvidas as partes sobre as últimas declarações no prazo comum de 15 (quinze) dias, proceder-se-á ao cálculo do tributo.; o dispositivo não regula diretamente revelia ou reconvenção nesta aula."
cpc-lei-13105-capture-2026-09-28,Art. 638,aula-08-revelia.html,unused,"Art. 638: Art. 638. Feito o cálculo, sobre ele serão ouvidas todas as partes no prazo comum de 5 (cinco) dias, que correrá em cartório, e, em seguida, a Fazend…; o dispositivo não regula diretamente revelia ou reconvenção nesta aula."
cpc-lei-13105-capture-2026-09-28,Art. 639,aula-08-revelia.html,unused,Art. 639: Art. 639. No prazo estabelecido no; o dispositivo não regula diretamente revelia ou reconvenção nesta aula.
cpc-lei-13105-capture-2026-09-28,Art. 640,aula-08-revelia.html,unused,"Art. 640: Art. 640. O herdeiro que renunciou à herança ou o que dela foi excluído não se exime, pelo fato da renúncia ou da exclusão, de conferir, para o efeit…; o dispositivo não regula diretamente revelia ou reconvenção nesta aula."
cpc-lei-13105-capture-2026-09-28,Art. 641,aula-08-revelia.html,unused,"Art. 641: Art. 641. Se o herdeiro negar o recebimento dos bens ou a obrigação de os conferir, o juiz, ouvidas as partes no prazo comum de 15 (quinze) dias, dec…; o dispositivo não regula diretamente revelia ou reconvenção nesta aula."
cpc-lei-13105-capture-2026-09-28,Art. 642,aula-08-revelia.html,unused,"Art. 642: Art. 642. Antes da partilha, poderão os credores do espólio requerer ao juízo do inventário o pagamento das dívidas vencidas e exigíveis.; o dispositivo não regula diretamente revelia ou reconvenção nesta aula."
cpc-lei-13105-capture-2026-09-28,Art. 643,aula-08-revelia.html,unused,"Art. 643: Art. 643. Não havendo concordância de todas as partes sobre o pedido de pagamento feito pelo credor, será o pedido remetido às vias ordinárias.; o dispositivo não regula diretamente revelia ou reconvenção nesta aula."
cpc-lei-13105-capture-2026-09-28,Art. 644,aula-08-revelia.html,unused,"Art. 644: Art. 644. O credor de dívida líquida e certa, ainda não vencida, pode requerer habilitação no inventário.; o dispositivo não regula diretamente revelia ou reconvenção nesta aula."
cpc-lei-13105-capture-2026-09-28,Art. 645,aula-08-revelia.html,unused,Art. 645: Art. 645. O legatário é parte legítima para manifestar-se sobre as dívidas do espólio:; o dispositivo não regula diretamente revelia ou reconvenção nesta aula.
cpc-lei-13105-capture-2026-09-28,Art. 646,aula-08-revelia.html,unused,Art. 646: Art. 646. Sem prejuízo do disposto no; o dispositivo não regula diretamente revelia ou reconvenção nesta aula.
cpc-lei-13105-capture-2026-09-28,Art. 647,aula-08-revelia.html,unused,Art. 647: Art. 647. Cumprido o disposto no; o dispositivo não regula diretamente revelia ou reconvenção nesta aula.
cpc-lei-13105-capture-2026-09-28,Art. 648,aula-08-revelia.html,unused,"Art. 648: Art. 648. Na partilha, serão observadas as seguintes regras:; o dispositivo não regula diretamente revelia ou reconvenção nesta aula."
cpc-lei-13105-capture-2026-09-28,Art. 649,aula-08-revelia.html,unused,Art. 649: Art. 649. Os bens insuscetíveis de divisão cômoda que não couberem na parte do cônjuge ou companheiro supérstite ou no quinhão de um só herdeiro serã…; o dispositivo não regula diretamente revelia ou reconvenção nesta aula.
cpc-lei-13105-capture-2026-09-28,Art. 650,aula-08-revelia.html,unused,"Art. 650: Art. 650. Se um dos interessados for nascituro, o quinhão que lhe caberá será reservado em poder do inventariante até o seu nascimento.; o dispositivo não regula diretamente revelia ou reconvenção nesta aula."
cpc-lei-13105-capture-2026-09-28,Art. 651,aula-08-revelia.html,unused,"Art. 651: Art. 651. O partidor organizará o esboço da partilha de acordo com a decisão judicial, observando nos pagamentos a seguinte ordem:; o dispositivo não regula diretamente revelia ou reconvenção nesta aula."
cpc-lei-13105-capture-2026-09-28,Art. 652,aula-08-revelia.html,unused,"Art. 652: Art. 652. Feito o esboço, as partes manifestar-se-ão sobre esse no prazo comum de 15 (quinze) dias, e, resolvidas as reclamações, a partilha será lan…; o dispositivo não regula diretamente revelia ou reconvenção nesta aula."
cpc-lei-13105-capture-2026-09-28,Art. 653,aula-08-revelia.html,unused,Art. 653: Art. 653. A partilha constará:; o dispositivo não regula diretamente revelia ou reconvenção nesta aula.
cpc-lei-13105-capture-2026-09-28,Art. 654,aula-08-revelia.html,unused,"Art. 654: Art. 654. Pago o imposto de transmissão a título de morte e juntada aos autos certidão ou informação negativa de dívida para com a Fazenda Pública, o…; o dispositivo não regula diretamente revelia ou reconvenção nesta aula."
cpc-lei-13105-capture-2026-09-28,Art. 655,aula-08-revelia.html,unused,Art. 655: Art. 655. Transitada em julgado a sentença mencionada no; o dispositivo não regula diretamente revelia ou reconvenção nesta aula.
cpc-lei-13105-capture-2026-09-28,Art. 656,aula-08-revelia.html,unused,"Art. 656: Art. 656. A partilha, mesmo depois de transitada em julgado a sentença, pode ser emendada nos mesmos autos do inventário, convindo todas as partes, q…; o dispositivo não regula diretamente revelia ou reconvenção nesta aula."
cpc-lei-13105-capture-2026-09-28,Art. 657,aula-08-revelia.html,unused,"Art. 657: Art. 657. A partilha amigável, lavrada em instrumento público, reduzida a termo nos autos do inventário ou constante de escrito particular homologado…; o dispositivo não regula diretamente revelia ou reconvenção nesta aula."
cpc-lei-13105-capture-2026-09-28,Art. 658,aula-08-revelia.html,unused,Art. 658: Art. 658. É rescindível a partilha julgada por sentença:; o dispositivo não regula diretamente revelia ou reconvenção nesta aula.
cpc-lei-13105-capture-2026-09-28,Art. 659,aula-08-revelia.html,unused,"Art. 659: Art. 659. A partilha amigável, celebrada entre partes capazes, nos termos da lei, será homologada de plano pelo juiz, com observância dos; o dispositivo não regula diretamente revelia ou reconvenção nesta aula."
cpc-lei-13105-capture-2026-09-28,Art. 660,aula-08-revelia.html,unused,"Art. 660: Art. 660. Na petição de inventário, que se processará na forma de arrolamento sumário, independentemente da lavratura de termos de qualquer espécie,…; o dispositivo não regula diretamente revelia ou reconvenção nesta aula."
cpc-lei-13105-capture-2026-09-28,Art. 661,aula-08-revelia.html,unused,Art. 661: Art. 661. Ressalvada a hipótese prevista no parágrafo único do; o dispositivo não regula diretamente revelia ou reconvenção nesta aula.
cpc-lei-13105-capture-2026-09-28,Art. 662,aula-08-revelia.html,unused,"Art. 662: Art. 662. No arrolamento, não serão conhecidas ou apreciadas questões relativas ao lançamento, ao pagamento ou à quitação de taxas judiciárias e de t…; o dispositivo não regula diretamente revelia ou reconvenção nesta aula."
cpc-lei-13105-capture-2026-09-28,Art. 663,aula-08-revelia.html,unused,"Art. 663: Art. 663. A existência de credores do espólio não impedirá a homologação da partilha ou da adjudicação, se forem reservados bens suficientes para o p…; o dispositivo não regula diretamente revelia ou reconvenção nesta aula."
cpc-lei-13105-capture-2026-09-28,Art. 664,aula-08-revelia.html,unused,"Art. 664: Art. 664. Quando o valor dos bens do espólio for igual ou inferior a 1.000 (mil) salários-mínimos, o inventário processar-se-á na forma de arrolament…; o dispositivo não regula diretamente revelia ou reconvenção nesta aula."
cpc-lei-13105-capture-2026-09-28,Art. 665,aula-08-revelia.html,unused,Art. 665: Art. 665. O inventário processar-se-á também na forma do; o dispositivo não regula diretamente revelia ou reconvenção nesta aula.
cpc-lei-13105-capture-2026-09-28,Art. 666,aula-08-revelia.html,unused,Art. 666: Art. 666. Independerá de inventário ou de arrolamento o pagamento dos valores previstos na; o dispositivo não regula diretamente revelia ou reconvenção nesta aula.
cpc-lei-13105-capture-2026-09-28,Art. 667,aula-08-revelia.html,unused,Art. 667: Art. 667. Aplicam-se subsidiariamente a esta Seção as disposições das Seções VII e VIII deste Capítulo.; o dispositivo não regula diretamente revelia ou reconvenção nesta aula.
cpc-lei-13105-capture-2026-09-28,Art. 668,aula-08-revelia.html,unused,Art. 668: Art. 668. Cessa a eficácia da tutela provisória prevista nas Seções deste Capítulo:; o dispositivo não regula diretamente revelia ou reconvenção nesta aula.
cpc-lei-13105-capture-2026-09-28,Art. 669,aula-08-revelia.html,unused,Art. 669: Art. 669. São sujeitos à sobrepartilha os bens:; o dispositivo não regula diretamente revelia ou reconvenção nesta aula.
cpc-lei-13105-capture-2026-09-28,Art. 670,aula-08-revelia.html,unused,"Art. 670: Art. 670. Na sobrepartilha dos bens, observar-se-á o processo de inventário e de partilha.; o dispositivo não regula diretamente revelia ou reconvenção nesta aula."
cpc-lei-13105-capture-2026-09-28,Art. 671,aula-08-revelia.html,unused,Art. 671: Art. 671. O juiz nomeará curador especial:; o dispositivo não regula diretamente revelia ou reconvenção nesta aula.
cpc-lei-13105-capture-2026-09-28,Art. 672,aula-08-revelia.html,unused,Art. 672: Art. 672. É lícita a cumulação de inventários para a partilha de heranças de pessoas diversas quando houver:; o dispositivo não regula diretamente revelia ou reconvenção nesta aula.
cpc-lei-13105-capture-2026-09-28,Art. 673,aula-08-revelia.html,unused,Art. 673: Art. 673. No caso previsto no; o dispositivo não regula diretamente revelia ou reconvenção nesta aula.
cpc-lei-13105-capture-2026-09-28,Art. 674,aula-08-revelia.html,unused,"Art. 674: Art. 674. Quem, não sendo parte no processo, sofrer constrição ou ameaça de constrição sobre bens que possua ou sobre os quais tenha direito incompat…; o dispositivo não regula diretamente revelia ou reconvenção nesta aula."
cpc-lei-13105-capture-2026-09-28,Art. 675,aula-08-revelia.html,unused,"Art. 675: Art. 675. Os embargos podem ser opostos a qualquer tempo no processo de conhecimento enquanto não transitada em julgado a sentença e, no cumprimento…; o dispositivo não regula diretamente revelia ou reconvenção nesta aula."
cpc-lei-13105-capture-2026-09-28,Art. 676,aula-08-revelia.html,unused,Art. 676: Art. 676. Os embargos serão distribuídos por dependência ao juízo que ordenou a constrição e autuados em apartado.; o dispositivo não regula diretamente revelia ou reconvenção nesta aula.
cpc-lei-13105-capture-2026-09-28,Art. 677,aula-08-revelia.html,unused,"Art. 677: Art. 677. Na petição inicial, o embargante fará a prova sumária de sua posse ou de seu domínio e da qualidade de terceiro, oferecendo documentos e ro…; o dispositivo não regula diretamente revelia ou reconvenção nesta aula."
cpc-lei-13105-capture-2026-09-28,Art. 678,aula-08-revelia.html,unused,Art. 678: Art. 678. A decisão que reconhecer suficientemente provado o domínio ou a posse determinará a suspensão das medidas constritivas sobre os bens litigi…; o dispositivo não regula diretamente revelia ou reconvenção nesta aula.
cpc-lei-13105-capture-2026-09-28,Art. 679,aula-08-revelia.html,unused,"Art. 679: Art. 679. Os embargos poderão ser contestados no prazo de 15 (quinze) dias, findo o qual se seguirá o procedimento comum.; o dispositivo não regula diretamente revelia ou reconvenção nesta aula."
cpc-lei-13105-capture-2026-09-28,Art. 681,aula-08-revelia.html,unused,"Art. 681: Art. 681. Acolhido o pedido inicial, o ato de constrição judicial indevida será cancelado, com o reconhecimento do domínio, da manutenção da posse ou…; o dispositivo não regula diretamente revelia ou reconvenção nesta aula."
cpc-lei-13105-capture-2026-09-28,Art. 682,aula-08-revelia.html,unused,"Art. 682: Art. 682. Quem pretender, no todo ou em parte, a coisa ou o direito sobre que controvertem autor e réu poderá, até ser proferida a sentença, oferecer…; o dispositivo não regula diretamente revelia ou reconvenção nesta aula."
cpc-lei-13105-capture-2026-09-28,Art. 683,aula-08-revelia.html,unused,Art. 683: Art. 683. O opoente deduzirá o pedido em observação aos requisitos exigidos para propositura da ação.; o dispositivo não regula diretamente revelia ou reconvenção nesta aula.
cpc-lei-13105-capture-2026-09-28,Art. 684,aula-08-revelia.html,unused,"Art. 684: Art. 684. Se um dos opostos reconhecer a procedência do pedido, contra o outro prosseguirá o opoente.; o dispositivo não regula diretamente revelia ou reconvenção nesta aula."
cpc-lei-13105-capture-2026-09-28,Art. 685,aula-08-revelia.html,unused,"Art. 685: Art. 685. Admitido o processamento, a oposição será apensada aos autos e tramitará simultaneamente à ação originária, sendo ambas julgadas pela mesma…; o dispositivo não regula diretamente revelia ou reconvenção nesta aula."
cpc-lei-13105-capture-2026-09-28,Art. 686,aula-08-revelia.html,unused,"Art. 686: Art. 686. Cabendo ao juiz decidir simultaneamente a ação originária e a oposição, desta conhecerá em primeiro lugar.; o dispositivo não regula diretamente revelia ou reconvenção nesta aula."
cpc-lei-13105-capture-2026-09-28,Art. 687,aula-08-revelia.html,unused,"Art. 687: Art. 687. A habilitação ocorre quando, por falecimento de qualquer das partes, os interessados houverem de suceder-lhe no processo.; o dispositivo não regula diretamente revelia ou reconvenção nesta aula."
cpc-lei-13105-capture-2026-09-28,Art. 688,aula-08-revelia.html,unused,Art. 688: Art. 688. A habilitação pode ser requerida:; o dispositivo não regula diretamente revelia ou reconvenção nesta aula.
cpc-lei-13105-capture-2026-09-28,Art. 689,aula-08-revelia.html,unused,"Art. 689: Art. 689. Proceder-se-á à habilitação nos autos do processo principal, na instância em que estiver, suspendendo-se, a partir de então, o processo.; o dispositivo não regula diretamente revelia ou reconvenção nesta aula."
cpc-lei-13105-capture-2026-09-28,Art. 690,aula-08-revelia.html,unused,"Art. 690: Art. 690. Recebida a petição, o juiz ordenará a citação dos requeridos para se pronunciarem no prazo de 5 (cinco) dias.; o dispositivo não regula diretamente revelia ou reconvenção nesta aula."
cpc-lei-13105-capture-2026-09-28,Art. 691,aula-08-revelia.html,unused,"Art. 691: Art. 691. O juiz decidirá o pedido de habilitação imediatamente, salvo se este for impugnado e houver necessidade de dilação probatória diversa da do…; o dispositivo não regula diretamente revelia ou reconvenção nesta aula."
cpc-lei-13105-capture-2026-09-28,Art. 692,aula-08-revelia.html,unused,"Art. 692: Art. 692. Transitada em julgado a sentença de habilitação, o processo principal retomará o seu curso, e cópia da sentença será juntada aos autos resp…; o dispositivo não regula diretamente revelia ou reconvenção nesta aula."
cpc-lei-13105-capture-2026-09-28,Art. 693,aula-08-revelia.html,unused,"Art. 693: Art. 693. As normas deste Capítulo aplicam-se aos processos contenciosos de divórcio, separação, reconhecimento e extinção de união estável, guarda,…; o dispositivo não regula diretamente revelia ou reconvenção nesta aula."
cpc-lei-13105-capture-2026-09-28,Art. 694,aula-08-revelia.html,unused,"Art. 694: Art. 694. Nas ações de família, todos os esforços serão empreendidos para a solução consensual da controvérsia, devendo o juiz dispor do auxílio de p…; o dispositivo não regula diretamente revelia ou reconvenção nesta aula."
cpc-lei-13105-capture-2026-09-28,Art. 695,aula-08-revelia.html,unused,"Art. 695: Art. 695. Recebida a petição inicial e, se for o caso, tomadas as providências referentes à tutela provisória, o juiz ordenará a citação do réu para…; o dispositivo não regula diretamente revelia ou reconvenção nesta aula."
cpc-lei-13105-capture-2026-09-28,Art. 696,aula-08-revelia.html,unused,"Art. 696: Art. 696. A audiência de mediação e conciliação poderá dividir-se em tantas sessões quantas sejam necessárias para viabilizar a solução consensual, s…; o dispositivo não regula diretamente revelia ou reconvenção nesta aula."
cpc-lei-13105-capture-2026-09-28,Art. 697,aula-08-revelia.html,unused,"Art. 697: Art. 697. Não realizado o acordo, passarão a incidir, a partir de então, as normas do procedimento comum, observado o; o dispositivo não regula diretamente revelia ou reconvenção nesta aula."
cpc-lei-13105-capture-2026-09-28,Art. 698,aula-08-revelia.html,unused,"Art. 698: Art. 698. Nas ações de família, o Ministério Público somente intervirá quando houver interesse de incapaz e deverá ser ouvido previamente à homologaç…; o dispositivo não regula diretamente revelia ou reconvenção nesta aula."
cpc-lei-13105-capture-2026-09-28,Art. 699,aula-08-revelia.html,unused,"Art. 699: Art. 699. Quando o processo envolver discussão sobre fato relacionado a abuso ou a alienação parental, o juiz, ao tomar o depoimento do incapaz, deve…; o dispositivo não regula diretamente revelia ou reconvenção nesta aula."
cpc-lei-13105-capture-2026-09-28,Art. 700,aula-08-revelia.html,unused,"Art. 700: Art. 700. A ação monitória pode ser proposta por aquele que afirmar, com base em prova escrita sem eficácia de título executivo, ter direito de exigi…; o dispositivo não regula diretamente revelia ou reconvenção nesta aula."
cpc-lei-13105-capture-2026-09-28,Art. 701,aula-08-revelia.html,unused,"Art. 701: Art. 701. Sendo evidente o direito do autor, o juiz deferirá a expedição de mandado de pagamento, de entrega de coisa ou para execução de obrigação d…; o dispositivo não regula diretamente revelia ou reconvenção nesta aula."
cpc-lei-13105-capture-2026-09-28,Art. 702,aula-08-revelia.html,unused,"O art. 702 disciplina embargos na ação monitória; a reconvenção aparece apenas como regra de procedimento especial, fora do procedimento comum estudado."
cpc-lei-13105-capture-2026-09-28,Art. 703,aula-08-revelia.html,unused,"Art. 703: Art. 703. Tomado o penhor legal nos casos previstos em lei, requererá o credor, ato contínuo, a homologação.; o dispositivo não regula diretamente revelia ou reconvenção nesta aula."
cpc-lei-13105-capture-2026-09-28,Art. 704,aula-08-revelia.html,unused,Art. 704: Art. 704. A defesa só pode consistir em:; o dispositivo não regula diretamente revelia ou reconvenção nesta aula.
cpc-lei-13105-capture-2026-09-28,Art. 705,aula-08-revelia.html,unused,"Art. 705: Art. 705. A partir da audiência preliminar, observar-se-á o procedimento comum.; o dispositivo não regula diretamente revelia ou reconvenção nesta aula."
cpc-lei-13105-capture-2026-09-28,Art. 706,aula-08-revelia.html,unused,"Art. 706: Art. 706. Homologado judicialmente o penhor legal, consolidar-se-á a posse do autor sobre o objeto.; o dispositivo não regula diretamente revelia ou reconvenção nesta aula."
cpc-lei-13105-capture-2026-09-28,Art. 707,aula-08-revelia.html,unused,"Art. 707: Art. 707. Quando inexistir consenso acerca da nomeação de um regulador de avarias, o juiz de direito da comarca do primeiro porto onde o navio houver…; o dispositivo não regula diretamente revelia ou reconvenção nesta aula."
cpc-lei-13105-capture-2026-09-28,Art. 708,aula-08-revelia.html,unused,Art. 708: Art. 708. O regulador declarará justificadamente se os danos são passíveis de rateio na forma de avaria grossa e exigirá das partes envolvidas a apre…; o dispositivo não regula diretamente revelia ou reconvenção nesta aula.
cpc-lei-13105-capture-2026-09-28,Art. 709,aula-08-revelia.html,unused,Art. 709: Art. 709. As partes deverão apresentar nos autos os documentos necessários à regulação da avaria grossa em prazo razoável a ser fixado pelo regulador.; o dispositivo não regula diretamente revelia ou reconvenção nesta aula.
cpc-lei-13105-capture-2026-09-28,Art. 710,aula-08-revelia.html,unused,"Art. 710: Art. 710. O regulador apresentará o regulamento da avaria grossa no prazo de até 12 (doze) meses, contado da data da entrega dos documentos nos autos…; o dispositivo não regula diretamente revelia ou reconvenção nesta aula."
cpc-lei-13105-capture-2026-09-28,Art. 711,aula-08-revelia.html,unused,Art. 711: Art. 711. Aplicam-se ao regulador de avarias os; o dispositivo não regula diretamente revelia ou reconvenção nesta aula.
cpc-lei-13105-capture-2026-09-28,Art. 712,aula-08-revelia.html,unused,"Art. 712: Art. 712. Verificado o desaparecimento dos autos, eletrônicos ou não, pode o juiz, de ofício, qualquer das partes ou o Ministério Público, se for o c…; o dispositivo não regula diretamente revelia ou reconvenção nesta aula."
cpc-lei-13105-capture-2026-09-28,Art. 713,aula-08-revelia.html,unused,"Art. 713: Art. 713. Na petição inicial, declarará a parte o estado do processo ao tempo do desaparecimento dos autos, oferecendo:; o dispositivo não regula diretamente revelia ou reconvenção nesta aula."
cpc-lei-13105-capture-2026-09-28,Art. 714,aula-08-revelia.html,unused,"Art. 714: Art. 714. A parte contrária será citada para contestar o pedido no prazo de 5 (cinco) dias, cabendo-lhe exibir as cópias, as contrafés e as reproduçõ…; o dispositivo não regula diretamente revelia ou reconvenção nesta aula."
cpc-lei-13105-capture-2026-09-28,Art. 715,aula-08-revelia.html,unused,"Art. 715: Art. 715. Se a perda dos autos tiver ocorrido depois da produção das provas em audiência, o juiz, se necessário, mandará repeti-las.; o dispositivo não regula diretamente revelia ou reconvenção nesta aula."
cpc-lei-13105-capture-2026-09-28,Art. 716,aula-08-revelia.html,unused,"Art. 716: Art. 716. Julgada a restauração, seguirá o processo os seus termos.; o dispositivo não regula diretamente revelia ou reconvenção nesta aula."
cpc-lei-13105-capture-2026-09-28,Art. 717,aula-08-revelia.html,unused,"Art. 717: Art. 717. Se o desaparecimento dos autos tiver ocorrido no tribunal, o processo de restauração será distribuído, sempre que possível, ao relator do p…; o dispositivo não regula diretamente revelia ou reconvenção nesta aula."
cpc-lei-13105-capture-2026-09-28,Art. 718,aula-08-revelia.html,unused,"Art. 718: Art. 718. Quem houver dado causa ao desaparecimento dos autos responderá pelas custas da restauração e pelos honorários de advogado, sem prejuízo da…; o dispositivo não regula diretamente revelia ou reconvenção nesta aula."
cpc-lei-13105-capture-2026-09-28,Art. 719,aula-08-revelia.html,unused,"Art. 719: Art. 719. Quando este Código não estabelecer procedimento especial, regem os procedimentos de jurisdição voluntária as disposições constantes desta S…; o dispositivo não regula diretamente revelia ou reconvenção nesta aula."
cpc-lei-13105-capture-2026-09-28,Art. 720,aula-08-revelia.html,unused,"Art. 720: Art. 720. O procedimento terá início por provocação do interessado, do Ministério Público ou da Defensoria Pública, cabendo-lhes formular o pedido de…; o dispositivo não regula diretamente revelia ou reconvenção nesta aula."
cpc-lei-13105-capture-2026-09-28,Art. 721,aula-08-revelia.html,unused,"Art. 721: Art. 721. Serão citados todos os interessados, bem como intimado o Ministério Público, nos casos do; o dispositivo não regula diretamente revelia ou reconvenção nesta aula."
cpc-lei-13105-capture-2026-09-28,Art. 722,aula-08-revelia.html,unused,Art. 722: Art. 722. A Fazenda Pública será sempre ouvida nos casos em que tiver interesse.; o dispositivo não regula diretamente revelia ou reconvenção nesta aula.
cpc-lei-13105-capture-2026-09-28,Art. 723,aula-08-revelia.html,unused,Art. 723: Art. 723. O juiz decidirá o pedido no prazo de 10 (dez) dias.; o dispositivo não regula diretamente revelia ou reconvenção nesta aula.
cpc-lei-13105-capture-2026-09-28,Art. 724,aula-08-revelia.html,unused,Art. 724: Art. 724. Da sentença caberá apelação.; o dispositivo não regula diretamente revelia ou reconvenção nesta aula.
cpc-lei-13105-capture-2026-09-28,Art. 725,aula-08-revelia.html,unused,Art. 725: Art. 725. Processar-se-á na forma estabelecida nesta Seção o pedido de:; o dispositivo não regula diretamente revelia ou reconvenção nesta aula.
cpc-lei-13105-capture-2026-09-28,Art. 726,aula-08-revelia.html,unused,Art. 726: Art. 726. Quem tiver interesse em manifestar formalmente sua vontade a outrem sobre assunto juridicamente relevante poderá notificar pessoas particip…; o dispositivo não regula diretamente revelia ou reconvenção nesta aula.
cpc-lei-13105-capture-2026-09-28,Art. 727,aula-08-revelia.html,unused,"Art. 727: Art. 727. Também poderá o interessado interpelar o requerido, no caso do; o dispositivo não regula diretamente revelia ou reconvenção nesta aula."
cpc-lei-13105-capture-2026-09-28,Art. 728,aula-08-revelia.html,unused,Art. 728: Art. 728. O requerido será previamente ouvido antes do deferimento da notificação ou do respectivo edital:; o dispositivo não regula diretamente revelia ou reconvenção nesta aula.
cpc-lei-13105-capture-2026-09-28,Art. 729,aula-08-revelia.html,unused,"Art. 729: Art. 729. Deferida e realizada a notificação ou interpelação, os autos serão entregues ao requerente.; o dispositivo não regula diretamente revelia ou reconvenção nesta aula."
cpc-lei-13105-capture-2026-09-28,Art. 730,aula-08-revelia.html,unused,"Art. 730: Art. 730. Nos casos expressos em lei, não havendo acordo entre os interessados sobre o modo como se deve realizar a alienação do bem, o juiz, de ofíc…; o dispositivo não regula diretamente revelia ou reconvenção nesta aula."
cpc-lei-13105-capture-2026-09-28,Art. 731,aula-08-revelia.html,unused,"Art. 731: Art. 731. A homologação do divórcio ou da separação consensuais, observados os requisitos legais, poderá ser requerida em petição assinada por ambos…; o dispositivo não regula diretamente revelia ou reconvenção nesta aula."
cpc-lei-13105-capture-2026-09-28,Art. 732,aula-08-revelia.html,unused,"Art. 732: Art. 732. As disposições relativas ao processo de homologação judicial de divórcio ou de separação consensuais aplicam-se, no que couber, ao processo…; o dispositivo não regula diretamente revelia ou reconvenção nesta aula."
cpc-lei-13105-capture-2026-09-28,Art. 733,aula-08-revelia.html,unused,"Art. 733: Art. 733. O divórcio consensual, a separação consensual e a extinção consensual de união estável, não havendo nascituro ou filhos incapazes e observa…; o dispositivo não regula diretamente revelia ou reconvenção nesta aula."
cpc-lei-13105-capture-2026-09-28,Art. 734,aula-08-revelia.html,unused,"Art. 734: Art. 734. A alteração do regime de bens do casamento, observados os requisitos legais, poderá ser requerida, motivadamente, em petição assinada por a…; o dispositivo não regula diretamente revelia ou reconvenção nesta aula."
cpc-lei-13105-capture-2026-09-28,Art. 735,aula-08-revelia.html,unused,"Art. 735: Art. 735. Recebendo testamento cerrado, o juiz, se não achar vício externo que o torne suspeito de nulidade ou falsidade, o abrirá e mandará que o es…; o dispositivo não regula diretamente revelia ou reconvenção nesta aula."
cpc-lei-13105-capture-2026-09-28,Art. 736,aula-08-revelia.html,unused,"Art. 736: Art. 736. Qualquer interessado, exibindo o traslado ou a certidão de testamento público, poderá requerer ao juiz que ordene o seu cumprimento, observ…; o dispositivo não regula diretamente revelia ou reconvenção nesta aula."
cpc-lei-13105-capture-2026-09-28,Art. 737,aula-08-revelia.html,unused,"Art. 737: Art. 737. A publicação do testamento particular poderá ser requerida, depois da morte do testador, pelo herdeiro, pelo legatário ou pelo testamenteir…; o dispositivo não regula diretamente revelia ou reconvenção nesta aula."
cpc-lei-13105-capture-2026-09-28,Art. 738,aula-08-revelia.html,unused,"Art. 738: Art. 738. Nos casos em que a lei considere jacente a herança, o juiz em cuja comarca tiver domicílio o falecido procederá imediatamente à arrecadação…; o dispositivo não regula diretamente revelia ou reconvenção nesta aula."
cpc-lei-13105-capture-2026-09-28,Art. 739,aula-08-revelia.html,unused,"Art. 739: Art. 739. A herança jacente ficará sob a guarda, a conservação e a administração de um curador até a respectiva entrega ao sucessor legalmente habili…; o dispositivo não regula diretamente revelia ou reconvenção nesta aula."
cpc-lei-13105-capture-2026-09-28,Art. 740,aula-08-revelia.html,unused,"Art. 740: Art. 740. O juiz ordenará que o oficial de justiça, acompanhado do escrivão ou do chefe de secretaria e do curador, arrole os bens e descreva-os em a…; o dispositivo não regula diretamente revelia ou reconvenção nesta aula."
cpc-lei-13105-capture-2026-09-28,Art. 741,aula-08-revelia.html,unused,"Art. 741: Art. 741. Ultimada a arrecadação, o juiz mandará expedir edital, que será publicado na rede mundial de computadores, no sítio do tribunal a que estiv…; o dispositivo não regula diretamente revelia ou reconvenção nesta aula."
cpc-lei-13105-capture-2026-09-28,Art. 742,aula-08-revelia.html,unused,Art. 742: Art. 742. O juiz poderá autorizar a alienação:; o dispositivo não regula diretamente revelia ou reconvenção nesta aula.
cpc-lei-13105-capture-2026-09-28,Art. 743,aula-08-revelia.html,unused,"Art. 743: Art. 743. Passado 1 (um) ano da primeira publicação do edital e não havendo herdeiro habilitado nem habilitação pendente, será a herança declarada va…; o dispositivo não regula diretamente revelia ou reconvenção nesta aula."
cpc-lei-13105-capture-2026-09-28,Art. 744,aula-08-revelia.html,unused,"Art. 744: Art. 744. Declarada a ausência nos casos previstos em lei, o juiz mandará arrecadar os bens do ausente e nomear-lhes-á curador na forma estabelecida…; o dispositivo não regula diretamente revelia ou reconvenção nesta aula."
cpc-lei-13105-capture-2026-09-28,Art. 745,aula-08-revelia.html,unused,"Art. 745: Art. 745. Feita a arrecadação, o juiz mandará publicar editais na rede mundial de computadores, no sítio do tribunal a que estiver vinculado e na pla…; o dispositivo não regula diretamente revelia ou reconvenção nesta aula."
cpc-lei-13105-capture-2026-09-28,Art. 746,aula-08-revelia.html,unused,"Art. 746: Art. 746. Recebendo do descobridor coisa alheia perdida, o juiz mandará lavrar o respectivo auto, do qual constará a descrição do bem e as declaraçõe…; o dispositivo não regula diretamente revelia ou reconvenção nesta aula."
cpc-lei-13105-capture-2026-09-28,Art. 747,aula-08-revelia.html,unused,Art. 747: Art. 747. A interdição pode ser promovida:; o dispositivo não regula diretamente revelia ou reconvenção nesta aula.
cpc-lei-13105-capture-2026-09-28,Art. 748,aula-08-revelia.html,unused,Art. 748: Art. 748. O Ministério Público só promoverá interdição em caso de doença mental grave:; o dispositivo não regula diretamente revelia ou reconvenção nesta aula.
cpc-lei-13105-capture-2026-09-28,Art. 749,aula-08-revelia.html,unused,"Art. 749: Art. 749. Incumbe ao autor, na petição inicial, especificar os fatos que demonstram a incapacidade do interditando para administrar seus bens e, se f…; o dispositivo não regula diretamente revelia ou reconvenção nesta aula."
cpc-lei-13105-capture-2026-09-28,Art. 750,aula-08-revelia.html,unused,Art. 750: Art. 750. O requerente deverá juntar laudo médico para fazer prova de suas alegações ou informar a impossibilidade de fazê-lo.; o dispositivo não regula diretamente revelia ou reconvenção nesta aula.
cpc-lei-13105-capture-2026-09-28,Art. 751,aula-08-revelia.html,unused,"Art. 751: Art. 751. O interditando será citado para, em dia designado, comparecer perante o juiz, que o entrevistará minuciosamente acerca de sua vida, negócio…; o dispositivo não regula diretamente revelia ou reconvenção nesta aula."
cpc-lei-13105-capture-2026-09-28,Art. 752,aula-08-revelia.html,unused,"Art. 752: Art. 752. Dentro do prazo de 15 (quinze) dias contado da entrevista, o interditando poderá impugnar o pedido.; o dispositivo não regula diretamente revelia ou reconvenção nesta aula."
cpc-lei-13105-capture-2026-09-28,Art. 753,aula-08-revelia.html,unused,Art. 753: Art. 753. Decorrido o prazo previsto no; o dispositivo não regula diretamente revelia ou reconvenção nesta aula.
cpc-lei-13105-capture-2026-09-28,Art. 754,aula-08-revelia.html,unused,"Art. 754: Art. 754. Apresentado o laudo, produzidas as demais provas e ouvidos os interessados, o juiz proferirá sentença.; o dispositivo não regula diretamente revelia ou reconvenção nesta aula."
cpc-lei-13105-capture-2026-09-28,Art. 755,aula-08-revelia.html,unused,"Art. 755: Art. 755. Na sentença que decretar a interdição, o juiz:; o dispositivo não regula diretamente revelia ou reconvenção nesta aula."
cpc-lei-13105-capture-2026-09-28,Art. 756,aula-08-revelia.html,unused,Art. 756: Art. 756. Levantar-se-á a curatela quando cessar a causa que a determinou.; o dispositivo não regula diretamente revelia ou reconvenção nesta aula.
cpc-lei-13105-capture-2026-09-28,Art. 757,aula-08-revelia.html,unused,Art. 757: Art. 757. A autoridade do curador estende-se à pessoa e aos bens do incapaz que se encontrar sob a guarda e a responsabilidade do curatelado ao tempo…; o dispositivo não regula diretamente revelia ou reconvenção nesta aula.
cpc-lei-13105-capture-2026-09-28,Art. 758,aula-08-revelia.html,unused,Art. 758: Art. 758. O curador deverá buscar tratamento e apoio apropriados à conquista da autonomia pelo interdito.; o dispositivo não regula diretamente revelia ou reconvenção nesta aula.
cpc-lei-13105-capture-2026-09-28,Art. 759,aula-08-revelia.html,unused,Art. 759: Art. 759. O tutor ou o curador será intimado a prestar compromisso no prazo de 5 (cinco) dias contado da:; o dispositivo não regula diretamente revelia ou reconvenção nesta aula.
cpc-lei-13105-capture-2026-09-28,Art. 760,aula-08-revelia.html,unused,Art. 760: Art. 760. O tutor ou o curador poderá eximir-se do encargo apresentando escusa ao juiz no prazo de 5 (cinco) dias contado:; o dispositivo não regula diretamente revelia ou reconvenção nesta aula.
cpc-lei-13105-capture-2026-09-28,Art. 761,aula-08-revelia.html,unused,"Art. 761: Art. 761. Incumbe ao Ministério Público ou a quem tenha legítimo interesse requerer, nos casos previstos em lei, a remoção do tutor ou do curador.; o dispositivo não regula diretamente revelia ou reconvenção nesta aula."
cpc-lei-13105-capture-2026-09-28,Art. 762,aula-08-revelia.html,unused,"Art. 762: Art. 762. Em caso de extrema gravidade, o juiz poderá suspender o tutor ou o curador do exercício de suas funções, nomeando substituto interino.; o dispositivo não regula diretamente revelia ou reconvenção nesta aula."
cpc-lei-13105-capture-2026-09-28,Art. 763,aula-08-revelia.html,unused,"Art. 763: Art. 763. Cessando as funções do tutor ou do curador pelo decurso do prazo em que era obrigado a servir, ser-lhe-á lícito requerer a exoneração do en…; o dispositivo não regula diretamente revelia ou reconvenção nesta aula."
cpc-lei-13105-capture-2026-09-28,Art. 764,aula-08-revelia.html,unused,"Art. 764: Art. 764. O juiz decidirá sobre a aprovação do estatuto das fundações e de suas alterações sempre que o requeira o interessado, quando:; o dispositivo não regula diretamente revelia ou reconvenção nesta aula."
cpc-lei-13105-capture-2026-09-28,Art. 765,aula-08-revelia.html,unused,Art. 765: Art. 765. Qualquer interessado ou o Ministério Público promoverá em juízo a extinção da fundação quando:; o dispositivo não regula diretamente revelia ou reconvenção nesta aula.
cpc-lei-13105-capture-2026-09-28,Art. 766,aula-08-revelia.html,unused,Art. 766: Art. 766. Todos os protestos e os processos testemunháveis formados a bordo e lançados no livro Diário da Navegação deverão ser apresentados pelo com…; o dispositivo não regula diretamente revelia ou reconvenção nesta aula.
cpc-lei-13105-capture-2026-09-28,Art. 767,aula-08-revelia.html,unused,Art. 767: Art. 767. A petição inicial conterá a transcrição dos termos lançados no livro Diário da Navegação e deverá ser instruída com cópias das páginas que…; o dispositivo não regula diretamente revelia ou reconvenção nesta aula.
cpc-lei-13105-capture-2026-09-28,Art. 768,aula-08-revelia.html,unused,"Art. 768: Art. 768. A petição inicial deverá ser distribuída com urgência e encaminhada ao juiz, que ouvirá, sob compromisso a ser prestado no mesmo dia, o com…; o dispositivo não regula diretamente revelia ou reconvenção nesta aula."
cpc-lei-13105-capture-2026-09-28,Art. 769,aula-08-revelia.html,unused,"Art. 769: Art. 769. Aberta a audiência, o juiz mandará apregoar os consignatários das cargas indicados na petição inicial e outros eventuais interessados, nome…; o dispositivo não regula diretamente revelia ou reconvenção nesta aula."
cpc-lei-13105-capture-2026-09-28,Art. 770,aula-08-revelia.html,unused,"Art. 770: Art. 770. Inquiridos o comandante e as testemunhas, o juiz, convencido da veracidade dos termos lançados no Diário da Navegação, em audiência, ratifi…; o dispositivo não regula diretamente revelia ou reconvenção nesta aula."
cpc-lei-13105-capture-2026-09-28,Art. 771,aula-08-revelia.html,unused,"Art. 771: Art. 771. Este Livro regula o procedimento da execução fundada em título extrajudicial, e suas disposições aplicam-se, também, no que couber, aos pro…; o dispositivo não regula diretamente revelia ou reconvenção nesta aula."
cpc-lei-13105-capture-2026-09-28,Art. 772,aula-08-revelia.html,unused,"Art. 772: Art. 772. O juiz pode, em qualquer momento do processo:; o dispositivo não regula diretamente revelia ou reconvenção nesta aula."
cpc-lei-13105-capture-2026-09-28,Art. 773,aula-08-revelia.html,unused,"Art. 773: Art. 773. O juiz poderá, de ofício ou a requerimento, determinar as medidas necessárias ao cumprimento da ordem de entrega de documentos e dados.; o dispositivo não regula diretamente revelia ou reconvenção nesta aula."
cpc-lei-13105-capture-2026-09-28,Art. 774,aula-08-revelia.html,unused,Art. 774: Art. 774. Considera-se atentatória à dignidade da justiça a conduta comissiva ou omissiva do executado que:; o dispositivo não regula diretamente revelia ou reconvenção nesta aula.
cpc-lei-13105-capture-2026-09-28,Art. 775,aula-08-revelia.html,unused,Art. 775: Art. 775. O exequente tem o direito de desistir de toda a execução ou de apenas alguma medida executiva.; o dispositivo não regula diretamente revelia ou reconvenção nesta aula.
cpc-lei-13105-capture-2026-09-28,Art. 776,aula-08-revelia.html,unused,"Art. 776: Art. 776. O exequente ressarcirá ao executado os danos que este sofreu, quando a sentença, transitada em julgado, declarar inexistente, no todo ou em…; o dispositivo não regula diretamente revelia ou reconvenção nesta aula."
cpc-lei-13105-capture-2026-09-28,Art. 777,aula-08-revelia.html,unused,Art. 777: Art. 777. A cobrança de multas ou de indenizações decorrentes de litigância de má-fé ou de prática de ato atentatório à dignidade da justiça será pro…; o dispositivo não regula diretamente revelia ou reconvenção nesta aula.
cpc-lei-13105-capture-2026-09-28,Art. 778,aula-08-revelia.html,unused,Art. 778: Art. 778. Pode promover a execução forçada o credor a quem a lei confere título executivo.; o dispositivo não regula diretamente revelia ou reconvenção nesta aula.
cpc-lei-13105-capture-2026-09-28,Art. 779,aula-08-revelia.html,unused,Art. 779: Art. 779. A execução pode ser promovida contra:; o dispositivo não regula diretamente revelia ou reconvenção nesta aula.
cpc-lei-13105-capture-2026-09-28,Art. 780,aula-08-revelia.html,unused,"Art. 780: Art. 780. O exequente pode cumular várias execuções, ainda que fundadas em títulos diferentes, quando o executado for o mesmo e desde que para todas…; o dispositivo não regula diretamente revelia ou reconvenção nesta aula."
cpc-lei-13105-capture-2026-09-28,Art. 781,aula-08-revelia.html,unused,"Art. 781: Art. 781. A execução fundada em título extrajudicial será processada perante o juízo competente, observando-se o seguinte:; o dispositivo não regula diretamente revelia ou reconvenção nesta aula."
cpc-lei-13105-capture-2026-09-28,Art. 782,aula-08-revelia.html,unused,"Art. 782: Art. 782. Não dispondo a lei de modo diverso, o juiz determinará os atos executivos, e o oficial de justiça os cumprirá.; o dispositivo não regula diretamente revelia ou reconvenção nesta aula."
cpc-lei-13105-capture-2026-09-28,Art. 783,aula-08-revelia.html,unused,"Art. 783: Art. 783. A execução para cobrança de crédito fundar-se-á sempre em título de obrigação certa, líquida e exigível.; o dispositivo não regula diretamente revelia ou reconvenção nesta aula."
cpc-lei-13105-capture-2026-09-28,Art. 784,aula-08-revelia.html,unused,Art. 784: Art. 784. São títulos executivos extrajudiciais:; o dispositivo não regula diretamente revelia ou reconvenção nesta aula.
cpc-lei-13105-capture-2026-09-28,Art. 785,aula-08-revelia.html,unused,"Art. 785: Art. 785. A existência de título executivo extrajudicial não impede a parte de optar pelo processo de conhecimento, a fim de obter título executivo j…; o dispositivo não regula diretamente revelia ou reconvenção nesta aula."
cpc-lei-13105-capture-2026-09-28,Art. 787,aula-08-revelia.html,unused,"Art. 787: Art. 787. Se o devedor não for obrigado a satisfazer sua prestação senão mediante a contraprestação do credor, este deverá provar que a adimpliu ao r…; o dispositivo não regula diretamente revelia ou reconvenção nesta aula."
cpc-lei-13105-capture-2026-09-28,Art. 788,aula-08-revelia.html,unused,"Art. 788: Art. 788. O credor não poderá iniciar a execução ou nela prosseguir se o devedor cumprir a obrigação, mas poderá recusar o recebimento da prestação s…; o dispositivo não regula diretamente revelia ou reconvenção nesta aula."
cpc-lei-13105-capture-2026-09-28,Art. 789,aula-08-revelia.html,unused,"Art. 789: Art. 789. O devedor responde com todos os seus bens presentes e futuros para o cumprimento de suas obrigações, salvo as restrições estabelecidas em l…; o dispositivo não regula diretamente revelia ou reconvenção nesta aula."
cpc-lei-13105-capture-2026-09-28,Art. 790,aula-08-revelia.html,unused,Art. 790: Art. 790. São sujeitos à execução os bens:; o dispositivo não regula diretamente revelia ou reconvenção nesta aula.
cpc-lei-13105-capture-2026-09-28,Art. 791,aula-08-revelia.html,unused,Art. 791: Art. 791. Se a execução tiver por objeto obrigação de que seja sujeito passivo o proprietário de terreno submetido ao regime do direito de superfície…; o dispositivo não regula diretamente revelia ou reconvenção nesta aula.
cpc-lei-13105-capture-2026-09-28,Art. 792,aula-08-revelia.html,unused,Art. 792: Art. 792. A alienação ou a oneração de bem é considerada fraude à execução:; o dispositivo não regula diretamente revelia ou reconvenção nesta aula.
cpc-lei-13105-capture-2026-09-28,Art. 793,aula-08-revelia.html,unused,"Art. 793: Art. 793. O exequente que estiver, por direito de retenção, na posse de coisa pertencente ao devedor não poderá promover a execução sobre outros bens…; o dispositivo não regula diretamente revelia ou reconvenção nesta aula."
cpc-lei-13105-capture-2026-09-28,Art. 794,aula-08-revelia.html,unused,"Art. 794: Art. 794. O fiador, quando executado, tem o direito de exigir que primeiro sejam executados os bens do devedor situados na mesma comarca, livres e de…; o dispositivo não regula diretamente revelia ou reconvenção nesta aula."
cpc-lei-13105-capture-2026-09-28,Art. 795,aula-08-revelia.html,unused,"Art. 795: Art. 795. Os bens particulares dos sócios não respondem pelas dívidas da sociedade, senão nos casos previstos em lei.; o dispositivo não regula diretamente revelia ou reconvenção nesta aula."
cpc-lei-13105-capture-2026-09-28,Art. 796,aula-08-revelia.html,unused,"Art. 796: Art. 796. O espólio responde pelas dívidas do falecido, mas, feita a partilha, cada herdeiro responde por elas dentro das forças da herança e na prop…; o dispositivo não regula diretamente revelia ou reconvenção nesta aula."
cpc-lei-13105-capture-2026-09-28,Art. 797,aula-08-revelia.html,unused,"Art. 797: Art. 797. Ressalvado o caso de insolvência do devedor, em que tem lugar o concurso universal, realiza-se a execução no interesse do exequente que adq…; o dispositivo não regula diretamente revelia ou reconvenção nesta aula."
cpc-lei-13105-capture-2026-09-28,Art. 798,aula-08-revelia.html,unused,"Art. 798: Art. 798. Ao propor a execução, incumbe ao exequente:; o dispositivo não regula diretamente revelia ou reconvenção nesta aula."
cpc-lei-13105-capture-2026-09-28,Art. 799,aula-08-revelia.html,unused,Art. 799: Art. 799. Incumbe ainda ao exequente:; o dispositivo não regula diretamente revelia ou reconvenção nesta aula.
cpc-lei-13105-capture-2026-09-28,Art. 800,aula-08-revelia.html,unused,"Art. 800: Art. 800. Nas obrigações alternativas, quando a escolha couber ao devedor, esse será citado para exercer a opção e realizar a prestação dentro de 10…; o dispositivo não regula diretamente revelia ou reconvenção nesta aula."
cpc-lei-13105-capture-2026-09-28,Art. 801,aula-08-revelia.html,unused,"Art. 801: Art. 801. Verificando que a petição inicial está incompleta ou que não está acompanhada dos documentos indispensáveis à propositura da execução, o ju…; o dispositivo não regula diretamente revelia ou reconvenção nesta aula."
cpc-lei-13105-capture-2026-09-28,Art. 802,aula-08-revelia.html,unused,"Art. 802: Art. 802. Na execução, o despacho que ordena a citação, desde que realizada em observância ao disposto no; o dispositivo não regula diretamente revelia ou reconvenção nesta aula."
cpc-lei-13105-capture-2026-09-28,Art. 803,aula-08-revelia.html,unused,Art. 803: Art. 803. É nula a execução se:; o dispositivo não regula diretamente revelia ou reconvenção nesta aula.
cpc-lei-13105-capture-2026-09-28,Art. 804,aula-08-revelia.html,unused,"Art. 804: Art. 804. A alienação de bem gravado por penhor, hipoteca ou anticrese será ineficaz em relação ao credor pignoratício, hipotecário ou anticrético nã…; o dispositivo não regula diretamente revelia ou reconvenção nesta aula."
cpc-lei-13105-capture-2026-09-28,Art. 805,aula-08-revelia.html,unused,"Art. 805: Art. 805. Quando por vários meios o exequente puder promover a execução, o juiz mandará que se faça pelo modo menos gravoso para o executado.; o dispositivo não regula diretamente revelia ou reconvenção nesta aula."
cpc-lei-13105-capture-2026-09-28,Art. 806,aula-08-revelia.html,unused,"Art. 806: Art. 806. O devedor de obrigação de entrega de coisa certa, constante de título executivo extrajudicial, será citado para, em 15 (quinze) dias, satis…; o dispositivo não regula diretamente revelia ou reconvenção nesta aula."
cpc-lei-13105-capture-2026-09-28,Art. 807,aula-08-revelia.html,unused,"Art. 807: Art. 807. Se o executado entregar a coisa, será lavrado o termo respectivo e considerada satisfeita a obrigação, prosseguindo-se a execução para o pa…; o dispositivo não regula diretamente revelia ou reconvenção nesta aula."
cpc-lei-13105-capture-2026-09-28,Art. 808,aula-08-revelia.html,unused,"Art. 808: Art. 808. Alienada a coisa quando já litigiosa, será expedido mandado contra o terceiro adquirente, que somente será ouvido após depositá-la.; o dispositivo não regula diretamente revelia ou reconvenção nesta aula."
cpc-lei-13105-capture-2026-09-28,Art. 809,aula-08-revelia.html,unused,"Art. 809: Art. 809. O exequente tem direito a receber, além de perdas e danos, o valor da coisa, quando essa se deteriorar, não lhe for entregue, não for encon…; o dispositivo não regula diretamente revelia ou reconvenção nesta aula."
cpc-lei-13105-capture-2026-09-28,Art. 810,aula-08-revelia.html,unused,"Art. 810: Art. 810. Havendo benfeitorias indenizáveis feitas na coisa pelo executado ou por terceiros de cujo poder ela houver sido tirada, a liquidação prévia…; o dispositivo não regula diretamente revelia ou reconvenção nesta aula."
cpc-lei-13105-capture-2026-09-28,Art. 811,aula-08-revelia.html,unused,"Art. 811: Art. 811. Quando a execução recair sobre coisa determinada pelo gênero e pela quantidade, o executado será citado para entregá-la individualizada, se…; o dispositivo não regula diretamente revelia ou reconvenção nesta aula."
cpc-lei-13105-capture-2026-09-28,Art. 812,aula-08-revelia.html,unused,"Art. 812: Art. 812. Qualquer das partes poderá, no prazo de 15 (quinze) dias, impugnar a escolha feita pela outra, e o juiz decidirá de plano ou, se necessário…; o dispositivo não regula diretamente revelia ou reconvenção nesta aula."
cpc-lei-13105-capture-2026-09-28,Art. 813,aula-08-revelia.html,unused,"Art. 813: Art. 813. Aplicar-se-ão à execução para entrega de coisa incerta, no que couber, as disposições da Seção I deste Capítulo.; o dispositivo não regula diretamente revelia ou reconvenção nesta aula."
cpc-lei-13105-capture-2026-09-28,Art. 814,aula-08-revelia.html,unused,"Art. 814: Art. 814. Na execução de obrigação de fazer ou de não fazer fundada em título extrajudicial, ao despachar a inicial, o juiz fixará multa por período…; o dispositivo não regula diretamente revelia ou reconvenção nesta aula."
cpc-lei-13105-capture-2026-09-28,Art. 815,aula-08-revelia.html,unused,"Art. 815: Art. 815. Quando o objeto da execução for obrigação de fazer, o executado será citado para satisfazê-la no prazo que o juiz lhe designar, se outro nã…; o dispositivo não regula diretamente revelia ou reconvenção nesta aula."
cpc-lei-13105-capture-2026-09-28,Art. 816,aula-08-revelia.html,unused,"Art. 816: Art. 816. Se o executado não satisfizer a obrigação no prazo designado, é lícito ao exequente, nos próprios autos do processo, requerer a satisfação…; o dispositivo não regula diretamente revelia ou reconvenção nesta aula."
cpc-lei-13105-capture-2026-09-28,Art. 817,aula-08-revelia.html,unused,"Art. 817: Art. 817. Se a obrigação puder ser satisfeita por terceiro, é lícito ao juiz autorizar, a requerimento do exequente, que aquele a satisfaça à custa d…; o dispositivo não regula diretamente revelia ou reconvenção nesta aula."
cpc-lei-13105-capture-2026-09-28,Art. 818,aula-08-revelia.html,unused,"Art. 818: Art. 818. Realizada a prestação, o juiz ouvirá as partes no prazo de 10 (dez) dias e, não havendo impugnação, considerará satisfeita a obrigação.; o dispositivo não regula diretamente revelia ou reconvenção nesta aula."
cpc-lei-13105-capture-2026-09-28,Art. 819,aula-08-revelia.html,unused,"Art. 819: Art. 819. Se o terceiro contratado não realizar a prestação no prazo ou se o fizer de modo incompleto ou defeituoso, poderá o exequente requerer ao j…; o dispositivo não regula diretamente revelia ou reconvenção nesta aula."
cpc-lei-13105-capture-2026-09-28,Art. 820,aula-08-revelia.html,unused,"Art. 820: Art. 820. Se o exequente quiser executar ou mandar executar, sob sua direção e vigilância, as obras e os trabalhos necessários à realização da presta…; o dispositivo não regula diretamente revelia ou reconvenção nesta aula."
cpc-lei-13105-capture-2026-09-28,Art. 821,aula-08-revelia.html,unused,"Art. 821: Art. 821. Na obrigação de fazer, quando se convencionar que o executado a satisfaça pessoalmente, o exequente poderá requerer ao juiz que lhe assine…; o dispositivo não regula diretamente revelia ou reconvenção nesta aula."
cpc-lei-13105-capture-2026-09-28,Art. 822,aula-08-revelia.html,unused,"Art. 822: Art. 822. Se o executado praticou ato a cuja abstenção estava obrigado por lei ou por contrato, o exequente requererá ao juiz que assine prazo ao exe…; o dispositivo não regula diretamente revelia ou reconvenção nesta aula."
cpc-lei-13105-capture-2026-09-28,Art. 823,aula-08-revelia.html,unused,"Art. 823: Art. 823. Havendo recusa ou mora do executado, o exequente requererá ao juiz que mande desfazer o ato à custa daquele, que responderá por perdas e da…; o dispositivo não regula diretamente revelia ou reconvenção nesta aula."
cpc-lei-13105-capture-2026-09-28,Art. 824,aula-08-revelia.html,unused,"Art. 824: Art. 824. A execução por quantia certa realiza-se pela expropriação de bens do executado, ressalvadas as execuções especiais.; o dispositivo não regula diretamente revelia ou reconvenção nesta aula."
cpc-lei-13105-capture-2026-09-28,Art. 825,aula-08-revelia.html,unused,Art. 825: Art. 825. A expropriação consiste em:; o dispositivo não regula diretamente revelia ou reconvenção nesta aula.
cpc-lei-13105-capture-2026-09-28,Art. 826,aula-08-revelia.html,unused,"Art. 826: Art. 826. Antes de adjudicados ou alienados os bens, o executado pode, a todo tempo, remir a execução, pagando ou consignando a importância atualizad…; o dispositivo não regula diretamente revelia ou reconvenção nesta aula."
cpc-lei-13105-capture-2026-09-28,Art. 827,aula-08-revelia.html,unused,"Art. 827: Art. 827. Ao despachar a inicial, o juiz fixará, de plano, os honorários advocatícios de dez por cento, a serem pagos pelo executado.; o dispositivo não regula diretamente revelia ou reconvenção nesta aula."
cpc-lei-13105-capture-2026-09-28,Art. 828,aula-08-revelia.html,unused,"Art. 828: Art. 828. O exequente poderá obter certidão de que a execução foi admitida pelo juiz, com identificação das partes e do valor da causa, para fins de…; o dispositivo não regula diretamente revelia ou reconvenção nesta aula."
cpc-lei-13105-capture-2026-09-28,Art. 829,aula-08-revelia.html,unused,"Art. 829: Art. 829. O executado será citado para pagar a dívida no prazo de 3 (três) dias, contado da citação.; o dispositivo não regula diretamente revelia ou reconvenção nesta aula."
cpc-lei-13105-capture-2026-09-28,Art. 830,aula-08-revelia.html,unused,"Art. 830: Art. 830. Se o oficial de justiça não encontrar o executado, arrestar-lhe-á tantos bens quantos bastem para garantir a execução.; o dispositivo não regula diretamente revelia ou reconvenção nesta aula."
cpc-lei-13105-capture-2026-09-28,Art. 831,aula-08-revelia.html,unused,"Art. 831: Art. 831. A penhora deverá recair sobre tantos bens quantos bastem para o pagamento do principal atualizado, dos juros, das custas e dos honorários a…; o dispositivo não regula diretamente revelia ou reconvenção nesta aula."
cpc-lei-13105-capture-2026-09-28,Art. 832,aula-08-revelia.html,unused,Art. 832: Art. 832. Não estão sujeitos à execução os bens que a lei considera impenhoráveis ou inalienáveis.; o dispositivo não regula diretamente revelia ou reconvenção nesta aula.
cpc-lei-13105-capture-2026-09-28,Art. 833,aula-08-revelia.html,unused,Art. 833: Art. 833. São impenhoráveis:; o dispositivo não regula diretamente revelia ou reconvenção nesta aula.
cpc-lei-13105-capture-2026-09-28,Art. 834,aula-08-revelia.html,unused,"Art. 834: Art. 834. Podem ser penhorados, à falta de outros bens, os frutos e os rendimentos dos bens inalienáveis.; o dispositivo não regula diretamente revelia ou reconvenção nesta aula."
cpc-lei-13105-capture-2026-09-28,Art. 835,aula-08-revelia.html,unused,"Art. 835: Art. 835. A penhora observará, preferencialmente, a seguinte ordem:; o dispositivo não regula diretamente revelia ou reconvenção nesta aula."
cpc-lei-13105-capture-2026-09-28,Art. 836,aula-08-revelia.html,unused,Art. 836: Art. 836. Não se levará a efeito a penhora quando ficar evidente que o produto da execução dos bens encontrados será totalmente absorvido pelo pagame…; o dispositivo não regula diretamente revelia ou reconvenção nesta aula.
cpc-lei-13105-capture-2026-09-28,Art. 837,aula-08-revelia.html,unused,"Art. 837: Art. 837. Obedecidas as normas de segurança instituídas sob critérios uniformes pelo Conselho Nacional de Justiça, a penhora de dinheiro e as averbaç…; o dispositivo não regula diretamente revelia ou reconvenção nesta aula."
cpc-lei-13105-capture-2026-09-28,Art. 838,aula-08-revelia.html,unused,"Art. 838: Art. 838. A penhora será realizada mediante auto ou termo, que conterá:; o dispositivo não regula diretamente revelia ou reconvenção nesta aula."
cpc-lei-13105-capture-2026-09-28,Art. 839,aula-08-revelia.html,unused,"Art. 839: Art. 839. Considerar-se-á feita a penhora mediante a apreensão e o depósito dos bens, lavrando-se um só auto se as diligências forem concluídas no me…; o dispositivo não regula diretamente revelia ou reconvenção nesta aula."
cpc-lei-13105-capture-2026-09-28,Art. 840,aula-08-revelia.html,unused,Art. 840: Art. 840. Serão preferencialmente depositados:; o dispositivo não regula diretamente revelia ou reconvenção nesta aula.
cpc-lei-13105-capture-2026-09-28,Art. 841,aula-08-revelia.html,unused,"Art. 841: Art. 841. Formalizada a penhora por qualquer dos meios legais, dela será imediatamente intimado o executado.; o dispositivo não regula diretamente revelia ou reconvenção nesta aula."
cpc-lei-13105-capture-2026-09-28,Art. 842,aula-08-revelia.html,unused,"Art. 842: Art. 842. Recaindo a penhora sobre bem imóvel ou direito real sobre imóvel, será intimado também o cônjuge do executado, salvo se forem casados em re…; o dispositivo não regula diretamente revelia ou reconvenção nesta aula."
cpc-lei-13105-capture-2026-09-28,Art. 843,aula-08-revelia.html,unused,"Art. 843: Art. 843. Tratando-se de penhora de bem indivisível, o equivalente à quota-parte do coproprietário ou do cônjuge alheio à execução recairá sobre o pr…; o dispositivo não regula diretamente revelia ou reconvenção nesta aula."
cpc-lei-13105-capture-2026-09-28,Art. 844,aula-08-revelia.html,unused,"Art. 844: Art. 844. Para presunção absoluta de conhecimento por terceiros, cabe ao exequente providenciar a averbação do arresto ou da penhora no registro comp…; o dispositivo não regula diretamente revelia ou reconvenção nesta aula."
cpc-lei-13105-capture-2026-09-28,Art. 845,aula-08-revelia.html,unused,"Art. 845: Art. 845. Efetuar-se-á a penhora onde se encontrem os bens, ainda que sob a posse, a detenção ou a guarda de terceiros.; o dispositivo não regula diretamente revelia ou reconvenção nesta aula."
cpc-lei-13105-capture-2026-09-28,Art. 846,aula-08-revelia.html,unused,"Art. 846: Art. 846. Se o executado fechar as portas da casa a fim de obstar a penhora dos bens, o oficial de justiça comunicará o fato ao juiz, solicitando-lhe…; o dispositivo não regula diretamente revelia ou reconvenção nesta aula."
cpc-lei-13105-capture-2026-09-28,Art. 847,aula-08-revelia.html,unused,"Art. 847: Art. 847. O executado pode, no prazo de 10 (dez) dias contado da intimação da penhora, requerer a substituição do bem penhorado, desde que comprove q…; o dispositivo não regula diretamente revelia ou reconvenção nesta aula."
cpc-lei-13105-capture-2026-09-28,Art. 848,aula-08-revelia.html,unused,Art. 848: Art. 848. As partes poderão requerer a substituição da penhora se:; o dispositivo não regula diretamente revelia ou reconvenção nesta aula.
cpc-lei-13105-capture-2026-09-28,Art. 849,aula-08-revelia.html,unused,"Art. 849: Art. 849. Sempre que ocorrer a substituição dos bens inicialmente penhorados, será lavrado novo termo.; o dispositivo não regula diretamente revelia ou reconvenção nesta aula."
cpc-lei-13105-capture-2026-09-28,Art. 851,aula-08-revelia.html,unused,"Art. 851: Art. 851. Não se procede à segunda penhora, salvo se:; o dispositivo não regula diretamente revelia ou reconvenção nesta aula."
cpc-lei-13105-capture-2026-09-28,Art. 852,aula-08-revelia.html,unused,Art. 852: Art. 852. O juiz determinará a alienação antecipada dos bens penhorados quando:; o dispositivo não regula diretamente revelia ou reconvenção nesta aula.
cpc-lei-13105-capture-2026-09-28,Art. 853,aula-08-revelia.html,unused,"Art. 853: Art. 853. Quando uma das partes requerer alguma das medidas previstas nesta Subseção, o juiz ouvirá sempre a outra, no prazo de 3 (três) dias, antes…; o dispositivo não regula diretamente revelia ou reconvenção nesta aula."
cpc-lei-13105-capture-2026-09-28,Art. 854,aula-08-revelia.html,unused,"Art. 854: Art. 854. Para possibilitar a penhora de dinheiro em depósito ou em aplicação financeira, o juiz, a requerimento do exequente, sem dar ciência prévia…; o dispositivo não regula diretamente revelia ou reconvenção nesta aula."
cpc-lei-13105-capture-2026-09-28,Art. 855,aula-08-revelia.html,unused,"Art. 855: Art. 855. Quando recair em crédito do executado, enquanto não ocorrer a hipótese prevista no; o dispositivo não regula diretamente revelia ou reconvenção nesta aula."
cpc-lei-13105-capture-2026-09-28,Art. 856,aula-08-revelia.html,unused,"Art. 856: Art. 856. A penhora de crédito representado por letra de câmbio, nota promissória, duplicata, cheque ou outros títulos far-se-á pela apreensão do doc…; o dispositivo não regula diretamente revelia ou reconvenção nesta aula."
cpc-lei-13105-capture-2026-09-28,Art. 857,aula-08-revelia.html,unused,"Art. 857: Art. 857. Feita a penhora em direito e ação do executado, e não tendo ele oferecido embargos ou sendo estes rejeitados, o exequente ficará sub-rogado…; o dispositivo não regula diretamente revelia ou reconvenção nesta aula."
cpc-lei-13105-capture-2026-09-28,Art. 858,aula-08-revelia.html,unused,"Art. 858: Art. 858. Quando a penhora recair sobre dívidas de dinheiro a juros, de direito a rendas ou de prestações periódicas, o exequente poderá levantar os…; o dispositivo não regula diretamente revelia ou reconvenção nesta aula."
cpc-lei-13105-capture-2026-09-28,Art. 859,aula-08-revelia.html,unused,"Art. 859: Art. 859. Recaindo a penhora sobre direito a prestação ou a restituição de coisa determinada, o executado será intimado para, no vencimento, depositá…; o dispositivo não regula diretamente revelia ou reconvenção nesta aula."
cpc-lei-13105-capture-2026-09-28,Art. 860,aula-08-revelia.html,unused,"Art. 860: Art. 860. Quando o direito estiver sendo pleiteado em juízo, a penhora que recair sobre ele será averbada, com destaque, nos autos pertinentes ao dir…; o dispositivo não regula diretamente revelia ou reconvenção nesta aula."
cpc-lei-13105-capture-2026-09-28,Art. 861,aula-08-revelia.html,unused,"Art. 861: Art. 861. Penhoradas as quotas ou as ações de sócio em sociedade simples ou empresária, o juiz assinará prazo razoável, não superior a 3 (três) meses…; o dispositivo não regula diretamente revelia ou reconvenção nesta aula."
cpc-lei-13105-capture-2026-09-28,Art. 862,aula-08-revelia.html,unused,"Art. 862: Art. 862. Quando a penhora recair em estabelecimento comercial, industrial ou agrícola, bem como em semoventes, plantações ou edifícios em construção…; o dispositivo não regula diretamente revelia ou reconvenção nesta aula."
cpc-lei-13105-capture-2026-09-28,Art. 864,aula-08-revelia.html,unused,"Art. 864: Art. 864. A penhora de navio ou de aeronave não obsta que continuem navegando ou operando até a alienação, mas o juiz, ao conceder a autorização para…; o dispositivo não regula diretamente revelia ou reconvenção nesta aula."
cpc-lei-13105-capture-2026-09-28,Art. 866,aula-08-revelia.html,unused,"Art. 866: Art. 866. Se o executado não tiver outros bens penhoráveis ou se, tendo-os, esses forem de difícil alienação ou insuficientes para saldar o crédito e…; o dispositivo não regula diretamente revelia ou reconvenção nesta aula."
cpc-lei-13105-capture-2026-09-28,Art. 867,aula-08-revelia.html,unused,Art. 867: Art. 867. O juiz pode ordenar a penhora de frutos e rendimentos de coisa móvel ou imóvel quando a considerar mais eficiente para o recebimento do cré…; o dispositivo não regula diretamente revelia ou reconvenção nesta aula.
cpc-lei-13105-capture-2026-09-28,Art. 868,aula-08-revelia.html,unused,"Art. 868: Art. 868. Ordenada a penhora de frutos e rendimentos, o juiz nomeará administrador-depositário, que será investido de todos os poderes que concernem…; o dispositivo não regula diretamente revelia ou reconvenção nesta aula."
cpc-lei-13105-capture-2026-09-28,Art. 869,aula-08-revelia.html,unused,"Art. 869: Art. 869. O juiz poderá nomear administrador-depositário o exequente ou o executado, ouvida a parte contrária, e, não havendo acordo, nomeará profiss…; o dispositivo não regula diretamente revelia ou reconvenção nesta aula."
cpc-lei-13105-capture-2026-09-28,Art. 870,aula-08-revelia.html,unused,Art. 870: Art. 870. A avaliação será feita pelo oficial de justiça.; o dispositivo não regula diretamente revelia ou reconvenção nesta aula.
cpc-lei-13105-capture-2026-09-28,Art. 871,aula-08-revelia.html,unused,Art. 871: Art. 871. Não se procederá à avaliação quando:; o dispositivo não regula diretamente revelia ou reconvenção nesta aula.
cpc-lei-13105-capture-2026-09-28,Art. 872,aula-08-revelia.html,unused,"Art. 872: Art. 872. A avaliação realizada pelo oficial de justiça constará de vistoria e de laudo anexados ao auto de penhora ou, em caso de perícia realizada…; o dispositivo não regula diretamente revelia ou reconvenção nesta aula."
cpc-lei-13105-capture-2026-09-28,Art. 873,aula-08-revelia.html,unused,Art. 873: Art. 873. É admitida nova avaliação quando:; o dispositivo não regula diretamente revelia ou reconvenção nesta aula.
cpc-lei-13105-capture-2026-09-28,Art. 874,aula-08-revelia.html,unused,"Art. 874: Art. 874. Após a avaliação, o juiz poderá, a requerimento do interessado e ouvida a parte contrária, mandar:; o dispositivo não regula diretamente revelia ou reconvenção nesta aula."
cpc-lei-13105-capture-2026-09-28,Art. 875,aula-08-revelia.html,unused,"Art. 875: Art. 875. Realizadas a penhora e a avaliação, o juiz dará início aos atos de expropriação do bem.; o dispositivo não regula diretamente revelia ou reconvenção nesta aula."
cpc-lei-13105-capture-2026-09-28,Art. 876,aula-08-revelia.html,unused,"Art. 876: Art. 876. É lícito ao exequente, oferecendo preço não inferior ao da avaliação, requerer que lhe sejam adjudicados os bens penhorados.; o dispositivo não regula diretamente revelia ou reconvenção nesta aula."
cpc-lei-13105-capture-2026-09-28,Art. 877,aula-08-revelia.html,unused,"Art. 877: Art. 877. Transcorrido o prazo de 5 (cinco) dias, contado da última intimação, e decididas eventuais questões, o juiz ordenará a lavratura do auto de…; o dispositivo não regula diretamente revelia ou reconvenção nesta aula."
cpc-lei-13105-capture-2026-09-28,Art. 878,aula-08-revelia.html,unused,"Art. 878: Art. 878. Frustradas as tentativas de alienação do bem, será reaberta oportunidade para requerimento de adjudicação, caso em que também se poderá ple…; o dispositivo não regula diretamente revelia ou reconvenção nesta aula."
cpc-lei-13105-capture-2026-09-28,Art. 879,aula-08-revelia.html,unused,Art. 879: Art. 879. A alienação far-se-á:; o dispositivo não regula diretamente revelia ou reconvenção nesta aula.
cpc-lei-13105-capture-2026-09-28,Art. 880,aula-08-revelia.html,unused,"Art. 880: Art. 880. Não efetivada a adjudicação, o exequente poderá requerer a alienação por sua própria iniciativa ou por intermédio de corretor ou leiloeiro…; o dispositivo não regula diretamente revelia ou reconvenção nesta aula."
cpc-lei-13105-capture-2026-09-28,Art. 881,aula-08-revelia.html,unused,Art. 881: Art. 881. A alienação far-se-á em leilão judicial se não efetivada a adjudicação ou a alienação por iniciativa particular.; o dispositivo não regula diretamente revelia ou reconvenção nesta aula.
cpc-lei-13105-capture-2026-09-28,Art. 882,aula-08-revelia.html,unused,"Art. 882: Art. 882. Não sendo possível a sua realização por meio eletrônico, o leilão será presencial.; o dispositivo não regula diretamente revelia ou reconvenção nesta aula."
cpc-lei-13105-capture-2026-09-28,Art. 883,aula-08-revelia.html,unused,"Art. 883: Art. 883. Caberá ao juiz a designação do leiloeiro público, que poderá ser indicado pelo exequente.; o dispositivo não regula diretamente revelia ou reconvenção nesta aula."
cpc-lei-13105-capture-2026-09-28,Art. 884,aula-08-revelia.html,unused,Art. 884: Art. 884. Incumbe ao leiloeiro público:; o dispositivo não regula diretamente revelia ou reconvenção nesta aula.
cpc-lei-13105-capture-2026-09-28,Art. 885,aula-08-revelia.html,unused,"Art. 885: Art. 885. O juiz da execução estabelecerá o preço mínimo, as condições de pagamento e as garantias que poderão ser prestadas pelo arrematante.; o dispositivo não regula diretamente revelia ou reconvenção nesta aula."
cpc-lei-13105-capture-2026-09-28,Art. 886,aula-08-revelia.html,unused,"Art. 886: Art. 886. O leilão será precedido de publicação de edital, que conterá:; o dispositivo não regula diretamente revelia ou reconvenção nesta aula."
cpc-lei-13105-capture-2026-09-28,Art. 887,aula-08-revelia.html,unused,Art. 887: Art. 887. O leiloeiro público designado adotará providências para a ampla divulgação da alienação.; o dispositivo não regula diretamente revelia ou reconvenção nesta aula.
cpc-lei-13105-capture-2026-09-28,Art. 888,aula-08-revelia.html,unused,"Art. 888: Art. 888. Não se realizando o leilão por qualquer motivo, o juiz mandará publicar a transferência, observando-se o disposto no; o dispositivo não regula diretamente revelia ou reconvenção nesta aula."
cpc-lei-13105-capture-2026-09-28,Art. 889,aula-08-revelia.html,unused,"Art. 889: Art. 889. Serão cientificados da alienação judicial, com pelo menos 5 (cinco) dias de antecedência:; o dispositivo não regula diretamente revelia ou reconvenção nesta aula."
cpc-lei-13105-capture-2026-09-28,Art. 890,aula-08-revelia.html,unused,"Art. 890: Art. 890. Pode oferecer lance quem estiver na livre administração de seus bens, com exceção:; o dispositivo não regula diretamente revelia ou reconvenção nesta aula."
cpc-lei-13105-capture-2026-09-28,Art. 891,aula-08-revelia.html,unused,Art. 891: Art. 891. Não será aceito lance que ofereça preço vil.; o dispositivo não regula diretamente revelia ou reconvenção nesta aula.
cpc-lei-13105-capture-2026-09-28,Art. 892,aula-08-revelia.html,unused,"Art. 892: Art. 892. Salvo pronunciamento judicial em sentido diverso, o pagamento deverá ser realizado de imediato pelo arrematante, por depósito judicial ou p…; o dispositivo não regula diretamente revelia ou reconvenção nesta aula."
cpc-lei-13105-capture-2026-09-28,Art. 893,aula-08-revelia.html,unused,"Art. 893: Art. 893. Se o leilão for de diversos bens e houver mais de um lançador, terá preferência aquele que se propuser a arrematá-los todos, em conjunto, o…; o dispositivo não regula diretamente revelia ou reconvenção nesta aula."
cpc-lei-13105-capture-2026-09-28,Art. 894,aula-08-revelia.html,unused,"Art. 894: Art. 894. Quando o imóvel admitir cômoda divisão, o juiz, a requerimento do executado, ordenará a alienação judicial de parte dele, desde que suficie…; o dispositivo não regula diretamente revelia ou reconvenção nesta aula."
cpc-lei-13105-capture-2026-09-28,Art. 895,aula-08-revelia.html,unused,"Art. 895: Art. 895. O interessado em adquirir o bem penhorado em prestações poderá apresentar, por escrito:; o dispositivo não regula diretamente revelia ou reconvenção nesta aula."
cpc-lei-13105-capture-2026-09-28,Art. 896,aula-08-revelia.html,unused,"Art. 896: Art. 896. Quando o imóvel de incapaz não alcançar em leilão pelo menos oitenta por cento do valor da avaliação, o juiz o confiará à guarda e à admini…; o dispositivo não regula diretamente revelia ou reconvenção nesta aula."
cpc-lei-13105-capture-2026-09-28,Art. 897,aula-08-revelia.html,unused,"Art. 897: Art. 897. Se o arrematante ou seu fiador não pagar o preço no prazo estabelecido, o juiz impor-lhe-á, em favor do exequente, a perda da caução, volta…; o dispositivo não regula diretamente revelia ou reconvenção nesta aula."
cpc-lei-13105-capture-2026-09-28,Art. 898,aula-08-revelia.html,unused,Art. 898: Art. 898. O fiador do arrematante que pagar o valor do lance e a multa poderá requerer que a arrematação lhe seja transferida.; o dispositivo não regula diretamente revelia ou reconvenção nesta aula.
cpc-lei-13105-capture-2026-09-28,Art. 899,aula-08-revelia.html,unused,Art. 899: Art. 899. Será suspensa a arrematação logo que o produto da alienação dos bens for suficiente para o pagamento do credor e para a satisfação das desp…; o dispositivo não regula diretamente revelia ou reconvenção nesta aula.
cpc-lei-13105-capture-2026-09-28,Art. 900,aula-08-revelia.html,unused,"Art. 900: Art. 900. O leilão prosseguirá no dia útil imediato, à mesma hora em que teve início, independentemente de novo edital, se for ultrapassado o horário…; o dispositivo não regula diretamente revelia ou reconvenção nesta aula."
cpc-lei-13105-capture-2026-09-28,Art. 901,aula-08-revelia.html,unused,"Art. 901: Art. 901. A arrematação constará de auto que será lavrado de imediato e poderá abranger bens penhorados em mais de uma execução, nele mencionadas as…; o dispositivo não regula diretamente revelia ou reconvenção nesta aula."
cpc-lei-13105-capture-2026-09-28,Art. 902,aula-08-revelia.html,unused,"Art. 902: Art. 902. No caso de leilão de bem hipotecado, o executado poderá remi-lo até a assinatura do auto de arrematação, oferecendo preço igual ao do maior…; o dispositivo não regula diretamente revelia ou reconvenção nesta aula."
cpc-lei-13105-capture-2026-09-28,Art. 903,aula-08-revelia.html,unused,"Art. 903: Art. 903. Qualquer que seja a modalidade de leilão, assinado o auto pelo juiz, pelo arrematante e pelo leiloeiro, a arrematação será considerada perf…; o dispositivo não regula diretamente revelia ou reconvenção nesta aula."
cpc-lei-13105-capture-2026-09-28,Art. 904,aula-08-revelia.html,unused,Art. 904: Art. 904. A satisfação do crédito exequendo far-se-á:; o dispositivo não regula diretamente revelia ou reconvenção nesta aula.
cpc-lei-13105-capture-2026-09-28,Art. 905,aula-08-revelia.html,unused,"Art. 905: Art. 905. O juiz autorizará que o exequente levante, até a satisfação integral de seu crédito, o dinheiro depositado para segurar o juízo ou o produt…; o dispositivo não regula diretamente revelia ou reconvenção nesta aula."
cpc-lei-13105-capture-2026-09-28,Art. 906,aula-08-revelia.html,unused,"Art. 906: Art. 906. Ao receber o mandado de levantamento, o exequente dará ao executado, por termo nos autos, quitação da quantia paga.; o dispositivo não regula diretamente revelia ou reconvenção nesta aula."
cpc-lei-13105-capture-2026-09-28,Art. 907,aula-08-revelia.html,unused,"Art. 907: Art. 907. Pago ao exequente o principal, os juros, as custas e os honorários, a importância que sobrar será restituída ao executado.; o dispositivo não regula diretamente revelia ou reconvenção nesta aula."
cpc-lei-13105-capture-2026-09-28,Art. 908,aula-08-revelia.html,unused,"Art. 908: Art. 908. Havendo pluralidade de credores ou exequentes, o dinheiro lhes será distribuído e entregue consoante a ordem das respectivas preferências.; o dispositivo não regula diretamente revelia ou reconvenção nesta aula."
cpc-lei-13105-capture-2026-09-28,Art. 909,aula-08-revelia.html,unused,"Art. 909: Art. 909. Os exequentes formularão as suas pretensões, que versarão unicamente sobre o direito de preferência e a anterioridade da penhora, e, aprese…; o dispositivo não regula diretamente revelia ou reconvenção nesta aula."
cpc-lei-13105-capture-2026-09-28,Art. 910,aula-08-revelia.html,unused,"Art. 910: Art. 910. Na execução fundada em título extrajudicial, a Fazenda Pública será citada para opor embargos em 30 (trinta) dias.; o dispositivo não regula diretamente revelia ou reconvenção nesta aula."
cpc-lei-13105-capture-2026-09-28,Art. 911,aula-08-revelia.html,unused,"Art. 911: Art. 911. Na execução fundada em título executivo extrajudicial que contenha obrigação alimentar, o juiz mandará citar o executado para, em 3 (três)…; o dispositivo não regula diretamente revelia ou reconvenção nesta aula."
cpc-lei-13105-capture-2026-09-28,Art. 912,aula-08-revelia.html,unused,"Art. 912: Art. 912. Quando o executado for funcionário público, militar, diretor ou gerente de empresa, bem como empregado sujeito à legislação do trabalho, o…; o dispositivo não regula diretamente revelia ou reconvenção nesta aula."
cpc-lei-13105-capture-2026-09-28,Art. 913,aula-08-revelia.html,unused,"Art. 913: Art. 913. Não requerida a execução nos termos deste Capítulo, observar-se-á o disposto no; o dispositivo não regula diretamente revelia ou reconvenção nesta aula."
cpc-lei-13105-capture-2026-09-28,Art. 914,aula-08-revelia.html,unused,"Art. 914: Art. 914. O executado, independentemente de penhora, depósito ou caução, poderá se opor à execução por meio de embargos.; o dispositivo não regula diretamente revelia ou reconvenção nesta aula."
cpc-lei-13105-capture-2026-09-28,Art. 915,aula-08-revelia.html,unused,"Art. 915: Art. 915. Os embargos serão oferecidos no prazo de 15 (quinze) dias, contado, conforme o caso, na forma do; o dispositivo não regula diretamente revelia ou reconvenção nesta aula."
cpc-lei-13105-capture-2026-09-28,Art. 916,aula-08-revelia.html,unused,"Art. 916: Art. 916. No prazo para embargos, reconhecendo o crédito do exequente e comprovando o depósito de trinta por cento do valor em execução, acrescido de…; o dispositivo não regula diretamente revelia ou reconvenção nesta aula."
cpc-lei-13105-capture-2026-09-28,Art. 917,aula-08-revelia.html,unused,"Art. 917: Art. 917. Nos embargos à execução, o executado poderá alegar:; o dispositivo não regula diretamente revelia ou reconvenção nesta aula."
cpc-lei-13105-capture-2026-09-28,Art. 918,aula-08-revelia.html,unused,Art. 918: Art. 918. O juiz rejeitará liminarmente os embargos:; o dispositivo não regula diretamente revelia ou reconvenção nesta aula.
cpc-lei-13105-capture-2026-09-28,Art. 919,aula-08-revelia.html,unused,Art. 919: Art. 919. Os embargos à execução não terão efeito suspensivo.; o dispositivo não regula diretamente revelia ou reconvenção nesta aula.
cpc-lei-13105-capture-2026-09-28,Art. 920,aula-08-revelia.html,unused,Art. 920: Art. 920. Recebidos os embargos:; o dispositivo não regula diretamente revelia ou reconvenção nesta aula.
cpc-lei-13105-capture-2026-09-28,Art. 921,aula-08-revelia.html,unused,Art. 921: Art. 921. Suspende-se a execução:; o dispositivo não regula diretamente revelia ou reconvenção nesta aula.
cpc-lei-13105-capture-2026-09-28,Art. 922,aula-08-revelia.html,unused,"Art. 922: Art. 922. Convindo as partes, o juiz declarará suspensa a execução durante o prazo concedido pelo exequente para que o executado cumpra voluntariamen…; o dispositivo não regula diretamente revelia ou reconvenção nesta aula."
cpc-lei-13105-capture-2026-09-28,Art. 923,aula-08-revelia.html,unused,"Art. 923: Art. 923. Suspensa a execução, não serão praticados atos processuais, podendo o juiz, entretanto, salvo no caso de arguição de impedimento ou de susp…; o dispositivo não regula diretamente revelia ou reconvenção nesta aula."
cpc-lei-13105-capture-2026-09-28,Art. 924,aula-08-revelia.html,unused,Art. 924: Art. 924. Extingue-se a execução quando:; o dispositivo não regula diretamente revelia ou reconvenção nesta aula.
cpc-lei-13105-capture-2026-09-28,Art. 925,aula-08-revelia.html,unused,Art. 925: Art. 925. A extinção só produz efeito quando declarada por sentença.; o dispositivo não regula diretamente revelia ou reconvenção nesta aula.
cpc-lei-13105-capture-2026-09-28,Art. 926,aula-08-revelia.html,unused,"Art. 926: Art. 926. Os tribunais devem uniformizar sua jurisprudência e mantê-la estável, íntegra e coerente.; o dispositivo não regula diretamente revelia ou reconvenção nesta aula."
cpc-lei-13105-capture-2026-09-28,Art. 927,aula-08-revelia.html,unused,Art. 927: Art. 927. Os juízes e os tribunais observarão:; o dispositivo não regula diretamente revelia ou reconvenção nesta aula.
cpc-lei-13105-capture-2026-09-28,Art. 928,aula-08-revelia.html,unused,"Art. 928: Art. 928. Para os fins deste Código, considera-se julgamento de casos repetitivos a decisão proferida em:; o dispositivo não regula diretamente revelia ou reconvenção nesta aula."
cpc-lei-13105-capture-2026-09-28,Art. 929,aula-08-revelia.html,unused,"Art. 929: Art. 929. Os autos serão registrados no protocolo do tribunal no dia de sua entrada, cabendo à secretaria ordená-los, com imediata distribuição.; o dispositivo não regula diretamente revelia ou reconvenção nesta aula."
cpc-lei-13105-capture-2026-09-28,Art. 930,aula-08-revelia.html,unused,"Art. 930: Art. 930. Far-se-á a distribuição de acordo com o regimento interno do tribunal, observando-se a alternatividade, o sorteio eletrônico e a publicidad…; o dispositivo não regula diretamente revelia ou reconvenção nesta aula."
cpc-lei-13105-capture-2026-09-28,Art. 931,aula-08-revelia.html,unused,"Art. 931: Art. 931. Distribuídos, os autos serão imediatamente conclusos ao relator, que, em 30 (trinta) dias, depois de elaborar o voto, restituí-los-á, com r…; o dispositivo não regula diretamente revelia ou reconvenção nesta aula."
cpc-lei-13105-capture-2026-09-28,Art. 932,aula-08-revelia.html,unused,Art. 932: Art. 932. Incumbe ao relator:; o dispositivo não regula diretamente revelia ou reconvenção nesta aula.
cpc-lei-13105-capture-2026-09-28,Art. 933,aula-08-revelia.html,unused,Art. 933: Art. 933. Se o relator constatar a ocorrência de fato superveniente à decisão recorrida ou a existência de questão apreciável de ofício ainda não exa…; o dispositivo não regula diretamente revelia ou reconvenção nesta aula.
cpc-lei-13105-capture-2026-09-28,Art. 934,aula-08-revelia.html,unused,"Art. 934: Art. 934. Em seguida, os autos serão apresentados ao presidente, que designará dia para julgamento, ordenando, em todas as hipóteses previstas neste…; o dispositivo não regula diretamente revelia ou reconvenção nesta aula."
cpc-lei-13105-capture-2026-09-28,Art. 935,aula-08-revelia.html,unused,"Art. 935: Art. 935. Entre a data de publicação da pauta e a da sessão de julgamento decorrerá, pelo menos, o prazo de 5 (cinco) dias, incluindo-se em nova paut…; o dispositivo não regula diretamente revelia ou reconvenção nesta aula."
cpc-lei-13105-capture-2026-09-28,Art. 936,aula-08-revelia.html,unused,"Art. 936: Art. 936. Ressalvadas as preferências legais e regimentais, os recursos, a remessa necessária e os processos de competência originária serão julgados…; o dispositivo não regula diretamente revelia ou reconvenção nesta aula."
cpc-lei-13105-capture-2026-09-28,Art. 938,aula-08-revelia.html,unused,"Art. 938: Art. 938. A questão preliminar suscitada no julgamento será decidida antes do mérito, deste não se conhecendo caso seja incompatível com a decisão.; o dispositivo não regula diretamente revelia ou reconvenção nesta aula."
cpc-lei-13105-capture-2026-09-28,Art. 939,aula-08-revelia.html,unused,"Art. 939: Art. 939. Se a preliminar for rejeitada ou se a apreciação do mérito for com ela compatível, seguir-se-ão a discussão e o julgamento da matéria princ…; o dispositivo não regula diretamente revelia ou reconvenção nesta aula."
cpc-lei-13105-capture-2026-09-28,Art. 940,aula-08-revelia.html,unused,Art. 940: Art. 940. O relator ou outro juiz que não se considerar habilitado a proferir imediatamente seu voto poderá solicitar vista pelo prazo máximo de 10 (…; o dispositivo não regula diretamente revelia ou reconvenção nesta aula.
cpc-lei-13105-capture-2026-09-28,Art. 941,aula-08-revelia.html,unused,"Art. 941: Art. 941. Proferidos os votos, o presidente anunciará o resultado do julgamento, designando para redigir o acórdão o relator ou, se vencido este, o a…; o dispositivo não regula diretamente revelia ou reconvenção nesta aula."
cpc-lei-13105-capture-2026-09-28,Art. 942,aula-08-revelia.html,unused,"Art. 942: Art. 942. Quando o resultado da apelação for não unânime, o julgamento terá prosseguimento em sessão a ser designada com a presença de outros julgado…; o dispositivo não regula diretamente revelia ou reconvenção nesta aula."
cpc-lei-13105-capture-2026-09-28,Art. 943,aula-08-revelia.html,unused,"Art. 943: Art. 943. Os votos, os acórdãos e os demais atos processuais podem ser registrados em documento eletrônico inviolável e assinados eletronicamente, na…; o dispositivo não regula diretamente revelia ou reconvenção nesta aula."
cpc-lei-13105-capture-2026-09-28,Art. 944,aula-08-revelia.html,unused,"Art. 944: Art. 944. Não publicado o acórdão no prazo de 30 (trinta) dias, contado da data da sessão de julgamento, as notas taquigráficas o substituirão, para…; o dispositivo não regula diretamente revelia ou reconvenção nesta aula."
cpc-lei-13105-capture-2026-09-28,Art. 945,aula-08-revelia.html,unused,"Art. 945: Art. 945. A critério do órgão julgador, o julgamento dos recursos e dos processos de competência originária que não admitem sustentação oral poderá r…; o dispositivo não regula diretamente revelia ou reconvenção nesta aula."
cpc-lei-13105-capture-2026-09-28,Art. 946,aula-08-revelia.html,unused,Art. 946: Art. 946. O agravo de instrumento será julgado antes da apelação interposta no mesmo processo.; o dispositivo não regula diretamente revelia ou reconvenção nesta aula.
cpc-lei-13105-capture-2026-09-28,Art. 947,aula-08-revelia.html,unused,"Art. 947: Art. 947. É admissível a assunção de competência quando o julgamento de recurso, de remessa necessária ou de processo de competência originária envol…; o dispositivo não regula diretamente revelia ou reconvenção nesta aula."
cpc-lei-13105-capture-2026-09-28,Art. 948,aula-08-revelia.html,unused,"Art. 948: Art. 948. Arguida, em controle difuso, a inconstitucionalidade de lei ou de ato normativo do poder público, o relator, após ouvir o Ministério Públic…; o dispositivo não regula diretamente revelia ou reconvenção nesta aula."
cpc-lei-13105-capture-2026-09-28,Art. 949,aula-08-revelia.html,unused,Art. 949: Art. 949. Se a arguição for:; o dispositivo não regula diretamente revelia ou reconvenção nesta aula.
cpc-lei-13105-capture-2026-09-28,Art. 950,aula-08-revelia.html,unused,"Art. 950: Art. 950. Remetida cópia do acórdão a todos os juízes, o presidente do tribunal designará a sessão de julgamento.; o dispositivo não regula diretamente revelia ou reconvenção nesta aula."
cpc-lei-13105-capture-2026-09-28,Art. 951,aula-08-revelia.html,unused,"Art. 951: Art. 951. O conflito de competência pode ser suscitado por qualquer das partes, pelo Ministério Público ou pelo juiz.; o dispositivo não regula diretamente revelia ou reconvenção nesta aula."
cpc-lei-13105-capture-2026-09-28,Art. 952,aula-08-revelia.html,unused,"Art. 952: Art. 952. Não pode suscitar conflito a parte que, no processo, arguiu incompetência relativa.; o dispositivo não regula diretamente revelia ou reconvenção nesta aula."
cpc-lei-13105-capture-2026-09-28,Art. 953,aula-08-revelia.html,unused,Art. 953: Art. 953. O conflito será suscitado ao tribunal:; o dispositivo não regula diretamente revelia ou reconvenção nesta aula.
cpc-lei-13105-capture-2026-09-28,Art. 954,aula-08-revelia.html,unused,"Art. 954: Art. 954. Após a distribuição, o relator determinará a oitiva dos juízes em conflito ou, se um deles for suscitante, apenas do suscitado.; o dispositivo não regula diretamente revelia ou reconvenção nesta aula."
cpc-lei-13105-capture-2026-09-28,Art. 955,aula-08-revelia.html,unused,"Art. 955: Art. 955. O relator poderá, de ofício ou a requerimento de qualquer das partes, determinar, quando o conflito for positivo, o sobrestamento do proces…; o dispositivo não regula diretamente revelia ou reconvenção nesta aula."
cpc-lei-13105-capture-2026-09-28,Art. 956,aula-08-revelia.html,unused,"Art. 956: Art. 956. Decorrido o prazo designado pelo relator, será ouvido o Ministério Público, no prazo de 5 (cinco) dias, ainda que as informações não tenham…; o dispositivo não regula diretamente revelia ou reconvenção nesta aula."
cpc-lei-13105-capture-2026-09-28,Art. 957,aula-08-revelia.html,unused,"Art. 957: Art. 957. Ao decidir o conflito, o tribunal declarará qual o juízo competente, pronunciando-se também sobre a validade dos atos do juízo incompetente.; o dispositivo não regula diretamente revelia ou reconvenção nesta aula."
cpc-lei-13105-capture-2026-09-28,Art. 958,aula-08-revelia.html,unused,"Art. 958: Art. 958. No conflito que envolva órgãos fracionários dos tribunais, desembargadores e juízes em exercício no tribunal, observar-se-á o que dispuser…; o dispositivo não regula diretamente revelia ou reconvenção nesta aula."
cpc-lei-13105-capture-2026-09-28,Art. 959,aula-08-revelia.html,unused,Art. 959: Art. 959. O regimento interno do tribunal regulará o processo e o julgamento do conflito de atribuições entre autoridade judiciária e autoridade admi…; o dispositivo não regula diretamente revelia ou reconvenção nesta aula.
cpc-lei-13105-capture-2026-09-28,Art. 960,aula-08-revelia.html,unused,"Art. 960: Art. 960. A homologação de decisão estrangeira será requerida por ação de homologação de decisão estrangeira, salvo disposição especial em sentido co…; o dispositivo não regula diretamente revelia ou reconvenção nesta aula."
cpc-lei-13105-capture-2026-09-28,Art. 961,aula-08-revelia.html,unused,Art. 961: Art. 961. A decisão estrangeira somente terá eficácia no Brasil após a homologação de sentença estrangeira ou a concessão do; o dispositivo não regula diretamente revelia ou reconvenção nesta aula.
cpc-lei-13105-capture-2026-09-28,Art. 962,aula-08-revelia.html,unused,Art. 962: Art. 962. É passível de execução a decisão estrangeira concessiva de medida de urgência.; o dispositivo não regula diretamente revelia ou reconvenção nesta aula.
cpc-lei-13105-capture-2026-09-28,Art. 963,aula-08-revelia.html,unused,"O art. 963 trata dos requisitos de homologação de decisão estrangeira; a referência à revelia está ligada à citação estrangeira, não à resposta do réu nesta aula."
cpc-lei-13105-capture-2026-09-28,Art. 964,aula-08-revelia.html,unused,Art. 964: Art. 964. Não será homologada a decisão estrangeira na hipótese de competência exclusiva da autoridade judiciária brasileira.; o dispositivo não regula diretamente revelia ou reconvenção nesta aula.
cpc-lei-13105-capture-2026-09-28,Art. 965,aula-08-revelia.html,unused,"Art. 965: Art. 965. O cumprimento de decisão estrangeira far-se-á perante o juízo federal competente, a requerimento da parte, conforme as normas estabelecidas…; o dispositivo não regula diretamente revelia ou reconvenção nesta aula."
cpc-lei-13105-capture-2026-09-28,Art. 966,aula-08-revelia.html,unused,"Art. 966: Art. 966. A decisão de mérito, transitada em julgado, pode ser rescindida quando:; o dispositivo não regula diretamente revelia ou reconvenção nesta aula."
cpc-lei-13105-capture-2026-09-28,Art. 967,aula-08-revelia.html,unused,Art. 967: Art. 967. Têm legitimidade para propor a ação rescisória:; o dispositivo não regula diretamente revelia ou reconvenção nesta aula.
cpc-lei-13105-capture-2026-09-28,Art. 968,aula-08-revelia.html,unused,Art. 968: Art. 968. A petição inicial será elaborada com observância dos requisitos essenciais do; o dispositivo não regula diretamente revelia ou reconvenção nesta aula.
cpc-lei-13105-capture-2026-09-28,Art. 969,aula-08-revelia.html,unused,"Art. 969: Art. 969. A propositura da ação rescisória não impede o cumprimento da decisão rescindenda, ressalvada a concessão de tutela provisória.; o dispositivo não regula diretamente revelia ou reconvenção nesta aula."
cpc-lei-13105-capture-2026-09-28,Art. 970,aula-08-revelia.html,unused,"Art. 970: Art. 970. O relator ordenará a citação do réu, designando-lhe prazo nunca inferior a 15 (quinze) dias nem superior a 30 (trinta) dias para, querendo,…; o dispositivo não regula diretamente revelia ou reconvenção nesta aula."
cpc-lei-13105-capture-2026-09-28,Art. 971,aula-08-revelia.html,unused,"Art. 971: Art. 971. Na ação rescisória, devolvidos os autos pelo relator, a secretaria do tribunal expedirá cópias do relatório e as distribuirá entre os juíze…; o dispositivo não regula diretamente revelia ou reconvenção nesta aula."
cpc-lei-13105-capture-2026-09-28,Art. 972,aula-08-revelia.html,unused,"Art. 972: Art. 972. Se os fatos alegados pelas partes dependerem de prova, o relator poderá delegar a competência ao órgão que proferiu a decisão rescindenda,…; o dispositivo não regula diretamente revelia ou reconvenção nesta aula."
cpc-lei-13105-capture-2026-09-28,Art. 973,aula-08-revelia.html,unused,"Art. 973: Art. 973. Concluída a instrução, será aberta vista ao autor e ao réu para razões finais, sucessivamente, pelo prazo de 10 (dez) dias.; o dispositivo não regula diretamente revelia ou reconvenção nesta aula."
cpc-lei-13105-capture-2026-09-28,Art. 974,aula-08-revelia.html,unused,"Art. 974: Art. 974. Julgando procedente o pedido, o tribunal rescindirá a decisão, proferirá, se for o caso, novo julgamento e determinará a restituição do dep…; o dispositivo não regula diretamente revelia ou reconvenção nesta aula."
cpc-lei-13105-capture-2026-09-28,Art. 975,aula-08-revelia.html,unused,Art. 975: Art. 975. O direito à rescisão se extingue em 2 (dois) anos contados do trânsito em julgado da última decisão proferida no processo.; o dispositivo não regula diretamente revelia ou reconvenção nesta aula.
cpc-lei-13105-capture-2026-09-28,Art. 976,aula-08-revelia.html,unused,"Art. 976: Art. 976. É cabível a instauração do incidente de resolução de demandas repetitivas quando houver, simultaneamente:; o dispositivo não regula diretamente revelia ou reconvenção nesta aula."
cpc-lei-13105-capture-2026-09-28,Art. 977,aula-08-revelia.html,unused,Art. 977: Art. 977. O pedido de instauração do incidente será dirigido ao presidente de tribunal:; o dispositivo não regula diretamente revelia ou reconvenção nesta aula.
cpc-lei-13105-capture-2026-09-28,Art. 978,aula-08-revelia.html,unused,Art. 978: Art. 978. O julgamento do incidente caberá ao órgão indicado pelo regimento interno dentre aqueles responsáveis pela uniformização de jurisprudência…; o dispositivo não regula diretamente revelia ou reconvenção nesta aula.
cpc-lei-13105-capture-2026-09-28,Art. 979,aula-08-revelia.html,unused,"Art. 979: Art. 979. A instauração e o julgamento do incidente serão sucedidos da mais ampla e específica divulgação e publicidade, por meio de registro eletrôn…; o dispositivo não regula diretamente revelia ou reconvenção nesta aula."
cpc-lei-13105-capture-2026-09-28,Art. 980,aula-08-revelia.html,unused,"Art. 980: Art. 980. O incidente será julgado no prazo de 1 (um) ano e terá preferência sobre os demais feitos, ressalvados os que envolvam réu preso e os pedid…; o dispositivo não regula diretamente revelia ou reconvenção nesta aula."
cpc-lei-13105-capture-2026-09-28,Art. 981,aula-08-revelia.html,unused,"Art. 981: Art. 981. Após a distribuição, o órgão colegiado competente para julgar o incidente procederá ao seu juízo de admissibilidade, considerando a presenç…; o dispositivo não regula diretamente revelia ou reconvenção nesta aula."
cpc-lei-13105-capture-2026-09-28,Art. 982,aula-08-revelia.html,unused,"Art. 982: Art. 982. Admitido o incidente, o relator:; o dispositivo não regula diretamente revelia ou reconvenção nesta aula."
cpc-lei-13105-capture-2026-09-28,Art. 983,aula-08-revelia.html,unused,"Art. 983: Art. 983. O relator ouvirá as partes e os demais interessados, inclusive pessoas, órgãos e entidades com interesse na controvérsia, que, no prazo com…; o dispositivo não regula diretamente revelia ou reconvenção nesta aula."
cpc-lei-13105-capture-2026-09-28,Art. 984,aula-08-revelia.html,unused,"Art. 984: Art. 984. No julgamento do incidente, observar-se-á a seguinte ordem:; o dispositivo não regula diretamente revelia ou reconvenção nesta aula."
cpc-lei-13105-capture-2026-09-28,Art. 985,aula-08-revelia.html,unused,"Art. 985: Art. 985. Julgado o incidente, a tese jurídica será aplicada:; o dispositivo não regula diretamente revelia ou reconvenção nesta aula."
cpc-lei-13105-capture-2026-09-28,Art. 986,aula-08-revelia.html,unused,"Art. 986: Art. 986. A revisão da tese jurídica firmada no incidente far-se-á pelo mesmo tribunal, de ofício ou mediante requerimento dos legitimados mencionado…; o dispositivo não regula diretamente revelia ou reconvenção nesta aula."
cpc-lei-13105-capture-2026-09-28,Art. 987,aula-08-revelia.html,unused,"Art. 987: Art. 987. Do julgamento do mérito do incidente caberá recurso extraordinário ou especial, conforme o caso.; o dispositivo não regula diretamente revelia ou reconvenção nesta aula."
cpc-lei-13105-capture-2026-09-28,Art. 988,aula-08-revelia.html,unused,Art. 988: Art. 988. Caberá reclamação da parte interessada ou do Ministério Público para:; o dispositivo não regula diretamente revelia ou reconvenção nesta aula.
cpc-lei-13105-capture-2026-09-28,Art. 989,aula-08-revelia.html,unused,"Art. 989: Art. 989. Ao despachar a reclamação, o relator:; o dispositivo não regula diretamente revelia ou reconvenção nesta aula."
cpc-lei-13105-capture-2026-09-28,Art. 990,aula-08-revelia.html,unused,Art. 990: Art. 990. Qualquer interessado poderá impugnar o pedido do reclamante.; o dispositivo não regula diretamente revelia ou reconvenção nesta aula.
cpc-lei-13105-capture-2026-09-28,Art. 991,aula-08-revelia.html,unused,"Art. 991: Art. 991. Na reclamação que não houver formulado, o Ministério Público terá vista do processo por 5 (cinco) dias, após o decurso do prazo para inform…; o dispositivo não regula diretamente revelia ou reconvenção nesta aula."
cpc-lei-13105-capture-2026-09-28,Art. 992,aula-08-revelia.html,unused,"Art. 992: Art. 992. Julgando procedente a reclamação, o tribunal cassará a decisão exorbitante de seu julgado ou determinará medida adequada à solução da contr…; o dispositivo não regula diretamente revelia ou reconvenção nesta aula."
cpc-lei-13105-capture-2026-09-28,Art. 993,aula-08-revelia.html,unused,"Art. 993: Art. 993. O presidente do tribunal determinará o imediato cumprimento da decisão, lavrando-se o acórdão posteriormente.; o dispositivo não regula diretamente revelia ou reconvenção nesta aula."
cpc-lei-13105-capture-2026-09-28,Art. 994,aula-08-revelia.html,unused,Art. 994: Art. 994. São cabíveis os seguintes recursos:; o dispositivo não regula diretamente revelia ou reconvenção nesta aula.
cpc-lei-13105-capture-2026-09-28,Art. 995,aula-08-revelia.html,unused,"Art. 995: Art. 995. Os recursos não impedem a eficácia da decisão, salvo disposição legal ou decisão judicial em sentido diverso.; o dispositivo não regula diretamente revelia ou reconvenção nesta aula."
cpc-lei-13105-capture-2026-09-28,Art. 996,aula-08-revelia.html,unused,"Art. 996: Art. 996. O recurso pode ser interposto pela parte vencida, pelo terceiro prejudicado e pelo Ministério Público, como parte ou como fiscal da ordem j…; o dispositivo não regula diretamente revelia ou reconvenção nesta aula."
cpc-lei-13105-capture-2026-09-28,Art. 997,aula-08-revelia.html,unused,"Art. 997: Art. 997. Cada parte interporá o recurso independentemente, no prazo e com observância das exigências legais.; o dispositivo não regula diretamente revelia ou reconvenção nesta aula."
cpc-lei-13105-capture-2026-09-28,Art. 998,aula-08-revelia.html,unused,"Art. 998: Art. 998. O recorrente poderá, a qualquer tempo, sem a anuência do recorrido ou dos litisconsortes, desistir do recurso.; o dispositivo não regula diretamente revelia ou reconvenção nesta aula."
cpc-lei-13105-capture-2026-09-28,Art. 999,aula-08-revelia.html,unused,Art. 999: Art. 999. A renúncia ao direito de recorrer independe da aceitação da outra parte.; o dispositivo não regula diretamente revelia ou reconvenção nesta aula.
cpc-lei-13105-capture-2026-09-28,Art. 1000,aula-08-revelia.html,unused,Art. 1000: Art. 1.000. A parte que aceitar expressa ou tacitamente a decisão não poderá recorrer.; o dispositivo não regula diretamente revelia ou reconvenção nesta aula.
cpc-lei-13105-capture-2026-09-28,Art. 1001,aula-08-revelia.html,unused,Art. 1001: Art. 1.001. Dos despachos não cabe recurso.; o dispositivo não regula diretamente revelia ou reconvenção nesta aula.
cpc-lei-13105-capture-2026-09-28,Art. 1002,aula-08-revelia.html,unused,Art. 1002: Art. 1.002. A decisão pode ser impugnada no todo ou em parte.; o dispositivo não regula diretamente revelia ou reconvenção nesta aula.
cpc-lei-13105-capture-2026-09-28,Art. 1003,aula-08-revelia.html,unused,"Art. 1003: Art. 1.003. O prazo para interposição de recurso conta-se da data em que os advogados, a sociedade de advogados, a Advocacia Pública, a Defensoria Pú…; o dispositivo não regula diretamente revelia ou reconvenção nesta aula."
cpc-lei-13105-capture-2026-09-28,Art. 1004,aula-08-revelia.html,unused,"Art. 1004: Art. 1.004. Se, durante o prazo para a interposição do recurso, sobrevier o falecimento da parte ou de seu advogado ou ocorrer motivo de força maior…; o dispositivo não regula diretamente revelia ou reconvenção nesta aula."
cpc-lei-13105-capture-2026-09-28,Art. 1005,aula-08-revelia.html,unused,"Art. 1005: Art. 1.005. O recurso interposto por um dos litisconsortes a todos aproveita, salvo se distintos ou opostos os seus interesses.; o dispositivo não regula diretamente revelia ou reconvenção nesta aula."
cpc-lei-13105-capture-2026-09-28,Art. 1006,aula-08-revelia.html,unused,"Art. 1006: Art. 1.006. Certificado o trânsito em julgado, com menção expressa da data de sua ocorrência, o escrivão ou o chefe de secretaria, independentemente…; o dispositivo não regula diretamente revelia ou reconvenção nesta aula."
cpc-lei-13105-capture-2026-09-28,Art. 1007,aula-08-revelia.html,unused,"Art. 1007: Art. 1.007. No ato de interposição do recurso, o recorrente comprovará, quando exigido pela legislação pertinente, o respectivo preparo, inclusive po…; o dispositivo não regula diretamente revelia ou reconvenção nesta aula."
cpc-lei-13105-capture-2026-09-28,Art. 1008,aula-08-revelia.html,unused,Art. 1008: Art. 1.008. O julgamento proferido pelo tribunal substituirá a decisão impugnada no que tiver sido objeto de recurso.; o dispositivo não regula diretamente revelia ou reconvenção nesta aula.
cpc-lei-13105-capture-2026-09-28,Art. 1009,aula-08-revelia.html,unused,Art. 1009: Art. 1.009. Da sentença cabe apelação.; o dispositivo não regula diretamente revelia ou reconvenção nesta aula.
cpc-lei-13105-capture-2026-09-28,Art. 1010,aula-08-revelia.html,unused,"Art. 1010: Art. 1.010. A apelação, interposta por petição dirigida ao juízo de primeiro grau, conterá:; o dispositivo não regula diretamente revelia ou reconvenção nesta aula."
cpc-lei-13105-capture-2026-09-28,Art. 1011,aula-08-revelia.html,unused,"Art. 1011: Art. 1.011. Recebido o recurso de apelação no tribunal e distribuído imediatamente, o relator:; o dispositivo não regula diretamente revelia ou reconvenção nesta aula."
cpc-lei-13105-capture-2026-09-28,Art. 1012,aula-08-revelia.html,unused,Art. 1012: Art. 1.012. A apelação terá efeito suspensivo.; o dispositivo não regula diretamente revelia ou reconvenção nesta aula.
cpc-lei-13105-capture-2026-09-28,Art. 1013,aula-08-revelia.html,unused,Art. 1013: Art. 1.013. A apelação devolverá ao tribunal o conhecimento da matéria impugnada.; o dispositivo não regula diretamente revelia ou reconvenção nesta aula.
cpc-lei-13105-capture-2026-09-28,Art. 1014,aula-08-revelia.html,unused,"Art. 1014: Art. 1.014. As questões de fato não propostas no juízo inferior poderão ser suscitadas na apelação, se a parte provar que deixou de fazê-lo por motiv…; o dispositivo não regula diretamente revelia ou reconvenção nesta aula."
cpc-lei-13105-capture-2026-09-28,Art. 1015,aula-08-revelia.html,unused,Art. 1015: Art. 1.015. Cabe agravo de instrumento contra as decisões interlocutórias que versarem sobre:; o dispositivo não regula diretamente revelia ou reconvenção nesta aula.
cpc-lei-13105-capture-2026-09-28,Art. 1016,aula-08-revelia.html,unused,"Art. 1016: Art. 1.016. O agravo de instrumento será dirigido diretamente ao tribunal competente, por meio de petição com os seguintes requisitos:; o dispositivo não regula diretamente revelia ou reconvenção nesta aula."
cpc-lei-13105-capture-2026-09-28,Art. 1017,aula-08-revelia.html,unused,Art. 1017: Art. 1.017. A petição de agravo de instrumento será instruída:; o dispositivo não regula diretamente revelia ou reconvenção nesta aula.
cpc-lei-13105-capture-2026-09-28,Art. 1018,aula-08-revelia.html,unused,"Art. 1018: Art. 1.018. O agravante poderá requerer a juntada, aos autos do processo, de cópia da petição do agravo de instrumento, do comprovante de sua interpo…; o dispositivo não regula diretamente revelia ou reconvenção nesta aula."
cpc-lei-13105-capture-2026-09-28,Art. 1019,aula-08-revelia.html,unused,"Art. 1019: Art. 1.019. Recebido o agravo de instrumento no tribunal e distribuído imediatamente, se não for o caso de aplicação do; o dispositivo não regula diretamente revelia ou reconvenção nesta aula."
cpc-lei-13105-capture-2026-09-28,Art. 1020,aula-08-revelia.html,unused,Art. 1020: Art. 1.020. O relator solicitará dia para julgamento em prazo não superior a 1 (um) mês da intimação do agravado.; o dispositivo não regula diretamente revelia ou reconvenção nesta aula.
cpc-lei-13105-capture-2026-09-28,Art. 1021,aula-08-revelia.html,unused,"Art. 1021: Art. 1.021. Contra decisão proferida pelo relator caberá agravo interno para o respectivo órgão colegiado, observadas, quanto ao processamento, as re…; o dispositivo não regula diretamente revelia ou reconvenção nesta aula."
cpc-lei-13105-capture-2026-09-28,Art. 1022,aula-08-revelia.html,unused,Art. 1022: Art. 1.022. Cabem embargos de declaração contra qualquer decisão judicial para:; o dispositivo não regula diretamente revelia ou reconvenção nesta aula.
cpc-lei-13105-capture-2026-09-28,Art. 1023,aula-08-revelia.html,unused,"Art. 1023: Art. 1.023. Os embargos serão opostos, no prazo de 5 (cinco) dias, em petição dirigida ao juiz, com indicação do erro, obscuridade, contradição ou om…; o dispositivo não regula diretamente revelia ou reconvenção nesta aula."
cpc-lei-13105-capture-2026-09-28,Art. 1024,aula-08-revelia.html,unused,Art. 1024: Art. 1.024. O juiz julgará os embargos em 5 (cinco) dias.; o dispositivo não regula diretamente revelia ou reconvenção nesta aula.
cpc-lei-13105-capture-2026-09-28,Art. 1025,aula-08-revelia.html,unused,"Art. 1025: Art. 1.025. Consideram-se incluídos no acórdão os elementos que o embargante suscitou, para fins de pré-questionamento, ainda que os embargos de decl…; o dispositivo não regula diretamente revelia ou reconvenção nesta aula."
cpc-lei-13105-capture-2026-09-28,Art. 1026,aula-08-revelia.html,unused,Art. 1026: Art. 1.026. Os embargos de declaração não possuem efeito suspensivo e interrompem o prazo para a interposição de recurso.; o dispositivo não regula diretamente revelia ou reconvenção nesta aula.
cpc-lei-13105-capture-2026-09-28,Art. 1027,aula-08-revelia.html,unused,Art. 1027: Art. 1.027. Serão julgados em recurso ordinário:; o dispositivo não regula diretamente revelia ou reconvenção nesta aula.
cpc-lei-13105-capture-2026-09-28,Art. 1028,aula-08-revelia.html,unused,Art. 1028: Art. 1.028. Ao recurso mencionado no; o dispositivo não regula diretamente revelia ou reconvenção nesta aula.
cpc-lei-13105-capture-2026-09-28,Art. 1029,aula-08-revelia.html,unused,"Art. 1029: Art. 1.029. O recurso extraordinário e o recurso especial, nos casos previstos na; o dispositivo não regula diretamente revelia ou reconvenção nesta aula."
cpc-lei-13105-capture-2026-09-28,Art. 1030,aula-08-revelia.html,unused,"Art. 1030: Art. 1.030. Recebida a petição do recurso pela secretaria do tribunal, o recorrido será intimado para apresentar contrarrazões no prazo de 15 (quinze…; o dispositivo não regula diretamente revelia ou reconvenção nesta aula."
cpc-lei-13105-capture-2026-09-28,Art. 1031,aula-08-revelia.html,unused,"Art. 1031: Art. 1.031. Na hipótese de interposição conjunta de recurso extraordinário e recurso especial, os autos serão remetidos ao Superior Tribunal de Justi…; o dispositivo não regula diretamente revelia ou reconvenção nesta aula."
cpc-lei-13105-capture-2026-09-28,Art. 1032,aula-08-revelia.html,unused,"Art. 1032: Art. 1.032. Se o relator, no Superior Tribunal de Justiça, entender que o recurso especial versa sobre questão constitucional, deverá conceder prazo…; o dispositivo não regula diretamente revelia ou reconvenção nesta aula."
cpc-lei-13105-capture-2026-09-28,Art. 1033,aula-08-revelia.html,unused,"Art. 1033: Art. 1.033. Se o Supremo Tribunal Federal considerar como reflexa a ofensa à Constituição afirmada no recurso extraordinário, por pressupor a revisão…; o dispositivo não regula diretamente revelia ou reconvenção nesta aula."
cpc-lei-13105-capture-2026-09-28,Art. 1034,aula-08-revelia.html,unused,"Art. 1034: Art. 1.034. Admitido o recurso extraordinário ou o recurso especial, o Supremo Tribunal Federal ou o Superior Tribunal de Justiça julgará o processo,…; o dispositivo não regula diretamente revelia ou reconvenção nesta aula."
cpc-lei-13105-capture-2026-09-28,Art. 1035,aula-08-revelia.html,unused,"Art. 1035: Art. 1.035. O Supremo Tribunal Federal, em decisão irrecorrível, não conhecerá do recurso extraordinário quando a questão constitucional nele versada…; o dispositivo não regula diretamente revelia ou reconvenção nesta aula."
cpc-lei-13105-capture-2026-09-28,Art. 1036,aula-08-revelia.html,unused,"Art. 1036: Art. 1.036. Sempre que houver multiplicidade de recursos extraordinários ou especiais com fundamento em idêntica questão de direito, haverá afetação…; o dispositivo não regula diretamente revelia ou reconvenção nesta aula."
cpc-lei-13105-capture-2026-09-28,Art. 1037,aula-08-revelia.html,unused,"Art. 1037: Art. 1.037. Selecionados os recursos, o relator, no tribunal superior, constatando a presença do pressuposto do; o dispositivo não regula diretamente revelia ou reconvenção nesta aula."
cpc-lei-13105-capture-2026-09-28,Art. 1038,aula-08-revelia.html,unused,Art. 1038: Art. 1.038. O relator poderá:; o dispositivo não regula diretamente revelia ou reconvenção nesta aula.
cpc-lei-13105-capture-2026-09-28,Art. 1039,aula-08-revelia.html,unused,"Art. 1039: Art. 1.039. Decididos os recursos afetados, os órgãos colegiados declararão prejudicados os demais recursos versando sobre idêntica controvérsia ou o…; o dispositivo não regula diretamente revelia ou reconvenção nesta aula."
cpc-lei-13105-capture-2026-09-28,Art. 1040,aula-08-revelia.html,unused,Art. 1040: Art. 1.040. Publicado o acórdão paradigma:; o dispositivo não regula diretamente revelia ou reconvenção nesta aula.
cpc-lei-13105-capture-2026-09-28,Art. 1041,aula-08-revelia.html,unused,"Art. 1041: Art. 1.041. Mantido o acórdão divergente pelo tribunal de origem, o recurso especial ou extraordinário será remetido ao respectivo tribunal superior,…; o dispositivo não regula diretamente revelia ou reconvenção nesta aula."
cpc-lei-13105-capture-2026-09-28,Art. 1043,aula-08-revelia.html,unused,Art. 1043: Art. 1.043. É embargável o acórdão de órgão fracionário que:; o dispositivo não regula diretamente revelia ou reconvenção nesta aula.
cpc-lei-13105-capture-2026-09-28,Art. 1044,aula-08-revelia.html,unused,"Art. 1044: Art. 1.044. No recurso de embargos de divergência, será observado o procedimento estabelecido no regimento interno do respectivo tribunal superior.; o dispositivo não regula diretamente revelia ou reconvenção nesta aula."
cpc-lei-13105-capture-2026-09-28,Art. 1045,aula-08-revelia.html,unused,Art. 1045: Art. 1.045. Este Código entra em vigor após decorrido 1 (um) ano da data de sua publicação oficial.; o dispositivo não regula diretamente revelia ou reconvenção nesta aula.
cpc-lei-13105-capture-2026-09-28,Art. 1046,aula-08-revelia.html,unused,"Art. 1046: Art. 1.046. Ao entrar em vigor este Código, suas disposições se aplicarão desde logo aos processos pendentes, ficando revogada a; o dispositivo não regula diretamente revelia ou reconvenção nesta aula."
cpc-lei-13105-capture-2026-09-28,Art. 1047,aula-08-revelia.html,unused,Art. 1047: Art. 1.047. As disposições de direito probatório adotadas neste Código aplicam-se apenas às provas requeridas ou determinadas de ofício a partir da d…; o dispositivo não regula diretamente revelia ou reconvenção nesta aula.
cpc-lei-13105-capture-2026-09-28,Art. 1048,aula-08-revelia.html,unused,"Art. 1048: Art. 1.048. Terão prioridade de tramitação, em qualquer juízo ou tribunal, os procedimentos judiciais:; o dispositivo não regula diretamente revelia ou reconvenção nesta aula."
cpc-lei-13105-capture-2026-09-28,Art. 1049,aula-08-revelia.html,unused,"Art. 1049: Art. 1.049. Sempre que a lei remeter a procedimento previsto na lei processual sem especificá-lo, será observado o procedimento comum previsto neste…; o dispositivo não regula diretamente revelia ou reconvenção nesta aula."
cpc-lei-13105-capture-2026-09-28,Art. 1050,aula-08-revelia.html,unused,"Art. 1050: Art. 1.050. A União, os Estados, o Distrito Federal, os Municípios, suas respectivas entidades da administração indireta, o Ministério Público, a Def…; o dispositivo não regula diretamente revelia ou reconvenção nesta aula."
cpc-lei-13105-capture-2026-09-28,Art. 1051,aula-08-revelia.html,unused,Art. 1051: Art. 1.051. As empresas públicas e privadas devem cumprir o disposto no; o dispositivo não regula diretamente revelia ou reconvenção nesta aula.
cpc-lei-13105-capture-2026-09-28,Art. 1052,aula-08-revelia.html,unused,"Art. 1052: Art. 1.052. Até a edição de lei específica, as execuções contra devedor insolvente, em curso ou que venham a ser propostas, permanecem reguladas pelo; o dispositivo não regula diretamente revelia ou reconvenção nesta aula."
cpc-lei-13105-capture-2026-09-28,Art. 1053,aula-08-revelia.html,unused,"Art. 1053: Art. 1.053. Os atos processuais praticados por meio eletrônico até a transição definitiva para certificação digital ficam convalidados, ainda que não…; o dispositivo não regula diretamente revelia ou reconvenção nesta aula."
cpc-lei-13105-capture-2026-09-28,Art. 1054,aula-08-revelia.html,unused,Art. 1054: Art. 1.054. O disposto no; o dispositivo não regula diretamente revelia ou reconvenção nesta aula.
cpc-lei-13105-capture-2026-09-28,Art. 1055,aula-08-revelia.html,unused,Art. 1055: Art. 1.055. (VETADO).; o dispositivo não regula diretamente revelia ou reconvenção nesta aula.
cpc-lei-13105-capture-2026-09-28,Art. 1056,aula-08-revelia.html,unused,Art. 1056: Art. 1.056. Considerar-se-á como termo inicial do prazo da prescrição prevista no; o dispositivo não regula diretamente revelia ou reconvenção nesta aula.
cpc-lei-13105-capture-2026-09-28,Art. 1057,aula-08-revelia.html,unused,Art. 1057: Art. 1.057. O disposto no; o dispositivo não regula diretamente revelia ou reconvenção nesta aula.
cpc-lei-13105-capture-2026-09-28,Art. 1058,aula-08-revelia.html,unused,"Art. 1058: Art. 1.058. Em todos os casos em que houver recolhimento de importância em dinheiro, esta será depositada em nome da parte ou do interessado, em cont…; o dispositivo não regula diretamente revelia ou reconvenção nesta aula."
cpc-lei-13105-capture-2026-09-28,Art. 1059,aula-08-revelia.html,unused,Art. 1059: Art. 1.059. À tutela provisória requerida contra a Fazenda Pública aplica-se o disposto nos; o dispositivo não regula diretamente revelia ou reconvenção nesta aula.
cpc-lei-13105-capture-2026-09-28,Art. 1060,aula-08-revelia.html,unused,Art. 1060: Art. 1.060. O inciso II do art. 14 da; o dispositivo não regula diretamente revelia ou reconvenção nesta aula.
cpc-lei-13105-capture-2026-09-28,Art. 1061,aula-08-revelia.html,unused,Art. 1061: Art. 1.061. O § 3º do art. 33 da; o dispositivo não regula diretamente revelia ou reconvenção nesta aula.
cpc-lei-13105-capture-2026-09-28,Art. 1062,aula-08-revelia.html,unused,Art. 1062: Art. 1.062. O incidente de desconsideração da personalidade jurídica aplica-se ao processo de competência dos juizados especiais.; o dispositivo não regula diretamente revelia ou reconvenção nesta aula.
cpc-lei-13105-capture-2026-09-28,Art. 1063,aula-08-revelia.html,unused,"Art. 1063: Art. 1.063. Até a edição de lei específica, os juizados especiais cíveis previstos na; o dispositivo não regula diretamente revelia ou reconvenção nesta aula."
cpc-lei-13105-capture-2026-09-28,Art. 1064,aula-08-revelia.html,unused,Art. 1064: Art. 1.064. O; o dispositivo não regula diretamente revelia ou reconvenção nesta aula.
cpc-lei-13105-capture-2026-09-28,Art. 1065,aula-08-revelia.html,unused,Art. 1065: Art. 1.065. O art. 50 da; o dispositivo não regula diretamente revelia ou reconvenção nesta aula.
cpc-lei-13105-capture-2026-09-28,Art. 1066,aula-08-revelia.html,unused,Art. 1066: Art. 1.066. O art. 83 da; o dispositivo não regula diretamente revelia ou reconvenção nesta aula.
cpc-lei-13105-capture-2026-09-28,Art. 1067,aula-08-revelia.html,unused,Art. 1067: Art. 1.067. O art. 275 da; o dispositivo não regula diretamente revelia ou reconvenção nesta aula.
cpc-lei-13105-capture-2026-09-28,Art. 1068,aula-08-revelia.html,unused,Art. 1068: Art. 1.068. O art. 274 e o; o dispositivo não regula diretamente revelia ou reconvenção nesta aula.
cpc-lei-13105-capture-2026-09-28,Art. 1069,aula-08-revelia.html,unused,"Art. 1069: Art. 1.069. O Conselho Nacional de Justiça promoverá, periodicamente, pesquisas estatísticas para avaliação da efetividade das normas previstas neste…; o dispositivo não regula diretamente revelia ou reconvenção nesta aula."
cpc-lei-13105-capture-2026-09-28,Art. 1070,aula-08-revelia.html,unused,"Art. 1070: Art. 1.070. É de 15 (quinze) dias o prazo para a interposição de qualquer agravo, previsto em lei ou em regimento interno de tribunal, contra decisão…; o dispositivo não regula diretamente revelia ou reconvenção nesta aula."
cpc-lei-13105-capture-2026-09-28,Art. 1071,aula-08-revelia.html,unused,Art. 1071: Art. 1.071. O Capítulo III do Título V da; o dispositivo não regula diretamente revelia ou reconvenção nesta aula.
cpc-lei-13105-capture-2026-09-28,Art. 1072,aula-08-revelia.html,unused,Art. 1072: Art. 1.072. Revogam-se:; o dispositivo não regula diretamente revelia ou reconvenção nesta aula.
cronograma-processo-civil-2026-2,cronograma-completo,aula-08-revelia.html,unused,"O cronograma localiza a leitura e a semana, mas não desenvolve doutrina ou regra processual para a aula."
didier-curso-vol1-2017,00-front-matter,aula-08-revelia.html,unused,"O trecho pré-textual/referencial de Didier Jr., Curso de direito processual civil, vol. 1, 19ª ed. (2017) não desenvolve o conteúdo da aula."
didier-curso-vol1-2017,ch01-s01,aula-08-revelia.html,unused,"O capítulo “Introdução ao Direito Processual Civil — 1. Tar.to mais consistente um pem:amento, tanto maior o número de conexõ2s feitas entre abordagens” trata de tema diverso do recorte de revelia e reconvenção desta aula."
didier-curso-vol1-2017,ch01-s02,aula-08-revelia.html,unused,"O capítulo “Introdução ao Direito Processual Civil — 12. Desde Bülow {BÜLOW, Oskar. Lo teoria de los excepciones procesoles y los presupuestos procesal…” trata de tema diverso do recorte de revelia e reconvenção desta aula."
didier-curso-vol1-2017,ch02-s01,aula-08-revelia.html,unused,"O capítulo “Normas fundamentais do Processo Civil — 1. A ideia foi encampada pelo Fórum Permanente de Processualistas Civis, no enunciado n. 370: ""Norma” trata de tema diverso do recorte de revelia e reconvenção desta aula."
didier-curso-vol1-2017,ch02-s02,aula-08-revelia.html,unused,"O capítulo “Normas fundamentais do Processo Civil — 25. BONAVIDES, Paulo. Curso de Direito Constitucional. 12a ed. rev. amp. São Paulo: Matheiros Ed.,…” trata de tema diverso do recorte de revelia e reconvenção desta aula."
didier-curso-vol1-2017,ch02-s03,aula-08-revelia.html,unused,"O capítulo “Normas fundamentais do Processo Civil — 25. BONAVIDES, Paulo. Curso de Direito Constitucional. 12a ed. rev. amp. São Paulo: Matheiros Ed.,…” trata de tema diverso do recorte de revelia e reconvenção desta aula."
didier-curso-vol1-2017,ch03-s01,aula-08-revelia.html,unused,O capítulo “Jurisdição — Opening” trata de tema diverso do recorte de revelia e reconvenção desta aula.
didier-curso-vol1-2017,ch03-s02,aula-08-revelia.html,unused,"O capítulo “Jurisdição — 29. ALMEIDA, Diogo Assumpção Rezende. ""O princípio da adequação e os métodos de solução de con-” trata de tema diverso do recorte de revelia e reconvenção desta aula."
didier-curso-vol1-2017,ch04-s01,aula-08-revelia.html,unused,O capítulo “Competência — Opening” trata de tema diverso do recorte de revelia e reconvenção desta aula.
didier-curso-vol1-2017,ch04-s02,aula-08-revelia.html,unused,O capítulo “Competência — 9. Há precedente do STJ nesse sentido: NCOMPETtNCIA. Imóvel. Reivindicatória. Desmembramento da” trata de tema diverso do recorte de revelia e reconvenção desta aula.
didier-curso-vol1-2017,ch04-s03,aula-08-revelia.html,unused,O capítulo “Competência — 1. perante os órgãos Judiciários da União (Tribunais Superiores) e” trata de tema diverso do recorte de revelia e reconvenção desta aula.
didier-curso-vol1-2017,ch05,aula-08-revelia.html,unused,O capítulo “Mediação e conciliação” trata de tema diverso do recorte de revelia e reconvenção desta aula.
didier-curso-vol1-2017,ch06,aula-08-revelia.html,unused,O capítulo “Teoria da ação: da ação e do direito de ação” trata de tema diverso do recorte de revelia e reconvenção desta aula.
didier-curso-vol1-2017,ch07-s01,aula-08-revelia.html,unused,O capítulo “Pressupostos processuais — Opening” trata de tema diverso do recorte de revelia e reconvenção desta aula.
didier-curso-vol1-2017,ch07-s02,aula-08-revelia.html,unused,"O capítulo “Pressupostos processuais — 23. Nesse sentido, enunciado n. 383 do Fórum Permanente de Processualistas Civis: uAs autarquias e” trata de tema diverso do recorte de revelia e reconvenção desta aula."
didier-curso-vol1-2017,ch08,aula-08-revelia.html,unused,O capítulo “Teoria dos fatos jurídicos processuais” trata de tema diverso do recorte de revelia e reconvenção desta aula.
didier-curso-vol1-2017,ch09,aula-08-revelia.html,unused,O capítulo “Invalidades processuais” trata de tema diverso do recorte de revelia e reconvenção desta aula.
didier-curso-vol1-2017,ch10,aula-08-revelia.html,unused,O capítulo “Preclusão” trata de tema diverso do recorte de revelia e reconvenção desta aula.
didier-curso-vol1-2017,ch11,aula-08-revelia.html,unused,O capítulo “Teoria da cognição judicial” trata de tema diverso do recorte de revelia e reconvenção desta aula.
didier-curso-vol1-2017,ch12,aula-08-revelia.html,unused,O capítulo “Litisconsórcio” trata de tema diverso do recorte de revelia e reconvenção desta aula.
didier-curso-vol1-2017,ch13-s01,aula-08-revelia.html,unused,O capítulo “Intervenção de terceiro — Opening” trata de tema diverso do recorte de revelia e reconvenção desta aula.
didier-curso-vol1-2017,ch13-s02,aula-08-revelia.html,unused,"O capítulo “Intervenção de terceiro — 30. ""Na verdade, o pedido deduzido na ação principal é questão preliminar em relação à demanda objeto” trata de tema diverso do recorte de revelia e reconvenção desta aula."
didier-curso-vol1-2017,ch13-s03,aula-08-revelia.html,unused,"O capítulo “Intervenção de terceiro — 30. ""Na verdade, o pedido deduzido na ação principal é questão preliminar em relação à demanda objeto” trata de tema diverso do recorte de revelia e reconvenção desta aula."
didier-curso-vol1-2017,ch14,aula-08-revelia.html,unused,O capítulo “Alienação da coisa ou do direito litigioso” trata de tema diverso do recorte de revelia e reconvenção desta aula.
didier-curso-vol1-2017,ch15-s01,aula-08-revelia.html,unused,O capítulo “Formação do processo e petição inicial — Opening” trata de tema diverso do recorte de revelia e reconvenção desta aula.
didier-curso-vol1-2017,ch15-s02,aula-08-revelia.html,unused,"O capítulo “Formação do processo e petição inicial — 13. Assim, enunciado n. 281 do Fórum Permanente de Processualistas Civis: ""A indicação do disposit…” trata de tema diverso do recorte de revelia e reconvenção desta aula."
didier-curso-vol1-2017,ch16,aula-08-revelia.html,unused,O capítulo “Improcedência liminar do pedido” trata de tema diverso do recorte de revelia e reconvenção desta aula.
didier-curso-vol1-2017,ch17,aula-08-revelia.html,unused,O capítulo de citação trata do ato que antecede a resposta do réu; a regularidade da citação pertence à aula própria e não desenvolve as consequências da revelia nem a reconvenção.
didier-curso-vol1-2017,ch18,aula-08-revelia.html,unused,O capítulo “Audiência preliminar de conciliação ou mediação” trata de tema diverso do recorte de revelia e reconvenção desta aula.
didier-curso-vol1-2017,ch19-s01,aula-08-revelia.html,primary,"Parte inicial do capítulo 19 do livro básico essencial Didier, mapeado pelo título ao intervalo atribuído; organiza respostas do réu, contestação e a entrada na reconvenção."
didier-curso-vol1-2017,ch19-s02,aula-08-revelia.html,primary,"Parte final do mesmo capítulo 19 do Didier essencial, dividido em duas unidades S2; desenvolve reconvenção e revelia, completando o recorte desta aula."
didier-curso-vol1-2017,ch20,aula-08-revelia.html,unused,O capítulo “Arguição de impedimento ou suspeição” trata de tema diverso do recorte de revelia e reconvenção desta aula.
didier-curso-vol1-2017,ch21,aula-08-revelia.html,unused,O capítulo “Providências preliminares e julgamento conforme o estado do processo” trata de tema diverso do recorte de revelia e reconvenção desta aula.
didier-curso-vol1-2017,ch22,aula-08-revelia.html,unused,O capítulo “Extinção do processo” trata de tema diverso do recorte de revelia e reconvenção desta aula.
didier-curso-vol1-2017,ch23,aula-08-revelia.html,unused,O capítulo “Suspensão do processo” trata de tema diverso do recorte de revelia e reconvenção desta aula.
didier-curso-vol1-2017,24-bibliography-01,aula-08-revelia.html,unused,"O trecho pré-textual/referencial de Didier Jr., Curso de direito processual civil, vol. 1, 19ª ed. (2017) não desenvolve o conteúdo da aula."
didier-curso-vol1-2017,24-bibliography-02,aula-08-revelia.html,unused,"O trecho pré-textual/referencial de Didier Jr., Curso de direito processual civil, vol. 1, 19ª ed. (2017) não desenvolve o conteúdo da aula."
didier-resposta-reu-revelia,assigned-reading,aula-08-revelia.html,primary,"Leitura atribuída à Semana 8 (Didier, pp. 637–670), dedicada à resposta do réu e à revelia; sustenta a distinção entre a ausência de contestação e a formulação de pretensão reconvencional."
eid-litisconsorcio-unitario,assigned-reading,aula-08-revelia.html,unused,"O capítulo “EID, Litisconsórcio unitário, pp. 25–69” trata de tema diverso do recorte de revelia e reconvenção desta aula."
exam-2015-1-avaliacao-1,exam-2015-1-avaliacao-1,aula-08-revelia.html,unused,A avaliação não traz questão diretamente dedicada a revelia ou reconvenção; seus itens pertencem a outros pontos do cronograma.
exam-2015-1-avaliacao-2,exam-2015-1-avaliacao-2,aula-08-revelia.html,supporting,"As questões 1–2 tratam dos efeitos da revelia e a 3 da reconvenção, oferecendo prática direta para o recorte; atualizar o enquadramento antes de reutilizar uma avaliação antiga."
exam-2017-2-p1,exam-2017-2-p1,aula-08-revelia.html,unused,A avaliação não traz questão diretamente dedicada a revelia ou reconvenção; seus itens pertencem a outros pontos do cronograma.
exam-2018-1-p1,document,aula-08-revelia.html,unused,A avaliação não traz questão diretamente dedicada a revelia ou reconvenção; seus itens pertencem a outros pontos do cronograma.
exam-2018-2-p1-v1,document,aula-08-revelia.html,unused,A avaliação não traz questão diretamente dedicada a revelia ou reconvenção; seus itens pertencem a outros pontos do cronograma.
exam-2018-2-p1-v2,document,aula-08-revelia.html,unused,A avaliação não traz questão diretamente dedicada a revelia ou reconvenção; seus itens pertencem a outros pontos do cronograma.
exam-2019-2-p1,document,aula-08-revelia.html,unused,A avaliação não traz questão diretamente dedicada a revelia ou reconvenção; seus itens pertencem a outros pontos do cronograma.
exam-2025-2-p1-candidate,document,aula-08-revelia.html,unused,A avaliação não traz questão diretamente dedicada a revelia ou reconvenção; seus itens pertencem a outros pontos do cronograma.
exam-questions-extract-2026-09-28,exam-questions-extract-2026-09-28,aula-08-revelia.html,unused,"A extração de 28 questões é um ponto de partida a reconciliar; as questões sobre revelia e reconvenção pertencem ao original 2015/1 Avaliação 2, incluído diretamente para evitar duplicar a cópia derivada."
knijnik-prova-caps1-2,assigned-reading,aula-08-revelia.html,unused,"O capítulo “Knijnik, A prova nos juízos cível, penal e tributário, caps. I–II, pp. 3–48” trata de tema diverso do recorte de revelia e reconvenção desta aula."
koplin-audiencias,artigo-audiencias,aula-08-revelia.html,unused,"O capítulo “Klaus Cohen Koplin, Um panorama geral sobre as audiências no novo Código de Processo Civil brasileiro” trata de tema diverso do recorte de revelia e reconvenção desta aula."
lucon-cpc-355-357,assigned-reading,aula-08-revelia.html,unused,"O capítulo “Lucon, Comentários aos arts. 355–357 do CPC/2015, pp. 586–596” trata de tema diverso do recorte de revelia e reconvenção desta aula."
marinoni-novo-curso-vol1-2017,front-matter,aula-08-revelia.html,unused,"O trecho pré-textual/referencial de Marinoni/Arenhart/Mitidiero, Novo Curso, vol. 1 (2017) não desenvolve o conteúdo da aula."
marinoni-novo-curso-vol1-2017,introducao,aula-08-revelia.html,unused,O capítulo “Introdução — teoria do processo civil” trata de tema diverso do recorte de revelia e reconvenção desta aula.
marinoni-novo-curso-vol1-2017,parte-i-cap-01,aula-08-revelia.html,unused,"O capítulo “Parte I, capítulo 1 — A Influência Dos Valores Do Estado Liberal De Direito E Do Positivismo Jurídico Sobre Os Conceitos Clássicos De Juris…” trata de tema diverso do recorte de revelia e reconvenção desta aula."
marinoni-novo-curso-vol1-2017,parte-i-cap-02,aula-08-revelia.html,unused,"O capítulo “Parte I, capítulo 2 — Do Mito Do Cognitivismo Interpretativo E Do Logicismo Na Aplicação Do Direito No Positivismo Clássico À Dupla Indeter…” trata de tema diverso do recorte de revelia e reconvenção desta aula."
marinoni-novo-curso-vol1-2017,parte-i-cap-03,aula-08-revelia.html,unused,"O capítulo “Parte I, capítulo 3 — A Transformação Do Princípio Da Legalidade: Da Legalidade Formal Pelas Regras À Legalidade Substancial Pelas Normas” trata de tema diverso do recorte de revelia e reconvenção desta aula."
marinoni-novo-curso-vol1-2017,parte-i-cap-04,aula-08-revelia.html,unused,"O capítulo “Parte I, capítulo 4 — O Controle Da Constitucionalidade Pelo Juiz Singular No Direito Brasileiro” trata de tema diverso do recorte de revelia e reconvenção desta aula."
marinoni-novo-curso-vol1-2017,parte-i-cap-05,aula-08-revelia.html,unused,"O capítulo “Parte I, capítulo 5 — A Teoria Dos Direitos Fundamentais” trata de tema diverso do recorte de revelia e reconvenção desta aula."
marinoni-novo-curso-vol1-2017,parte-i-cap-06,aula-08-revelia.html,unused,"O capítulo “Parte I, capítulo 6 — A Jurisdição No Estado Constitucional” trata de tema diverso do recorte de revelia e reconvenção desta aula."
marinoni-novo-curso-vol1-2017,parte-i-cap-07,aula-08-revelia.html,unused,"O capítulo “Parte I, capítulo 7 — A Jurisdição E A Justiça Civil” trata de tema diverso do recorte de revelia e reconvenção desta aula."
marinoni-novo-curso-vol1-2017,parte-i-cap-08,aula-08-revelia.html,unused,"O capítulo “Parte I, capítulo 8 — A Jurisdição No Quadro Das Formas De Resolução De Litígios” trata de tema diverso do recorte de revelia e reconvenção desta aula."
marinoni-novo-curso-vol1-2017,parte-i-cap-09,aula-08-revelia.html,unused,"O capítulo “Parte I, capítulo 9 — O Direito À Jurisdição E Ao Juiz Natural Na Constituição E No Novo Código De Processo Civil” trata de tema diverso do recorte de revelia e reconvenção desta aula."
marinoni-novo-curso-vol1-2017,parte-ii-cap-01,aula-08-revelia.html,unused,"O capítulo “Parte II, capítulo 1 — As Teorias Da Ação E A Posição Do Novo Cpc. Primeiros Apontamentos Para Uma Concepção Adequada Ao Estado Constitucio…” trata de tema diverso do recorte de revelia e reconvenção desta aula."
marinoni-novo-curso-vol1-2017,parte-ii-cap-02,aula-08-revelia.html,unused,"O capítulo “Parte II, capítulo 2 — A Influência Dos Valores Do Estado Social Sobre O Direito De Ação” trata de tema diverso do recorte de revelia e reconvenção desta aula."
marinoni-novo-curso-vol1-2017,parte-ii-cap-03,aula-08-revelia.html,unused,"O capítulo “Parte II, capítulo 3 — O Direito De Ação No Quadro Dos Direitos Fundamentais” trata de tema diverso do recorte de revelia e reconvenção desta aula."
marinoni-novo-curso-vol1-2017,parte-ii-cap-04,aula-08-revelia.html,unused,"O capítulo “Parte II, capítulo 4 — O Conteúdo Do Direito De Ação A Partir Da Constituição E Do Novo Código De Processo Civil” trata de tema diverso do recorte de revelia e reconvenção desta aula."
marinoni-novo-curso-vol1-2017,parte-ii-cap-05,aula-08-revelia.html,unused,"O capítulo “Parte II, capítulo 5 — Da Ação Abstrata E Uniforme (Ação Única) À Ação Adequada À Tutela Do Direito Material E Ao Caso Concreto” trata de tema diverso do recorte de revelia e reconvenção desta aula."
marinoni-novo-curso-vol1-2017,parte-iii-cap-01,aula-08-revelia.html,unused,"O capítulo “Parte II, capítulo 1 — Conceito De Direito De Defesa” trata de tema diverso do recorte de revelia e reconvenção desta aula."
marinoni-novo-curso-vol1-2017,parte-iii-cap-02,aula-08-revelia.html,unused,"O capítulo “Parte II, capítulo 2 — Direito De Defesa E Acesso À Justiça” trata de tema diverso do recorte de revelia e reconvenção desta aula."
marinoni-novo-curso-vol1-2017,parte-iii-cap-03,aula-08-revelia.html,unused,"O capítulo “Parte II, capítulo 3 — O Direito De Defesa Na Constituição. O Significado Do Direito À Ampla Defesa” trata de tema diverso do recorte de revelia e reconvenção desta aula."
marinoni-novo-curso-vol1-2017,parte-iii-cap-04,aula-08-revelia.html,unused,"O capítulo “Parte II, capítulo 4 — O Direito De Defesa No Novo Código De Processo Civil” trata de tema diverso do recorte de revelia e reconvenção desta aula."
marinoni-novo-curso-vol1-2017,parte-iii-cap-05,aula-08-revelia.html,unused,"O capítulo “Parte II, capítulo 5 — O Direito Fundamental De Defesa Diante Do Direito Fundamental De Ação” trata de tema diverso do recorte de revelia e reconvenção desta aula."
marinoni-novo-curso-vol1-2017,parte-iii-cap-06,aula-08-revelia.html,unused,"O capítulo “Parte II, capítulo 6 — Problematização Do Direito Fundamental De Defesa” trata de tema diverso do recorte de revelia e reconvenção desta aula."
marinoni-novo-curso-vol1-2017,parte-iv-cap-01,aula-08-revelia.html,unused,"O capítulo “Parte IV, capítulo 1 — Processo E Procedimento Na Doutrina Clássica” trata de tema diverso do recorte de revelia e reconvenção desta aula."
marinoni-novo-curso-vol1-2017,parte-iv-cap-02,aula-08-revelia.html,unused,"O capítulo “Parte IV, capítulo 2 — Bases Para Um Novo Conceito De Processo” trata de tema diverso do recorte de revelia e reconvenção desta aula."
marinoni-novo-curso-vol1-2017,parte-iv-cap-03,aula-08-revelia.html,unused,"O capítulo “Parte IV, capítulo 3 — O Processo Na Perspectiva Dos Direitos Fundamentais. O Direito Fundamental Ao Processo Justo E Sua Densificação Cons…” trata de tema diverso do recorte de revelia e reconvenção desta aula."
marinoni-novo-curso-vol1-2017,parte-iv-cap-04,aula-08-revelia.html,unused,"O capítulo “Parte IV, capítulo 4 — O Processo, Os Pressupostos Processuais E O Mérito Da Causa” trata de tema diverso do recorte de revelia e reconvenção desta aula."
marinoni-novo-curso-vol1-2017,parte-iv-cap-05,aula-08-revelia.html,unused,"O capítulo “Parte IV, capítulo 5 — Processo De Conhecimento E Processo De Execução No Novo Código De Processo Civil” trata de tema diverso do recorte de revelia e reconvenção desta aula."
marinoni-novo-curso-vol1-2017,referencias-bibliograficas,aula-08-revelia.html,unused,"O trecho pré-textual/referencial de Marinoni/Arenhart/Mitidiero, Novo Curso, vol. 1 (2017) não desenvolve o conteúdo da aula."
marinoni-novo-curso-vol2,01,aula-08-revelia.html,unused,O capítulo “Técnica processual e tutela dos direitos” trata de tema diverso do recorte de revelia e reconvenção desta aula.
marinoni-novo-curso-vol2,02,aula-08-revelia.html,unused,O capítulo “Jurisdição e competência” trata de tema diverso do recorte de revelia e reconvenção desta aula.
marinoni-novo-curso-vol2,03a,aula-08-revelia.html,unused,O capítulo “Participação no processo: itens 3.1–3.3” trata de tema diverso do recorte de revelia e reconvenção desta aula.
marinoni-novo-curso-vol2,03b,aula-08-revelia.html,unused,O capítulo “Participação no processo: item 3.4 e caso” trata de tema diverso do recorte de revelia e reconvenção desta aula.
marinoni-novo-curso-vol2,04,aula-08-revelia.html,unused,O capítulo “Atos processuais” trata de tema diverso do recorte de revelia e reconvenção desta aula.
marinoni-novo-curso-vol2,05,aula-08-revelia.html,unused,"O capítulo “Formação, suspensão e extinção do processo” trata de tema diverso do recorte de revelia e reconvenção desta aula."
marinoni-novo-curso-vol2,06,aula-08-revelia.html,unused,O capítulo “Procedimento comum” trata de tema diverso do recorte de revelia e reconvenção desta aula.
marinoni-novo-curso-vol2,07,aula-08-revelia.html,unused,O capítulo “Petição inicial” trata de tema diverso do recorte de revelia e reconvenção desta aula.
marinoni-novo-curso-vol2,08,aula-08-revelia.html,unused,O capítulo “Audiência de conciliação ou de mediação” trata de tema diverso do recorte de revelia e reconvenção desta aula.
marinoni-novo-curso-vol2,09,aula-08-revelia.html,supporting,"Capítulo delimitado sobre as atitudes do réu, com seções próprias de contestação, reconvenção e revelia; oferece tratamento procedimental complementar ao capítulo-base selecionado."
marinoni-novo-curso-vol2,10,aula-08-revelia.html,unused,O capítulo “Antecipação da tutela” trata de tema diverso do recorte de revelia e reconvenção desta aula.
marinoni-novo-curso-vol2,11,aula-08-revelia.html,unused,O capítulo “Julgamento conforme o estado do processo” trata de tema diverso do recorte de revelia e reconvenção desta aula.
marinoni-novo-curso-vol2,12,aula-08-revelia.html,unused,O capítulo “Organização do processo” trata de tema diverso do recorte de revelia e reconvenção desta aula.
marinoni-novo-curso-vol2,13,aula-08-revelia.html,unused,O capítulo “Audiência de instrução e julgamento” trata de tema diverso do recorte de revelia e reconvenção desta aula.
marinoni-novo-curso-vol2,14.01,aula-08-revelia.html,unused,O capítulo “Prova” trata de tema diverso do recorte de revelia e reconvenção desta aula.
marinoni-novo-curso-vol2,14.02,aula-08-revelia.html,unused,O capítulo “Prova” trata de tema diverso do recorte de revelia e reconvenção desta aula.
marinoni-novo-curso-vol2,14.03,aula-08-revelia.html,unused,O capítulo “Prova” trata de tema diverso do recorte de revelia e reconvenção desta aula.
marinoni-novo-curso-vol2,14.04,aula-08-revelia.html,unused,O capítulo “Prova” trata de tema diverso do recorte de revelia e reconvenção desta aula.
marinoni-novo-curso-vol2,14.05,aula-08-revelia.html,unused,O capítulo “Prova” trata de tema diverso do recorte de revelia e reconvenção desta aula.
marinoni-novo-curso-vol2,14.06,aula-08-revelia.html,unused,O capítulo “Prova” trata de tema diverso do recorte de revelia e reconvenção desta aula.
marinoni-novo-curso-vol2,14.07,aula-08-revelia.html,unused,O capítulo “Prova” trata de tema diverso do recorte de revelia e reconvenção desta aula.
marinoni-novo-curso-vol2,15.01,aula-08-revelia.html,unused,O capítulo “Sentença” trata de tema diverso do recorte de revelia e reconvenção desta aula.
marinoni-novo-curso-vol2,15.02,aula-08-revelia.html,unused,O capítulo “Sentença” trata de tema diverso do recorte de revelia e reconvenção desta aula.
marinoni-novo-curso-vol2,15.03,aula-08-revelia.html,unused,O capítulo “Sentença” trata de tema diverso do recorte de revelia e reconvenção desta aula.
marinoni-novo-curso-vol2,15.04,aula-08-revelia.html,unused,O capítulo “Sentença” trata de tema diverso do recorte de revelia e reconvenção desta aula.
marinoni-novo-curso-vol2,16.01,aula-08-revelia.html,unused,O capítulo “Recursos” trata de tema diverso do recorte de revelia e reconvenção desta aula.
marinoni-novo-curso-vol2,16.02,aula-08-revelia.html,unused,O capítulo “Recursos” trata de tema diverso do recorte de revelia e reconvenção desta aula.
marinoni-novo-curso-vol2,16.03,aula-08-revelia.html,unused,O capítulo “Recursos” trata de tema diverso do recorte de revelia e reconvenção desta aula.
marinoni-novo-curso-vol2,17.01,aula-08-revelia.html,unused,O capítulo “Processo nos tribunais” trata de tema diverso do recorte de revelia e reconvenção desta aula.
marinoni-novo-curso-vol2,17.02,aula-08-revelia.html,unused,O capítulo “Processo nos tribunais” trata de tema diverso do recorte de revelia e reconvenção desta aula.
marinoni-novo-curso-vol2,18,aula-08-revelia.html,unused,O capítulo “Precedentes” trata de tema diverso do recorte de revelia e reconvenção desta aula.
marinoni-novo-curso-vol2,19.01,aula-08-revelia.html,unused,O capítulo “Coisa julgada” trata de tema diverso do recorte de revelia e reconvenção desta aula.
marinoni-novo-curso-vol2,19.02,aula-08-revelia.html,unused,O capítulo “Coisa julgada” trata de tema diverso do recorte de revelia e reconvenção desta aula.
marinoni-novo-curso-vol2,21,aula-08-revelia.html,unused,O capítulo “Teoria da efetivação das decisões judiciais mediante cumprimento de sentença (abertura e item 1.1)” trata de tema diverso do recorte de revelia e reconvenção desta aula.
marinoni-novo-curso-vol2,23,aula-08-revelia.html,unused,O capítulo “1.2 Panorama histórico da efetivação de sentenças” trata de tema diverso do recorte de revelia e reconvenção desta aula.
marinoni-novo-curso-vol2,24,aula-08-revelia.html,unused,O capítulo “1.3 Técnica executiva e tutela dos direitos” trata de tema diverso do recorte de revelia e reconvenção desta aula.
marinoni-novo-curso-vol2,25,aula-08-revelia.html,unused,O capítulo “1.4 Princípios fundamentais da execução” trata de tema diverso do recorte de revelia e reconvenção desta aula.
marinoni-novo-curso-vol2,26,aula-08-revelia.html,unused,O capítulo “1.5 As formas de execução” trata de tema diverso do recorte de revelia e reconvenção desta aula.
marinoni-novo-curso-vol2,27,aula-08-revelia.html,unused,"O capítulo “1.6 O art. 515, I, do CPC e as sentenças que dependem de execução” trata de tema diverso do recorte de revelia e reconvenção desta aula."
marinoni-novo-curso-vol2,28,aula-08-revelia.html,unused,O capítulo “1.7 Os títulos executivos judiciais” trata de tema diverso do recorte de revelia e reconvenção desta aula.
marinoni-novo-curso-vol2,29,aula-08-revelia.html,unused,O capítulo “1.8 Liquidação da obrigação” trata de tema diverso do recorte de revelia e reconvenção desta aula.
marinoni-novo-curso-vol2,30,aula-08-revelia.html,unused,O capítulo “1.9 Questões gerais do procedimento de cumprimento de sentença” trata de tema diverso do recorte de revelia e reconvenção desta aula.
marinoni-novo-curso-vol2,38,aula-08-revelia.html,unused,"O capítulo “2.1 Imposição de fazer e de não fazer, prestação da tutela do direito e meios de execução adequados” trata de tema diverso do recorte de revelia e reconvenção desta aula."
marinoni-novo-curso-vol2,39,aula-08-revelia.html,unused,O capítulo “2.2 Técnicas de execução e controle do poder executivo do juiz” trata de tema diverso do recorte de revelia e reconvenção desta aula.
marinoni-novo-curso-vol2,40,aula-08-revelia.html,unused,O capítulo “2.3 Defesa do executado” trata de tema diverso do recorte de revelia e reconvenção desta aula.
marinoni-novo-curso-vol2,41,aula-08-revelia.html,unused,O capítulo “2.4 A sentença que reconhece obrigação de prestar declaração de vontade” trata de tema diverso do recorte de revelia e reconvenção desta aula.
marinoni-novo-curso-vol2,32,aula-08-revelia.html,unused,O capítulo “A sentença que reconhece a obrigação de entregar coisa” trata de tema diverso do recorte de revelia e reconvenção desta aula.
marinoni-novo-curso-vol2,42,aula-08-revelia.html,unused,O capítulo “4.1 Tutela pecuniária e técnicas de execução” trata de tema diverso do recorte de revelia e reconvenção desta aula.
marinoni-novo-curso-vol2,43,aula-08-revelia.html,unused,O capítulo “4.2 Fase inicial da execução” trata de tema diverso do recorte de revelia e reconvenção desta aula.
marinoni-novo-curso-vol2,51,aula-08-revelia.html,unused,O capítulo “4.3.1–4.3.2 Penhora e responsabilidade patrimonial” trata de tema diverso do recorte de revelia e reconvenção desta aula.
marinoni-novo-curso-vol2,52,aula-08-revelia.html,unused,O capítulo “4.3.3–4.3.4 Bens de terceiros e fraude” trata de tema diverso do recorte de revelia e reconvenção desta aula.
marinoni-novo-curso-vol2,53,aula-08-revelia.html,unused,O capítulo “4.3.5 Procedimento da penhora” trata de tema diverso do recorte de revelia e reconvenção desta aula.
marinoni-novo-curso-vol2,45,aula-08-revelia.html,unused,O capítulo “4.4 Providências preliminares à satisfação do credor” trata de tema diverso do recorte de revelia e reconvenção desta aula.
marinoni-novo-curso-vol2,46,aula-08-revelia.html,unused,O capítulo “4.5 A defesa do executado” trata de tema diverso do recorte de revelia e reconvenção desta aula.
marinoni-novo-curso-vol2,47,aula-08-revelia.html,unused,O capítulo “4.6 Satisfação do credor” trata de tema diverso do recorte de revelia e reconvenção desta aula.
marinoni-novo-curso-vol2,48,aula-08-revelia.html,unused,O capítulo “4.7 Entrega do dinheiro ao credor e caso” trata de tema diverso do recorte de revelia e reconvenção desta aula.
marinoni-novo-curso-vol2,34,aula-08-revelia.html,unused,O capítulo “Suspensão e conclusão do cumprimento de sentença” trata de tema diverso do recorte de revelia e reconvenção desta aula.
marinoni-novo-curso-vol2,35,aula-08-revelia.html,unused,O capítulo “A execução da decisão provisória” trata de tema diverso do recorte de revelia e reconvenção desta aula.
marinoni-novo-curso-vol2,49,aula-08-revelia.html,unused,O capítulo “7.1 Cumprimento de decisão de prestação alimentícia” trata de tema diverso do recorte de revelia e reconvenção desta aula.
marinoni-novo-curso-vol2,50,aula-08-revelia.html,unused,O capítulo “7.2 Cumprimento contra a Fazenda Pública e caso” trata de tema diverso do recorte de revelia e reconvenção desta aula.
marinoni-novo-curso-vol2,37,aula-08-revelia.html,unused,O capítulo “Particularidades da execução dos demais títulos judiciais” trata de tema diverso do recorte de revelia e reconvenção desta aula.
mitidiero-processo-civil-2022,capitulo-i,aula-08-revelia.html,unused,O capítulo “Capítulo I: O Mapa” trata de tema diverso do recorte de revelia e reconvenção desta aula.
mitidiero-processo-civil-2022,capitulo-ii,aula-08-revelia.html,unused,O capítulo “Capítulo II: O Ouriço e a Raposa” trata de tema diverso do recorte de revelia e reconvenção desta aula.
mitidiero-processo-civil-2022,capitulo-iii-1,aula-08-revelia.html,unused,"O capítulo “Capítulo III, § 3.1: Ação e defesa” trata de tema diverso do recorte de revelia e reconvenção desta aula."
mitidiero-processo-civil-2022,capitulo-iii-2,aula-08-revelia.html,unused,"O capítulo “Capítulo III, § 3.2: Jurisdição” trata de tema diverso do recorte de revelia e reconvenção desta aula."
mitidiero-processo-civil-2022,capitulo-iii-3,aula-08-revelia.html,unused,"O capítulo “Capítulo III, § 3.3: Processo” trata de tema diverso do recorte de revelia e reconvenção desta aula."
mitidiero-processo-civil-2022,capitulo-iii-4,aula-08-revelia.html,unused,"O capítulo “Capítulo III, § 3.4: Princípios formativos, devido processo e normas fundamentais” trata de tema diverso do recorte de revelia e reconvenção desta aula."
mitidiero-processo-civil-2022,capitulo-iv-1,aula-08-revelia.html,unused,"O capítulo “Capítulo IV, § 4.1: Procedimento” trata de tema diverso do recorte de revelia e reconvenção desta aula."
mitidiero-processo-civil-2022,capitulo-iv-2,aula-08-revelia.html,unused,"O capítulo “Capítulo IV, § 4.2: Participantes” trata de tema diverso do recorte de revelia e reconvenção desta aula."
mitidiero-processo-civil-2022,capitulo-iv-3,aula-08-revelia.html,unused,"O capítulo “Capítulo IV, § 4.3: Atos processuais” trata de tema diverso do recorte de revelia e reconvenção desta aula."
mitidiero-processo-civil-2022,capitulo-iv-4,aula-08-revelia.html,unused,"O capítulo “Capítulo IV, § 4.4: Formação, suspensão e extinção do processo” trata de tema diverso do recorte de revelia e reconvenção desta aula."
mitidiero-processo-civil-2022,capitulo-v-1,aula-08-revelia.html,unused,"O capítulo “Capítulo V, § 5.1: Procedimento comum” trata de tema diverso do recorte de revelia e reconvenção desta aula."
mitidiero-processo-civil-2022,capitulo-v-2,aula-08-revelia.html,unused,"O capítulo “Capítulo V, § 5.2: Fase de conhecimento” trata de tema diverso do recorte de revelia e reconvenção desta aula."
mitidiero-processo-civil-2022,capitulo-v-3,aula-08-revelia.html,unused,"O capítulo “Capítulo V, § 5.3: Fase de cumprimento” trata de tema diverso do recorte de revelia e reconvenção desta aula."
mitidiero-processo-civil-2022,capitulo-vi-1,aula-08-revelia.html,unused,"O capítulo “Capítulo VI, § 6.1: Cortes de Justiça e Cortes Supremas” trata de tema diverso do recorte de revelia e reconvenção desta aula."
mitidiero-processo-civil-2022,capitulo-vi-2,aula-08-revelia.html,unused,"O capítulo “Capítulo VI, § 6.2: Recursos” trata de tema diverso do recorte de revelia e reconvenção desta aula."
mitidiero-processo-civil-2022,capitulo-vi-3,aula-08-revelia.html,unused,"O capítulo “Capítulo VI, § 6.3: Incidentes” trata de tema diverso do recorte de revelia e reconvenção desta aula."
mitidiero-processo-civil-2022,capitulo-vi-4,aula-08-revelia.html,unused,"O capítulo “Capítulo VI, § 6.4: Ações” trata de tema diverso do recorte de revelia e reconvenção desta aula."
mitidiero-processo-civil-2022,capitulo-vii,aula-08-revelia.html,unused,O capítulo “Capítulo VII: Os Moinhos de Vento” trata de tema diverso do recorte de revelia e reconvenção desta aula.
mitidiero-processo-civil-2022,capitulo-viii,aula-08-revelia.html,unused,O capítulo “Capítulo VIII: Uma História sem Fim” trata de tema diverso do recorte de revelia e reconvenção desta aula.
moodle-export-ar,moodle-export-ar,aula-08-revelia.html,unused,Detached Moodle export: Exemplo de AR trata de comunicação/citação ou documento de outra etapa; não explica os efeitos da revelia nem a demanda reconvencional.
moodle-export-certidao-ne,moodle-export-certidao-ne,aula-08-revelia.html,unused,Detached Moodle export: Exemplo de Certificação de NE (autos físicos) trata de comunicação/citação ou documento de outra etapa; não explica os efeitos da revelia nem a demanda reconvencional.
moodle-export-edital,exemplo-de-edital,aula-08-revelia.html,unused,Detached Moodle export: Exemplo de Edital trata de comunicação/citação ou documento de outra etapa; não explica os efeitos da revelia nem a demanda reconvencional.
moodle-export-mandado-cumprido,moodle-export-mandado-cumprido,aula-08-revelia.html,unused,Detached Moodle export: Exemplo de mandado cumprido (autos físicos) trata de comunicação/citação ou documento de outra etapa; não explica os efeitos da revelia nem a demanda reconvencional.
moodle-export-mandado-nao-cumprido,moodle-export-mandado-nao-cumprido,aula-08-revelia.html,unused,Detached Moodle export: Exemplo pitoresco de mandado não cumprido trata de comunicação/citação ou documento de outra etapa; não explica os efeitos da revelia nem a demanda reconvencional.
moodle-model-ar,modelo-ar,aula-08-revelia.html,unused,Modelos e Exemplos: AR trata de comunicação/citação ou documento de outra etapa; não explica os efeitos da revelia nem a demanda reconvencional.
moodle-model-certidao-ne,modelo-certidao-ne,aula-08-revelia.html,unused,Modelos e Exemplos: Certidão de NE trata de comunicação/citação ou documento de outra etapa; não explica os efeitos da revelia nem a demanda reconvencional.
moodle-model-edital,moodle-model-edital-document,aula-08-revelia.html,unused,Modelos e Exemplos: edital trata de comunicação/citação ou documento de outra etapa; não explica os efeitos da revelia nem a demanda reconvencional.
moodle-model-julgamento-sinceridade,moodle-model-julgamento-sinceridade,aula-08-revelia.html,unused,"O caso discute decadência e impugnação à contestação em Juizado Especial, sem tratar da ausência de contestação ou de demanda reconvencional."
moodle-model-mandado-cumprido,moodle-model-mandado-cumprido,aula-08-revelia.html,unused,Modelos e Exemplos: mandado cumprido/certificado trata de comunicação/citação ou documento de outra etapa; não explica os efeitos da revelia nem a demanda reconvencional.
moodle-model-mandado-nao-cumprido,moodle-model-mandado-nao-cumprido,aula-08-revelia.html,unused,Modelos e Exemplos: mandado não cumprido trata de comunicação/citação ou documento de outra etapa; não explica os efeitos da revelia nem a demanda reconvencional.
passos-teoria-nulidades,assigned-reading,aula-08-revelia.html,unused,"O capítulo “Passos, Esboço de uma teoria das nulidades, pp. 123–142” trata de tema diverso do recorte de revelia e reconvenção desta aula."
peer-note-carolina-leite-p2,peer-note-carolina-leite-p2,aula-08-revelia.html,supporting,"Traz seções próprias sobre reconvenção e revelia e uma pergunta de estudo sobre ação posterior sem reconvenção; serve apenas para localizar dúvidas de aluno, nunca como autoridade jurídica."
peer-note-resuminho,document,aula-08-revelia.html,unused,"O resumo aborda sobretudo litisconsórcio, intervenção, atos e nulidades; sua única menção à revelia aparece de passagem numa nota sobre nulidade de citação, sem material próprio para esta aula."
peer-note-whatsapp-00001291,peer-note-whatsapp-00001291,aula-08-revelia.html,unused,A nota curta não trata de revelia nem reconvenção; não oferece contexto de estudo específico para o recorte.
peer-note-whatsapp-00003003,peer-note-whatsapp-00003003,aula-08-revelia.html,unused,A nota curta não trata de revelia nem reconvenção; não oferece contexto de estudo específico para o recorte.
taruffo-la-prova-1992,00-front-matter,aula-08-revelia.html,unused,"O trecho pré-textual/referencial de Taruffo, La prova dei fatti giuridici (1992) não desenvolve o conteúdo da aula."
taruffo-la-prova-1992,01-prova-e-verita,aula-08-revelia.html,unused,O capítulo “Capitolo I — Prova e verità nel processo civile” trata de tema diverso do recorte de revelia e reconvenção desta aula.
taruffo-la-prova-1992,02-il-fatto,aula-08-revelia.html,unused,O capítulo “Capitolo II — Il fatto” trata de tema diverso do recorte de revelia e reconvenção desta aula.
taruffo-la-prova-1992,03-verita-verosimiglianza-probabilita,aula-08-revelia.html,unused,"O capítulo “Capitolo III — Verità, verosimiglianza, probabilità” trata de tema diverso do recorte de revelia e reconvenção desta aula."
taruffo-la-prova-1992,04-ipotesi-prove-scelte,aula-08-revelia.html,unused,"O capítulo “Capitolo IV — Ipotesi, prove, scelte” trata de tema diverso do recorte de revelia e reconvenção desta aula."
taruffo-la-prova-1992,05-prova-giuridica,aula-08-revelia.html,unused,O capítulo “Capitolo V — La prova giuridica” trata de tema diverso do recorte de revelia e reconvenção desta aula.
taruffo-la-prova-1992,06-lessico-delle-prove,aula-08-revelia.html,unused,O capítulo “Capitolo VI — Elementi per un lessico delle prove” trata de tema diverso do recorte de revelia e reconvenção desta aula.
taruffo-la-prova-1992,07-indici,aula-08-revelia.html,unused,O capítulo “Indici analitico e delle fonti” trata de tema diverso do recorte de revelia e reconvenção desta aula.
