source_id,chapter_id,lesson_id,role,why
barbosa-moreira-temas-serie4-1989,01-os-temas-fundamentais-do-direito-brasileiro-nos-anos-80,aula-16.html,unused,O capítulo “Os temas fundamentais do direito brasileiro nos anos 80: Direito Processual Civil” trata de tema processual diverso; o ensaio sobre problemas atuais da prova é o apoio escolhido para esta aula.
barbosa-moreira-temas-serie4-1989,02-sobre-a-multiplicidade-de-perspectivas-no-estudo-do-processo,aula-16.html,unused,O capítulo “Sobre a multiplicidade de perspectivas no estudo do processo” trata de tema processual diverso; o ensaio sobre problemas atuais da prova é o apoio escolhido para esta aula.
barbosa-moreira-temas-serie4-1989,03-dimensiones-sociales-del-proceso-civil,aula-16.html,unused,O capítulo “Dimensiones sociales del proceso civil” trata de tema processual diverso; o ensaio sobre problemas atuais da prova é o apoio escolhido para esta aula.
barbosa-moreira-temas-serie4-1989,04-o-problema-da-divisao-do-trabalho-entre-juiz-e-partes,aula-16.html,unused,O capítulo “O problema da “divisão do trabalho” entre juiz e partes: aspectos terminológicos” trata de tema processual diverso; o ensaio sobre problemas atuais da prova é o apoio escolhido para esta aula.
barbosa-moreira-temas-serie4-1989,05-os-poderes-do-juiz-na-direcao-e-na-instrucao-do-processo,aula-16.html,unused,O capítulo “Os poderes do juiz na direção e na instrução do processo” trata de tema processual diverso; o ensaio sobre problemas atuais da prova é o apoio escolhido para esta aula.
barbosa-moreira-temas-serie4-1989,06-sobre-a-participacao-do-juiz-no-processo-civil,aula-16.html,unused,O capítulo “Sobre a “participação” do juiz no processo civil” trata de tema processual diverso; o ensaio sobre problemas atuais da prova é o apoio escolhido para esta aula.
barbosa-moreira-temas-serie4-1989,07-la-igualdad-de-las-partes-en-el-proceso-civil,aula-16.html,unused,O capítulo “La igualdad de las partes en el proceso civil” trata de tema processual diverso; o ensaio sobre problemas atuais da prova é o apoio escolhido para esta aula.
barbosa-moreira-temas-serie4-1989,08-sobre-pressupostos-processuais,aula-16.html,unused,O capítulo “Sobre pressupostos processuais” trata de tema processual diverso; o ensaio sobre problemas atuais da prova é o apoio escolhido para esta aula.
barbosa-moreira-temas-serie4-1989,09-a-competencia-como-questao-preliminar-e-como-questao-de-merito,aula-16.html,unused,O capítulo “A competência como questão preliminar e como questão de mérito” trata de tema processual diverso; o ensaio sobre problemas atuais da prova é o apoio escolhido para esta aula.
barbosa-moreira-temas-serie4-1989,10-saneamento-do-processo-e-audiencia-preliminar-parte-i-apresentacao-do-problema,aula-16.html,unused,O capítulo “Saneamento do processo e audiência preliminar — Parte I — Apresentação do problema” trata de tema processual diverso; o ensaio sobre problemas atuais da prova é o apoio escolhido para esta aula.
barbosa-moreira-temas-serie4-1989,10-saneamento-do-processo-e-audiencia-preliminar-parte-ii-possibilidades-de-solucao,aula-16.html,unused,O capítulo “Saneamento do processo e audiência preliminar — Parte II — Possibilidades de solução” trata de tema processual diverso; o ensaio sobre problemas atuais da prova é o apoio escolhido para esta aula.
barbosa-moreira-temas-serie4-1989,10-saneamento-do-processo-e-audiencia-preliminar-parte-iii-modelos-concretos-tecnica-escrita,aula-16.html,unused,O capítulo “Saneamento do processo e audiência preliminar — Parte III — Exame de alguns modelos concretos: técnica escrita” trata de tema processual diverso; o ensaio sobre problemas atuais da prova é o apoio escolhido para esta aula.
barbosa-moreira-temas-serie4-1989,10-saneamento-do-processo-e-audiencia-preliminar-parte-iv-modelos-concretos-tecnica-oral,aula-16.html,unused,O capítulo “Saneamento do processo e audiência preliminar — Parte IV — Exame de alguns modelos concretos: técnica oral” trata de tema processual diverso; o ensaio sobre problemas atuais da prova é o apoio escolhido para esta aula.
barbosa-moreira-temas-serie4-1989,10-saneamento-do-processo-e-audiencia-preliminar-parte-v-apreciacao-critica,aula-16.html,unused,O capítulo “Saneamento do processo e audiência preliminar — Parte V — Apreciação crítica” trata de tema processual diverso; o ensaio sobre problemas atuais da prova é o apoio escolhido para esta aula.
barbosa-moreira-temas-serie4-1989,11-alguns-problemas-atuais-da-prova-civil,aula-16.html,supporting,"O ensaio separa determinação, introdução e avaliação das provas e examina a avaliação pelo julgador; é apoio direto ao recorte de valoração."
barbosa-moreira-temas-serie4-1989,12-la-collaboration-des-tiers-dans-lactivite-dinstruction,aula-16.html,unused,O capítulo “La collaboration des tiers dans l’activité d’instruction” trata de tema processual diverso; o ensaio sobre problemas atuais da prova é o apoio escolhido para esta aula.
barbosa-moreira-temas-serie4-1989,13-conteudo-e-efeitos-da-sentenca-variacoes-sobre-o-tema,aula-16.html,unused,O capítulo “Conteúdo e efeitos da sentença: variações sobre o tema” trata de tema processual diverso; o ensaio sobre problemas atuais da prova é o apoio escolhido para esta aula.
barbosa-moreira-temas-serie4-1989,14-eficacia-da-sentenca-de-interdicao-por-alienacao-mental,aula-16.html,unused,O capítulo “Eficácia da sentença de interdição por alienação mental” trata de tema processual diverso; o ensaio sobre problemas atuais da prova é o apoio escolhido para esta aula.
barbosa-moreira-temas-serie4-1989,15-publicite-et-secret-du-delibere-dans-la-justice-bresilienne,aula-16.html,unused,O capítulo “Publicité et secret du délibéré dans la justice brésilienne” trata de tema processual diverso; o ensaio sobre problemas atuais da prova é o apoio escolhido para esta aula.
barbosa-moreira-temas-serie4-1989,16-consideracoes-sobre-a-causa-de-pedir-na-acao-rescisoria,aula-16.html,unused,O capítulo “Considerações sobre a causa de pedir na ação rescisória” trata de tema processual diverso; o ensaio sobre problemas atuais da prova é o apoio escolhido para esta aula.
barbosa-moreira-temas-serie4-1989,17-tendencias-na-execucao-de-sentencas-e-ordens-judiciais,aula-16.html,unused,O capítulo “Tendências na execução de sentenças e ordens judiciais” trata de tema processual diverso; o ensaio sobre problemas atuais da prova é o apoio escolhido para esta aula.
barbosa-moreira-temas-serie4-1989,18-problemas-e-solucoes-em-materia-de-reconhecimento-e-execucao-introducao,aula-16.html,unused,O capítulo “Problemas e soluções em matéria de reconhecimento e execução de sentenças e laudos arbitrais estrangeiros — Introdução” trata de tema processual diverso; o ensaio sobre problemas atuais da prova é o apoio escolhido para esta aula.
barbosa-moreira-temas-serie4-1989,18-problemas-e-solucoes-em-materia-de-reconhecimento-e-execucao-i-visao-panoramica,aula-16.html,unused,O capítulo “Problemas e soluções em matéria de reconhecimento e execução de sentenças e laudos arbitrais estrangeiros — I — Visão panorâmica da situação atual” trata de tema processual diverso; o ensaio sobre problemas atuais da prova é o apoio escolhido para esta aula.
barbosa-moreira-temas-serie4-1989,18-problemas-e-solucoes-em-materia-de-reconhecimento-e-execucao-ii-mecanismos-restritivos,aula-16.html,unused,O capítulo “Problemas e soluções em matéria de reconhecimento e execução de sentenças e laudos arbitrais estrangeiros — II — Os mecanismos restritivos da extensão internacional dos efeitos das sentenças” trata de tema processual diverso; o ensaio sobre problemas atuais da prova é o apoio escolhido para esta aula.
barbosa-moreira-temas-serie4-1989,18-problemas-e-solucoes-em-materia-de-reconhecimento-e-execucao-iii-possibilidades-de-abolicao-ou-atenuacao,aula-16.html,unused,O capítulo “Problemas e soluções em matéria de reconhecimento e execução de sentenças e laudos arbitrais estrangeiros — III — Possibilidades de abolição ou atenuação dos mecanismos restritivos” trata de tema processual diverso; o ensaio sobre problemas atuais da prova é o apoio escolhido para esta aula.
barbosa-moreira-temas-serie4-1989,18-problemas-e-solucoes-em-materia-de-reconhecimento-e-execucao-iv-laudos-arbitrais-estrangeiros,aula-16.html,unused,O capítulo “Problemas e soluções em matéria de reconhecimento e execução de sentenças e laudos arbitrais estrangeiros — IV — Laudos arbitrais estrangeiros” trata de tema processual diverso; o ensaio sobre problemas atuais da prova é o apoio escolhido para esta aula.
barbosa-moreira-temas-serie4-1989,18-problemas-e-solucoes-em-materia-de-reconhecimento-e-execucao-v-papel-dos-tratados-e-convencoes,aula-16.html,unused,O capítulo “Problemas e soluções em matéria de reconhecimento e execução de sentenças e laudos arbitrais estrangeiros — V — O papel dos tratados e convenções” trata de tema processual diverso; o ensaio sobre problemas atuais da prova é o apoio escolhido para esta aula.
barbosa-moreira-temas-serie4-1989,18-problemas-e-solucoes-em-materia-de-reconhecimento-e-execucao-vi-conclusoes-gerais,aula-16.html,unused,O capítulo “Problemas e soluções em matéria de reconhecimento e execução de sentenças e laudos arbitrais estrangeiros — VI — Conclusões gerais” trata de tema processual diverso; o ensaio sobre problemas atuais da prova é o apoio escolhido para esta aula.
barbosa-moreira-temas-serie4-1989,19-medida-cautelar-liminarmente-concedida-e-omissao-do-requerente,aula-16.html,unused,O capítulo “Medida cautelar liminarmente concedida e omissão do requerente em propor a tempo a ação principal” trata de tema processual diverso; o ensaio sobre problemas atuais da prova é o apoio escolhido para esta aula.
barbosa-moreira-temas-serie4-1989,20-le-juge-bresilien-et-le-droit-etranger,aula-16.html,unused,O capítulo “Le juge brésilien et le droit étranger” trata de tema processual diverso; o ensaio sobre problemas atuais da prova é o apoio escolhido para esta aula.
barbosa-moreira-temas-serie4-1989,21-apendice-presenca-de-couture,aula-16.html,unused,O capítulo “Apêndice — Presença de Couture” trata de tema processual diverso; o ensaio sobre problemas atuais da prova é o apoio escolhido para esta aula.
barbosa-moreira-temas-serie4-1989,22-indice-onomastico,aula-16.html,unused,O capítulo “Índice onomástico” trata de tema processual diverso; o ensaio sobre problemas atuais da prova é o apoio escolhido para esta aula.
barbosa-moreira-temas-serie4-1989,23-indice-alfabetico-remissivo,aula-16.html,unused,O capítulo “Índice alfabético-remissivo” trata de tema processual diverso; o ensaio sobre problemas atuais da prova é o apoio escolhido para esta aula.
carpes-onus-da-prova,assigned-reading,aula-16.html,primary,Leitura atribuída da semana 15; o recorte sobre ônus dinâmico da prova liga o resultado da valoração ao padrão de decisão que esta aula distingue.
costa-atos-processuais,capitulo-atos-processuais,aula-16.html,unused,"“Eduardo José da Fonseca Costa, Atos Processuais (art. 188)” analisa atos processuais, sem desenvolver valoração da prova ou padrões de suficiência probatória."
cpc-lei-13105-capture-2026-09-28,Art. 1,aula-16.html,unused,"Art. 1º abre com “O processo civil será ordenado, disciplinado e interpretado conforme os valores e…”; seu dispositivo não disciplina diretamente valoração probatória ou modelo de constatação."
cpc-lei-13105-capture-2026-09-28,Art. 2,aula-16.html,unused,"Art. 2º abre com “O processo começa por iniciativa da parte e se desenvolve por impulso oficial,…”; seu dispositivo não disciplina diretamente valoração probatória ou modelo de constatação."
cpc-lei-13105-capture-2026-09-28,Art. 3,aula-16.html,unused,Art. 3º abre com “Não se excluirá da apreciação jurisdicional ameaça ou lesão a direito.”; seu dispositivo não disciplina diretamente valoração probatória ou modelo de constatação.
cpc-lei-13105-capture-2026-09-28,Art. 4,aula-16.html,unused,"Art. 4º abre com “As partes têm o direito de obter em prazo razoável a solução integral do mérito,…”; seu dispositivo não disciplina diretamente valoração probatória ou modelo de constatação."
cpc-lei-13105-capture-2026-09-28,Art. 5,aula-16.html,unused,Art. 5º abre com “Aquele que de qualquer forma participa do processo deve comportar-se de acordo com…”; seu dispositivo não disciplina diretamente valoração probatória ou modelo de constatação.
cpc-lei-13105-capture-2026-09-28,Art. 6,aula-16.html,unused,"Art. 6º abre com “Todos os sujeitos do processo devem cooperar entre si para que se obtenha, em tempo…”; seu dispositivo não disciplina diretamente valoração probatória ou modelo de constatação."
cpc-lei-13105-capture-2026-09-28,Art. 7,aula-16.html,unused,Art. 7º abre com “É assegurada às partes paridade de tratamento em relação ao exercício de direitos e…”; seu dispositivo não disciplina diretamente valoração probatória ou modelo de constatação.
cpc-lei-13105-capture-2026-09-28,Art. 8,aula-16.html,unused,"Art. 8º abre com “Ao aplicar o ordenamento jurídico, o juiz atenderá aos fins sociais e às exigências…”; seu dispositivo não disciplina diretamente valoração probatória ou modelo de constatação."
cpc-lei-13105-capture-2026-09-28,Art. 9,aula-16.html,unused,Art. 9º abre com “Não se proferirá decisão contra uma das partes sem que ela seja previamente ouvida.”; seu dispositivo não disciplina diretamente valoração probatória ou modelo de constatação.
cpc-lei-13105-capture-2026-09-28,Art. 10,aula-16.html,unused,"Art. 10 abre com “O juiz não pode decidir, em grau algum de jurisdição, com base em fundamento a…”; seu dispositivo não disciplina diretamente valoração probatória ou modelo de constatação."
cpc-lei-13105-capture-2026-09-28,Art. 11,aula-16.html,unused,"Art. 11 abre com “Todos os julgamentos dos órgãos do Poder Judiciário serão públicos, e fundamentadas…”; seu dispositivo não disciplina diretamente valoração probatória ou modelo de constatação."
cpc-lei-13105-capture-2026-09-28,Art. 12,aula-16.html,unused,Art. 12 abre com “Os juízes e os tribunais deverão obedecer à ordem cronológica de conclusão para…”; seu dispositivo não disciplina diretamente valoração probatória ou modelo de constatação.
cpc-lei-13105-capture-2026-09-28,Art. 13,aula-16.html,unused,"Art. 13 abre com “A jurisdição civil será regida pelas normas processuais brasileiras, ressalvadas as…”; seu dispositivo não disciplina diretamente valoração probatória ou modelo de constatação."
cpc-lei-13105-capture-2026-09-28,Art. 14,aula-16.html,unused,Art. 14 abre com “A norma processual não retroagirá e será aplicável imediatamente aos processos em…”; seu dispositivo não disciplina diretamente valoração probatória ou modelo de constatação.
cpc-lei-13105-capture-2026-09-28,Art. 15,aula-16.html,unused,"Art. 15 abre com “Na ausência de normas que regulem processos eleitorais, trabalhistas ou…”; seu dispositivo não disciplina diretamente valoração probatória ou modelo de constatação."
cpc-lei-13105-capture-2026-09-28,Art. 16,aula-16.html,unused,Art. 16 abre com “A jurisdição civil é exercida pelos juízes e pelos tribunais em todo o território…”; seu dispositivo não disciplina diretamente valoração probatória ou modelo de constatação.
cpc-lei-13105-capture-2026-09-28,Art. 17,aula-16.html,unused,Art. 17 abre com “Para postular em juízo é necessário ter interesse e legitimidade.”; seu dispositivo não disciplina diretamente valoração probatória ou modelo de constatação.
cpc-lei-13105-capture-2026-09-28,Art. 18,aula-16.html,unused,"Art. 18 abre com “Ninguém poderá pleitear direito alheio em nome próprio, salvo quando autorizado…”; seu dispositivo não disciplina diretamente valoração probatória ou modelo de constatação."
cpc-lei-13105-capture-2026-09-28,Art. 19,aula-16.html,unused,Art. 19 abre com “O interesse do autor pode limitar-se à declaração:”; seu dispositivo não disciplina diretamente valoração probatória ou modelo de constatação.
cpc-lei-13105-capture-2026-09-28,Art. 20,aula-16.html,unused,"Art. 20 abre com “É admissível a ação meramente declaratória, ainda que tenha ocorrido a violação do…”; seu dispositivo não disciplina diretamente valoração probatória ou modelo de constatação."
cpc-lei-13105-capture-2026-09-28,Art. 21,aula-16.html,unused,Art. 21 abre com “Compete à autoridade judiciária brasileira processar e julgar as ações em que:”; seu dispositivo não disciplina diretamente valoração probatória ou modelo de constatação.
cpc-lei-13105-capture-2026-09-28,Art. 22,aula-16.html,unused,"Art. 22 abre com “Compete, ainda, à autoridade judiciária brasileira processar e julgar as ações:”; seu dispositivo não disciplina diretamente valoração probatória ou modelo de constatação."
cpc-lei-13105-capture-2026-09-28,Art. 23,aula-16.html,unused,"Art. 23 abre com “Compete à autoridade judiciária brasileira, com exclusão de qualquer outra:”; seu dispositivo não disciplina diretamente valoração probatória ou modelo de constatação."
cpc-lei-13105-capture-2026-09-28,Art. 24,aula-16.html,unused,Art. 24 abre com “A ação proposta perante tribunal estrangeiro não induz litispendência e não obsta a…”; seu dispositivo não disciplina diretamente valoração probatória ou modelo de constatação.
cpc-lei-13105-capture-2026-09-28,Art. 25,aula-16.html,unused,Art. 25 abre com “Não compete à autoridade judiciária brasileira o processamento e o julgamento da…”; seu dispositivo não disciplina diretamente valoração probatória ou modelo de constatação.
cpc-lei-13105-capture-2026-09-28,Art. 26,aula-16.html,unused,Art. 26 abre com “A cooperação jurídica internacional será regida por tratado de que o Brasil faz…”; seu dispositivo não disciplina diretamente valoração probatória ou modelo de constatação.
cpc-lei-13105-capture-2026-09-28,Art. 27,aula-16.html,unused,Art. 27 abre com “A cooperação jurídica internacional terá por objeto:”; seu dispositivo não disciplina diretamente valoração probatória ou modelo de constatação.
cpc-lei-13105-capture-2026-09-28,Art. 28,aula-16.html,unused,Art. 28 abre com “Cabe auxílio direto quando a medida não decorrer diretamente de decisão de…”; seu dispositivo não disciplina diretamente valoração probatória ou modelo de constatação.
cpc-lei-13105-capture-2026-09-28,Art. 29,aula-16.html,unused,Art. 29 abre com “A solicitação de auxílio direto será encaminhada pelo órgão estrangeiro interessado…”; seu dispositivo não disciplina diretamente valoração probatória ou modelo de constatação.
cpc-lei-13105-capture-2026-09-28,Art. 30,aula-16.html,unused,"Art. 30 abre com “Além dos casos previstos em tratados de que o Brasil faz parte, o auxílio direto…”; seu dispositivo não disciplina diretamente valoração probatória ou modelo de constatação."
cpc-lei-13105-capture-2026-09-28,Art. 31,aula-16.html,unused,"Art. 31 abre com “A autoridade central brasileira comunicar-se-á diretamente com suas congêneres e,…”; seu dispositivo não disciplina diretamente valoração probatória ou modelo de constatação."
cpc-lei-13105-capture-2026-09-28,Art. 32,aula-16.html,unused,"Art. 32 abre com “No caso de auxílio direto para a prática de atos que, segundo a lei brasileira, não…”; seu dispositivo não disciplina diretamente valoração probatória ou modelo de constatação."
cpc-lei-13105-capture-2026-09-28,Art. 33,aula-16.html,unused,"Art. 33 abre com “Recebido o pedido de auxílio direto passivo, a autoridade central o encaminhará à…”; seu dispositivo não disciplina diretamente valoração probatória ou modelo de constatação."
cpc-lei-13105-capture-2026-09-28,Art. 34,aula-16.html,unused,Art. 34 abre com “Compete ao juízo federal do lugar em que deva ser executada a medida apreciar…”; seu dispositivo não disciplina diretamente valoração probatória ou modelo de constatação.
cpc-lei-13105-capture-2026-09-28,Art. 35,aula-16.html,unused,Art. 35 abre com “(VETADO).”; seu dispositivo não disciplina diretamente valoração probatória ou modelo de constatação.
cpc-lei-13105-capture-2026-09-28,Art. 36,aula-16.html,unused,Art. 36 abre com “O procedimento da carta rogatória perante o Superior Tribunal de Justiça é de…”; seu dispositivo não disciplina diretamente valoração probatória ou modelo de constatação.
cpc-lei-13105-capture-2026-09-28,Art. 37,aula-16.html,unused,Art. 37 abre com “O pedido de cooperação jurídica internacional oriundo de autoridade brasileira…”; seu dispositivo não disciplina diretamente valoração probatória ou modelo de constatação.
cpc-lei-13105-capture-2026-09-28,Art. 38,aula-16.html,unused,Art. 38 abre com “O pedido de cooperação oriundo de autoridade brasileira competente e os documentos…”; seu dispositivo não disciplina diretamente valoração probatória ou modelo de constatação.
cpc-lei-13105-capture-2026-09-28,Art. 39,aula-16.html,unused,Art. 39 abre com “O pedido passivo de cooperação jurídica internacional será recusado se configurar…”; seu dispositivo não disciplina diretamente valoração probatória ou modelo de constatação.
cpc-lei-13105-capture-2026-09-28,Art. 40,aula-16.html,unused,Art. 40 abre com “A cooperação jurídica internacional para execução de decisão estrangeira dar-se-á…”; seu dispositivo não disciplina diretamente valoração probatória ou modelo de constatação.
cpc-lei-13105-capture-2026-09-28,Art. 41,aula-16.html,unused,Art. 41 abre com “Considera-se autêntico o documento que instruir pedido de cooperação jurídica…”; seu dispositivo não disciplina diretamente valoração probatória ou modelo de constatação.
cpc-lei-13105-capture-2026-09-28,Art. 42,aula-16.html,unused,Art. 42 abre com “As causas cíveis serão processadas e decididas pelo juiz nos limites de sua…”; seu dispositivo não disciplina diretamente valoração probatória ou modelo de constatação.
cpc-lei-13105-capture-2026-09-28,Art. 43,aula-16.html,unused,Art. 43 abre com “Determina-se a competência no momento do registro ou da distribuição da petição…”; seu dispositivo não disciplina diretamente valoração probatória ou modelo de constatação.
cpc-lei-13105-capture-2026-09-28,Art. 44,aula-16.html,unused,Art. 44 abre com “Obedecidos os limites estabelecidos pela”; seu dispositivo não disciplina diretamente valoração probatória ou modelo de constatação.
cpc-lei-13105-capture-2026-09-28,Art. 45,aula-16.html,unused,"Art. 45 abre com “Tramitando o processo perante outro juízo, os autos serão remetidos ao juízo…”; seu dispositivo não disciplina diretamente valoração probatória ou modelo de constatação."
cpc-lei-13105-capture-2026-09-28,Art. 46,aula-16.html,unused,Art. 46 abre com “A ação fundada em direito pessoal ou em direito real sobre bens móveis será…”; seu dispositivo não disciplina diretamente valoração probatória ou modelo de constatação.
cpc-lei-13105-capture-2026-09-28,Art. 47,aula-16.html,unused,Art. 47 abre com “Para as ações fundadas em direito real sobre imóveis é competente o foro de…”; seu dispositivo não disciplina diretamente valoração probatória ou modelo de constatação.
cpc-lei-13105-capture-2026-09-28,Art. 48,aula-16.html,unused,"Art. 48 abre com “O foro de domicílio do autor da herança, no Brasil, é o competente para o…”; seu dispositivo não disciplina diretamente valoração probatória ou modelo de constatação."
cpc-lei-13105-capture-2026-09-28,Art. 49,aula-16.html,unused,"Art. 49 abre com “A ação em que o ausente for réu será proposta no foro de seu último domicílio,…”; seu dispositivo não disciplina diretamente valoração probatória ou modelo de constatação."
cpc-lei-13105-capture-2026-09-28,Art. 50,aula-16.html,unused,Art. 50 abre com “A ação em que o incapaz for réu será proposta no foro de domicílio de seu…”; seu dispositivo não disciplina diretamente valoração probatória ou modelo de constatação.
cpc-lei-13105-capture-2026-09-28,Art. 51,aula-16.html,unused,Art. 51 abre com “É competente o foro de domicílio do réu para as causas em que seja autora a União.”; seu dispositivo não disciplina diretamente valoração probatória ou modelo de constatação.
cpc-lei-13105-capture-2026-09-28,Art. 52,aula-16.html,unused,Art. 52 abre com “É competente o foro de domicílio do réu para as causas em que seja autor Estado ou…”; seu dispositivo não disciplina diretamente valoração probatória ou modelo de constatação.
cpc-lei-13105-capture-2026-09-28,Art. 53,aula-16.html,unused,Art. 53 abre com “É competente o foro:”; seu dispositivo não disciplina diretamente valoração probatória ou modelo de constatação.
cpc-lei-13105-capture-2026-09-28,Art. 54,aula-16.html,unused,"Art. 54 abre com “A competência relativa poderá modificar-se pela conexão ou pela continência,…”; seu dispositivo não disciplina diretamente valoração probatória ou modelo de constatação."
cpc-lei-13105-capture-2026-09-28,Art. 55,aula-16.html,unused,Art. 55 abre com “Reputam-se conexas 2 (duas) ou mais ações quando lhes for comum o pedido ou a causa…”; seu dispositivo não disciplina diretamente valoração probatória ou modelo de constatação.
cpc-lei-13105-capture-2026-09-28,Art. 56,aula-16.html,unused,Art. 56 abre com “Dá-se a continência entre 2 (duas) ou mais ações quando houver identidade quanto às…”; seu dispositivo não disciplina diretamente valoração probatória ou modelo de constatação.
cpc-lei-13105-capture-2026-09-28,Art. 57,aula-16.html,unused,"Art. 57 abre com “Quando houver continência e a ação continente tiver sido proposta anteriormente, no…”; seu dispositivo não disciplina diretamente valoração probatória ou modelo de constatação."
cpc-lei-13105-capture-2026-09-28,Art. 58,aula-16.html,unused,"Art. 58 abre com “A reunião das ações propostas em separado far-se-á no juízo prevento, onde serão…”; seu dispositivo não disciplina diretamente valoração probatória ou modelo de constatação."
cpc-lei-13105-capture-2026-09-28,Art. 59,aula-16.html,unused,Art. 59 abre com “O registro ou a distribuição da petição inicial torna prevento o juízo.”; seu dispositivo não disciplina diretamente valoração probatória ou modelo de constatação.
cpc-lei-13105-capture-2026-09-28,Art. 60,aula-16.html,unused,"Art. 60 abre com “Se o imóvel se achar situado em mais de um Estado, comarca, seção ou subseção…”; seu dispositivo não disciplina diretamente valoração probatória ou modelo de constatação."
cpc-lei-13105-capture-2026-09-28,Art. 61,aula-16.html,unused,Art. 61 abre com “A ação acessória será proposta no juízo competente para a ação principal.”; seu dispositivo não disciplina diretamente valoração probatória ou modelo de constatação.
cpc-lei-13105-capture-2026-09-28,Art. 62,aula-16.html,unused,"Art. 62 abre com “A competência determinada em razão da matéria, da pessoa ou da função é…”; seu dispositivo não disciplina diretamente valoração probatória ou modelo de constatação."
cpc-lei-13105-capture-2026-09-28,Art. 63,aula-16.html,unused,"Art. 63 abre com “As partes podem modificar a competência em razão do valor e do território, elegendo…”; seu dispositivo não disciplina diretamente valoração probatória ou modelo de constatação."
cpc-lei-13105-capture-2026-09-28,Art. 64,aula-16.html,unused,"Art. 64 abre com “A incompetência, absoluta ou relativa, será alegada como questão preliminar de…”; seu dispositivo não disciplina diretamente valoração probatória ou modelo de constatação."
cpc-lei-13105-capture-2026-09-28,Art. 65,aula-16.html,unused,Art. 65 abre com “Prorrogar-se-á a competência relativa se o réu não alegar a incompetência em…”; seu dispositivo não disciplina diretamente valoração probatória ou modelo de constatação.
cpc-lei-13105-capture-2026-09-28,Art. 66,aula-16.html,unused,Art. 66 abre com “Há conflito de competência quando:”; seu dispositivo não disciplina diretamente valoração probatória ou modelo de constatação.
cpc-lei-13105-capture-2026-09-28,Art. 67,aula-16.html,unused,"Art. 67 abre com “Aos órgãos do Poder Judiciário, estadual ou federal, especializado ou comum, em…”; seu dispositivo não disciplina diretamente valoração probatória ou modelo de constatação."
cpc-lei-13105-capture-2026-09-28,Art. 68,aula-16.html,unused,Art. 68 abre com “Os juízos poderão formular entre si pedido de cooperação para prática de qualquer…”; seu dispositivo não disciplina diretamente valoração probatória ou modelo de constatação.
cpc-lei-13105-capture-2026-09-28,Art. 69,aula-16.html,unused,"Art. 69 abre com “O pedido de cooperação jurisdicional deve ser prontamente atendido, prescinde de…”; seu dispositivo não disciplina diretamente valoração probatória ou modelo de constatação."
cpc-lei-13105-capture-2026-09-28,Art. 70,aula-16.html,unused,Art. 70 abre com “Toda pessoa que se encontre no exercício de seus direitos tem capacidade para estar…”; seu dispositivo não disciplina diretamente valoração probatória ou modelo de constatação.
cpc-lei-13105-capture-2026-09-28,Art. 71,aula-16.html,unused,"Art. 71 abre com “O incapaz será representado ou assistido por seus pais, por tutor ou por curador,…”; seu dispositivo não disciplina diretamente valoração probatória ou modelo de constatação."
cpc-lei-13105-capture-2026-09-28,Art. 72,aula-16.html,unused,Art. 72 abre com “O juiz nomeará curador especial ao:”; seu dispositivo não disciplina diretamente valoração probatória ou modelo de constatação.
cpc-lei-13105-capture-2026-09-28,Art. 73,aula-16.html,unused,Art. 73 abre com “O cônjuge necessitará do consentimento do outro para propor ação que verse sobre…”; seu dispositivo não disciplina diretamente valoração probatória ou modelo de constatação.
cpc-lei-13105-capture-2026-09-28,Art. 74,aula-16.html,unused,Art. 74 abre com “O consentimento previsto no”; seu dispositivo não disciplina diretamente valoração probatória ou modelo de constatação.
cpc-lei-13105-capture-2026-09-28,Art. 75,aula-16.html,unused,"Art. 75 abre com “Serão representados em juízo, ativa e passivamente:”; seu dispositivo não disciplina diretamente valoração probatória ou modelo de constatação."
cpc-lei-13105-capture-2026-09-28,Art. 76,aula-16.html,unused,"Art. 76 abre com “Verificada a incapacidade processual ou a irregularidade da representação da parte,…”; seu dispositivo não disciplina diretamente valoração probatória ou modelo de constatação."
cpc-lei-13105-capture-2026-09-28,Art. 77,aula-16.html,unused,"Art. 77 abre com “Além de outros previstos neste Código, são deveres das partes, de seus procuradores…”; seu dispositivo não disciplina diretamente valoração probatória ou modelo de constatação."
cpc-lei-13105-capture-2026-09-28,Art. 78,aula-16.html,unused,"Art. 78 abre com “É vedado às partes, a seus procuradores, aos juízes, aos membros do Ministério…”; seu dispositivo não disciplina diretamente valoração probatória ou modelo de constatação."
cpc-lei-13105-capture-2026-09-28,Art. 79,aula-16.html,unused,"Art. 79 abre com “Responde por perdas e danos aquele que litigar de má-fé como autor, réu ou…”; seu dispositivo não disciplina diretamente valoração probatória ou modelo de constatação."
cpc-lei-13105-capture-2026-09-28,Art. 80,aula-16.html,unused,Art. 80 abre com “Considera-se litigante de má-fé aquele que:”; seu dispositivo não disciplina diretamente valoração probatória ou modelo de constatação.
cpc-lei-13105-capture-2026-09-28,Art. 81,aula-16.html,unused,"Art. 81 abre com “De ofício ou a requerimento, o juiz condenará o litigante de má-fé a pagar multa,…”; seu dispositivo não disciplina diretamente valoração probatória ou modelo de constatação."
cpc-lei-13105-capture-2026-09-28,Art. 82,aula-16.html,unused,"Art. 82 abre com “Salvo as disposições concernentes à gratuidade da justiça, incumbe às partes prover…”; seu dispositivo não disciplina diretamente valoração probatória ou modelo de constatação."
cpc-lei-13105-capture-2026-09-28,Art. 83,aula-16.html,unused,"Art. 83 abre com “O autor, brasileiro ou estrangeiro, que residir fora do Brasil ou deixar de residir…”; seu dispositivo não disciplina diretamente valoração probatória ou modelo de constatação."
cpc-lei-13105-capture-2026-09-28,Art. 84,aula-16.html,unused,"Art. 84 abre com “As despesas abrangem as custas dos atos do processo, a indenização de viagem, a…”; seu dispositivo não disciplina diretamente valoração probatória ou modelo de constatação."
cpc-lei-13105-capture-2026-09-28,Art. 85,aula-16.html,unused,Art. 85 abre com “A sentença condenará o vencido a pagar honorários ao advogado do vencedor.”; seu dispositivo não disciplina diretamente valoração probatória ou modelo de constatação.
cpc-lei-13105-capture-2026-09-28,Art. 86,aula-16.html,unused,"Art. 86 abre com “Se cada litigante for, em parte, vencedor e vencido, serão proporcionalmente…”; seu dispositivo não disciplina diretamente valoração probatória ou modelo de constatação."
cpc-lei-13105-capture-2026-09-28,Art. 87,aula-16.html,unused,"Art. 87 abre com “Concorrendo diversos autores ou diversos réus, os vencidos respondem…”; seu dispositivo não disciplina diretamente valoração probatória ou modelo de constatação."
cpc-lei-13105-capture-2026-09-28,Art. 88,aula-16.html,unused,"Art. 88 abre com “Nos procedimentos de jurisdição voluntária, as despesas serão adiantadas pelo…”; seu dispositivo não disciplina diretamente valoração probatória ou modelo de constatação."
cpc-lei-13105-capture-2026-09-28,Art. 89,aula-16.html,unused,"Art. 89 abre com “Nos juízos divisórios, não havendo litígio, os interessados pagarão as despesas…”; seu dispositivo não disciplina diretamente valoração probatória ou modelo de constatação."
cpc-lei-13105-capture-2026-09-28,Art. 90,aula-16.html,unused,"Art. 90 abre com “Proferida sentença com fundamento em desistência, em renúncia ou em reconhecimento…”; seu dispositivo não disciplina diretamente valoração probatória ou modelo de constatação."
cpc-lei-13105-capture-2026-09-28,Art. 91,aula-16.html,unused,"Art. 91 abre com “As despesas dos atos processuais praticados a requerimento da Fazenda Pública, do…”; seu dispositivo não disciplina diretamente valoração probatória ou modelo de constatação."
cpc-lei-13105-capture-2026-09-28,Art. 92,aula-16.html,unused,"Art. 92 abre com “Quando, a requerimento do réu, o juiz proferir sentença sem resolver o mérito, o…”; seu dispositivo não disciplina diretamente valoração probatória ou modelo de constatação."
cpc-lei-13105-capture-2026-09-28,Art. 93,aula-16.html,unused,Art. 93 abre com “As despesas de atos adiados ou cuja repetição for necessária ficarão a cargo da…”; seu dispositivo não disciplina diretamente valoração probatória ou modelo de constatação.
cpc-lei-13105-capture-2026-09-28,Art. 94,aula-16.html,unused,"Art. 94 abre com “Se o assistido for vencido, o assistente será condenado ao pagamento das custas em…”; seu dispositivo não disciplina diretamente valoração probatória ou modelo de constatação."
cpc-lei-13105-capture-2026-09-28,Art. 95,aula-16.html,unused,"Art. 95 abre com “Cada parte adiantará a remuneração do assistente técnico que houver indicado, sendo…”; seu dispositivo não disciplina diretamente valoração probatória ou modelo de constatação."
cpc-lei-13105-capture-2026-09-28,Art. 96,aula-16.html,unused,Art. 96 abre com “O valor das sanções impostas ao litigante de má-fé reverterá em benefício da parte…”; seu dispositivo não disciplina diretamente valoração probatória ou modelo de constatação.
cpc-lei-13105-capture-2026-09-28,Art. 97,aula-16.html,unused,"Art. 97 abre com “A União e os Estados podem criar fundos de modernização do Poder Judiciário, aos…”; seu dispositivo não disciplina diretamente valoração probatória ou modelo de constatação."
cpc-lei-13105-capture-2026-09-28,Art. 98,aula-16.html,unused,"Art. 98 abre com “A pessoa natural ou jurídica, brasileira ou estrangeira, com insuficiência de…”; seu dispositivo não disciplina diretamente valoração probatória ou modelo de constatação."
cpc-lei-13105-capture-2026-09-28,Art. 99,aula-16.html,unused,"Art. 99 abre com “O pedido de gratuidade da justiça pode ser formulado na petição inicial, na…”; seu dispositivo não disciplina diretamente valoração probatória ou modelo de constatação."
cpc-lei-13105-capture-2026-09-28,Art. 100,aula-16.html,unused,"Art. 100 abre com “Deferido o pedido, a parte contrária poderá oferecer impugnação na contestação, na…”; seu dispositivo não disciplina diretamente valoração probatória ou modelo de constatação."
cpc-lei-13105-capture-2026-09-28,Art. 101,aula-16.html,unused,Art. 101 abre com “Contra a decisão que indeferir a gratuidade ou a que acolher pedido de sua…”; seu dispositivo não disciplina diretamente valoração probatória ou modelo de constatação.
cpc-lei-13105-capture-2026-09-28,Art. 102,aula-16.html,unused,"Art. 102 abre com “Sobrevindo o trânsito em julgado de decisão que revoga a gratuidade, a parte deverá…”; seu dispositivo não disciplina diretamente valoração probatória ou modelo de constatação."
cpc-lei-13105-capture-2026-09-28,Art. 103,aula-16.html,unused,Art. 103 abre com “A parte será representada em juízo por advogado regularmente inscrito na Ordem dos…”; seu dispositivo não disciplina diretamente valoração probatória ou modelo de constatação.
cpc-lei-13105-capture-2026-09-28,Art. 104,aula-16.html,unused,"Art. 104 abre com “O advogado não será admitido a postular em juízo sem procuração, salvo para evitar…”; seu dispositivo não disciplina diretamente valoração probatória ou modelo de constatação."
cpc-lei-13105-capture-2026-09-28,Art. 105,aula-16.html,unused,"Art. 105 abre com “A procuração geral para o foro, outorgada por instrumento público ou particular…”; seu dispositivo não disciplina diretamente valoração probatória ou modelo de constatação."
cpc-lei-13105-capture-2026-09-28,Art. 106,aula-16.html,unused,"Art. 106 abre com “Quando postular em causa própria, incumbe ao advogado:”; seu dispositivo não disciplina diretamente valoração probatória ou modelo de constatação."
cpc-lei-13105-capture-2026-09-28,Art. 107,aula-16.html,unused,Art. 107 abre com “O advogado tem direito a:”; seu dispositivo não disciplina diretamente valoração probatória ou modelo de constatação.
cpc-lei-13105-capture-2026-09-28,Art. 108,aula-16.html,unused,"Art. 108 abre com “No curso do processo, somente é lícita a sucessão voluntária das partes nos casos…”; seu dispositivo não disciplina diretamente valoração probatória ou modelo de constatação."
cpc-lei-13105-capture-2026-09-28,Art. 109,aula-16.html,unused,"Art. 109 abre com “A alienação da coisa ou do direito litigioso por ato entre vivos, a título…”; seu dispositivo não disciplina diretamente valoração probatória ou modelo de constatação."
cpc-lei-13105-capture-2026-09-28,Art. 110,aula-16.html,unused,"Art. 110 abre com “Ocorrendo a morte de qualquer das partes, dar-se-á a sucessão pelo seu espólio ou…”; seu dispositivo não disciplina diretamente valoração probatória ou modelo de constatação."
cpc-lei-13105-capture-2026-09-28,Art. 111,aula-16.html,unused,"Art. 111 abre com “A parte que revogar o mandato outorgado a seu advogado constituirá, no mesmo ato,…”; seu dispositivo não disciplina diretamente valoração probatória ou modelo de constatação."
cpc-lei-13105-capture-2026-09-28,Art. 112,aula-16.html,unused,"Art. 112 abre com “O advogado poderá renunciar ao mandato a qualquer tempo, provando, na forma…”; seu dispositivo não disciplina diretamente valoração probatória ou modelo de constatação."
cpc-lei-13105-capture-2026-09-28,Art. 113,aula-16.html,unused,"Art. 113 abre com “Duas ou mais pessoas podem litigar, no mesmo processo, em conjunto, ativa ou…”; seu dispositivo não disciplina diretamente valoração probatória ou modelo de constatação."
cpc-lei-13105-capture-2026-09-28,Art. 114,aula-16.html,unused,"Art. 114 abre com “O litisconsórcio será necessário por disposição de lei ou quando, pela natureza da…”; seu dispositivo não disciplina diretamente valoração probatória ou modelo de constatação."
cpc-lei-13105-capture-2026-09-28,Art. 115,aula-16.html,unused,"Art. 115 abre com “A sentença de mérito, quando proferida sem a integração do contraditório, será:”; seu dispositivo não disciplina diretamente valoração probatória ou modelo de constatação."
cpc-lei-13105-capture-2026-09-28,Art. 116,aula-16.html,unused,"Art. 116 abre com “O litisconsórcio será unitário quando, pela natureza da relação jurídica, o juiz…”; seu dispositivo não disciplina diretamente valoração probatória ou modelo de constatação."
cpc-lei-13105-capture-2026-09-28,Art. 117,aula-16.html,unused,"Art. 117 abre com “Os litisconsortes serão considerados, em suas relações com a parte adversa, como…”; seu dispositivo não disciplina diretamente valoração probatória ou modelo de constatação."
cpc-lei-13105-capture-2026-09-28,Art. 118,aula-16.html,unused,"Art. 118 abre com “Cada litisconsorte tem o direito de promover o andamento do processo, e todos devem…”; seu dispositivo não disciplina diretamente valoração probatória ou modelo de constatação."
cpc-lei-13105-capture-2026-09-28,Art. 119,aula-16.html,unused,"Art. 119 abre com “Pendendo causa entre 2 (duas) ou mais pessoas, o terceiro juridicamente interessado…”; seu dispositivo não disciplina diretamente valoração probatória ou modelo de constatação."
cpc-lei-13105-capture-2026-09-28,Art. 120,aula-16.html,unused,"Art. 120 abre com “Não havendo impugnação no prazo de 15 (quinze) dias, o pedido do assistente será…”; seu dispositivo não disciplina diretamente valoração probatória ou modelo de constatação."
cpc-lei-13105-capture-2026-09-28,Art. 121,aula-16.html,unused,"Art. 121 abre com “O assistente simples atuará como auxiliar da parte principal, exercerá os mesmos…”; seu dispositivo não disciplina diretamente valoração probatória ou modelo de constatação."
cpc-lei-13105-capture-2026-09-28,Art. 122,aula-16.html,unused,Art. 122 abre com “A assistência simples não obsta a que a parte principal reconheça a procedência do…”; seu dispositivo não disciplina diretamente valoração probatória ou modelo de constatação.
cpc-lei-13105-capture-2026-09-28,Art. 123,aula-16.html,unused,"Art. 123 abre com “Transitada em julgado a sentença no processo em que interveio o assistente, este…”; seu dispositivo não disciplina diretamente valoração probatória ou modelo de constatação."
cpc-lei-13105-capture-2026-09-28,Art. 124,aula-16.html,unused,Art. 124 abre com “Considera-se litisconsorte da parte principal o assistente sempre que a sentença…”; seu dispositivo não disciplina diretamente valoração probatória ou modelo de constatação.
cpc-lei-13105-capture-2026-09-28,Art. 125,aula-16.html,unused,"Art. 125 abre com “É admissível a denunciação da lide, promovida por qualquer das partes:”; seu dispositivo não disciplina diretamente valoração probatória ou modelo de constatação."
cpc-lei-13105-capture-2026-09-28,Art. 126,aula-16.html,unused,"Art. 126 abre com “A citação do denunciado será requerida na petição inicial, se o denunciante for…”; seu dispositivo não disciplina diretamente valoração probatória ou modelo de constatação."
cpc-lei-13105-capture-2026-09-28,Art. 127,aula-16.html,unused,"Art. 127 abre com “Feita a denunciação pelo autor, o denunciado poderá assumir a posição de…”; seu dispositivo não disciplina diretamente valoração probatória ou modelo de constatação."
cpc-lei-13105-capture-2026-09-28,Art. 128,aula-16.html,unused,Art. 128 abre com “Feita a denunciação pelo réu:”; seu dispositivo não disciplina diretamente valoração probatória ou modelo de constatação.
cpc-lei-13105-capture-2026-09-28,Art. 129,aula-16.html,unused,"Art. 129 abre com “Se o denunciante for vencido na ação principal, o juiz passará ao julgamento da…”; seu dispositivo não disciplina diretamente valoração probatória ou modelo de constatação."
cpc-lei-13105-capture-2026-09-28,Art. 130,aula-16.html,unused,"Art. 130 abre com “É admissível o chamamento ao processo, requerido pelo réu:”; seu dispositivo não disciplina diretamente valoração probatória ou modelo de constatação."
cpc-lei-13105-capture-2026-09-28,Art. 131,aula-16.html,unused,Art. 131 abre com “A citação daqueles que devam figurar em litisconsórcio passivo será requerida pelo…”; seu dispositivo não disciplina diretamente valoração probatória ou modelo de constatação.
cpc-lei-13105-capture-2026-09-28,Art. 132,aula-16.html,unused,Art. 132 abre com “A sentença de procedência valerá como título executivo em favor do réu que…”; seu dispositivo não disciplina diretamente valoração probatória ou modelo de constatação.
cpc-lei-13105-capture-2026-09-28,Art. 133,aula-16.html,unused,Art. 133 abre com “O incidente de desconsideração da personalidade jurídica será instaurado a pedido…”; seu dispositivo não disciplina diretamente valoração probatória ou modelo de constatação.
cpc-lei-13105-capture-2026-09-28,Art. 134,aula-16.html,unused,Art. 134 abre com “O incidente de desconsideração é cabível em todas as fases do processo de…”; seu dispositivo não disciplina diretamente valoração probatória ou modelo de constatação.
cpc-lei-13105-capture-2026-09-28,Art. 135,aula-16.html,unused,"Art. 135 abre com “Instaurado o incidente, o sócio ou a pessoa jurídica será citado para manifestar-se…”; seu dispositivo não disciplina diretamente valoração probatória ou modelo de constatação."
cpc-lei-13105-capture-2026-09-28,Art. 136,aula-16.html,unused,"Art. 136 abre com “Concluída a instrução, se necessária, o incidente será resolvido por decisão…”; seu dispositivo não disciplina diretamente valoração probatória ou modelo de constatação."
cpc-lei-13105-capture-2026-09-28,Art. 137,aula-16.html,unused,"Art. 137 abre com “Acolhido o pedido de desconsideração, a alienação ou a oneração de bens, havida em…”; seu dispositivo não disciplina diretamente valoração probatória ou modelo de constatação."
cpc-lei-13105-capture-2026-09-28,Art. 138,aula-16.html,unused,"Art. 138 abre com “O juiz ou o relator, considerando a relevância da matéria, a especificidade do tema…”; seu dispositivo não disciplina diretamente valoração probatória ou modelo de constatação."
cpc-lei-13105-capture-2026-09-28,Art. 139,aula-16.html,unused,"Art. 139 abre com “O juiz dirigirá o processo conforme as disposições deste Código, incumbindo-lhe:”; seu dispositivo não disciplina diretamente valoração probatória ou modelo de constatação."
cpc-lei-13105-capture-2026-09-28,Art. 140,aula-16.html,unused,Art. 140 abre com “O juiz não se exime de decidir sob a alegação de lacuna ou obscuridade do…”; seu dispositivo não disciplina diretamente valoração probatória ou modelo de constatação.
cpc-lei-13105-capture-2026-09-28,Art. 141,aula-16.html,unused,"Art. 141 abre com “O juiz decidirá o mérito nos limites propostos pelas partes, sendo-lhe vedado…”; seu dispositivo não disciplina diretamente valoração probatória ou modelo de constatação."
cpc-lei-13105-capture-2026-09-28,Art. 142,aula-16.html,unused,"Art. 142 abre com “Convencendo-se, pelas circunstâncias, de que autor e réu se serviram do processo…”; seu dispositivo não disciplina diretamente valoração probatória ou modelo de constatação."
cpc-lei-13105-capture-2026-09-28,Art. 143,aula-16.html,unused,"Art. 143 abre com “O juiz responderá, civil e regressivamente, por perdas e danos quando:”; seu dispositivo não disciplina diretamente valoração probatória ou modelo de constatação."
cpc-lei-13105-capture-2026-09-28,Art. 144,aula-16.html,unused,"Art. 144 abre com “Há impedimento do juiz, sendo-lhe vedado exercer suas funções no processo:”; seu dispositivo não disciplina diretamente valoração probatória ou modelo de constatação."
cpc-lei-13105-capture-2026-09-28,Art. 145,aula-16.html,unused,Art. 145 abre com “Há suspeição do juiz:”; seu dispositivo não disciplina diretamente valoração probatória ou modelo de constatação.
cpc-lei-13105-capture-2026-09-28,Art. 146,aula-16.html,unused,"Art. 146 abre com “No prazo de 15 (quinze) dias, a contar do conhecimento do fato, a parte alegará o…”; seu dispositivo não disciplina diretamente valoração probatória ou modelo de constatação."
cpc-lei-13105-capture-2026-09-28,Art. 147,aula-16.html,unused,"Art. 147 abre com “Quando 2 (dois) ou mais juízes forem parentes, consanguíneos ou afins, em linha…”; seu dispositivo não disciplina diretamente valoração probatória ou modelo de constatação."
cpc-lei-13105-capture-2026-09-28,Art. 148,aula-16.html,unused,Art. 148 abre com “Aplicam-se os motivos de impedimento e de suspeição:”; seu dispositivo não disciplina diretamente valoração probatória ou modelo de constatação.
cpc-lei-13105-capture-2026-09-28,Art. 149,aula-16.html,unused,"Art. 149 abre com “São auxiliares da Justiça, além de outros cujas atribuições sejam determinadas…”; seu dispositivo não disciplina diretamente valoração probatória ou modelo de constatação."
cpc-lei-13105-capture-2026-09-28,Art. 150,aula-16.html,unused,"Art. 150 abre com “Em cada juízo haverá um ou mais ofícios de justiça, cujas atribuições serão…”; seu dispositivo não disciplina diretamente valoração probatória ou modelo de constatação."
cpc-lei-13105-capture-2026-09-28,Art. 151,aula-16.html,unused,"Art. 151 abre com “Em cada comarca, seção ou subseção judiciária haverá, no mínimo, tantos oficiais de…”; seu dispositivo não disciplina diretamente valoração probatória ou modelo de constatação."
cpc-lei-13105-capture-2026-09-28,Art. 152,aula-16.html,unused,Art. 152 abre com “Incumbe ao escrivão ou ao chefe de secretaria:”; seu dispositivo não disciplina diretamente valoração probatória ou modelo de constatação.
cpc-lei-13105-capture-2026-09-28,Art. 153,aula-16.html,unused,Art. 153 abre com “O escrivão ou chefe de secretaria deverá obedecer à ordem cronológica de…”; seu dispositivo não disciplina diretamente valoração probatória ou modelo de constatação.
cpc-lei-13105-capture-2026-09-28,Art. 154,aula-16.html,unused,Art. 154 abre com “Incumbe ao oficial de justiça:”; seu dispositivo não disciplina diretamente valoração probatória ou modelo de constatação.
cpc-lei-13105-capture-2026-09-28,Art. 155,aula-16.html,unused,"Art. 155 abre com “O escrivão, o chefe de secretaria e o oficial de justiça são responsáveis, civil e…”; seu dispositivo não disciplina diretamente valoração probatória ou modelo de constatação."
cpc-lei-13105-capture-2026-09-28,Art. 156,aula-16.html,unused,Art. 156 abre com “O juiz será assistido por perito quando a prova do fato depender de conhecimento…”; seu dispositivo não disciplina diretamente valoração probatória ou modelo de constatação.
cpc-lei-13105-capture-2026-09-28,Art. 157,aula-16.html,unused,"Art. 157 abre com “O perito tem o dever de cumprir o ofício no prazo que lhe designar o juiz,…”; seu dispositivo não disciplina diretamente valoração probatória ou modelo de constatação."
cpc-lei-13105-capture-2026-09-28,Art. 158,aula-16.html,unused,"Art. 158 abre com “O perito que, por dolo ou culpa, prestar informações inverídicas responderá pelos…”; seu dispositivo não disciplina diretamente valoração probatória ou modelo de constatação."
cpc-lei-13105-capture-2026-09-28,Art. 159,aula-16.html,unused,"Art. 159 abre com “A guarda e a conservação de bens penhorados, arrestados, sequestrados ou…”; seu dispositivo não disciplina diretamente valoração probatória ou modelo de constatação."
cpc-lei-13105-capture-2026-09-28,Art. 160,aula-16.html,unused,Art. 160 abre com “Por seu trabalho o depositário ou o administrador perceberá remuneração que o juiz…”; seu dispositivo não disciplina diretamente valoração probatória ou modelo de constatação.
cpc-lei-13105-capture-2026-09-28,Art. 161,aula-16.html,unused,"Art. 161 abre com “O depositário ou o administrador responde pelos prejuízos que, por dolo ou culpa,…”; seu dispositivo não disciplina diretamente valoração probatória ou modelo de constatação."
cpc-lei-13105-capture-2026-09-28,Art. 162,aula-16.html,unused,Art. 162 abre com “O juiz nomeará intérprete ou tradutor quando necessário para:”; seu dispositivo não disciplina diretamente valoração probatória ou modelo de constatação.
cpc-lei-13105-capture-2026-09-28,Art. 163,aula-16.html,unused,Art. 163 abre com “Não pode ser intérprete ou tradutor quem:”; seu dispositivo não disciplina diretamente valoração probatória ou modelo de constatação.
cpc-lei-13105-capture-2026-09-28,Art. 164,aula-16.html,unused,"Art. 164 abre com “O intérprete ou tradutor, oficial ou não, é obrigado a desempenhar seu ofício,…”; seu dispositivo não disciplina diretamente valoração probatória ou modelo de constatação."
cpc-lei-13105-capture-2026-09-28,Art. 165,aula-16.html,unused,"Art. 165 abre com “Os tribunais criarão centros judiciários de solução consensual de conflitos,…”; seu dispositivo não disciplina diretamente valoração probatória ou modelo de constatação."
cpc-lei-13105-capture-2026-09-28,Art. 166,aula-16.html,unused,"Art. 166 abre com “A conciliação e a mediação são informadas pelos princípios da independência, da…”; seu dispositivo não disciplina diretamente valoração probatória ou modelo de constatação."
cpc-lei-13105-capture-2026-09-28,Art. 167,aula-16.html,unused,"Art. 167 abre com “Os conciliadores, os mediadores e as câmaras privadas de conciliação e mediação…”; seu dispositivo não disciplina diretamente valoração probatória ou modelo de constatação."
cpc-lei-13105-capture-2026-09-28,Art. 168,aula-16.html,unused,"Art. 168 abre com “As partes podem escolher, de comum acordo, o conciliador, o mediador ou a câmara…”; seu dispositivo não disciplina diretamente valoração probatória ou modelo de constatação."
cpc-lei-13105-capture-2026-09-28,Art. 169,aula-16.html,unused,Art. 169 abre com “Ressalvada a hipótese do”; seu dispositivo não disciplina diretamente valoração probatória ou modelo de constatação.
cpc-lei-13105-capture-2026-09-28,Art. 170,aula-16.html,unused,"Art. 170 abre com “No caso de impedimento, o conciliador ou mediador o comunicará imediatamente, de…”; seu dispositivo não disciplina diretamente valoração probatória ou modelo de constatação."
cpc-lei-13105-capture-2026-09-28,Art. 171,aula-16.html,unused,"Art. 171 abre com “No caso de impossibilidade temporária do exercício da função, o conciliador ou…”; seu dispositivo não disciplina diretamente valoração probatória ou modelo de constatação."
cpc-lei-13105-capture-2026-09-28,Art. 172,aula-16.html,unused,"Art. 172 abre com “O conciliador e o mediador ficam impedidos, pelo prazo de 1 (um) ano, contado do…”; seu dispositivo não disciplina diretamente valoração probatória ou modelo de constatação."
cpc-lei-13105-capture-2026-09-28,Art. 173,aula-16.html,unused,Art. 173 abre com “Será excluído do cadastro de conciliadores e mediadores aquele que:”; seu dispositivo não disciplina diretamente valoração probatória ou modelo de constatação.
cpc-lei-13105-capture-2026-09-28,Art. 174,aula-16.html,unused,"Art. 174 abre com “A União, os Estados, o Distrito Federal e os Municípios criarão câmaras de mediação…”; seu dispositivo não disciplina diretamente valoração probatória ou modelo de constatação."
cpc-lei-13105-capture-2026-09-28,Art. 175,aula-16.html,unused,Art. 175 abre com “As disposições desta Seção não excluem outras formas de conciliação e mediação…”; seu dispositivo não disciplina diretamente valoração probatória ou modelo de constatação.
cpc-lei-13105-capture-2026-09-28,Art. 176,aula-16.html,unused,"Art. 176 abre com “O Ministério Público atuará na defesa da ordem jurídica, do regime democrático e…”; seu dispositivo não disciplina diretamente valoração probatória ou modelo de constatação."
cpc-lei-13105-capture-2026-09-28,Art. 177,aula-16.html,unused,Art. 177 abre com “O Ministério Público exercerá o direito de ação em conformidade com suas…”; seu dispositivo não disciplina diretamente valoração probatória ou modelo de constatação.
cpc-lei-13105-capture-2026-09-28,Art. 178,aula-16.html,unused,"Art. 178 abre com “O Ministério Público será intimado para, no prazo de 30 (trinta) dias, intervir…”; seu dispositivo não disciplina diretamente valoração probatória ou modelo de constatação."
cpc-lei-13105-capture-2026-09-28,Art. 179,aula-16.html,unused,"Art. 179 abre com “Nos casos de intervenção como fiscal da ordem jurídica, o Ministério Público:”; seu dispositivo não disciplina diretamente valoração probatória ou modelo de constatação."
cpc-lei-13105-capture-2026-09-28,Art. 180,aula-16.html,unused,"Art. 180 abre com “O Ministério Público gozará de prazo em dobro para manifestar-se nos autos, que…”; seu dispositivo não disciplina diretamente valoração probatória ou modelo de constatação."
cpc-lei-13105-capture-2026-09-28,Art. 181,aula-16.html,unused,Art. 181 abre com “O membro do Ministério Público será civil e regressivamente responsável quando agir…”; seu dispositivo não disciplina diretamente valoração probatória ou modelo de constatação.
cpc-lei-13105-capture-2026-09-28,Art. 182,aula-16.html,unused,"Art. 182 abre com “Incumbe à Advocacia Pública, na forma da lei, defender e promover os interesses…”; seu dispositivo não disciplina diretamente valoração probatória ou modelo de constatação."
cpc-lei-13105-capture-2026-09-28,Art. 183,aula-16.html,unused,"Art. 183 abre com “A União, os Estados, o Distrito Federal, os Municípios e suas respectivas…”; seu dispositivo não disciplina diretamente valoração probatória ou modelo de constatação."
cpc-lei-13105-capture-2026-09-28,Art. 184,aula-16.html,unused,Art. 184 abre com “O membro da Advocacia Pública será civil e regressivamente responsável quando agir…”; seu dispositivo não disciplina diretamente valoração probatória ou modelo de constatação.
cpc-lei-13105-capture-2026-09-28,Art. 185,aula-16.html,unused,"Art. 185 abre com “A Defensoria Pública exercerá a orientação jurídica, a promoção dos direitos…”; seu dispositivo não disciplina diretamente valoração probatória ou modelo de constatação."
cpc-lei-13105-capture-2026-09-28,Art. 186,aula-16.html,unused,Art. 186 abre com “A Defensoria Pública gozará de prazo em dobro para todas as suas manifestações…”; seu dispositivo não disciplina diretamente valoração probatória ou modelo de constatação.
cpc-lei-13105-capture-2026-09-28,Art. 187,aula-16.html,unused,Art. 187 abre com “O membro da Defensoria Pública será civil e regressivamente responsável quando agir…”; seu dispositivo não disciplina diretamente valoração probatória ou modelo de constatação.
cpc-lei-13105-capture-2026-09-28,Art. 188,aula-16.html,unused,"Art. 188 abre com “Os atos e os termos processuais independem de forma determinada, salvo quando a lei…”; seu dispositivo não disciplina diretamente valoração probatória ou modelo de constatação."
cpc-lei-13105-capture-2026-09-28,Art. 189,aula-16.html,unused,"Art. 189 abre com “Os atos processuais são públicos, todavia tramitam em segredo de justiça os…”; seu dispositivo não disciplina diretamente valoração probatória ou modelo de constatação."
cpc-lei-13105-capture-2026-09-28,Art. 190,aula-16.html,unused,"Art. 190 abre com “Versando o processo sobre direitos que admitam autocomposição, é lícito às partes…”; seu dispositivo não disciplina diretamente valoração probatória ou modelo de constatação."
cpc-lei-13105-capture-2026-09-28,Art. 191,aula-16.html,unused,"Art. 191 abre com “De comum acordo, o juiz e as partes podem fixar calendário para a prática dos atos…”; seu dispositivo não disciplina diretamente valoração probatória ou modelo de constatação."
cpc-lei-13105-capture-2026-09-28,Art. 192,aula-16.html,unused,Art. 192 abre com “Em todos os atos e termos do processo é obrigatório o uso da língua portuguesa.”; seu dispositivo não disciplina diretamente valoração probatória ou modelo de constatação.
cpc-lei-13105-capture-2026-09-28,Art. 193,aula-16.html,unused,"Art. 193 abre com “Os atos processuais podem ser total ou parcialmente digitais, de forma a permitir…”; seu dispositivo não disciplina diretamente valoração probatória ou modelo de constatação."
cpc-lei-13105-capture-2026-09-28,Art. 194,aula-16.html,unused,"Art. 194 abre com “Os sistemas de automação processual respeitarão a publicidade dos atos, o acesso e…”; seu dispositivo não disciplina diretamente valoração probatória ou modelo de constatação."
cpc-lei-13105-capture-2026-09-28,Art. 195,aula-16.html,unused,"Art. 195 abre com “O registro de ato processual eletrônico deverá ser feito em padrões abertos, que…”; seu dispositivo não disciplina diretamente valoração probatória ou modelo de constatação."
cpc-lei-13105-capture-2026-09-28,Art. 196,aula-16.html,unused,"Art. 196 abre com “Compete ao Conselho Nacional de Justiça e, supletivamente, aos tribunais,…”; seu dispositivo não disciplina diretamente valoração probatória ou modelo de constatação."
cpc-lei-13105-capture-2026-09-28,Art. 197,aula-16.html,unused,Art. 197 abre com “Os tribunais divulgarão as informações constantes de seu sistema de automação em…”; seu dispositivo não disciplina diretamente valoração probatória ou modelo de constatação.
cpc-lei-13105-capture-2026-09-28,Art. 198,aula-16.html,unused,"Art. 198 abre com “As unidades do Poder Judiciário deverão manter gratuitamente, à disposição dos…”; seu dispositivo não disciplina diretamente valoração probatória ou modelo de constatação."
cpc-lei-13105-capture-2026-09-28,Art. 199,aula-16.html,unused,Art. 199 abre com “As unidades do Poder Judiciário assegurarão às pessoas com deficiência…”; seu dispositivo não disciplina diretamente valoração probatória ou modelo de constatação.
cpc-lei-13105-capture-2026-09-28,Art. 200,aula-16.html,unused,Art. 200 abre com “Os atos das partes consistentes em declarações unilaterais ou bilaterais de vontade…”; seu dispositivo não disciplina diretamente valoração probatória ou modelo de constatação.
cpc-lei-13105-capture-2026-09-28,Art. 201,aula-16.html,unused,"Art. 201 abre com “As partes poderão exigir recibo de petições, arrazoados, papéis e documentos que…”; seu dispositivo não disciplina diretamente valoração probatória ou modelo de constatação."
cpc-lei-13105-capture-2026-09-28,Art. 202,aula-16.html,unused,"Art. 202 abre com “É vedado lançar nos autos cotas marginais ou interlineares, as quais o juiz mandará…”; seu dispositivo não disciplina diretamente valoração probatória ou modelo de constatação."
cpc-lei-13105-capture-2026-09-28,Art. 203,aula-16.html,unused,"Art. 203 abre com “Os pronunciamentos do juiz consistirão em sentenças, decisões interlocutórias e…”; seu dispositivo não disciplina diretamente valoração probatória ou modelo de constatação."
cpc-lei-13105-capture-2026-09-28,Art. 204,aula-16.html,unused,Art. 204 abre com “Acórdão é o julgamento colegiado proferido pelos tribunais.”; seu dispositivo não disciplina diretamente valoração probatória ou modelo de constatação.
cpc-lei-13105-capture-2026-09-28,Art. 205,aula-16.html,unused,"Art. 205 abre com “Os despachos, as decisões, as sentenças e os acórdãos serão redigidos, datados e…”; seu dispositivo não disciplina diretamente valoração probatória ou modelo de constatação."
cpc-lei-13105-capture-2026-09-28,Art. 206,aula-16.html,unused,"Art. 206 abre com “Ao receber a petição inicial de processo, o escrivão ou o chefe de secretaria a…”; seu dispositivo não disciplina diretamente valoração probatória ou modelo de constatação."
cpc-lei-13105-capture-2026-09-28,Art. 207,aula-16.html,unused,Art. 207 abre com “O escrivão ou o chefe de secretaria numerará e rubricará todas as folhas dos autos.”; seu dispositivo não disciplina diretamente valoração probatória ou modelo de constatação.
cpc-lei-13105-capture-2026-09-28,Art. 208,aula-16.html,unused,"Art. 208 abre com “Os termos de juntada, vista, conclusão e outros semelhantes constarão de notas…”; seu dispositivo não disciplina diretamente valoração probatória ou modelo de constatação."
cpc-lei-13105-capture-2026-09-28,Art. 209,aula-16.html,unused,Art. 209 abre com “Os atos e os termos do processo serão assinados pelas pessoas que neles…”; seu dispositivo não disciplina diretamente valoração probatória ou modelo de constatação.
cpc-lei-13105-capture-2026-09-28,Art. 210,aula-16.html,unused,"Art. 210 abre com “É lícito o uso da taquigrafia, da estenotipia ou de outro método idôneo em qualquer…”; seu dispositivo não disciplina diretamente valoração probatória ou modelo de constatação."
cpc-lei-13105-capture-2026-09-28,Art. 211,aula-16.html,unused,"Art. 211 abre com “Não se admitem nos atos e termos processuais espaços em branco, salvo os que forem…”; seu dispositivo não disciplina diretamente valoração probatória ou modelo de constatação."
cpc-lei-13105-capture-2026-09-28,Art. 212,aula-16.html,unused,"Art. 212 abre com “Os atos processuais serão realizados em dias úteis, das 6 (seis) às 20 (vinte)…”; seu dispositivo não disciplina diretamente valoração probatória ou modelo de constatação."
cpc-lei-13105-capture-2026-09-28,Art. 213,aula-16.html,unused,Art. 213 abre com “A prática eletrônica de ato processual pode ocorrer em qualquer horário até as 24…”; seu dispositivo não disciplina diretamente valoração probatória ou modelo de constatação.
cpc-lei-13105-capture-2026-09-28,Art. 214,aula-16.html,unused,"Art. 214 abre com “Durante as férias forenses e nos feriados, não se praticarão atos processuais,…”; seu dispositivo não disciplina diretamente valoração probatória ou modelo de constatação."
cpc-lei-13105-capture-2026-09-28,Art. 215,aula-16.html,unused,"Art. 215 abre com “Processam-se durante as férias forenses, onde as houver, e não se suspendem pela…”; seu dispositivo não disciplina diretamente valoração probatória ou modelo de constatação."
cpc-lei-13105-capture-2026-09-28,Art. 216,aula-16.html,unused,"Art. 216 abre com “Além dos declarados em lei, são feriados, para efeito forense, os sábados, os…”; seu dispositivo não disciplina diretamente valoração probatória ou modelo de constatação."
cpc-lei-13105-capture-2026-09-28,Art. 217,aula-16.html,unused,"Art. 217 abre com “Os atos processuais realizar-se-ão ordinariamente na sede do juízo, ou,…”; seu dispositivo não disciplina diretamente valoração probatória ou modelo de constatação."
cpc-lei-13105-capture-2026-09-28,Art. 218,aula-16.html,unused,Art. 218 abre com “Os atos processuais serão realizados nos prazos prescritos em lei.”; seu dispositivo não disciplina diretamente valoração probatória ou modelo de constatação.
cpc-lei-13105-capture-2026-09-28,Art. 219,aula-16.html,unused,"Art. 219 abre com “Na contagem de prazo em dias, estabelecido por lei ou pelo juiz, computar-se-ão…”; seu dispositivo não disciplina diretamente valoração probatória ou modelo de constatação."
cpc-lei-13105-capture-2026-09-28,Art. 220,aula-16.html,unused,Art. 220 abre com “Suspende-se o curso do prazo processual nos dias compreendidos entre 20 de dezembro…”; seu dispositivo não disciplina diretamente valoração probatória ou modelo de constatação.
cpc-lei-13105-capture-2026-09-28,Art. 221,aula-16.html,unused,Art. 221 abre com “Suspende-se o curso do prazo por obstáculo criado em detrimento da parte ou…”; seu dispositivo não disciplina diretamente valoração probatória ou modelo de constatação.
cpc-lei-13105-capture-2026-09-28,Art. 222,aula-16.html,unused,"Art. 222 abre com “Na comarca, seção ou subseção judiciária onde for difícil o transporte, o juiz…”; seu dispositivo não disciplina diretamente valoração probatória ou modelo de constatação."
cpc-lei-13105-capture-2026-09-28,Art. 223,aula-16.html,unused,"Art. 223 abre com “Decorrido o prazo, extingue-se o direito de praticar ou de emendar o ato…”; seu dispositivo não disciplina diretamente valoração probatória ou modelo de constatação."
cpc-lei-13105-capture-2026-09-28,Art. 224,aula-16.html,unused,"Art. 224 abre com “Salvo disposição em contrário, os prazos serão contados excluindo o dia do começo e…”; seu dispositivo não disciplina diretamente valoração probatória ou modelo de constatação."
cpc-lei-13105-capture-2026-09-28,Art. 225,aula-16.html,unused,"Art. 225 abre com “A parte poderá renunciar ao prazo estabelecido exclusivamente em seu favor, desde…”; seu dispositivo não disciplina diretamente valoração probatória ou modelo de constatação."
cpc-lei-13105-capture-2026-09-28,Art. 226,aula-16.html,unused,Art. 226 abre com “O juiz proferirá:”; seu dispositivo não disciplina diretamente valoração probatória ou modelo de constatação.
cpc-lei-13105-capture-2026-09-28,Art. 227,aula-16.html,unused,"Art. 227 abre com “Em qualquer grau de jurisdição, havendo motivo justificado, pode o juiz exceder,…”; seu dispositivo não disciplina diretamente valoração probatória ou modelo de constatação."
cpc-lei-13105-capture-2026-09-28,Art. 228,aula-16.html,unused,Art. 228 abre com “Incumbirá ao serventuário remeter os autos conclusos no prazo de 1 (um) dia e…”; seu dispositivo não disciplina diretamente valoração probatória ou modelo de constatação.
cpc-lei-13105-capture-2026-09-28,Art. 229,aula-16.html,unused,"Art. 229 abre com “Os litisconsortes que tiverem diferentes procuradores, de escritórios de advocacia…”; seu dispositivo não disciplina diretamente valoração probatória ou modelo de constatação."
cpc-lei-13105-capture-2026-09-28,Art. 230,aula-16.html,unused,"Art. 230 abre com “O prazo para a parte, o procurador, a Advocacia Pública, a Defensoria Pública e o…”; seu dispositivo não disciplina diretamente valoração probatória ou modelo de constatação."
cpc-lei-13105-capture-2026-09-28,Art. 231,aula-16.html,unused,"Art. 231 abre com “Salvo disposição em sentido diverso, considera-se dia do começo do prazo:”; seu dispositivo não disciplina diretamente valoração probatória ou modelo de constatação."
cpc-lei-13105-capture-2026-09-28,Art. 232,aula-16.html,unused,"Art. 232 abre com “Nos atos de comunicação por carta precatória, rogatória ou de ordem, a realização…”; seu dispositivo não disciplina diretamente valoração probatória ou modelo de constatação."
cpc-lei-13105-capture-2026-09-28,Art. 233,aula-16.html,unused,"Art. 233 abre com “Incumbe ao juiz verificar se o serventuário excedeu, sem motivo legítimo, os prazos…”; seu dispositivo não disciplina diretamente valoração probatória ou modelo de constatação."
cpc-lei-13105-capture-2026-09-28,Art. 234,aula-16.html,unused,"Art. 234 abre com “Os advogados públicos ou privados, o defensor público e o membro do Ministério…”; seu dispositivo não disciplina diretamente valoração probatória ou modelo de constatação."
cpc-lei-13105-capture-2026-09-28,Art. 235,aula-16.html,unused,"Art. 235 abre com “Qualquer parte, o Ministério Público ou a Defensoria Pública poderá representar ao…”; seu dispositivo não disciplina diretamente valoração probatória ou modelo de constatação."
cpc-lei-13105-capture-2026-09-28,Art. 236,aula-16.html,unused,Art. 236 abre com “Os atos processuais serão cumpridos por ordem judicial.”; seu dispositivo não disciplina diretamente valoração probatória ou modelo de constatação.
cpc-lei-13105-capture-2026-09-28,Art. 237,aula-16.html,unused,Art. 237 abre com “Será expedida carta:”; seu dispositivo não disciplina diretamente valoração probatória ou modelo de constatação.
cpc-lei-13105-capture-2026-09-28,Art. 238,aula-16.html,unused,"Art. 238 abre com “Citação é o ato pelo qual são convocados o réu, o executado ou o interessado para…”; seu dispositivo não disciplina diretamente valoração probatória ou modelo de constatação."
cpc-lei-13105-capture-2026-09-28,Art. 239,aula-16.html,unused,"Art. 239 abre com “Para a validade do processo é indispensável a citação do réu ou do executado,…”; seu dispositivo não disciplina diretamente valoração probatória ou modelo de constatação."
cpc-lei-13105-capture-2026-09-28,Art. 240,aula-16.html,unused,"Art. 240 abre com “A citação válida, ainda quando ordenada por juízo incompetente, induz…”; seu dispositivo não disciplina diretamente valoração probatória ou modelo de constatação."
cpc-lei-13105-capture-2026-09-28,Art. 241,aula-16.html,unused,Art. 241 abre com “Transitada em julgado a sentença de mérito proferida em favor do réu antes da…”; seu dispositivo não disciplina diretamente valoração probatória ou modelo de constatação.
cpc-lei-13105-capture-2026-09-28,Art. 242,aula-16.html,unused,"Art. 242 abre com “A citação será pessoal, podendo, no entanto, ser feita na pessoa do representante…”; seu dispositivo não disciplina diretamente valoração probatória ou modelo de constatação."
cpc-lei-13105-capture-2026-09-28,Art. 243,aula-16.html,unused,"Art. 243 abre com “A citação poderá ser feita em qualquer lugar em que se encontre o réu, o executado…”; seu dispositivo não disciplina diretamente valoração probatória ou modelo de constatação."
cpc-lei-13105-capture-2026-09-28,Art. 244,aula-16.html,unused,"Art. 244 abre com “Não se fará a citação, salvo para evitar o perecimento do direito:”; seu dispositivo não disciplina diretamente valoração probatória ou modelo de constatação."
cpc-lei-13105-capture-2026-09-28,Art. 245,aula-16.html,unused,Art. 245 abre com “Não se fará citação quando se verificar que o citando é mentalmente incapaz ou está…”; seu dispositivo não disciplina diretamente valoração probatória ou modelo de constatação.
cpc-lei-13105-capture-2026-09-28,Art. 246,aula-16.html,unused,Art. 246 abre com “A citação será feita:”; seu dispositivo não disciplina diretamente valoração probatória ou modelo de constatação.
cpc-lei-13105-capture-2026-09-28,Art. 247,aula-16.html,unused,"Art. 247 abre com “A citação será feita pelo correio para qualquer comarca do país, exceto:”; seu dispositivo não disciplina diretamente valoração probatória ou modelo de constatação."
cpc-lei-13105-capture-2026-09-28,Art. 248,aula-16.html,unused,"Art. 248 abre com “Deferida a citação pelo correio, o escrivão ou o chefe de secretaria remeterá ao…”; seu dispositivo não disciplina diretamente valoração probatória ou modelo de constatação."
cpc-lei-13105-capture-2026-09-28,Art. 249,aula-16.html,unused,Art. 249 abre com “A citação será feita por meio de oficial de justiça nas hipóteses previstas neste…”; seu dispositivo não disciplina diretamente valoração probatória ou modelo de constatação.
cpc-lei-13105-capture-2026-09-28,Art. 250,aula-16.html,unused,Art. 250 abre com “O mandado que o oficial de justiça tiver de cumprir conterá:”; seu dispositivo não disciplina diretamente valoração probatória ou modelo de constatação.
cpc-lei-13105-capture-2026-09-28,Art. 251,aula-16.html,unused,"Art. 251 abre com “Incumbe ao oficial de justiça procurar o citando e, onde o encontrar, citá-lo:”; seu dispositivo não disciplina diretamente valoração probatória ou modelo de constatação."
cpc-lei-13105-capture-2026-09-28,Art. 252,aula-16.html,unused,"Art. 252 abre com “Quando, por 2 (duas) vezes, o oficial de justiça houver procurado o citando em seu…”; seu dispositivo não disciplina diretamente valoração probatória ou modelo de constatação."
cpc-lei-13105-capture-2026-09-28,Art. 253,aula-16.html,unused,"Art. 253 abre com “No dia e na hora designados, o oficial de justiça, independentemente de novo…”; seu dispositivo não disciplina diretamente valoração probatória ou modelo de constatação."
cpc-lei-13105-capture-2026-09-28,Art. 254,aula-16.html,unused,"Art. 254 abre com “Feita a citação com hora certa, o escrivão ou chefe de secretaria enviará ao réu,…”; seu dispositivo não disciplina diretamente valoração probatória ou modelo de constatação."
cpc-lei-13105-capture-2026-09-28,Art. 255,aula-16.html,unused,Art. 255 abre com “Nas comarcas contíguas de fácil comunicação e nas que se situem na mesma região…”; seu dispositivo não disciplina diretamente valoração probatória ou modelo de constatação.
cpc-lei-13105-capture-2026-09-28,Art. 256,aula-16.html,unused,Art. 256 abre com “A citação por edital será feita:”; seu dispositivo não disciplina diretamente valoração probatória ou modelo de constatação.
cpc-lei-13105-capture-2026-09-28,Art. 257,aula-16.html,unused,Art. 257 abre com “São requisitos da citação por edital:”; seu dispositivo não disciplina diretamente valoração probatória ou modelo de constatação.
cpc-lei-13105-capture-2026-09-28,Art. 258,aula-16.html,unused,"Art. 258 abre com “A parte que requerer a citação por edital, alegando dolosamente a ocorrência das…”; seu dispositivo não disciplina diretamente valoração probatória ou modelo de constatação."
cpc-lei-13105-capture-2026-09-28,Art. 259,aula-16.html,unused,Art. 259 abre com “Serão publicados editais:”; seu dispositivo não disciplina diretamente valoração probatória ou modelo de constatação.
cpc-lei-13105-capture-2026-09-28,Art. 260,aula-16.html,unused,"Art. 260 abre com “São requisitos das cartas de ordem, precatória e rogatória:”; seu dispositivo não disciplina diretamente valoração probatória ou modelo de constatação."
cpc-lei-13105-capture-2026-09-28,Art. 261,aula-16.html,unused,"Art. 261 abre com “Em todas as cartas o juiz fixará o prazo para cumprimento, atendendo à facilidade…”; seu dispositivo não disciplina diretamente valoração probatória ou modelo de constatação."
cpc-lei-13105-capture-2026-09-28,Art. 262,aula-16.html,unused,"Art. 262 abre com “A carta tem caráter itinerante, podendo, antes ou depois de lhe ser ordenado o…”; seu dispositivo não disciplina diretamente valoração probatória ou modelo de constatação."
cpc-lei-13105-capture-2026-09-28,Art. 263,aula-16.html,unused,"Art. 263 abre com “As cartas deverão, preferencialmente, ser expedidas por meio eletrônico, caso em…”; seu dispositivo não disciplina diretamente valoração probatória ou modelo de constatação."
cpc-lei-13105-capture-2026-09-28,Art. 264,aula-16.html,unused,"Art. 264 abre com “A carta de ordem e a carta precatória por meio eletrônico, por telefone ou por…”; seu dispositivo não disciplina diretamente valoração probatória ou modelo de constatação."
cpc-lei-13105-capture-2026-09-28,Art. 265,aula-16.html,unused,"Art. 265 abre com “O secretário do tribunal, o escrivão ou o chefe de secretaria do juízo deprecante…”; seu dispositivo não disciplina diretamente valoração probatória ou modelo de constatação."
cpc-lei-13105-capture-2026-09-28,Art. 266,aula-16.html,unused,"Art. 266 abre com “Serão praticados de ofício os atos requisitados por meio eletrônico e de telegrama,…”; seu dispositivo não disciplina diretamente valoração probatória ou modelo de constatação."
cpc-lei-13105-capture-2026-09-28,Art. 268,aula-16.html,unused,"Art. 268 abre com “Cumprida a carta, será devolvida ao juízo de origem no prazo de 10 (dez) dias,…”; seu dispositivo não disciplina diretamente valoração probatória ou modelo de constatação."
cpc-lei-13105-capture-2026-09-28,Art. 269,aula-16.html,unused,Art. 269 abre com “Intimação é o ato pelo qual se dá ciência a alguém dos atos e dos termos do…”; seu dispositivo não disciplina diretamente valoração probatória ou modelo de constatação.
cpc-lei-13105-capture-2026-09-28,Art. 270,aula-16.html,unused,"Art. 270 abre com “As intimações realizam-se, sempre que possível, por meio eletrônico, na forma da…”; seu dispositivo não disciplina diretamente valoração probatória ou modelo de constatação."
cpc-lei-13105-capture-2026-09-28,Art. 271,aula-16.html,unused,"Art. 271 abre com “O juiz determinará de ofício as intimações em processos pendentes, salvo disposição…”; seu dispositivo não disciplina diretamente valoração probatória ou modelo de constatação."
cpc-lei-13105-capture-2026-09-28,Art. 272,aula-16.html,unused,"Art. 272 abre com “Quando não realizadas por meio eletrônico, consideram-se feitas as intimações pela…”; seu dispositivo não disciplina diretamente valoração probatória ou modelo de constatação."
cpc-lei-13105-capture-2026-09-28,Art. 273,aula-16.html,unused,Art. 273 abre com “Se inviável a intimação por meio eletrônico e não houver na localidade publicação…”; seu dispositivo não disciplina diretamente valoração probatória ou modelo de constatação.
cpc-lei-13105-capture-2026-09-28,Art. 274,aula-16.html,unused,"Art. 274 abre com “Não dispondo a lei de outro modo, as intimações serão feitas às partes, aos seus…”; seu dispositivo não disciplina diretamente valoração probatória ou modelo de constatação."
cpc-lei-13105-capture-2026-09-28,Art. 275,aula-16.html,unused,Art. 275 abre com “A intimação será feita por oficial de justiça quando frustrada a realização por…”; seu dispositivo não disciplina diretamente valoração probatória ou modelo de constatação.
cpc-lei-13105-capture-2026-09-28,Art. 276,aula-16.html,unused,"Art. 276 abre com “Quando a lei prescrever determinada forma sob pena de nulidade, a decretação desta…”; seu dispositivo não disciplina diretamente valoração probatória ou modelo de constatação."
cpc-lei-13105-capture-2026-09-28,Art. 277,aula-16.html,unused,"Art. 277 abre com “Quando a lei prescrever determinada forma, o juiz considerará válido o ato se,…”; seu dispositivo não disciplina diretamente valoração probatória ou modelo de constatação."
cpc-lei-13105-capture-2026-09-28,Art. 278,aula-16.html,unused,Art. 278 abre com “A nulidade dos atos deve ser alegada na primeira oportunidade em que couber à parte…”; seu dispositivo não disciplina diretamente valoração probatória ou modelo de constatação.
cpc-lei-13105-capture-2026-09-28,Art. 279,aula-16.html,unused,Art. 279 abre com “É nulo o processo quando o membro do Ministério Público não for intimado a…”; seu dispositivo não disciplina diretamente valoração probatória ou modelo de constatação.
cpc-lei-13105-capture-2026-09-28,Art. 280,aula-16.html,unused,Art. 280 abre com “As citações e as intimações serão nulas quando feitas sem observância das…”; seu dispositivo não disciplina diretamente valoração probatória ou modelo de constatação.
cpc-lei-13105-capture-2026-09-28,Art. 281,aula-16.html,unused,"Art. 281 abre com “Anulado o ato, consideram-se de nenhum efeito todos os subsequentes que dele…”; seu dispositivo não disciplina diretamente valoração probatória ou modelo de constatação."
cpc-lei-13105-capture-2026-09-28,Art. 282,aula-16.html,unused,"Art. 282 abre com “Ao pronunciar a nulidade, o juiz declarará que atos são atingidos e ordenará as…”; seu dispositivo não disciplina diretamente valoração probatória ou modelo de constatação."
cpc-lei-13105-capture-2026-09-28,Art. 283,aula-16.html,unused,Art. 283 abre com “O erro de forma do processo acarreta unicamente a anulação dos atos que não possam…”; seu dispositivo não disciplina diretamente valoração probatória ou modelo de constatação.
cpc-lei-13105-capture-2026-09-28,Art. 284,aula-16.html,unused,"Art. 284 abre com “Todos os processos estão sujeitos a registro, devendo ser distribuídos onde houver…”; seu dispositivo não disciplina diretamente valoração probatória ou modelo de constatação."
cpc-lei-13105-capture-2026-09-28,Art. 285,aula-16.html,unused,"Art. 285 abre com “A distribuição, que poderá ser eletrônica, será alternada e aleatória,…”; seu dispositivo não disciplina diretamente valoração probatória ou modelo de constatação."
cpc-lei-13105-capture-2026-09-28,Art. 287,aula-16.html,unused,"Art. 287 abre com “A petição inicial deve vir acompanhada de procuração, que conterá os endereços do…”; seu dispositivo não disciplina diretamente valoração probatória ou modelo de constatação."
cpc-lei-13105-capture-2026-09-28,Art. 288,aula-16.html,unused,"Art. 288 abre com “O juiz, de ofício ou a requerimento do interessado, corrigirá o erro ou compensará…”; seu dispositivo não disciplina diretamente valoração probatória ou modelo de constatação."
cpc-lei-13105-capture-2026-09-28,Art. 289,aula-16.html,unused,"Art. 289 abre com “A distribuição poderá ser fiscalizada pela parte, por seu procurador, pelo…”; seu dispositivo não disciplina diretamente valoração probatória ou modelo de constatação."
cpc-lei-13105-capture-2026-09-28,Art. 290,aula-16.html,unused,"Art. 290 abre com “Será cancelada a distribuição do feito se a parte, intimada na pessoa de seu…”; seu dispositivo não disciplina diretamente valoração probatória ou modelo de constatação."
cpc-lei-13105-capture-2026-09-28,Art. 291,aula-16.html,unused,"Art. 291 abre com “A toda causa será atribuído valor certo, ainda que não tenha conteúdo econômico…”; seu dispositivo não disciplina diretamente valoração probatória ou modelo de constatação."
cpc-lei-13105-capture-2026-09-28,Art. 292,aula-16.html,unused,Art. 292 abre com “O valor da causa constará da petição inicial ou da reconvenção e será:”; seu dispositivo não disciplina diretamente valoração probatória ou modelo de constatação.
cpc-lei-13105-capture-2026-09-28,Art. 293,aula-16.html,unused,"Art. 293 abre com “O réu poderá impugnar, em preliminar da contestação, o valor atribuído à causa pelo…”; seu dispositivo não disciplina diretamente valoração probatória ou modelo de constatação."
cpc-lei-13105-capture-2026-09-28,Art. 294,aula-16.html,unused,Art. 294 abre com “A tutela provisória pode fundamentar-se em urgência ou evidência.”; seu dispositivo não disciplina diretamente valoração probatória ou modelo de constatação.
cpc-lei-13105-capture-2026-09-28,Art. 295,aula-16.html,unused,Art. 295 abre com “A tutela provisória requerida em caráter incidental independe do pagamento de…”; seu dispositivo não disciplina diretamente valoração probatória ou modelo de constatação.
cpc-lei-13105-capture-2026-09-28,Art. 297,aula-16.html,unused,Art. 297 abre com “O juiz poderá determinar as medidas que considerar adequadas para efetivação da…”; seu dispositivo não disciplina diretamente valoração probatória ou modelo de constatação.
cpc-lei-13105-capture-2026-09-28,Art. 298,aula-16.html,unused,"Art. 298 abre com “Na decisão que conceder, negar, modificar ou revogar a tutela provisória, o juiz…”; seu dispositivo não disciplina diretamente valoração probatória ou modelo de constatação."
cpc-lei-13105-capture-2026-09-28,Art. 299,aula-16.html,unused,"Art. 299 abre com “A tutela provisória será requerida ao juízo da causa e, quando antecedente, ao…”; seu dispositivo não disciplina diretamente valoração probatória ou modelo de constatação."
cpc-lei-13105-capture-2026-09-28,Art. 300,aula-16.html,unused,Art. 300 abre com “A tutela de urgência será concedida quando houver elementos que evidenciem a…”; seu dispositivo não disciplina diretamente valoração probatória ou modelo de constatação.
cpc-lei-13105-capture-2026-09-28,Art. 301,aula-16.html,unused,"Art. 301 abre com “A tutela de urgência de natureza cautelar pode ser efetivada mediante arresto,…”; seu dispositivo não disciplina diretamente valoração probatória ou modelo de constatação."
cpc-lei-13105-capture-2026-09-28,Art. 302,aula-16.html,unused,"Art. 302 abre com “Independentemente da reparação por dano processual, a parte responde pelo prejuízo…”; seu dispositivo não disciplina diretamente valoração probatória ou modelo de constatação."
cpc-lei-13105-capture-2026-09-28,Art. 303,aula-16.html,unused,"Art. 303 abre com “Nos casos em que a urgência for contemporânea à propositura da ação, a petição…”; seu dispositivo não disciplina diretamente valoração probatória ou modelo de constatação."
cpc-lei-13105-capture-2026-09-28,Art. 304,aula-16.html,unused,"Art. 304 abre com “A tutela antecipada, concedida nos termos do”; seu dispositivo não disciplina diretamente valoração probatória ou modelo de constatação."
cpc-lei-13105-capture-2026-09-28,Art. 305,aula-16.html,unused,Art. 305 abre com “A petição inicial da ação que visa à prestação de tutela cautelar em caráter…”; seu dispositivo não disciplina diretamente valoração probatória ou modelo de constatação.
cpc-lei-13105-capture-2026-09-28,Art. 306,aula-16.html,unused,"Art. 306 abre com “O réu será citado para, no prazo de 5 (cinco) dias, contestar o pedido e indicar as…”; seu dispositivo não disciplina diretamente valoração probatória ou modelo de constatação."
cpc-lei-13105-capture-2026-09-28,Art. 307,aula-16.html,unused,"Art. 307 abre com “Não sendo contestado o pedido, os fatos alegados pelo autor presumir-se-ão aceitos…”; seu dispositivo não disciplina diretamente valoração probatória ou modelo de constatação."
cpc-lei-13105-capture-2026-09-28,Art. 308,aula-16.html,unused,"Art. 308 abre com “Efetivada a tutela cautelar, o pedido principal terá de ser formulado pelo autor no…”; seu dispositivo não disciplina diretamente valoração probatória ou modelo de constatação."
cpc-lei-13105-capture-2026-09-28,Art. 309,aula-16.html,unused,"Art. 309 abre com “Cessa a eficácia da tutela concedida em caráter antecedente, se:”; seu dispositivo não disciplina diretamente valoração probatória ou modelo de constatação."
cpc-lei-13105-capture-2026-09-28,Art. 310,aula-16.html,unused,Art. 310 abre com “O indeferimento da tutela cautelar não obsta a que a parte formule o pedido…”; seu dispositivo não disciplina diretamente valoração probatória ou modelo de constatação.
cpc-lei-13105-capture-2026-09-28,Art. 311,aula-16.html,unused,"Art. 311 abre com “A tutela da evidência será concedida, independentemente da demonstração de perigo…”; seu dispositivo não disciplina diretamente valoração probatória ou modelo de constatação."
cpc-lei-13105-capture-2026-09-28,Art. 312,aula-16.html,unused,"Art. 312 abre com “Considera-se proposta a ação quando a petição inicial for protocolada, todavia, a…”; seu dispositivo não disciplina diretamente valoração probatória ou modelo de constatação."
cpc-lei-13105-capture-2026-09-28,Art. 313,aula-16.html,unused,Art. 313 abre com “Suspende-se o processo:”; seu dispositivo não disciplina diretamente valoração probatória ou modelo de constatação.
cpc-lei-13105-capture-2026-09-28,Art. 314,aula-16.html,unused,"Art. 314 abre com “Durante a suspensão é vedado praticar qualquer ato processual, podendo o juiz,…”; seu dispositivo não disciplina diretamente valoração probatória ou modelo de constatação."
cpc-lei-13105-capture-2026-09-28,Art. 315,aula-16.html,unused,Art. 315 abre com “Se o conhecimento do mérito depender de verificação da existência de fato…”; seu dispositivo não disciplina diretamente valoração probatória ou modelo de constatação.
cpc-lei-13105-capture-2026-09-28,Art. 316,aula-16.html,unused,Art. 316 abre com “A extinção do processo dar-se-á por sentença.”; seu dispositivo não disciplina diretamente valoração probatória ou modelo de constatação.
cpc-lei-13105-capture-2026-09-28,Art. 317,aula-16.html,unused,"Art. 317 abre com “Antes de proferir decisão sem resolução de mérito, o juiz deverá conceder à parte…”; seu dispositivo não disciplina diretamente valoração probatória ou modelo de constatação."
cpc-lei-13105-capture-2026-09-28,Art. 318,aula-16.html,unused,"Art. 318 abre com “Aplica-se a todas as causas o procedimento comum, salvo disposição em contrário…”; seu dispositivo não disciplina diretamente valoração probatória ou modelo de constatação."
cpc-lei-13105-capture-2026-09-28,Art. 319,aula-16.html,unused,Art. 319 abre com “A petição inicial indicará:”; seu dispositivo não disciplina diretamente valoração probatória ou modelo de constatação.
cpc-lei-13105-capture-2026-09-28,Art. 320,aula-16.html,unused,Art. 320 abre com “A petição inicial será instruída com os documentos indispensáveis à propositura da…”; seu dispositivo não disciplina diretamente valoração probatória ou modelo de constatação.
cpc-lei-13105-capture-2026-09-28,Art. 321,aula-16.html,unused,"Art. 321 abre com “O juiz, ao verificar que a petição inicial não preenche os requisitos dos”; seu dispositivo não disciplina diretamente valoração probatória ou modelo de constatação."
cpc-lei-13105-capture-2026-09-28,Art. 322,aula-16.html,unused,Art. 322 abre com “O pedido deve ser certo.”; seu dispositivo não disciplina diretamente valoração probatória ou modelo de constatação.
cpc-lei-13105-capture-2026-09-28,Art. 323,aula-16.html,unused,"Art. 323 abre com “Na ação que tiver por objeto cumprimento de obrigação em prestações sucessivas,…”; seu dispositivo não disciplina diretamente valoração probatória ou modelo de constatação."
cpc-lei-13105-capture-2026-09-28,Art. 324,aula-16.html,unused,Art. 324 abre com “O pedido deve ser determinado.”; seu dispositivo não disciplina diretamente valoração probatória ou modelo de constatação.
cpc-lei-13105-capture-2026-09-28,Art. 325,aula-16.html,unused,"Art. 325 abre com “O pedido será alternativo quando, pela natureza da obrigação, o devedor puder…”; seu dispositivo não disciplina diretamente valoração probatória ou modelo de constatação."
cpc-lei-13105-capture-2026-09-28,Art. 326,aula-16.html,unused,"Art. 326 abre com “É lícito formular mais de um pedido em ordem subsidiária, a fim de que o juiz…”; seu dispositivo não disciplina diretamente valoração probatória ou modelo de constatação."
cpc-lei-13105-capture-2026-09-28,Art. 327,aula-16.html,unused,"Art. 327 abre com “É lícita a cumulação, em um único processo, contra o mesmo réu, de vários pedidos,…”; seu dispositivo não disciplina diretamente valoração probatória ou modelo de constatação."
cpc-lei-13105-capture-2026-09-28,Art. 328,aula-16.html,unused,"Art. 328 abre com “Na obrigação indivisível com pluralidade de credores, aquele que não participou do…”; seu dispositivo não disciplina diretamente valoração probatória ou modelo de constatação."
cpc-lei-13105-capture-2026-09-28,Art. 329,aula-16.html,unused,Art. 329 abre com “O autor poderá:”; seu dispositivo não disciplina diretamente valoração probatória ou modelo de constatação.
cpc-lei-13105-capture-2026-09-28,Art. 330,aula-16.html,unused,Art. 330 abre com “A petição inicial será indeferida quando:”; seu dispositivo não disciplina diretamente valoração probatória ou modelo de constatação.
cpc-lei-13105-capture-2026-09-28,Art. 331,aula-16.html,unused,"Art. 331 abre com “Indeferida a petição inicial, o autor poderá apelar, facultado ao juiz, no prazo de…”; seu dispositivo não disciplina diretamente valoração probatória ou modelo de constatação."
cpc-lei-13105-capture-2026-09-28,Art. 332,aula-16.html,unused,"Art. 332 abre com “Nas causas que dispensem a fase instrutória, o juiz, independentemente da citação…”; seu dispositivo não disciplina diretamente valoração probatória ou modelo de constatação."
cpc-lei-13105-capture-2026-09-28,Art. 333,aula-16.html,unused,Art. 333 abre com “(VETADO).”; seu dispositivo não disciplina diretamente valoração probatória ou modelo de constatação.
cpc-lei-13105-capture-2026-09-28,Art. 334,aula-16.html,unused,Art. 334 abre com “Se a petição inicial preencher os requisitos essenciais e não for o caso de…”; seu dispositivo não disciplina diretamente valoração probatória ou modelo de constatação.
cpc-lei-13105-capture-2026-09-28,Art. 335,aula-16.html,unused,"Art. 335 abre com “O réu poderá oferecer contestação, por petição, no prazo de 15 (quinze) dias, cujo…”; seu dispositivo não disciplina diretamente valoração probatória ou modelo de constatação."
cpc-lei-13105-capture-2026-09-28,Art. 336,aula-16.html,unused,"Art. 336 abre com “Incumbe ao réu alegar, na contestação, toda a matéria de defesa, expondo as razões…”; seu dispositivo não disciplina diretamente valoração probatória ou modelo de constatação."
cpc-lei-13105-capture-2026-09-28,Art. 337,aula-16.html,unused,"Art. 337 abre com “Incumbe ao réu, antes de discutir o mérito, alegar:”; seu dispositivo não disciplina diretamente valoração probatória ou modelo de constatação."
cpc-lei-13105-capture-2026-09-28,Art. 338,aula-16.html,unused,"Art. 338 abre com “Alegando o réu, na contestação, ser parte ilegítima ou não ser o responsável pelo…”; seu dispositivo não disciplina diretamente valoração probatória ou modelo de constatação."
cpc-lei-13105-capture-2026-09-28,Art. 339,aula-16.html,unused,"Art. 339 abre com “Quando alegar sua ilegitimidade, incumbe ao réu indicar o sujeito passivo da…”; seu dispositivo não disciplina diretamente valoração probatória ou modelo de constatação."
cpc-lei-13105-capture-2026-09-28,Art. 340,aula-16.html,unused,"Art. 340 abre com “Havendo alegação de incompetência relativa ou absoluta, a contestação poderá ser…”; seu dispositivo não disciplina diretamente valoração probatória ou modelo de constatação."
cpc-lei-13105-capture-2026-09-28,Art. 341,aula-16.html,unused,Art. 341 abre com “Incumbe também ao réu manifestar-se precisamente sobre as alegações de fato…”; seu dispositivo não disciplina diretamente valoração probatória ou modelo de constatação.
cpc-lei-13105-capture-2026-09-28,Art. 342,aula-16.html,unused,"Art. 342 abre com “Depois da contestação, só é lícito ao réu deduzir novas alegações quando:”; seu dispositivo não disciplina diretamente valoração probatória ou modelo de constatação."
cpc-lei-13105-capture-2026-09-28,Art. 343,aula-16.html,unused,"Art. 343 abre com “Na contestação, é lícito ao réu propor reconvenção para manifestar pretensão…”; seu dispositivo não disciplina diretamente valoração probatória ou modelo de constatação."
cpc-lei-13105-capture-2026-09-28,Art. 344,aula-16.html,unused,"Art. 344 abre com “Se o réu não contestar a ação, será considerado revel e presumir-se-ão verdadeiras…”; seu dispositivo não disciplina diretamente valoração probatória ou modelo de constatação."
cpc-lei-13105-capture-2026-09-28,Art. 345,aula-16.html,unused,Art. 345 abre com “A revelia não produz o efeito mencionado no”; seu dispositivo não disciplina diretamente valoração probatória ou modelo de constatação.
cpc-lei-13105-capture-2026-09-28,Art. 346,aula-16.html,unused,Art. 346 abre com “Os prazos contra o revel que não tenha patrono nos autos fluirão da data de…”; seu dispositivo não disciplina diretamente valoração probatória ou modelo de constatação.
cpc-lei-13105-capture-2026-09-28,Art. 347,aula-16.html,unused,"Art. 347 abre com “Findo o prazo para a contestação, o juiz tomará, conforme o caso, as providências…”; seu dispositivo não disciplina diretamente valoração probatória ou modelo de constatação."
cpc-lei-13105-capture-2026-09-28,Art. 348,aula-16.html,unused,"Art. 348 abre com “Se o réu não contestar a ação, o juiz, verificando a inocorrência do efeito da…”; seu dispositivo não disciplina diretamente valoração probatória ou modelo de constatação."
cpc-lei-13105-capture-2026-09-28,Art. 349,aula-16.html,unused,"Art. 349 abre com “Ao réu revel será lícita a produção de provas, contrapostas às alegações do autor,…”; seu dispositivo não disciplina diretamente valoração probatória ou modelo de constatação."
cpc-lei-13105-capture-2026-09-28,Art. 350,aula-16.html,unused,"Art. 350 abre com “Se o réu alegar fato impeditivo, modificativo ou extintivo do direito do autor,…”; seu dispositivo não disciplina diretamente valoração probatória ou modelo de constatação."
cpc-lei-13105-capture-2026-09-28,Art. 351,aula-16.html,unused,Art. 351 abre com “Se o réu alegar qualquer das matérias enumeradas no”; seu dispositivo não disciplina diretamente valoração probatória ou modelo de constatação.
cpc-lei-13105-capture-2026-09-28,Art. 352,aula-16.html,unused,"Art. 352 abre com “Verificando a existência de irregularidades ou de vícios sanáveis, o juiz…”; seu dispositivo não disciplina diretamente valoração probatória ou modelo de constatação."
cpc-lei-13105-capture-2026-09-28,Art. 353,aula-16.html,unused,"Art. 353 abre com “Cumpridas as providências preliminares ou não havendo necessidade delas, o juiz…”; seu dispositivo não disciplina diretamente valoração probatória ou modelo de constatação."
cpc-lei-13105-capture-2026-09-28,Art. 354,aula-16.html,unused,Art. 354 abre com “Ocorrendo qualquer das hipóteses previstas nos”; seu dispositivo não disciplina diretamente valoração probatória ou modelo de constatação.
cpc-lei-13105-capture-2026-09-28,Art. 355,aula-16.html,unused,"Art. 355 abre com “O juiz julgará antecipadamente o pedido, proferindo sentença com resolução de…”; seu dispositivo não disciplina diretamente valoração probatória ou modelo de constatação."
cpc-lei-13105-capture-2026-09-28,Art. 356,aula-16.html,unused,Art. 356 abre com “O juiz decidirá parcialmente o mérito quando um ou mais dos pedidos formulados ou…”; seu dispositivo não disciplina diretamente valoração probatória ou modelo de constatação.
cpc-lei-13105-capture-2026-09-28,Art. 357,aula-16.html,unused,"Art. 357 abre com “Não ocorrendo nenhuma das hipóteses deste Capítulo, deverá o juiz, em decisão de…”; seu dispositivo não disciplina diretamente valoração probatória ou modelo de constatação."
cpc-lei-13105-capture-2026-09-28,Art. 358,aula-16.html,unused,"Art. 358 abre com “No dia e na hora designados, o juiz declarará aberta a audiência de instrução e…”; seu dispositivo não disciplina diretamente valoração probatória ou modelo de constatação."
cpc-lei-13105-capture-2026-09-28,Art. 359,aula-16.html,unused,"Art. 359 abre com “Instalada a audiência, o juiz tentará conciliar as partes, independentemente do…”; seu dispositivo não disciplina diretamente valoração probatória ou modelo de constatação."
cpc-lei-13105-capture-2026-09-28,Art. 360,aula-16.html,unused,"Art. 360 abre com “O juiz exerce o poder de polícia, incumbindo-lhe:”; seu dispositivo não disciplina diretamente valoração probatória ou modelo de constatação."
cpc-lei-13105-capture-2026-09-28,Art. 361,aula-16.html,unused,"Art. 361 abre com “As provas orais serão produzidas em audiência, ouvindo-se nesta ordem,…”; seu dispositivo não disciplina diretamente valoração probatória ou modelo de constatação."
cpc-lei-13105-capture-2026-09-28,Art. 362,aula-16.html,unused,Art. 362 abre com “A audiência poderá ser adiada:”; seu dispositivo não disciplina diretamente valoração probatória ou modelo de constatação.
cpc-lei-13105-capture-2026-09-28,Art. 363,aula-16.html,unused,"Art. 363 abre com “Havendo antecipação ou adiamento da audiência, o juiz, de ofício ou a requerimento…”; seu dispositivo não disciplina diretamente valoração probatória ou modelo de constatação."
cpc-lei-13105-capture-2026-09-28,Art. 364,aula-16.html,unused,"Art. 364 abre com “Finda a instrução, o juiz dará a palavra ao advogado do autor e do réu, bem como ao…”; seu dispositivo não disciplina diretamente valoração probatória ou modelo de constatação."
cpc-lei-13105-capture-2026-09-28,Art. 365,aula-16.html,unused,"Art. 365 abre com “A audiência é una e contínua, podendo ser excepcional e justificadamente cindida na…”; seu dispositivo não disciplina diretamente valoração probatória ou modelo de constatação."
cpc-lei-13105-capture-2026-09-28,Art. 366,aula-16.html,unused,"Art. 366 abre com “Encerrado o debate ou oferecidas as razões finais, o juiz proferirá sentença em…”; seu dispositivo não disciplina diretamente valoração probatória ou modelo de constatação."
cpc-lei-13105-capture-2026-09-28,Art. 367,aula-16.html,unused,"Art. 367 abre com “O servidor lavrará, sob ditado do juiz, termo que conterá, em resumo, o ocorrido na…”; seu dispositivo não disciplina diretamente valoração probatória ou modelo de constatação."
cpc-lei-13105-capture-2026-09-28,Art. 368,aula-16.html,unused,"Art. 368 abre com “A audiência será pública, ressalvadas as exceções legais.”; seu dispositivo não disciplina diretamente valoração probatória ou modelo de constatação."
cpc-lei-13105-capture-2026-09-28,Art. 369,aula-16.html,unused,"Art. 369 abre com “As partes têm o direito de empregar todos os meios legais, bem como os moralmente…”; seu dispositivo não disciplina diretamente valoração probatória ou modelo de constatação."
cpc-lei-13105-capture-2026-09-28,Art. 370,aula-16.html,unused,"Art. 370 abre com “Caberá ao juiz, de ofício ou a requerimento da parte, determinar as provas…”; seu dispositivo não disciplina diretamente valoração probatória ou modelo de constatação."
cpc-lei-13105-capture-2026-09-28,Art. 371,aula-16.html,supporting,Regula a apreciação da prova constante dos autos e exige razões para a formação do convencimento; é o enunciado legal central da valoração.
cpc-lei-13105-capture-2026-09-28,Art. 372,aula-16.html,supporting,"Permite atribuir valor à prova emprestada conforme o caso, observado o contraditório; exemplifica a avaliação contextual da prova."
cpc-lei-13105-capture-2026-09-28,Art. 373,aula-16.html,supporting,Expõe a regra de distribuição do ônus que se relaciona ao resultado da valoração e ao critério usado para decidir quando a prova é insuficiente.
cpc-lei-13105-capture-2026-09-28,Art. 374,aula-16.html,unused,Art. 374 abre com “Não dependem de prova os fatos:”; seu dispositivo não disciplina diretamente valoração probatória ou modelo de constatação.
cpc-lei-13105-capture-2026-09-28,Art. 375,aula-16.html,unused,Art. 375 abre com “O juiz aplicará as regras de experiência comum subministradas pela observação do…”; seu dispositivo não disciplina diretamente valoração probatória ou modelo de constatação.
cpc-lei-13105-capture-2026-09-28,Art. 376,aula-16.html,unused,"Art. 376 abre com “A parte que alegar direito municipal, estadual, estrangeiro ou consuetudinário…”; seu dispositivo não disciplina diretamente valoração probatória ou modelo de constatação."
cpc-lei-13105-capture-2026-09-28,Art. 377,aula-16.html,unused,"Art. 377 abre com “A carta precatória, a carta rogatória e o auxílio direto suspenderão o julgamento…”; seu dispositivo não disciplina diretamente valoração probatória ou modelo de constatação."
cpc-lei-13105-capture-2026-09-28,Art. 378,aula-16.html,unused,Art. 378 abre com “Ninguém se exime do dever de colaborar com o Poder Judiciário para o descobrimento…”; seu dispositivo não disciplina diretamente valoração probatória ou modelo de constatação.
cpc-lei-13105-capture-2026-09-28,Art. 379,aula-16.html,unused,"Art. 379 abre com “Preservado o direito de não produzir prova contra si própria, incumbe à parte:”; seu dispositivo não disciplina diretamente valoração probatória ou modelo de constatação."
cpc-lei-13105-capture-2026-09-28,Art. 380,aula-16.html,unused,"Art. 380 abre com “Incumbe ao terceiro, em relação a qualquer causa:”; seu dispositivo não disciplina diretamente valoração probatória ou modelo de constatação."
cpc-lei-13105-capture-2026-09-28,Art. 381,aula-16.html,unused,Art. 381 abre com “A produção antecipada da prova será admitida nos casos em que:”; seu dispositivo não disciplina diretamente valoração probatória ou modelo de constatação.
cpc-lei-13105-capture-2026-09-28,Art. 382,aula-16.html,unused,"Art. 382 abre com “Na petição, o requerente apresentará as razões que justificam a necessidade de…”; seu dispositivo não disciplina diretamente valoração probatória ou modelo de constatação."
cpc-lei-13105-capture-2026-09-28,Art. 383,aula-16.html,unused,Art. 383 abre com “Os autos permanecerão em cartório durante 1 (um) mês para extração de cópias e…”; seu dispositivo não disciplina diretamente valoração probatória ou modelo de constatação.
cpc-lei-13105-capture-2026-09-28,Art. 384,aula-16.html,unused,"Art. 384 abre com “A existência e o modo de existir de algum fato podem ser atestados ou documentados,…”; seu dispositivo não disciplina diretamente valoração probatória ou modelo de constatação."
cpc-lei-13105-capture-2026-09-28,Art. 385,aula-16.html,unused,"Art. 385 abre com “Cabe à parte requerer o depoimento pessoal da outra parte, a fim de que esta seja…”; seu dispositivo não disciplina diretamente valoração probatória ou modelo de constatação."
cpc-lei-13105-capture-2026-09-28,Art. 386,aula-16.html,unused,"Art. 386 abre com “Quando a parte, sem motivo justificado, deixar de responder ao que lhe for…”; seu dispositivo não disciplina diretamente valoração probatória ou modelo de constatação."
cpc-lei-13105-capture-2026-09-28,Art. 387,aula-16.html,unused,"Art. 387 abre com “A parte responderá pessoalmente sobre os fatos articulados, não podendo servir-se…”; seu dispositivo não disciplina diretamente valoração probatória ou modelo de constatação."
cpc-lei-13105-capture-2026-09-28,Art. 388,aula-16.html,unused,Art. 388 abre com “A parte não é obrigada a depor sobre fatos:”; seu dispositivo não disciplina diretamente valoração probatória ou modelo de constatação.
cpc-lei-13105-capture-2026-09-28,Art. 389,aula-16.html,unused,"Art. 389 abre com “Há confissão, judicial ou extrajudicial, quando a parte admite a verdade de fato…”; seu dispositivo não disciplina diretamente valoração probatória ou modelo de constatação."
cpc-lei-13105-capture-2026-09-28,Art. 390,aula-16.html,unused,Art. 390 abre com “A confissão judicial pode ser espontânea ou provocada.”; seu dispositivo não disciplina diretamente valoração probatória ou modelo de constatação.
cpc-lei-13105-capture-2026-09-28,Art. 391,aula-16.html,unused,"Art. 391 abre com “A confissão judicial faz prova contra o confitente, não prejudicando, todavia, os…”; seu dispositivo não disciplina diretamente valoração probatória ou modelo de constatação."
cpc-lei-13105-capture-2026-09-28,Art. 392,aula-16.html,unused,"Art. 392 abre com “Não vale como confissão a admissão, em juízo, de fatos relativos a direitos…”; seu dispositivo não disciplina diretamente valoração probatória ou modelo de constatação."
cpc-lei-13105-capture-2026-09-28,Art. 393,aula-16.html,unused,"Art. 393 abre com “A confissão é irrevogável, mas pode ser anulada se decorreu de erro de fato ou de…”; seu dispositivo não disciplina diretamente valoração probatória ou modelo de constatação."
cpc-lei-13105-capture-2026-09-28,Art. 394,aula-16.html,unused,"Art. 394 abre com “A confissão extrajudicial, quando feita oralmente, só terá eficácia nos casos em…”; seu dispositivo não disciplina diretamente valoração probatória ou modelo de constatação."
cpc-lei-13105-capture-2026-09-28,Art. 395,aula-16.html,unused,"Art. 395 abre com “A confissão é, em regra, indivisível, não podendo a parte que a quiser invocar como…”; seu dispositivo não disciplina diretamente valoração probatória ou modelo de constatação."
cpc-lei-13105-capture-2026-09-28,Art. 396,aula-16.html,unused,Art. 396 abre com “O juiz pode ordenar que a parte exiba documento ou coisa que se encontre em seu…”; seu dispositivo não disciplina diretamente valoração probatória ou modelo de constatação.
cpc-lei-13105-capture-2026-09-28,Art. 397,aula-16.html,unused,Art. 397 abre com “O pedido formulado pela parte conterá:”; seu dispositivo não disciplina diretamente valoração probatória ou modelo de constatação.
cpc-lei-13105-capture-2026-09-28,Art. 398,aula-16.html,unused,Art. 398 abre com “O requerido dará sua resposta nos 5 (cinco) dias subsequentes à sua intimação.”; seu dispositivo não disciplina diretamente valoração probatória ou modelo de constatação.
cpc-lei-13105-capture-2026-09-28,Art. 399,aula-16.html,unused,Art. 399 abre com “O juiz não admitirá a recusa se:”; seu dispositivo não disciplina diretamente valoração probatória ou modelo de constatação.
cpc-lei-13105-capture-2026-09-28,Art. 400,aula-16.html,unused,"Art. 400 abre com “Ao decidir o pedido, o juiz admitirá como verdadeiros os fatos que, por meio do…”; seu dispositivo não disciplina diretamente valoração probatória ou modelo de constatação."
cpc-lei-13105-capture-2026-09-28,Art. 401,aula-16.html,unused,"Art. 401 abre com “Quando o documento ou a coisa estiver em poder de terceiro, o juiz ordenará sua…”; seu dispositivo não disciplina diretamente valoração probatória ou modelo de constatação."
cpc-lei-13105-capture-2026-09-28,Art. 402,aula-16.html,unused,"Art. 402 abre com “Se o terceiro negar a obrigação de exibir ou a posse do documento ou da coisa, o…”; seu dispositivo não disciplina diretamente valoração probatória ou modelo de constatação."
cpc-lei-13105-capture-2026-09-28,Art. 403,aula-16.html,unused,"Art. 403 abre com “Se o terceiro, sem justo motivo, se recusar a efetuar a exibição, o juiz…”; seu dispositivo não disciplina diretamente valoração probatória ou modelo de constatação."
cpc-lei-13105-capture-2026-09-28,Art. 404,aula-16.html,unused,"Art. 404 abre com “A parte e o terceiro se escusam de exibir, em juízo, o documento ou a coisa se:”; seu dispositivo não disciplina diretamente valoração probatória ou modelo de constatação."
cpc-lei-13105-capture-2026-09-28,Art. 405,aula-16.html,unused,"Art. 405 abre com “O documento público faz prova não só da sua formação, mas também dos fatos que o…”; seu dispositivo não disciplina diretamente valoração probatória ou modelo de constatação."
cpc-lei-13105-capture-2026-09-28,Art. 406,aula-16.html,unused,"Art. 406 abre com “Quando a lei exigir instrumento público como da substância do ato, nenhuma outra…”; seu dispositivo não disciplina diretamente valoração probatória ou modelo de constatação."
cpc-lei-13105-capture-2026-09-28,Art. 407,aula-16.html,unused,Art. 407 abre com “O documento feito por oficial público incompetente ou sem a observância das…”; seu dispositivo não disciplina diretamente valoração probatória ou modelo de constatação.
cpc-lei-13105-capture-2026-09-28,Art. 408,aula-16.html,unused,Art. 408 abre com “As declarações constantes do documento particular escrito e assinado ou somente…”; seu dispositivo não disciplina diretamente valoração probatória ou modelo de constatação.
cpc-lei-13105-capture-2026-09-28,Art. 409,aula-16.html,unused,"Art. 409 abre com “A data do documento particular, quando a seu respeito surgir dúvida ou impugnação…”; seu dispositivo não disciplina diretamente valoração probatória ou modelo de constatação."
cpc-lei-13105-capture-2026-09-28,Art. 410,aula-16.html,unused,Art. 410 abre com “Considera-se autor do documento particular:”; seu dispositivo não disciplina diretamente valoração probatória ou modelo de constatação.
cpc-lei-13105-capture-2026-09-28,Art. 411,aula-16.html,unused,Art. 411 abre com “Considera-se autêntico o documento quando:”; seu dispositivo não disciplina diretamente valoração probatória ou modelo de constatação.
cpc-lei-13105-capture-2026-09-28,Art. 412,aula-16.html,unused,Art. 412 abre com “O documento particular de cuja autenticidade não se duvida prova que o seu autor…”; seu dispositivo não disciplina diretamente valoração probatória ou modelo de constatação.
cpc-lei-13105-capture-2026-09-28,Art. 413,aula-16.html,unused,"Art. 413 abre com “O telegrama, o radiograma ou qualquer outro meio de transmissão tem a mesma força…”; seu dispositivo não disciplina diretamente valoração probatória ou modelo de constatação."
cpc-lei-13105-capture-2026-09-28,Art. 414,aula-16.html,unused,"Art. 414 abre com “O telegrama ou o radiograma presume-se conforme com o original, provando as datas…”; seu dispositivo não disciplina diretamente valoração probatória ou modelo de constatação."
cpc-lei-13105-capture-2026-09-28,Art. 415,aula-16.html,unused,Art. 415 abre com “As cartas e os registros domésticos provam contra quem os escreveu quando:”; seu dispositivo não disciplina diretamente valoração probatória ou modelo de constatação.
cpc-lei-13105-capture-2026-09-28,Art. 416,aula-16.html,unused,Art. 416 abre com “A nota escrita pelo credor em qualquer parte de documento representativo de…”; seu dispositivo não disciplina diretamente valoração probatória ou modelo de constatação.
cpc-lei-13105-capture-2026-09-28,Art. 417,aula-16.html,unused,"Art. 417 abre com “Os livros empresariais provam contra seu autor, sendo lícito ao empresário,…”; seu dispositivo não disciplina diretamente valoração probatória ou modelo de constatação."
cpc-lei-13105-capture-2026-09-28,Art. 418,aula-16.html,unused,Art. 418 abre com “Os livros empresariais que preencham os requisitos exigidos por lei provam a favor…”; seu dispositivo não disciplina diretamente valoração probatória ou modelo de constatação.
cpc-lei-13105-capture-2026-09-28,Art. 419,aula-16.html,unused,"Art. 419 abre com “A escrituração contábil é indivisível, e, se dos fatos que resultam dos…”; seu dispositivo não disciplina diretamente valoração probatória ou modelo de constatação."
cpc-lei-13105-capture-2026-09-28,Art. 420,aula-16.html,unused,"Art. 420 abre com “O juiz pode ordenar, a requerimento da parte, a exibição integral dos livros…”; seu dispositivo não disciplina diretamente valoração probatória ou modelo de constatação."
cpc-lei-13105-capture-2026-09-28,Art. 421,aula-16.html,unused,"Art. 421 abre com “O juiz pode, de ofício, ordenar à parte a exibição parcial dos livros e dos…”; seu dispositivo não disciplina diretamente valoração probatória ou modelo de constatação."
cpc-lei-13105-capture-2026-09-28,Art. 422,aula-16.html,unused,"Art. 422 abre com “Qualquer reprodução mecânica, como a fotográfica, a cinematográfica, a fonográfica…”; seu dispositivo não disciplina diretamente valoração probatória ou modelo de constatação."
cpc-lei-13105-capture-2026-09-28,Art. 423,aula-16.html,unused,"Art. 423 abre com “As reproduções dos documentos particulares, fotográficas ou obtidas por outros…”; seu dispositivo não disciplina diretamente valoração probatória ou modelo de constatação."
cpc-lei-13105-capture-2026-09-28,Art. 424,aula-16.html,unused,"Art. 424 abre com “A cópia de documento particular tem o mesmo valor probante que o original, cabendo…”; seu dispositivo não disciplina diretamente valoração probatória ou modelo de constatação."
cpc-lei-13105-capture-2026-09-28,Art. 425,aula-16.html,unused,Art. 425 abre com “Fazem a mesma prova que os originais:”; seu dispositivo não disciplina diretamente valoração probatória ou modelo de constatação.
cpc-lei-13105-capture-2026-09-28,Art. 426,aula-16.html,unused,"Art. 426 abre com “O juiz apreciará fundamentadamente a fé que deva merecer o documento, quando em…”; seu dispositivo não disciplina diretamente valoração probatória ou modelo de constatação."
cpc-lei-13105-capture-2026-09-28,Art. 427,aula-16.html,unused,Art. 427 abre com “Cessa a fé do documento público ou particular sendo-lhe declarada judicialmente a…”; seu dispositivo não disciplina diretamente valoração probatória ou modelo de constatação.
cpc-lei-13105-capture-2026-09-28,Art. 428,aula-16.html,unused,Art. 428 abre com “Cessa a fé do documento particular quando:”; seu dispositivo não disciplina diretamente valoração probatória ou modelo de constatação.
cpc-lei-13105-capture-2026-09-28,Art. 429,aula-16.html,unused,Art. 429 abre com “Incumbe o ônus da prova quando:”; seu dispositivo não disciplina diretamente valoração probatória ou modelo de constatação.
cpc-lei-13105-capture-2026-09-28,Art. 430,aula-16.html,unused,"Art. 430 abre com “A falsidade deve ser suscitada na contestação, na réplica ou no prazo de 15…”; seu dispositivo não disciplina diretamente valoração probatória ou modelo de constatação."
cpc-lei-13105-capture-2026-09-28,Art. 431,aula-16.html,unused,Art. 431 abre com “A parte arguirá a falsidade expondo os motivos em que funda a sua pretensão e os…”; seu dispositivo não disciplina diretamente valoração probatória ou modelo de constatação.
cpc-lei-13105-capture-2026-09-28,Art. 432,aula-16.html,unused,"Art. 432 abre com “Depois de ouvida a outra parte no prazo de 15 (quinze) dias, será realizado o exame…”; seu dispositivo não disciplina diretamente valoração probatória ou modelo de constatação."
cpc-lei-13105-capture-2026-09-28,Art. 433,aula-16.html,unused,"Art. 433 abre com “A declaração sobre a falsidade do documento, quando suscitada como questão…”; seu dispositivo não disciplina diretamente valoração probatória ou modelo de constatação."
cpc-lei-13105-capture-2026-09-28,Art. 434,aula-16.html,unused,Art. 434 abre com “Incumbe à parte instruir a petição inicial ou a contestação com os documentos…”; seu dispositivo não disciplina diretamente valoração probatória ou modelo de constatação.
cpc-lei-13105-capture-2026-09-28,Art. 435,aula-16.html,unused,"Art. 435 abre com “É lícito às partes, em qualquer tempo, juntar aos autos documentos novos, quando…”; seu dispositivo não disciplina diretamente valoração probatória ou modelo de constatação."
cpc-lei-13105-capture-2026-09-28,Art. 436,aula-16.html,unused,"Art. 436 abre com “A parte, intimada a falar sobre documento constante dos autos, poderá:”; seu dispositivo não disciplina diretamente valoração probatória ou modelo de constatação."
cpc-lei-13105-capture-2026-09-28,Art. 437,aula-16.html,unused,"Art. 437 abre com “O réu manifestar-se-á na contestação sobre os documentos anexados à inicial, e o…”; seu dispositivo não disciplina diretamente valoração probatória ou modelo de constatação."
cpc-lei-13105-capture-2026-09-28,Art. 438,aula-16.html,unused,"Art. 438 abre com “O juiz requisitará às repartições públicas, em qualquer tempo ou grau de jurisdição:”; seu dispositivo não disciplina diretamente valoração probatória ou modelo de constatação."
cpc-lei-13105-capture-2026-09-28,Art. 439,aula-16.html,unused,Art. 439 abre com “A utilização de documentos eletrônicos no processo convencional dependerá de sua…”; seu dispositivo não disciplina diretamente valoração probatória ou modelo de constatação.
cpc-lei-13105-capture-2026-09-28,Art. 440,aula-16.html,unused,"Art. 440 abre com “O juiz apreciará o valor probante do documento eletrônico não convertido,…”; seu dispositivo não disciplina diretamente valoração probatória ou modelo de constatação."
cpc-lei-13105-capture-2026-09-28,Art. 441,aula-16.html,unused,Art. 441 abre com “Serão admitidos documentos eletrônicos produzidos e conservados com a observância…”; seu dispositivo não disciplina diretamente valoração probatória ou modelo de constatação.
cpc-lei-13105-capture-2026-09-28,Art. 442,aula-16.html,unused,"Art. 442 abre com “A prova testemunhal é sempre admissível, não dispondo a lei de modo diverso.”; seu dispositivo não disciplina diretamente valoração probatória ou modelo de constatação."
cpc-lei-13105-capture-2026-09-28,Art. 443,aula-16.html,unused,Art. 443 abre com “O juiz indeferirá a inquirição de testemunhas sobre fatos:”; seu dispositivo não disciplina diretamente valoração probatória ou modelo de constatação.
cpc-lei-13105-capture-2026-09-28,Art. 444,aula-16.html,unused,"Art. 444 abre com “Nos casos em que a lei exigir prova escrita da obrigação, é admissível a prova…”; seu dispositivo não disciplina diretamente valoração probatória ou modelo de constatação."
cpc-lei-13105-capture-2026-09-28,Art. 445,aula-16.html,unused,"Art. 445 abre com “Também se admite a prova testemunhal quando o credor não pode ou não podia, moral…”; seu dispositivo não disciplina diretamente valoração probatória ou modelo de constatação."
cpc-lei-13105-capture-2026-09-28,Art. 446,aula-16.html,unused,Art. 446 abre com “É lícito à parte provar com testemunhas:”; seu dispositivo não disciplina diretamente valoração probatória ou modelo de constatação.
cpc-lei-13105-capture-2026-09-28,Art. 447,aula-16.html,unused,"Art. 447 abre com “Podem depor como testemunhas todas as pessoas, exceto as incapazes, impedidas ou…”; seu dispositivo não disciplina diretamente valoração probatória ou modelo de constatação."
cpc-lei-13105-capture-2026-09-28,Art. 448,aula-16.html,unused,Art. 448 abre com “A testemunha não é obrigada a depor sobre fatos:”; seu dispositivo não disciplina diretamente valoração probatória ou modelo de constatação.
cpc-lei-13105-capture-2026-09-28,Art. 449,aula-16.html,unused,"Art. 449 abre com “Salvo disposição especial em contrário, as testemunhas devem ser ouvidas na sede do…”; seu dispositivo não disciplina diretamente valoração probatória ou modelo de constatação."
cpc-lei-13105-capture-2026-09-28,Art. 450,aula-16.html,unused,"Art. 450 abre com “O rol de testemunhas conterá, sempre que possível, o nome, a profissão, o estado…”; seu dispositivo não disciplina diretamente valoração probatória ou modelo de constatação."
cpc-lei-13105-capture-2026-09-28,Art. 451,aula-16.html,unused,Art. 451 abre com “Depois de apresentado o rol de que tratam os”; seu dispositivo não disciplina diretamente valoração probatória ou modelo de constatação.
cpc-lei-13105-capture-2026-09-28,Art. 452,aula-16.html,unused,"Art. 452 abre com “Quando for arrolado como testemunha, o juiz da causa:”; seu dispositivo não disciplina diretamente valoração probatória ou modelo de constatação."
cpc-lei-13105-capture-2026-09-28,Art. 453,aula-16.html,unused,"Art. 453 abre com “As testemunhas depõem, na audiência de instrução e julgamento, perante o juiz da…”; seu dispositivo não disciplina diretamente valoração probatória ou modelo de constatação."
cpc-lei-13105-capture-2026-09-28,Art. 454,aula-16.html,unused,Art. 454 abre com “São inquiridos em sua residência ou onde exercem sua função:”; seu dispositivo não disciplina diretamente valoração probatória ou modelo de constatação.
cpc-lei-13105-capture-2026-09-28,Art. 455,aula-16.html,unused,"Art. 455 abre com “Cabe ao advogado da parte informar ou intimar a testemunha por ele arrolada do dia,…”; seu dispositivo não disciplina diretamente valoração probatória ou modelo de constatação."
cpc-lei-13105-capture-2026-09-28,Art. 456,aula-16.html,unused,"Art. 456 abre com “O juiz inquirirá as testemunhas separada e sucessivamente, primeiro as do autor e…”; seu dispositivo não disciplina diretamente valoração probatória ou modelo de constatação."
cpc-lei-13105-capture-2026-09-28,Art. 457,aula-16.html,unused,"Art. 457 abre com “Antes de depor, a testemunha será qualificada, declarará ou confirmará seus dados e…”; seu dispositivo não disciplina diretamente valoração probatória ou modelo de constatação."
cpc-lei-13105-capture-2026-09-28,Art. 458,aula-16.html,unused,"Art. 458 abre com “Ao início da inquirição, a testemunha prestará o compromisso de dizer a verdade do…”; seu dispositivo não disciplina diretamente valoração probatória ou modelo de constatação."
cpc-lei-13105-capture-2026-09-28,Art. 459,aula-16.html,unused,"Art. 459 abre com “As perguntas serão formuladas pelas partes diretamente à testemunha, começando pela…”; seu dispositivo não disciplina diretamente valoração probatória ou modelo de constatação."
cpc-lei-13105-capture-2026-09-28,Art. 460,aula-16.html,unused,Art. 460 abre com “O depoimento poderá ser documentado por meio de gravação.”; seu dispositivo não disciplina diretamente valoração probatória ou modelo de constatação.
cpc-lei-13105-capture-2026-09-28,Art. 461,aula-16.html,unused,"Art. 461 abre com “O juiz pode ordenar, de ofício ou a requerimento da parte:”; seu dispositivo não disciplina diretamente valoração probatória ou modelo de constatação."
cpc-lei-13105-capture-2026-09-28,Art. 462,aula-16.html,unused,Art. 462 abre com “A testemunha pode requerer ao juiz o pagamento da despesa que efetuou para…”; seu dispositivo não disciplina diretamente valoração probatória ou modelo de constatação.
cpc-lei-13105-capture-2026-09-28,Art. 463,aula-16.html,unused,Art. 463 abre com “O depoimento prestado em juízo é considerado serviço público.”; seu dispositivo não disciplina diretamente valoração probatória ou modelo de constatação.
cpc-lei-13105-capture-2026-09-28,Art. 464,aula-16.html,unused,"Art. 464 abre com “A prova pericial consiste em exame, vistoria ou avaliação.”; seu dispositivo não disciplina diretamente valoração probatória ou modelo de constatação."
cpc-lei-13105-capture-2026-09-28,Art. 465,aula-16.html,unused,Art. 465 abre com “O juiz nomeará perito especializado no objeto da perícia e fixará de imediato o…”; seu dispositivo não disciplina diretamente valoração probatória ou modelo de constatação.
cpc-lei-13105-capture-2026-09-28,Art. 466,aula-16.html,unused,"Art. 466 abre com “O perito cumprirá escrupulosamente o encargo que lhe foi cometido,…”; seu dispositivo não disciplina diretamente valoração probatória ou modelo de constatação."
cpc-lei-13105-capture-2026-09-28,Art. 467,aula-16.html,unused,Art. 467 abre com “O perito pode escusar-se ou ser recusado por impedimento ou suspeição.”; seu dispositivo não disciplina diretamente valoração probatória ou modelo de constatação.
cpc-lei-13105-capture-2026-09-28,Art. 468,aula-16.html,unused,Art. 468 abre com “O perito pode ser substituído quando:”; seu dispositivo não disciplina diretamente valoração probatória ou modelo de constatação.
cpc-lei-13105-capture-2026-09-28,Art. 469,aula-16.html,unused,"Art. 469 abre com “As partes poderão apresentar quesitos suplementares durante a diligência, que…”; seu dispositivo não disciplina diretamente valoração probatória ou modelo de constatação."
cpc-lei-13105-capture-2026-09-28,Art. 470,aula-16.html,unused,Art. 470 abre com “Incumbe ao juiz:”; seu dispositivo não disciplina diretamente valoração probatória ou modelo de constatação.
cpc-lei-13105-capture-2026-09-28,Art. 471,aula-16.html,unused,"Art. 471 abre com “As partes podem, de comum acordo, escolher o perito, indicando-o mediante…”; seu dispositivo não disciplina diretamente valoração probatória ou modelo de constatação."
cpc-lei-13105-capture-2026-09-28,Art. 472,aula-16.html,unused,"Art. 472 abre com “O juiz poderá dispensar prova pericial quando as partes, na inicial e na…”; seu dispositivo não disciplina diretamente valoração probatória ou modelo de constatação."
cpc-lei-13105-capture-2026-09-28,Art. 473,aula-16.html,unused,Art. 473 abre com “O laudo pericial deverá conter:”; seu dispositivo não disciplina diretamente valoração probatória ou modelo de constatação.
cpc-lei-13105-capture-2026-09-28,Art. 474,aula-16.html,unused,Art. 474 abre com “As partes terão ciência da data e do local designados pelo juiz ou indicados pelo…”; seu dispositivo não disciplina diretamente valoração probatória ou modelo de constatação.
cpc-lei-13105-capture-2026-09-28,Art. 475,aula-16.html,unused,Art. 475 abre com “Tratando-se de perícia complexa que abranja mais de uma área de conhecimento…”; seu dispositivo não disciplina diretamente valoração probatória ou modelo de constatação.
cpc-lei-13105-capture-2026-09-28,Art. 476,aula-16.html,unused,"Art. 476 abre com “Se o perito, por motivo justificado, não puder apresentar o laudo dentro do prazo,…”; seu dispositivo não disciplina diretamente valoração probatória ou modelo de constatação."
cpc-lei-13105-capture-2026-09-28,Art. 478,aula-16.html,unused,Art. 478 abre com “Quando o exame tiver por objeto a autenticidade ou a falsidade de documento ou for…”; seu dispositivo não disciplina diretamente valoração probatória ou modelo de constatação.
cpc-lei-13105-capture-2026-09-28,Art. 479,aula-16.html,supporting,Delimita como o juiz aprecia a prova pericial e motiva o peso dado ao laudo; ilustra a valoração de uma espécie de prova.
cpc-lei-13105-capture-2026-09-28,Art. 480,aula-16.html,unused,"Art. 480 abre com “O juiz determinará, de ofício ou a requerimento da parte, a realização de nova…”; seu dispositivo não disciplina diretamente valoração probatória ou modelo de constatação."
cpc-lei-13105-capture-2026-09-28,Art. 481,aula-16.html,unused,"Art. 481 abre com “O juiz, de ofício ou a requerimento da parte, pode, em qualquer fase do processo,…”; seu dispositivo não disciplina diretamente valoração probatória ou modelo de constatação."
cpc-lei-13105-capture-2026-09-28,Art. 482,aula-16.html,unused,"Art. 482 abre com “Ao realizar a inspeção, o juiz poderá ser assistido por um ou mais peritos.”; seu dispositivo não disciplina diretamente valoração probatória ou modelo de constatação."
cpc-lei-13105-capture-2026-09-28,Art. 483,aula-16.html,unused,Art. 483 abre com “O juiz irá ao local onde se encontre a pessoa ou a coisa quando:”; seu dispositivo não disciplina diretamente valoração probatória ou modelo de constatação.
cpc-lei-13105-capture-2026-09-28,Art. 484,aula-16.html,unused,"Art. 484 abre com “Concluída a diligência, o juiz mandará lavrar auto circunstanciado, mencionando…”; seu dispositivo não disciplina diretamente valoração probatória ou modelo de constatação."
cpc-lei-13105-capture-2026-09-28,Art. 485,aula-16.html,unused,Art. 485 abre com “O juiz não resolverá o mérito quando:”; seu dispositivo não disciplina diretamente valoração probatória ou modelo de constatação.
cpc-lei-13105-capture-2026-09-28,Art. 486,aula-16.html,unused,Art. 486 abre com “O pronunciamento judicial que não resolve o mérito não obsta a que a parte proponha…”; seu dispositivo não disciplina diretamente valoração probatória ou modelo de constatação.
cpc-lei-13105-capture-2026-09-28,Art. 487,aula-16.html,unused,Art. 487 abre com “Haverá resolução de mérito quando o juiz:”; seu dispositivo não disciplina diretamente valoração probatória ou modelo de constatação.
cpc-lei-13105-capture-2026-09-28,Art. 488,aula-16.html,unused,"Art. 488 abre com “Desde que possível, o juiz resolverá o mérito sempre que a decisão for favorável à…”; seu dispositivo não disciplina diretamente valoração probatória ou modelo de constatação."
cpc-lei-13105-capture-2026-09-28,Art. 489,aula-16.html,supporting,Define os elementos da sentença e a fundamentação adequada; complementa a exigência de explicitar as razões da valoração.
cpc-lei-13105-capture-2026-09-28,Art. 490,aula-16.html,unused,"Art. 490 abre com “O juiz resolverá o mérito acolhendo ou rejeitando, no todo ou em parte, os pedidos…”; seu dispositivo não disciplina diretamente valoração probatória ou modelo de constatação."
cpc-lei-13105-capture-2026-09-28,Art. 491,aula-16.html,unused,"Art. 491 abre com “Na ação relativa à obrigação de pagar quantia, ainda que formulado pedido genérico,…”; seu dispositivo não disciplina diretamente valoração probatória ou modelo de constatação."
cpc-lei-13105-capture-2026-09-28,Art. 492,aula-16.html,unused,"Art. 492 abre com “É vedado ao juiz proferir decisão de natureza diversa da pedida, bem como condenar…”; seu dispositivo não disciplina diretamente valoração probatória ou modelo de constatação."
cpc-lei-13105-capture-2026-09-28,Art. 493,aula-16.html,unused,"Art. 493 abre com “Se, depois da propositura da ação, algum fato constitutivo, modificativo ou…”; seu dispositivo não disciplina diretamente valoração probatória ou modelo de constatação."
cpc-lei-13105-capture-2026-09-28,Art. 494,aula-16.html,unused,"Art. 494 abre com “Publicada a sentença, o juiz só poderá alterá-la:”; seu dispositivo não disciplina diretamente valoração probatória ou modelo de constatação."
cpc-lei-13105-capture-2026-09-28,Art. 495,aula-16.html,unused,Art. 495 abre com “A decisão que condenar o réu ao pagamento de prestação consistente em dinheiro e a…”; seu dispositivo não disciplina diretamente valoração probatória ou modelo de constatação.
cpc-lei-13105-capture-2026-09-28,Art. 496,aula-16.html,unused,"Art. 496 abre com “Está sujeita ao duplo grau de jurisdição, não produzindo efeito senão depois de…”; seu dispositivo não disciplina diretamente valoração probatória ou modelo de constatação."
cpc-lei-13105-capture-2026-09-28,Art. 497,aula-16.html,unused,"Art. 497 abre com “Na ação que tenha por objeto a prestação de fazer ou de não fazer, o juiz, se…”; seu dispositivo não disciplina diretamente valoração probatória ou modelo de constatação."
cpc-lei-13105-capture-2026-09-28,Art. 498,aula-16.html,unused,"Art. 498 abre com “Na ação que tenha por objeto a entrega de coisa, o juiz, ao conceder a tutela…”; seu dispositivo não disciplina diretamente valoração probatória ou modelo de constatação."
cpc-lei-13105-capture-2026-09-28,Art. 499,aula-16.html,unused,Art. 499 abre com “A obrigação somente será convertida em perdas e danos se o autor o requerer ou se…”; seu dispositivo não disciplina diretamente valoração probatória ou modelo de constatação.
cpc-lei-13105-capture-2026-09-28,Art. 500,aula-16.html,unused,Art. 500 abre com “A indenização por perdas e danos dar-se-á sem prejuízo da multa fixada…”; seu dispositivo não disciplina diretamente valoração probatória ou modelo de constatação.
cpc-lei-13105-capture-2026-09-28,Art. 501,aula-16.html,unused,"Art. 501 abre com “Na ação que tenha por objeto a emissão de declaração de vontade, a sentença que…”; seu dispositivo não disciplina diretamente valoração probatória ou modelo de constatação."
cpc-lei-13105-capture-2026-09-28,Art. 502,aula-16.html,unused,Art. 502 abre com “Denomina-se coisa julgada material a autoridade que torna imutável e indiscutível a…”; seu dispositivo não disciplina diretamente valoração probatória ou modelo de constatação.
cpc-lei-13105-capture-2026-09-28,Art. 503,aula-16.html,unused,Art. 503 abre com “A decisão que julgar total ou parcialmente o mérito tem força de lei nos limites da…”; seu dispositivo não disciplina diretamente valoração probatória ou modelo de constatação.
cpc-lei-13105-capture-2026-09-28,Art. 504,aula-16.html,unused,Art. 504 abre com “Não fazem coisa julgada:”; seu dispositivo não disciplina diretamente valoração probatória ou modelo de constatação.
cpc-lei-13105-capture-2026-09-28,Art. 506,aula-16.html,unused,"Art. 506 abre com “A sentença faz coisa julgada às partes entre as quais é dada, não prejudicando…”; seu dispositivo não disciplina diretamente valoração probatória ou modelo de constatação."
cpc-lei-13105-capture-2026-09-28,Art. 507,aula-16.html,unused,Art. 507 abre com “É vedado à parte discutir no curso do processo as questões já decididas a cujo…”; seu dispositivo não disciplina diretamente valoração probatória ou modelo de constatação.
cpc-lei-13105-capture-2026-09-28,Art. 508,aula-16.html,unused,"Art. 508 abre com “Transitada em julgado a decisão de mérito, considerar-se-ão deduzidas e repelidas…”; seu dispositivo não disciplina diretamente valoração probatória ou modelo de constatação."
cpc-lei-13105-capture-2026-09-28,Art. 509,aula-16.html,unused,"Art. 509 abre com “Quando a sentença condenar ao pagamento de quantia ilíquida, proceder-se-á à sua…”; seu dispositivo não disciplina diretamente valoração probatória ou modelo de constatação."
cpc-lei-13105-capture-2026-09-28,Art. 510,aula-16.html,unused,"Art. 510 abre com “Na liquidação por arbitramento, o juiz intimará as partes para a apresentação de…”; seu dispositivo não disciplina diretamente valoração probatória ou modelo de constatação."
cpc-lei-13105-capture-2026-09-28,Art. 511,aula-16.html,unused,"Art. 511 abre com “Na liquidação pelo procedimento comum, o juiz determinará a intimação do requerido,…”; seu dispositivo não disciplina diretamente valoração probatória ou modelo de constatação."
cpc-lei-13105-capture-2026-09-28,Art. 513,aula-16.html,unused,"Art. 513 abre com “O cumprimento da sentença será feito segundo as regras deste Título, observando-se,…”; seu dispositivo não disciplina diretamente valoração probatória ou modelo de constatação."
cpc-lei-13105-capture-2026-09-28,Art. 514,aula-16.html,unused,"Art. 514 abre com “Quando o juiz decidir relação jurídica sujeita a condição ou termo, o cumprimento…”; seu dispositivo não disciplina diretamente valoração probatória ou modelo de constatação."
cpc-lei-13105-capture-2026-09-28,Art. 515,aula-16.html,unused,"Art. 515 abre com “São títulos executivos judiciais, cujo cumprimento dar-se-á de acordo com os…”; seu dispositivo não disciplina diretamente valoração probatória ou modelo de constatação."
cpc-lei-13105-capture-2026-09-28,Art. 516,aula-16.html,unused,Art. 516 abre com “O cumprimento da sentença efetuar-se-á perante:”; seu dispositivo não disciplina diretamente valoração probatória ou modelo de constatação.
cpc-lei-13105-capture-2026-09-28,Art. 517,aula-16.html,unused,"Art. 517 abre com “A decisão judicial transitada em julgado poderá ser levada a protesto, nos termos…”; seu dispositivo não disciplina diretamente valoração probatória ou modelo de constatação."
cpc-lei-13105-capture-2026-09-28,Art. 518,aula-16.html,unused,Art. 518 abre com “Todas as questões relativas à validade do procedimento de cumprimento da sentença e…”; seu dispositivo não disciplina diretamente valoração probatória ou modelo de constatação.
cpc-lei-13105-capture-2026-09-28,Art. 519,aula-16.html,unused,"Art. 519 abre com “Aplicam-se as disposições relativas ao cumprimento da sentença, provisório ou…”; seu dispositivo não disciplina diretamente valoração probatória ou modelo de constatação."
cpc-lei-13105-capture-2026-09-28,Art. 520,aula-16.html,unused,Art. 520 abre com “O cumprimento provisório da sentença impugnada por recurso desprovido de efeito…”; seu dispositivo não disciplina diretamente valoração probatória ou modelo de constatação.
cpc-lei-13105-capture-2026-09-28,Art. 521,aula-16.html,unused,Art. 521 abre com “A caução prevista no”; seu dispositivo não disciplina diretamente valoração probatória ou modelo de constatação.
cpc-lei-13105-capture-2026-09-28,Art. 522,aula-16.html,unused,Art. 522 abre com “O cumprimento provisório da sentença será requerido por petição dirigida ao juízo…”; seu dispositivo não disciplina diretamente valoração probatória ou modelo de constatação.
cpc-lei-13105-capture-2026-09-28,Art. 523,aula-16.html,unused,"Art. 523 abre com “No caso de condenação em quantia certa, ou já fixada em liquidação, e no caso de…”; seu dispositivo não disciplina diretamente valoração probatória ou modelo de constatação."
cpc-lei-13105-capture-2026-09-28,Art. 524,aula-16.html,unused,Art. 524 abre com “O requerimento previsto no”; seu dispositivo não disciplina diretamente valoração probatória ou modelo de constatação.
cpc-lei-13105-capture-2026-09-28,Art. 525,aula-16.html,unused,Art. 525 abre com “Transcorrido o prazo previsto no”; seu dispositivo não disciplina diretamente valoração probatória ou modelo de constatação.
cpc-lei-13105-capture-2026-09-28,Art. 526,aula-16.html,unused,"Art. 526 abre com “É lícito ao réu, antes de ser intimado para o cumprimento da sentença, comparecer…”; seu dispositivo não disciplina diretamente valoração probatória ou modelo de constatação."
cpc-lei-13105-capture-2026-09-28,Art. 527,aula-16.html,unused,"Art. 527 abre com “Aplicam-se as disposições deste Capítulo ao cumprimento provisório da sentença, no…”; seu dispositivo não disciplina diretamente valoração probatória ou modelo de constatação."
cpc-lei-13105-capture-2026-09-28,Art. 528,aula-16.html,unused,Art. 528 abre com “No cumprimento de sentença que condene ao pagamento de prestação alimentícia ou de…”; seu dispositivo não disciplina diretamente valoração probatória ou modelo de constatação.
cpc-lei-13105-capture-2026-09-28,Art. 529,aula-16.html,unused,"Art. 529 abre com “Quando o executado for funcionário público, militar, diretor ou gerente de empresa…”; seu dispositivo não disciplina diretamente valoração probatória ou modelo de constatação."
cpc-lei-13105-capture-2026-09-28,Art. 530,aula-16.html,unused,"Art. 530 abre com “Não cumprida a obrigação, observar-se-á o disposto nos”; seu dispositivo não disciplina diretamente valoração probatória ou modelo de constatação."
cpc-lei-13105-capture-2026-09-28,Art. 531,aula-16.html,unused,Art. 531 abre com “O disposto neste Capítulo aplica-se aos alimentos definitivos ou provisórios.”; seu dispositivo não disciplina diretamente valoração probatória ou modelo de constatação.
cpc-lei-13105-capture-2026-09-28,Art. 532,aula-16.html,unused,"Art. 532 abre com “Verificada a conduta procrastinatória do executado, o juiz deverá, se for o caso,…”; seu dispositivo não disciplina diretamente valoração probatória ou modelo de constatação."
cpc-lei-13105-capture-2026-09-28,Art. 533,aula-16.html,unused,"Art. 533 abre com “Quando a indenização por ato ilícito incluir prestação de alimentos, caberá ao…”; seu dispositivo não disciplina diretamente valoração probatória ou modelo de constatação."
cpc-lei-13105-capture-2026-09-28,Art. 534,aula-16.html,unused,Art. 534 abre com “No cumprimento de sentença que impuser à Fazenda Pública o dever de pagar quantia…”; seu dispositivo não disciplina diretamente valoração probatória ou modelo de constatação.
cpc-lei-13105-capture-2026-09-28,Art. 535,aula-16.html,unused,"Art. 535 abre com “A Fazenda Pública será intimada na pessoa de seu representante judicial, por carga,…”; seu dispositivo não disciplina diretamente valoração probatória ou modelo de constatação."
cpc-lei-13105-capture-2026-09-28,Art. 536,aula-16.html,unused,Art. 536 abre com “No cumprimento de sentença que reconheça a exigibilidade de obrigação de fazer ou…”; seu dispositivo não disciplina diretamente valoração probatória ou modelo de constatação.
cpc-lei-13105-capture-2026-09-28,Art. 537,aula-16.html,unused,Art. 537 abre com “A multa independe de requerimento da parte e poderá ser aplicada na fase de…”; seu dispositivo não disciplina diretamente valoração probatória ou modelo de constatação.
cpc-lei-13105-capture-2026-09-28,Art. 538,aula-16.html,unused,"Art. 538 abre com “Não cumprida a obrigação de entregar coisa no prazo estabelecido na sentença, será…”; seu dispositivo não disciplina diretamente valoração probatória ou modelo de constatação."
cpc-lei-13105-capture-2026-09-28,Art. 539,aula-16.html,unused,"Art. 539 abre com “Nos casos previstos em lei, poderá o devedor ou terceiro requerer, com efeito de…”; seu dispositivo não disciplina diretamente valoração probatória ou modelo de constatação."
cpc-lei-13105-capture-2026-09-28,Art. 540,aula-16.html,unused,"Art. 540 abre com “Requerer-se-á a consignação no lugar do pagamento, cessando para o devedor, à data…”; seu dispositivo não disciplina diretamente valoração probatória ou modelo de constatação."
cpc-lei-13105-capture-2026-09-28,Art. 541,aula-16.html,unused,"Art. 541 abre com “Tratando-se de prestações sucessivas, consignada uma delas, pode o devedor…”; seu dispositivo não disciplina diretamente valoração probatória ou modelo de constatação."
cpc-lei-13105-capture-2026-09-28,Art. 542,aula-16.html,unused,"Art. 542 abre com “Na petição inicial, o autor requererá:”; seu dispositivo não disciplina diretamente valoração probatória ou modelo de constatação."
cpc-lei-13105-capture-2026-09-28,Art. 543,aula-16.html,unused,"Art. 543 abre com “Se o objeto da prestação for coisa indeterminada e a escolha couber ao credor, será…”; seu dispositivo não disciplina diretamente valoração probatória ou modelo de constatação."
cpc-lei-13105-capture-2026-09-28,Art. 544,aula-16.html,unused,"Art. 544 abre com “Na contestação, o réu poderá alegar que:”; seu dispositivo não disciplina diretamente valoração probatória ou modelo de constatação."
cpc-lei-13105-capture-2026-09-28,Art. 545,aula-16.html,unused,"Art. 545 abre com “Alegada a insuficiência do depósito, é lícito ao autor completá-lo, em 10 (dez)…”; seu dispositivo não disciplina diretamente valoração probatória ou modelo de constatação."
cpc-lei-13105-capture-2026-09-28,Art. 546,aula-16.html,unused,"Art. 546 abre com “Julgado procedente o pedido, o juiz declarará extinta a obrigação e condenará o réu…”; seu dispositivo não disciplina diretamente valoração probatória ou modelo de constatação."
cpc-lei-13105-capture-2026-09-28,Art. 547,aula-16.html,unused,"Art. 547 abre com “Se ocorrer dúvida sobre quem deva legitimamente receber o pagamento, o autor…”; seu dispositivo não disciplina diretamente valoração probatória ou modelo de constatação."
cpc-lei-13105-capture-2026-09-28,Art. 548,aula-16.html,unused,Art. 548 abre com “No caso do”; seu dispositivo não disciplina diretamente valoração probatória ou modelo de constatação.
cpc-lei-13105-capture-2026-09-28,Art. 549,aula-16.html,unused,"Art. 549 abre com “Aplica-se o procedimento estabelecido neste Capítulo, no que couber, ao resgate do…”; seu dispositivo não disciplina diretamente valoração probatória ou modelo de constatação."
cpc-lei-13105-capture-2026-09-28,Art. 550,aula-16.html,unused,Art. 550 abre com “Aquele que afirmar ser titular do direito de exigir contas requererá a citação do…”; seu dispositivo não disciplina diretamente valoração probatória ou modelo de constatação.
cpc-lei-13105-capture-2026-09-28,Art. 551,aula-16.html,unused,"Art. 551 abre com “As contas do réu serão apresentadas na forma adequada, especificando-se as…”; seu dispositivo não disciplina diretamente valoração probatória ou modelo de constatação."
cpc-lei-13105-capture-2026-09-28,Art. 552,aula-16.html,unused,Art. 552 abre com “A sentença apurará o saldo e constituirá título executivo judicial.”; seu dispositivo não disciplina diretamente valoração probatória ou modelo de constatação.
cpc-lei-13105-capture-2026-09-28,Art. 553,aula-16.html,unused,"Art. 553 abre com “As contas do inventariante, do tutor, do curador, do depositário e de qualquer…”; seu dispositivo não disciplina diretamente valoração probatória ou modelo de constatação."
cpc-lei-13105-capture-2026-09-28,Art. 554,aula-16.html,unused,Art. 554 abre com “A propositura de uma ação possessória em vez de outra não obstará a que o juiz…”; seu dispositivo não disciplina diretamente valoração probatória ou modelo de constatação.
cpc-lei-13105-capture-2026-09-28,Art. 555,aula-16.html,unused,Art. 555 abre com “É lícito ao autor cumular ao pedido possessório o de:”; seu dispositivo não disciplina diretamente valoração probatória ou modelo de constatação.
cpc-lei-13105-capture-2026-09-28,Art. 556,aula-16.html,unused,"Art. 556 abre com “É lícito ao réu, na contestação, alegando que foi o ofendido em sua posse, demandar…”; seu dispositivo não disciplina diretamente valoração probatória ou modelo de constatação."
cpc-lei-13105-capture-2026-09-28,Art. 557,aula-16.html,unused,"Art. 557 abre com “Na pendência de ação possessória é vedado, tanto ao autor quanto ao réu, propor…”; seu dispositivo não disciplina diretamente valoração probatória ou modelo de constatação."
cpc-lei-13105-capture-2026-09-28,Art. 558,aula-16.html,unused,Art. 558 abre com “Regem o procedimento de manutenção e de reintegração de posse as normas da Seção II…”; seu dispositivo não disciplina diretamente valoração probatória ou modelo de constatação.
cpc-lei-13105-capture-2026-09-28,Art. 559,aula-16.html,unused,"Art. 559 abre com “Se o réu provar, em qualquer tempo, que o autor provisoriamente mantido ou…”; seu dispositivo não disciplina diretamente valoração probatória ou modelo de constatação."
cpc-lei-13105-capture-2026-09-28,Art. 560,aula-16.html,unused,Art. 560 abre com “O possuidor tem direito a ser mantido na posse em caso de turbação e reintegrado em…”; seu dispositivo não disciplina diretamente valoração probatória ou modelo de constatação.
cpc-lei-13105-capture-2026-09-28,Art. 561,aula-16.html,unused,Art. 561 abre com “Incumbe ao autor provar:”; seu dispositivo não disciplina diretamente valoração probatória ou modelo de constatação.
cpc-lei-13105-capture-2026-09-28,Art. 562,aula-16.html,unused,"Art. 562 abre com “Estando a petição inicial devidamente instruída, o juiz deferirá, sem ouvir o réu,…”; seu dispositivo não disciplina diretamente valoração probatória ou modelo de constatação."
cpc-lei-13105-capture-2026-09-28,Art. 563,aula-16.html,unused,"Art. 563 abre com “Considerada suficiente a justificação, o juiz fará logo expedir mandado de…”; seu dispositivo não disciplina diretamente valoração probatória ou modelo de constatação."
cpc-lei-13105-capture-2026-09-28,Art. 565,aula-16.html,unused,"Art. 565 abre com “No litígio coletivo pela posse de imóvel, quando o esbulho ou a turbação afirmado…”; seu dispositivo não disciplina diretamente valoração probatória ou modelo de constatação."
cpc-lei-13105-capture-2026-09-28,Art. 566,aula-16.html,unused,"Art. 566 abre com “Aplica-se, quanto ao mais, o procedimento comum.”; seu dispositivo não disciplina diretamente valoração probatória ou modelo de constatação."
cpc-lei-13105-capture-2026-09-28,Art. 567,aula-16.html,unused,Art. 567 abre com “O possuidor direto ou indireto que tenha justo receio de ser molestado na posse…”; seu dispositivo não disciplina diretamente valoração probatória ou modelo de constatação.
cpc-lei-13105-capture-2026-09-28,Art. 568,aula-16.html,unused,Art. 568 abre com “Aplica-se ao interdito proibitório o disposto na Seção II deste Capítulo.”; seu dispositivo não disciplina diretamente valoração probatória ou modelo de constatação.
cpc-lei-13105-capture-2026-09-28,Art. 569,aula-16.html,unused,Art. 569 abre com “Cabe:”; seu dispositivo não disciplina diretamente valoração probatória ou modelo de constatação.
cpc-lei-13105-capture-2026-09-28,Art. 570,aula-16.html,unused,"Art. 570 abre com “É lícita a cumulação dessas ações, caso em que deverá processar-se primeiramente a…”; seu dispositivo não disciplina diretamente valoração probatória ou modelo de constatação."
cpc-lei-13105-capture-2026-09-28,Art. 571,aula-16.html,unused,"Art. 571 abre com “A demarcação e a divisão poderão ser realizadas por escritura pública, desde que…”; seu dispositivo não disciplina diretamente valoração probatória ou modelo de constatação."
cpc-lei-13105-capture-2026-09-28,Art. 572,aula-16.html,unused,"Art. 572 abre com “Fixados os marcos da linha de demarcação, os confinantes considerar-se-ão terceiros…”; seu dispositivo não disciplina diretamente valoração probatória ou modelo de constatação."
cpc-lei-13105-capture-2026-09-28,Art. 573,aula-16.html,unused,"Art. 573 abre com “Tratando-se de imóvel georreferenciado, com averbação no registro de imóveis, pode…”; seu dispositivo não disciplina diretamente valoração probatória ou modelo de constatação."
cpc-lei-13105-capture-2026-09-28,Art. 574,aula-16.html,unused,"Art. 574 abre com “Na petição inicial, instruída com os títulos da propriedade, designar-se-á o imóvel…”; seu dispositivo não disciplina diretamente valoração probatória ou modelo de constatação."
cpc-lei-13105-capture-2026-09-28,Art. 575,aula-16.html,unused,"Art. 575 abre com “Qualquer condômino é parte legítima para promover a demarcação do imóvel comum,…”; seu dispositivo não disciplina diretamente valoração probatória ou modelo de constatação."
cpc-lei-13105-capture-2026-09-28,Art. 576,aula-16.html,unused,"Art. 576 abre com “A citação dos réus será feita por correio, observado o disposto no”; seu dispositivo não disciplina diretamente valoração probatória ou modelo de constatação."
cpc-lei-13105-capture-2026-09-28,Art. 577,aula-16.html,unused,"Art. 577 abre com “Feitas as citações, terão os réus o prazo comum de 15 (quinze) dias para contestar.”; seu dispositivo não disciplina diretamente valoração probatória ou modelo de constatação."
cpc-lei-13105-capture-2026-09-28,Art. 578,aula-16.html,unused,"Art. 578 abre com “Após o prazo de resposta do réu, observar-se-á o procedimento comum.”; seu dispositivo não disciplina diretamente valoração probatória ou modelo de constatação."
cpc-lei-13105-capture-2026-09-28,Art. 579,aula-16.html,unused,"Art. 579 abre com “Antes de proferir a sentença, o juiz nomeará um ou mais peritos para levantar o…”; seu dispositivo não disciplina diretamente valoração probatória ou modelo de constatação."
cpc-lei-13105-capture-2026-09-28,Art. 580,aula-16.html,unused,"Art. 580 abre com “Concluídos os estudos, os peritos apresentarão minucioso laudo sobre o traçado da…”; seu dispositivo não disciplina diretamente valoração probatória ou modelo de constatação."
cpc-lei-13105-capture-2026-09-28,Art. 581,aula-16.html,unused,Art. 581 abre com “A sentença que julgar procedente o pedido determinará o traçado da linha demarcanda.”; seu dispositivo não disciplina diretamente valoração probatória ou modelo de constatação.
cpc-lei-13105-capture-2026-09-28,Art. 582,aula-16.html,unused,"Art. 582 abre com “Transitada em julgado a sentença, o perito efetuará a demarcação e colocará os…”; seu dispositivo não disciplina diretamente valoração probatória ou modelo de constatação."
cpc-lei-13105-capture-2026-09-28,Art. 583,aula-16.html,unused,Art. 583 abre com “As plantas serão acompanhadas das cadernetas de operações de campo e do memorial…”; seu dispositivo não disciplina diretamente valoração probatória ou modelo de constatação.
cpc-lei-13105-capture-2026-09-28,Art. 584,aula-16.html,unused,"Art. 584 abre com “É obrigatória a colocação de marcos tanto na estação inicial, dita marco…”; seu dispositivo não disciplina diretamente valoração probatória ou modelo de constatação."
cpc-lei-13105-capture-2026-09-28,Art. 585,aula-16.html,unused,"Art. 585 abre com “A linha será percorrida pelos peritos, que examinarão os marcos e os rumos,…”; seu dispositivo não disciplina diretamente valoração probatória ou modelo de constatação."
cpc-lei-13105-capture-2026-09-28,Art. 586,aula-16.html,unused,"Art. 586 abre com “Juntado aos autos o relatório dos peritos, o juiz determinará que as partes se…”; seu dispositivo não disciplina diretamente valoração probatória ou modelo de constatação."
cpc-lei-13105-capture-2026-09-28,Art. 587,aula-16.html,unused,"Art. 587 abre com “Assinado o auto pelo juiz e pelos peritos, será proferida a sentença homologatória…”; seu dispositivo não disciplina diretamente valoração probatória ou modelo de constatação."
cpc-lei-13105-capture-2026-09-28,Art. 588,aula-16.html,unused,Art. 588 abre com “A petição inicial será instruída com os títulos de domínio do promovente e conterá:”; seu dispositivo não disciplina diretamente valoração probatória ou modelo de constatação.
cpc-lei-13105-capture-2026-09-28,Art. 589,aula-16.html,unused,Art. 589 abre com “Feitas as citações como preceitua o”; seu dispositivo não disciplina diretamente valoração probatória ou modelo de constatação.
cpc-lei-13105-capture-2026-09-28,Art. 590,aula-16.html,unused,Art. 590 abre com “O juiz nomeará um ou mais peritos para promover a medição do imóvel e as operações…”; seu dispositivo não disciplina diretamente valoração probatória ou modelo de constatação.
cpc-lei-13105-capture-2026-09-28,Art. 591,aula-16.html,unused,"Art. 591 abre com “Todos os condôminos serão intimados a apresentar, dentro de 10 (dez) dias, os seus…”; seu dispositivo não disciplina diretamente valoração probatória ou modelo de constatação."
cpc-lei-13105-capture-2026-09-28,Art. 592,aula-16.html,unused,Art. 592 abre com “O juiz ouvirá as partes no prazo comum de 15 (quinze) dias.”; seu dispositivo não disciplina diretamente valoração probatória ou modelo de constatação.
cpc-lei-13105-capture-2026-09-28,Art. 593,aula-16.html,unused,Art. 593 abre com “Se qualquer linha do perímetro atingir benfeitorias permanentes dos confinantes…”; seu dispositivo não disciplina diretamente valoração probatória ou modelo de constatação.
cpc-lei-13105-capture-2026-09-28,Art. 594,aula-16.html,unused,Art. 594 abre com “Os confinantes do imóvel dividendo podem demandar a restituição dos terrenos que…”; seu dispositivo não disciplina diretamente valoração probatória ou modelo de constatação.
cpc-lei-13105-capture-2026-09-28,Art. 595,aula-16.html,unused,"Art. 595 abre com “Os peritos proporão, em laudo fundamentado, a forma da divisão, devendo consultar,…”; seu dispositivo não disciplina diretamente valoração probatória ou modelo de constatação."
cpc-lei-13105-capture-2026-09-28,Art. 596,aula-16.html,unused,"Art. 596 abre com “Ouvidas as partes, no prazo comum de 15 (quinze) dias, sobre o cálculo e o plano da…”; seu dispositivo não disciplina diretamente valoração probatória ou modelo de constatação."
cpc-lei-13105-capture-2026-09-28,Art. 597,aula-16.html,unused,Art. 597 abre com “Terminados os trabalhos e desenhados na planta os quinhões e as servidões…”; seu dispositivo não disciplina diretamente valoração probatória ou modelo de constatação.
cpc-lei-13105-capture-2026-09-28,Art. 598,aula-16.html,unused,Art. 598 abre com “Aplica-se às divisões o disposto nos”; seu dispositivo não disciplina diretamente valoração probatória ou modelo de constatação.
cpc-lei-13105-capture-2026-09-28,Art. 599,aula-16.html,unused,Art. 599 abre com “A ação de dissolução parcial de sociedade pode ter por objeto:”; seu dispositivo não disciplina diretamente valoração probatória ou modelo de constatação.
cpc-lei-13105-capture-2026-09-28,Art. 600,aula-16.html,unused,Art. 600 abre com “A ação pode ser proposta:”; seu dispositivo não disciplina diretamente valoração probatória ou modelo de constatação.
cpc-lei-13105-capture-2026-09-28,Art. 601,aula-16.html,unused,"Art. 601 abre com “Os sócios e a sociedade serão citados para, no prazo de 15 (quinze) dias, concordar…”; seu dispositivo não disciplina diretamente valoração probatória ou modelo de constatação."
cpc-lei-13105-capture-2026-09-28,Art. 602,aula-16.html,unused,Art. 602 abre com “A sociedade poderá formular pedido de indenização compensável com o valor dos…”; seu dispositivo não disciplina diretamente valoração probatória ou modelo de constatação.
cpc-lei-13105-capture-2026-09-28,Art. 603,aula-16.html,unused,"Art. 603 abre com “Havendo manifestação expressa e unânime pela concordância da dissolução, o juiz a…”; seu dispositivo não disciplina diretamente valoração probatória ou modelo de constatação."
cpc-lei-13105-capture-2026-09-28,Art. 604,aula-16.html,unused,"Art. 604 abre com “Para apuração dos haveres, o juiz:”; seu dispositivo não disciplina diretamente valoração probatória ou modelo de constatação."
cpc-lei-13105-capture-2026-09-28,Art. 605,aula-16.html,unused,Art. 605 abre com “A data da resolução da sociedade será:”; seu dispositivo não disciplina diretamente valoração probatória ou modelo de constatação.
cpc-lei-13105-capture-2026-09-28,Art. 606,aula-16.html,unused,"Art. 606 abre com “Em caso de omissão do contrato social, o juiz definirá, como critério de apuração…”; seu dispositivo não disciplina diretamente valoração probatória ou modelo de constatação."
cpc-lei-13105-capture-2026-09-28,Art. 607,aula-16.html,unused,Art. 607 abre com “A data da resolução e o critério de apuração de haveres podem ser revistos pelo…”; seu dispositivo não disciplina diretamente valoração probatória ou modelo de constatação.
cpc-lei-13105-capture-2026-09-28,Art. 608,aula-16.html,unused,"Art. 608 abre com “Até a data da resolução, integram o valor devido ao ex-sócio, ao espólio ou aos…”; seu dispositivo não disciplina diretamente valoração probatória ou modelo de constatação."
cpc-lei-13105-capture-2026-09-28,Art. 609,aula-16.html,unused,"Art. 609 abre com “Uma vez apurados, os haveres do sócio retirante serão pagos conforme disciplinar o…”; seu dispositivo não disciplina diretamente valoração probatória ou modelo de constatação."
cpc-lei-13105-capture-2026-09-28,Art. 610,aula-16.html,unused,"Art. 610 abre com “Havendo testamento ou interessado incapaz, proceder-se-á ao inventário judicial.”; seu dispositivo não disciplina diretamente valoração probatória ou modelo de constatação."
cpc-lei-13105-capture-2026-09-28,Art. 611,aula-16.html,unused,Art. 611 abre com “O processo de inventário e de partilha deve ser instaurado dentro de 2 (dois)…”; seu dispositivo não disciplina diretamente valoração probatória ou modelo de constatação.
cpc-lei-13105-capture-2026-09-28,Art. 612,aula-16.html,unused,Art. 612 abre com “O juiz decidirá todas as questões de direito desde que os fatos relevantes estejam…”; seu dispositivo não disciplina diretamente valoração probatória ou modelo de constatação.
cpc-lei-13105-capture-2026-09-28,Art. 613,aula-16.html,unused,"Art. 613 abre com “Até que o inventariante preste o compromisso, continuará o espólio na posse do…”; seu dispositivo não disciplina diretamente valoração probatória ou modelo de constatação."
cpc-lei-13105-capture-2026-09-28,Art. 614,aula-16.html,unused,"Art. 614 abre com “O administrador provisório representa ativa e passivamente o espólio, é obrigado a…”; seu dispositivo não disciplina diretamente valoração probatória ou modelo de constatação."
cpc-lei-13105-capture-2026-09-28,Art. 615,aula-16.html,unused,Art. 615 abre com “O requerimento de inventário e de partilha incumbe a quem estiver na posse e na…”; seu dispositivo não disciplina diretamente valoração probatória ou modelo de constatação.
cpc-lei-13105-capture-2026-09-28,Art. 616,aula-16.html,unused,"Art. 616 abre com “Têm, contudo, legitimidade concorrente:”; seu dispositivo não disciplina diretamente valoração probatória ou modelo de constatação."
cpc-lei-13105-capture-2026-09-28,Art. 617,aula-16.html,unused,Art. 617 abre com “O juiz nomeará inventariante na seguinte ordem:”; seu dispositivo não disciplina diretamente valoração probatória ou modelo de constatação.
cpc-lei-13105-capture-2026-09-28,Art. 618,aula-16.html,unused,Art. 618 abre com “Incumbe ao inventariante:”; seu dispositivo não disciplina diretamente valoração probatória ou modelo de constatação.
cpc-lei-13105-capture-2026-09-28,Art. 619,aula-16.html,unused,"Art. 619 abre com “Incumbe ainda ao inventariante, ouvidos os interessados e com autorização do juiz:”; seu dispositivo não disciplina diretamente valoração probatória ou modelo de constatação."
cpc-lei-13105-capture-2026-09-28,Art. 620,aula-16.html,unused,"Art. 620 abre com “Dentro de 20 (vinte) dias contados da data em que prestou o compromisso, o…”; seu dispositivo não disciplina diretamente valoração probatória ou modelo de constatação."
cpc-lei-13105-capture-2026-09-28,Art. 621,aula-16.html,unused,Art. 621 abre com “Só se pode arguir sonegação ao inventariante depois de encerrada a descrição dos…”; seu dispositivo não disciplina diretamente valoração probatória ou modelo de constatação.
cpc-lei-13105-capture-2026-09-28,Art. 622,aula-16.html,unused,Art. 622 abre com “O inventariante será removido de ofício ou a requerimento:”; seu dispositivo não disciplina diretamente valoração probatória ou modelo de constatação.
cpc-lei-13105-capture-2026-09-28,Art. 623,aula-16.html,unused,Art. 623 abre com “Requerida a remoção com fundamento em qualquer dos incisos do”; seu dispositivo não disciplina diretamente valoração probatória ou modelo de constatação.
cpc-lei-13105-capture-2026-09-28,Art. 624,aula-16.html,unused,"Art. 624 abre com “Decorrido o prazo, com a defesa do inventariante ou sem ela, o juiz decidirá.”; seu dispositivo não disciplina diretamente valoração probatória ou modelo de constatação."
cpc-lei-13105-capture-2026-09-28,Art. 625,aula-16.html,unused,Art. 625 abre com “O inventariante removido entregará imediatamente ao substituto os bens do espólio…”; seu dispositivo não disciplina diretamente valoração probatória ou modelo de constatação.
cpc-lei-13105-capture-2026-09-28,Art. 626,aula-16.html,unused,"Art. 626 abre com “Feitas as primeiras declarações, o juiz mandará citar, para os termos do inventário…”; seu dispositivo não disciplina diretamente valoração probatória ou modelo de constatação."
cpc-lei-13105-capture-2026-09-28,Art. 627,aula-16.html,unused,"Art. 627 abre com “Concluídas as citações, abrir-se-á vista às partes, em cartório e pelo prazo comum…”; seu dispositivo não disciplina diretamente valoração probatória ou modelo de constatação."
cpc-lei-13105-capture-2026-09-28,Art. 628,aula-16.html,unused,"Art. 628 abre com “Aquele que se julgar preterido poderá demandar sua admissão no inventário,…”; seu dispositivo não disciplina diretamente valoração probatória ou modelo de constatação."
cpc-lei-13105-capture-2026-09-28,Art. 629,aula-16.html,unused,"Art. 629 abre com “A Fazenda Pública, no prazo de 15 (quinze) dias, após a vista de que trata o”; seu dispositivo não disciplina diretamente valoração probatória ou modelo de constatação."
cpc-lei-13105-capture-2026-09-28,Art. 630,aula-16.html,unused,Art. 630 abre com “Findo o prazo previsto no”; seu dispositivo não disciplina diretamente valoração probatória ou modelo de constatação.
cpc-lei-13105-capture-2026-09-28,Art. 632,aula-16.html,unused,Art. 632 abre com “Não se expedirá carta precatória para a avaliação de bens situados fora da comarca…”; seu dispositivo não disciplina diretamente valoração probatória ou modelo de constatação.
cpc-lei-13105-capture-2026-09-28,Art. 633,aula-16.html,unused,"Art. 633 abre com “Sendo capazes todas as partes, não se procederá à avaliação se a Fazenda Pública,…”; seu dispositivo não disciplina diretamente valoração probatória ou modelo de constatação."
cpc-lei-13105-capture-2026-09-28,Art. 634,aula-16.html,unused,"Art. 634 abre com “Se os herdeiros concordarem com o valor dos bens declarados pela Fazenda Pública, a…”; seu dispositivo não disciplina diretamente valoração probatória ou modelo de constatação."
cpc-lei-13105-capture-2026-09-28,Art. 635,aula-16.html,unused,"Art. 635 abre com “Entregue o laudo de avaliação, o juiz mandará que as partes se manifestem no prazo…”; seu dispositivo não disciplina diretamente valoração probatória ou modelo de constatação."
cpc-lei-13105-capture-2026-09-28,Art. 636,aula-16.html,unused,"Art. 636 abre com “Aceito o laudo ou resolvidas as impugnações suscitadas a seu respeito, lavrar-se-á…”; seu dispositivo não disciplina diretamente valoração probatória ou modelo de constatação."
cpc-lei-13105-capture-2026-09-28,Art. 637,aula-16.html,unused,"Art. 637 abre com “Ouvidas as partes sobre as últimas declarações no prazo comum de 15 (quinze) dias,…”; seu dispositivo não disciplina diretamente valoração probatória ou modelo de constatação."
cpc-lei-13105-capture-2026-09-28,Art. 638,aula-16.html,unused,"Art. 638 abre com “Feito o cálculo, sobre ele serão ouvidas todas as partes no prazo comum de 5…”; seu dispositivo não disciplina diretamente valoração probatória ou modelo de constatação."
cpc-lei-13105-capture-2026-09-28,Art. 639,aula-16.html,unused,Art. 639 abre com “No prazo estabelecido no”; seu dispositivo não disciplina diretamente valoração probatória ou modelo de constatação.
cpc-lei-13105-capture-2026-09-28,Art. 640,aula-16.html,unused,"Art. 640 abre com “O herdeiro que renunciou à herança ou o que dela foi excluído não se exime, pelo…”; seu dispositivo não disciplina diretamente valoração probatória ou modelo de constatação."
cpc-lei-13105-capture-2026-09-28,Art. 641,aula-16.html,unused,"Art. 641 abre com “Se o herdeiro negar o recebimento dos bens ou a obrigação de os conferir, o juiz,…”; seu dispositivo não disciplina diretamente valoração probatória ou modelo de constatação."
cpc-lei-13105-capture-2026-09-28,Art. 642,aula-16.html,unused,"Art. 642 abre com “Antes da partilha, poderão os credores do espólio requerer ao juízo do inventário o…”; seu dispositivo não disciplina diretamente valoração probatória ou modelo de constatação."
cpc-lei-13105-capture-2026-09-28,Art. 643,aula-16.html,unused,Art. 643 abre com “Não havendo concordância de todas as partes sobre o pedido de pagamento feito pelo…”; seu dispositivo não disciplina diretamente valoração probatória ou modelo de constatação.
cpc-lei-13105-capture-2026-09-28,Art. 644,aula-16.html,unused,"Art. 644 abre com “O credor de dívida líquida e certa, ainda não vencida, pode requerer habilitação no…”; seu dispositivo não disciplina diretamente valoração probatória ou modelo de constatação."
cpc-lei-13105-capture-2026-09-28,Art. 645,aula-16.html,unused,Art. 645 abre com “O legatário é parte legítima para manifestar-se sobre as dívidas do espólio:”; seu dispositivo não disciplina diretamente valoração probatória ou modelo de constatação.
cpc-lei-13105-capture-2026-09-28,Art. 646,aula-16.html,unused,Art. 646 abre com “Sem prejuízo do disposto no”; seu dispositivo não disciplina diretamente valoração probatória ou modelo de constatação.
cpc-lei-13105-capture-2026-09-28,Art. 647,aula-16.html,unused,Art. 647 abre com “Cumprido o disposto no”; seu dispositivo não disciplina diretamente valoração probatória ou modelo de constatação.
cpc-lei-13105-capture-2026-09-28,Art. 648,aula-16.html,unused,"Art. 648 abre com “Na partilha, serão observadas as seguintes regras:”; seu dispositivo não disciplina diretamente valoração probatória ou modelo de constatação."
cpc-lei-13105-capture-2026-09-28,Art. 649,aula-16.html,unused,Art. 649 abre com “Os bens insuscetíveis de divisão cômoda que não couberem na parte do cônjuge ou…”; seu dispositivo não disciplina diretamente valoração probatória ou modelo de constatação.
cpc-lei-13105-capture-2026-09-28,Art. 650,aula-16.html,unused,"Art. 650 abre com “Se um dos interessados for nascituro, o quinhão que lhe caberá será reservado em…”; seu dispositivo não disciplina diretamente valoração probatória ou modelo de constatação."
cpc-lei-13105-capture-2026-09-28,Art. 651,aula-16.html,unused,"Art. 651 abre com “O partidor organizará o esboço da partilha de acordo com a decisão judicial,…”; seu dispositivo não disciplina diretamente valoração probatória ou modelo de constatação."
cpc-lei-13105-capture-2026-09-28,Art. 652,aula-16.html,unused,"Art. 652 abre com “Feito o esboço, as partes manifestar-se-ão sobre esse no prazo comum de 15 (quinze)…”; seu dispositivo não disciplina diretamente valoração probatória ou modelo de constatação."
cpc-lei-13105-capture-2026-09-28,Art. 653,aula-16.html,unused,Art. 653 abre com “A partilha constará:”; seu dispositivo não disciplina diretamente valoração probatória ou modelo de constatação.
cpc-lei-13105-capture-2026-09-28,Art. 654,aula-16.html,unused,Art. 654 abre com “Pago o imposto de transmissão a título de morte e juntada aos autos certidão ou…”; seu dispositivo não disciplina diretamente valoração probatória ou modelo de constatação.
cpc-lei-13105-capture-2026-09-28,Art. 655,aula-16.html,unused,Art. 655 abre com “Transitada em julgado a sentença mencionada no”; seu dispositivo não disciplina diretamente valoração probatória ou modelo de constatação.
cpc-lei-13105-capture-2026-09-28,Art. 656,aula-16.html,unused,"Art. 656 abre com “A partilha, mesmo depois de transitada em julgado a sentença, pode ser emendada nos…”; seu dispositivo não disciplina diretamente valoração probatória ou modelo de constatação."
cpc-lei-13105-capture-2026-09-28,Art. 657,aula-16.html,unused,"Art. 657 abre com “A partilha amigável, lavrada em instrumento público, reduzida a termo nos autos do…”; seu dispositivo não disciplina diretamente valoração probatória ou modelo de constatação."
cpc-lei-13105-capture-2026-09-28,Art. 658,aula-16.html,unused,Art. 658 abre com “É rescindível a partilha julgada por sentença:”; seu dispositivo não disciplina diretamente valoração probatória ou modelo de constatação.
cpc-lei-13105-capture-2026-09-28,Art. 659,aula-16.html,unused,"Art. 659 abre com “A partilha amigável, celebrada entre partes capazes, nos termos da lei, será…”; seu dispositivo não disciplina diretamente valoração probatória ou modelo de constatação."
cpc-lei-13105-capture-2026-09-28,Art. 660,aula-16.html,unused,"Art. 660 abre com “Na petição de inventário, que se processará na forma de arrolamento sumário,…”; seu dispositivo não disciplina diretamente valoração probatória ou modelo de constatação."
cpc-lei-13105-capture-2026-09-28,Art. 661,aula-16.html,unused,Art. 661 abre com “Ressalvada a hipótese prevista no parágrafo único do”; seu dispositivo não disciplina diretamente valoração probatória ou modelo de constatação.
cpc-lei-13105-capture-2026-09-28,Art. 662,aula-16.html,unused,"Art. 662 abre com “No arrolamento, não serão conhecidas ou apreciadas questões relativas ao…”; seu dispositivo não disciplina diretamente valoração probatória ou modelo de constatação."
cpc-lei-13105-capture-2026-09-28,Art. 663,aula-16.html,unused,Art. 663 abre com “A existência de credores do espólio não impedirá a homologação da partilha ou da…”; seu dispositivo não disciplina diretamente valoração probatória ou modelo de constatação.
cpc-lei-13105-capture-2026-09-28,Art. 664,aula-16.html,unused,Art. 664 abre com “Quando o valor dos bens do espólio for igual ou inferior a 1.000 (mil)…”; seu dispositivo não disciplina diretamente valoração probatória ou modelo de constatação.
cpc-lei-13105-capture-2026-09-28,Art. 665,aula-16.html,unused,Art. 665 abre com “O inventário processar-se-á também na forma do”; seu dispositivo não disciplina diretamente valoração probatória ou modelo de constatação.
cpc-lei-13105-capture-2026-09-28,Art. 666,aula-16.html,unused,Art. 666 abre com “Independerá de inventário ou de arrolamento o pagamento dos valores previstos na”; seu dispositivo não disciplina diretamente valoração probatória ou modelo de constatação.
cpc-lei-13105-capture-2026-09-28,Art. 667,aula-16.html,unused,Art. 667 abre com “Aplicam-se subsidiariamente a esta Seção as disposições das Seções VII e VIII deste…”; seu dispositivo não disciplina diretamente valoração probatória ou modelo de constatação.
cpc-lei-13105-capture-2026-09-28,Art. 668,aula-16.html,unused,Art. 668 abre com “Cessa a eficácia da tutela provisória prevista nas Seções deste Capítulo:”; seu dispositivo não disciplina diretamente valoração probatória ou modelo de constatação.
cpc-lei-13105-capture-2026-09-28,Art. 669,aula-16.html,unused,Art. 669 abre com “São sujeitos à sobrepartilha os bens:”; seu dispositivo não disciplina diretamente valoração probatória ou modelo de constatação.
cpc-lei-13105-capture-2026-09-28,Art. 670,aula-16.html,unused,"Art. 670 abre com “Na sobrepartilha dos bens, observar-se-á o processo de inventário e de partilha.”; seu dispositivo não disciplina diretamente valoração probatória ou modelo de constatação."
cpc-lei-13105-capture-2026-09-28,Art. 671,aula-16.html,unused,Art. 671 abre com “O juiz nomeará curador especial:”; seu dispositivo não disciplina diretamente valoração probatória ou modelo de constatação.
cpc-lei-13105-capture-2026-09-28,Art. 672,aula-16.html,unused,Art. 672 abre com “É lícita a cumulação de inventários para a partilha de heranças de pessoas diversas…”; seu dispositivo não disciplina diretamente valoração probatória ou modelo de constatação.
cpc-lei-13105-capture-2026-09-28,Art. 673,aula-16.html,unused,Art. 673 abre com “No caso previsto no”; seu dispositivo não disciplina diretamente valoração probatória ou modelo de constatação.
cpc-lei-13105-capture-2026-09-28,Art. 674,aula-16.html,unused,"Art. 674 abre com “Quem, não sendo parte no processo, sofrer constrição ou ameaça de constrição sobre…”; seu dispositivo não disciplina diretamente valoração probatória ou modelo de constatação."
cpc-lei-13105-capture-2026-09-28,Art. 675,aula-16.html,unused,Art. 675 abre com “Os embargos podem ser opostos a qualquer tempo no processo de conhecimento enquanto…”; seu dispositivo não disciplina diretamente valoração probatória ou modelo de constatação.
cpc-lei-13105-capture-2026-09-28,Art. 676,aula-16.html,unused,Art. 676 abre com “Os embargos serão distribuídos por dependência ao juízo que ordenou a constrição e…”; seu dispositivo não disciplina diretamente valoração probatória ou modelo de constatação.
cpc-lei-13105-capture-2026-09-28,Art. 677,aula-16.html,unused,"Art. 677 abre com “Na petição inicial, o embargante fará a prova sumária de sua posse ou de seu…”; seu dispositivo não disciplina diretamente valoração probatória ou modelo de constatação."
cpc-lei-13105-capture-2026-09-28,Art. 678,aula-16.html,unused,Art. 678 abre com “A decisão que reconhecer suficientemente provado o domínio ou a posse determinará a…”; seu dispositivo não disciplina diretamente valoração probatória ou modelo de constatação.
cpc-lei-13105-capture-2026-09-28,Art. 679,aula-16.html,unused,"Art. 679 abre com “Os embargos poderão ser contestados no prazo de 15 (quinze) dias, findo o qual se…”; seu dispositivo não disciplina diretamente valoração probatória ou modelo de constatação."
cpc-lei-13105-capture-2026-09-28,Art. 681,aula-16.html,unused,"Art. 681 abre com “Acolhido o pedido inicial, o ato de constrição judicial indevida será cancelado,…”; seu dispositivo não disciplina diretamente valoração probatória ou modelo de constatação."
cpc-lei-13105-capture-2026-09-28,Art. 682,aula-16.html,unused,"Art. 682 abre com “Quem pretender, no todo ou em parte, a coisa ou o direito sobre que controvertem…”; seu dispositivo não disciplina diretamente valoração probatória ou modelo de constatação."
cpc-lei-13105-capture-2026-09-28,Art. 683,aula-16.html,unused,Art. 683 abre com “O opoente deduzirá o pedido em observação aos requisitos exigidos para propositura…”; seu dispositivo não disciplina diretamente valoração probatória ou modelo de constatação.
cpc-lei-13105-capture-2026-09-28,Art. 684,aula-16.html,unused,"Art. 684 abre com “Se um dos opostos reconhecer a procedência do pedido, contra o outro prosseguirá o…”; seu dispositivo não disciplina diretamente valoração probatória ou modelo de constatação."
cpc-lei-13105-capture-2026-09-28,Art. 685,aula-16.html,unused,"Art. 685 abre com “Admitido o processamento, a oposição será apensada aos autos e tramitará…”; seu dispositivo não disciplina diretamente valoração probatória ou modelo de constatação."
cpc-lei-13105-capture-2026-09-28,Art. 686,aula-16.html,unused,"Art. 686 abre com “Cabendo ao juiz decidir simultaneamente a ação originária e a oposição, desta…”; seu dispositivo não disciplina diretamente valoração probatória ou modelo de constatação."
cpc-lei-13105-capture-2026-09-28,Art. 687,aula-16.html,unused,"Art. 687 abre com “A habilitação ocorre quando, por falecimento de qualquer das partes, os…”; seu dispositivo não disciplina diretamente valoração probatória ou modelo de constatação."
cpc-lei-13105-capture-2026-09-28,Art. 688,aula-16.html,unused,Art. 688 abre com “A habilitação pode ser requerida:”; seu dispositivo não disciplina diretamente valoração probatória ou modelo de constatação.
cpc-lei-13105-capture-2026-09-28,Art. 689,aula-16.html,unused,"Art. 689 abre com “Proceder-se-á à habilitação nos autos do processo principal, na instância em que…”; seu dispositivo não disciplina diretamente valoração probatória ou modelo de constatação."
cpc-lei-13105-capture-2026-09-28,Art. 690,aula-16.html,unused,"Art. 690 abre com “Recebida a petição, o juiz ordenará a citação dos requeridos para se pronunciarem…”; seu dispositivo não disciplina diretamente valoração probatória ou modelo de constatação."
cpc-lei-13105-capture-2026-09-28,Art. 691,aula-16.html,unused,"Art. 691 abre com “O juiz decidirá o pedido de habilitação imediatamente, salvo se este for impugnado…”; seu dispositivo não disciplina diretamente valoração probatória ou modelo de constatação."
cpc-lei-13105-capture-2026-09-28,Art. 692,aula-16.html,unused,"Art. 692 abre com “Transitada em julgado a sentença de habilitação, o processo principal retomará o…”; seu dispositivo não disciplina diretamente valoração probatória ou modelo de constatação."
cpc-lei-13105-capture-2026-09-28,Art. 693,aula-16.html,unused,"Art. 693 abre com “As normas deste Capítulo aplicam-se aos processos contenciosos de divórcio,…”; seu dispositivo não disciplina diretamente valoração probatória ou modelo de constatação."
cpc-lei-13105-capture-2026-09-28,Art. 694,aula-16.html,unused,"Art. 694 abre com “Nas ações de família, todos os esforços serão empreendidos para a solução…”; seu dispositivo não disciplina diretamente valoração probatória ou modelo de constatação."
cpc-lei-13105-capture-2026-09-28,Art. 695,aula-16.html,unused,"Art. 695 abre com “Recebida a petição inicial e, se for o caso, tomadas as providências referentes à…”; seu dispositivo não disciplina diretamente valoração probatória ou modelo de constatação."
cpc-lei-13105-capture-2026-09-28,Art. 696,aula-16.html,unused,Art. 696 abre com “A audiência de mediação e conciliação poderá dividir-se em tantas sessões quantas…”; seu dispositivo não disciplina diretamente valoração probatória ou modelo de constatação.
cpc-lei-13105-capture-2026-09-28,Art. 697,aula-16.html,unused,"Art. 697 abre com “Não realizado o acordo, passarão a incidir, a partir de então, as normas do…”; seu dispositivo não disciplina diretamente valoração probatória ou modelo de constatação."
cpc-lei-13105-capture-2026-09-28,Art. 698,aula-16.html,unused,"Art. 698 abre com “Nas ações de família, o Ministério Público somente intervirá quando houver…”; seu dispositivo não disciplina diretamente valoração probatória ou modelo de constatação."
cpc-lei-13105-capture-2026-09-28,Art. 699,aula-16.html,unused,Art. 699 abre com “Quando o processo envolver discussão sobre fato relacionado a abuso ou a alienação…”; seu dispositivo não disciplina diretamente valoração probatória ou modelo de constatação.
cpc-lei-13105-capture-2026-09-28,Art. 700,aula-16.html,unused,"Art. 700 abre com “A ação monitória pode ser proposta por aquele que afirmar, com base em prova…”; seu dispositivo não disciplina diretamente valoração probatória ou modelo de constatação."
cpc-lei-13105-capture-2026-09-28,Art. 701,aula-16.html,unused,"Art. 701 abre com “Sendo evidente o direito do autor, o juiz deferirá a expedição de mandado de…”; seu dispositivo não disciplina diretamente valoração probatória ou modelo de constatação."
cpc-lei-13105-capture-2026-09-28,Art. 702,aula-16.html,unused,"Art. 702 abre com “Independentemente de prévia segurança do juízo, o réu poderá opor, nos próprios…”; seu dispositivo não disciplina diretamente valoração probatória ou modelo de constatação."
cpc-lei-13105-capture-2026-09-28,Art. 703,aula-16.html,unused,"Art. 703 abre com “Tomado o penhor legal nos casos previstos em lei, requererá o credor, ato contínuo,…”; seu dispositivo não disciplina diretamente valoração probatória ou modelo de constatação."
cpc-lei-13105-capture-2026-09-28,Art. 704,aula-16.html,unused,Art. 704 abre com “A defesa só pode consistir em:”; seu dispositivo não disciplina diretamente valoração probatória ou modelo de constatação.
cpc-lei-13105-capture-2026-09-28,Art. 705,aula-16.html,unused,"Art. 705 abre com “A partir da audiência preliminar, observar-se-á o procedimento comum.”; seu dispositivo não disciplina diretamente valoração probatória ou modelo de constatação."
cpc-lei-13105-capture-2026-09-28,Art. 706,aula-16.html,unused,"Art. 706 abre com “Homologado judicialmente o penhor legal, consolidar-se-á a posse do autor sobre o…”; seu dispositivo não disciplina diretamente valoração probatória ou modelo de constatação."
cpc-lei-13105-capture-2026-09-28,Art. 707,aula-16.html,unused,"Art. 707 abre com “Quando inexistir consenso acerca da nomeação de um regulador de avarias, o juiz de…”; seu dispositivo não disciplina diretamente valoração probatória ou modelo de constatação."
cpc-lei-13105-capture-2026-09-28,Art. 708,aula-16.html,unused,Art. 708 abre com “O regulador declarará justificadamente se os danos são passíveis de rateio na forma…”; seu dispositivo não disciplina diretamente valoração probatória ou modelo de constatação.
cpc-lei-13105-capture-2026-09-28,Art. 709,aula-16.html,unused,Art. 709 abre com “As partes deverão apresentar nos autos os documentos necessários à regulação da…”; seu dispositivo não disciplina diretamente valoração probatória ou modelo de constatação.
cpc-lei-13105-capture-2026-09-28,Art. 710,aula-16.html,unused,Art. 710 abre com “O regulador apresentará o regulamento da avaria grossa no prazo de até 12 (doze)…”; seu dispositivo não disciplina diretamente valoração probatória ou modelo de constatação.
cpc-lei-13105-capture-2026-09-28,Art. 711,aula-16.html,unused,Art. 711 abre com “Aplicam-se ao regulador de avarias os”; seu dispositivo não disciplina diretamente valoração probatória ou modelo de constatação.
cpc-lei-13105-capture-2026-09-28,Art. 712,aula-16.html,unused,"Art. 712 abre com “Verificado o desaparecimento dos autos, eletrônicos ou não, pode o juiz, de ofício,…”; seu dispositivo não disciplina diretamente valoração probatória ou modelo de constatação."
cpc-lei-13105-capture-2026-09-28,Art. 713,aula-16.html,unused,"Art. 713 abre com “Na petição inicial, declarará a parte o estado do processo ao tempo do…”; seu dispositivo não disciplina diretamente valoração probatória ou modelo de constatação."
cpc-lei-13105-capture-2026-09-28,Art. 714,aula-16.html,unused,"Art. 714 abre com “A parte contrária será citada para contestar o pedido no prazo de 5 (cinco) dias,…”; seu dispositivo não disciplina diretamente valoração probatória ou modelo de constatação."
cpc-lei-13105-capture-2026-09-28,Art. 715,aula-16.html,unused,"Art. 715 abre com “Se a perda dos autos tiver ocorrido depois da produção das provas em audiência, o…”; seu dispositivo não disciplina diretamente valoração probatória ou modelo de constatação."
cpc-lei-13105-capture-2026-09-28,Art. 716,aula-16.html,unused,"Art. 716 abre com “Julgada a restauração, seguirá o processo os seus termos.”; seu dispositivo não disciplina diretamente valoração probatória ou modelo de constatação."
cpc-lei-13105-capture-2026-09-28,Art. 717,aula-16.html,unused,"Art. 717 abre com “Se o desaparecimento dos autos tiver ocorrido no tribunal, o processo de…”; seu dispositivo não disciplina diretamente valoração probatória ou modelo de constatação."
cpc-lei-13105-capture-2026-09-28,Art. 718,aula-16.html,unused,Art. 718 abre com “Quem houver dado causa ao desaparecimento dos autos responderá pelas custas da…”; seu dispositivo não disciplina diretamente valoração probatória ou modelo de constatação.
cpc-lei-13105-capture-2026-09-28,Art. 719,aula-16.html,unused,"Art. 719 abre com “Quando este Código não estabelecer procedimento especial, regem os procedimentos de…”; seu dispositivo não disciplina diretamente valoração probatória ou modelo de constatação."
cpc-lei-13105-capture-2026-09-28,Art. 720,aula-16.html,unused,"Art. 720 abre com “O procedimento terá início por provocação do interessado, do Ministério Público ou…”; seu dispositivo não disciplina diretamente valoração probatória ou modelo de constatação."
cpc-lei-13105-capture-2026-09-28,Art. 721,aula-16.html,unused,"Art. 721 abre com “Serão citados todos os interessados, bem como intimado o Ministério Público, nos…”; seu dispositivo não disciplina diretamente valoração probatória ou modelo de constatação."
cpc-lei-13105-capture-2026-09-28,Art. 722,aula-16.html,unused,Art. 722 abre com “A Fazenda Pública será sempre ouvida nos casos em que tiver interesse.”; seu dispositivo não disciplina diretamente valoração probatória ou modelo de constatação.
cpc-lei-13105-capture-2026-09-28,Art. 723,aula-16.html,unused,Art. 723 abre com “O juiz decidirá o pedido no prazo de 10 (dez) dias.”; seu dispositivo não disciplina diretamente valoração probatória ou modelo de constatação.
cpc-lei-13105-capture-2026-09-28,Art. 724,aula-16.html,unused,Art. 724 abre com “Da sentença caberá apelação.”; seu dispositivo não disciplina diretamente valoração probatória ou modelo de constatação.
cpc-lei-13105-capture-2026-09-28,Art. 725,aula-16.html,unused,Art. 725 abre com “Processar-se-á na forma estabelecida nesta Seção o pedido de:”; seu dispositivo não disciplina diretamente valoração probatória ou modelo de constatação.
cpc-lei-13105-capture-2026-09-28,Art. 726,aula-16.html,unused,Art. 726 abre com “Quem tiver interesse em manifestar formalmente sua vontade a outrem sobre assunto…”; seu dispositivo não disciplina diretamente valoração probatória ou modelo de constatação.
cpc-lei-13105-capture-2026-09-28,Art. 727,aula-16.html,unused,"Art. 727 abre com “Também poderá o interessado interpelar o requerido, no caso do”; seu dispositivo não disciplina diretamente valoração probatória ou modelo de constatação."
cpc-lei-13105-capture-2026-09-28,Art. 728,aula-16.html,unused,Art. 728 abre com “O requerido será previamente ouvido antes do deferimento da notificação ou do…”; seu dispositivo não disciplina diretamente valoração probatória ou modelo de constatação.
cpc-lei-13105-capture-2026-09-28,Art. 729,aula-16.html,unused,"Art. 729 abre com “Deferida e realizada a notificação ou interpelação, os autos serão entregues ao…”; seu dispositivo não disciplina diretamente valoração probatória ou modelo de constatação."
cpc-lei-13105-capture-2026-09-28,Art. 730,aula-16.html,unused,"Art. 730 abre com “Nos casos expressos em lei, não havendo acordo entre os interessados sobre o modo…”; seu dispositivo não disciplina diretamente valoração probatória ou modelo de constatação."
cpc-lei-13105-capture-2026-09-28,Art. 731,aula-16.html,unused,"Art. 731 abre com “A homologação do divórcio ou da separação consensuais, observados os requisitos…”; seu dispositivo não disciplina diretamente valoração probatória ou modelo de constatação."
cpc-lei-13105-capture-2026-09-28,Art. 732,aula-16.html,unused,Art. 732 abre com “As disposições relativas ao processo de homologação judicial de divórcio ou de…”; seu dispositivo não disciplina diretamente valoração probatória ou modelo de constatação.
cpc-lei-13105-capture-2026-09-28,Art. 733,aula-16.html,unused,"Art. 733 abre com “O divórcio consensual, a separação consensual e a extinção consensual de união…”; seu dispositivo não disciplina diretamente valoração probatória ou modelo de constatação."
cpc-lei-13105-capture-2026-09-28,Art. 734,aula-16.html,unused,"Art. 734 abre com “A alteração do regime de bens do casamento, observados os requisitos legais, poderá…”; seu dispositivo não disciplina diretamente valoração probatória ou modelo de constatação."
cpc-lei-13105-capture-2026-09-28,Art. 735,aula-16.html,unused,"Art. 735 abre com “Recebendo testamento cerrado, o juiz, se não achar vício externo que o torne…”; seu dispositivo não disciplina diretamente valoração probatória ou modelo de constatação."
cpc-lei-13105-capture-2026-09-28,Art. 736,aula-16.html,unused,"Art. 736 abre com “Qualquer interessado, exibindo o traslado ou a certidão de testamento público,…”; seu dispositivo não disciplina diretamente valoração probatória ou modelo de constatação."
cpc-lei-13105-capture-2026-09-28,Art. 737,aula-16.html,unused,"Art. 737 abre com “A publicação do testamento particular poderá ser requerida, depois da morte do…”; seu dispositivo não disciplina diretamente valoração probatória ou modelo de constatação."
cpc-lei-13105-capture-2026-09-28,Art. 738,aula-16.html,unused,"Art. 738 abre com “Nos casos em que a lei considere jacente a herança, o juiz em cuja comarca tiver…”; seu dispositivo não disciplina diretamente valoração probatória ou modelo de constatação."
cpc-lei-13105-capture-2026-09-28,Art. 739,aula-16.html,unused,"Art. 739 abre com “A herança jacente ficará sob a guarda, a conservação e a administração de um…”; seu dispositivo não disciplina diretamente valoração probatória ou modelo de constatação."
cpc-lei-13105-capture-2026-09-28,Art. 740,aula-16.html,unused,"Art. 740 abre com “O juiz ordenará que o oficial de justiça, acompanhado do escrivão ou do chefe de…”; seu dispositivo não disciplina diretamente valoração probatória ou modelo de constatação."
cpc-lei-13105-capture-2026-09-28,Art. 741,aula-16.html,unused,"Art. 741 abre com “Ultimada a arrecadação, o juiz mandará expedir edital, que será publicado na rede…”; seu dispositivo não disciplina diretamente valoração probatória ou modelo de constatação."
cpc-lei-13105-capture-2026-09-28,Art. 742,aula-16.html,unused,Art. 742 abre com “O juiz poderá autorizar a alienação:”; seu dispositivo não disciplina diretamente valoração probatória ou modelo de constatação.
cpc-lei-13105-capture-2026-09-28,Art. 743,aula-16.html,unused,Art. 743 abre com “Passado 1 (um) ano da primeira publicação do edital e não havendo herdeiro…”; seu dispositivo não disciplina diretamente valoração probatória ou modelo de constatação.
cpc-lei-13105-capture-2026-09-28,Art. 744,aula-16.html,unused,"Art. 744 abre com “Declarada a ausência nos casos previstos em lei, o juiz mandará arrecadar os bens…”; seu dispositivo não disciplina diretamente valoração probatória ou modelo de constatação."
cpc-lei-13105-capture-2026-09-28,Art. 745,aula-16.html,unused,"Art. 745 abre com “Feita a arrecadação, o juiz mandará publicar editais na rede mundial de…”; seu dispositivo não disciplina diretamente valoração probatória ou modelo de constatação."
cpc-lei-13105-capture-2026-09-28,Art. 746,aula-16.html,unused,"Art. 746 abre com “Recebendo do descobridor coisa alheia perdida, o juiz mandará lavrar o respectivo…”; seu dispositivo não disciplina diretamente valoração probatória ou modelo de constatação."
cpc-lei-13105-capture-2026-09-28,Art. 747,aula-16.html,unused,Art. 747 abre com “A interdição pode ser promovida:”; seu dispositivo não disciplina diretamente valoração probatória ou modelo de constatação.
cpc-lei-13105-capture-2026-09-28,Art. 748,aula-16.html,unused,Art. 748 abre com “O Ministério Público só promoverá interdição em caso de doença mental grave:”; seu dispositivo não disciplina diretamente valoração probatória ou modelo de constatação.
cpc-lei-13105-capture-2026-09-28,Art. 749,aula-16.html,unused,"Art. 749 abre com “Incumbe ao autor, na petição inicial, especificar os fatos que demonstram a…”; seu dispositivo não disciplina diretamente valoração probatória ou modelo de constatação."
cpc-lei-13105-capture-2026-09-28,Art. 750,aula-16.html,unused,Art. 750 abre com “O requerente deverá juntar laudo médico para fazer prova de suas alegações ou…”; seu dispositivo não disciplina diretamente valoração probatória ou modelo de constatação.
cpc-lei-13105-capture-2026-09-28,Art. 751,aula-16.html,unused,"Art. 751 abre com “O interditando será citado para, em dia designado, comparecer perante o juiz, que o…”; seu dispositivo não disciplina diretamente valoração probatória ou modelo de constatação."
cpc-lei-13105-capture-2026-09-28,Art. 752,aula-16.html,unused,"Art. 752 abre com “Dentro do prazo de 15 (quinze) dias contado da entrevista, o interditando poderá…”; seu dispositivo não disciplina diretamente valoração probatória ou modelo de constatação."
cpc-lei-13105-capture-2026-09-28,Art. 753,aula-16.html,unused,Art. 753 abre com “Decorrido o prazo previsto no”; seu dispositivo não disciplina diretamente valoração probatória ou modelo de constatação.
cpc-lei-13105-capture-2026-09-28,Art. 754,aula-16.html,unused,"Art. 754 abre com “Apresentado o laudo, produzidas as demais provas e ouvidos os interessados, o juiz…”; seu dispositivo não disciplina diretamente valoração probatória ou modelo de constatação."
cpc-lei-13105-capture-2026-09-28,Art. 755,aula-16.html,unused,"Art. 755 abre com “Na sentença que decretar a interdição, o juiz:”; seu dispositivo não disciplina diretamente valoração probatória ou modelo de constatação."
cpc-lei-13105-capture-2026-09-28,Art. 756,aula-16.html,unused,Art. 756 abre com “Levantar-se-á a curatela quando cessar a causa que a determinou.”; seu dispositivo não disciplina diretamente valoração probatória ou modelo de constatação.
cpc-lei-13105-capture-2026-09-28,Art. 757,aula-16.html,unused,Art. 757 abre com “A autoridade do curador estende-se à pessoa e aos bens do incapaz que se encontrar…”; seu dispositivo não disciplina diretamente valoração probatória ou modelo de constatação.
cpc-lei-13105-capture-2026-09-28,Art. 758,aula-16.html,unused,Art. 758 abre com “O curador deverá buscar tratamento e apoio apropriados à conquista da autonomia…”; seu dispositivo não disciplina diretamente valoração probatória ou modelo de constatação.
cpc-lei-13105-capture-2026-09-28,Art. 759,aula-16.html,unused,Art. 759 abre com “O tutor ou o curador será intimado a prestar compromisso no prazo de 5 (cinco) dias…”; seu dispositivo não disciplina diretamente valoração probatória ou modelo de constatação.
cpc-lei-13105-capture-2026-09-28,Art. 760,aula-16.html,unused,Art. 760 abre com “O tutor ou o curador poderá eximir-se do encargo apresentando escusa ao juiz no…”; seu dispositivo não disciplina diretamente valoração probatória ou modelo de constatação.
cpc-lei-13105-capture-2026-09-28,Art. 761,aula-16.html,unused,"Art. 761 abre com “Incumbe ao Ministério Público ou a quem tenha legítimo interesse requerer, nos…”; seu dispositivo não disciplina diretamente valoração probatória ou modelo de constatação."
cpc-lei-13105-capture-2026-09-28,Art. 762,aula-16.html,unused,"Art. 762 abre com “Em caso de extrema gravidade, o juiz poderá suspender o tutor ou o curador do…”; seu dispositivo não disciplina diretamente valoração probatória ou modelo de constatação."
cpc-lei-13105-capture-2026-09-28,Art. 763,aula-16.html,unused,Art. 763 abre com “Cessando as funções do tutor ou do curador pelo decurso do prazo em que era…”; seu dispositivo não disciplina diretamente valoração probatória ou modelo de constatação.
cpc-lei-13105-capture-2026-09-28,Art. 764,aula-16.html,unused,Art. 764 abre com “O juiz decidirá sobre a aprovação do estatuto das fundações e de suas alterações…”; seu dispositivo não disciplina diretamente valoração probatória ou modelo de constatação.
cpc-lei-13105-capture-2026-09-28,Art. 765,aula-16.html,unused,Art. 765 abre com “Qualquer interessado ou o Ministério Público promoverá em juízo a extinção da…”; seu dispositivo não disciplina diretamente valoração probatória ou modelo de constatação.
cpc-lei-13105-capture-2026-09-28,Art. 766,aula-16.html,unused,Art. 766 abre com “Todos os protestos e os processos testemunháveis formados a bordo e lançados no…”; seu dispositivo não disciplina diretamente valoração probatória ou modelo de constatação.
cpc-lei-13105-capture-2026-09-28,Art. 767,aula-16.html,unused,Art. 767 abre com “A petição inicial conterá a transcrição dos termos lançados no livro Diário da…”; seu dispositivo não disciplina diretamente valoração probatória ou modelo de constatação.
cpc-lei-13105-capture-2026-09-28,Art. 768,aula-16.html,unused,"Art. 768 abre com “A petição inicial deverá ser distribuída com urgência e encaminhada ao juiz, que…”; seu dispositivo não disciplina diretamente valoração probatória ou modelo de constatação."
cpc-lei-13105-capture-2026-09-28,Art. 769,aula-16.html,unused,"Art. 769 abre com “Aberta a audiência, o juiz mandará apregoar os consignatários das cargas indicados…”; seu dispositivo não disciplina diretamente valoração probatória ou modelo de constatação."
cpc-lei-13105-capture-2026-09-28,Art. 770,aula-16.html,unused,"Art. 770 abre com “Inquiridos o comandante e as testemunhas, o juiz, convencido da veracidade dos…”; seu dispositivo não disciplina diretamente valoração probatória ou modelo de constatação."
cpc-lei-13105-capture-2026-09-28,Art. 771,aula-16.html,unused,"Art. 771 abre com “Este Livro regula o procedimento da execução fundada em título extrajudicial, e…”; seu dispositivo não disciplina diretamente valoração probatória ou modelo de constatação."
cpc-lei-13105-capture-2026-09-28,Art. 772,aula-16.html,unused,"Art. 772 abre com “O juiz pode, em qualquer momento do processo:”; seu dispositivo não disciplina diretamente valoração probatória ou modelo de constatação."
cpc-lei-13105-capture-2026-09-28,Art. 773,aula-16.html,unused,"Art. 773 abre com “O juiz poderá, de ofício ou a requerimento, determinar as medidas necessárias ao…”; seu dispositivo não disciplina diretamente valoração probatória ou modelo de constatação."
cpc-lei-13105-capture-2026-09-28,Art. 774,aula-16.html,unused,Art. 774 abre com “Considera-se atentatória à dignidade da justiça a conduta comissiva ou omissiva do…”; seu dispositivo não disciplina diretamente valoração probatória ou modelo de constatação.
cpc-lei-13105-capture-2026-09-28,Art. 775,aula-16.html,unused,Art. 775 abre com “O exequente tem o direito de desistir de toda a execução ou de apenas alguma medida…”; seu dispositivo não disciplina diretamente valoração probatória ou modelo de constatação.
cpc-lei-13105-capture-2026-09-28,Art. 776,aula-16.html,unused,"Art. 776 abre com “O exequente ressarcirá ao executado os danos que este sofreu, quando a sentença,…”; seu dispositivo não disciplina diretamente valoração probatória ou modelo de constatação."
cpc-lei-13105-capture-2026-09-28,Art. 777,aula-16.html,unused,Art. 777 abre com “A cobrança de multas ou de indenizações decorrentes de litigância de má-fé ou de…”; seu dispositivo não disciplina diretamente valoração probatória ou modelo de constatação.
cpc-lei-13105-capture-2026-09-28,Art. 778,aula-16.html,unused,Art. 778 abre com “Pode promover a execução forçada o credor a quem a lei confere título executivo.”; seu dispositivo não disciplina diretamente valoração probatória ou modelo de constatação.
cpc-lei-13105-capture-2026-09-28,Art. 779,aula-16.html,unused,Art. 779 abre com “A execução pode ser promovida contra:”; seu dispositivo não disciplina diretamente valoração probatória ou modelo de constatação.
cpc-lei-13105-capture-2026-09-28,Art. 780,aula-16.html,unused,"Art. 780 abre com “O exequente pode cumular várias execuções, ainda que fundadas em títulos…”; seu dispositivo não disciplina diretamente valoração probatória ou modelo de constatação."
cpc-lei-13105-capture-2026-09-28,Art. 781,aula-16.html,unused,Art. 781 abre com “A execução fundada em título extrajudicial será processada perante o juízo…”; seu dispositivo não disciplina diretamente valoração probatória ou modelo de constatação.
cpc-lei-13105-capture-2026-09-28,Art. 782,aula-16.html,unused,"Art. 782 abre com “Não dispondo a lei de modo diverso, o juiz determinará os atos executivos, e o…”; seu dispositivo não disciplina diretamente valoração probatória ou modelo de constatação."
cpc-lei-13105-capture-2026-09-28,Art. 783,aula-16.html,unused,Art. 783 abre com “A execução para cobrança de crédito fundar-se-á sempre em título de obrigação…”; seu dispositivo não disciplina diretamente valoração probatória ou modelo de constatação.
cpc-lei-13105-capture-2026-09-28,Art. 784,aula-16.html,unused,Art. 784 abre com “São títulos executivos extrajudiciais:”; seu dispositivo não disciplina diretamente valoração probatória ou modelo de constatação.
cpc-lei-13105-capture-2026-09-28,Art. 785,aula-16.html,unused,Art. 785 abre com “A existência de título executivo extrajudicial não impede a parte de optar pelo…”; seu dispositivo não disciplina diretamente valoração probatória ou modelo de constatação.
cpc-lei-13105-capture-2026-09-28,Art. 787,aula-16.html,unused,Art. 787 abre com “Se o devedor não for obrigado a satisfazer sua prestação senão mediante a…”; seu dispositivo não disciplina diretamente valoração probatória ou modelo de constatação.
cpc-lei-13105-capture-2026-09-28,Art. 788,aula-16.html,unused,Art. 788 abre com “O credor não poderá iniciar a execução ou nela prosseguir se o devedor cumprir a…”; seu dispositivo não disciplina diretamente valoração probatória ou modelo de constatação.
cpc-lei-13105-capture-2026-09-28,Art. 789,aula-16.html,unused,Art. 789 abre com “O devedor responde com todos os seus bens presentes e futuros para o cumprimento de…”; seu dispositivo não disciplina diretamente valoração probatória ou modelo de constatação.
cpc-lei-13105-capture-2026-09-28,Art. 790,aula-16.html,unused,Art. 790 abre com “São sujeitos à execução os bens:”; seu dispositivo não disciplina diretamente valoração probatória ou modelo de constatação.
cpc-lei-13105-capture-2026-09-28,Art. 791,aula-16.html,unused,Art. 791 abre com “Se a execução tiver por objeto obrigação de que seja sujeito passivo o proprietário…”; seu dispositivo não disciplina diretamente valoração probatória ou modelo de constatação.
cpc-lei-13105-capture-2026-09-28,Art. 792,aula-16.html,unused,Art. 792 abre com “A alienação ou a oneração de bem é considerada fraude à execução:”; seu dispositivo não disciplina diretamente valoração probatória ou modelo de constatação.
cpc-lei-13105-capture-2026-09-28,Art. 793,aula-16.html,unused,"Art. 793 abre com “O exequente que estiver, por direito de retenção, na posse de coisa pertencente ao…”; seu dispositivo não disciplina diretamente valoração probatória ou modelo de constatação."
cpc-lei-13105-capture-2026-09-28,Art. 794,aula-16.html,unused,"Art. 794 abre com “O fiador, quando executado, tem o direito de exigir que primeiro sejam executados…”; seu dispositivo não disciplina diretamente valoração probatória ou modelo de constatação."
cpc-lei-13105-capture-2026-09-28,Art. 795,aula-16.html,unused,"Art. 795 abre com “Os bens particulares dos sócios não respondem pelas dívidas da sociedade, senão nos…”; seu dispositivo não disciplina diretamente valoração probatória ou modelo de constatação."
cpc-lei-13105-capture-2026-09-28,Art. 796,aula-16.html,unused,"Art. 796 abre com “O espólio responde pelas dívidas do falecido, mas, feita a partilha, cada herdeiro…”; seu dispositivo não disciplina diretamente valoração probatória ou modelo de constatação."
cpc-lei-13105-capture-2026-09-28,Art. 797,aula-16.html,unused,"Art. 797 abre com “Ressalvado o caso de insolvência do devedor, em que tem lugar o concurso universal,…”; seu dispositivo não disciplina diretamente valoração probatória ou modelo de constatação."
cpc-lei-13105-capture-2026-09-28,Art. 798,aula-16.html,unused,"Art. 798 abre com “Ao propor a execução, incumbe ao exequente:”; seu dispositivo não disciplina diretamente valoração probatória ou modelo de constatação."
cpc-lei-13105-capture-2026-09-28,Art. 799,aula-16.html,unused,Art. 799 abre com “Incumbe ainda ao exequente:”; seu dispositivo não disciplina diretamente valoração probatória ou modelo de constatação.
cpc-lei-13105-capture-2026-09-28,Art. 800,aula-16.html,unused,"Art. 800 abre com “Nas obrigações alternativas, quando a escolha couber ao devedor, esse será citado…”; seu dispositivo não disciplina diretamente valoração probatória ou modelo de constatação."
cpc-lei-13105-capture-2026-09-28,Art. 801,aula-16.html,unused,Art. 801 abre com “Verificando que a petição inicial está incompleta ou que não está acompanhada dos…”; seu dispositivo não disciplina diretamente valoração probatória ou modelo de constatação.
cpc-lei-13105-capture-2026-09-28,Art. 802,aula-16.html,unused,"Art. 802 abre com “Na execução, o despacho que ordena a citação, desde que realizada em observância ao…”; seu dispositivo não disciplina diretamente valoração probatória ou modelo de constatação."
cpc-lei-13105-capture-2026-09-28,Art. 803,aula-16.html,unused,Art. 803 abre com “É nula a execução se:”; seu dispositivo não disciplina diretamente valoração probatória ou modelo de constatação.
cpc-lei-13105-capture-2026-09-28,Art. 804,aula-16.html,unused,"Art. 804 abre com “A alienação de bem gravado por penhor, hipoteca ou anticrese será ineficaz em…”; seu dispositivo não disciplina diretamente valoração probatória ou modelo de constatação."
cpc-lei-13105-capture-2026-09-28,Art. 805,aula-16.html,unused,"Art. 805 abre com “Quando por vários meios o exequente puder promover a execução, o juiz mandará que…”; seu dispositivo não disciplina diretamente valoração probatória ou modelo de constatação."
cpc-lei-13105-capture-2026-09-28,Art. 806,aula-16.html,unused,"Art. 806 abre com “O devedor de obrigação de entrega de coisa certa, constante de título executivo…”; seu dispositivo não disciplina diretamente valoração probatória ou modelo de constatação."
cpc-lei-13105-capture-2026-09-28,Art. 807,aula-16.html,unused,"Art. 807 abre com “Se o executado entregar a coisa, será lavrado o termo respectivo e considerada…”; seu dispositivo não disciplina diretamente valoração probatória ou modelo de constatação."
cpc-lei-13105-capture-2026-09-28,Art. 808,aula-16.html,unused,"Art. 808 abre com “Alienada a coisa quando já litigiosa, será expedido mandado contra o terceiro…”; seu dispositivo não disciplina diretamente valoração probatória ou modelo de constatação."
cpc-lei-13105-capture-2026-09-28,Art. 809,aula-16.html,unused,"Art. 809 abre com “O exequente tem direito a receber, além de perdas e danos, o valor da coisa, quando…”; seu dispositivo não disciplina diretamente valoração probatória ou modelo de constatação."
cpc-lei-13105-capture-2026-09-28,Art. 810,aula-16.html,unused,Art. 810 abre com “Havendo benfeitorias indenizáveis feitas na coisa pelo executado ou por terceiros…”; seu dispositivo não disciplina diretamente valoração probatória ou modelo de constatação.
cpc-lei-13105-capture-2026-09-28,Art. 811,aula-16.html,unused,"Art. 811 abre com “Quando a execução recair sobre coisa determinada pelo gênero e pela quantidade, o…”; seu dispositivo não disciplina diretamente valoração probatória ou modelo de constatação."
cpc-lei-13105-capture-2026-09-28,Art. 812,aula-16.html,unused,"Art. 812 abre com “Qualquer das partes poderá, no prazo de 15 (quinze) dias, impugnar a escolha feita…”; seu dispositivo não disciplina diretamente valoração probatória ou modelo de constatação."
cpc-lei-13105-capture-2026-09-28,Art. 813,aula-16.html,unused,"Art. 813 abre com “Aplicar-se-ão à execução para entrega de coisa incerta, no que couber, as…”; seu dispositivo não disciplina diretamente valoração probatória ou modelo de constatação."
cpc-lei-13105-capture-2026-09-28,Art. 814,aula-16.html,unused,"Art. 814 abre com “Na execução de obrigação de fazer ou de não fazer fundada em título extrajudicial,…”; seu dispositivo não disciplina diretamente valoração probatória ou modelo de constatação."
cpc-lei-13105-capture-2026-09-28,Art. 815,aula-16.html,unused,"Art. 815 abre com “Quando o objeto da execução for obrigação de fazer, o executado será citado para…”; seu dispositivo não disciplina diretamente valoração probatória ou modelo de constatação."
cpc-lei-13105-capture-2026-09-28,Art. 816,aula-16.html,unused,"Art. 816 abre com “Se o executado não satisfizer a obrigação no prazo designado, é lícito ao…”; seu dispositivo não disciplina diretamente valoração probatória ou modelo de constatação."
cpc-lei-13105-capture-2026-09-28,Art. 817,aula-16.html,unused,"Art. 817 abre com “Se a obrigação puder ser satisfeita por terceiro, é lícito ao juiz autorizar, a…”; seu dispositivo não disciplina diretamente valoração probatória ou modelo de constatação."
cpc-lei-13105-capture-2026-09-28,Art. 818,aula-16.html,unused,"Art. 818 abre com “Realizada a prestação, o juiz ouvirá as partes no prazo de 10 (dez) dias e, não…”; seu dispositivo não disciplina diretamente valoração probatória ou modelo de constatação."
cpc-lei-13105-capture-2026-09-28,Art. 819,aula-16.html,unused,Art. 819 abre com “Se o terceiro contratado não realizar a prestação no prazo ou se o fizer de modo…”; seu dispositivo não disciplina diretamente valoração probatória ou modelo de constatação.
cpc-lei-13105-capture-2026-09-28,Art. 820,aula-16.html,unused,"Art. 820 abre com “Se o exequente quiser executar ou mandar executar, sob sua direção e vigilância, as…”; seu dispositivo não disciplina diretamente valoração probatória ou modelo de constatação."
cpc-lei-13105-capture-2026-09-28,Art. 821,aula-16.html,unused,"Art. 821 abre com “Na obrigação de fazer, quando se convencionar que o executado a satisfaça…”; seu dispositivo não disciplina diretamente valoração probatória ou modelo de constatação."
cpc-lei-13105-capture-2026-09-28,Art. 822,aula-16.html,unused,Art. 822 abre com “Se o executado praticou ato a cuja abstenção estava obrigado por lei ou por…”; seu dispositivo não disciplina diretamente valoração probatória ou modelo de constatação.
cpc-lei-13105-capture-2026-09-28,Art. 823,aula-16.html,unused,"Art. 823 abre com “Havendo recusa ou mora do executado, o exequente requererá ao juiz que mande…”; seu dispositivo não disciplina diretamente valoração probatória ou modelo de constatação."
cpc-lei-13105-capture-2026-09-28,Art. 824,aula-16.html,unused,"Art. 824 abre com “A execução por quantia certa realiza-se pela expropriação de bens do executado,…”; seu dispositivo não disciplina diretamente valoração probatória ou modelo de constatação."
cpc-lei-13105-capture-2026-09-28,Art. 825,aula-16.html,unused,Art. 825 abre com “A expropriação consiste em:”; seu dispositivo não disciplina diretamente valoração probatória ou modelo de constatação.
cpc-lei-13105-capture-2026-09-28,Art. 826,aula-16.html,unused,"Art. 826 abre com “Antes de adjudicados ou alienados os bens, o executado pode, a todo tempo, remir a…”; seu dispositivo não disciplina diretamente valoração probatória ou modelo de constatação."
cpc-lei-13105-capture-2026-09-28,Art. 827,aula-16.html,unused,"Art. 827 abre com “Ao despachar a inicial, o juiz fixará, de plano, os honorários advocatícios de dez…”; seu dispositivo não disciplina diretamente valoração probatória ou modelo de constatação."
cpc-lei-13105-capture-2026-09-28,Art. 828,aula-16.html,unused,"Art. 828 abre com “O exequente poderá obter certidão de que a execução foi admitida pelo juiz, com…”; seu dispositivo não disciplina diretamente valoração probatória ou modelo de constatação."
cpc-lei-13105-capture-2026-09-28,Art. 829,aula-16.html,unused,"Art. 829 abre com “O executado será citado para pagar a dívida no prazo de 3 (três) dias, contado da…”; seu dispositivo não disciplina diretamente valoração probatória ou modelo de constatação."
cpc-lei-13105-capture-2026-09-28,Art. 830,aula-16.html,unused,"Art. 830 abre com “Se o oficial de justiça não encontrar o executado, arrestar-lhe-á tantos bens…”; seu dispositivo não disciplina diretamente valoração probatória ou modelo de constatação."
cpc-lei-13105-capture-2026-09-28,Art. 831,aula-16.html,unused,Art. 831 abre com “A penhora deverá recair sobre tantos bens quantos bastem para o pagamento do…”; seu dispositivo não disciplina diretamente valoração probatória ou modelo de constatação.
cpc-lei-13105-capture-2026-09-28,Art. 832,aula-16.html,unused,Art. 832 abre com “Não estão sujeitos à execução os bens que a lei considera impenhoráveis ou…”; seu dispositivo não disciplina diretamente valoração probatória ou modelo de constatação.
cpc-lei-13105-capture-2026-09-28,Art. 833,aula-16.html,unused,Art. 833 abre com “São impenhoráveis:”; seu dispositivo não disciplina diretamente valoração probatória ou modelo de constatação.
cpc-lei-13105-capture-2026-09-28,Art. 834,aula-16.html,unused,"Art. 834 abre com “Podem ser penhorados, à falta de outros bens, os frutos e os rendimentos dos bens…”; seu dispositivo não disciplina diretamente valoração probatória ou modelo de constatação."
cpc-lei-13105-capture-2026-09-28,Art. 835,aula-16.html,unused,"Art. 835 abre com “A penhora observará, preferencialmente, a seguinte ordem:”; seu dispositivo não disciplina diretamente valoração probatória ou modelo de constatação."
cpc-lei-13105-capture-2026-09-28,Art. 836,aula-16.html,unused,Art. 836 abre com “Não se levará a efeito a penhora quando ficar evidente que o produto da execução…”; seu dispositivo não disciplina diretamente valoração probatória ou modelo de constatação.
cpc-lei-13105-capture-2026-09-28,Art. 837,aula-16.html,unused,Art. 837 abre com “Obedecidas as normas de segurança instituídas sob critérios uniformes pelo Conselho…”; seu dispositivo não disciplina diretamente valoração probatória ou modelo de constatação.
cpc-lei-13105-capture-2026-09-28,Art. 838,aula-16.html,unused,"Art. 838 abre com “A penhora será realizada mediante auto ou termo, que conterá:”; seu dispositivo não disciplina diretamente valoração probatória ou modelo de constatação."
cpc-lei-13105-capture-2026-09-28,Art. 839,aula-16.html,unused,"Art. 839 abre com “Considerar-se-á feita a penhora mediante a apreensão e o depósito dos bens,…”; seu dispositivo não disciplina diretamente valoração probatória ou modelo de constatação."
cpc-lei-13105-capture-2026-09-28,Art. 840,aula-16.html,unused,Art. 840 abre com “Serão preferencialmente depositados:”; seu dispositivo não disciplina diretamente valoração probatória ou modelo de constatação.
cpc-lei-13105-capture-2026-09-28,Art. 841,aula-16.html,unused,"Art. 841 abre com “Formalizada a penhora por qualquer dos meios legais, dela será imediatamente…”; seu dispositivo não disciplina diretamente valoração probatória ou modelo de constatação."
cpc-lei-13105-capture-2026-09-28,Art. 842,aula-16.html,unused,"Art. 842 abre com “Recaindo a penhora sobre bem imóvel ou direito real sobre imóvel, será intimado…”; seu dispositivo não disciplina diretamente valoração probatória ou modelo de constatação."
cpc-lei-13105-capture-2026-09-28,Art. 843,aula-16.html,unused,"Art. 843 abre com “Tratando-se de penhora de bem indivisível, o equivalente à quota-parte do…”; seu dispositivo não disciplina diretamente valoração probatória ou modelo de constatação."
cpc-lei-13105-capture-2026-09-28,Art. 844,aula-16.html,unused,"Art. 844 abre com “Para presunção absoluta de conhecimento por terceiros, cabe ao exequente…”; seu dispositivo não disciplina diretamente valoração probatória ou modelo de constatação."
cpc-lei-13105-capture-2026-09-28,Art. 845,aula-16.html,unused,"Art. 845 abre com “Efetuar-se-á a penhora onde se encontrem os bens, ainda que sob a posse, a detenção…”; seu dispositivo não disciplina diretamente valoração probatória ou modelo de constatação."
cpc-lei-13105-capture-2026-09-28,Art. 846,aula-16.html,unused,"Art. 846 abre com “Se o executado fechar as portas da casa a fim de obstar a penhora dos bens, o…”; seu dispositivo não disciplina diretamente valoração probatória ou modelo de constatação."
cpc-lei-13105-capture-2026-09-28,Art. 847,aula-16.html,unused,"Art. 847 abre com “O executado pode, no prazo de 10 (dez) dias contado da intimação da penhora,…”; seu dispositivo não disciplina diretamente valoração probatória ou modelo de constatação."
cpc-lei-13105-capture-2026-09-28,Art. 848,aula-16.html,unused,Art. 848 abre com “As partes poderão requerer a substituição da penhora se:”; seu dispositivo não disciplina diretamente valoração probatória ou modelo de constatação.
cpc-lei-13105-capture-2026-09-28,Art. 849,aula-16.html,unused,"Art. 849 abre com “Sempre que ocorrer a substituição dos bens inicialmente penhorados, será lavrado…”; seu dispositivo não disciplina diretamente valoração probatória ou modelo de constatação."
cpc-lei-13105-capture-2026-09-28,Art. 851,aula-16.html,unused,"Art. 851 abre com “Não se procede à segunda penhora, salvo se:”; seu dispositivo não disciplina diretamente valoração probatória ou modelo de constatação."
cpc-lei-13105-capture-2026-09-28,Art. 852,aula-16.html,unused,Art. 852 abre com “O juiz determinará a alienação antecipada dos bens penhorados quando:”; seu dispositivo não disciplina diretamente valoração probatória ou modelo de constatação.
cpc-lei-13105-capture-2026-09-28,Art. 853,aula-16.html,unused,"Art. 853 abre com “Quando uma das partes requerer alguma das medidas previstas nesta Subseção, o juiz…”; seu dispositivo não disciplina diretamente valoração probatória ou modelo de constatação."
cpc-lei-13105-capture-2026-09-28,Art. 854,aula-16.html,unused,"Art. 854 abre com “Para possibilitar a penhora de dinheiro em depósito ou em aplicação financeira, o…”; seu dispositivo não disciplina diretamente valoração probatória ou modelo de constatação."
cpc-lei-13105-capture-2026-09-28,Art. 855,aula-16.html,unused,"Art. 855 abre com “Quando recair em crédito do executado, enquanto não ocorrer a hipótese prevista no”; seu dispositivo não disciplina diretamente valoração probatória ou modelo de constatação."
cpc-lei-13105-capture-2026-09-28,Art. 856,aula-16.html,unused,"Art. 856 abre com “A penhora de crédito representado por letra de câmbio, nota promissória, duplicata,…”; seu dispositivo não disciplina diretamente valoração probatória ou modelo de constatação."
cpc-lei-13105-capture-2026-09-28,Art. 857,aula-16.html,unused,"Art. 857 abre com “Feita a penhora em direito e ação do executado, e não tendo ele oferecido embargos…”; seu dispositivo não disciplina diretamente valoração probatória ou modelo de constatação."
cpc-lei-13105-capture-2026-09-28,Art. 858,aula-16.html,unused,"Art. 858 abre com “Quando a penhora recair sobre dívidas de dinheiro a juros, de direito a rendas ou…”; seu dispositivo não disciplina diretamente valoração probatória ou modelo de constatação."
cpc-lei-13105-capture-2026-09-28,Art. 859,aula-16.html,unused,"Art. 859 abre com “Recaindo a penhora sobre direito a prestação ou a restituição de coisa determinada,…”; seu dispositivo não disciplina diretamente valoração probatória ou modelo de constatação."
cpc-lei-13105-capture-2026-09-28,Art. 860,aula-16.html,unused,"Art. 860 abre com “Quando o direito estiver sendo pleiteado em juízo, a penhora que recair sobre ele…”; seu dispositivo não disciplina diretamente valoração probatória ou modelo de constatação."
cpc-lei-13105-capture-2026-09-28,Art. 861,aula-16.html,unused,"Art. 861 abre com “Penhoradas as quotas ou as ações de sócio em sociedade simples ou empresária, o…”; seu dispositivo não disciplina diretamente valoração probatória ou modelo de constatação."
cpc-lei-13105-capture-2026-09-28,Art. 862,aula-16.html,unused,"Art. 862 abre com “Quando a penhora recair em estabelecimento comercial, industrial ou agrícola, bem…”; seu dispositivo não disciplina diretamente valoração probatória ou modelo de constatação."
cpc-lei-13105-capture-2026-09-28,Art. 864,aula-16.html,unused,Art. 864 abre com “A penhora de navio ou de aeronave não obsta que continuem navegando ou operando até…”; seu dispositivo não disciplina diretamente valoração probatória ou modelo de constatação.
cpc-lei-13105-capture-2026-09-28,Art. 866,aula-16.html,unused,"Art. 866 abre com “Se o executado não tiver outros bens penhoráveis ou se, tendo-os, esses forem de…”; seu dispositivo não disciplina diretamente valoração probatória ou modelo de constatação."
cpc-lei-13105-capture-2026-09-28,Art. 867,aula-16.html,unused,Art. 867 abre com “O juiz pode ordenar a penhora de frutos e rendimentos de coisa móvel ou imóvel…”; seu dispositivo não disciplina diretamente valoração probatória ou modelo de constatação.
cpc-lei-13105-capture-2026-09-28,Art. 868,aula-16.html,unused,"Art. 868 abre com “Ordenada a penhora de frutos e rendimentos, o juiz nomeará…”; seu dispositivo não disciplina diretamente valoração probatória ou modelo de constatação."
cpc-lei-13105-capture-2026-09-28,Art. 869,aula-16.html,unused,"Art. 869 abre com “O juiz poderá nomear administrador-depositário o exequente ou o executado, ouvida a…”; seu dispositivo não disciplina diretamente valoração probatória ou modelo de constatação."
cpc-lei-13105-capture-2026-09-28,Art. 870,aula-16.html,unused,Art. 870 abre com “A avaliação será feita pelo oficial de justiça.”; seu dispositivo não disciplina diretamente valoração probatória ou modelo de constatação.
cpc-lei-13105-capture-2026-09-28,Art. 871,aula-16.html,unused,Art. 871 abre com “Não se procederá à avaliação quando:”; seu dispositivo não disciplina diretamente valoração probatória ou modelo de constatação.
cpc-lei-13105-capture-2026-09-28,Art. 872,aula-16.html,unused,Art. 872 abre com “A avaliação realizada pelo oficial de justiça constará de vistoria e de laudo…”; seu dispositivo não disciplina diretamente valoração probatória ou modelo de constatação.
cpc-lei-13105-capture-2026-09-28,Art. 873,aula-16.html,unused,Art. 873 abre com “É admitida nova avaliação quando:”; seu dispositivo não disciplina diretamente valoração probatória ou modelo de constatação.
cpc-lei-13105-capture-2026-09-28,Art. 874,aula-16.html,unused,"Art. 874 abre com “Após a avaliação, o juiz poderá, a requerimento do interessado e ouvida a parte…”; seu dispositivo não disciplina diretamente valoração probatória ou modelo de constatação."
cpc-lei-13105-capture-2026-09-28,Art. 875,aula-16.html,unused,"Art. 875 abre com “Realizadas a penhora e a avaliação, o juiz dará início aos atos de expropriação do…”; seu dispositivo não disciplina diretamente valoração probatória ou modelo de constatação."
cpc-lei-13105-capture-2026-09-28,Art. 876,aula-16.html,unused,"Art. 876 abre com “É lícito ao exequente, oferecendo preço não inferior ao da avaliação, requerer que…”; seu dispositivo não disciplina diretamente valoração probatória ou modelo de constatação."
cpc-lei-13105-capture-2026-09-28,Art. 877,aula-16.html,unused,"Art. 877 abre com “Transcorrido o prazo de 5 (cinco) dias, contado da última intimação, e decididas…”; seu dispositivo não disciplina diretamente valoração probatória ou modelo de constatação."
cpc-lei-13105-capture-2026-09-28,Art. 878,aula-16.html,unused,"Art. 878 abre com “Frustradas as tentativas de alienação do bem, será reaberta oportunidade para…”; seu dispositivo não disciplina diretamente valoração probatória ou modelo de constatação."
cpc-lei-13105-capture-2026-09-28,Art. 879,aula-16.html,unused,Art. 879 abre com “A alienação far-se-á:”; seu dispositivo não disciplina diretamente valoração probatória ou modelo de constatação.
cpc-lei-13105-capture-2026-09-28,Art. 880,aula-16.html,unused,"Art. 880 abre com “Não efetivada a adjudicação, o exequente poderá requerer a alienação por sua…”; seu dispositivo não disciplina diretamente valoração probatória ou modelo de constatação."
cpc-lei-13105-capture-2026-09-28,Art. 881,aula-16.html,unused,Art. 881 abre com “A alienação far-se-á em leilão judicial se não efetivada a adjudicação ou a…”; seu dispositivo não disciplina diretamente valoração probatória ou modelo de constatação.
cpc-lei-13105-capture-2026-09-28,Art. 882,aula-16.html,unused,"Art. 882 abre com “Não sendo possível a sua realização por meio eletrônico, o leilão será presencial.”; seu dispositivo não disciplina diretamente valoração probatória ou modelo de constatação."
cpc-lei-13105-capture-2026-09-28,Art. 883,aula-16.html,unused,"Art. 883 abre com “Caberá ao juiz a designação do leiloeiro público, que poderá ser indicado pelo…”; seu dispositivo não disciplina diretamente valoração probatória ou modelo de constatação."
cpc-lei-13105-capture-2026-09-28,Art. 884,aula-16.html,unused,Art. 884 abre com “Incumbe ao leiloeiro público:”; seu dispositivo não disciplina diretamente valoração probatória ou modelo de constatação.
cpc-lei-13105-capture-2026-09-28,Art. 885,aula-16.html,unused,"Art. 885 abre com “O juiz da execução estabelecerá o preço mínimo, as condições de pagamento e as…”; seu dispositivo não disciplina diretamente valoração probatória ou modelo de constatação."
cpc-lei-13105-capture-2026-09-28,Art. 886,aula-16.html,unused,"Art. 886 abre com “O leilão será precedido de publicação de edital, que conterá:”; seu dispositivo não disciplina diretamente valoração probatória ou modelo de constatação."
cpc-lei-13105-capture-2026-09-28,Art. 887,aula-16.html,unused,Art. 887 abre com “O leiloeiro público designado adotará providências para a ampla divulgação da…”; seu dispositivo não disciplina diretamente valoração probatória ou modelo de constatação.
cpc-lei-13105-capture-2026-09-28,Art. 888,aula-16.html,unused,"Art. 888 abre com “Não se realizando o leilão por qualquer motivo, o juiz mandará publicar a…”; seu dispositivo não disciplina diretamente valoração probatória ou modelo de constatação."
cpc-lei-13105-capture-2026-09-28,Art. 889,aula-16.html,unused,"Art. 889 abre com “Serão cientificados da alienação judicial, com pelo menos 5 (cinco) dias de…”; seu dispositivo não disciplina diretamente valoração probatória ou modelo de constatação."
cpc-lei-13105-capture-2026-09-28,Art. 890,aula-16.html,unused,"Art. 890 abre com “Pode oferecer lance quem estiver na livre administração de seus bens, com exceção:”; seu dispositivo não disciplina diretamente valoração probatória ou modelo de constatação."
cpc-lei-13105-capture-2026-09-28,Art. 891,aula-16.html,unused,Art. 891 abre com “Não será aceito lance que ofereça preço vil.”; seu dispositivo não disciplina diretamente valoração probatória ou modelo de constatação.
cpc-lei-13105-capture-2026-09-28,Art. 892,aula-16.html,unused,"Art. 892 abre com “Salvo pronunciamento judicial em sentido diverso, o pagamento deverá ser realizado…”; seu dispositivo não disciplina diretamente valoração probatória ou modelo de constatação."
cpc-lei-13105-capture-2026-09-28,Art. 893,aula-16.html,unused,"Art. 893 abre com “Se o leilão for de diversos bens e houver mais de um lançador, terá preferência…”; seu dispositivo não disciplina diretamente valoração probatória ou modelo de constatação."
cpc-lei-13105-capture-2026-09-28,Art. 894,aula-16.html,unused,"Art. 894 abre com “Quando o imóvel admitir cômoda divisão, o juiz, a requerimento do executado,…”; seu dispositivo não disciplina diretamente valoração probatória ou modelo de constatação."
cpc-lei-13105-capture-2026-09-28,Art. 895,aula-16.html,unused,"Art. 895 abre com “O interessado em adquirir o bem penhorado em prestações poderá apresentar, por…”; seu dispositivo não disciplina diretamente valoração probatória ou modelo de constatação."
cpc-lei-13105-capture-2026-09-28,Art. 896,aula-16.html,unused,Art. 896 abre com “Quando o imóvel de incapaz não alcançar em leilão pelo menos oitenta por cento do…”; seu dispositivo não disciplina diretamente valoração probatória ou modelo de constatação.
cpc-lei-13105-capture-2026-09-28,Art. 897,aula-16.html,unused,"Art. 897 abre com “Se o arrematante ou seu fiador não pagar o preço no prazo estabelecido, o juiz…”; seu dispositivo não disciplina diretamente valoração probatória ou modelo de constatação."
cpc-lei-13105-capture-2026-09-28,Art. 898,aula-16.html,unused,Art. 898 abre com “O fiador do arrematante que pagar o valor do lance e a multa poderá requerer que a…”; seu dispositivo não disciplina diretamente valoração probatória ou modelo de constatação.
cpc-lei-13105-capture-2026-09-28,Art. 899,aula-16.html,unused,Art. 899 abre com “Será suspensa a arrematação logo que o produto da alienação dos bens for suficiente…”; seu dispositivo não disciplina diretamente valoração probatória ou modelo de constatação.
cpc-lei-13105-capture-2026-09-28,Art. 900,aula-16.html,unused,"Art. 900 abre com “O leilão prosseguirá no dia útil imediato, à mesma hora em que teve início,…”; seu dispositivo não disciplina diretamente valoração probatória ou modelo de constatação."
cpc-lei-13105-capture-2026-09-28,Art. 901,aula-16.html,unused,Art. 901 abre com “A arrematação constará de auto que será lavrado de imediato e poderá abranger bens…”; seu dispositivo não disciplina diretamente valoração probatória ou modelo de constatação.
cpc-lei-13105-capture-2026-09-28,Art. 902,aula-16.html,unused,"Art. 902 abre com “No caso de leilão de bem hipotecado, o executado poderá remi-lo até a assinatura do…”; seu dispositivo não disciplina diretamente valoração probatória ou modelo de constatação."
cpc-lei-13105-capture-2026-09-28,Art. 903,aula-16.html,unused,"Art. 903 abre com “Qualquer que seja a modalidade de leilão, assinado o auto pelo juiz, pelo…”; seu dispositivo não disciplina diretamente valoração probatória ou modelo de constatação."
cpc-lei-13105-capture-2026-09-28,Art. 904,aula-16.html,unused,Art. 904 abre com “A satisfação do crédito exequendo far-se-á:”; seu dispositivo não disciplina diretamente valoração probatória ou modelo de constatação.
cpc-lei-13105-capture-2026-09-28,Art. 905,aula-16.html,unused,"Art. 905 abre com “O juiz autorizará que o exequente levante, até a satisfação integral de seu…”; seu dispositivo não disciplina diretamente valoração probatória ou modelo de constatação."
cpc-lei-13105-capture-2026-09-28,Art. 906,aula-16.html,unused,"Art. 906 abre com “Ao receber o mandado de levantamento, o exequente dará ao executado, por termo nos…”; seu dispositivo não disciplina diretamente valoração probatória ou modelo de constatação."
cpc-lei-13105-capture-2026-09-28,Art. 907,aula-16.html,unused,"Art. 907 abre com “Pago ao exequente o principal, os juros, as custas e os honorários, a importância…”; seu dispositivo não disciplina diretamente valoração probatória ou modelo de constatação."
cpc-lei-13105-capture-2026-09-28,Art. 908,aula-16.html,unused,"Art. 908 abre com “Havendo pluralidade de credores ou exequentes, o dinheiro lhes será distribuído e…”; seu dispositivo não disciplina diretamente valoração probatória ou modelo de constatação."
cpc-lei-13105-capture-2026-09-28,Art. 909,aula-16.html,unused,"Art. 909 abre com “Os exequentes formularão as suas pretensões, que versarão unicamente sobre o…”; seu dispositivo não disciplina diretamente valoração probatória ou modelo de constatação."
cpc-lei-13105-capture-2026-09-28,Art. 910,aula-16.html,unused,"Art. 910 abre com “Na execução fundada em título extrajudicial, a Fazenda Pública será citada para…”; seu dispositivo não disciplina diretamente valoração probatória ou modelo de constatação."
cpc-lei-13105-capture-2026-09-28,Art. 911,aula-16.html,unused,Art. 911 abre com “Na execução fundada em título executivo extrajudicial que contenha obrigação…”; seu dispositivo não disciplina diretamente valoração probatória ou modelo de constatação.
cpc-lei-13105-capture-2026-09-28,Art. 912,aula-16.html,unused,"Art. 912 abre com “Quando o executado for funcionário público, militar, diretor ou gerente de empresa,…”; seu dispositivo não disciplina diretamente valoração probatória ou modelo de constatação."
cpc-lei-13105-capture-2026-09-28,Art. 913,aula-16.html,unused,"Art. 913 abre com “Não requerida a execução nos termos deste Capítulo, observar-se-á o disposto no”; seu dispositivo não disciplina diretamente valoração probatória ou modelo de constatação."
cpc-lei-13105-capture-2026-09-28,Art. 914,aula-16.html,unused,"Art. 914 abre com “O executado, independentemente de penhora, depósito ou caução, poderá se opor à…”; seu dispositivo não disciplina diretamente valoração probatória ou modelo de constatação."
cpc-lei-13105-capture-2026-09-28,Art. 915,aula-16.html,unused,"Art. 915 abre com “Os embargos serão oferecidos no prazo de 15 (quinze) dias, contado, conforme o…”; seu dispositivo não disciplina diretamente valoração probatória ou modelo de constatação."
cpc-lei-13105-capture-2026-09-28,Art. 916,aula-16.html,unused,"Art. 916 abre com “No prazo para embargos, reconhecendo o crédito do exequente e comprovando o…”; seu dispositivo não disciplina diretamente valoração probatória ou modelo de constatação."
cpc-lei-13105-capture-2026-09-28,Art. 917,aula-16.html,unused,"Art. 917 abre com “Nos embargos à execução, o executado poderá alegar:”; seu dispositivo não disciplina diretamente valoração probatória ou modelo de constatação."
cpc-lei-13105-capture-2026-09-28,Art. 918,aula-16.html,unused,Art. 918 abre com “O juiz rejeitará liminarmente os embargos:”; seu dispositivo não disciplina diretamente valoração probatória ou modelo de constatação.
cpc-lei-13105-capture-2026-09-28,Art. 919,aula-16.html,unused,Art. 919 abre com “Os embargos à execução não terão efeito suspensivo.”; seu dispositivo não disciplina diretamente valoração probatória ou modelo de constatação.
cpc-lei-13105-capture-2026-09-28,Art. 920,aula-16.html,unused,Art. 920 abre com “Recebidos os embargos:”; seu dispositivo não disciplina diretamente valoração probatória ou modelo de constatação.
cpc-lei-13105-capture-2026-09-28,Art. 921,aula-16.html,unused,Art. 921 abre com “Suspende-se a execução:”; seu dispositivo não disciplina diretamente valoração probatória ou modelo de constatação.
cpc-lei-13105-capture-2026-09-28,Art. 922,aula-16.html,unused,"Art. 922 abre com “Convindo as partes, o juiz declarará suspensa a execução durante o prazo concedido…”; seu dispositivo não disciplina diretamente valoração probatória ou modelo de constatação."
cpc-lei-13105-capture-2026-09-28,Art. 923,aula-16.html,unused,"Art. 923 abre com “Suspensa a execução, não serão praticados atos processuais, podendo o juiz,…”; seu dispositivo não disciplina diretamente valoração probatória ou modelo de constatação."
cpc-lei-13105-capture-2026-09-28,Art. 924,aula-16.html,unused,Art. 924 abre com “Extingue-se a execução quando:”; seu dispositivo não disciplina diretamente valoração probatória ou modelo de constatação.
cpc-lei-13105-capture-2026-09-28,Art. 925,aula-16.html,unused,Art. 925 abre com “A extinção só produz efeito quando declarada por sentença.”; seu dispositivo não disciplina diretamente valoração probatória ou modelo de constatação.
cpc-lei-13105-capture-2026-09-28,Art. 926,aula-16.html,unused,"Art. 926 abre com “Os tribunais devem uniformizar sua jurisprudência e mantê-la estável, íntegra e…”; seu dispositivo não disciplina diretamente valoração probatória ou modelo de constatação."
cpc-lei-13105-capture-2026-09-28,Art. 927,aula-16.html,unused,Art. 927 abre com “Os juízes e os tribunais observarão:”; seu dispositivo não disciplina diretamente valoração probatória ou modelo de constatação.
cpc-lei-13105-capture-2026-09-28,Art. 928,aula-16.html,unused,"Art. 928 abre com “Para os fins deste Código, considera-se julgamento de casos repetitivos a decisão…”; seu dispositivo não disciplina diretamente valoração probatória ou modelo de constatação."
cpc-lei-13105-capture-2026-09-28,Art. 929,aula-16.html,unused,"Art. 929 abre com “Os autos serão registrados no protocolo do tribunal no dia de sua entrada, cabendo…”; seu dispositivo não disciplina diretamente valoração probatória ou modelo de constatação."
cpc-lei-13105-capture-2026-09-28,Art. 930,aula-16.html,unused,"Art. 930 abre com “Far-se-á a distribuição de acordo com o regimento interno do tribunal,…”; seu dispositivo não disciplina diretamente valoração probatória ou modelo de constatação."
cpc-lei-13105-capture-2026-09-28,Art. 931,aula-16.html,unused,"Art. 931 abre com “Distribuídos, os autos serão imediatamente conclusos ao relator, que, em 30…”; seu dispositivo não disciplina diretamente valoração probatória ou modelo de constatação."
cpc-lei-13105-capture-2026-09-28,Art. 932,aula-16.html,unused,Art. 932 abre com “Incumbe ao relator:”; seu dispositivo não disciplina diretamente valoração probatória ou modelo de constatação.
cpc-lei-13105-capture-2026-09-28,Art. 933,aula-16.html,unused,Art. 933 abre com “Se o relator constatar a ocorrência de fato superveniente à decisão recorrida ou a…”; seu dispositivo não disciplina diretamente valoração probatória ou modelo de constatação.
cpc-lei-13105-capture-2026-09-28,Art. 934,aula-16.html,unused,"Art. 934 abre com “Em seguida, os autos serão apresentados ao presidente, que designará dia para…”; seu dispositivo não disciplina diretamente valoração probatória ou modelo de constatação."
cpc-lei-13105-capture-2026-09-28,Art. 935,aula-16.html,unused,"Art. 935 abre com “Entre a data de publicação da pauta e a da sessão de julgamento decorrerá, pelo…”; seu dispositivo não disciplina diretamente valoração probatória ou modelo de constatação."
cpc-lei-13105-capture-2026-09-28,Art. 936,aula-16.html,unused,"Art. 936 abre com “Ressalvadas as preferências legais e regimentais, os recursos, a remessa necessária…”; seu dispositivo não disciplina diretamente valoração probatória ou modelo de constatação."
cpc-lei-13105-capture-2026-09-28,Art. 938,aula-16.html,unused,"Art. 938 abre com “A questão preliminar suscitada no julgamento será decidida antes do mérito, deste…”; seu dispositivo não disciplina diretamente valoração probatória ou modelo de constatação."
cpc-lei-13105-capture-2026-09-28,Art. 939,aula-16.html,unused,"Art. 939 abre com “Se a preliminar for rejeitada ou se a apreciação do mérito for com ela compatível,…”; seu dispositivo não disciplina diretamente valoração probatória ou modelo de constatação."
cpc-lei-13105-capture-2026-09-28,Art. 940,aula-16.html,unused,Art. 940 abre com “O relator ou outro juiz que não se considerar habilitado a proferir imediatamente…”; seu dispositivo não disciplina diretamente valoração probatória ou modelo de constatação.
cpc-lei-13105-capture-2026-09-28,Art. 941,aula-16.html,unused,"Art. 941 abre com “Proferidos os votos, o presidente anunciará o resultado do julgamento, designando…”; seu dispositivo não disciplina diretamente valoração probatória ou modelo de constatação."
cpc-lei-13105-capture-2026-09-28,Art. 942,aula-16.html,unused,"Art. 942 abre com “Quando o resultado da apelação for não unânime, o julgamento terá prosseguimento em…”; seu dispositivo não disciplina diretamente valoração probatória ou modelo de constatação."
cpc-lei-13105-capture-2026-09-28,Art. 943,aula-16.html,unused,"Art. 943 abre com “Os votos, os acórdãos e os demais atos processuais podem ser registrados em…”; seu dispositivo não disciplina diretamente valoração probatória ou modelo de constatação."
cpc-lei-13105-capture-2026-09-28,Art. 944,aula-16.html,unused,"Art. 944 abre com “Não publicado o acórdão no prazo de 30 (trinta) dias, contado da data da sessão de…”; seu dispositivo não disciplina diretamente valoração probatória ou modelo de constatação."
cpc-lei-13105-capture-2026-09-28,Art. 945,aula-16.html,unused,"Art. 945 abre com “A critério do órgão julgador, o julgamento dos recursos e dos processos de…”; seu dispositivo não disciplina diretamente valoração probatória ou modelo de constatação."
cpc-lei-13105-capture-2026-09-28,Art. 946,aula-16.html,unused,Art. 946 abre com “O agravo de instrumento será julgado antes da apelação interposta no mesmo processo.”; seu dispositivo não disciplina diretamente valoração probatória ou modelo de constatação.
cpc-lei-13105-capture-2026-09-28,Art. 947,aula-16.html,unused,"Art. 947 abre com “É admissível a assunção de competência quando o julgamento de recurso, de remessa…”; seu dispositivo não disciplina diretamente valoração probatória ou modelo de constatação."
cpc-lei-13105-capture-2026-09-28,Art. 948,aula-16.html,unused,"Art. 948 abre com “Arguida, em controle difuso, a inconstitucionalidade de lei ou de ato normativo do…”; seu dispositivo não disciplina diretamente valoração probatória ou modelo de constatação."
cpc-lei-13105-capture-2026-09-28,Art. 949,aula-16.html,unused,Art. 949 abre com “Se a arguição for:”; seu dispositivo não disciplina diretamente valoração probatória ou modelo de constatação.
cpc-lei-13105-capture-2026-09-28,Art. 950,aula-16.html,unused,"Art. 950 abre com “Remetida cópia do acórdão a todos os juízes, o presidente do tribunal designará a…”; seu dispositivo não disciplina diretamente valoração probatória ou modelo de constatação."
cpc-lei-13105-capture-2026-09-28,Art. 951,aula-16.html,unused,"Art. 951 abre com “O conflito de competência pode ser suscitado por qualquer das partes, pelo…”; seu dispositivo não disciplina diretamente valoração probatória ou modelo de constatação."
cpc-lei-13105-capture-2026-09-28,Art. 952,aula-16.html,unused,"Art. 952 abre com “Não pode suscitar conflito a parte que, no processo, arguiu incompetência relativa.”; seu dispositivo não disciplina diretamente valoração probatória ou modelo de constatação."
cpc-lei-13105-capture-2026-09-28,Art. 953,aula-16.html,unused,Art. 953 abre com “O conflito será suscitado ao tribunal:”; seu dispositivo não disciplina diretamente valoração probatória ou modelo de constatação.
cpc-lei-13105-capture-2026-09-28,Art. 954,aula-16.html,unused,"Art. 954 abre com “Após a distribuição, o relator determinará a oitiva dos juízes em conflito ou, se…”; seu dispositivo não disciplina diretamente valoração probatória ou modelo de constatação."
cpc-lei-13105-capture-2026-09-28,Art. 955,aula-16.html,unused,"Art. 955 abre com “O relator poderá, de ofício ou a requerimento de qualquer das partes, determinar,…”; seu dispositivo não disciplina diretamente valoração probatória ou modelo de constatação."
cpc-lei-13105-capture-2026-09-28,Art. 956,aula-16.html,unused,"Art. 956 abre com “Decorrido o prazo designado pelo relator, será ouvido o Ministério Público, no…”; seu dispositivo não disciplina diretamente valoração probatória ou modelo de constatação."
cpc-lei-13105-capture-2026-09-28,Art. 957,aula-16.html,unused,"Art. 957 abre com “Ao decidir o conflito, o tribunal declarará qual o juízo competente,…”; seu dispositivo não disciplina diretamente valoração probatória ou modelo de constatação."
cpc-lei-13105-capture-2026-09-28,Art. 958,aula-16.html,unused,"Art. 958 abre com “No conflito que envolva órgãos fracionários dos tribunais, desembargadores e juízes…”; seu dispositivo não disciplina diretamente valoração probatória ou modelo de constatação."
cpc-lei-13105-capture-2026-09-28,Art. 959,aula-16.html,unused,Art. 959 abre com “O regimento interno do tribunal regulará o processo e o julgamento do conflito de…”; seu dispositivo não disciplina diretamente valoração probatória ou modelo de constatação.
cpc-lei-13105-capture-2026-09-28,Art. 960,aula-16.html,unused,Art. 960 abre com “A homologação de decisão estrangeira será requerida por ação de homologação de…”; seu dispositivo não disciplina diretamente valoração probatória ou modelo de constatação.
cpc-lei-13105-capture-2026-09-28,Art. 961,aula-16.html,unused,Art. 961 abre com “A decisão estrangeira somente terá eficácia no Brasil após a homologação de…”; seu dispositivo não disciplina diretamente valoração probatória ou modelo de constatação.
cpc-lei-13105-capture-2026-09-28,Art. 962,aula-16.html,unused,Art. 962 abre com “É passível de execução a decisão estrangeira concessiva de medida de urgência.”; seu dispositivo não disciplina diretamente valoração probatória ou modelo de constatação.
cpc-lei-13105-capture-2026-09-28,Art. 963,aula-16.html,unused,Art. 963 abre com “Constituem requisitos indispensáveis à homologação da decisão:”; seu dispositivo não disciplina diretamente valoração probatória ou modelo de constatação.
cpc-lei-13105-capture-2026-09-28,Art. 964,aula-16.html,unused,Art. 964 abre com “Não será homologada a decisão estrangeira na hipótese de competência exclusiva da…”; seu dispositivo não disciplina diretamente valoração probatória ou modelo de constatação.
cpc-lei-13105-capture-2026-09-28,Art. 965,aula-16.html,unused,"Art. 965 abre com “O cumprimento de decisão estrangeira far-se-á perante o juízo federal competente, a…”; seu dispositivo não disciplina diretamente valoração probatória ou modelo de constatação."
cpc-lei-13105-capture-2026-09-28,Art. 966,aula-16.html,unused,"Art. 966 abre com “A decisão de mérito, transitada em julgado, pode ser rescindida quando:”; seu dispositivo não disciplina diretamente valoração probatória ou modelo de constatação."
cpc-lei-13105-capture-2026-09-28,Art. 967,aula-16.html,unused,Art. 967 abre com “Têm legitimidade para propor a ação rescisória:”; seu dispositivo não disciplina diretamente valoração probatória ou modelo de constatação.
cpc-lei-13105-capture-2026-09-28,Art. 968,aula-16.html,unused,Art. 968 abre com “A petição inicial será elaborada com observância dos requisitos essenciais do”; seu dispositivo não disciplina diretamente valoração probatória ou modelo de constatação.
cpc-lei-13105-capture-2026-09-28,Art. 969,aula-16.html,unused,"Art. 969 abre com “A propositura da ação rescisória não impede o cumprimento da decisão rescindenda,…”; seu dispositivo não disciplina diretamente valoração probatória ou modelo de constatação."
cpc-lei-13105-capture-2026-09-28,Art. 970,aula-16.html,unused,"Art. 970 abre com “O relator ordenará a citação do réu, designando-lhe prazo nunca inferior a 15…”; seu dispositivo não disciplina diretamente valoração probatória ou modelo de constatação."
cpc-lei-13105-capture-2026-09-28,Art. 971,aula-16.html,unused,"Art. 971 abre com “Na ação rescisória, devolvidos os autos pelo relator, a secretaria do tribunal…”; seu dispositivo não disciplina diretamente valoração probatória ou modelo de constatação."
cpc-lei-13105-capture-2026-09-28,Art. 972,aula-16.html,unused,"Art. 972 abre com “Se os fatos alegados pelas partes dependerem de prova, o relator poderá delegar a…”; seu dispositivo não disciplina diretamente valoração probatória ou modelo de constatação."
cpc-lei-13105-capture-2026-09-28,Art. 973,aula-16.html,unused,"Art. 973 abre com “Concluída a instrução, será aberta vista ao autor e ao réu para razões finais,…”; seu dispositivo não disciplina diretamente valoração probatória ou modelo de constatação."
cpc-lei-13105-capture-2026-09-28,Art. 974,aula-16.html,unused,"Art. 974 abre com “Julgando procedente o pedido, o tribunal rescindirá a decisão, proferirá, se for o…”; seu dispositivo não disciplina diretamente valoração probatória ou modelo de constatação."
cpc-lei-13105-capture-2026-09-28,Art. 975,aula-16.html,unused,Art. 975 abre com “O direito à rescisão se extingue em 2 (dois) anos contados do trânsito em julgado…”; seu dispositivo não disciplina diretamente valoração probatória ou modelo de constatação.
cpc-lei-13105-capture-2026-09-28,Art. 976,aula-16.html,unused,Art. 976 abre com “É cabível a instauração do incidente de resolução de demandas repetitivas quando…”; seu dispositivo não disciplina diretamente valoração probatória ou modelo de constatação.
cpc-lei-13105-capture-2026-09-28,Art. 977,aula-16.html,unused,Art. 977 abre com “O pedido de instauração do incidente será dirigido ao presidente de tribunal:”; seu dispositivo não disciplina diretamente valoração probatória ou modelo de constatação.
cpc-lei-13105-capture-2026-09-28,Art. 978,aula-16.html,unused,Art. 978 abre com “O julgamento do incidente caberá ao órgão indicado pelo regimento interno dentre…”; seu dispositivo não disciplina diretamente valoração probatória ou modelo de constatação.
cpc-lei-13105-capture-2026-09-28,Art. 979,aula-16.html,unused,Art. 979 abre com “A instauração e o julgamento do incidente serão sucedidos da mais ampla e…”; seu dispositivo não disciplina diretamente valoração probatória ou modelo de constatação.
cpc-lei-13105-capture-2026-09-28,Art. 980,aula-16.html,unused,Art. 980 abre com “O incidente será julgado no prazo de 1 (um) ano e terá preferência sobre os demais…”; seu dispositivo não disciplina diretamente valoração probatória ou modelo de constatação.
cpc-lei-13105-capture-2026-09-28,Art. 981,aula-16.html,unused,"Art. 981 abre com “Após a distribuição, o órgão colegiado competente para julgar o incidente procederá…”; seu dispositivo não disciplina diretamente valoração probatória ou modelo de constatação."
cpc-lei-13105-capture-2026-09-28,Art. 982,aula-16.html,unused,"Art. 982 abre com “Admitido o incidente, o relator:”; seu dispositivo não disciplina diretamente valoração probatória ou modelo de constatação."
cpc-lei-13105-capture-2026-09-28,Art. 983,aula-16.html,unused,"Art. 983 abre com “O relator ouvirá as partes e os demais interessados, inclusive pessoas, órgãos e…”; seu dispositivo não disciplina diretamente valoração probatória ou modelo de constatação."
cpc-lei-13105-capture-2026-09-28,Art. 984,aula-16.html,unused,"Art. 984 abre com “No julgamento do incidente, observar-se-á a seguinte ordem:”; seu dispositivo não disciplina diretamente valoração probatória ou modelo de constatação."
cpc-lei-13105-capture-2026-09-28,Art. 985,aula-16.html,unused,"Art. 985 abre com “Julgado o incidente, a tese jurídica será aplicada:”; seu dispositivo não disciplina diretamente valoração probatória ou modelo de constatação."
cpc-lei-13105-capture-2026-09-28,Art. 986,aula-16.html,unused,"Art. 986 abre com “A revisão da tese jurídica firmada no incidente far-se-á pelo mesmo tribunal, de…”; seu dispositivo não disciplina diretamente valoração probatória ou modelo de constatação."
cpc-lei-13105-capture-2026-09-28,Art. 987,aula-16.html,unused,"Art. 987 abre com “Do julgamento do mérito do incidente caberá recurso extraordinário ou especial,…”; seu dispositivo não disciplina diretamente valoração probatória ou modelo de constatação."
cpc-lei-13105-capture-2026-09-28,Art. 988,aula-16.html,unused,Art. 988 abre com “Caberá reclamação da parte interessada ou do Ministério Público para:”; seu dispositivo não disciplina diretamente valoração probatória ou modelo de constatação.
cpc-lei-13105-capture-2026-09-28,Art. 989,aula-16.html,unused,"Art. 989 abre com “Ao despachar a reclamação, o relator:”; seu dispositivo não disciplina diretamente valoração probatória ou modelo de constatação."
cpc-lei-13105-capture-2026-09-28,Art. 990,aula-16.html,unused,Art. 990 abre com “Qualquer interessado poderá impugnar o pedido do reclamante.”; seu dispositivo não disciplina diretamente valoração probatória ou modelo de constatação.
cpc-lei-13105-capture-2026-09-28,Art. 991,aula-16.html,unused,"Art. 991 abre com “Na reclamação que não houver formulado, o Ministério Público terá vista do processo…”; seu dispositivo não disciplina diretamente valoração probatória ou modelo de constatação."
cpc-lei-13105-capture-2026-09-28,Art. 992,aula-16.html,unused,"Art. 992 abre com “Julgando procedente a reclamação, o tribunal cassará a decisão exorbitante de seu…”; seu dispositivo não disciplina diretamente valoração probatória ou modelo de constatação."
cpc-lei-13105-capture-2026-09-28,Art. 993,aula-16.html,unused,"Art. 993 abre com “O presidente do tribunal determinará o imediato cumprimento da decisão, lavrando-se…”; seu dispositivo não disciplina diretamente valoração probatória ou modelo de constatação."
cpc-lei-13105-capture-2026-09-28,Art. 994,aula-16.html,unused,Art. 994 abre com “São cabíveis os seguintes recursos:”; seu dispositivo não disciplina diretamente valoração probatória ou modelo de constatação.
cpc-lei-13105-capture-2026-09-28,Art. 995,aula-16.html,unused,"Art. 995 abre com “Os recursos não impedem a eficácia da decisão, salvo disposição legal ou decisão…”; seu dispositivo não disciplina diretamente valoração probatória ou modelo de constatação."
cpc-lei-13105-capture-2026-09-28,Art. 996,aula-16.html,unused,"Art. 996 abre com “O recurso pode ser interposto pela parte vencida, pelo terceiro prejudicado e pelo…”; seu dispositivo não disciplina diretamente valoração probatória ou modelo de constatação."
cpc-lei-13105-capture-2026-09-28,Art. 997,aula-16.html,unused,"Art. 997 abre com “Cada parte interporá o recurso independentemente, no prazo e com observância das…”; seu dispositivo não disciplina diretamente valoração probatória ou modelo de constatação."
cpc-lei-13105-capture-2026-09-28,Art. 998,aula-16.html,unused,"Art. 998 abre com “O recorrente poderá, a qualquer tempo, sem a anuência do recorrido ou dos…”; seu dispositivo não disciplina diretamente valoração probatória ou modelo de constatação."
cpc-lei-13105-capture-2026-09-28,Art. 999,aula-16.html,unused,Art. 999 abre com “A renúncia ao direito de recorrer independe da aceitação da outra parte.”; seu dispositivo não disciplina diretamente valoração probatória ou modelo de constatação.
cpc-lei-13105-capture-2026-09-28,Art. 1000,aula-16.html,unused,Art. 1 abre com “000. A parte que aceitar expressa ou tacitamente a decisão não poderá recorrer.”; seu dispositivo não disciplina diretamente valoração probatória ou modelo de constatação.
cpc-lei-13105-capture-2026-09-28,Art. 1001,aula-16.html,unused,Art. 1 abre com “001. Dos despachos não cabe recurso.”; seu dispositivo não disciplina diretamente valoração probatória ou modelo de constatação.
cpc-lei-13105-capture-2026-09-28,Art. 1002,aula-16.html,unused,Art. 1 abre com “002. A decisão pode ser impugnada no todo ou em parte.”; seu dispositivo não disciplina diretamente valoração probatória ou modelo de constatação.
cpc-lei-13105-capture-2026-09-28,Art. 1003,aula-16.html,unused,"Art. 1 abre com “003. O prazo para interposição de recurso conta-se da data em que os advogados, a…”; seu dispositivo não disciplina diretamente valoração probatória ou modelo de constatação."
cpc-lei-13105-capture-2026-09-28,Art. 1004,aula-16.html,unused,"Art. 1 abre com “004. Se, durante o prazo para a interposição do recurso, sobrevier o falecimento da…”; seu dispositivo não disciplina diretamente valoração probatória ou modelo de constatação."
cpc-lei-13105-capture-2026-09-28,Art. 1005,aula-16.html,unused,"Art. 1 abre com “005. O recurso interposto por um dos litisconsortes a todos aproveita, salvo se…”; seu dispositivo não disciplina diretamente valoração probatória ou modelo de constatação."
cpc-lei-13105-capture-2026-09-28,Art. 1006,aula-16.html,unused,"Art. 1 abre com “006. Certificado o trânsito em julgado, com menção expressa da data de sua…”; seu dispositivo não disciplina diretamente valoração probatória ou modelo de constatação."
cpc-lei-13105-capture-2026-09-28,Art. 1007,aula-16.html,unused,"Art. 1 abre com “007. No ato de interposição do recurso, o recorrente comprovará, quando exigido…”; seu dispositivo não disciplina diretamente valoração probatória ou modelo de constatação."
cpc-lei-13105-capture-2026-09-28,Art. 1008,aula-16.html,unused,Art. 1 abre com “008. O julgamento proferido pelo tribunal substituirá a decisão impugnada no que…”; seu dispositivo não disciplina diretamente valoração probatória ou modelo de constatação.
cpc-lei-13105-capture-2026-09-28,Art. 1009,aula-16.html,unused,Art. 1 abre com “009. Da sentença cabe apelação.”; seu dispositivo não disciplina diretamente valoração probatória ou modelo de constatação.
cpc-lei-13105-capture-2026-09-28,Art. 1010,aula-16.html,unused,"Art. 1 abre com “010. A apelação, interposta por petição dirigida ao juízo de primeiro grau, conterá:”; seu dispositivo não disciplina diretamente valoração probatória ou modelo de constatação."
cpc-lei-13105-capture-2026-09-28,Art. 1011,aula-16.html,unused,"Art. 1 abre com “011. Recebido o recurso de apelação no tribunal e distribuído imediatamente, o…”; seu dispositivo não disciplina diretamente valoração probatória ou modelo de constatação."
cpc-lei-13105-capture-2026-09-28,Art. 1012,aula-16.html,unused,Art. 1 abre com “012. A apelação terá efeito suspensivo.”; seu dispositivo não disciplina diretamente valoração probatória ou modelo de constatação.
cpc-lei-13105-capture-2026-09-28,Art. 1013,aula-16.html,unused,Art. 1 abre com “013. A apelação devolverá ao tribunal o conhecimento da matéria impugnada.”; seu dispositivo não disciplina diretamente valoração probatória ou modelo de constatação.
cpc-lei-13105-capture-2026-09-28,Art. 1014,aula-16.html,unused,Art. 1 abre com “014. As questões de fato não propostas no juízo inferior poderão ser suscitadas na…”; seu dispositivo não disciplina diretamente valoração probatória ou modelo de constatação.
cpc-lei-13105-capture-2026-09-28,Art. 1015,aula-16.html,unused,Art. 1 abre com “015. Cabe agravo de instrumento contra as decisões interlocutórias que versarem…”; seu dispositivo não disciplina diretamente valoração probatória ou modelo de constatação.
cpc-lei-13105-capture-2026-09-28,Art. 1016,aula-16.html,unused,"Art. 1 abre com “016. O agravo de instrumento será dirigido diretamente ao tribunal competente, por…”; seu dispositivo não disciplina diretamente valoração probatória ou modelo de constatação."
cpc-lei-13105-capture-2026-09-28,Art. 1017,aula-16.html,unused,Art. 1 abre com “017. A petição de agravo de instrumento será instruída:”; seu dispositivo não disciplina diretamente valoração probatória ou modelo de constatação.
cpc-lei-13105-capture-2026-09-28,Art. 1018,aula-16.html,unused,"Art. 1 abre com “018. O agravante poderá requerer a juntada, aos autos do processo, de cópia da…”; seu dispositivo não disciplina diretamente valoração probatória ou modelo de constatação."
cpc-lei-13105-capture-2026-09-28,Art. 1019,aula-16.html,unused,"Art. 1 abre com “019. Recebido o agravo de instrumento no tribunal e distribuído imediatamente, se…”; seu dispositivo não disciplina diretamente valoração probatória ou modelo de constatação."
cpc-lei-13105-capture-2026-09-28,Art. 1020,aula-16.html,unused,Art. 1 abre com “020. O relator solicitará dia para julgamento em prazo não superior a 1 (um) mês da…”; seu dispositivo não disciplina diretamente valoração probatória ou modelo de constatação.
cpc-lei-13105-capture-2026-09-28,Art. 1021,aula-16.html,unused,Art. 1 abre com “021. Contra decisão proferida pelo relator caberá agravo interno para o respectivo…”; seu dispositivo não disciplina diretamente valoração probatória ou modelo de constatação.
cpc-lei-13105-capture-2026-09-28,Art. 1022,aula-16.html,unused,Art. 1 abre com “022. Cabem embargos de declaração contra qualquer decisão judicial para:”; seu dispositivo não disciplina diretamente valoração probatória ou modelo de constatação.
cpc-lei-13105-capture-2026-09-28,Art. 1023,aula-16.html,unused,"Art. 1 abre com “023. Os embargos serão opostos, no prazo de 5 (cinco) dias, em petição dirigida ao…”; seu dispositivo não disciplina diretamente valoração probatória ou modelo de constatação."
cpc-lei-13105-capture-2026-09-28,Art. 1024,aula-16.html,unused,Art. 1 abre com “024. O juiz julgará os embargos em 5 (cinco) dias.”; seu dispositivo não disciplina diretamente valoração probatória ou modelo de constatação.
cpc-lei-13105-capture-2026-09-28,Art. 1025,aula-16.html,unused,"Art. 1 abre com “025. Consideram-se incluídos no acórdão os elementos que o embargante suscitou,…”; seu dispositivo não disciplina diretamente valoração probatória ou modelo de constatação."
cpc-lei-13105-capture-2026-09-28,Art. 1026,aula-16.html,unused,Art. 1 abre com “026. Os embargos de declaração não possuem efeito suspensivo e interrompem o prazo…”; seu dispositivo não disciplina diretamente valoração probatória ou modelo de constatação.
cpc-lei-13105-capture-2026-09-28,Art. 1027,aula-16.html,unused,Art. 1 abre com “027. Serão julgados em recurso ordinário:”; seu dispositivo não disciplina diretamente valoração probatória ou modelo de constatação.
cpc-lei-13105-capture-2026-09-28,Art. 1028,aula-16.html,unused,Art. 1 abre com “028. Ao recurso mencionado no”; seu dispositivo não disciplina diretamente valoração probatória ou modelo de constatação.
cpc-lei-13105-capture-2026-09-28,Art. 1029,aula-16.html,unused,"Art. 1 abre com “029. O recurso extraordinário e o recurso especial, nos casos previstos na”; seu dispositivo não disciplina diretamente valoração probatória ou modelo de constatação."
cpc-lei-13105-capture-2026-09-28,Art. 1030,aula-16.html,unused,"Art. 1 abre com “030. Recebida a petição do recurso pela secretaria do tribunal, o recorrido será…”; seu dispositivo não disciplina diretamente valoração probatória ou modelo de constatação."
cpc-lei-13105-capture-2026-09-28,Art. 1031,aula-16.html,unused,Art. 1 abre com “031. Na hipótese de interposição conjunta de recurso extraordinário e recurso…”; seu dispositivo não disciplina diretamente valoração probatória ou modelo de constatação.
cpc-lei-13105-capture-2026-09-28,Art. 1032,aula-16.html,unused,"Art. 1 abre com “032. Se o relator, no Superior Tribunal de Justiça, entender que o recurso especial…”; seu dispositivo não disciplina diretamente valoração probatória ou modelo de constatação."
cpc-lei-13105-capture-2026-09-28,Art. 1033,aula-16.html,unused,Art. 1 abre com “033. Se o Supremo Tribunal Federal considerar como reflexa a ofensa à Constituição…”; seu dispositivo não disciplina diretamente valoração probatória ou modelo de constatação.
cpc-lei-13105-capture-2026-09-28,Art. 1034,aula-16.html,unused,"Art. 1 abre com “034. Admitido o recurso extraordinário ou o recurso especial, o Supremo Tribunal…”; seu dispositivo não disciplina diretamente valoração probatória ou modelo de constatação."
cpc-lei-13105-capture-2026-09-28,Art. 1035,aula-16.html,unused,"Art. 1 abre com “035. O Supremo Tribunal Federal, em decisão irrecorrível, não conhecerá do recurso…”; seu dispositivo não disciplina diretamente valoração probatória ou modelo de constatação."
cpc-lei-13105-capture-2026-09-28,Art. 1036,aula-16.html,unused,Art. 1 abre com “036. Sempre que houver multiplicidade de recursos extraordinários ou especiais com…”; seu dispositivo não disciplina diretamente valoração probatória ou modelo de constatação.
cpc-lei-13105-capture-2026-09-28,Art. 1037,aula-16.html,unused,"Art. 1 abre com “037. Selecionados os recursos, o relator, no tribunal superior, constatando a…”; seu dispositivo não disciplina diretamente valoração probatória ou modelo de constatação."
cpc-lei-13105-capture-2026-09-28,Art. 1038,aula-16.html,unused,Art. 1 abre com “038. O relator poderá:”; seu dispositivo não disciplina diretamente valoração probatória ou modelo de constatação.
cpc-lei-13105-capture-2026-09-28,Art. 1039,aula-16.html,unused,"Art. 1 abre com “039. Decididos os recursos afetados, os órgãos colegiados declararão prejudicados…”; seu dispositivo não disciplina diretamente valoração probatória ou modelo de constatação."
cpc-lei-13105-capture-2026-09-28,Art. 1040,aula-16.html,unused,Art. 1 abre com “040. Publicado o acórdão paradigma:”; seu dispositivo não disciplina diretamente valoração probatória ou modelo de constatação.
cpc-lei-13105-capture-2026-09-28,Art. 1041,aula-16.html,unused,"Art. 1 abre com “041. Mantido o acórdão divergente pelo tribunal de origem, o recurso especial ou…”; seu dispositivo não disciplina diretamente valoração probatória ou modelo de constatação."
cpc-lei-13105-capture-2026-09-28,Art. 1043,aula-16.html,unused,Art. 1 abre com “043. É embargável o acórdão de órgão fracionário que:”; seu dispositivo não disciplina diretamente valoração probatória ou modelo de constatação.
cpc-lei-13105-capture-2026-09-28,Art. 1044,aula-16.html,unused,"Art. 1 abre com “044. No recurso de embargos de divergência, será observado o procedimento…”; seu dispositivo não disciplina diretamente valoração probatória ou modelo de constatação."
cpc-lei-13105-capture-2026-09-28,Art. 1045,aula-16.html,unused,Art. 1 abre com “045. Este Código entra em vigor após decorrido 1 (um) ano da data de sua publicação…”; seu dispositivo não disciplina diretamente valoração probatória ou modelo de constatação.
cpc-lei-13105-capture-2026-09-28,Art. 1046,aula-16.html,unused,"Art. 1 abre com “046. Ao entrar em vigor este Código, suas disposições se aplicarão desde logo aos…”; seu dispositivo não disciplina diretamente valoração probatória ou modelo de constatação."
cpc-lei-13105-capture-2026-09-28,Art. 1047,aula-16.html,unused,Art. 1 abre com “047. As disposições de direito probatório adotadas neste Código aplicam-se apenas…”; seu dispositivo não disciplina diretamente valoração probatória ou modelo de constatação.
cpc-lei-13105-capture-2026-09-28,Art. 1048,aula-16.html,unused,"Art. 1 abre com “048. Terão prioridade de tramitação, em qualquer juízo ou tribunal, os…”; seu dispositivo não disciplina diretamente valoração probatória ou modelo de constatação."
cpc-lei-13105-capture-2026-09-28,Art. 1049,aula-16.html,unused,Art. 1 abre com “049. Sempre que a lei remeter a procedimento previsto na lei processual sem…”; seu dispositivo não disciplina diretamente valoração probatória ou modelo de constatação.
cpc-lei-13105-capture-2026-09-28,Art. 1050,aula-16.html,unused,"Art. 1 abre com “050. A União, os Estados, o Distrito Federal, os Municípios, suas respectivas…”; seu dispositivo não disciplina diretamente valoração probatória ou modelo de constatação."
cpc-lei-13105-capture-2026-09-28,Art. 1051,aula-16.html,unused,Art. 1 abre com “051. As empresas públicas e privadas devem cumprir o disposto no”; seu dispositivo não disciplina diretamente valoração probatória ou modelo de constatação.
cpc-lei-13105-capture-2026-09-28,Art. 1052,aula-16.html,unused,"Art. 1 abre com “052. Até a edição de lei específica, as execuções contra devedor insolvente, em…”; seu dispositivo não disciplina diretamente valoração probatória ou modelo de constatação."
cpc-lei-13105-capture-2026-09-28,Art. 1053,aula-16.html,unused,Art. 1 abre com “053. Os atos processuais praticados por meio eletrônico até a transição definitiva…”; seu dispositivo não disciplina diretamente valoração probatória ou modelo de constatação.
cpc-lei-13105-capture-2026-09-28,Art. 1054,aula-16.html,unused,Art. 1 abre com “054. O disposto no”; seu dispositivo não disciplina diretamente valoração probatória ou modelo de constatação.
cpc-lei-13105-capture-2026-09-28,Art. 1055,aula-16.html,unused,Art. 1 abre com “055. (VETADO).”; seu dispositivo não disciplina diretamente valoração probatória ou modelo de constatação.
cpc-lei-13105-capture-2026-09-28,Art. 1056,aula-16.html,unused,Art. 1 abre com “056. Considerar-se-á como termo inicial do prazo da prescrição prevista no”; seu dispositivo não disciplina diretamente valoração probatória ou modelo de constatação.
cpc-lei-13105-capture-2026-09-28,Art. 1057,aula-16.html,unused,Art. 1 abre com “057. O disposto no”; seu dispositivo não disciplina diretamente valoração probatória ou modelo de constatação.
cpc-lei-13105-capture-2026-09-28,Art. 1058,aula-16.html,unused,"Art. 1 abre com “058. Em todos os casos em que houver recolhimento de importância em dinheiro, esta…”; seu dispositivo não disciplina diretamente valoração probatória ou modelo de constatação."
cpc-lei-13105-capture-2026-09-28,Art. 1059,aula-16.html,unused,Art. 1 abre com “059. À tutela provisória requerida contra a Fazenda Pública aplica-se o disposto nos”; seu dispositivo não disciplina diretamente valoração probatória ou modelo de constatação.
cpc-lei-13105-capture-2026-09-28,Art. 1060,aula-16.html,unused,Art. 1 abre com “060. O inciso II do art. 14 da”; seu dispositivo não disciplina diretamente valoração probatória ou modelo de constatação.
cpc-lei-13105-capture-2026-09-28,Art. 1061,aula-16.html,unused,Art. 1 abre com “061. O § 3º do art. 33 da”; seu dispositivo não disciplina diretamente valoração probatória ou modelo de constatação.
cpc-lei-13105-capture-2026-09-28,Art. 1062,aula-16.html,unused,Art. 1 abre com “062. O incidente de desconsideração da personalidade jurídica aplica-se ao processo…”; seu dispositivo não disciplina diretamente valoração probatória ou modelo de constatação.
cpc-lei-13105-capture-2026-09-28,Art. 1063,aula-16.html,unused,"Art. 1 abre com “063. Até a edição de lei específica, os juizados especiais cíveis previstos na”; seu dispositivo não disciplina diretamente valoração probatória ou modelo de constatação."
cpc-lei-13105-capture-2026-09-28,Art. 1064,aula-16.html,unused,Art. 1 abre com “064. O”; seu dispositivo não disciplina diretamente valoração probatória ou modelo de constatação.
cpc-lei-13105-capture-2026-09-28,Art. 1065,aula-16.html,unused,Art. 1 abre com “065. O art. 50 da”; seu dispositivo não disciplina diretamente valoração probatória ou modelo de constatação.
cpc-lei-13105-capture-2026-09-28,Art. 1066,aula-16.html,unused,Art. 1 abre com “066. O art. 83 da”; seu dispositivo não disciplina diretamente valoração probatória ou modelo de constatação.
cpc-lei-13105-capture-2026-09-28,Art. 1067,aula-16.html,unused,Art. 1 abre com “067. O art. 275 da”; seu dispositivo não disciplina diretamente valoração probatória ou modelo de constatação.
cpc-lei-13105-capture-2026-09-28,Art. 1068,aula-16.html,unused,Art. 1 abre com “068. O art. 274 e o”; seu dispositivo não disciplina diretamente valoração probatória ou modelo de constatação.
cpc-lei-13105-capture-2026-09-28,Art. 1069,aula-16.html,unused,"Art. 1 abre com “069. O Conselho Nacional de Justiça promoverá, periodicamente, pesquisas…”; seu dispositivo não disciplina diretamente valoração probatória ou modelo de constatação."
cpc-lei-13105-capture-2026-09-28,Art. 1070,aula-16.html,unused,"Art. 1 abre com “070. É de 15 (quinze) dias o prazo para a interposição de qualquer agravo, previsto…”; seu dispositivo não disciplina diretamente valoração probatória ou modelo de constatação."
cpc-lei-13105-capture-2026-09-28,Art. 1071,aula-16.html,unused,Art. 1 abre com “071. O Capítulo III do Título V da”; seu dispositivo não disciplina diretamente valoração probatória ou modelo de constatação.
cpc-lei-13105-capture-2026-09-28,Art. 1072,aula-16.html,unused,Art. 1 abre com “072. Revogam-se:”; seu dispositivo não disciplina diretamente valoração probatória ou modelo de constatação.
cronograma-processo-civil-2026-2,cronograma-completo,aula-16.html,unused,"O cronograma fixa sequência e leituras do curso, mas não é material doutrinário ou normativo sobre avaliação da prova."
didier-curso-vol1-2017,00-front-matter,aula-16.html,unused,O capítulo “Front matter and sumário” trata de matéria processual diversa da cognição e da valoração probatória desta aula.
didier-curso-vol1-2017,ch01-s01,aula-16.html,unused,"O capítulo “Introdução ao Direito Processual Civil — 1. Tar.to mais consistente um pem:amento, tanto maior o número de conexõ2s feitas entre abordagens” trata de matéria processual diversa da cognição e da valoração probatória desta aula."
didier-curso-vol1-2017,ch01-s02,aula-16.html,unused,"O capítulo “Introdução ao Direito Processual Civil — 12. Desde Bülow {BÜLOW, Oskar. Lo teoria de los excepciones procesoles y los presupuestos procesales. Miguel” trata de matéria processual diversa da cognição e da valoração probatória desta aula."
didier-curso-vol1-2017,ch02-s01,aula-16.html,unused,"O capítulo “Normas fundamentais do Processo Civil — 1. A ideia foi encampada pelo Fórum Permanente de Processualistas Civis, no enunciado n. 370: ""Norma” trata de matéria processual diversa da cognição e da valoração probatória desta aula."
didier-curso-vol1-2017,ch02-s02,aula-16.html,unused,"O capítulo “Normas fundamentais do Processo Civil — 25. BONAVIDES, Paulo. Curso de Direito Constitucional. 12a ed. rev. amp. São Paulo: Matheiros Ed., 2002,” trata de matéria processual diversa da cognição e da valoração probatória desta aula."
didier-curso-vol1-2017,ch02-s03,aula-16.html,unused,"O capítulo “Normas fundamentais do Processo Civil — 25. BONAVIDES, Paulo. Curso de Direito Constitucional. 12a ed. rev. amp. São Paulo: Matheiros Ed., 2002,” trata de matéria processual diversa da cognição e da valoração probatória desta aula."
didier-curso-vol1-2017,ch03-s01,aula-16.html,unused,O capítulo “Jurisdição — Opening” trata de matéria processual diversa da cognição e da valoração probatória desta aula.
didier-curso-vol1-2017,ch03-s02,aula-16.html,unused,"O capítulo “Jurisdição — 29. ALMEIDA, Diogo Assumpção Rezende. ""O princípio da adequação e os métodos de solução de con-” trata de matéria processual diversa da cognição e da valoração probatória desta aula."
didier-curso-vol1-2017,ch04-s01,aula-16.html,unused,O capítulo “Competência — Opening” trata de matéria processual diversa da cognição e da valoração probatória desta aula.
didier-curso-vol1-2017,ch04-s02,aula-16.html,unused,O capítulo “Competência — 9. Há precedente do STJ nesse sentido: NCOMPETtNCIA. Imóvel. Reivindicatória. Desmembramento da” trata de matéria processual diversa da cognição e da valoração probatória desta aula.
didier-curso-vol1-2017,ch04-s03,aula-16.html,unused,O capítulo “Competência — 1. perante os órgãos Judiciários da União (Tribunais Superiores) e” trata de matéria processual diversa da cognição e da valoração probatória desta aula.
didier-curso-vol1-2017,ch05,aula-16.html,unused,O capítulo “Mediação e conciliação” trata de matéria processual diversa da cognição e da valoração probatória desta aula.
didier-curso-vol1-2017,ch06,aula-16.html,unused,O capítulo “Teoria da ação: da ação e do direito de ação” trata de matéria processual diversa da cognição e da valoração probatória desta aula.
didier-curso-vol1-2017,ch07-s01,aula-16.html,unused,O capítulo “Pressupostos processuais — Opening” trata de matéria processual diversa da cognição e da valoração probatória desta aula.
didier-curso-vol1-2017,ch07-s02,aula-16.html,unused,"O capítulo “Pressupostos processuais — 23. Nesse sentido, enunciado n. 383 do Fórum Permanente de Processualistas Civis: uAs autarquias e” trata de matéria processual diversa da cognição e da valoração probatória desta aula."
didier-curso-vol1-2017,ch08,aula-16.html,unused,O capítulo “Teoria dos fatos jurídicos processuais” trata de matéria processual diversa da cognição e da valoração probatória desta aula.
didier-curso-vol1-2017,ch09,aula-16.html,unused,O capítulo “Invalidades processuais” trata de matéria processual diversa da cognição e da valoração probatória desta aula.
didier-curso-vol1-2017,ch10,aula-16.html,unused,O capítulo “Preclusão” trata de matéria processual diversa da cognição e da valoração probatória desta aula.
didier-curso-vol1-2017,ch11,aula-16.html,primary,A teoria da cognição define a atividade judicial como análise e valoração de alegações e provas; este capítulo da bibliografia básica sustenta diretamente a avaliação do suporte probatório.
didier-curso-vol1-2017,ch12,aula-16.html,unused,O capítulo “Litisconsórcio” trata de matéria processual diversa da cognição e da valoração probatória desta aula.
didier-curso-vol1-2017,ch13-s01,aula-16.html,unused,O capítulo “Intervenção de terceiro — Opening” trata de matéria processual diversa da cognição e da valoração probatória desta aula.
didier-curso-vol1-2017,ch13-s02,aula-16.html,unused,"O capítulo “Intervenção de terceiro — 30. ""Na verdade, o pedido deduzido na ação principal é questão preliminar em relação à demanda objeto” trata de matéria processual diversa da cognição e da valoração probatória desta aula."
didier-curso-vol1-2017,ch13-s03,aula-16.html,unused,"O capítulo “Intervenção de terceiro — 30. ""Na verdade, o pedido deduzido na ação principal é questão preliminar em relação à demanda objeto” trata de matéria processual diversa da cognição e da valoração probatória desta aula."
didier-curso-vol1-2017,ch14,aula-16.html,unused,O capítulo “Alienação da coisa ou do direito litigioso” trata de matéria processual diversa da cognição e da valoração probatória desta aula.
didier-curso-vol1-2017,ch15-s01,aula-16.html,unused,O capítulo “Formação do processo e petição inicial — Opening” trata de matéria processual diversa da cognição e da valoração probatória desta aula.
didier-curso-vol1-2017,ch15-s02,aula-16.html,unused,"O capítulo “Formação do processo e petição inicial — 13. Assim, enunciado n. 281 do Fórum Permanente de Processualistas Civis: ""A indicação do dispositivo” trata de matéria processual diversa da cognição e da valoração probatória desta aula."
didier-curso-vol1-2017,ch16,aula-16.html,unused,O capítulo “Improcedência liminar do pedido” trata de matéria processual diversa da cognição e da valoração probatória desta aula.
didier-curso-vol1-2017,ch17,aula-16.html,unused,O capítulo “Citação” trata de matéria processual diversa da cognição e da valoração probatória desta aula.
didier-curso-vol1-2017,ch18,aula-16.html,unused,O capítulo “Audiência preliminar de conciliação ou mediação” trata de matéria processual diversa da cognição e da valoração probatória desta aula.
didier-curso-vol1-2017,ch19-s01,aula-16.html,unused,"O capítulo “Teoria da exceção, resposta do réu e revelia — Opening” trata de matéria processual diversa da cognição e da valoração probatória desta aula."
didier-curso-vol1-2017,ch19-s02,aula-16.html,unused,"O capítulo “Teoria da exceção, resposta do réu e revelia — 17. t tomo diz Eduardo Couture: ""Se o juiz fôsse <onstrangido a tondenar a um novo pagamento de uma” trata de matéria processual diversa da cognição e da valoração probatória desta aula."
didier-curso-vol1-2017,ch20,aula-16.html,unused,O capítulo “Arguição de impedimento ou suspeição” trata de matéria processual diversa da cognição e da valoração probatória desta aula.
didier-curso-vol1-2017,ch21,aula-16.html,unused,O capítulo “Providências preliminares e julgamento conforme o estado do processo” trata de matéria processual diversa da cognição e da valoração probatória desta aula.
didier-curso-vol1-2017,ch22,aula-16.html,unused,O capítulo “Extinção do processo” trata de matéria processual diversa da cognição e da valoração probatória desta aula.
didier-curso-vol1-2017,ch23,aula-16.html,unused,O capítulo “Suspensão do processo” trata de matéria processual diversa da cognição e da valoração probatória desta aula.
didier-curso-vol1-2017,24-bibliography-01,aula-16.html,unused,"O capítulo “Bibliografia, parte 1” trata de matéria processual diversa da cognição e da valoração probatória desta aula."
didier-curso-vol1-2017,24-bibliography-02,aula-16.html,unused,"O capítulo “Bibliografia, parte 2” trata de matéria processual diversa da cognição e da valoração probatória desta aula."
didier-resposta-reu-revelia,assigned-reading,aula-16.html,unused,"“Didier Jr., Resposta do réu e revelia, pp. 637–670” trata da resposta do réu e revelia, tema de aulas anteriores, sem conexão direta com o padrão de constatação."
eid-litisconsorcio-unitario,assigned-reading,aula-16.html,unused,"“EID, Litisconsórcio unitário, pp. 25–69” trata de litisconsórcio unitário, tema alheio à avaliação da prova e aos modelos de constatação."
exam-2015-1-avaliacao-1,exam-2015-1-avaliacao-1,aula-16.html,unused,"“2015/1 Avaliação 1 (29/04), Scarparo” pertence a avaliação do bloco P1 ou a extrato derivado; o mapa reserva a P2 de 2015 para as aulas de evidência."
exam-2015-1-avaliacao-2,exam-2015-1-avaliacao-2,aula-16.html,supporting,"As questões 7–9 e 11 tratam de prova atípica, ônus, prova oral e fatos inverossímeis; oferecem prática sobre prova, suficiência e distinção entre admissibilidade e valoração."
exam-2017-2-p1,exam-2017-2-p1,aula-16.html,unused,"“2017/2 P1 (31/10), Scarparo, with gabarito” pertence a avaliação do bloco P1 ou a extrato derivado; o mapa reserva a P2 de 2015 para as aulas de evidência."
exam-2018-1-p1,document,aula-16.html,unused,"“2018/1 P1 (30/04), Scarparo, with gabarito” pertence a avaliação do bloco P1 ou a extrato derivado; o mapa reserva a P2 de 2015 para as aulas de evidência."
exam-2018-2-p1-v1,document,aula-16.html,unused,"“2018/2 P1 v1 (02/10), Scarparo, with gabarito” pertence a avaliação do bloco P1 ou a extrato derivado; o mapa reserva a P2 de 2015 para as aulas de evidência."
exam-2018-2-p1-v2,document,aula-16.html,unused,"“2018/2 P1 v2 (02/10), Scarparo, with gabarito” pertence a avaliação do bloco P1 ou a extrato derivado; o mapa reserva a P2 de 2015 para as aulas de evidência."
exam-2019-2-p1,document,aula-16.html,unused,"“2019/2 P1 (03/09), Scarparo” pertence a avaliação do bloco P1 ou a extrato derivado; o mapa reserva a P2 de 2015 para as aulas de evidência."
exam-2025-2-p1-candidate,document,aula-16.html,unused,"A avaliação candidata é identificada no inventário como prova de outro docente, não como questão de Scarparo para o bloco de evidência desta aula."
exam-questions-extract-2026-09-28,exam-questions-extract-2026-09-28,aula-16.html,unused,“28/09 intake questions.csv (28 extracted questions; starting point only)” pertence a avaliação do bloco P1 ou a extrato derivado; o mapa reserva a P2 de 2015 para as aulas de evidência.
knijnik-prova-caps1-2,assigned-reading,aula-16.html,unused,"Leitura da semana 14, atribuída às Aulas 14 e 15; o conteúdo geral de modelos de prova pode chegar como background pelas dependências, sem nova atribuição direta na Aula 16."
koplin-audiencias,artigo-audiencias,aula-16.html,unused,"“Klaus Cohen Koplin, Um panorama geral sobre as audiências no novo Código de Processo Civil brasileiro” trata de audiências; a técnica do ato não responde ao recorte de valoração e padrão de constatação."
lucon-cpc-355-357,assigned-reading,aula-16.html,unused,"“Lucon, Comentários aos arts. 355–357 do CPC/2015, pp. 586–596” comenta saneamento e julgamento conforme o estado do processo, recorte das aulas anteriores, não dos modelos de constatação."
marinoni-novo-curso-vol1-2017,front-matter,aula-16.html,unused,"O capítulo “Front matter (title page, authors and presentation)” desenvolve teoria geral do processo, jurisdição, ação ou defesa, sem tratar diretamente de valoração da prova ou padrão de constatação."
marinoni-novo-curso-vol1-2017,introducao,aula-16.html,unused,"O capítulo “Introdução — teoria do processo civil” desenvolve teoria geral do processo, jurisdição, ação ou defesa, sem tratar diretamente de valoração da prova ou padrão de constatação."
marinoni-novo-curso-vol1-2017,parte-i-cap-01,aula-16.html,unused,"O capítulo “Parte I, capítulo 1 — A Influência Dos Valores Do Estado Liberal De Direito E Do Positivismo Jurídico Sobre Os Conceitos Clássicos De Jurisdição” desenvolve teoria geral do processo, jurisdição, ação ou defesa, sem tratar diretamente de valoração da prova ou padrão de constatação."
marinoni-novo-curso-vol1-2017,parte-i-cap-02,aula-16.html,unused,"O capítulo “Parte I, capítulo 2 — Do Mito Do Cognitivismo Interpretativo E Do Logicismo Na Aplicação Do Direito No Positivismo Clássico À Dupla Indeterminação Do Direito No Estado Constitucional” desenvolve teoria geral do processo, jurisdição, ação ou defesa, sem tratar diretamente de valoração da prova ou padrão de constatação."
marinoni-novo-curso-vol1-2017,parte-i-cap-03,aula-16.html,unused,"O capítulo “Parte I, capítulo 3 — A Transformação Do Princípio Da Legalidade: Da Legalidade Formal Pelas Regras À Legalidade Substancial Pelas Normas” desenvolve teoria geral do processo, jurisdição, ação ou defesa, sem tratar diretamente de valoração da prova ou padrão de constatação."
marinoni-novo-curso-vol1-2017,parte-i-cap-04,aula-16.html,unused,"O capítulo “Parte I, capítulo 4 — O Controle Da Constitucionalidade Pelo Juiz Singular No Direito Brasileiro” desenvolve teoria geral do processo, jurisdição, ação ou defesa, sem tratar diretamente de valoração da prova ou padrão de constatação."
marinoni-novo-curso-vol1-2017,parte-i-cap-05,aula-16.html,unused,"O capítulo “Parte I, capítulo 5 — A Teoria Dos Direitos Fundamentais” desenvolve teoria geral do processo, jurisdição, ação ou defesa, sem tratar diretamente de valoração da prova ou padrão de constatação."
marinoni-novo-curso-vol1-2017,parte-i-cap-06,aula-16.html,unused,"O capítulo “Parte I, capítulo 6 — A Jurisdição No Estado Constitucional” desenvolve teoria geral do processo, jurisdição, ação ou defesa, sem tratar diretamente de valoração da prova ou padrão de constatação."
marinoni-novo-curso-vol1-2017,parte-i-cap-07,aula-16.html,unused,"O capítulo “Parte I, capítulo 7 — A Jurisdição E A Justiça Civil” desenvolve teoria geral do processo, jurisdição, ação ou defesa, sem tratar diretamente de valoração da prova ou padrão de constatação."
marinoni-novo-curso-vol1-2017,parte-i-cap-08,aula-16.html,unused,"O capítulo “Parte I, capítulo 8 — A Jurisdição No Quadro Das Formas De Resolução De Litígios” desenvolve teoria geral do processo, jurisdição, ação ou defesa, sem tratar diretamente de valoração da prova ou padrão de constatação."
marinoni-novo-curso-vol1-2017,parte-i-cap-09,aula-16.html,unused,"O capítulo “Parte I, capítulo 9 — O Direito À Jurisdição E Ao Juiz Natural Na Constituição E No Novo Código De Processo Civil” desenvolve teoria geral do processo, jurisdição, ação ou defesa, sem tratar diretamente de valoração da prova ou padrão de constatação."
marinoni-novo-curso-vol1-2017,parte-ii-cap-01,aula-16.html,unused,"O capítulo “Parte II, capítulo 1 — As Teorias Da Ação E A Posição Do Novo Cpc. Primeiros Apontamentos Para Uma Concepção Adequada Ao Estado Constitucional E À Realidade Normativa Brasileira” desenvolve teoria geral do processo, jurisdição, ação ou defesa, sem tratar diretamente de valoração da prova ou padrão de constatação."
marinoni-novo-curso-vol1-2017,parte-ii-cap-02,aula-16.html,unused,"O capítulo “Parte II, capítulo 2 — A Influência Dos Valores Do Estado Social Sobre O Direito De Ação” desenvolve teoria geral do processo, jurisdição, ação ou defesa, sem tratar diretamente de valoração da prova ou padrão de constatação."
marinoni-novo-curso-vol1-2017,parte-ii-cap-03,aula-16.html,unused,"O capítulo “Parte II, capítulo 3 — O Direito De Ação No Quadro Dos Direitos Fundamentais” desenvolve teoria geral do processo, jurisdição, ação ou defesa, sem tratar diretamente de valoração da prova ou padrão de constatação."
marinoni-novo-curso-vol1-2017,parte-ii-cap-04,aula-16.html,unused,"O capítulo “Parte II, capítulo 4 — O Conteúdo Do Direito De Ação A Partir Da Constituição E Do Novo Código De Processo Civil” desenvolve teoria geral do processo, jurisdição, ação ou defesa, sem tratar diretamente de valoração da prova ou padrão de constatação."
marinoni-novo-curso-vol1-2017,parte-ii-cap-05,aula-16.html,unused,"O capítulo “Parte II, capítulo 5 — Da Ação Abstrata E Uniforme (Ação Única) À Ação Adequada À Tutela Do Direito Material E Ao Caso Concreto” desenvolve teoria geral do processo, jurisdição, ação ou defesa, sem tratar diretamente de valoração da prova ou padrão de constatação."
marinoni-novo-curso-vol1-2017,parte-iii-cap-01,aula-16.html,unused,"O capítulo “Parte II, capítulo 1 — Conceito De Direito De Defesa” desenvolve teoria geral do processo, jurisdição, ação ou defesa, sem tratar diretamente de valoração da prova ou padrão de constatação."
marinoni-novo-curso-vol1-2017,parte-iii-cap-02,aula-16.html,unused,"O capítulo “Parte II, capítulo 2 — Direito De Defesa E Acesso À Justiça” desenvolve teoria geral do processo, jurisdição, ação ou defesa, sem tratar diretamente de valoração da prova ou padrão de constatação."
marinoni-novo-curso-vol1-2017,parte-iii-cap-03,aula-16.html,unused,"O capítulo “Parte II, capítulo 3 — O Direito De Defesa Na Constituição. O Significado Do Direito À Ampla Defesa” desenvolve teoria geral do processo, jurisdição, ação ou defesa, sem tratar diretamente de valoração da prova ou padrão de constatação."
marinoni-novo-curso-vol1-2017,parte-iii-cap-04,aula-16.html,unused,"O capítulo “Parte II, capítulo 4 — O Direito De Defesa No Novo Código De Processo Civil” desenvolve teoria geral do processo, jurisdição, ação ou defesa, sem tratar diretamente de valoração da prova ou padrão de constatação."
marinoni-novo-curso-vol1-2017,parte-iii-cap-05,aula-16.html,unused,"O capítulo “Parte II, capítulo 5 — O Direito Fundamental De Defesa Diante Do Direito Fundamental De Ação” desenvolve teoria geral do processo, jurisdição, ação ou defesa, sem tratar diretamente de valoração da prova ou padrão de constatação."
marinoni-novo-curso-vol1-2017,parte-iii-cap-06,aula-16.html,unused,"O capítulo “Parte II, capítulo 6 — Problematização Do Direito Fundamental De Defesa” desenvolve teoria geral do processo, jurisdição, ação ou defesa, sem tratar diretamente de valoração da prova ou padrão de constatação."
marinoni-novo-curso-vol1-2017,parte-iv-cap-01,aula-16.html,unused,"O capítulo “Parte IV, capítulo 1 — Processo E Procedimento Na Doutrina Clássica” desenvolve teoria geral do processo, jurisdição, ação ou defesa, sem tratar diretamente de valoração da prova ou padrão de constatação."
marinoni-novo-curso-vol1-2017,parte-iv-cap-02,aula-16.html,unused,"O capítulo “Parte IV, capítulo 2 — Bases Para Um Novo Conceito De Processo” desenvolve teoria geral do processo, jurisdição, ação ou defesa, sem tratar diretamente de valoração da prova ou padrão de constatação."
marinoni-novo-curso-vol1-2017,parte-iv-cap-03,aula-16.html,unused,"O capítulo “Parte IV, capítulo 3 — O Processo Na Perspectiva Dos Direitos Fundamentais. O Direito Fundamental Ao Processo Justo E Sua Densificação Constitucional” desenvolve teoria geral do processo, jurisdição, ação ou defesa, sem tratar diretamente de valoração da prova ou padrão de constatação."
marinoni-novo-curso-vol1-2017,parte-iv-cap-04,aula-16.html,unused,"O capítulo “Parte IV, capítulo 4 — O Processo, Os Pressupostos Processuais E O Mérito Da Causa” desenvolve teoria geral do processo, jurisdição, ação ou defesa, sem tratar diretamente de valoração da prova ou padrão de constatação."
marinoni-novo-curso-vol1-2017,parte-iv-cap-05,aula-16.html,unused,"O capítulo “Parte IV, capítulo 5 — Processo De Conhecimento E Processo De Execução No Novo Código De Processo Civil” desenvolve teoria geral do processo, jurisdição, ação ou defesa, sem tratar diretamente de valoração da prova ou padrão de constatação."
marinoni-novo-curso-vol1-2017,referencias-bibliograficas,aula-16.html,unused,"O capítulo “Referências bibliográficas” desenvolve teoria geral do processo, jurisdição, ação ou defesa, sem tratar diretamente de valoração da prova ou padrão de constatação."
marinoni-novo-curso-vol2,01,aula-16.html,unused,A unidade “Técnica processual e tutela dos direitos” trata de tema fora do recorte de valoração da prova e de modelos de constatação desta aula.
marinoni-novo-curso-vol2,02,aula-16.html,unused,A unidade “Jurisdição e competência” trata de tema fora do recorte de valoração da prova e de modelos de constatação desta aula.
marinoni-novo-curso-vol2,03a,aula-16.html,unused,A unidade “Participação no processo: itens 3.1–3.3” trata de tema fora do recorte de valoração da prova e de modelos de constatação desta aula.
marinoni-novo-curso-vol2,03b,aula-16.html,unused,A unidade “Participação no processo: item 3.4 e caso” trata de tema fora do recorte de valoração da prova e de modelos de constatação desta aula.
marinoni-novo-curso-vol2,04,aula-16.html,unused,A unidade “Atos processuais” trata de tema fora do recorte de valoração da prova e de modelos de constatação desta aula.
marinoni-novo-curso-vol2,05,aula-16.html,unused,"A unidade “Formação, suspensão e extinção do processo” trata de tema fora do recorte de valoração da prova e de modelos de constatação desta aula."
marinoni-novo-curso-vol2,06,aula-16.html,unused,A unidade “Procedimento comum” trata de tema fora do recorte de valoração da prova e de modelos de constatação desta aula.
marinoni-novo-curso-vol2,07,aula-16.html,unused,A unidade “Petição inicial” trata de tema fora do recorte de valoração da prova e de modelos de constatação desta aula.
marinoni-novo-curso-vol2,08,aula-16.html,unused,A unidade “Audiência de conciliação ou de mediação” trata de tema fora do recorte de valoração da prova e de modelos de constatação desta aula.
marinoni-novo-curso-vol2,09,aula-16.html,unused,A unidade “Atitudes do réu” trata de tema fora do recorte de valoração da prova e de modelos de constatação desta aula.
marinoni-novo-curso-vol2,10,aula-16.html,unused,A unidade “Antecipação da tutela” trata de tema fora do recorte de valoração da prova e de modelos de constatação desta aula.
marinoni-novo-curso-vol2,11,aula-16.html,unused,A unidade “Julgamento conforme o estado do processo” trata de tema fora do recorte de valoração da prova e de modelos de constatação desta aula.
marinoni-novo-curso-vol2,12,aula-16.html,unused,A unidade “Organização do processo” trata de tema fora do recorte de valoração da prova e de modelos de constatação desta aula.
marinoni-novo-curso-vol2,13,aula-16.html,unused,A unidade “Audiência de instrução e julgamento” trata de tema fora do recorte de valoração da prova e de modelos de constatação desta aula.
marinoni-novo-curso-vol2,14.01,aula-16.html,unused,"A parte 14.01 apresenta função, objeto e direito à prova; este contexto geral se sobrepõe ao capítulo essencial de cognição, enquanto o padrão de decisão está delimitado em 14.02."
marinoni-novo-curso-vol2,14.02,aula-16.html,supporting,"Specific need: §§ 9.4.3–9.4.4 tratam da dúvida, da verossimilhança e da suficiência para decidir, e § 9.4.9 liga ônus, convicção e motivação; são os pontos centrais dos modelos de constatação."
marinoni-novo-curso-vol2,14.03,aula-16.html,unused,"A parte reúne prova emprestada, fases do procedimento, indícios e prova antecipada; a aula fica com o recorte mais estreito de dúvida e suficiência em 14.02."
marinoni-novo-curso-vol2,14.04,aula-16.html,unused,"A parte trata de prova ilícita e exclusão; esse recorte é de admissibilidade, não da valoração e dos modelos de constatação desta aula."
marinoni-novo-curso-vol2,14.05,aula-16.html,unused,"A parte trata de confissão e exibição de documentos, meios específicos que não desenvolvem o padrão geral de constatação desta aula."
marinoni-novo-curso-vol2,14.06,aula-16.html,unused,"A parte trata de prova documental, testemunhal e ata notarial; são espécies e produção de prova, fora do recorte teórico de valoração desta aula."
marinoni-novo-curso-vol2,14.07,aula-16.html,unused,"A parte trata da produção de prova testemunhal, pericial e inspeção; o recorte é procedimento e meios de prova, não os modelos gerais de constatação."
marinoni-novo-curso-vol2,15.01,aula-16.html,unused,A unidade “Sentença” trata de tema fora do recorte de valoração da prova e de modelos de constatação desta aula.
marinoni-novo-curso-vol2,15.02,aula-16.html,unused,A unidade “Sentença” trata de tema fora do recorte de valoração da prova e de modelos de constatação desta aula.
marinoni-novo-curso-vol2,15.03,aula-16.html,unused,A unidade “Sentença” trata de tema fora do recorte de valoração da prova e de modelos de constatação desta aula.
marinoni-novo-curso-vol2,15.04,aula-16.html,unused,A unidade “Sentença” trata de tema fora do recorte de valoração da prova e de modelos de constatação desta aula.
marinoni-novo-curso-vol2,16.01,aula-16.html,unused,A unidade “Recursos” trata de tema fora do recorte de valoração da prova e de modelos de constatação desta aula.
marinoni-novo-curso-vol2,16.02,aula-16.html,unused,A unidade “Recursos” trata de tema fora do recorte de valoração da prova e de modelos de constatação desta aula.
marinoni-novo-curso-vol2,16.03,aula-16.html,unused,A unidade “Recursos” trata de tema fora do recorte de valoração da prova e de modelos de constatação desta aula.
marinoni-novo-curso-vol2,17.01,aula-16.html,unused,A unidade “Processo nos tribunais” trata de tema fora do recorte de valoração da prova e de modelos de constatação desta aula.
marinoni-novo-curso-vol2,17.02,aula-16.html,unused,A unidade “Processo nos tribunais” trata de tema fora do recorte de valoração da prova e de modelos de constatação desta aula.
marinoni-novo-curso-vol2,18,aula-16.html,unused,A unidade “Precedentes” trata de tema fora do recorte de valoração da prova e de modelos de constatação desta aula.
marinoni-novo-curso-vol2,19.01,aula-16.html,unused,A unidade “Coisa julgada” trata de tema fora do recorte de valoração da prova e de modelos de constatação desta aula.
marinoni-novo-curso-vol2,19.02,aula-16.html,unused,A unidade “Coisa julgada” trata de tema fora do recorte de valoração da prova e de modelos de constatação desta aula.
marinoni-novo-curso-vol2,21,aula-16.html,unused,A unidade “Teoria da efetivação das decisões judiciais mediante cumprimento de sentença (abertura e item 1.1)” trata de tema fora do recorte de valoração da prova e de modelos de constatação desta aula.
marinoni-novo-curso-vol2,23,aula-16.html,unused,A unidade “1.2 Panorama histórico da efetivação de sentenças” trata de tema fora do recorte de valoração da prova e de modelos de constatação desta aula.
marinoni-novo-curso-vol2,24,aula-16.html,unused,A unidade “1.3 Técnica executiva e tutela dos direitos” trata de tema fora do recorte de valoração da prova e de modelos de constatação desta aula.
marinoni-novo-curso-vol2,25,aula-16.html,unused,A unidade “1.4 Princípios fundamentais da execução” trata de tema fora do recorte de valoração da prova e de modelos de constatação desta aula.
marinoni-novo-curso-vol2,26,aula-16.html,unused,A unidade “1.5 As formas de execução” trata de tema fora do recorte de valoração da prova e de modelos de constatação desta aula.
marinoni-novo-curso-vol2,27,aula-16.html,unused,"A unidade “1.6 O art. 515, I, do CPC e as sentenças que dependem de execução” trata de tema fora do recorte de valoração da prova e de modelos de constatação desta aula."
marinoni-novo-curso-vol2,28,aula-16.html,unused,A unidade “1.7 Os títulos executivos judiciais” trata de tema fora do recorte de valoração da prova e de modelos de constatação desta aula.
marinoni-novo-curso-vol2,29,aula-16.html,unused,A unidade “1.8 Liquidação da obrigação” trata de tema fora do recorte de valoração da prova e de modelos de constatação desta aula.
marinoni-novo-curso-vol2,30,aula-16.html,unused,A unidade “1.9 Questões gerais do procedimento de cumprimento de sentença” trata de tema fora do recorte de valoração da prova e de modelos de constatação desta aula.
marinoni-novo-curso-vol2,38,aula-16.html,unused,"A unidade “2.1 Imposição de fazer e de não fazer, prestação da tutela do direito e meios de execução adequados” trata de tema fora do recorte de valoração da prova e de modelos de constatação desta aula."
marinoni-novo-curso-vol2,39,aula-16.html,unused,A unidade “2.2 Técnicas de execução e controle do poder executivo do juiz” trata de tema fora do recorte de valoração da prova e de modelos de constatação desta aula.
marinoni-novo-curso-vol2,40,aula-16.html,unused,A unidade “2.3 Defesa do executado” trata de tema fora do recorte de valoração da prova e de modelos de constatação desta aula.
marinoni-novo-curso-vol2,41,aula-16.html,unused,A unidade “2.4 A sentença que reconhece obrigação de prestar declaração de vontade” trata de tema fora do recorte de valoração da prova e de modelos de constatação desta aula.
marinoni-novo-curso-vol2,32,aula-16.html,unused,A unidade “A sentença que reconhece a obrigação de entregar coisa” trata de tema fora do recorte de valoração da prova e de modelos de constatação desta aula.
marinoni-novo-curso-vol2,42,aula-16.html,unused,A unidade “4.1 Tutela pecuniária e técnicas de execução” trata de tema fora do recorte de valoração da prova e de modelos de constatação desta aula.
marinoni-novo-curso-vol2,43,aula-16.html,unused,A unidade “4.2 Fase inicial da execução” trata de tema fora do recorte de valoração da prova e de modelos de constatação desta aula.
marinoni-novo-curso-vol2,51,aula-16.html,unused,A unidade “4.3.1–4.3.2 Penhora e responsabilidade patrimonial” trata de tema fora do recorte de valoração da prova e de modelos de constatação desta aula.
marinoni-novo-curso-vol2,52,aula-16.html,unused,A unidade “4.3.3–4.3.4 Bens de terceiros e fraude” trata de tema fora do recorte de valoração da prova e de modelos de constatação desta aula.
marinoni-novo-curso-vol2,53,aula-16.html,unused,A unidade “4.3.5 Procedimento da penhora” trata de tema fora do recorte de valoração da prova e de modelos de constatação desta aula.
marinoni-novo-curso-vol2,45,aula-16.html,unused,A unidade “4.4 Providências preliminares à satisfação do credor” trata de tema fora do recorte de valoração da prova e de modelos de constatação desta aula.
marinoni-novo-curso-vol2,46,aula-16.html,unused,A unidade “4.5 A defesa do executado” trata de tema fora do recorte de valoração da prova e de modelos de constatação desta aula.
marinoni-novo-curso-vol2,47,aula-16.html,unused,A unidade “4.6 Satisfação do credor” trata de tema fora do recorte de valoração da prova e de modelos de constatação desta aula.
marinoni-novo-curso-vol2,48,aula-16.html,unused,A unidade “4.7 Entrega do dinheiro ao credor e caso” trata de tema fora do recorte de valoração da prova e de modelos de constatação desta aula.
marinoni-novo-curso-vol2,34,aula-16.html,unused,A unidade “Suspensão e conclusão do cumprimento de sentença” trata de tema fora do recorte de valoração da prova e de modelos de constatação desta aula.
marinoni-novo-curso-vol2,35,aula-16.html,unused,A unidade “A execução da decisão provisória” trata de tema fora do recorte de valoração da prova e de modelos de constatação desta aula.
marinoni-novo-curso-vol2,49,aula-16.html,unused,A unidade “7.1 Cumprimento de decisão de prestação alimentícia” trata de tema fora do recorte de valoração da prova e de modelos de constatação desta aula.
marinoni-novo-curso-vol2,50,aula-16.html,unused,A unidade “7.2 Cumprimento contra a Fazenda Pública e caso” trata de tema fora do recorte de valoração da prova e de modelos de constatação desta aula.
marinoni-novo-curso-vol2,37,aula-16.html,unused,A unidade “Particularidades da execução dos demais títulos judiciais” trata de tema fora do recorte de valoração da prova e de modelos de constatação desta aula.
mitidiero-processo-civil-2022,capitulo-i,aula-16.html,unused,O capítulo “Capítulo I: O Mapa” discute estrutura geral do processo ou outra fase; não oferece unidade delimitada sobre valoração e padrão probatório.
mitidiero-processo-civil-2022,capitulo-ii,aula-16.html,unused,O capítulo “Capítulo II: O Ouriço e a Raposa” discute estrutura geral do processo ou outra fase; não oferece unidade delimitada sobre valoração e padrão probatório.
mitidiero-processo-civil-2022,capitulo-iii-1,aula-16.html,unused,"O capítulo “Capítulo III, § 3.1: Ação e defesa” discute estrutura geral do processo ou outra fase; não oferece unidade delimitada sobre valoração e padrão probatório."
mitidiero-processo-civil-2022,capitulo-iii-2,aula-16.html,unused,"O capítulo “Capítulo III, § 3.2: Jurisdição” discute estrutura geral do processo ou outra fase; não oferece unidade delimitada sobre valoração e padrão probatório."
mitidiero-processo-civil-2022,capitulo-iii-3,aula-16.html,unused,"O capítulo “Capítulo III, § 3.3: Processo” discute estrutura geral do processo ou outra fase; não oferece unidade delimitada sobre valoração e padrão probatório."
mitidiero-processo-civil-2022,capitulo-iii-4,aula-16.html,unused,"O capítulo “Capítulo III, § 3.4: Princípios formativos, devido processo e normas fundamentais” discute estrutura geral do processo ou outra fase; não oferece unidade delimitada sobre valoração e padrão probatório."
mitidiero-processo-civil-2022,capitulo-iv-1,aula-16.html,unused,"O capítulo “Capítulo IV, § 4.1: Procedimento” discute estrutura geral do processo ou outra fase; não oferece unidade delimitada sobre valoração e padrão probatório."
mitidiero-processo-civil-2022,capitulo-iv-2,aula-16.html,unused,"O capítulo “Capítulo IV, § 4.2: Participantes” discute estrutura geral do processo ou outra fase; não oferece unidade delimitada sobre valoração e padrão probatório."
mitidiero-processo-civil-2022,capitulo-iv-3,aula-16.html,unused,"O capítulo “Capítulo IV, § 4.3: Atos processuais” discute estrutura geral do processo ou outra fase; não oferece unidade delimitada sobre valoração e padrão probatório."
mitidiero-processo-civil-2022,capitulo-iv-4,aula-16.html,unused,"O capítulo “Capítulo IV, § 4.4: Formação, suspensão e extinção do processo” discute estrutura geral do processo ou outra fase; não oferece unidade delimitada sobre valoração e padrão probatório."
mitidiero-processo-civil-2022,capitulo-v-1,aula-16.html,unused,"O capítulo “Capítulo V, § 5.1: Procedimento comum” discute estrutura geral do processo ou outra fase; não oferece unidade delimitada sobre valoração e padrão probatório."
mitidiero-processo-civil-2022,capitulo-v-2,aula-16.html,unused,"O capítulo “Capítulo V, § 5.2: Fase de conhecimento” discute estrutura geral do processo ou outra fase; não oferece unidade delimitada sobre valoração e padrão probatório."
mitidiero-processo-civil-2022,capitulo-v-3,aula-16.html,unused,"O capítulo “Capítulo V, § 5.3: Fase de cumprimento” discute estrutura geral do processo ou outra fase; não oferece unidade delimitada sobre valoração e padrão probatório."
mitidiero-processo-civil-2022,capitulo-vi-1,aula-16.html,unused,"O capítulo “Capítulo VI, § 6.1: Cortes de Justiça e Cortes Supremas” discute estrutura geral do processo ou outra fase; não oferece unidade delimitada sobre valoração e padrão probatório."
mitidiero-processo-civil-2022,capitulo-vi-2,aula-16.html,unused,"O capítulo “Capítulo VI, § 6.2: Recursos” discute estrutura geral do processo ou outra fase; não oferece unidade delimitada sobre valoração e padrão probatório."
mitidiero-processo-civil-2022,capitulo-vi-3,aula-16.html,unused,"O capítulo “Capítulo VI, § 6.3: Incidentes” discute estrutura geral do processo ou outra fase; não oferece unidade delimitada sobre valoração e padrão probatório."
mitidiero-processo-civil-2022,capitulo-vi-4,aula-16.html,unused,"O capítulo “Capítulo VI, § 6.4: Ações” discute estrutura geral do processo ou outra fase; não oferece unidade delimitada sobre valoração e padrão probatório."
mitidiero-processo-civil-2022,capitulo-vii,aula-16.html,unused,O capítulo “Capítulo VII: Os Moinhos de Vento” discute estrutura geral do processo ou outra fase; não oferece unidade delimitada sobre valoração e padrão probatório.
mitidiero-processo-civil-2022,capitulo-viii,aula-16.html,unused,O capítulo “Capítulo VIII: Uma História sem Fim” discute estrutura geral do processo ou outra fase; não oferece unidade delimitada sobre valoração e padrão probatório.
moodle-export-ar,moodle-export-ar,aula-16.html,unused,"“Detached Moodle export: Exemplo de AR” exemplifica citação, intimação ou cumprimento de mandado; esse ato de comunicação não alimenta valoração da prova nem modelo de constatação."
moodle-export-certidao-ne,moodle-export-certidao-ne,aula-16.html,unused,"“Detached Moodle export: Exemplo de Certificação de NE (autos físicos)” exemplifica citação, intimação ou cumprimento de mandado; esse ato de comunicação não alimenta valoração da prova nem modelo de constatação."
moodle-export-edital,exemplo-de-edital,aula-16.html,unused,"“Exemplo de Edital” exemplifica citação, intimação ou cumprimento de mandado; esse ato de comunicação não alimenta valoração da prova nem modelo de constatação."
moodle-export-mandado-cumprido,moodle-export-mandado-cumprido,aula-16.html,unused,"“Detached Moodle export: Exemplo de mandado cumprido (autos físicos)” exemplifica citação, intimação ou cumprimento de mandado; esse ato de comunicação não alimenta valoração da prova nem modelo de constatação."
moodle-export-mandado-nao-cumprido,moodle-export-mandado-nao-cumprido,aula-16.html,unused,"“Detached Moodle export: Exemplo pitoresco de mandado não cumprido” exemplifica citação, intimação ou cumprimento de mandado; esse ato de comunicação não alimenta valoração da prova nem modelo de constatação."
moodle-model-ar,modelo-ar,aula-16.html,unused,"“Modelo de Aviso de Recebimento positivo (AR)” exemplifica citação, intimação ou cumprimento de mandado; esse ato de comunicação não alimenta valoração da prova nem modelo de constatação."
moodle-model-certidao-ne,modelo-certidao-ne,aula-16.html,unused,"“Modelo de certidão de Nota de Expediente (NE)” exemplifica citação, intimação ou cumprimento de mandado; esse ato de comunicação não alimenta valoração da prova nem modelo de constatação."
moodle-model-edital,moodle-model-edital-document,aula-16.html,unused,"“Edital de Citação - Execução” exemplifica citação, intimação ou cumprimento de mandado; esse ato de comunicação não alimenta valoração da prova nem modelo de constatação."
moodle-model-julgamento-sinceridade,moodle-model-julgamento-sinceridade,aula-16.html,supporting,A sentença questiona se a alegação foi formulada e provada antes de reconhecer decadência; oferece um caso curto para observar a avaliação do suporte fático.
moodle-model-mandado-cumprido,moodle-model-mandado-cumprido,aula-16.html,unused,"“Modelos e Exemplos: mandado cumprido/certificado” exemplifica citação, intimação ou cumprimento de mandado; esse ato de comunicação não alimenta valoração da prova nem modelo de constatação."
moodle-model-mandado-nao-cumprido,moodle-model-mandado-nao-cumprido,aula-16.html,unused,"“Modelos e Exemplos: mandado não cumprido” exemplifica citação, intimação ou cumprimento de mandado; esse ato de comunicação não alimenta valoração da prova nem modelo de constatação."
passos-teoria-nulidades,assigned-reading,aula-16.html,unused,"“Passos, Esboço de uma teoria das nulidades, pp. 123–142” desenvolve teoria das nulidades processuais, matéria fora do recorte probatório desta aula."
peer-note-carolina-leite-p2,peer-note-carolina-leite-p2,aula-16.html,unused,"“Carolina Leite, Direito Processual Civil I p2” é anotação de colega para orientação, não autoridade jurídica; não acrescenta contexto de estudo necessário a esta aula."
peer-note-resuminho,document,aula-16.html,unused,"“RESUMINHO (resumo de colega)” é anotação de colega para orientação, não autoridade jurídica; não acrescenta contexto de estudo necessário a esta aula."
peer-note-whatsapp-00001291,peer-note-whatsapp-00001291,aula-16.html,unused,"“WhatsApp C10, 00001291 Direito Processual Civil I” é anotação de colega para orientação, não autoridade jurídica; não acrescenta contexto de estudo necessário a esta aula."
peer-note-whatsapp-00003003,peer-note-whatsapp-00003003,aula-16.html,unused,"“WhatsApp C10, 00003003-2608” é anotação de colega para orientação, não autoridade jurídica; não acrescenta contexto de estudo necessário a esta aula."
taruffo-la-prova-1992,00-front-matter,aula-16.html,unused,O capítulo reúne folha de rosto e índice; não desenvolve conteúdo para avaliar suporte probatório ou distinguir padrões de constatação.
taruffo-la-prova-1992,01-prova-e-verita,aula-16.html,unused,"O capítulo “Capitolo I — Prova e verità nel processo civile” trata amplamente de prova, mas tem 30041 palavras e excede a cota total de apoio; os recortes menores selecionados cobrem cognição e padrão decisório."
taruffo-la-prova-1992,02-il-fatto,aula-16.html,unused,"O capítulo “Capitolo II — Il fatto” trata amplamente de prova, mas tem 34227 palavras e excede a cota total de apoio; os recortes menores selecionados cobrem cognição e padrão decisório."
taruffo-la-prova-1992,03-verita-verosimiglianza-probabilita,aula-16.html,unused,"O capítulo “Capitolo III — Verità, verosimiglianza, probabilità” trata amplamente de prova, mas tem 33568 palavras e excede a cota total de apoio; os recortes menores selecionados cobrem cognição e padrão decisório."
taruffo-la-prova-1992,04-ipotesi-prove-scelte,aula-16.html,unused,"O capítulo “Capitolo IV — Ipotesi, prove, scelte” trata amplamente de prova, mas tem 37225 palavras e excede a cota total de apoio; os recortes menores selecionados cobrem cognição e padrão decisório."
taruffo-la-prova-1992,05-prova-giuridica,aula-16.html,unused,"O capítulo “Capitolo V — La prova giuridica” trata amplamente de prova, mas tem 50308 palavras e excede a cota total de apoio; os recortes menores selecionados cobrem cognição e padrão decisório."
taruffo-la-prova-1992,06-lessico-delle-prove,aula-16.html,unused,"O capítulo “Capitolo VI — Elementi per un lessico delle prove” trata amplamente de prova, mas tem 34181 palavras e excede a cota total de apoio; os recortes menores selecionados cobrem cognição e padrão decisório."
taruffo-la-prova-1992,07-indici,aula-16.html,unused,"O capítulo é um índice analítico e de fontes, não uma exposição doutrinária a atribuir como leitura desta aula."
