source_id,chapter_id,lesson_id,role,why
barbosa-moreira-temas-serie4-1989,01-os-temas-fundamentais-do-direito-brasileiro-nos-anos-80,aula-10.html,unused,O texto sobre Os temas fundamentais do direito brasileiro nos anos 80: Direito Processual Civil não acrescenta critério direto à escolha entre julgar agora e instruir.
barbosa-moreira-temas-serie4-1989,02-sobre-a-multiplicidade-de-perspectivas-no-estudo-do-processo,aula-10.html,unused,O texto sobre Sobre a multiplicidade de perspectivas no estudo do processo não acrescenta critério direto à escolha entre julgar agora e instruir.
barbosa-moreira-temas-serie4-1989,03-dimensiones-sociales-del-proceso-civil,aula-10.html,unused,O texto sobre Dimensiones sociales del proceso civil não acrescenta critério direto à escolha entre julgar agora e instruir.
barbosa-moreira-temas-serie4-1989,04-o-problema-da-divisao-do-trabalho-entre-juiz-e-partes,aula-10.html,unused,O texto sobre O problema da “divisão do trabalho” entre juiz e partes: aspectos terminológicos não acrescenta critério direto à escolha entre julgar agora e instruir.
barbosa-moreira-temas-serie4-1989,05-os-poderes-do-juiz-na-direcao-e-na-instrucao-do-processo,aula-10.html,unused,O texto sobre Os poderes do juiz na direção e na instrução do processo não acrescenta critério direto à escolha entre julgar agora e instruir.
barbosa-moreira-temas-serie4-1989,06-sobre-a-participacao-do-juiz-no-processo-civil,aula-10.html,unused,O texto sobre Sobre a “participação” do juiz no processo civil não acrescenta critério direto à escolha entre julgar agora e instruir.
barbosa-moreira-temas-serie4-1989,07-la-igualdad-de-las-partes-en-el-proceso-civil,aula-10.html,unused,O texto sobre La igualdad de las partes en el proceso civil não acrescenta critério direto à escolha entre julgar agora e instruir.
barbosa-moreira-temas-serie4-1989,08-sobre-pressupostos-processuais,aula-10.html,unused,O texto sobre Sobre pressupostos processuais não acrescenta critério direto à escolha entre julgar agora e instruir.
barbosa-moreira-temas-serie4-1989,09-a-competencia-como-questao-preliminar-e-como-questao-de-merito,aula-10.html,unused,O texto sobre A competência como questão preliminar e como questão de mérito não acrescenta critério direto à escolha entre julgar agora e instruir.
barbosa-moreira-temas-serie4-1989,10-saneamento-do-processo-e-audiencia-preliminar-parte-i-apresentacao-do-problema,aula-10.html,primary,Formula os critérios de utilidade e necessidade do prosseguimento e explica quando os elementos já disponíveis permitem dispensar prova nova.
barbosa-moreira-temas-serie4-1989,10-saneamento-do-processo-e-audiencia-preliminar-parte-ii-possibilidades-de-solucao,aula-10.html,primary,Compara soluções processuais concentradas e difusas e situa a decisão imediata quando a continuação do procedimento é dispensável.
barbosa-moreira-temas-serie4-1989,10-saneamento-do-processo-e-audiencia-preliminar-parte-iii-modelos-concretos-tecnica-escrita,aula-10.html,unused,Examina modelos históricos de técnica escrita e suas rotinas de saneamento; a decisão desta aula usa os critérios de prosseguir ou julgar cobertos nas partes I–II.
barbosa-moreira-temas-serie4-1989,10-saneamento-do-processo-e-audiencia-preliminar-parte-iv-modelos-concretos-tecnica-oral,aula-10.html,unused,"Examina modelos de audiência oral e organização das provas, matéria alocada à aula-10-estabilizacao sobre a organização da instrução."
barbosa-moreira-temas-serie4-1989,10-saneamento-do-processo-e-audiencia-preliminar-parte-v-apreciacao-critica,aula-10.html,unused,A apreciação crítica recai sobre técnicas e modelos de saneamento/audiência; esta aula usa apenas a distinção entre prosseguimento necessário e desnecessário.
barbosa-moreira-temas-serie4-1989,11-alguns-problemas-atuais-da-prova-civil,aula-10.html,unused,O texto sobre Alguns problemas atuais da prova civil não acrescenta critério direto à escolha entre julgar agora e instruir.
barbosa-moreira-temas-serie4-1989,12-la-collaboration-des-tiers-dans-lactivite-dinstruction,aula-10.html,unused,O texto sobre La collaboration des tiers dans l’activité d’instruction não acrescenta critério direto à escolha entre julgar agora e instruir.
barbosa-moreira-temas-serie4-1989,13-conteudo-e-efeitos-da-sentenca-variacoes-sobre-o-tema,aula-10.html,unused,O texto sobre Conteúdo e efeitos da sentença: variações sobre o tema não acrescenta critério direto à escolha entre julgar agora e instruir.
barbosa-moreira-temas-serie4-1989,14-eficacia-da-sentenca-de-interdicao-por-alienacao-mental,aula-10.html,unused,O texto sobre Eficácia da sentença de interdição por alienação mental não acrescenta critério direto à escolha entre julgar agora e instruir.
barbosa-moreira-temas-serie4-1989,15-publicite-et-secret-du-delibere-dans-la-justice-bresilienne,aula-10.html,unused,O texto sobre Publicité et secret du délibéré dans la justice brésilienne não acrescenta critério direto à escolha entre julgar agora e instruir.
barbosa-moreira-temas-serie4-1989,16-consideracoes-sobre-a-causa-de-pedir-na-acao-rescisoria,aula-10.html,unused,O texto sobre Considerações sobre a causa de pedir na ação rescisória não acrescenta critério direto à escolha entre julgar agora e instruir.
barbosa-moreira-temas-serie4-1989,17-tendencias-na-execucao-de-sentencas-e-ordens-judiciais,aula-10.html,unused,O texto sobre Tendências na execução de sentenças e ordens judiciais não acrescenta critério direto à escolha entre julgar agora e instruir.
barbosa-moreira-temas-serie4-1989,18-problemas-e-solucoes-em-materia-de-reconhecimento-e-execucao-i-visao-panoramica,aula-10.html,unused,O texto sobre Problemas e soluções em matéria de reconhecimento e execução de sentenças e laudos… não acrescenta critério direto à escolha entre julgar agora e instruir.
barbosa-moreira-temas-serie4-1989,18-problemas-e-solucoes-em-materia-de-reconhecimento-e-execucao-ii-mecanismos-restritivos,aula-10.html,unused,O texto sobre Problemas e soluções em matéria de reconhecimento e execução de sentenças e laudos… não acrescenta critério direto à escolha entre julgar agora e instruir.
barbosa-moreira-temas-serie4-1989,18-problemas-e-solucoes-em-materia-de-reconhecimento-e-execucao-iii-possibilidades-de-abolicao-ou-atenuacao,aula-10.html,unused,O texto sobre Problemas e soluções em matéria de reconhecimento e execução de sentenças e laudos… não acrescenta critério direto à escolha entre julgar agora e instruir.
barbosa-moreira-temas-serie4-1989,18-problemas-e-solucoes-em-materia-de-reconhecimento-e-execucao-introducao,aula-10.html,unused,O texto sobre Problemas e soluções em matéria de reconhecimento e execução de sentenças e laudos… não acrescenta critério direto à escolha entre julgar agora e instruir.
barbosa-moreira-temas-serie4-1989,18-problemas-e-solucoes-em-materia-de-reconhecimento-e-execucao-iv-laudos-arbitrais-estrangeiros,aula-10.html,unused,O texto sobre Problemas e soluções em matéria de reconhecimento e execução de sentenças e laudos… não acrescenta critério direto à escolha entre julgar agora e instruir.
barbosa-moreira-temas-serie4-1989,18-problemas-e-solucoes-em-materia-de-reconhecimento-e-execucao-v-papel-dos-tratados-e-convencoes,aula-10.html,unused,O texto sobre Problemas e soluções em matéria de reconhecimento e execução de sentenças e laudos… não acrescenta critério direto à escolha entre julgar agora e instruir.
barbosa-moreira-temas-serie4-1989,18-problemas-e-solucoes-em-materia-de-reconhecimento-e-execucao-vi-conclusoes-gerais,aula-10.html,unused,O texto sobre Problemas e soluções em matéria de reconhecimento e execução de sentenças e laudos… não acrescenta critério direto à escolha entre julgar agora e instruir.
barbosa-moreira-temas-serie4-1989,19-medida-cautelar-liminarmente-concedida-e-omissao-do-requerente,aula-10.html,unused,O texto sobre Medida cautelar liminarmente concedida e omissão do requerente em propor a tempo a ação… não acrescenta critério direto à escolha entre julgar agora e instruir.
barbosa-moreira-temas-serie4-1989,20-le-juge-bresilien-et-le-droit-etranger,aula-10.html,unused,O texto sobre Le juge brésilien et le droit étranger não acrescenta critério direto à escolha entre julgar agora e instruir.
barbosa-moreira-temas-serie4-1989,21-apendice-presenca-de-couture,aula-10.html,unused,O texto sobre Apêndice — Presença de Couture não acrescenta critério direto à escolha entre julgar agora e instruir.
barbosa-moreira-temas-serie4-1989,22-indice-onomastico,aula-10.html,unused,O texto sobre Índice onomástico não acrescenta critério direto à escolha entre julgar agora e instruir.
barbosa-moreira-temas-serie4-1989,23-indice-alfabetico-remissivo,aula-10.html,unused,O texto sobre Índice alfabético-remissivo não acrescenta critério direto à escolha entre julgar agora e instruir.
carpes-onus-da-prova,assigned-reading,aula-10.html,unused,O texto sobre ônus dinâmico é atribuído à aula 15; a distribuição do ônus não é o teste de necessidade de instrução desta aula.
costa-atos-processuais,capitulo-atos-processuais,aula-10.html,unused,A unidade de atos processuais tem escopo geral e não fornece critério específico para antecipar o julgamento de mérito.
cpc-lei-13105-capture-2026-09-28,Art. 1,aula-10.html,unused,"O art. 1 regula Art. 1º O processo civil será ordenado, disciplinado e interpretado conforme os valores…; esse assunto não estabelece a saída de mérito nem a necessidade de instrução desta aula."
cpc-lei-13105-capture-2026-09-28,Art. 10,aula-10.html,supporting,"O art. 10 exige oportunidade de manifestação sobre fundamento ainda não debatido, limite útil antes de decidir sem abrir instrução."
cpc-lei-13105-capture-2026-09-28,Art. 100,aula-10.html,unused,"O art. 100 regula Deferido o pedido, a parte contrária poderá oferecer impugnação na contestação, na…; esse assunto não estabelece a saída de mérito nem a necessidade de instrução desta aula."
cpc-lei-13105-capture-2026-09-28,Art. 1000,aula-10.html,unused,O art. 1000 regula 000. A parte que aceitar expressa ou tacitamente a decisão não poderá recorrer.; esse assunto não estabelece a saída de mérito nem a necessidade de instrução desta aula.
cpc-lei-13105-capture-2026-09-28,Art. 1001,aula-10.html,unused,O art. 1001 regula 001. Dos despachos não cabe recurso.; esse assunto não estabelece a saída de mérito nem a necessidade de instrução desta aula.
cpc-lei-13105-capture-2026-09-28,Art. 1002,aula-10.html,unused,O art. 1002 regula 002. A decisão pode ser impugnada no todo ou em parte.; esse assunto não estabelece a saída de mérito nem a necessidade de instrução desta aula.
cpc-lei-13105-capture-2026-09-28,Art. 1003,aula-10.html,unused,"O art. 1003 regula 003. O prazo para interposição de recurso conta-se da data em que os advogados, a…; esse assunto não estabelece a saída de mérito nem a necessidade de instrução desta aula."
cpc-lei-13105-capture-2026-09-28,Art. 1004,aula-10.html,unused,"O art. 1004 regula 004. Se, durante o prazo para a interposição do recurso, sobrevier o falecimento da…; esse assunto não estabelece a saída de mérito nem a necessidade de instrução desta aula."
cpc-lei-13105-capture-2026-09-28,Art. 1005,aula-10.html,unused,"O art. 1005 regula 005. O recurso interposto por um dos litisconsortes a todos aproveita, salvo se…; esse assunto não estabelece a saída de mérito nem a necessidade de instrução desta aula."
cpc-lei-13105-capture-2026-09-28,Art. 1006,aula-10.html,unused,"O art. 1006 regula 006. Certificado o trânsito em julgado, com menção expressa da data de sua ocorrência,…; esse assunto não estabelece a saída de mérito nem a necessidade de instrução desta aula."
cpc-lei-13105-capture-2026-09-28,Art. 1007,aula-10.html,unused,"O art. 1007 regula 007. No ato de interposição do recurso, o recorrente comprovará, quando exigido pela…; esse assunto não estabelece a saída de mérito nem a necessidade de instrução desta aula."
cpc-lei-13105-capture-2026-09-28,Art. 1008,aula-10.html,unused,O art. 1008 regula 008. O julgamento proferido pelo tribunal substituirá a decisão impugnada no que tiver…; esse assunto não estabelece a saída de mérito nem a necessidade de instrução desta aula.
cpc-lei-13105-capture-2026-09-28,Art. 1009,aula-10.html,unused,O art. 1009 regula 009. Da sentença cabe apelação.; esse assunto não estabelece a saída de mérito nem a necessidade de instrução desta aula.
cpc-lei-13105-capture-2026-09-28,Art. 101,aula-10.html,unused,O art. 101 regula Contra a decisão que indeferir a gratuidade ou a que acolher pedido de sua revogação…; esse assunto não estabelece a saída de mérito nem a necessidade de instrução desta aula.
cpc-lei-13105-capture-2026-09-28,Art. 1010,aula-10.html,unused,"O art. 1010 regula 010. A apelação, interposta por petição dirigida ao juízo de primeiro grau, conterá:; esse assunto não estabelece a saída de mérito nem a necessidade de instrução desta aula."
cpc-lei-13105-capture-2026-09-28,Art. 1011,aula-10.html,unused,"O art. 1011 regula 011. Recebido o recurso de apelação no tribunal e distribuído imediatamente, o relator:; esse assunto não estabelece a saída de mérito nem a necessidade de instrução desta aula."
cpc-lei-13105-capture-2026-09-28,Art. 1012,aula-10.html,unused,O art. 1012 regula 012. A apelação terá efeito suspensivo.; esse assunto não estabelece a saída de mérito nem a necessidade de instrução desta aula.
cpc-lei-13105-capture-2026-09-28,Art. 1013,aula-10.html,unused,O art. 1013 regula 013. A apelação devolverá ao tribunal o conhecimento da matéria impugnada.; esse assunto não estabelece a saída de mérito nem a necessidade de instrução desta aula.
cpc-lei-13105-capture-2026-09-28,Art. 1014,aula-10.html,unused,O art. 1014 regula 014. As questões de fato não propostas no juízo inferior poderão ser suscitadas na…; esse assunto não estabelece a saída de mérito nem a necessidade de instrução desta aula.
cpc-lei-13105-capture-2026-09-28,Art. 1015,aula-10.html,unused,O art. 1015 regula 015. Cabe agravo de instrumento contra as decisões interlocutórias que versarem sobre:; esse assunto não estabelece a saída de mérito nem a necessidade de instrução desta aula.
cpc-lei-13105-capture-2026-09-28,Art. 1016,aula-10.html,unused,"O art. 1016 regula 016. O agravo de instrumento será dirigido diretamente ao tribunal competente, por meio…; esse assunto não estabelece a saída de mérito nem a necessidade de instrução desta aula."
cpc-lei-13105-capture-2026-09-28,Art. 1017,aula-10.html,unused,O art. 1017 regula 017. A petição de agravo de instrumento será instruída:; esse assunto não estabelece a saída de mérito nem a necessidade de instrução desta aula.
cpc-lei-13105-capture-2026-09-28,Art. 1018,aula-10.html,unused,"O art. 1018 regula 018. O agravante poderá requerer a juntada, aos autos do processo, de cópia da petição…; esse assunto não estabelece a saída de mérito nem a necessidade de instrução desta aula."
cpc-lei-13105-capture-2026-09-28,Art. 1019,aula-10.html,unused,"O art. 1019 regula 019. Recebido o agravo de instrumento no tribunal e distribuído imediatamente, se não…; esse assunto não estabelece a saída de mérito nem a necessidade de instrução desta aula."
cpc-lei-13105-capture-2026-09-28,Art. 102,aula-10.html,unused,"O art. 102 regula Sobrevindo o trânsito em julgado de decisão que revoga a gratuidade, a parte deverá…; esse assunto não estabelece a saída de mérito nem a necessidade de instrução desta aula."
cpc-lei-13105-capture-2026-09-28,Art. 1020,aula-10.html,unused,O art. 1020 regula 020. O relator solicitará dia para julgamento em prazo não superior a 1 (um) mês da…; esse assunto não estabelece a saída de mérito nem a necessidade de instrução desta aula.
cpc-lei-13105-capture-2026-09-28,Art. 1021,aula-10.html,unused,O art. 1021 regula 021. Contra decisão proferida pelo relator caberá agravo interno para o respectivo…; esse assunto não estabelece a saída de mérito nem a necessidade de instrução desta aula.
cpc-lei-13105-capture-2026-09-28,Art. 1022,aula-10.html,unused,O art. 1022 regula 022. Cabem embargos de declaração contra qualquer decisão judicial para:; esse assunto não estabelece a saída de mérito nem a necessidade de instrução desta aula.
cpc-lei-13105-capture-2026-09-28,Art. 1023,aula-10.html,unused,"O art. 1023 regula 023. Os embargos serão opostos, no prazo de 5 (cinco) dias, em petição dirigida ao…; esse assunto não estabelece a saída de mérito nem a necessidade de instrução desta aula."
cpc-lei-13105-capture-2026-09-28,Art. 1024,aula-10.html,unused,O art. 1024 regula 024. O juiz julgará os embargos em 5 (cinco) dias.; esse assunto não estabelece a saída de mérito nem a necessidade de instrução desta aula.
cpc-lei-13105-capture-2026-09-28,Art. 1025,aula-10.html,unused,"O art. 1025 regula 025. Consideram-se incluídos no acórdão os elementos que o embargante suscitou, para…; esse assunto não estabelece a saída de mérito nem a necessidade de instrução desta aula."
cpc-lei-13105-capture-2026-09-28,Art. 1026,aula-10.html,unused,O art. 1026 regula 026. Os embargos de declaração não possuem efeito suspensivo e interrompem o prazo para…; esse assunto não estabelece a saída de mérito nem a necessidade de instrução desta aula.
cpc-lei-13105-capture-2026-09-28,Art. 1027,aula-10.html,unused,O art. 1027 regula 027. Serão julgados em recurso ordinário:; esse assunto não estabelece a saída de mérito nem a necessidade de instrução desta aula.
cpc-lei-13105-capture-2026-09-28,Art. 1028,aula-10.html,unused,O art. 1028 regula 028. Ao recurso mencionado no; esse assunto não estabelece a saída de mérito nem a necessidade de instrução desta aula.
cpc-lei-13105-capture-2026-09-28,Art. 1029,aula-10.html,unused,"O art. 1029 regula 029. O recurso extraordinário e o recurso especial, nos casos previstos na; esse assunto não estabelece a saída de mérito nem a necessidade de instrução desta aula."
cpc-lei-13105-capture-2026-09-28,Art. 103,aula-10.html,unused,O art. 103 regula A parte será representada em juízo por advogado regularmente inscrito na Ordem dos…; esse assunto não estabelece a saída de mérito nem a necessidade de instrução desta aula.
cpc-lei-13105-capture-2026-09-28,Art. 1030,aula-10.html,unused,"O art. 1030 regula 030. Recebida a petição do recurso pela secretaria do tribunal, o recorrido será…; esse assunto não estabelece a saída de mérito nem a necessidade de instrução desta aula."
cpc-lei-13105-capture-2026-09-28,Art. 1031,aula-10.html,unused,"O art. 1031 regula 031. Na hipótese de interposição conjunta de recurso extraordinário e recurso especial,…; esse assunto não estabelece a saída de mérito nem a necessidade de instrução desta aula."
cpc-lei-13105-capture-2026-09-28,Art. 1032,aula-10.html,unused,"O art. 1032 regula 032. Se o relator, no Superior Tribunal de Justiça, entender que o recurso especial…; esse assunto não estabelece a saída de mérito nem a necessidade de instrução desta aula."
cpc-lei-13105-capture-2026-09-28,Art. 1033,aula-10.html,unused,O art. 1033 regula 033. Se o Supremo Tribunal Federal considerar como reflexa a ofensa à Constituição…; esse assunto não estabelece a saída de mérito nem a necessidade de instrução desta aula.
cpc-lei-13105-capture-2026-09-28,Art. 1034,aula-10.html,unused,"O art. 1034 regula 034. Admitido o recurso extraordinário ou o recurso especial, o Supremo Tribunal…; esse assunto não estabelece a saída de mérito nem a necessidade de instrução desta aula."
cpc-lei-13105-capture-2026-09-28,Art. 1035,aula-10.html,unused,"O art. 1035 regula 035. O Supremo Tribunal Federal, em decisão irrecorrível, não conhecerá do recurso…; esse assunto não estabelece a saída de mérito nem a necessidade de instrução desta aula."
cpc-lei-13105-capture-2026-09-28,Art. 1036,aula-10.html,unused,O art. 1036 regula 036. Sempre que houver multiplicidade de recursos extraordinários ou especiais com…; esse assunto não estabelece a saída de mérito nem a necessidade de instrução desta aula.
cpc-lei-13105-capture-2026-09-28,Art. 1037,aula-10.html,unused,"O art. 1037 regula 037. Selecionados os recursos, o relator, no tribunal superior, constatando a presença…; esse assunto não estabelece a saída de mérito nem a necessidade de instrução desta aula."
cpc-lei-13105-capture-2026-09-28,Art. 1038,aula-10.html,unused,O art. 1038 regula 038. O relator poderá:; esse assunto não estabelece a saída de mérito nem a necessidade de instrução desta aula.
cpc-lei-13105-capture-2026-09-28,Art. 1039,aula-10.html,unused,"O art. 1039 regula 039. Decididos os recursos afetados, os órgãos colegiados declararão prejudicados os…; esse assunto não estabelece a saída de mérito nem a necessidade de instrução desta aula."
cpc-lei-13105-capture-2026-09-28,Art. 104,aula-10.html,unused,"O art. 104 regula O advogado não será admitido a postular em juízo sem procuração, salvo para evitar…; esse assunto não estabelece a saída de mérito nem a necessidade de instrução desta aula."
cpc-lei-13105-capture-2026-09-28,Art. 1040,aula-10.html,unused,O art. 1040 regula 040. Publicado o acórdão paradigma:; esse assunto não estabelece a saída de mérito nem a necessidade de instrução desta aula.
cpc-lei-13105-capture-2026-09-28,Art. 1041,aula-10.html,unused,"O art. 1041 regula 041. Mantido o acórdão divergente pelo tribunal de origem, o recurso especial ou…; esse assunto não estabelece a saída de mérito nem a necessidade de instrução desta aula."
cpc-lei-13105-capture-2026-09-28,Art. 1043,aula-10.html,unused,O art. 1043 regula 043. É embargável o acórdão de órgão fracionário que:; esse assunto não estabelece a saída de mérito nem a necessidade de instrução desta aula.
cpc-lei-13105-capture-2026-09-28,Art. 1044,aula-10.html,unused,"O art. 1044 regula 044. No recurso de embargos de divergência, será observado o procedimento estabelecido…; esse assunto não estabelece a saída de mérito nem a necessidade de instrução desta aula."
cpc-lei-13105-capture-2026-09-28,Art. 1045,aula-10.html,unused,O art. 1045 regula 045. Este Código entra em vigor após decorrido 1 (um) ano da data de sua publicação…; esse assunto não estabelece a saída de mérito nem a necessidade de instrução desta aula.
cpc-lei-13105-capture-2026-09-28,Art. 1046,aula-10.html,unused,"O art. 1046 regula 046. Ao entrar em vigor este Código, suas disposições se aplicarão desde logo aos…; esse assunto não estabelece a saída de mérito nem a necessidade de instrução desta aula."
cpc-lei-13105-capture-2026-09-28,Art. 1047,aula-10.html,unused,O art. 1047 regula 047. As disposições de direito probatório adotadas neste Código aplicam-se apenas às…; esse assunto não estabelece a saída de mérito nem a necessidade de instrução desta aula.
cpc-lei-13105-capture-2026-09-28,Art. 1048,aula-10.html,unused,"O art. 1048 regula 048. Terão prioridade de tramitação, em qualquer juízo ou tribunal, os procedimentos…; esse assunto não estabelece a saída de mérito nem a necessidade de instrução desta aula."
cpc-lei-13105-capture-2026-09-28,Art. 1049,aula-10.html,unused,O art. 1049 regula 049. Sempre que a lei remeter a procedimento previsto na lei processual sem…; esse assunto não estabelece a saída de mérito nem a necessidade de instrução desta aula.
cpc-lei-13105-capture-2026-09-28,Art. 105,aula-10.html,unused,"O art. 105 regula A procuração geral para o foro, outorgada por instrumento público ou particular…; esse assunto não estabelece a saída de mérito nem a necessidade de instrução desta aula."
cpc-lei-13105-capture-2026-09-28,Art. 1050,aula-10.html,unused,"O art. 1050 regula 050. A União, os Estados, o Distrito Federal, os Municípios, suas respectivas entidades…; esse assunto não estabelece a saída de mérito nem a necessidade de instrução desta aula."
cpc-lei-13105-capture-2026-09-28,Art. 1051,aula-10.html,unused,O art. 1051 regula 051. As empresas públicas e privadas devem cumprir o disposto no; esse assunto não estabelece a saída de mérito nem a necessidade de instrução desta aula.
cpc-lei-13105-capture-2026-09-28,Art. 1052,aula-10.html,unused,"O art. 1052 regula 052. Até a edição de lei específica, as execuções contra devedor insolvente, em curso…; esse assunto não estabelece a saída de mérito nem a necessidade de instrução desta aula."
cpc-lei-13105-capture-2026-09-28,Art. 1053,aula-10.html,unused,O art. 1053 regula 053. Os atos processuais praticados por meio eletrônico até a transição definitiva para…; esse assunto não estabelece a saída de mérito nem a necessidade de instrução desta aula.
cpc-lei-13105-capture-2026-09-28,Art. 1054,aula-10.html,unused,O art. 1054 regula 054. O disposto no; esse assunto não estabelece a saída de mérito nem a necessidade de instrução desta aula.
cpc-lei-13105-capture-2026-09-28,Art. 1055,aula-10.html,unused,O art. 1055 regula 055. (VETADO).; esse assunto não estabelece a saída de mérito nem a necessidade de instrução desta aula.
cpc-lei-13105-capture-2026-09-28,Art. 1056,aula-10.html,unused,O art. 1056 regula 056. Considerar-se-á como termo inicial do prazo da prescrição prevista no; esse assunto não estabelece a saída de mérito nem a necessidade de instrução desta aula.
cpc-lei-13105-capture-2026-09-28,Art. 1057,aula-10.html,unused,O art. 1057 regula 057. O disposto no; esse assunto não estabelece a saída de mérito nem a necessidade de instrução desta aula.
cpc-lei-13105-capture-2026-09-28,Art. 1058,aula-10.html,unused,"O art. 1058 regula 058. Em todos os casos em que houver recolhimento de importância em dinheiro, esta será…; esse assunto não estabelece a saída de mérito nem a necessidade de instrução desta aula."
cpc-lei-13105-capture-2026-09-28,Art. 1059,aula-10.html,unused,O art. 1059 regula 059. À tutela provisória requerida contra a Fazenda Pública aplica-se o disposto nos; esse assunto não estabelece a saída de mérito nem a necessidade de instrução desta aula.
cpc-lei-13105-capture-2026-09-28,Art. 106,aula-10.html,unused,"O art. 106 regula Quando postular em causa própria, incumbe ao advogado:; esse assunto não estabelece a saída de mérito nem a necessidade de instrução desta aula."
cpc-lei-13105-capture-2026-09-28,Art. 1060,aula-10.html,unused,O art. 1060 regula 060. O inciso II do art. 14 da; esse assunto não estabelece a saída de mérito nem a necessidade de instrução desta aula.
cpc-lei-13105-capture-2026-09-28,Art. 1061,aula-10.html,unused,O art. 1061 regula 061. O § 3º do art. 33 da; esse assunto não estabelece a saída de mérito nem a necessidade de instrução desta aula.
cpc-lei-13105-capture-2026-09-28,Art. 1062,aula-10.html,unused,O art. 1062 regula 062. O incidente de desconsideração da personalidade jurídica aplica-se ao processo de…; esse assunto não estabelece a saída de mérito nem a necessidade de instrução desta aula.
cpc-lei-13105-capture-2026-09-28,Art. 1063,aula-10.html,unused,"O art. 1063 regula 063. Até a edição de lei específica, os juizados especiais cíveis previstos na; esse assunto não estabelece a saída de mérito nem a necessidade de instrução desta aula."
cpc-lei-13105-capture-2026-09-28,Art. 1064,aula-10.html,unused,O art. 1064 regula 064. O; esse assunto não estabelece a saída de mérito nem a necessidade de instrução desta aula.
cpc-lei-13105-capture-2026-09-28,Art. 1065,aula-10.html,unused,O art. 1065 regula 065. O art. 50 da; esse assunto não estabelece a saída de mérito nem a necessidade de instrução desta aula.
cpc-lei-13105-capture-2026-09-28,Art. 1066,aula-10.html,unused,O art. 1066 regula 066. O art. 83 da; esse assunto não estabelece a saída de mérito nem a necessidade de instrução desta aula.
cpc-lei-13105-capture-2026-09-28,Art. 1067,aula-10.html,unused,O art. 1067 regula 067. O art. 275 da; esse assunto não estabelece a saída de mérito nem a necessidade de instrução desta aula.
cpc-lei-13105-capture-2026-09-28,Art. 1068,aula-10.html,unused,O art. 1068 regula 068. O art. 274 e o; esse assunto não estabelece a saída de mérito nem a necessidade de instrução desta aula.
cpc-lei-13105-capture-2026-09-28,Art. 1069,aula-10.html,unused,"O art. 1069 regula 069. O Conselho Nacional de Justiça promoverá, periodicamente, pesquisas estatísticas…; esse assunto não estabelece a saída de mérito nem a necessidade de instrução desta aula."
cpc-lei-13105-capture-2026-09-28,Art. 107,aula-10.html,unused,O art. 107 regula O advogado tem direito a:; esse assunto não estabelece a saída de mérito nem a necessidade de instrução desta aula.
cpc-lei-13105-capture-2026-09-28,Art. 1070,aula-10.html,unused,"O art. 1070 regula 070. É de 15 (quinze) dias o prazo para a interposição de qualquer agravo, previsto em…; esse assunto não estabelece a saída de mérito nem a necessidade de instrução desta aula."
cpc-lei-13105-capture-2026-09-28,Art. 1071,aula-10.html,unused,O art. 1071 regula 071. O Capítulo III do Título V da; esse assunto não estabelece a saída de mérito nem a necessidade de instrução desta aula.
cpc-lei-13105-capture-2026-09-28,Art. 1072,aula-10.html,unused,O art. 1072 regula 072. Revogam-se:; esse assunto não estabelece a saída de mérito nem a necessidade de instrução desta aula.
cpc-lei-13105-capture-2026-09-28,Art. 108,aula-10.html,unused,"O art. 108 regula No curso do processo, somente é lícita a sucessão voluntária das partes nos casos…; esse assunto não estabelece a saída de mérito nem a necessidade de instrução desta aula."
cpc-lei-13105-capture-2026-09-28,Art. 109,aula-10.html,unused,"O art. 109 regula A alienação da coisa ou do direito litigioso por ato entre vivos, a título particular,…; esse assunto não estabelece a saída de mérito nem a necessidade de instrução desta aula."
cpc-lei-13105-capture-2026-09-28,Art. 11,aula-10.html,unused,"O art. 11 regula Todos os julgamentos dos órgãos do Poder Judiciário serão públicos, e fundamentadas…; esse assunto não estabelece a saída de mérito nem a necessidade de instrução desta aula."
cpc-lei-13105-capture-2026-09-28,Art. 110,aula-10.html,unused,"O art. 110 regula Ocorrendo a morte de qualquer das partes, dar-se-á a sucessão pelo seu espólio ou pelos…; esse assunto não estabelece a saída de mérito nem a necessidade de instrução desta aula."
cpc-lei-13105-capture-2026-09-28,Art. 111,aula-10.html,unused,"O art. 111 regula A parte que revogar o mandato outorgado a seu advogado constituirá, no mesmo ato, outro…; esse assunto não estabelece a saída de mérito nem a necessidade de instrução desta aula."
cpc-lei-13105-capture-2026-09-28,Art. 112,aula-10.html,unused,"O art. 112 regula O advogado poderá renunciar ao mandato a qualquer tempo, provando, na forma prevista…; esse assunto não estabelece a saída de mérito nem a necessidade de instrução desta aula."
cpc-lei-13105-capture-2026-09-28,Art. 113,aula-10.html,unused,"O art. 113 regula Duas ou mais pessoas podem litigar, no mesmo processo, em conjunto, ativa ou…; esse assunto não estabelece a saída de mérito nem a necessidade de instrução desta aula."
cpc-lei-13105-capture-2026-09-28,Art. 114,aula-10.html,unused,"O art. 114 regula O litisconsórcio será necessário por disposição de lei ou quando, pela natureza da…; esse assunto não estabelece a saída de mérito nem a necessidade de instrução desta aula."
cpc-lei-13105-capture-2026-09-28,Art. 115,aula-10.html,unused,"O art. 115 regula A sentença de mérito, quando proferida sem a integração do contraditório, será:; esse assunto não estabelece a saída de mérito nem a necessidade de instrução desta aula."
cpc-lei-13105-capture-2026-09-28,Art. 116,aula-10.html,unused,"O art. 116 regula O litisconsórcio será unitário quando, pela natureza da relação jurídica, o juiz tiver…; esse assunto não estabelece a saída de mérito nem a necessidade de instrução desta aula."
cpc-lei-13105-capture-2026-09-28,Art. 117,aula-10.html,unused,"O art. 117 regula Os litisconsortes serão considerados, em suas relações com a parte adversa, como…; esse assunto não estabelece a saída de mérito nem a necessidade de instrução desta aula."
cpc-lei-13105-capture-2026-09-28,Art. 118,aula-10.html,unused,"O art. 118 regula Cada litisconsorte tem o direito de promover o andamento do processo, e todos devem ser…; esse assunto não estabelece a saída de mérito nem a necessidade de instrução desta aula."
cpc-lei-13105-capture-2026-09-28,Art. 119,aula-10.html,unused,"O art. 119 regula Pendendo causa entre 2 (duas) ou mais pessoas, o terceiro juridicamente interessado em…; esse assunto não estabelece a saída de mérito nem a necessidade de instrução desta aula."
cpc-lei-13105-capture-2026-09-28,Art. 12,aula-10.html,unused,O art. 12 regula Os juízes e os tribunais deverão obedecer à ordem cronológica de conclusão para…; esse assunto não estabelece a saída de mérito nem a necessidade de instrução desta aula.
cpc-lei-13105-capture-2026-09-28,Art. 120,aula-10.html,unused,"O art. 120 regula Não havendo impugnação no prazo de 15 (quinze) dias, o pedido do assistente será…; esse assunto não estabelece a saída de mérito nem a necessidade de instrução desta aula."
cpc-lei-13105-capture-2026-09-28,Art. 121,aula-10.html,unused,"O art. 121 regula O assistente simples atuará como auxiliar da parte principal, exercerá os mesmos…; esse assunto não estabelece a saída de mérito nem a necessidade de instrução desta aula."
cpc-lei-13105-capture-2026-09-28,Art. 122,aula-10.html,unused,O art. 122 regula A assistência simples não obsta a que a parte principal reconheça a procedência do…; esse assunto não estabelece a saída de mérito nem a necessidade de instrução desta aula.
cpc-lei-13105-capture-2026-09-28,Art. 123,aula-10.html,unused,"O art. 123 regula Transitada em julgado a sentença no processo em que interveio o assistente, este não…; esse assunto não estabelece a saída de mérito nem a necessidade de instrução desta aula."
cpc-lei-13105-capture-2026-09-28,Art. 124,aula-10.html,unused,O art. 124 regula Considera-se litisconsorte da parte principal o assistente sempre que a sentença…; esse assunto não estabelece a saída de mérito nem a necessidade de instrução desta aula.
cpc-lei-13105-capture-2026-09-28,Art. 125,aula-10.html,unused,"O art. 125 regula É admissível a denunciação da lide, promovida por qualquer das partes:; esse assunto não estabelece a saída de mérito nem a necessidade de instrução desta aula."
cpc-lei-13105-capture-2026-09-28,Art. 126,aula-10.html,unused,"O art. 126 regula A citação do denunciado será requerida na petição inicial, se o denunciante for autor,…; esse assunto não estabelece a saída de mérito nem a necessidade de instrução desta aula."
cpc-lei-13105-capture-2026-09-28,Art. 127,aula-10.html,unused,"O art. 127 regula Feita a denunciação pelo autor, o denunciado poderá assumir a posição de litisconsorte…; esse assunto não estabelece a saída de mérito nem a necessidade de instrução desta aula."
cpc-lei-13105-capture-2026-09-28,Art. 128,aula-10.html,unused,O art. 128 regula Feita a denunciação pelo réu:; esse assunto não estabelece a saída de mérito nem a necessidade de instrução desta aula.
cpc-lei-13105-capture-2026-09-28,Art. 129,aula-10.html,unused,"O art. 129 regula Se o denunciante for vencido na ação principal, o juiz passará ao julgamento da…; esse assunto não estabelece a saída de mérito nem a necessidade de instrução desta aula."
cpc-lei-13105-capture-2026-09-28,Art. 13,aula-10.html,unused,"O art. 13 regula A jurisdição civil será regida pelas normas processuais brasileiras, ressalvadas as…; esse assunto não estabelece a saída de mérito nem a necessidade de instrução desta aula."
cpc-lei-13105-capture-2026-09-28,Art. 130,aula-10.html,unused,"O art. 130 regula É admissível o chamamento ao processo, requerido pelo réu:; esse assunto não estabelece a saída de mérito nem a necessidade de instrução desta aula."
cpc-lei-13105-capture-2026-09-28,Art. 131,aula-10.html,unused,O art. 131 regula A citação daqueles que devam figurar em litisconsórcio passivo será requerida pelo réu…; esse assunto não estabelece a saída de mérito nem a necessidade de instrução desta aula.
cpc-lei-13105-capture-2026-09-28,Art. 132,aula-10.html,unused,O art. 132 regula A sentença de procedência valerá como título executivo em favor do réu que satisfizer a…; esse assunto não estabelece a saída de mérito nem a necessidade de instrução desta aula.
cpc-lei-13105-capture-2026-09-28,Art. 133,aula-10.html,unused,O art. 133 regula O incidente de desconsideração da personalidade jurídica será instaurado a pedido da…; esse assunto não estabelece a saída de mérito nem a necessidade de instrução desta aula.
cpc-lei-13105-capture-2026-09-28,Art. 134,aula-10.html,unused,"O art. 134 regula O incidente de desconsideração é cabível em todas as fases do processo de conhecimento,…; esse assunto não estabelece a saída de mérito nem a necessidade de instrução desta aula."
cpc-lei-13105-capture-2026-09-28,Art. 135,aula-10.html,unused,"O art. 135 regula Instaurado o incidente, o sócio ou a pessoa jurídica será citado para manifestar-se e…; esse assunto não estabelece a saída de mérito nem a necessidade de instrução desta aula."
cpc-lei-13105-capture-2026-09-28,Art. 136,aula-10.html,unused,"O art. 136 regula Concluída a instrução, se necessária, o incidente será resolvido por decisão…; esse assunto não estabelece a saída de mérito nem a necessidade de instrução desta aula."
cpc-lei-13105-capture-2026-09-28,Art. 137,aula-10.html,unused,"O art. 137 regula Acolhido o pedido de desconsideração, a alienação ou a oneração de bens, havida em…; esse assunto não estabelece a saída de mérito nem a necessidade de instrução desta aula."
cpc-lei-13105-capture-2026-09-28,Art. 138,aula-10.html,unused,"O art. 138 regula O juiz ou o relator, considerando a relevância da matéria, a especificidade do tema…; esse assunto não estabelece a saída de mérito nem a necessidade de instrução desta aula."
cpc-lei-13105-capture-2026-09-28,Art. 139,aula-10.html,unused,"O art. 139 regula O juiz dirigirá o processo conforme as disposições deste Código, incumbindo-lhe:; esse assunto não estabelece a saída de mérito nem a necessidade de instrução desta aula."
cpc-lei-13105-capture-2026-09-28,Art. 14,aula-10.html,unused,O art. 14 regula A norma processual não retroagirá e será aplicável imediatamente aos processos em…; esse assunto não estabelece a saída de mérito nem a necessidade de instrução desta aula.
cpc-lei-13105-capture-2026-09-28,Art. 140,aula-10.html,unused,O art. 140 regula O juiz não se exime de decidir sob a alegação de lacuna ou obscuridade do ordenamento…; esse assunto não estabelece a saída de mérito nem a necessidade de instrução desta aula.
cpc-lei-13105-capture-2026-09-28,Art. 141,aula-10.html,unused,"O art. 141 regula O juiz decidirá o mérito nos limites propostos pelas partes, sendo-lhe vedado conhecer…; esse assunto não estabelece a saída de mérito nem a necessidade de instrução desta aula."
cpc-lei-13105-capture-2026-09-28,Art. 142,aula-10.html,unused,"O art. 142 regula Convencendo-se, pelas circunstâncias, de que autor e réu se serviram do processo para…; esse assunto não estabelece a saída de mérito nem a necessidade de instrução desta aula."
cpc-lei-13105-capture-2026-09-28,Art. 143,aula-10.html,unused,"O art. 143 regula O juiz responderá, civil e regressivamente, por perdas e danos quando:; esse assunto não estabelece a saída de mérito nem a necessidade de instrução desta aula."
cpc-lei-13105-capture-2026-09-28,Art. 144,aula-10.html,unused,"O art. 144 regula Há impedimento do juiz, sendo-lhe vedado exercer suas funções no processo:; esse assunto não estabelece a saída de mérito nem a necessidade de instrução desta aula."
cpc-lei-13105-capture-2026-09-28,Art. 145,aula-10.html,unused,O art. 145 regula Há suspeição do juiz:; esse assunto não estabelece a saída de mérito nem a necessidade de instrução desta aula.
cpc-lei-13105-capture-2026-09-28,Art. 146,aula-10.html,unused,"O art. 146 regula No prazo de 15 (quinze) dias, a contar do conhecimento do fato, a parte alegará o…; esse assunto não estabelece a saída de mérito nem a necessidade de instrução desta aula."
cpc-lei-13105-capture-2026-09-28,Art. 147,aula-10.html,unused,"O art. 147 regula Quando 2 (dois) ou mais juízes forem parentes, consanguíneos ou afins, em linha reta ou…; esse assunto não estabelece a saída de mérito nem a necessidade de instrução desta aula."
cpc-lei-13105-capture-2026-09-28,Art. 148,aula-10.html,unused,O art. 148 regula Aplicam-se os motivos de impedimento e de suspeição:; esse assunto não estabelece a saída de mérito nem a necessidade de instrução desta aula.
cpc-lei-13105-capture-2026-09-28,Art. 149,aula-10.html,unused,"O art. 149 regula São auxiliares da Justiça, além de outros cujas atribuições sejam determinadas pelas…; esse assunto não estabelece a saída de mérito nem a necessidade de instrução desta aula."
cpc-lei-13105-capture-2026-09-28,Art. 15,aula-10.html,unused,"O art. 15 regula Na ausência de normas que regulem processos eleitorais, trabalhistas ou…; esse assunto não estabelece a saída de mérito nem a necessidade de instrução desta aula."
cpc-lei-13105-capture-2026-09-28,Art. 150,aula-10.html,unused,"O art. 150 regula Em cada juízo haverá um ou mais ofícios de justiça, cujas atribuições serão…; esse assunto não estabelece a saída de mérito nem a necessidade de instrução desta aula."
cpc-lei-13105-capture-2026-09-28,Art. 151,aula-10.html,unused,"O art. 151 regula Em cada comarca, seção ou subseção judiciária haverá, no mínimo, tantos oficiais de…; esse assunto não estabelece a saída de mérito nem a necessidade de instrução desta aula."
cpc-lei-13105-capture-2026-09-28,Art. 152,aula-10.html,unused,O art. 152 regula Incumbe ao escrivão ou ao chefe de secretaria:; esse assunto não estabelece a saída de mérito nem a necessidade de instrução desta aula.
cpc-lei-13105-capture-2026-09-28,Art. 153,aula-10.html,unused,O art. 153 regula O escrivão ou chefe de secretaria deverá obedecer à ordem cronológica de recebimento…; esse assunto não estabelece a saída de mérito nem a necessidade de instrução desta aula.
cpc-lei-13105-capture-2026-09-28,Art. 154,aula-10.html,unused,O art. 154 regula Incumbe ao oficial de justiça:; esse assunto não estabelece a saída de mérito nem a necessidade de instrução desta aula.
cpc-lei-13105-capture-2026-09-28,Art. 155,aula-10.html,unused,"O art. 155 regula O escrivão, o chefe de secretaria e o oficial de justiça são responsáveis, civil e…; esse assunto não estabelece a saída de mérito nem a necessidade de instrução desta aula."
cpc-lei-13105-capture-2026-09-28,Art. 156,aula-10.html,unused,O art. 156 regula O juiz será assistido por perito quando a prova do fato depender de conhecimento…; esse assunto não estabelece a saída de mérito nem a necessidade de instrução desta aula.
cpc-lei-13105-capture-2026-09-28,Art. 157,aula-10.html,unused,"O art. 157 regula O perito tem o dever de cumprir o ofício no prazo que lhe designar o juiz, empregando…; esse assunto não estabelece a saída de mérito nem a necessidade de instrução desta aula."
cpc-lei-13105-capture-2026-09-28,Art. 158,aula-10.html,unused,"O art. 158 regula O perito que, por dolo ou culpa, prestar informações inverídicas responderá pelos…; esse assunto não estabelece a saída de mérito nem a necessidade de instrução desta aula."
cpc-lei-13105-capture-2026-09-28,Art. 159,aula-10.html,unused,"O art. 159 regula A guarda e a conservação de bens penhorados, arrestados, sequestrados ou arrecadados…; esse assunto não estabelece a saída de mérito nem a necessidade de instrução desta aula."
cpc-lei-13105-capture-2026-09-28,Art. 16,aula-10.html,unused,O art. 16 regula A jurisdição civil é exercida pelos juízes e pelos tribunais em todo o território…; esse assunto não estabelece a saída de mérito nem a necessidade de instrução desta aula.
cpc-lei-13105-capture-2026-09-28,Art. 160,aula-10.html,unused,O art. 160 regula Por seu trabalho o depositário ou o administrador perceberá remuneração que o juiz…; esse assunto não estabelece a saída de mérito nem a necessidade de instrução desta aula.
cpc-lei-13105-capture-2026-09-28,Art. 161,aula-10.html,unused,"O art. 161 regula O depositário ou o administrador responde pelos prejuízos que, por dolo ou culpa,…; esse assunto não estabelece a saída de mérito nem a necessidade de instrução desta aula."
cpc-lei-13105-capture-2026-09-28,Art. 162,aula-10.html,unused,O art. 162 regula O juiz nomeará intérprete ou tradutor quando necessário para:; esse assunto não estabelece a saída de mérito nem a necessidade de instrução desta aula.
cpc-lei-13105-capture-2026-09-28,Art. 163,aula-10.html,unused,O art. 163 regula Não pode ser intérprete ou tradutor quem:; esse assunto não estabelece a saída de mérito nem a necessidade de instrução desta aula.
cpc-lei-13105-capture-2026-09-28,Art. 164,aula-10.html,unused,"O art. 164 regula O intérprete ou tradutor, oficial ou não, é obrigado a desempenhar seu ofício,…; esse assunto não estabelece a saída de mérito nem a necessidade de instrução desta aula."
cpc-lei-13105-capture-2026-09-28,Art. 165,aula-10.html,unused,"O art. 165 regula Os tribunais criarão centros judiciários de solução consensual de conflitos,…; esse assunto não estabelece a saída de mérito nem a necessidade de instrução desta aula."
cpc-lei-13105-capture-2026-09-28,Art. 166,aula-10.html,unused,"O art. 166 regula A conciliação e a mediação são informadas pelos princípios da independência, da…; esse assunto não estabelece a saída de mérito nem a necessidade de instrução desta aula."
cpc-lei-13105-capture-2026-09-28,Art. 167,aula-10.html,unused,"O art. 167 regula Os conciliadores, os mediadores e as câmaras privadas de conciliação e mediação serão…; esse assunto não estabelece a saída de mérito nem a necessidade de instrução desta aula."
cpc-lei-13105-capture-2026-09-28,Art. 168,aula-10.html,unused,"O art. 168 regula As partes podem escolher, de comum acordo, o conciliador, o mediador ou a câmara…; esse assunto não estabelece a saída de mérito nem a necessidade de instrução desta aula."
cpc-lei-13105-capture-2026-09-28,Art. 169,aula-10.html,unused,O art. 169 regula Ressalvada a hipótese do; esse assunto não estabelece a saída de mérito nem a necessidade de instrução desta aula.
cpc-lei-13105-capture-2026-09-28,Art. 17,aula-10.html,unused,O art. 17 regula Para postular em juízo é necessário ter interesse e legitimidade.; esse assunto não estabelece a saída de mérito nem a necessidade de instrução desta aula.
cpc-lei-13105-capture-2026-09-28,Art. 170,aula-10.html,unused,"O art. 170 regula No caso de impedimento, o conciliador ou mediador o comunicará imediatamente, de…; esse assunto não estabelece a saída de mérito nem a necessidade de instrução desta aula."
cpc-lei-13105-capture-2026-09-28,Art. 171,aula-10.html,unused,"O art. 171 regula No caso de impossibilidade temporária do exercício da função, o conciliador ou mediador…; esse assunto não estabelece a saída de mérito nem a necessidade de instrução desta aula."
cpc-lei-13105-capture-2026-09-28,Art. 172,aula-10.html,unused,"O art. 172 regula O conciliador e o mediador ficam impedidos, pelo prazo de 1 (um) ano, contado do…; esse assunto não estabelece a saída de mérito nem a necessidade de instrução desta aula."
cpc-lei-13105-capture-2026-09-28,Art. 173,aula-10.html,unused,O art. 173 regula Será excluído do cadastro de conciliadores e mediadores aquele que:; esse assunto não estabelece a saída de mérito nem a necessidade de instrução desta aula.
cpc-lei-13105-capture-2026-09-28,Art. 174,aula-10.html,unused,"O art. 174 regula A União, os Estados, o Distrito Federal e os Municípios criarão câmaras de mediação e…; esse assunto não estabelece a saída de mérito nem a necessidade de instrução desta aula."
cpc-lei-13105-capture-2026-09-28,Art. 175,aula-10.html,unused,O art. 175 regula As disposições desta Seção não excluem outras formas de conciliação e mediação…; esse assunto não estabelece a saída de mérito nem a necessidade de instrução desta aula.
cpc-lei-13105-capture-2026-09-28,Art. 176,aula-10.html,unused,"O art. 176 regula O Ministério Público atuará na defesa da ordem jurídica, do regime democrático e dos…; esse assunto não estabelece a saída de mérito nem a necessidade de instrução desta aula."
cpc-lei-13105-capture-2026-09-28,Art. 177,aula-10.html,unused,O art. 177 regula O Ministério Público exercerá o direito de ação em conformidade com suas atribuições…; esse assunto não estabelece a saída de mérito nem a necessidade de instrução desta aula.
cpc-lei-13105-capture-2026-09-28,Art. 178,aula-10.html,unused,"O art. 178 regula O Ministério Público será intimado para, no prazo de 30 (trinta) dias, intervir como…; esse assunto não estabelece a saída de mérito nem a necessidade de instrução desta aula."
cpc-lei-13105-capture-2026-09-28,Art. 179,aula-10.html,unused,"O art. 179 regula Nos casos de intervenção como fiscal da ordem jurídica, o Ministério Público:; esse assunto não estabelece a saída de mérito nem a necessidade de instrução desta aula."
cpc-lei-13105-capture-2026-09-28,Art. 18,aula-10.html,unused,"O art. 18 regula Ninguém poderá pleitear direito alheio em nome próprio, salvo quando autorizado pelo…; esse assunto não estabelece a saída de mérito nem a necessidade de instrução desta aula."
cpc-lei-13105-capture-2026-09-28,Art. 180,aula-10.html,unused,"O art. 180 regula O Ministério Público gozará de prazo em dobro para manifestar-se nos autos, que terá…; esse assunto não estabelece a saída de mérito nem a necessidade de instrução desta aula."
cpc-lei-13105-capture-2026-09-28,Art. 181,aula-10.html,unused,O art. 181 regula O membro do Ministério Público será civil e regressivamente responsável quando agir com…; esse assunto não estabelece a saída de mérito nem a necessidade de instrução desta aula.
cpc-lei-13105-capture-2026-09-28,Art. 182,aula-10.html,unused,"O art. 182 regula Incumbe à Advocacia Pública, na forma da lei, defender e promover os interesses…; esse assunto não estabelece a saída de mérito nem a necessidade de instrução desta aula."
cpc-lei-13105-capture-2026-09-28,Art. 183,aula-10.html,unused,"O art. 183 regula A União, os Estados, o Distrito Federal, os Municípios e suas respectivas autarquias e…; esse assunto não estabelece a saída de mérito nem a necessidade de instrução desta aula."
cpc-lei-13105-capture-2026-09-28,Art. 184,aula-10.html,unused,O art. 184 regula O membro da Advocacia Pública será civil e regressivamente responsável quando agir com…; esse assunto não estabelece a saída de mérito nem a necessidade de instrução desta aula.
cpc-lei-13105-capture-2026-09-28,Art. 185,aula-10.html,unused,"O art. 185 regula A Defensoria Pública exercerá a orientação jurídica, a promoção dos direitos humanos e…; esse assunto não estabelece a saída de mérito nem a necessidade de instrução desta aula."
cpc-lei-13105-capture-2026-09-28,Art. 186,aula-10.html,unused,O art. 186 regula A Defensoria Pública gozará de prazo em dobro para todas as suas manifestações…; esse assunto não estabelece a saída de mérito nem a necessidade de instrução desta aula.
cpc-lei-13105-capture-2026-09-28,Art. 187,aula-10.html,unused,O art. 187 regula O membro da Defensoria Pública será civil e regressivamente responsável quando agir com…; esse assunto não estabelece a saída de mérito nem a necessidade de instrução desta aula.
cpc-lei-13105-capture-2026-09-28,Art. 188,aula-10.html,unused,"O art. 188 regula Os atos e os termos processuais independem de forma determinada, salvo quando a lei…; esse assunto não estabelece a saída de mérito nem a necessidade de instrução desta aula."
cpc-lei-13105-capture-2026-09-28,Art. 189,aula-10.html,unused,"O art. 189 regula Os atos processuais são públicos, todavia tramitam em segredo de justiça os processos:; esse assunto não estabelece a saída de mérito nem a necessidade de instrução desta aula."
cpc-lei-13105-capture-2026-09-28,Art. 19,aula-10.html,unused,O art. 19 regula O interesse do autor pode limitar-se à declaração:; esse assunto não estabelece a saída de mérito nem a necessidade de instrução desta aula.
cpc-lei-13105-capture-2026-09-28,Art. 190,aula-10.html,unused,"O art. 190 regula Versando o processo sobre direitos que admitam autocomposição, é lícito às partes…; esse assunto não estabelece a saída de mérito nem a necessidade de instrução desta aula."
cpc-lei-13105-capture-2026-09-28,Art. 191,aula-10.html,unused,"O art. 191 regula De comum acordo, o juiz e as partes podem fixar calendário para a prática dos atos…; esse assunto não estabelece a saída de mérito nem a necessidade de instrução desta aula."
cpc-lei-13105-capture-2026-09-28,Art. 192,aula-10.html,unused,O art. 192 regula Em todos os atos e termos do processo é obrigatório o uso da língua portuguesa.; esse assunto não estabelece a saída de mérito nem a necessidade de instrução desta aula.
cpc-lei-13105-capture-2026-09-28,Art. 193,aula-10.html,unused,"O art. 193 regula Os atos processuais podem ser total ou parcialmente digitais, de forma a permitir que…; esse assunto não estabelece a saída de mérito nem a necessidade de instrução desta aula."
cpc-lei-13105-capture-2026-09-28,Art. 194,aula-10.html,unused,"O art. 194 regula Os sistemas de automação processual respeitarão a publicidade dos atos, o acesso e a…; esse assunto não estabelece a saída de mérito nem a necessidade de instrução desta aula."
cpc-lei-13105-capture-2026-09-28,Art. 195,aula-10.html,unused,"O art. 195 regula O registro de ato processual eletrônico deverá ser feito em padrões abertos, que…; esse assunto não estabelece a saída de mérito nem a necessidade de instrução desta aula."
cpc-lei-13105-capture-2026-09-28,Art. 196,aula-10.html,unused,"O art. 196 regula Compete ao Conselho Nacional de Justiça e, supletivamente, aos tribunais, regulamentar…; esse assunto não estabelece a saída de mérito nem a necessidade de instrução desta aula."
cpc-lei-13105-capture-2026-09-28,Art. 197,aula-10.html,unused,O art. 197 regula Os tribunais divulgarão as informações constantes de seu sistema de automação em página…; esse assunto não estabelece a saída de mérito nem a necessidade de instrução desta aula.
cpc-lei-13105-capture-2026-09-28,Art. 198,aula-10.html,unused,"O art. 198 regula As unidades do Poder Judiciário deverão manter gratuitamente, à disposição dos…; esse assunto não estabelece a saída de mérito nem a necessidade de instrução desta aula."
cpc-lei-13105-capture-2026-09-28,Art. 199,aula-10.html,unused,O art. 199 regula As unidades do Poder Judiciário assegurarão às pessoas com deficiência acessibilidade…; esse assunto não estabelece a saída de mérito nem a necessidade de instrução desta aula.
cpc-lei-13105-capture-2026-09-28,Art. 2,aula-10.html,unused,O art. 2 regula ; esse assunto não estabelece a saída de mérito nem a necessidade de instrução desta aula.
cpc-lei-13105-capture-2026-09-28,Art. 20,aula-10.html,unused,"O art. 20 regula É admissível a ação meramente declaratória, ainda que tenha ocorrido a violação do…; esse assunto não estabelece a saída de mérito nem a necessidade de instrução desta aula."
cpc-lei-13105-capture-2026-09-28,Art. 200,aula-10.html,unused,O art. 200 regula Os atos das partes consistentes em declarações unilaterais ou bilaterais de vontade…; esse assunto não estabelece a saída de mérito nem a necessidade de instrução desta aula.
cpc-lei-13105-capture-2026-09-28,Art. 201,aula-10.html,unused,"O art. 201 regula As partes poderão exigir recibo de petições, arrazoados, papéis e documentos que…; esse assunto não estabelece a saída de mérito nem a necessidade de instrução desta aula."
cpc-lei-13105-capture-2026-09-28,Art. 202,aula-10.html,unused,"O art. 202 regula É vedado lançar nos autos cotas marginais ou interlineares, as quais o juiz mandará…; esse assunto não estabelece a saída de mérito nem a necessidade de instrução desta aula."
cpc-lei-13105-capture-2026-09-28,Art. 203,aula-10.html,unused,"O art. 203 regula Os pronunciamentos do juiz consistirão em sentenças, decisões interlocutórias e…; esse assunto não estabelece a saída de mérito nem a necessidade de instrução desta aula."
cpc-lei-13105-capture-2026-09-28,Art. 204,aula-10.html,unused,O art. 204 regula Acórdão é o julgamento colegiado proferido pelos tribunais.; esse assunto não estabelece a saída de mérito nem a necessidade de instrução desta aula.
cpc-lei-13105-capture-2026-09-28,Art. 205,aula-10.html,unused,"O art. 205 regula Os despachos, as decisões, as sentenças e os acórdãos serão redigidos, datados e…; esse assunto não estabelece a saída de mérito nem a necessidade de instrução desta aula."
cpc-lei-13105-capture-2026-09-28,Art. 206,aula-10.html,unused,"O art. 206 regula Ao receber a petição inicial de processo, o escrivão ou o chefe de secretaria a…; esse assunto não estabelece a saída de mérito nem a necessidade de instrução desta aula."
cpc-lei-13105-capture-2026-09-28,Art. 207,aula-10.html,unused,O art. 207 regula O escrivão ou o chefe de secretaria numerará e rubricará todas as folhas dos autos.; esse assunto não estabelece a saída de mérito nem a necessidade de instrução desta aula.
cpc-lei-13105-capture-2026-09-28,Art. 208,aula-10.html,unused,"O art. 208 regula Os termos de juntada, vista, conclusão e outros semelhantes constarão de notas datadas…; esse assunto não estabelece a saída de mérito nem a necessidade de instrução desta aula."
cpc-lei-13105-capture-2026-09-28,Art. 209,aula-10.html,unused,"O art. 209 regula Os atos e os termos do processo serão assinados pelas pessoas que neles intervierem,…; esse assunto não estabelece a saída de mérito nem a necessidade de instrução desta aula."
cpc-lei-13105-capture-2026-09-28,Art. 21,aula-10.html,unused,O art. 21 regula Compete à autoridade judiciária brasileira processar e julgar as ações em que:; esse assunto não estabelece a saída de mérito nem a necessidade de instrução desta aula.
cpc-lei-13105-capture-2026-09-28,Art. 210,aula-10.html,unused,"O art. 210 regula É lícito o uso da taquigrafia, da estenotipia ou de outro método idôneo em qualquer…; esse assunto não estabelece a saída de mérito nem a necessidade de instrução desta aula."
cpc-lei-13105-capture-2026-09-28,Art. 211,aula-10.html,unused,"O art. 211 regula Não se admitem nos atos e termos processuais espaços em branco, salvo os que forem…; esse assunto não estabelece a saída de mérito nem a necessidade de instrução desta aula."
cpc-lei-13105-capture-2026-09-28,Art. 212,aula-10.html,unused,"O art. 212 regula Os atos processuais serão realizados em dias úteis, das 6 (seis) às 20 (vinte) horas.; esse assunto não estabelece a saída de mérito nem a necessidade de instrução desta aula."
cpc-lei-13105-capture-2026-09-28,Art. 213,aula-10.html,unused,O art. 213 regula A prática eletrônica de ato processual pode ocorrer em qualquer horário até as 24…; esse assunto não estabelece a saída de mérito nem a necessidade de instrução desta aula.
cpc-lei-13105-capture-2026-09-28,Art. 214,aula-10.html,unused,"O art. 214 regula Durante as férias forenses e nos feriados, não se praticarão atos processuais,…; esse assunto não estabelece a saída de mérito nem a necessidade de instrução desta aula."
cpc-lei-13105-capture-2026-09-28,Art. 215,aula-10.html,unused,"O art. 215 regula Processam-se durante as férias forenses, onde as houver, e não se suspendem pela…; esse assunto não estabelece a saída de mérito nem a necessidade de instrução desta aula."
cpc-lei-13105-capture-2026-09-28,Art. 216,aula-10.html,unused,"O art. 216 regula Além dos declarados em lei, são feriados, para efeito forense, os sábados, os domingos…; esse assunto não estabelece a saída de mérito nem a necessidade de instrução desta aula."
cpc-lei-13105-capture-2026-09-28,Art. 217,aula-10.html,unused,"O art. 217 regula Os atos processuais realizar-se-ão ordinariamente na sede do juízo, ou,…; esse assunto não estabelece a saída de mérito nem a necessidade de instrução desta aula."
cpc-lei-13105-capture-2026-09-28,Art. 218,aula-10.html,unused,O art. 218 regula Os atos processuais serão realizados nos prazos prescritos em lei.; esse assunto não estabelece a saída de mérito nem a necessidade de instrução desta aula.
cpc-lei-13105-capture-2026-09-28,Art. 219,aula-10.html,unused,"O art. 219 regula Na contagem de prazo em dias, estabelecido por lei ou pelo juiz, computar-se-ão somente…; esse assunto não estabelece a saída de mérito nem a necessidade de instrução desta aula."
cpc-lei-13105-capture-2026-09-28,Art. 22,aula-10.html,unused,"O art. 22 regula Compete, ainda, à autoridade judiciária brasileira processar e julgar as ações:; esse assunto não estabelece a saída de mérito nem a necessidade de instrução desta aula."
cpc-lei-13105-capture-2026-09-28,Art. 220,aula-10.html,unused,O art. 220 regula Suspende-se o curso do prazo processual nos dias compreendidos entre 20 de dezembro e…; esse assunto não estabelece a saída de mérito nem a necessidade de instrução desta aula.
cpc-lei-13105-capture-2026-09-28,Art. 221,aula-10.html,unused,O art. 221 regula Suspende-se o curso do prazo por obstáculo criado em detrimento da parte ou ocorrendo…; esse assunto não estabelece a saída de mérito nem a necessidade de instrução desta aula.
cpc-lei-13105-capture-2026-09-28,Art. 222,aula-10.html,unused,"O art. 222 regula Na comarca, seção ou subseção judiciária onde for difícil o transporte, o juiz poderá…; esse assunto não estabelece a saída de mérito nem a necessidade de instrução desta aula."
cpc-lei-13105-capture-2026-09-28,Art. 223,aula-10.html,unused,"O art. 223 regula Decorrido o prazo, extingue-se o direito de praticar ou de emendar o ato processual,…; esse assunto não estabelece a saída de mérito nem a necessidade de instrução desta aula."
cpc-lei-13105-capture-2026-09-28,Art. 224,aula-10.html,unused,"O art. 224 regula Salvo disposição em contrário, os prazos serão contados excluindo o dia do começo e…; esse assunto não estabelece a saída de mérito nem a necessidade de instrução desta aula."
cpc-lei-13105-capture-2026-09-28,Art. 225,aula-10.html,unused,"O art. 225 regula A parte poderá renunciar ao prazo estabelecido exclusivamente em seu favor, desde que o…; esse assunto não estabelece a saída de mérito nem a necessidade de instrução desta aula."
cpc-lei-13105-capture-2026-09-28,Art. 226,aula-10.html,unused,O art. 226 regula O juiz proferirá:; esse assunto não estabelece a saída de mérito nem a necessidade de instrução desta aula.
cpc-lei-13105-capture-2026-09-28,Art. 227,aula-10.html,unused,"O art. 227 regula Em qualquer grau de jurisdição, havendo motivo justificado, pode o juiz exceder, por…; esse assunto não estabelece a saída de mérito nem a necessidade de instrução desta aula."
cpc-lei-13105-capture-2026-09-28,Art. 228,aula-10.html,unused,O art. 228 regula Incumbirá ao serventuário remeter os autos conclusos no prazo de 1 (um) dia e executar…; esse assunto não estabelece a saída de mérito nem a necessidade de instrução desta aula.
cpc-lei-13105-capture-2026-09-28,Art. 229,aula-10.html,unused,"O art. 229 regula Os litisconsortes que tiverem diferentes procuradores, de escritórios de advocacia…; esse assunto não estabelece a saída de mérito nem a necessidade de instrução desta aula."
cpc-lei-13105-capture-2026-09-28,Art. 23,aula-10.html,unused,"O art. 23 regula Compete à autoridade judiciária brasileira, com exclusão de qualquer outra:; esse assunto não estabelece a saída de mérito nem a necessidade de instrução desta aula."
cpc-lei-13105-capture-2026-09-28,Art. 230,aula-10.html,unused,"O art. 230 regula O prazo para a parte, o procurador, a Advocacia Pública, a Defensoria Pública e o…; esse assunto não estabelece a saída de mérito nem a necessidade de instrução desta aula."
cpc-lei-13105-capture-2026-09-28,Art. 231,aula-10.html,unused,"O art. 231 regula Salvo disposição em sentido diverso, considera-se dia do começo do prazo:; esse assunto não estabelece a saída de mérito nem a necessidade de instrução desta aula."
cpc-lei-13105-capture-2026-09-28,Art. 232,aula-10.html,unused,"O art. 232 regula Nos atos de comunicação por carta precatória, rogatória ou de ordem, a realização da…; esse assunto não estabelece a saída de mérito nem a necessidade de instrução desta aula."
cpc-lei-13105-capture-2026-09-28,Art. 233,aula-10.html,unused,"O art. 233 regula Incumbe ao juiz verificar se o serventuário excedeu, sem motivo legítimo, os prazos…; esse assunto não estabelece a saída de mérito nem a necessidade de instrução desta aula."
cpc-lei-13105-capture-2026-09-28,Art. 234,aula-10.html,unused,"O art. 234 regula Os advogados públicos ou privados, o defensor público e o membro do Ministério Público…; esse assunto não estabelece a saída de mérito nem a necessidade de instrução desta aula."
cpc-lei-13105-capture-2026-09-28,Art. 235,aula-10.html,unused,"O art. 235 regula Qualquer parte, o Ministério Público ou a Defensoria Pública poderá representar ao…; esse assunto não estabelece a saída de mérito nem a necessidade de instrução desta aula."
cpc-lei-13105-capture-2026-09-28,Art. 236,aula-10.html,unused,O art. 236 regula Os atos processuais serão cumpridos por ordem judicial.; esse assunto não estabelece a saída de mérito nem a necessidade de instrução desta aula.
cpc-lei-13105-capture-2026-09-28,Art. 237,aula-10.html,unused,O art. 237 regula Será expedida carta:; esse assunto não estabelece a saída de mérito nem a necessidade de instrução desta aula.
cpc-lei-13105-capture-2026-09-28,Art. 238,aula-10.html,unused,"O art. 238 regula Citação é o ato pelo qual são convocados o réu, o executado ou o interessado para…; esse assunto não estabelece a saída de mérito nem a necessidade de instrução desta aula."
cpc-lei-13105-capture-2026-09-28,Art. 239,aula-10.html,unused,"O art. 239 regula Para a validade do processo é indispensável a citação do réu ou do executado,…; esse assunto não estabelece a saída de mérito nem a necessidade de instrução desta aula."
cpc-lei-13105-capture-2026-09-28,Art. 24,aula-10.html,unused,O art. 24 regula A ação proposta perante tribunal estrangeiro não induz litispendência e não obsta a que…; esse assunto não estabelece a saída de mérito nem a necessidade de instrução desta aula.
cpc-lei-13105-capture-2026-09-28,Art. 240,aula-10.html,unused,"O art. 240 regula A citação válida, ainda quando ordenada por juízo incompetente, induz litispendência,…; esse assunto não estabelece a saída de mérito nem a necessidade de instrução desta aula."
cpc-lei-13105-capture-2026-09-28,Art. 241,aula-10.html,unused,"O art. 241 regula Transitada em julgado a sentença de mérito proferida em favor do réu antes da citação,…; esse assunto não estabelece a saída de mérito nem a necessidade de instrução desta aula."
cpc-lei-13105-capture-2026-09-28,Art. 242,aula-10.html,unused,"O art. 242 regula A citação será pessoal, podendo, no entanto, ser feita na pessoa do representante legal…; esse assunto não estabelece a saída de mérito nem a necessidade de instrução desta aula."
cpc-lei-13105-capture-2026-09-28,Art. 243,aula-10.html,unused,"O art. 243 regula A citação poderá ser feita em qualquer lugar em que se encontre o réu, o executado ou o…; esse assunto não estabelece a saída de mérito nem a necessidade de instrução desta aula."
cpc-lei-13105-capture-2026-09-28,Art. 244,aula-10.html,unused,"O art. 244 regula Não se fará a citação, salvo para evitar o perecimento do direito:; esse assunto não estabelece a saída de mérito nem a necessidade de instrução desta aula."
cpc-lei-13105-capture-2026-09-28,Art. 245,aula-10.html,unused,O art. 245 regula Não se fará citação quando se verificar que o citando é mentalmente incapaz ou está…; esse assunto não estabelece a saída de mérito nem a necessidade de instrução desta aula.
cpc-lei-13105-capture-2026-09-28,Art. 246,aula-10.html,unused,O art. 246 regula A citação será feita:; esse assunto não estabelece a saída de mérito nem a necessidade de instrução desta aula.
cpc-lei-13105-capture-2026-09-28,Art. 247,aula-10.html,unused,"O art. 247 regula A citação será feita pelo correio para qualquer comarca do país, exceto:; esse assunto não estabelece a saída de mérito nem a necessidade de instrução desta aula."
cpc-lei-13105-capture-2026-09-28,Art. 248,aula-10.html,unused,"O art. 248 regula Deferida a citação pelo correio, o escrivão ou o chefe de secretaria remeterá ao…; esse assunto não estabelece a saída de mérito nem a necessidade de instrução desta aula."
cpc-lei-13105-capture-2026-09-28,Art. 249,aula-10.html,unused,O art. 249 regula A citação será feita por meio de oficial de justiça nas hipóteses previstas neste…; esse assunto não estabelece a saída de mérito nem a necessidade de instrução desta aula.
cpc-lei-13105-capture-2026-09-28,Art. 25,aula-10.html,unused,O art. 25 regula Não compete à autoridade judiciária brasileira o processamento e o julgamento da ação…; esse assunto não estabelece a saída de mérito nem a necessidade de instrução desta aula.
cpc-lei-13105-capture-2026-09-28,Art. 250,aula-10.html,unused,O art. 250 regula O mandado que o oficial de justiça tiver de cumprir conterá:; esse assunto não estabelece a saída de mérito nem a necessidade de instrução desta aula.
cpc-lei-13105-capture-2026-09-28,Art. 251,aula-10.html,unused,"O art. 251 regula Incumbe ao oficial de justiça procurar o citando e, onde o encontrar, citá-lo:; esse assunto não estabelece a saída de mérito nem a necessidade de instrução desta aula."
cpc-lei-13105-capture-2026-09-28,Art. 252,aula-10.html,unused,"O art. 252 regula Quando, por 2 (duas) vezes, o oficial de justiça houver procurado o citando em seu…; esse assunto não estabelece a saída de mérito nem a necessidade de instrução desta aula."
cpc-lei-13105-capture-2026-09-28,Art. 253,aula-10.html,unused,"O art. 253 regula No dia e na hora designados, o oficial de justiça, independentemente de novo despacho,…; esse assunto não estabelece a saída de mérito nem a necessidade de instrução desta aula."
cpc-lei-13105-capture-2026-09-28,Art. 254,aula-10.html,unused,"O art. 254 regula Feita a citação com hora certa, o escrivão ou chefe de secretaria enviará ao réu,…; esse assunto não estabelece a saída de mérito nem a necessidade de instrução desta aula."
cpc-lei-13105-capture-2026-09-28,Art. 255,aula-10.html,unused,O art. 255 regula Nas comarcas contíguas de fácil comunicação e nas que se situem na mesma região…; esse assunto não estabelece a saída de mérito nem a necessidade de instrução desta aula.
cpc-lei-13105-capture-2026-09-28,Art. 256,aula-10.html,unused,O art. 256 regula A citação por edital será feita:; esse assunto não estabelece a saída de mérito nem a necessidade de instrução desta aula.
cpc-lei-13105-capture-2026-09-28,Art. 257,aula-10.html,unused,O art. 257 regula São requisitos da citação por edital:; esse assunto não estabelece a saída de mérito nem a necessidade de instrução desta aula.
cpc-lei-13105-capture-2026-09-28,Art. 258,aula-10.html,unused,"O art. 258 regula A parte que requerer a citação por edital, alegando dolosamente a ocorrência das…; esse assunto não estabelece a saída de mérito nem a necessidade de instrução desta aula."
cpc-lei-13105-capture-2026-09-28,Art. 259,aula-10.html,unused,O art. 259 regula Serão publicados editais:; esse assunto não estabelece a saída de mérito nem a necessidade de instrução desta aula.
cpc-lei-13105-capture-2026-09-28,Art. 26,aula-10.html,unused,O art. 26 regula A cooperação jurídica internacional será regida por tratado de que o Brasil faz parte e…; esse assunto não estabelece a saída de mérito nem a necessidade de instrução desta aula.
cpc-lei-13105-capture-2026-09-28,Art. 260,aula-10.html,unused,"O art. 260 regula São requisitos das cartas de ordem, precatória e rogatória:; esse assunto não estabelece a saída de mérito nem a necessidade de instrução desta aula."
cpc-lei-13105-capture-2026-09-28,Art. 261,aula-10.html,unused,"O art. 261 regula Em todas as cartas o juiz fixará o prazo para cumprimento, atendendo à facilidade das…; esse assunto não estabelece a saída de mérito nem a necessidade de instrução desta aula."
cpc-lei-13105-capture-2026-09-28,Art. 262,aula-10.html,unused,"O art. 262 regula A carta tem caráter itinerante, podendo, antes ou depois de lhe ser ordenado o…; esse assunto não estabelece a saída de mérito nem a necessidade de instrução desta aula."
cpc-lei-13105-capture-2026-09-28,Art. 263,aula-10.html,unused,"O art. 263 regula As cartas deverão, preferencialmente, ser expedidas por meio eletrônico, caso em que a…; esse assunto não estabelece a saída de mérito nem a necessidade de instrução desta aula."
cpc-lei-13105-capture-2026-09-28,Art. 264,aula-10.html,unused,"O art. 264 regula A carta de ordem e a carta precatória por meio eletrônico, por telefone ou por…; esse assunto não estabelece a saída de mérito nem a necessidade de instrução desta aula."
cpc-lei-13105-capture-2026-09-28,Art. 265,aula-10.html,unused,"O art. 265 regula O secretário do tribunal, o escrivão ou o chefe de secretaria do juízo deprecante…; esse assunto não estabelece a saída de mérito nem a necessidade de instrução desta aula."
cpc-lei-13105-capture-2026-09-28,Art. 266,aula-10.html,unused,"O art. 266 regula Serão praticados de ofício os atos requisitados por meio eletrônico e de telegrama,…; esse assunto não estabelece a saída de mérito nem a necessidade de instrução desta aula."
cpc-lei-13105-capture-2026-09-28,Art. 268,aula-10.html,unused,"O art. 268 regula Cumprida a carta, será devolvida ao juízo de origem no prazo de 10 (dez) dias,…; esse assunto não estabelece a saída de mérito nem a necessidade de instrução desta aula."
cpc-lei-13105-capture-2026-09-28,Art. 269,aula-10.html,unused,O art. 269 regula Intimação é o ato pelo qual se dá ciência a alguém dos atos e dos termos do processo.; esse assunto não estabelece a saída de mérito nem a necessidade de instrução desta aula.
cpc-lei-13105-capture-2026-09-28,Art. 27,aula-10.html,unused,O art. 27 regula A cooperação jurídica internacional terá por objeto:; esse assunto não estabelece a saída de mérito nem a necessidade de instrução desta aula.
cpc-lei-13105-capture-2026-09-28,Art. 270,aula-10.html,unused,"O art. 270 regula As intimações realizam-se, sempre que possível, por meio eletrônico, na forma da lei.; esse assunto não estabelece a saída de mérito nem a necessidade de instrução desta aula."
cpc-lei-13105-capture-2026-09-28,Art. 271,aula-10.html,unused,"O art. 271 regula O juiz determinará de ofício as intimações em processos pendentes, salvo disposição em…; esse assunto não estabelece a saída de mérito nem a necessidade de instrução desta aula."
cpc-lei-13105-capture-2026-09-28,Art. 272,aula-10.html,unused,"O art. 272 regula Quando não realizadas por meio eletrônico, consideram-se feitas as intimações pela…; esse assunto não estabelece a saída de mérito nem a necessidade de instrução desta aula."
cpc-lei-13105-capture-2026-09-28,Art. 273,aula-10.html,unused,O art. 273 regula Se inviável a intimação por meio eletrônico e não houver na localidade publicação em…; esse assunto não estabelece a saída de mérito nem a necessidade de instrução desta aula.
cpc-lei-13105-capture-2026-09-28,Art. 274,aula-10.html,unused,"O art. 274 regula Não dispondo a lei de outro modo, as intimações serão feitas às partes, aos seus…; esse assunto não estabelece a saída de mérito nem a necessidade de instrução desta aula."
cpc-lei-13105-capture-2026-09-28,Art. 275,aula-10.html,unused,O art. 275 regula A intimação será feita por oficial de justiça quando frustrada a realização por meio…; esse assunto não estabelece a saída de mérito nem a necessidade de instrução desta aula.
cpc-lei-13105-capture-2026-09-28,Art. 276,aula-10.html,unused,"O art. 276 regula Quando a lei prescrever determinada forma sob pena de nulidade, a decretação desta não…; esse assunto não estabelece a saída de mérito nem a necessidade de instrução desta aula."
cpc-lei-13105-capture-2026-09-28,Art. 277,aula-10.html,unused,"O art. 277 regula Quando a lei prescrever determinada forma, o juiz considerará válido o ato se,…; esse assunto não estabelece a saída de mérito nem a necessidade de instrução desta aula."
cpc-lei-13105-capture-2026-09-28,Art. 278,aula-10.html,unused,O art. 278 regula A nulidade dos atos deve ser alegada na primeira oportunidade em que couber à parte…; esse assunto não estabelece a saída de mérito nem a necessidade de instrução desta aula.
cpc-lei-13105-capture-2026-09-28,Art. 279,aula-10.html,unused,O art. 279 regula É nulo o processo quando o membro do Ministério Público não for intimado a acompanhar o…; esse assunto não estabelece a saída de mérito nem a necessidade de instrução desta aula.
cpc-lei-13105-capture-2026-09-28,Art. 28,aula-10.html,unused,O art. 28 regula Cabe auxílio direto quando a medida não decorrer diretamente de decisão de autoridade…; esse assunto não estabelece a saída de mérito nem a necessidade de instrução desta aula.
cpc-lei-13105-capture-2026-09-28,Art. 280,aula-10.html,unused,O art. 280 regula As citações e as intimações serão nulas quando feitas sem observância das prescrições…; esse assunto não estabelece a saída de mérito nem a necessidade de instrução desta aula.
cpc-lei-13105-capture-2026-09-28,Art. 281,aula-10.html,unused,"O art. 281 regula Anulado o ato, consideram-se de nenhum efeito todos os subsequentes que dele dependam,…; esse assunto não estabelece a saída de mérito nem a necessidade de instrução desta aula."
cpc-lei-13105-capture-2026-09-28,Art. 282,aula-10.html,unused,"O art. 282 regula Ao pronunciar a nulidade, o juiz declarará que atos são atingidos e ordenará as…; esse assunto não estabelece a saída de mérito nem a necessidade de instrução desta aula."
cpc-lei-13105-capture-2026-09-28,Art. 283,aula-10.html,unused,O art. 283 regula O erro de forma do processo acarreta unicamente a anulação dos atos que não possam ser…; esse assunto não estabelece a saída de mérito nem a necessidade de instrução desta aula.
cpc-lei-13105-capture-2026-09-28,Art. 284,aula-10.html,unused,"O art. 284 regula Todos os processos estão sujeitos a registro, devendo ser distribuídos onde houver mais…; esse assunto não estabelece a saída de mérito nem a necessidade de instrução desta aula."
cpc-lei-13105-capture-2026-09-28,Art. 285,aula-10.html,unused,"O art. 285 regula A distribuição, que poderá ser eletrônica, será alternada e aleatória, obedecendo-se…; esse assunto não estabelece a saída de mérito nem a necessidade de instrução desta aula."
cpc-lei-13105-capture-2026-09-28,Art. 287,aula-10.html,unused,"O art. 287 regula A petição inicial deve vir acompanhada de procuração, que conterá os endereços do…; esse assunto não estabelece a saída de mérito nem a necessidade de instrução desta aula."
cpc-lei-13105-capture-2026-09-28,Art. 288,aula-10.html,unused,"O art. 288 regula O juiz, de ofício ou a requerimento do interessado, corrigirá o erro ou compensará a…; esse assunto não estabelece a saída de mérito nem a necessidade de instrução desta aula."
cpc-lei-13105-capture-2026-09-28,Art. 289,aula-10.html,unused,"O art. 289 regula A distribuição poderá ser fiscalizada pela parte, por seu procurador, pelo Ministério…; esse assunto não estabelece a saída de mérito nem a necessidade de instrução desta aula."
cpc-lei-13105-capture-2026-09-28,Art. 29,aula-10.html,unused,O art. 29 regula A solicitação de auxílio direto será encaminhada pelo órgão estrangeiro interessado à…; esse assunto não estabelece a saída de mérito nem a necessidade de instrução desta aula.
cpc-lei-13105-capture-2026-09-28,Art. 290,aula-10.html,unused,"O art. 290 regula Será cancelada a distribuição do feito se a parte, intimada na pessoa de seu advogado,…; esse assunto não estabelece a saída de mérito nem a necessidade de instrução desta aula."
cpc-lei-13105-capture-2026-09-28,Art. 291,aula-10.html,unused,"O art. 291 regula A toda causa será atribuído valor certo, ainda que não tenha conteúdo econômico…; esse assunto não estabelece a saída de mérito nem a necessidade de instrução desta aula."
cpc-lei-13105-capture-2026-09-28,Art. 292,aula-10.html,unused,O art. 292 regula O valor da causa constará da petição inicial ou da reconvenção e será:; esse assunto não estabelece a saída de mérito nem a necessidade de instrução desta aula.
cpc-lei-13105-capture-2026-09-28,Art. 293,aula-10.html,unused,"O art. 293 regula O réu poderá impugnar, em preliminar da contestação, o valor atribuído à causa pelo…; esse assunto não estabelece a saída de mérito nem a necessidade de instrução desta aula."
cpc-lei-13105-capture-2026-09-28,Art. 294,aula-10.html,unused,O art. 294 regula A tutela provisória pode fundamentar-se em urgência ou evidência.; esse assunto não estabelece a saída de mérito nem a necessidade de instrução desta aula.
cpc-lei-13105-capture-2026-09-28,Art. 295,aula-10.html,unused,O art. 295 regula A tutela provisória requerida em caráter incidental independe do pagamento de custas.; esse assunto não estabelece a saída de mérito nem a necessidade de instrução desta aula.
cpc-lei-13105-capture-2026-09-28,Art. 297,aula-10.html,unused,O art. 297 regula O juiz poderá determinar as medidas que considerar adequadas para efetivação da tutela…; esse assunto não estabelece a saída de mérito nem a necessidade de instrução desta aula.
cpc-lei-13105-capture-2026-09-28,Art. 298,aula-10.html,unused,"O art. 298 regula Na decisão que conceder, negar, modificar ou revogar a tutela provisória, o juiz…; esse assunto não estabelece a saída de mérito nem a necessidade de instrução desta aula."
cpc-lei-13105-capture-2026-09-28,Art. 299,aula-10.html,unused,"O art. 299 regula A tutela provisória será requerida ao juízo da causa e, quando antecedente, ao juízo…; esse assunto não estabelece a saída de mérito nem a necessidade de instrução desta aula."
cpc-lei-13105-capture-2026-09-28,Art. 3,aula-10.html,unused,O art. 3 regula ; esse assunto não estabelece a saída de mérito nem a necessidade de instrução desta aula.
cpc-lei-13105-capture-2026-09-28,Art. 30,aula-10.html,unused,"O art. 30 regula Além dos casos previstos em tratados de que o Brasil faz parte, o auxílio direto terá…; esse assunto não estabelece a saída de mérito nem a necessidade de instrução desta aula."
cpc-lei-13105-capture-2026-09-28,Art. 300,aula-10.html,unused,O art. 300 regula A tutela de urgência será concedida quando houver elementos que evidenciem a…; esse assunto não estabelece a saída de mérito nem a necessidade de instrução desta aula.
cpc-lei-13105-capture-2026-09-28,Art. 301,aula-10.html,unused,"O art. 301 regula A tutela de urgência de natureza cautelar pode ser efetivada mediante arresto,…; esse assunto não estabelece a saída de mérito nem a necessidade de instrução desta aula."
cpc-lei-13105-capture-2026-09-28,Art. 302,aula-10.html,unused,"O art. 302 regula Independentemente da reparação por dano processual, a parte responde pelo prejuízo que…; esse assunto não estabelece a saída de mérito nem a necessidade de instrução desta aula."
cpc-lei-13105-capture-2026-09-28,Art. 303,aula-10.html,unused,"O art. 303 regula Nos casos em que a urgência for contemporânea à propositura da ação, a petição inicial…; esse assunto não estabelece a saída de mérito nem a necessidade de instrução desta aula."
cpc-lei-13105-capture-2026-09-28,Art. 304,aula-10.html,unused,"O art. 304 regula A tutela antecipada, concedida nos termos do; esse assunto não estabelece a saída de mérito nem a necessidade de instrução desta aula."
cpc-lei-13105-capture-2026-09-28,Art. 305,aula-10.html,unused,O art. 305 regula A petição inicial da ação que visa à prestação de tutela cautelar em caráter…; esse assunto não estabelece a saída de mérito nem a necessidade de instrução desta aula.
cpc-lei-13105-capture-2026-09-28,Art. 306,aula-10.html,unused,"O art. 306 regula O réu será citado para, no prazo de 5 (cinco) dias, contestar o pedido e indicar as…; esse assunto não estabelece a saída de mérito nem a necessidade de instrução desta aula."
cpc-lei-13105-capture-2026-09-28,Art. 307,aula-10.html,unused,"O art. 307 regula Não sendo contestado o pedido, os fatos alegados pelo autor presumir-se-ão aceitos pelo…; esse assunto não estabelece a saída de mérito nem a necessidade de instrução desta aula."
cpc-lei-13105-capture-2026-09-28,Art. 308,aula-10.html,unused,"O art. 308 regula Efetivada a tutela cautelar, o pedido principal terá de ser formulado pelo autor no…; esse assunto não estabelece a saída de mérito nem a necessidade de instrução desta aula."
cpc-lei-13105-capture-2026-09-28,Art. 309,aula-10.html,unused,"O art. 309 regula Cessa a eficácia da tutela concedida em caráter antecedente, se:; esse assunto não estabelece a saída de mérito nem a necessidade de instrução desta aula."
cpc-lei-13105-capture-2026-09-28,Art. 31,aula-10.html,unused,"O art. 31 regula A autoridade central brasileira comunicar-se-á diretamente com suas congêneres e, se…; esse assunto não estabelece a saída de mérito nem a necessidade de instrução desta aula."
cpc-lei-13105-capture-2026-09-28,Art. 310,aula-10.html,unused,"O art. 310 regula O indeferimento da tutela cautelar não obsta a que a parte formule o pedido principal,…; esse assunto não estabelece a saída de mérito nem a necessidade de instrução desta aula."
cpc-lei-13105-capture-2026-09-28,Art. 311,aula-10.html,unused,"O art. 311 regula A tutela da evidência será concedida, independentemente da demonstração de perigo de…; esse assunto não estabelece a saída de mérito nem a necessidade de instrução desta aula."
cpc-lei-13105-capture-2026-09-28,Art. 312,aula-10.html,unused,"O art. 312 regula Considera-se proposta a ação quando a petição inicial for protocolada, todavia, a…; esse assunto não estabelece a saída de mérito nem a necessidade de instrução desta aula."
cpc-lei-13105-capture-2026-09-28,Art. 313,aula-10.html,unused,O art. 313 regula Suspende-se o processo:; esse assunto não estabelece a saída de mérito nem a necessidade de instrução desta aula.
cpc-lei-13105-capture-2026-09-28,Art. 314,aula-10.html,unused,"O art. 314 regula Durante a suspensão é vedado praticar qualquer ato processual, podendo o juiz, todavia,…; esse assunto não estabelece a saída de mérito nem a necessidade de instrução desta aula."
cpc-lei-13105-capture-2026-09-28,Art. 315,aula-10.html,unused,"O art. 315 regula Se o conhecimento do mérito depender de verificação da existência de fato delituoso, o…; esse assunto não estabelece a saída de mérito nem a necessidade de instrução desta aula."
cpc-lei-13105-capture-2026-09-28,Art. 316,aula-10.html,unused,O art. 316 regula A extinção do processo dar-se-á por sentença.; esse assunto não estabelece a saída de mérito nem a necessidade de instrução desta aula.
cpc-lei-13105-capture-2026-09-28,Art. 317,aula-10.html,unused,"O art. 317 regula Antes de proferir decisão sem resolução de mérito, o juiz deverá conceder à parte…; esse assunto não estabelece a saída de mérito nem a necessidade de instrução desta aula."
cpc-lei-13105-capture-2026-09-28,Art. 318,aula-10.html,unused,"O art. 318 regula Aplica-se a todas as causas o procedimento comum, salvo disposição em contrário deste…; esse assunto não estabelece a saída de mérito nem a necessidade de instrução desta aula."
cpc-lei-13105-capture-2026-09-28,Art. 319,aula-10.html,unused,O art. 319 regula A petição inicial indicará:; esse assunto não estabelece a saída de mérito nem a necessidade de instrução desta aula.
cpc-lei-13105-capture-2026-09-28,Art. 32,aula-10.html,unused,"O art. 32 regula No caso de auxílio direto para a prática de atos que, segundo a lei brasileira, não…; esse assunto não estabelece a saída de mérito nem a necessidade de instrução desta aula."
cpc-lei-13105-capture-2026-09-28,Art. 320,aula-10.html,unused,O art. 320 regula A petição inicial será instruída com os documentos indispensáveis à propositura da ação.; esse assunto não estabelece a saída de mérito nem a necessidade de instrução desta aula.
cpc-lei-13105-capture-2026-09-28,Art. 321,aula-10.html,unused,"O art. 321 regula O juiz, ao verificar que a petição inicial não preenche os requisitos dos; esse assunto não estabelece a saída de mérito nem a necessidade de instrução desta aula."
cpc-lei-13105-capture-2026-09-28,Art. 322,aula-10.html,unused,O art. 322 regula O pedido deve ser certo.; esse assunto não estabelece a saída de mérito nem a necessidade de instrução desta aula.
cpc-lei-13105-capture-2026-09-28,Art. 323,aula-10.html,unused,"O art. 323 regula Na ação que tiver por objeto cumprimento de obrigação em prestações sucessivas, essas…; esse assunto não estabelece a saída de mérito nem a necessidade de instrução desta aula."
cpc-lei-13105-capture-2026-09-28,Art. 324,aula-10.html,unused,O art. 324 regula O pedido deve ser determinado.; esse assunto não estabelece a saída de mérito nem a necessidade de instrução desta aula.
cpc-lei-13105-capture-2026-09-28,Art. 325,aula-10.html,unused,"O art. 325 regula O pedido será alternativo quando, pela natureza da obrigação, o devedor puder cumprir a…; esse assunto não estabelece a saída de mérito nem a necessidade de instrução desta aula."
cpc-lei-13105-capture-2026-09-28,Art. 326,aula-10.html,unused,"O art. 326 regula É lícito formular mais de um pedido em ordem subsidiária, a fim de que o juiz conheça…; esse assunto não estabelece a saída de mérito nem a necessidade de instrução desta aula."
cpc-lei-13105-capture-2026-09-28,Art. 327,aula-10.html,unused,"O art. 327 regula É lícita a cumulação, em um único processo, contra o mesmo réu, de vários pedidos,…; esse assunto não estabelece a saída de mérito nem a necessidade de instrução desta aula."
cpc-lei-13105-capture-2026-09-28,Art. 328,aula-10.html,unused,"O art. 328 regula Na obrigação indivisível com pluralidade de credores, aquele que não participou do…; esse assunto não estabelece a saída de mérito nem a necessidade de instrução desta aula."
cpc-lei-13105-capture-2026-09-28,Art. 329,aula-10.html,unused,O art. 329 regula O autor poderá:; esse assunto não estabelece a saída de mérito nem a necessidade de instrução desta aula.
cpc-lei-13105-capture-2026-09-28,Art. 33,aula-10.html,unused,"O art. 33 regula Recebido o pedido de auxílio direto passivo, a autoridade central o encaminhará à…; esse assunto não estabelece a saída de mérito nem a necessidade de instrução desta aula."
cpc-lei-13105-capture-2026-09-28,Art. 330,aula-10.html,unused,O art. 330 regula A petição inicial será indeferida quando:; esse assunto não estabelece a saída de mérito nem a necessidade de instrução desta aula.
cpc-lei-13105-capture-2026-09-28,Art. 331,aula-10.html,unused,"O art. 331 regula Indeferida a petição inicial, o autor poderá apelar, facultado ao juiz, no prazo de 5…; esse assunto não estabelece a saída de mérito nem a necessidade de instrução desta aula."
cpc-lei-13105-capture-2026-09-28,Art. 332,aula-10.html,unused,"O art. 332 regula Nas causas que dispensem a fase instrutória, o juiz, independentemente da citação do…; esse assunto não estabelece a saída de mérito nem a necessidade de instrução desta aula."
cpc-lei-13105-capture-2026-09-28,Art. 333,aula-10.html,unused,O art. 333 regula (VETADO).; esse assunto não estabelece a saída de mérito nem a necessidade de instrução desta aula.
cpc-lei-13105-capture-2026-09-28,Art. 334,aula-10.html,unused,O art. 334 regula Se a petição inicial preencher os requisitos essenciais e não for o caso de…; esse assunto não estabelece a saída de mérito nem a necessidade de instrução desta aula.
cpc-lei-13105-capture-2026-09-28,Art. 335,aula-10.html,unused,"O art. 335 regula O réu poderá oferecer contestação, por petição, no prazo de 15 (quinze) dias, cujo…; esse assunto não estabelece a saída de mérito nem a necessidade de instrução desta aula."
cpc-lei-13105-capture-2026-09-28,Art. 336,aula-10.html,unused,"O art. 336 regula Incumbe ao réu alegar, na contestação, toda a matéria de defesa, expondo as razões de…; esse assunto não estabelece a saída de mérito nem a necessidade de instrução desta aula."
cpc-lei-13105-capture-2026-09-28,Art. 337,aula-10.html,unused,"O art. 337 regula Incumbe ao réu, antes de discutir o mérito, alegar:; esse assunto não estabelece a saída de mérito nem a necessidade de instrução desta aula."
cpc-lei-13105-capture-2026-09-28,Art. 338,aula-10.html,unused,"O art. 338 regula Alegando o réu, na contestação, ser parte ilegítima ou não ser o responsável pelo…; esse assunto não estabelece a saída de mérito nem a necessidade de instrução desta aula."
cpc-lei-13105-capture-2026-09-28,Art. 339,aula-10.html,unused,"O art. 339 regula Quando alegar sua ilegitimidade, incumbe ao réu indicar o sujeito passivo da relação…; esse assunto não estabelece a saída de mérito nem a necessidade de instrução desta aula."
cpc-lei-13105-capture-2026-09-28,Art. 34,aula-10.html,unused,O art. 34 regula Compete ao juízo federal do lugar em que deva ser executada a medida apreciar pedido de…; esse assunto não estabelece a saída de mérito nem a necessidade de instrução desta aula.
cpc-lei-13105-capture-2026-09-28,Art. 340,aula-10.html,unused,"O art. 340 regula Havendo alegação de incompetência relativa ou absoluta, a contestação poderá ser…; esse assunto não estabelece a saída de mérito nem a necessidade de instrução desta aula."
cpc-lei-13105-capture-2026-09-28,Art. 341,aula-10.html,unused,O art. 341 regula Incumbe também ao réu manifestar-se precisamente sobre as alegações de fato constantes…; esse assunto não estabelece a saída de mérito nem a necessidade de instrução desta aula.
cpc-lei-13105-capture-2026-09-28,Art. 342,aula-10.html,unused,"O art. 342 regula Depois da contestação, só é lícito ao réu deduzir novas alegações quando:; esse assunto não estabelece a saída de mérito nem a necessidade de instrução desta aula."
cpc-lei-13105-capture-2026-09-28,Art. 343,aula-10.html,unused,"O art. 343 regula Na contestação, é lícito ao réu propor reconvenção para manifestar pretensão própria,…; esse assunto não estabelece a saída de mérito nem a necessidade de instrução desta aula."
cpc-lei-13105-capture-2026-09-28,Art. 344,aula-10.html,supporting,"O art. 344 descreve os efeitos da revelia que podem acionar a hipótese do art. 355, II, quando o registro já permite julgar."
cpc-lei-13105-capture-2026-09-28,Art. 345,aula-10.html,supporting,"O art. 345 delimita exceções aos efeitos da revelia e, assim, quando o art. 355, II, não autoriza dispensar instrução por esse fundamento."
cpc-lei-13105-capture-2026-09-28,Art. 346,aula-10.html,unused,O art. 346 regula Os prazos contra o revel que não tenha patrono nos autos fluirão da data de publicação…; esse assunto não estabelece a saída de mérito nem a necessidade de instrução desta aula.
cpc-lei-13105-capture-2026-09-28,Art. 347,aula-10.html,unused,"O art. 347 regula Findo o prazo para a contestação, o juiz tomará, conforme o caso, as providências…; esse assunto não estabelece a saída de mérito nem a necessidade de instrução desta aula."
cpc-lei-13105-capture-2026-09-28,Art. 348,aula-10.html,supporting,O art. 348 manda especificar provas quando a revelia não produz seus efeitos; isso afeta diretamente a decisão de instruir ou julgar.
cpc-lei-13105-capture-2026-09-28,Art. 349,aula-10.html,supporting,"O art. 349 preserva ao réu revel a produção de prova contraposta se ele ingressar a tempo, fator direto para decidir se a instrução ainda é necessária."
cpc-lei-13105-capture-2026-09-28,Art. 35,aula-10.html,unused,O art. 35 regula (VETADO).; esse assunto não estabelece a saída de mérito nem a necessidade de instrução desta aula.
cpc-lei-13105-capture-2026-09-28,Art. 350,aula-10.html,unused,"O art. 350 regula Se o réu alegar fato impeditivo, modificativo ou extintivo do direito do autor, este…; esse assunto não estabelece a saída de mérito nem a necessidade de instrução desta aula."
cpc-lei-13105-capture-2026-09-28,Art. 351,aula-10.html,unused,O art. 351 regula Se o réu alegar qualquer das matérias enumeradas no; esse assunto não estabelece a saída de mérito nem a necessidade de instrução desta aula.
cpc-lei-13105-capture-2026-09-28,Art. 352,aula-10.html,unused,"O art. 352 regula Verificando a existência de irregularidades ou de vícios sanáveis, o juiz determinará…; esse assunto não estabelece a saída de mérito nem a necessidade de instrução desta aula."
cpc-lei-13105-capture-2026-09-28,Art. 353,aula-10.html,supporting,O art. 353 liga o encerramento das providências preliminares ao julgamento conforme o estado do processo e marca a transição para a escolha desta aula.
cpc-lei-13105-capture-2026-09-28,Art. 354,aula-10.html,unused,"O art. 354 reúne vias de extinção e resolução previstas nos arts. 485 e 487, II–III, remetidas ao recorte da aula-11; esta aula concentra arts. 355 e 357."
cpc-lei-13105-capture-2026-09-28,Art. 355,aula-10.html,supporting,O art. 355 enuncia as hipóteses de julgamento antecipado do mérito e dá o critério normativo para decidir sem novas provas.
cpc-lei-13105-capture-2026-09-28,Art. 356,aula-10.html,unused,"O art. 356 trata do julgamento parcial do mérito, reservado pelo mapa à aula-11-merito."
cpc-lei-13105-capture-2026-09-28,Art. 357,aula-10.html,supporting,"O art. 357 indica a organização do processo e da instrução quando não cabe nenhuma das saídas anteriores, contraponto direto ao julgamento imediato."
cpc-lei-13105-capture-2026-09-28,Art. 358,aula-10.html,unused,"O art. 358 regula No dia e na hora designados, o juiz declarará aberta a audiência de instrução e…; esse assunto não estabelece a saída de mérito nem a necessidade de instrução desta aula."
cpc-lei-13105-capture-2026-09-28,Art. 359,aula-10.html,unused,"O art. 359 regula Instalada a audiência, o juiz tentará conciliar as partes, independentemente do emprego…; esse assunto não estabelece a saída de mérito nem a necessidade de instrução desta aula."
cpc-lei-13105-capture-2026-09-28,Art. 36,aula-10.html,unused,O art. 36 regula O procedimento da carta rogatória perante o Superior Tribunal de Justiça é de…; esse assunto não estabelece a saída de mérito nem a necessidade de instrução desta aula.
cpc-lei-13105-capture-2026-09-28,Art. 360,aula-10.html,unused,"O art. 360 regula O juiz exerce o poder de polícia, incumbindo-lhe:; esse assunto não estabelece a saída de mérito nem a necessidade de instrução desta aula."
cpc-lei-13105-capture-2026-09-28,Art. 361,aula-10.html,unused,"O art. 361 regula As provas orais serão produzidas em audiência, ouvindo-se nesta ordem,…; esse assunto não estabelece a saída de mérito nem a necessidade de instrução desta aula."
cpc-lei-13105-capture-2026-09-28,Art. 362,aula-10.html,unused,O art. 362 regula A audiência poderá ser adiada:; esse assunto não estabelece a saída de mérito nem a necessidade de instrução desta aula.
cpc-lei-13105-capture-2026-09-28,Art. 363,aula-10.html,unused,"O art. 363 regula Havendo antecipação ou adiamento da audiência, o juiz, de ofício ou a requerimento da…; esse assunto não estabelece a saída de mérito nem a necessidade de instrução desta aula."
cpc-lei-13105-capture-2026-09-28,Art. 364,aula-10.html,unused,"O art. 364 regula Finda a instrução, o juiz dará a palavra ao advogado do autor e do réu, bem como ao…; esse assunto não estabelece a saída de mérito nem a necessidade de instrução desta aula."
cpc-lei-13105-capture-2026-09-28,Art. 365,aula-10.html,unused,"O art. 365 regula A audiência é una e contínua, podendo ser excepcional e justificadamente cindida na…; esse assunto não estabelece a saída de mérito nem a necessidade de instrução desta aula."
cpc-lei-13105-capture-2026-09-28,Art. 366,aula-10.html,unused,"O art. 366 regula Encerrado o debate ou oferecidas as razões finais, o juiz proferirá sentença em…; esse assunto não estabelece a saída de mérito nem a necessidade de instrução desta aula."
cpc-lei-13105-capture-2026-09-28,Art. 367,aula-10.html,unused,"O art. 367 regula O servidor lavrará, sob ditado do juiz, termo que conterá, em resumo, o ocorrido na…; esse assunto não estabelece a saída de mérito nem a necessidade de instrução desta aula."
cpc-lei-13105-capture-2026-09-28,Art. 368,aula-10.html,unused,"O art. 368 regula A audiência será pública, ressalvadas as exceções legais.; esse assunto não estabelece a saída de mérito nem a necessidade de instrução desta aula."
cpc-lei-13105-capture-2026-09-28,Art. 369,aula-10.html,unused,"O art. 369 regula As partes têm o direito de empregar todos os meios legais, bem como os moralmente…; esse assunto não estabelece a saída de mérito nem a necessidade de instrução desta aula."
cpc-lei-13105-capture-2026-09-28,Art. 37,aula-10.html,unused,O art. 37 regula O pedido de cooperação jurídica internacional oriundo de autoridade brasileira…; esse assunto não estabelece a saída de mérito nem a necessidade de instrução desta aula.
cpc-lei-13105-capture-2026-09-28,Art. 370,aula-10.html,supporting,O art. 370 autoriza a determinação das provas necessárias ao julgamento do mérito e dá suporte direto à avaliação de necessidade de instrução.
cpc-lei-13105-capture-2026-09-28,Art. 371,aula-10.html,unused,"O art. 371 disciplina a valoração da prova já produzida; esta aula decide se é preciso instruir, tema distinto da avaliação do resultado probatório."
cpc-lei-13105-capture-2026-09-28,Art. 372,aula-10.html,unused,"O art. 372 regula O juiz poderá admitir a utilização de prova produzida em outro processo, atribuindo-lhe…; esse assunto não estabelece a saída de mérito nem a necessidade de instrução desta aula."
cpc-lei-13105-capture-2026-09-28,Art. 373,aula-10.html,unused,O art. 373 regula O ônus da prova incumbe:; esse assunto não estabelece a saída de mérito nem a necessidade de instrução desta aula.
cpc-lei-13105-capture-2026-09-28,Art. 374,aula-10.html,unused,O art. 374 regula Não dependem de prova os fatos:; esse assunto não estabelece a saída de mérito nem a necessidade de instrução desta aula.
cpc-lei-13105-capture-2026-09-28,Art. 375,aula-10.html,unused,O art. 375 regula O juiz aplicará as regras de experiência comum subministradas pela observação do que…; esse assunto não estabelece a saída de mérito nem a necessidade de instrução desta aula.
cpc-lei-13105-capture-2026-09-28,Art. 376,aula-10.html,unused,"O art. 376 regula A parte que alegar direito municipal, estadual, estrangeiro ou consuetudinário…; esse assunto não estabelece a saída de mérito nem a necessidade de instrução desta aula."
cpc-lei-13105-capture-2026-09-28,Art. 377,aula-10.html,unused,"O art. 377 regula A carta precatória, a carta rogatória e o auxílio direto suspenderão o julgamento da…; esse assunto não estabelece a saída de mérito nem a necessidade de instrução desta aula."
cpc-lei-13105-capture-2026-09-28,Art. 378,aula-10.html,unused,O art. 378 regula Ninguém se exime do dever de colaborar com o Poder Judiciário para o descobrimento da…; esse assunto não estabelece a saída de mérito nem a necessidade de instrução desta aula.
cpc-lei-13105-capture-2026-09-28,Art. 379,aula-10.html,unused,"O art. 379 regula Preservado o direito de não produzir prova contra si própria, incumbe à parte:; esse assunto não estabelece a saída de mérito nem a necessidade de instrução desta aula."
cpc-lei-13105-capture-2026-09-28,Art. 38,aula-10.html,unused,O art. 38 regula O pedido de cooperação oriundo de autoridade brasileira competente e os documentos…; esse assunto não estabelece a saída de mérito nem a necessidade de instrução desta aula.
cpc-lei-13105-capture-2026-09-28,Art. 380,aula-10.html,unused,"O art. 380 regula Incumbe ao terceiro, em relação a qualquer causa:; esse assunto não estabelece a saída de mérito nem a necessidade de instrução desta aula."
cpc-lei-13105-capture-2026-09-28,Art. 381,aula-10.html,unused,O art. 381 regula A produção antecipada da prova será admitida nos casos em que:; esse assunto não estabelece a saída de mérito nem a necessidade de instrução desta aula.
cpc-lei-13105-capture-2026-09-28,Art. 382,aula-10.html,unused,"O art. 382 regula Na petição, o requerente apresentará as razões que justificam a necessidade de…; esse assunto não estabelece a saída de mérito nem a necessidade de instrução desta aula."
cpc-lei-13105-capture-2026-09-28,Art. 383,aula-10.html,unused,O art. 383 regula Os autos permanecerão em cartório durante 1 (um) mês para extração de cópias e…; esse assunto não estabelece a saída de mérito nem a necessidade de instrução desta aula.
cpc-lei-13105-capture-2026-09-28,Art. 384,aula-10.html,unused,"O art. 384 regula A existência e o modo de existir de algum fato podem ser atestados ou documentados, a…; esse assunto não estabelece a saída de mérito nem a necessidade de instrução desta aula."
cpc-lei-13105-capture-2026-09-28,Art. 385,aula-10.html,unused,"O art. 385 regula Cabe à parte requerer o depoimento pessoal da outra parte, a fim de que esta seja…; esse assunto não estabelece a saída de mérito nem a necessidade de instrução desta aula."
cpc-lei-13105-capture-2026-09-28,Art. 386,aula-10.html,unused,"O art. 386 regula Quando a parte, sem motivo justificado, deixar de responder ao que lhe for perguntado…; esse assunto não estabelece a saída de mérito nem a necessidade de instrução desta aula."
cpc-lei-13105-capture-2026-09-28,Art. 387,aula-10.html,unused,"O art. 387 regula A parte responderá pessoalmente sobre os fatos articulados, não podendo servir-se de…; esse assunto não estabelece a saída de mérito nem a necessidade de instrução desta aula."
cpc-lei-13105-capture-2026-09-28,Art. 388,aula-10.html,unused,O art. 388 regula A parte não é obrigada a depor sobre fatos:; esse assunto não estabelece a saída de mérito nem a necessidade de instrução desta aula.
cpc-lei-13105-capture-2026-09-28,Art. 389,aula-10.html,unused,"O art. 389 regula Há confissão, judicial ou extrajudicial, quando a parte admite a verdade de fato…; esse assunto não estabelece a saída de mérito nem a necessidade de instrução desta aula."
cpc-lei-13105-capture-2026-09-28,Art. 39,aula-10.html,unused,O art. 39 regula O pedido passivo de cooperação jurídica internacional será recusado se configurar…; esse assunto não estabelece a saída de mérito nem a necessidade de instrução desta aula.
cpc-lei-13105-capture-2026-09-28,Art. 390,aula-10.html,unused,O art. 390 regula A confissão judicial pode ser espontânea ou provocada.; esse assunto não estabelece a saída de mérito nem a necessidade de instrução desta aula.
cpc-lei-13105-capture-2026-09-28,Art. 391,aula-10.html,unused,"O art. 391 regula A confissão judicial faz prova contra o confitente, não prejudicando, todavia, os…; esse assunto não estabelece a saída de mérito nem a necessidade de instrução desta aula."
cpc-lei-13105-capture-2026-09-28,Art. 392,aula-10.html,unused,"O art. 392 regula Não vale como confissão a admissão, em juízo, de fatos relativos a direitos…; esse assunto não estabelece a saída de mérito nem a necessidade de instrução desta aula."
cpc-lei-13105-capture-2026-09-28,Art. 393,aula-10.html,unused,"O art. 393 regula A confissão é irrevogável, mas pode ser anulada se decorreu de erro de fato ou de…; esse assunto não estabelece a saída de mérito nem a necessidade de instrução desta aula."
cpc-lei-13105-capture-2026-09-28,Art. 394,aula-10.html,unused,"O art. 394 regula A confissão extrajudicial, quando feita oralmente, só terá eficácia nos casos em que a…; esse assunto não estabelece a saída de mérito nem a necessidade de instrução desta aula."
cpc-lei-13105-capture-2026-09-28,Art. 395,aula-10.html,unused,"O art. 395 regula A confissão é, em regra, indivisível, não podendo a parte que a quiser invocar como…; esse assunto não estabelece a saída de mérito nem a necessidade de instrução desta aula."
cpc-lei-13105-capture-2026-09-28,Art. 396,aula-10.html,unused,O art. 396 regula O juiz pode ordenar que a parte exiba documento ou coisa que se encontre em seu poder.; esse assunto não estabelece a saída de mérito nem a necessidade de instrução desta aula.
cpc-lei-13105-capture-2026-09-28,Art. 397,aula-10.html,unused,O art. 397 regula O pedido formulado pela parte conterá:; esse assunto não estabelece a saída de mérito nem a necessidade de instrução desta aula.
cpc-lei-13105-capture-2026-09-28,Art. 398,aula-10.html,unused,O art. 398 regula O requerido dará sua resposta nos 5 (cinco) dias subsequentes à sua intimação.; esse assunto não estabelece a saída de mérito nem a necessidade de instrução desta aula.
cpc-lei-13105-capture-2026-09-28,Art. 399,aula-10.html,unused,O art. 399 regula O juiz não admitirá a recusa se:; esse assunto não estabelece a saída de mérito nem a necessidade de instrução desta aula.
cpc-lei-13105-capture-2026-09-28,Art. 4,aula-10.html,unused,O art. 4 regula ; esse assunto não estabelece a saída de mérito nem a necessidade de instrução desta aula.
cpc-lei-13105-capture-2026-09-28,Art. 40,aula-10.html,unused,O art. 40 regula A cooperação jurídica internacional para execução de decisão estrangeira dar-se-á por…; esse assunto não estabelece a saída de mérito nem a necessidade de instrução desta aula.
cpc-lei-13105-capture-2026-09-28,Art. 400,aula-10.html,unused,"O art. 400 regula Ao decidir o pedido, o juiz admitirá como verdadeiros os fatos que, por meio do…; esse assunto não estabelece a saída de mérito nem a necessidade de instrução desta aula."
cpc-lei-13105-capture-2026-09-28,Art. 401,aula-10.html,unused,"O art. 401 regula Quando o documento ou a coisa estiver em poder de terceiro, o juiz ordenará sua citação…; esse assunto não estabelece a saída de mérito nem a necessidade de instrução desta aula."
cpc-lei-13105-capture-2026-09-28,Art. 402,aula-10.html,unused,"O art. 402 regula Se o terceiro negar a obrigação de exibir ou a posse do documento ou da coisa, o juiz…; esse assunto não estabelece a saída de mérito nem a necessidade de instrução desta aula."
cpc-lei-13105-capture-2026-09-28,Art. 403,aula-10.html,unused,"O art. 403 regula Se o terceiro, sem justo motivo, se recusar a efetuar a exibição, o juiz ordenar-lhe-á…; esse assunto não estabelece a saída de mérito nem a necessidade de instrução desta aula."
cpc-lei-13105-capture-2026-09-28,Art. 404,aula-10.html,unused,"O art. 404 regula A parte e o terceiro se escusam de exibir, em juízo, o documento ou a coisa se:; esse assunto não estabelece a saída de mérito nem a necessidade de instrução desta aula."
cpc-lei-13105-capture-2026-09-28,Art. 405,aula-10.html,unused,"O art. 405 regula O documento público faz prova não só da sua formação, mas também dos fatos que o…; esse assunto não estabelece a saída de mérito nem a necessidade de instrução desta aula."
cpc-lei-13105-capture-2026-09-28,Art. 406,aula-10.html,unused,"O art. 406 regula Quando a lei exigir instrumento público como da substância do ato, nenhuma outra prova,…; esse assunto não estabelece a saída de mérito nem a necessidade de instrução desta aula."
cpc-lei-13105-capture-2026-09-28,Art. 407,aula-10.html,unused,O art. 407 regula O documento feito por oficial público incompetente ou sem a observância das…; esse assunto não estabelece a saída de mérito nem a necessidade de instrução desta aula.
cpc-lei-13105-capture-2026-09-28,Art. 408,aula-10.html,unused,O art. 408 regula As declarações constantes do documento particular escrito e assinado ou somente…; esse assunto não estabelece a saída de mérito nem a necessidade de instrução desta aula.
cpc-lei-13105-capture-2026-09-28,Art. 409,aula-10.html,unused,"O art. 409 regula A data do documento particular, quando a seu respeito surgir dúvida ou impugnação entre…; esse assunto não estabelece a saída de mérito nem a necessidade de instrução desta aula."
cpc-lei-13105-capture-2026-09-28,Art. 41,aula-10.html,unused,O art. 41 regula Considera-se autêntico o documento que instruir pedido de cooperação jurídica…; esse assunto não estabelece a saída de mérito nem a necessidade de instrução desta aula.
cpc-lei-13105-capture-2026-09-28,Art. 410,aula-10.html,unused,O art. 410 regula Considera-se autor do documento particular:; esse assunto não estabelece a saída de mérito nem a necessidade de instrução desta aula.
cpc-lei-13105-capture-2026-09-28,Art. 411,aula-10.html,unused,O art. 411 regula Considera-se autêntico o documento quando:; esse assunto não estabelece a saída de mérito nem a necessidade de instrução desta aula.
cpc-lei-13105-capture-2026-09-28,Art. 412,aula-10.html,unused,O art. 412 regula O documento particular de cuja autenticidade não se duvida prova que o seu autor fez a…; esse assunto não estabelece a saída de mérito nem a necessidade de instrução desta aula.
cpc-lei-13105-capture-2026-09-28,Art. 413,aula-10.html,unused,"O art. 413 regula O telegrama, o radiograma ou qualquer outro meio de transmissão tem a mesma força…; esse assunto não estabelece a saída de mérito nem a necessidade de instrução desta aula."
cpc-lei-13105-capture-2026-09-28,Art. 414,aula-10.html,unused,"O art. 414 regula O telegrama ou o radiograma presume-se conforme com o original, provando as datas de…; esse assunto não estabelece a saída de mérito nem a necessidade de instrução desta aula."
cpc-lei-13105-capture-2026-09-28,Art. 415,aula-10.html,unused,O art. 415 regula As cartas e os registros domésticos provam contra quem os escreveu quando:; esse assunto não estabelece a saída de mérito nem a necessidade de instrução desta aula.
cpc-lei-13105-capture-2026-09-28,Art. 416,aula-10.html,unused,"O art. 416 regula A nota escrita pelo credor em qualquer parte de documento representativo de obrigação,…; esse assunto não estabelece a saída de mérito nem a necessidade de instrução desta aula."
cpc-lei-13105-capture-2026-09-28,Art. 417,aula-10.html,unused,"O art. 417 regula Os livros empresariais provam contra seu autor, sendo lícito ao empresário, todavia,…; esse assunto não estabelece a saída de mérito nem a necessidade de instrução desta aula."
cpc-lei-13105-capture-2026-09-28,Art. 418,aula-10.html,unused,O art. 418 regula Os livros empresariais que preencham os requisitos exigidos por lei provam a favor de…; esse assunto não estabelece a saída de mérito nem a necessidade de instrução desta aula.
cpc-lei-13105-capture-2026-09-28,Art. 419,aula-10.html,unused,"O art. 419 regula A escrituração contábil é indivisível, e, se dos fatos que resultam dos lançamentos,…; esse assunto não estabelece a saída de mérito nem a necessidade de instrução desta aula."
cpc-lei-13105-capture-2026-09-28,Art. 42,aula-10.html,unused,O art. 42 regula As causas cíveis serão processadas e decididas pelo juiz nos limites de sua…; esse assunto não estabelece a saída de mérito nem a necessidade de instrução desta aula.
cpc-lei-13105-capture-2026-09-28,Art. 420,aula-10.html,unused,"O art. 420 regula O juiz pode ordenar, a requerimento da parte, a exibição integral dos livros…; esse assunto não estabelece a saída de mérito nem a necessidade de instrução desta aula."
cpc-lei-13105-capture-2026-09-28,Art. 421,aula-10.html,unused,"O art. 421 regula O juiz pode, de ofício, ordenar à parte a exibição parcial dos livros e dos documentos,…; esse assunto não estabelece a saída de mérito nem a necessidade de instrução desta aula."
cpc-lei-13105-capture-2026-09-28,Art. 422,aula-10.html,unused,"O art. 422 regula Qualquer reprodução mecânica, como a fotográfica, a cinematográfica, a fonográfica ou…; esse assunto não estabelece a saída de mérito nem a necessidade de instrução desta aula."
cpc-lei-13105-capture-2026-09-28,Art. 423,aula-10.html,unused,"O art. 423 regula As reproduções dos documentos particulares, fotográficas ou obtidas por outros…; esse assunto não estabelece a saída de mérito nem a necessidade de instrução desta aula."
cpc-lei-13105-capture-2026-09-28,Art. 424,aula-10.html,unused,"O art. 424 regula A cópia de documento particular tem o mesmo valor probante que o original, cabendo ao…; esse assunto não estabelece a saída de mérito nem a necessidade de instrução desta aula."
cpc-lei-13105-capture-2026-09-28,Art. 425,aula-10.html,unused,O art. 425 regula Fazem a mesma prova que os originais:; esse assunto não estabelece a saída de mérito nem a necessidade de instrução desta aula.
cpc-lei-13105-capture-2026-09-28,Art. 426,aula-10.html,unused,"O art. 426 regula O juiz apreciará fundamentadamente a fé que deva merecer o documento, quando em ponto…; esse assunto não estabelece a saída de mérito nem a necessidade de instrução desta aula."
cpc-lei-13105-capture-2026-09-28,Art. 427,aula-10.html,unused,O art. 427 regula Cessa a fé do documento público ou particular sendo-lhe declarada judicialmente a…; esse assunto não estabelece a saída de mérito nem a necessidade de instrução desta aula.
cpc-lei-13105-capture-2026-09-28,Art. 428,aula-10.html,unused,O art. 428 regula Cessa a fé do documento particular quando:; esse assunto não estabelece a saída de mérito nem a necessidade de instrução desta aula.
cpc-lei-13105-capture-2026-09-28,Art. 429,aula-10.html,unused,O art. 429 regula Incumbe o ônus da prova quando:; esse assunto não estabelece a saída de mérito nem a necessidade de instrução desta aula.
cpc-lei-13105-capture-2026-09-28,Art. 43,aula-10.html,unused,O art. 43 regula Determina-se a competência no momento do registro ou da distribuição da petição…; esse assunto não estabelece a saída de mérito nem a necessidade de instrução desta aula.
cpc-lei-13105-capture-2026-09-28,Art. 430,aula-10.html,unused,"O art. 430 regula A falsidade deve ser suscitada na contestação, na réplica ou no prazo de 15 (quinze)…; esse assunto não estabelece a saída de mérito nem a necessidade de instrução desta aula."
cpc-lei-13105-capture-2026-09-28,Art. 431,aula-10.html,unused,O art. 431 regula A parte arguirá a falsidade expondo os motivos em que funda a sua pretensão e os meios…; esse assunto não estabelece a saída de mérito nem a necessidade de instrução desta aula.
cpc-lei-13105-capture-2026-09-28,Art. 432,aula-10.html,unused,"O art. 432 regula Depois de ouvida a outra parte no prazo de 15 (quinze) dias, será realizado o exame…; esse assunto não estabelece a saída de mérito nem a necessidade de instrução desta aula."
cpc-lei-13105-capture-2026-09-28,Art. 433,aula-10.html,unused,"O art. 433 regula A declaração sobre a falsidade do documento, quando suscitada como questão principal,…; esse assunto não estabelece a saída de mérito nem a necessidade de instrução desta aula."
cpc-lei-13105-capture-2026-09-28,Art. 434,aula-10.html,unused,O art. 434 regula Incumbe à parte instruir a petição inicial ou a contestação com os documentos…; esse assunto não estabelece a saída de mérito nem a necessidade de instrução desta aula.
cpc-lei-13105-capture-2026-09-28,Art. 435,aula-10.html,unused,"O art. 435 regula É lícito às partes, em qualquer tempo, juntar aos autos documentos novos, quando…; esse assunto não estabelece a saída de mérito nem a necessidade de instrução desta aula."
cpc-lei-13105-capture-2026-09-28,Art. 436,aula-10.html,unused,"O art. 436 regula A parte, intimada a falar sobre documento constante dos autos, poderá:; esse assunto não estabelece a saída de mérito nem a necessidade de instrução desta aula."
cpc-lei-13105-capture-2026-09-28,Art. 437,aula-10.html,unused,"O art. 437 regula O réu manifestar-se-á na contestação sobre os documentos anexados à inicial, e o autor…; esse assunto não estabelece a saída de mérito nem a necessidade de instrução desta aula."
cpc-lei-13105-capture-2026-09-28,Art. 438,aula-10.html,unused,"O art. 438 regula O juiz requisitará às repartições públicas, em qualquer tempo ou grau de jurisdição:; esse assunto não estabelece a saída de mérito nem a necessidade de instrução desta aula."
cpc-lei-13105-capture-2026-09-28,Art. 439,aula-10.html,unused,O art. 439 regula A utilização de documentos eletrônicos no processo convencional dependerá de sua…; esse assunto não estabelece a saída de mérito nem a necessidade de instrução desta aula.
cpc-lei-13105-capture-2026-09-28,Art. 44,aula-10.html,unused,O art. 44 regula Obedecidos os limites estabelecidos pela; esse assunto não estabelece a saída de mérito nem a necessidade de instrução desta aula.
cpc-lei-13105-capture-2026-09-28,Art. 440,aula-10.html,unused,"O art. 440 regula O juiz apreciará o valor probante do documento eletrônico não convertido, assegurado às…; esse assunto não estabelece a saída de mérito nem a necessidade de instrução desta aula."
cpc-lei-13105-capture-2026-09-28,Art. 441,aula-10.html,unused,O art. 441 regula Serão admitidos documentos eletrônicos produzidos e conservados com a observância da…; esse assunto não estabelece a saída de mérito nem a necessidade de instrução desta aula.
cpc-lei-13105-capture-2026-09-28,Art. 442,aula-10.html,unused,"O art. 442 regula A prova testemunhal é sempre admissível, não dispondo a lei de modo diverso.; esse assunto não estabelece a saída de mérito nem a necessidade de instrução desta aula."
cpc-lei-13105-capture-2026-09-28,Art. 443,aula-10.html,unused,O art. 443 regula O juiz indeferirá a inquirição de testemunhas sobre fatos:; esse assunto não estabelece a saída de mérito nem a necessidade de instrução desta aula.
cpc-lei-13105-capture-2026-09-28,Art. 444,aula-10.html,unused,"O art. 444 regula Nos casos em que a lei exigir prova escrita da obrigação, é admissível a prova…; esse assunto não estabelece a saída de mérito nem a necessidade de instrução desta aula."
cpc-lei-13105-capture-2026-09-28,Art. 445,aula-10.html,unused,"O art. 445 regula Também se admite a prova testemunhal quando o credor não pode ou não podia, moral ou…; esse assunto não estabelece a saída de mérito nem a necessidade de instrução desta aula."
cpc-lei-13105-capture-2026-09-28,Art. 446,aula-10.html,unused,O art. 446 regula É lícito à parte provar com testemunhas:; esse assunto não estabelece a saída de mérito nem a necessidade de instrução desta aula.
cpc-lei-13105-capture-2026-09-28,Art. 447,aula-10.html,unused,"O art. 447 regula Podem depor como testemunhas todas as pessoas, exceto as incapazes, impedidas ou…; esse assunto não estabelece a saída de mérito nem a necessidade de instrução desta aula."
cpc-lei-13105-capture-2026-09-28,Art. 448,aula-10.html,unused,O art. 448 regula A testemunha não é obrigada a depor sobre fatos:; esse assunto não estabelece a saída de mérito nem a necessidade de instrução desta aula.
cpc-lei-13105-capture-2026-09-28,Art. 449,aula-10.html,unused,"O art. 449 regula Salvo disposição especial em contrário, as testemunhas devem ser ouvidas na sede do…; esse assunto não estabelece a saída de mérito nem a necessidade de instrução desta aula."
cpc-lei-13105-capture-2026-09-28,Art. 45,aula-10.html,unused,"O art. 45 regula Tramitando o processo perante outro juízo, os autos serão remetidos ao juízo federal…; esse assunto não estabelece a saída de mérito nem a necessidade de instrução desta aula."
cpc-lei-13105-capture-2026-09-28,Art. 450,aula-10.html,unused,"O art. 450 regula O rol de testemunhas conterá, sempre que possível, o nome, a profissão, o estado civil,…; esse assunto não estabelece a saída de mérito nem a necessidade de instrução desta aula."
cpc-lei-13105-capture-2026-09-28,Art. 451,aula-10.html,unused,O art. 451 regula Depois de apresentado o rol de que tratam os; esse assunto não estabelece a saída de mérito nem a necessidade de instrução desta aula.
cpc-lei-13105-capture-2026-09-28,Art. 452,aula-10.html,unused,"O art. 452 regula Quando for arrolado como testemunha, o juiz da causa:; esse assunto não estabelece a saída de mérito nem a necessidade de instrução desta aula."
cpc-lei-13105-capture-2026-09-28,Art. 453,aula-10.html,unused,"O art. 453 regula As testemunhas depõem, na audiência de instrução e julgamento, perante o juiz da causa,…; esse assunto não estabelece a saída de mérito nem a necessidade de instrução desta aula."
cpc-lei-13105-capture-2026-09-28,Art. 454,aula-10.html,unused,O art. 454 regula São inquiridos em sua residência ou onde exercem sua função:; esse assunto não estabelece a saída de mérito nem a necessidade de instrução desta aula.
cpc-lei-13105-capture-2026-09-28,Art. 455,aula-10.html,unused,"O art. 455 regula Cabe ao advogado da parte informar ou intimar a testemunha por ele arrolada do dia, da…; esse assunto não estabelece a saída de mérito nem a necessidade de instrução desta aula."
cpc-lei-13105-capture-2026-09-28,Art. 456,aula-10.html,unused,"O art. 456 regula O juiz inquirirá as testemunhas separada e sucessivamente, primeiro as do autor e…; esse assunto não estabelece a saída de mérito nem a necessidade de instrução desta aula."
cpc-lei-13105-capture-2026-09-28,Art. 457,aula-10.html,unused,"O art. 457 regula Antes de depor, a testemunha será qualificada, declarará ou confirmará seus dados e…; esse assunto não estabelece a saída de mérito nem a necessidade de instrução desta aula."
cpc-lei-13105-capture-2026-09-28,Art. 458,aula-10.html,unused,"O art. 458 regula Ao início da inquirição, a testemunha prestará o compromisso de dizer a verdade do que…; esse assunto não estabelece a saída de mérito nem a necessidade de instrução desta aula."
cpc-lei-13105-capture-2026-09-28,Art. 459,aula-10.html,unused,"O art. 459 regula As perguntas serão formuladas pelas partes diretamente à testemunha, começando pela que…; esse assunto não estabelece a saída de mérito nem a necessidade de instrução desta aula."
cpc-lei-13105-capture-2026-09-28,Art. 46,aula-10.html,unused,"O art. 46 regula A ação fundada em direito pessoal ou em direito real sobre bens móveis será proposta,…; esse assunto não estabelece a saída de mérito nem a necessidade de instrução desta aula."
cpc-lei-13105-capture-2026-09-28,Art. 460,aula-10.html,unused,O art. 460 regula O depoimento poderá ser documentado por meio de gravação.; esse assunto não estabelece a saída de mérito nem a necessidade de instrução desta aula.
cpc-lei-13105-capture-2026-09-28,Art. 461,aula-10.html,unused,"O art. 461 regula O juiz pode ordenar, de ofício ou a requerimento da parte:; esse assunto não estabelece a saída de mérito nem a necessidade de instrução desta aula."
cpc-lei-13105-capture-2026-09-28,Art. 462,aula-10.html,unused,O art. 462 regula A testemunha pode requerer ao juiz o pagamento da despesa que efetuou para…; esse assunto não estabelece a saída de mérito nem a necessidade de instrução desta aula.
cpc-lei-13105-capture-2026-09-28,Art. 463,aula-10.html,unused,O art. 463 regula O depoimento prestado em juízo é considerado serviço público.; esse assunto não estabelece a saída de mérito nem a necessidade de instrução desta aula.
cpc-lei-13105-capture-2026-09-28,Art. 464,aula-10.html,unused,"O art. 464 regula A prova pericial consiste em exame, vistoria ou avaliação.; esse assunto não estabelece a saída de mérito nem a necessidade de instrução desta aula."
cpc-lei-13105-capture-2026-09-28,Art. 465,aula-10.html,unused,O art. 465 regula O juiz nomeará perito especializado no objeto da perícia e fixará de imediato o prazo…; esse assunto não estabelece a saída de mérito nem a necessidade de instrução desta aula.
cpc-lei-13105-capture-2026-09-28,Art. 466,aula-10.html,unused,"O art. 466 regula O perito cumprirá escrupulosamente o encargo que lhe foi cometido, independentemente de…; esse assunto não estabelece a saída de mérito nem a necessidade de instrução desta aula."
cpc-lei-13105-capture-2026-09-28,Art. 467,aula-10.html,unused,O art. 467 regula O perito pode escusar-se ou ser recusado por impedimento ou suspeição.; esse assunto não estabelece a saída de mérito nem a necessidade de instrução desta aula.
cpc-lei-13105-capture-2026-09-28,Art. 468,aula-10.html,unused,O art. 468 regula O perito pode ser substituído quando:; esse assunto não estabelece a saída de mérito nem a necessidade de instrução desta aula.
cpc-lei-13105-capture-2026-09-28,Art. 469,aula-10.html,unused,"O art. 469 regula As partes poderão apresentar quesitos suplementares durante a diligência, que poderão…; esse assunto não estabelece a saída de mérito nem a necessidade de instrução desta aula."
cpc-lei-13105-capture-2026-09-28,Art. 47,aula-10.html,unused,O art. 47 regula Para as ações fundadas em direito real sobre imóveis é competente o foro de situação da…; esse assunto não estabelece a saída de mérito nem a necessidade de instrução desta aula.
cpc-lei-13105-capture-2026-09-28,Art. 470,aula-10.html,unused,O art. 470 regula Incumbe ao juiz:; esse assunto não estabelece a saída de mérito nem a necessidade de instrução desta aula.
cpc-lei-13105-capture-2026-09-28,Art. 471,aula-10.html,unused,"O art. 471 regula As partes podem, de comum acordo, escolher o perito, indicando-o mediante requerimento,…; esse assunto não estabelece a saída de mérito nem a necessidade de instrução desta aula."
cpc-lei-13105-capture-2026-09-28,Art. 472,aula-10.html,unused,"O art. 472 regula O juiz poderá dispensar prova pericial quando as partes, na inicial e na contestação,…; esse assunto não estabelece a saída de mérito nem a necessidade de instrução desta aula."
cpc-lei-13105-capture-2026-09-28,Art. 473,aula-10.html,unused,O art. 473 regula O laudo pericial deverá conter:; esse assunto não estabelece a saída de mérito nem a necessidade de instrução desta aula.
cpc-lei-13105-capture-2026-09-28,Art. 474,aula-10.html,unused,O art. 474 regula As partes terão ciência da data e do local designados pelo juiz ou indicados pelo…; esse assunto não estabelece a saída de mérito nem a necessidade de instrução desta aula.
cpc-lei-13105-capture-2026-09-28,Art. 475,aula-10.html,unused,O art. 475 regula Tratando-se de perícia complexa que abranja mais de uma área de conhecimento…; esse assunto não estabelece a saída de mérito nem a necessidade de instrução desta aula.
cpc-lei-13105-capture-2026-09-28,Art. 476,aula-10.html,unused,"O art. 476 regula Se o perito, por motivo justificado, não puder apresentar o laudo dentro do prazo, o…; esse assunto não estabelece a saída de mérito nem a necessidade de instrução desta aula."
cpc-lei-13105-capture-2026-09-28,Art. 478,aula-10.html,unused,O art. 478 regula Quando o exame tiver por objeto a autenticidade ou a falsidade de documento ou for de…; esse assunto não estabelece a saída de mérito nem a necessidade de instrução desta aula.
cpc-lei-13105-capture-2026-09-28,Art. 479,aula-10.html,unused,O art. 479 regula O juiz apreciará a prova pericial de acordo com o disposto no; esse assunto não estabelece a saída de mérito nem a necessidade de instrução desta aula.
cpc-lei-13105-capture-2026-09-28,Art. 48,aula-10.html,unused,"O art. 48 regula O foro de domicílio do autor da herança, no Brasil, é o competente para o inventário, a…; esse assunto não estabelece a saída de mérito nem a necessidade de instrução desta aula."
cpc-lei-13105-capture-2026-09-28,Art. 480,aula-10.html,unused,"O art. 480 regula O juiz determinará, de ofício ou a requerimento da parte, a realização de nova perícia…; esse assunto não estabelece a saída de mérito nem a necessidade de instrução desta aula."
cpc-lei-13105-capture-2026-09-28,Art. 481,aula-10.html,unused,"O art. 481 regula O juiz, de ofício ou a requerimento da parte, pode, em qualquer fase do processo,…; esse assunto não estabelece a saída de mérito nem a necessidade de instrução desta aula."
cpc-lei-13105-capture-2026-09-28,Art. 482,aula-10.html,unused,"O art. 482 regula Ao realizar a inspeção, o juiz poderá ser assistido por um ou mais peritos.; esse assunto não estabelece a saída de mérito nem a necessidade de instrução desta aula."
cpc-lei-13105-capture-2026-09-28,Art. 483,aula-10.html,unused,O art. 483 regula O juiz irá ao local onde se encontre a pessoa ou a coisa quando:; esse assunto não estabelece a saída de mérito nem a necessidade de instrução desta aula.
cpc-lei-13105-capture-2026-09-28,Art. 484,aula-10.html,unused,"O art. 484 regula Concluída a diligência, o juiz mandará lavrar auto circunstanciado, mencionando nele…; esse assunto não estabelece a saída de mérito nem a necessidade de instrução desta aula."
cpc-lei-13105-capture-2026-09-28,Art. 485,aula-10.html,unused,O art. 485 regula O juiz não resolverá o mérito quando:; esse assunto não estabelece a saída de mérito nem a necessidade de instrução desta aula.
cpc-lei-13105-capture-2026-09-28,Art. 486,aula-10.html,unused,O art. 486 regula O pronunciamento judicial que não resolve o mérito não obsta a que a parte proponha de…; esse assunto não estabelece a saída de mérito nem a necessidade de instrução desta aula.
cpc-lei-13105-capture-2026-09-28,Art. 487,aula-10.html,unused,O art. 487 regula Haverá resolução de mérito quando o juiz:; esse assunto não estabelece a saída de mérito nem a necessidade de instrução desta aula.
cpc-lei-13105-capture-2026-09-28,Art. 488,aula-10.html,unused,"O art. 488 regula Desde que possível, o juiz resolverá o mérito sempre que a decisão for favorável à…; esse assunto não estabelece a saída de mérito nem a necessidade de instrução desta aula."
cpc-lei-13105-capture-2026-09-28,Art. 489,aula-10.html,unused,O art. 489 regula São elementos essenciais da sentença:; esse assunto não estabelece a saída de mérito nem a necessidade de instrução desta aula.
cpc-lei-13105-capture-2026-09-28,Art. 49,aula-10.html,unused,"O art. 49 regula A ação em que o ausente for réu será proposta no foro de seu último domicílio, também…; esse assunto não estabelece a saída de mérito nem a necessidade de instrução desta aula."
cpc-lei-13105-capture-2026-09-28,Art. 490,aula-10.html,unused,"O art. 490 regula O juiz resolverá o mérito acolhendo ou rejeitando, no todo ou em parte, os pedidos…; esse assunto não estabelece a saída de mérito nem a necessidade de instrução desta aula."
cpc-lei-13105-capture-2026-09-28,Art. 491,aula-10.html,unused,"O art. 491 regula Na ação relativa à obrigação de pagar quantia, ainda que formulado pedido genérico, a…; esse assunto não estabelece a saída de mérito nem a necessidade de instrução desta aula."
cpc-lei-13105-capture-2026-09-28,Art. 492,aula-10.html,unused,"O art. 492 regula É vedado ao juiz proferir decisão de natureza diversa da pedida, bem como condenar a…; esse assunto não estabelece a saída de mérito nem a necessidade de instrução desta aula."
cpc-lei-13105-capture-2026-09-28,Art. 493,aula-10.html,unused,"O art. 493 regula Se, depois da propositura da ação, algum fato constitutivo, modificativo ou extintivo…; esse assunto não estabelece a saída de mérito nem a necessidade de instrução desta aula."
cpc-lei-13105-capture-2026-09-28,Art. 494,aula-10.html,unused,"O art. 494 regula Publicada a sentença, o juiz só poderá alterá-la:; esse assunto não estabelece a saída de mérito nem a necessidade de instrução desta aula."
cpc-lei-13105-capture-2026-09-28,Art. 495,aula-10.html,unused,O art. 495 regula A decisão que condenar o réu ao pagamento de prestação consistente em dinheiro e a que…; esse assunto não estabelece a saída de mérito nem a necessidade de instrução desta aula.
cpc-lei-13105-capture-2026-09-28,Art. 496,aula-10.html,unused,"O art. 496 regula Está sujeita ao duplo grau de jurisdição, não produzindo efeito senão depois de…; esse assunto não estabelece a saída de mérito nem a necessidade de instrução desta aula."
cpc-lei-13105-capture-2026-09-28,Art. 497,aula-10.html,unused,"O art. 497 regula Na ação que tenha por objeto a prestação de fazer ou de não fazer, o juiz, se…; esse assunto não estabelece a saída de mérito nem a necessidade de instrução desta aula."
cpc-lei-13105-capture-2026-09-28,Art. 498,aula-10.html,unused,"O art. 498 regula Na ação que tenha por objeto a entrega de coisa, o juiz, ao conceder a tutela…; esse assunto não estabelece a saída de mérito nem a necessidade de instrução desta aula."
cpc-lei-13105-capture-2026-09-28,Art. 499,aula-10.html,unused,O art. 499 regula A obrigação somente será convertida em perdas e danos se o autor o requerer ou se…; esse assunto não estabelece a saída de mérito nem a necessidade de instrução desta aula.
cpc-lei-13105-capture-2026-09-28,Art. 5,aula-10.html,unused,O art. 5 regula ; esse assunto não estabelece a saída de mérito nem a necessidade de instrução desta aula.
cpc-lei-13105-capture-2026-09-28,Art. 50,aula-10.html,unused,O art. 50 regula A ação em que o incapaz for réu será proposta no foro de domicílio de seu representante…; esse assunto não estabelece a saída de mérito nem a necessidade de instrução desta aula.
cpc-lei-13105-capture-2026-09-28,Art. 500,aula-10.html,unused,O art. 500 regula A indenização por perdas e danos dar-se-á sem prejuízo da multa fixada periodicamente…; esse assunto não estabelece a saída de mérito nem a necessidade de instrução desta aula.
cpc-lei-13105-capture-2026-09-28,Art. 501,aula-10.html,unused,"O art. 501 regula Na ação que tenha por objeto a emissão de declaração de vontade, a sentença que julgar…; esse assunto não estabelece a saída de mérito nem a necessidade de instrução desta aula."
cpc-lei-13105-capture-2026-09-28,Art. 502,aula-10.html,unused,O art. 502 regula Denomina-se coisa julgada material a autoridade que torna imutável e indiscutível a…; esse assunto não estabelece a saída de mérito nem a necessidade de instrução desta aula.
cpc-lei-13105-capture-2026-09-28,Art. 503,aula-10.html,unused,O art. 503 regula A decisão que julgar total ou parcialmente o mérito tem força de lei nos limites da…; esse assunto não estabelece a saída de mérito nem a necessidade de instrução desta aula.
cpc-lei-13105-capture-2026-09-28,Art. 504,aula-10.html,unused,O art. 504 regula Não fazem coisa julgada:; esse assunto não estabelece a saída de mérito nem a necessidade de instrução desta aula.
cpc-lei-13105-capture-2026-09-28,Art. 506,aula-10.html,unused,"O art. 506 regula A sentença faz coisa julgada às partes entre as quais é dada, não prejudicando…; esse assunto não estabelece a saída de mérito nem a necessidade de instrução desta aula."
cpc-lei-13105-capture-2026-09-28,Art. 507,aula-10.html,unused,O art. 507 regula É vedado à parte discutir no curso do processo as questões já decididas a cujo respeito…; esse assunto não estabelece a saída de mérito nem a necessidade de instrução desta aula.
cpc-lei-13105-capture-2026-09-28,Art. 508,aula-10.html,unused,"O art. 508 regula Transitada em julgado a decisão de mérito, considerar-se-ão deduzidas e repelidas todas…; esse assunto não estabelece a saída de mérito nem a necessidade de instrução desta aula."
cpc-lei-13105-capture-2026-09-28,Art. 509,aula-10.html,unused,"O art. 509 regula Quando a sentença condenar ao pagamento de quantia ilíquida, proceder-se-á à sua…; esse assunto não estabelece a saída de mérito nem a necessidade de instrução desta aula."
cpc-lei-13105-capture-2026-09-28,Art. 51,aula-10.html,unused,O art. 51 regula É competente o foro de domicílio do réu para as causas em que seja autora a União.; esse assunto não estabelece a saída de mérito nem a necessidade de instrução desta aula.
cpc-lei-13105-capture-2026-09-28,Art. 510,aula-10.html,unused,"O art. 510 regula Na liquidação por arbitramento, o juiz intimará as partes para a apresentação de…; esse assunto não estabelece a saída de mérito nem a necessidade de instrução desta aula."
cpc-lei-13105-capture-2026-09-28,Art. 511,aula-10.html,unused,"O art. 511 regula Na liquidação pelo procedimento comum, o juiz determinará a intimação do requerido, na…; esse assunto não estabelece a saída de mérito nem a necessidade de instrução desta aula."
cpc-lei-13105-capture-2026-09-28,Art. 513,aula-10.html,unused,"O art. 513 regula O cumprimento da sentença será feito segundo as regras deste Título, observando-se, no…; esse assunto não estabelece a saída de mérito nem a necessidade de instrução desta aula."
cpc-lei-13105-capture-2026-09-28,Art. 514,aula-10.html,unused,"O art. 514 regula Quando o juiz decidir relação jurídica sujeita a condição ou termo, o cumprimento da…; esse assunto não estabelece a saída de mérito nem a necessidade de instrução desta aula."
cpc-lei-13105-capture-2026-09-28,Art. 515,aula-10.html,unused,"O art. 515 regula São títulos executivos judiciais, cujo cumprimento dar-se-á de acordo com os artigos…; esse assunto não estabelece a saída de mérito nem a necessidade de instrução desta aula."
cpc-lei-13105-capture-2026-09-28,Art. 516,aula-10.html,unused,O art. 516 regula O cumprimento da sentença efetuar-se-á perante:; esse assunto não estabelece a saída de mérito nem a necessidade de instrução desta aula.
cpc-lei-13105-capture-2026-09-28,Art. 517,aula-10.html,unused,"O art. 517 regula A decisão judicial transitada em julgado poderá ser levada a protesto, nos termos da…; esse assunto não estabelece a saída de mérito nem a necessidade de instrução desta aula."
cpc-lei-13105-capture-2026-09-28,Art. 518,aula-10.html,unused,O art. 518 regula Todas as questões relativas à validade do procedimento de cumprimento da sentença e dos…; esse assunto não estabelece a saída de mérito nem a necessidade de instrução desta aula.
cpc-lei-13105-capture-2026-09-28,Art. 519,aula-10.html,unused,"O art. 519 regula Aplicam-se as disposições relativas ao cumprimento da sentença, provisório ou…; esse assunto não estabelece a saída de mérito nem a necessidade de instrução desta aula."
cpc-lei-13105-capture-2026-09-28,Art. 52,aula-10.html,unused,O art. 52 regula É competente o foro de domicílio do réu para as causas em que seja autor Estado ou o…; esse assunto não estabelece a saída de mérito nem a necessidade de instrução desta aula.
cpc-lei-13105-capture-2026-09-28,Art. 520,aula-10.html,unused,O art. 520 regula O cumprimento provisório da sentença impugnada por recurso desprovido de efeito…; esse assunto não estabelece a saída de mérito nem a necessidade de instrução desta aula.
cpc-lei-13105-capture-2026-09-28,Art. 521,aula-10.html,unused,O art. 521 regula A caução prevista no; esse assunto não estabelece a saída de mérito nem a necessidade de instrução desta aula.
cpc-lei-13105-capture-2026-09-28,Art. 522,aula-10.html,unused,O art. 522 regula O cumprimento provisório da sentença será requerido por petição dirigida ao juízo…; esse assunto não estabelece a saída de mérito nem a necessidade de instrução desta aula.
cpc-lei-13105-capture-2026-09-28,Art. 523,aula-10.html,unused,"O art. 523 regula No caso de condenação em quantia certa, ou já fixada em liquidação, e no caso de…; esse assunto não estabelece a saída de mérito nem a necessidade de instrução desta aula."
cpc-lei-13105-capture-2026-09-28,Art. 524,aula-10.html,unused,O art. 524 regula O requerimento previsto no; esse assunto não estabelece a saída de mérito nem a necessidade de instrução desta aula.
cpc-lei-13105-capture-2026-09-28,Art. 525,aula-10.html,unused,O art. 525 regula Transcorrido o prazo previsto no; esse assunto não estabelece a saída de mérito nem a necessidade de instrução desta aula.
cpc-lei-13105-capture-2026-09-28,Art. 526,aula-10.html,unused,"O art. 526 regula É lícito ao réu, antes de ser intimado para o cumprimento da sentença, comparecer em…; esse assunto não estabelece a saída de mérito nem a necessidade de instrução desta aula."
cpc-lei-13105-capture-2026-09-28,Art. 527,aula-10.html,unused,"O art. 527 regula Aplicam-se as disposições deste Capítulo ao cumprimento provisório da sentença, no que…; esse assunto não estabelece a saída de mérito nem a necessidade de instrução desta aula."
cpc-lei-13105-capture-2026-09-28,Art. 528,aula-10.html,unused,O art. 528 regula No cumprimento de sentença que condene ao pagamento de prestação alimentícia ou de…; esse assunto não estabelece a saída de mérito nem a necessidade de instrução desta aula.
cpc-lei-13105-capture-2026-09-28,Art. 529,aula-10.html,unused,"O art. 529 regula Quando o executado for funcionário público, militar, diretor ou gerente de empresa ou…; esse assunto não estabelece a saída de mérito nem a necessidade de instrução desta aula."
cpc-lei-13105-capture-2026-09-28,Art. 53,aula-10.html,unused,O art. 53 regula É competente o foro:; esse assunto não estabelece a saída de mérito nem a necessidade de instrução desta aula.
cpc-lei-13105-capture-2026-09-28,Art. 530,aula-10.html,unused,"O art. 530 regula Não cumprida a obrigação, observar-se-á o disposto nos; esse assunto não estabelece a saída de mérito nem a necessidade de instrução desta aula."
cpc-lei-13105-capture-2026-09-28,Art. 531,aula-10.html,unused,O art. 531 regula O disposto neste Capítulo aplica-se aos alimentos definitivos ou provisórios.; esse assunto não estabelece a saída de mérito nem a necessidade de instrução desta aula.
cpc-lei-13105-capture-2026-09-28,Art. 532,aula-10.html,unused,"O art. 532 regula Verificada a conduta procrastinatória do executado, o juiz deverá, se for o caso, dar…; esse assunto não estabelece a saída de mérito nem a necessidade de instrução desta aula."
cpc-lei-13105-capture-2026-09-28,Art. 533,aula-10.html,unused,"O art. 533 regula Quando a indenização por ato ilícito incluir prestação de alimentos, caberá ao…; esse assunto não estabelece a saída de mérito nem a necessidade de instrução desta aula."
cpc-lei-13105-capture-2026-09-28,Art. 534,aula-10.html,unused,O art. 534 regula No cumprimento de sentença que impuser à Fazenda Pública o dever de pagar quantia…; esse assunto não estabelece a saída de mérito nem a necessidade de instrução desta aula.
cpc-lei-13105-capture-2026-09-28,Art. 535,aula-10.html,unused,"O art. 535 regula A Fazenda Pública será intimada na pessoa de seu representante judicial, por carga,…; esse assunto não estabelece a saída de mérito nem a necessidade de instrução desta aula."
cpc-lei-13105-capture-2026-09-28,Art. 536,aula-10.html,unused,O art. 536 regula No cumprimento de sentença que reconheça a exigibilidade de obrigação de fazer ou de…; esse assunto não estabelece a saída de mérito nem a necessidade de instrução desta aula.
cpc-lei-13105-capture-2026-09-28,Art. 537,aula-10.html,unused,O art. 537 regula A multa independe de requerimento da parte e poderá ser aplicada na fase de…; esse assunto não estabelece a saída de mérito nem a necessidade de instrução desta aula.
cpc-lei-13105-capture-2026-09-28,Art. 538,aula-10.html,unused,"O art. 538 regula Não cumprida a obrigação de entregar coisa no prazo estabelecido na sentença, será…; esse assunto não estabelece a saída de mérito nem a necessidade de instrução desta aula."
cpc-lei-13105-capture-2026-09-28,Art. 539,aula-10.html,unused,"O art. 539 regula Nos casos previstos em lei, poderá o devedor ou terceiro requerer, com efeito de…; esse assunto não estabelece a saída de mérito nem a necessidade de instrução desta aula."
cpc-lei-13105-capture-2026-09-28,Art. 54,aula-10.html,unused,"O art. 54 regula A competência relativa poderá modificar-se pela conexão ou pela continência, observado…; esse assunto não estabelece a saída de mérito nem a necessidade de instrução desta aula."
cpc-lei-13105-capture-2026-09-28,Art. 540,aula-10.html,unused,"O art. 540 regula Requerer-se-á a consignação no lugar do pagamento, cessando para o devedor, à data do…; esse assunto não estabelece a saída de mérito nem a necessidade de instrução desta aula."
cpc-lei-13105-capture-2026-09-28,Art. 541,aula-10.html,unused,"O art. 541 regula Tratando-se de prestações sucessivas, consignada uma delas, pode o devedor continuar a…; esse assunto não estabelece a saída de mérito nem a necessidade de instrução desta aula."
cpc-lei-13105-capture-2026-09-28,Art. 542,aula-10.html,unused,"O art. 542 regula Na petição inicial, o autor requererá:; esse assunto não estabelece a saída de mérito nem a necessidade de instrução desta aula."
cpc-lei-13105-capture-2026-09-28,Art. 543,aula-10.html,unused,"O art. 543 regula Se o objeto da prestação for coisa indeterminada e a escolha couber ao credor, será…; esse assunto não estabelece a saída de mérito nem a necessidade de instrução desta aula."
cpc-lei-13105-capture-2026-09-28,Art. 544,aula-10.html,unused,"O art. 544 regula Na contestação, o réu poderá alegar que:; esse assunto não estabelece a saída de mérito nem a necessidade de instrução desta aula."
cpc-lei-13105-capture-2026-09-28,Art. 545,aula-10.html,unused,"O art. 545 regula Alegada a insuficiência do depósito, é lícito ao autor completá-lo, em 10 (dez) dias,…; esse assunto não estabelece a saída de mérito nem a necessidade de instrução desta aula."
cpc-lei-13105-capture-2026-09-28,Art. 546,aula-10.html,unused,"O art. 546 regula Julgado procedente o pedido, o juiz declarará extinta a obrigação e condenará o réu ao…; esse assunto não estabelece a saída de mérito nem a necessidade de instrução desta aula."
cpc-lei-13105-capture-2026-09-28,Art. 547,aula-10.html,unused,"O art. 547 regula Se ocorrer dúvida sobre quem deva legitimamente receber o pagamento, o autor requererá…; esse assunto não estabelece a saída de mérito nem a necessidade de instrução desta aula."
cpc-lei-13105-capture-2026-09-28,Art. 548,aula-10.html,unused,O art. 548 regula No caso do; esse assunto não estabelece a saída de mérito nem a necessidade de instrução desta aula.
cpc-lei-13105-capture-2026-09-28,Art. 549,aula-10.html,unused,"O art. 549 regula Aplica-se o procedimento estabelecido neste Capítulo, no que couber, ao resgate do…; esse assunto não estabelece a saída de mérito nem a necessidade de instrução desta aula."
cpc-lei-13105-capture-2026-09-28,Art. 55,aula-10.html,unused,O art. 55 regula Reputam-se conexas 2 (duas) ou mais ações quando lhes for comum o pedido ou a causa de…; esse assunto não estabelece a saída de mérito nem a necessidade de instrução desta aula.
cpc-lei-13105-capture-2026-09-28,Art. 550,aula-10.html,unused,O art. 550 regula Aquele que afirmar ser titular do direito de exigir contas requererá a citação do réu…; esse assunto não estabelece a saída de mérito nem a necessidade de instrução desta aula.
cpc-lei-13105-capture-2026-09-28,Art. 551,aula-10.html,unused,"O art. 551 regula As contas do réu serão apresentadas na forma adequada, especificando-se as receitas, a…; esse assunto não estabelece a saída de mérito nem a necessidade de instrução desta aula."
cpc-lei-13105-capture-2026-09-28,Art. 552,aula-10.html,unused,O art. 552 regula A sentença apurará o saldo e constituirá título executivo judicial.; esse assunto não estabelece a saída de mérito nem a necessidade de instrução desta aula.
cpc-lei-13105-capture-2026-09-28,Art. 553,aula-10.html,unused,"O art. 553 regula As contas do inventariante, do tutor, do curador, do depositário e de qualquer outro…; esse assunto não estabelece a saída de mérito nem a necessidade de instrução desta aula."
cpc-lei-13105-capture-2026-09-28,Art. 554,aula-10.html,unused,O art. 554 regula A propositura de uma ação possessória em vez de outra não obstará a que o juiz conheça…; esse assunto não estabelece a saída de mérito nem a necessidade de instrução desta aula.
cpc-lei-13105-capture-2026-09-28,Art. 555,aula-10.html,unused,O art. 555 regula É lícito ao autor cumular ao pedido possessório o de:; esse assunto não estabelece a saída de mérito nem a necessidade de instrução desta aula.
cpc-lei-13105-capture-2026-09-28,Art. 556,aula-10.html,unused,"O art. 556 regula É lícito ao réu, na contestação, alegando que foi o ofendido em sua posse, demandar a…; esse assunto não estabelece a saída de mérito nem a necessidade de instrução desta aula."
cpc-lei-13105-capture-2026-09-28,Art. 557,aula-10.html,unused,"O art. 557 regula Na pendência de ação possessória é vedado, tanto ao autor quanto ao réu, propor ação de…; esse assunto não estabelece a saída de mérito nem a necessidade de instrução desta aula."
cpc-lei-13105-capture-2026-09-28,Art. 558,aula-10.html,unused,O art. 558 regula Regem o procedimento de manutenção e de reintegração de posse as normas da Seção II…; esse assunto não estabelece a saída de mérito nem a necessidade de instrução desta aula.
cpc-lei-13105-capture-2026-09-28,Art. 559,aula-10.html,unused,"O art. 559 regula Se o réu provar, em qualquer tempo, que o autor provisoriamente mantido ou reintegrado…; esse assunto não estabelece a saída de mérito nem a necessidade de instrução desta aula."
cpc-lei-13105-capture-2026-09-28,Art. 56,aula-10.html,unused,O art. 56 regula Dá-se a continência entre 2 (duas) ou mais ações quando houver identidade quanto às…; esse assunto não estabelece a saída de mérito nem a necessidade de instrução desta aula.
cpc-lei-13105-capture-2026-09-28,Art. 560,aula-10.html,unused,O art. 560 regula O possuidor tem direito a ser mantido na posse em caso de turbação e reintegrado em…; esse assunto não estabelece a saída de mérito nem a necessidade de instrução desta aula.
cpc-lei-13105-capture-2026-09-28,Art. 561,aula-10.html,unused,O art. 561 regula Incumbe ao autor provar:; esse assunto não estabelece a saída de mérito nem a necessidade de instrução desta aula.
cpc-lei-13105-capture-2026-09-28,Art. 562,aula-10.html,unused,"O art. 562 regula Estando a petição inicial devidamente instruída, o juiz deferirá, sem ouvir o réu, a…; esse assunto não estabelece a saída de mérito nem a necessidade de instrução desta aula."
cpc-lei-13105-capture-2026-09-28,Art. 563,aula-10.html,unused,"O art. 563 regula Considerada suficiente a justificação, o juiz fará logo expedir mandado de manutenção…; esse assunto não estabelece a saída de mérito nem a necessidade de instrução desta aula."
cpc-lei-13105-capture-2026-09-28,Art. 565,aula-10.html,unused,"O art. 565 regula No litígio coletivo pela posse de imóvel, quando o esbulho ou a turbação afirmado na…; esse assunto não estabelece a saída de mérito nem a necessidade de instrução desta aula."
cpc-lei-13105-capture-2026-09-28,Art. 566,aula-10.html,unused,"O art. 566 regula Aplica-se, quanto ao mais, o procedimento comum.; esse assunto não estabelece a saída de mérito nem a necessidade de instrução desta aula."
cpc-lei-13105-capture-2026-09-28,Art. 567,aula-10.html,unused,O art. 567 regula O possuidor direto ou indireto que tenha justo receio de ser molestado na posse poderá…; esse assunto não estabelece a saída de mérito nem a necessidade de instrução desta aula.
cpc-lei-13105-capture-2026-09-28,Art. 568,aula-10.html,unused,O art. 568 regula Aplica-se ao interdito proibitório o disposto na Seção II deste Capítulo.; esse assunto não estabelece a saída de mérito nem a necessidade de instrução desta aula.
cpc-lei-13105-capture-2026-09-28,Art. 569,aula-10.html,unused,O art. 569 regula Cabe:; esse assunto não estabelece a saída de mérito nem a necessidade de instrução desta aula.
cpc-lei-13105-capture-2026-09-28,Art. 57,aula-10.html,unused,"O art. 57 regula Quando houver continência e a ação continente tiver sido proposta anteriormente, no…; esse assunto não estabelece a saída de mérito nem a necessidade de instrução desta aula."
cpc-lei-13105-capture-2026-09-28,Art. 570,aula-10.html,unused,"O art. 570 regula É lícita a cumulação dessas ações, caso em que deverá processar-se primeiramente a…; esse assunto não estabelece a saída de mérito nem a necessidade de instrução desta aula."
cpc-lei-13105-capture-2026-09-28,Art. 571,aula-10.html,unused,"O art. 571 regula A demarcação e a divisão poderão ser realizadas por escritura pública, desde que…; esse assunto não estabelece a saída de mérito nem a necessidade de instrução desta aula."
cpc-lei-13105-capture-2026-09-28,Art. 572,aula-10.html,unused,"O art. 572 regula Fixados os marcos da linha de demarcação, os confinantes considerar-se-ão terceiros…; esse assunto não estabelece a saída de mérito nem a necessidade de instrução desta aula."
cpc-lei-13105-capture-2026-09-28,Art. 573,aula-10.html,unused,"O art. 573 regula Tratando-se de imóvel georreferenciado, com averbação no registro de imóveis, pode o…; esse assunto não estabelece a saída de mérito nem a necessidade de instrução desta aula."
cpc-lei-13105-capture-2026-09-28,Art. 574,aula-10.html,unused,"O art. 574 regula Na petição inicial, instruída com os títulos da propriedade, designar-se-á o imóvel…; esse assunto não estabelece a saída de mérito nem a necessidade de instrução desta aula."
cpc-lei-13105-capture-2026-09-28,Art. 575,aula-10.html,unused,"O art. 575 regula Qualquer condômino é parte legítima para promover a demarcação do imóvel comum,…; esse assunto não estabelece a saída de mérito nem a necessidade de instrução desta aula."
cpc-lei-13105-capture-2026-09-28,Art. 576,aula-10.html,unused,"O art. 576 regula A citação dos réus será feita por correio, observado o disposto no; esse assunto não estabelece a saída de mérito nem a necessidade de instrução desta aula."
cpc-lei-13105-capture-2026-09-28,Art. 577,aula-10.html,unused,"O art. 577 regula Feitas as citações, terão os réus o prazo comum de 15 (quinze) dias para contestar.; esse assunto não estabelece a saída de mérito nem a necessidade de instrução desta aula."
cpc-lei-13105-capture-2026-09-28,Art. 578,aula-10.html,unused,"O art. 578 regula Após o prazo de resposta do réu, observar-se-á o procedimento comum.; esse assunto não estabelece a saída de mérito nem a necessidade de instrução desta aula."
cpc-lei-13105-capture-2026-09-28,Art. 579,aula-10.html,unused,"O art. 579 regula Antes de proferir a sentença, o juiz nomeará um ou mais peritos para levantar o traçado…; esse assunto não estabelece a saída de mérito nem a necessidade de instrução desta aula."
cpc-lei-13105-capture-2026-09-28,Art. 58,aula-10.html,unused,"O art. 58 regula A reunião das ações propostas em separado far-se-á no juízo prevento, onde serão…; esse assunto não estabelece a saída de mérito nem a necessidade de instrução desta aula."
cpc-lei-13105-capture-2026-09-28,Art. 580,aula-10.html,unused,"O art. 580 regula Concluídos os estudos, os peritos apresentarão minucioso laudo sobre o traçado da linha…; esse assunto não estabelece a saída de mérito nem a necessidade de instrução desta aula."
cpc-lei-13105-capture-2026-09-28,Art. 581,aula-10.html,unused,O art. 581 regula A sentença que julgar procedente o pedido determinará o traçado da linha demarcanda.; esse assunto não estabelece a saída de mérito nem a necessidade de instrução desta aula.
cpc-lei-13105-capture-2026-09-28,Art. 582,aula-10.html,unused,"O art. 582 regula Transitada em julgado a sentença, o perito efetuará a demarcação e colocará os marcos…; esse assunto não estabelece a saída de mérito nem a necessidade de instrução desta aula."
cpc-lei-13105-capture-2026-09-28,Art. 583,aula-10.html,unused,O art. 583 regula As plantas serão acompanhadas das cadernetas de operações de campo e do memorial…; esse assunto não estabelece a saída de mérito nem a necessidade de instrução desta aula.
cpc-lei-13105-capture-2026-09-28,Art. 584,aula-10.html,unused,"O art. 584 regula É obrigatória a colocação de marcos tanto na estação inicial, dita marco primordial,…; esse assunto não estabelece a saída de mérito nem a necessidade de instrução desta aula."
cpc-lei-13105-capture-2026-09-28,Art. 585,aula-10.html,unused,"O art. 585 regula A linha será percorrida pelos peritos, que examinarão os marcos e os rumos, consignando…; esse assunto não estabelece a saída de mérito nem a necessidade de instrução desta aula."
cpc-lei-13105-capture-2026-09-28,Art. 586,aula-10.html,unused,"O art. 586 regula Juntado aos autos o relatório dos peritos, o juiz determinará que as partes se…; esse assunto não estabelece a saída de mérito nem a necessidade de instrução desta aula."
cpc-lei-13105-capture-2026-09-28,Art. 587,aula-10.html,unused,"O art. 587 regula Assinado o auto pelo juiz e pelos peritos, será proferida a sentença homologatória da…; esse assunto não estabelece a saída de mérito nem a necessidade de instrução desta aula."
cpc-lei-13105-capture-2026-09-28,Art. 588,aula-10.html,unused,O art. 588 regula A petição inicial será instruída com os títulos de domínio do promovente e conterá:; esse assunto não estabelece a saída de mérito nem a necessidade de instrução desta aula.
cpc-lei-13105-capture-2026-09-28,Art. 589,aula-10.html,unused,O art. 589 regula Feitas as citações como preceitua o; esse assunto não estabelece a saída de mérito nem a necessidade de instrução desta aula.
cpc-lei-13105-capture-2026-09-28,Art. 59,aula-10.html,unused,O art. 59 regula O registro ou a distribuição da petição inicial torna prevento o juízo.; esse assunto não estabelece a saída de mérito nem a necessidade de instrução desta aula.
cpc-lei-13105-capture-2026-09-28,Art. 590,aula-10.html,unused,O art. 590 regula O juiz nomeará um ou mais peritos para promover a medição do imóvel e as operações de…; esse assunto não estabelece a saída de mérito nem a necessidade de instrução desta aula.
cpc-lei-13105-capture-2026-09-28,Art. 591,aula-10.html,unused,"O art. 591 regula Todos os condôminos serão intimados a apresentar, dentro de 10 (dez) dias, os seus…; esse assunto não estabelece a saída de mérito nem a necessidade de instrução desta aula."
cpc-lei-13105-capture-2026-09-28,Art. 592,aula-10.html,unused,O art. 592 regula O juiz ouvirá as partes no prazo comum de 15 (quinze) dias.; esse assunto não estabelece a saída de mérito nem a necessidade de instrução desta aula.
cpc-lei-13105-capture-2026-09-28,Art. 593,aula-10.html,unused,O art. 593 regula Se qualquer linha do perímetro atingir benfeitorias permanentes dos confinantes feitas…; esse assunto não estabelece a saída de mérito nem a necessidade de instrução desta aula.
cpc-lei-13105-capture-2026-09-28,Art. 594,aula-10.html,unused,O art. 594 regula Os confinantes do imóvel dividendo podem demandar a restituição dos terrenos que lhes…; esse assunto não estabelece a saída de mérito nem a necessidade de instrução desta aula.
cpc-lei-13105-capture-2026-09-28,Art. 595,aula-10.html,unused,"O art. 595 regula Os peritos proporão, em laudo fundamentado, a forma da divisão, devendo consultar,…; esse assunto não estabelece a saída de mérito nem a necessidade de instrução desta aula."
cpc-lei-13105-capture-2026-09-28,Art. 596,aula-10.html,unused,"O art. 596 regula Ouvidas as partes, no prazo comum de 15 (quinze) dias, sobre o cálculo e o plano da…; esse assunto não estabelece a saída de mérito nem a necessidade de instrução desta aula."
cpc-lei-13105-capture-2026-09-28,Art. 597,aula-10.html,unused,"O art. 597 regula Terminados os trabalhos e desenhados na planta os quinhões e as servidões aparentes, o…; esse assunto não estabelece a saída de mérito nem a necessidade de instrução desta aula."
cpc-lei-13105-capture-2026-09-28,Art. 598,aula-10.html,unused,O art. 598 regula Aplica-se às divisões o disposto nos; esse assunto não estabelece a saída de mérito nem a necessidade de instrução desta aula.
cpc-lei-13105-capture-2026-09-28,Art. 599,aula-10.html,unused,O art. 599 regula A ação de dissolução parcial de sociedade pode ter por objeto:; esse assunto não estabelece a saída de mérito nem a necessidade de instrução desta aula.
cpc-lei-13105-capture-2026-09-28,Art. 6,aula-10.html,unused,O art. 6 regula ; esse assunto não estabelece a saída de mérito nem a necessidade de instrução desta aula.
cpc-lei-13105-capture-2026-09-28,Art. 60,aula-10.html,unused,"O art. 60 regula Se o imóvel se achar situado em mais de um Estado, comarca, seção ou subseção…; esse assunto não estabelece a saída de mérito nem a necessidade de instrução desta aula."
cpc-lei-13105-capture-2026-09-28,Art. 600,aula-10.html,unused,O art. 600 regula A ação pode ser proposta:; esse assunto não estabelece a saída de mérito nem a necessidade de instrução desta aula.
cpc-lei-13105-capture-2026-09-28,Art. 601,aula-10.html,unused,"O art. 601 regula Os sócios e a sociedade serão citados para, no prazo de 15 (quinze) dias, concordar com…; esse assunto não estabelece a saída de mérito nem a necessidade de instrução desta aula."
cpc-lei-13105-capture-2026-09-28,Art. 602,aula-10.html,unused,O art. 602 regula A sociedade poderá formular pedido de indenização compensável com o valor dos haveres a…; esse assunto não estabelece a saída de mérito nem a necessidade de instrução desta aula.
cpc-lei-13105-capture-2026-09-28,Art. 603,aula-10.html,unused,"O art. 603 regula Havendo manifestação expressa e unânime pela concordância da dissolução, o juiz a…; esse assunto não estabelece a saída de mérito nem a necessidade de instrução desta aula."
cpc-lei-13105-capture-2026-09-28,Art. 604,aula-10.html,unused,"O art. 604 regula Para apuração dos haveres, o juiz:; esse assunto não estabelece a saída de mérito nem a necessidade de instrução desta aula."
cpc-lei-13105-capture-2026-09-28,Art. 605,aula-10.html,unused,O art. 605 regula A data da resolução da sociedade será:; esse assunto não estabelece a saída de mérito nem a necessidade de instrução desta aula.
cpc-lei-13105-capture-2026-09-28,Art. 606,aula-10.html,unused,"O art. 606 regula Em caso de omissão do contrato social, o juiz definirá, como critério de apuração de…; esse assunto não estabelece a saída de mérito nem a necessidade de instrução desta aula."
cpc-lei-13105-capture-2026-09-28,Art. 607,aula-10.html,unused,"O art. 607 regula A data da resolução e o critério de apuração de haveres podem ser revistos pelo juiz, a…; esse assunto não estabelece a saída de mérito nem a necessidade de instrução desta aula."
cpc-lei-13105-capture-2026-09-28,Art. 608,aula-10.html,unused,"O art. 608 regula Até a data da resolução, integram o valor devido ao ex-sócio, ao espólio ou aos…; esse assunto não estabelece a saída de mérito nem a necessidade de instrução desta aula."
cpc-lei-13105-capture-2026-09-28,Art. 609,aula-10.html,unused,"O art. 609 regula Uma vez apurados, os haveres do sócio retirante serão pagos conforme disciplinar o…; esse assunto não estabelece a saída de mérito nem a necessidade de instrução desta aula."
cpc-lei-13105-capture-2026-09-28,Art. 61,aula-10.html,unused,O art. 61 regula A ação acessória será proposta no juízo competente para a ação principal.; esse assunto não estabelece a saída de mérito nem a necessidade de instrução desta aula.
cpc-lei-13105-capture-2026-09-28,Art. 610,aula-10.html,unused,"O art. 610 regula Havendo testamento ou interessado incapaz, proceder-se-á ao inventário judicial.; esse assunto não estabelece a saída de mérito nem a necessidade de instrução desta aula."
cpc-lei-13105-capture-2026-09-28,Art. 611,aula-10.html,unused,"O art. 611 regula O processo de inventário e de partilha deve ser instaurado dentro de 2 (dois) meses, a…; esse assunto não estabelece a saída de mérito nem a necessidade de instrução desta aula."
cpc-lei-13105-capture-2026-09-28,Art. 612,aula-10.html,unused,O art. 612 regula O juiz decidirá todas as questões de direito desde que os fatos relevantes estejam…; esse assunto não estabelece a saída de mérito nem a necessidade de instrução desta aula.
cpc-lei-13105-capture-2026-09-28,Art. 613,aula-10.html,unused,"O art. 613 regula Até que o inventariante preste o compromisso, continuará o espólio na posse do…; esse assunto não estabelece a saída de mérito nem a necessidade de instrução desta aula."
cpc-lei-13105-capture-2026-09-28,Art. 614,aula-10.html,unused,"O art. 614 regula O administrador provisório representa ativa e passivamente o espólio, é obrigado a…; esse assunto não estabelece a saída de mérito nem a necessidade de instrução desta aula."
cpc-lei-13105-capture-2026-09-28,Art. 615,aula-10.html,unused,O art. 615 regula O requerimento de inventário e de partilha incumbe a quem estiver na posse e na…; esse assunto não estabelece a saída de mérito nem a necessidade de instrução desta aula.
cpc-lei-13105-capture-2026-09-28,Art. 616,aula-10.html,unused,"O art. 616 regula Têm, contudo, legitimidade concorrente:; esse assunto não estabelece a saída de mérito nem a necessidade de instrução desta aula."
cpc-lei-13105-capture-2026-09-28,Art. 617,aula-10.html,unused,O art. 617 regula O juiz nomeará inventariante na seguinte ordem:; esse assunto não estabelece a saída de mérito nem a necessidade de instrução desta aula.
cpc-lei-13105-capture-2026-09-28,Art. 618,aula-10.html,unused,O art. 618 regula Incumbe ao inventariante:; esse assunto não estabelece a saída de mérito nem a necessidade de instrução desta aula.
cpc-lei-13105-capture-2026-09-28,Art. 619,aula-10.html,unused,"O art. 619 regula Incumbe ainda ao inventariante, ouvidos os interessados e com autorização do juiz:; esse assunto não estabelece a saída de mérito nem a necessidade de instrução desta aula."
cpc-lei-13105-capture-2026-09-28,Art. 62,aula-10.html,unused,"O art. 62 regula A competência determinada em razão da matéria, da pessoa ou da função é inderrogável…; esse assunto não estabelece a saída de mérito nem a necessidade de instrução desta aula."
cpc-lei-13105-capture-2026-09-28,Art. 620,aula-10.html,unused,"O art. 620 regula Dentro de 20 (vinte) dias contados da data em que prestou o compromisso, o…; esse assunto não estabelece a saída de mérito nem a necessidade de instrução desta aula."
cpc-lei-13105-capture-2026-09-28,Art. 621,aula-10.html,unused,"O art. 621 regula Só se pode arguir sonegação ao inventariante depois de encerrada a descrição dos bens,…; esse assunto não estabelece a saída de mérito nem a necessidade de instrução desta aula."
cpc-lei-13105-capture-2026-09-28,Art. 622,aula-10.html,unused,O art. 622 regula O inventariante será removido de ofício ou a requerimento:; esse assunto não estabelece a saída de mérito nem a necessidade de instrução desta aula.
cpc-lei-13105-capture-2026-09-28,Art. 623,aula-10.html,unused,O art. 623 regula Requerida a remoção com fundamento em qualquer dos incisos do; esse assunto não estabelece a saída de mérito nem a necessidade de instrução desta aula.
cpc-lei-13105-capture-2026-09-28,Art. 624,aula-10.html,unused,"O art. 624 regula Decorrido o prazo, com a defesa do inventariante ou sem ela, o juiz decidirá.; esse assunto não estabelece a saída de mérito nem a necessidade de instrução desta aula."
cpc-lei-13105-capture-2026-09-28,Art. 625,aula-10.html,unused,"O art. 625 regula O inventariante removido entregará imediatamente ao substituto os bens do espólio e,…; esse assunto não estabelece a saída de mérito nem a necessidade de instrução desta aula."
cpc-lei-13105-capture-2026-09-28,Art. 626,aula-10.html,unused,"O art. 626 regula Feitas as primeiras declarações, o juiz mandará citar, para os termos do inventário e…; esse assunto não estabelece a saída de mérito nem a necessidade de instrução desta aula."
cpc-lei-13105-capture-2026-09-28,Art. 627,aula-10.html,unused,"O art. 627 regula Concluídas as citações, abrir-se-á vista às partes, em cartório e pelo prazo comum de…; esse assunto não estabelece a saída de mérito nem a necessidade de instrução desta aula."
cpc-lei-13105-capture-2026-09-28,Art. 628,aula-10.html,unused,"O art. 628 regula Aquele que se julgar preterido poderá demandar sua admissão no inventário, requerendo-a…; esse assunto não estabelece a saída de mérito nem a necessidade de instrução desta aula."
cpc-lei-13105-capture-2026-09-28,Art. 629,aula-10.html,unused,"O art. 629 regula A Fazenda Pública, no prazo de 15 (quinze) dias, após a vista de que trata o; esse assunto não estabelece a saída de mérito nem a necessidade de instrução desta aula."
cpc-lei-13105-capture-2026-09-28,Art. 63,aula-10.html,unused,"O art. 63 regula As partes podem modificar a competência em razão do valor e do território, elegendo…; esse assunto não estabelece a saída de mérito nem a necessidade de instrução desta aula."
cpc-lei-13105-capture-2026-09-28,Art. 630,aula-10.html,unused,O art. 630 regula Findo o prazo previsto no; esse assunto não estabelece a saída de mérito nem a necessidade de instrução desta aula.
cpc-lei-13105-capture-2026-09-28,Art. 632,aula-10.html,unused,O art. 632 regula Não se expedirá carta precatória para a avaliação de bens situados fora da comarca onde…; esse assunto não estabelece a saída de mérito nem a necessidade de instrução desta aula.
cpc-lei-13105-capture-2026-09-28,Art. 633,aula-10.html,unused,"O art. 633 regula Sendo capazes todas as partes, não se procederá à avaliação se a Fazenda Pública,…; esse assunto não estabelece a saída de mérito nem a necessidade de instrução desta aula."
cpc-lei-13105-capture-2026-09-28,Art. 634,aula-10.html,unused,"O art. 634 regula Se os herdeiros concordarem com o valor dos bens declarados pela Fazenda Pública, a…; esse assunto não estabelece a saída de mérito nem a necessidade de instrução desta aula."
cpc-lei-13105-capture-2026-09-28,Art. 635,aula-10.html,unused,"O art. 635 regula Entregue o laudo de avaliação, o juiz mandará que as partes se manifestem no prazo de…; esse assunto não estabelece a saída de mérito nem a necessidade de instrução desta aula."
cpc-lei-13105-capture-2026-09-28,Art. 636,aula-10.html,unused,"O art. 636 regula Aceito o laudo ou resolvidas as impugnações suscitadas a seu respeito, lavrar-se-á em…; esse assunto não estabelece a saída de mérito nem a necessidade de instrução desta aula."
cpc-lei-13105-capture-2026-09-28,Art. 637,aula-10.html,unused,"O art. 637 regula Ouvidas as partes sobre as últimas declarações no prazo comum de 15 (quinze) dias,…; esse assunto não estabelece a saída de mérito nem a necessidade de instrução desta aula."
cpc-lei-13105-capture-2026-09-28,Art. 638,aula-10.html,unused,"O art. 638 regula Feito o cálculo, sobre ele serão ouvidas todas as partes no prazo comum de 5 (cinco)…; esse assunto não estabelece a saída de mérito nem a necessidade de instrução desta aula."
cpc-lei-13105-capture-2026-09-28,Art. 639,aula-10.html,unused,O art. 639 regula No prazo estabelecido no; esse assunto não estabelece a saída de mérito nem a necessidade de instrução desta aula.
cpc-lei-13105-capture-2026-09-28,Art. 64,aula-10.html,unused,"O art. 64 regula A incompetência, absoluta ou relativa, será alegada como questão preliminar de…; esse assunto não estabelece a saída de mérito nem a necessidade de instrução desta aula."
cpc-lei-13105-capture-2026-09-28,Art. 640,aula-10.html,unused,"O art. 640 regula O herdeiro que renunciou à herança ou o que dela foi excluído não se exime, pelo fato…; esse assunto não estabelece a saída de mérito nem a necessidade de instrução desta aula."
cpc-lei-13105-capture-2026-09-28,Art. 641,aula-10.html,unused,"O art. 641 regula Se o herdeiro negar o recebimento dos bens ou a obrigação de os conferir, o juiz,…; esse assunto não estabelece a saída de mérito nem a necessidade de instrução desta aula."
cpc-lei-13105-capture-2026-09-28,Art. 642,aula-10.html,unused,"O art. 642 regula Antes da partilha, poderão os credores do espólio requerer ao juízo do inventário o…; esse assunto não estabelece a saída de mérito nem a necessidade de instrução desta aula."
cpc-lei-13105-capture-2026-09-28,Art. 643,aula-10.html,unused,O art. 643 regula Não havendo concordância de todas as partes sobre o pedido de pagamento feito pelo…; esse assunto não estabelece a saída de mérito nem a necessidade de instrução desta aula.
cpc-lei-13105-capture-2026-09-28,Art. 644,aula-10.html,unused,"O art. 644 regula O credor de dívida líquida e certa, ainda não vencida, pode requerer habilitação no…; esse assunto não estabelece a saída de mérito nem a necessidade de instrução desta aula."
cpc-lei-13105-capture-2026-09-28,Art. 645,aula-10.html,unused,O art. 645 regula O legatário é parte legítima para manifestar-se sobre as dívidas do espólio:; esse assunto não estabelece a saída de mérito nem a necessidade de instrução desta aula.
cpc-lei-13105-capture-2026-09-28,Art. 646,aula-10.html,unused,O art. 646 regula Sem prejuízo do disposto no; esse assunto não estabelece a saída de mérito nem a necessidade de instrução desta aula.
cpc-lei-13105-capture-2026-09-28,Art. 647,aula-10.html,unused,O art. 647 regula Cumprido o disposto no; esse assunto não estabelece a saída de mérito nem a necessidade de instrução desta aula.
cpc-lei-13105-capture-2026-09-28,Art. 648,aula-10.html,unused,"O art. 648 regula Na partilha, serão observadas as seguintes regras:; esse assunto não estabelece a saída de mérito nem a necessidade de instrução desta aula."
cpc-lei-13105-capture-2026-09-28,Art. 649,aula-10.html,unused,O art. 649 regula Os bens insuscetíveis de divisão cômoda que não couberem na parte do cônjuge ou…; esse assunto não estabelece a saída de mérito nem a necessidade de instrução desta aula.
cpc-lei-13105-capture-2026-09-28,Art. 65,aula-10.html,unused,O art. 65 regula Prorrogar-se-á a competência relativa se o réu não alegar a incompetência em preliminar…; esse assunto não estabelece a saída de mérito nem a necessidade de instrução desta aula.
cpc-lei-13105-capture-2026-09-28,Art. 650,aula-10.html,unused,"O art. 650 regula Se um dos interessados for nascituro, o quinhão que lhe caberá será reservado em poder…; esse assunto não estabelece a saída de mérito nem a necessidade de instrução desta aula."
cpc-lei-13105-capture-2026-09-28,Art. 651,aula-10.html,unused,"O art. 651 regula O partidor organizará o esboço da partilha de acordo com a decisão judicial, observando…; esse assunto não estabelece a saída de mérito nem a necessidade de instrução desta aula."
cpc-lei-13105-capture-2026-09-28,Art. 652,aula-10.html,unused,"O art. 652 regula Feito o esboço, as partes manifestar-se-ão sobre esse no prazo comum de 15 (quinze)…; esse assunto não estabelece a saída de mérito nem a necessidade de instrução desta aula."
cpc-lei-13105-capture-2026-09-28,Art. 653,aula-10.html,unused,O art. 653 regula A partilha constará:; esse assunto não estabelece a saída de mérito nem a necessidade de instrução desta aula.
cpc-lei-13105-capture-2026-09-28,Art. 654,aula-10.html,unused,O art. 654 regula Pago o imposto de transmissão a título de morte e juntada aos autos certidão ou…; esse assunto não estabelece a saída de mérito nem a necessidade de instrução desta aula.
cpc-lei-13105-capture-2026-09-28,Art. 655,aula-10.html,unused,O art. 655 regula Transitada em julgado a sentença mencionada no; esse assunto não estabelece a saída de mérito nem a necessidade de instrução desta aula.
cpc-lei-13105-capture-2026-09-28,Art. 656,aula-10.html,unused,"O art. 656 regula A partilha, mesmo depois de transitada em julgado a sentença, pode ser emendada nos…; esse assunto não estabelece a saída de mérito nem a necessidade de instrução desta aula."
cpc-lei-13105-capture-2026-09-28,Art. 657,aula-10.html,unused,"O art. 657 regula A partilha amigável, lavrada em instrumento público, reduzida a termo nos autos do…; esse assunto não estabelece a saída de mérito nem a necessidade de instrução desta aula."
cpc-lei-13105-capture-2026-09-28,Art. 658,aula-10.html,unused,O art. 658 regula É rescindível a partilha julgada por sentença:; esse assunto não estabelece a saída de mérito nem a necessidade de instrução desta aula.
cpc-lei-13105-capture-2026-09-28,Art. 659,aula-10.html,unused,"O art. 659 regula A partilha amigável, celebrada entre partes capazes, nos termos da lei, será homologada…; esse assunto não estabelece a saída de mérito nem a necessidade de instrução desta aula."
cpc-lei-13105-capture-2026-09-28,Art. 66,aula-10.html,unused,O art. 66 regula Há conflito de competência quando:; esse assunto não estabelece a saída de mérito nem a necessidade de instrução desta aula.
cpc-lei-13105-capture-2026-09-28,Art. 660,aula-10.html,unused,"O art. 660 regula Na petição de inventário, que se processará na forma de arrolamento sumário,…; esse assunto não estabelece a saída de mérito nem a necessidade de instrução desta aula."
cpc-lei-13105-capture-2026-09-28,Art. 661,aula-10.html,unused,O art. 661 regula Ressalvada a hipótese prevista no parágrafo único do; esse assunto não estabelece a saída de mérito nem a necessidade de instrução desta aula.
cpc-lei-13105-capture-2026-09-28,Art. 662,aula-10.html,unused,"O art. 662 regula No arrolamento, não serão conhecidas ou apreciadas questões relativas ao lançamento, ao…; esse assunto não estabelece a saída de mérito nem a necessidade de instrução desta aula."
cpc-lei-13105-capture-2026-09-28,Art. 663,aula-10.html,unused,O art. 663 regula A existência de credores do espólio não impedirá a homologação da partilha ou da…; esse assunto não estabelece a saída de mérito nem a necessidade de instrução desta aula.
cpc-lei-13105-capture-2026-09-28,Art. 664,aula-10.html,unused,O art. 664 regula Quando o valor dos bens do espólio for igual ou inferior a 1.000 (mil)…; esse assunto não estabelece a saída de mérito nem a necessidade de instrução desta aula.
cpc-lei-13105-capture-2026-09-28,Art. 665,aula-10.html,unused,O art. 665 regula O inventário processar-se-á também na forma do; esse assunto não estabelece a saída de mérito nem a necessidade de instrução desta aula.
cpc-lei-13105-capture-2026-09-28,Art. 666,aula-10.html,unused,O art. 666 regula Independerá de inventário ou de arrolamento o pagamento dos valores previstos na; esse assunto não estabelece a saída de mérito nem a necessidade de instrução desta aula.
cpc-lei-13105-capture-2026-09-28,Art. 667,aula-10.html,unused,O art. 667 regula Aplicam-se subsidiariamente a esta Seção as disposições das Seções VII e VIII deste…; esse assunto não estabelece a saída de mérito nem a necessidade de instrução desta aula.
cpc-lei-13105-capture-2026-09-28,Art. 668,aula-10.html,unused,O art. 668 regula Cessa a eficácia da tutela provisória prevista nas Seções deste Capítulo:; esse assunto não estabelece a saída de mérito nem a necessidade de instrução desta aula.
cpc-lei-13105-capture-2026-09-28,Art. 669,aula-10.html,unused,O art. 669 regula São sujeitos à sobrepartilha os bens:; esse assunto não estabelece a saída de mérito nem a necessidade de instrução desta aula.
cpc-lei-13105-capture-2026-09-28,Art. 67,aula-10.html,unused,"O art. 67 regula Aos órgãos do Poder Judiciário, estadual ou federal, especializado ou comum, em todas…; esse assunto não estabelece a saída de mérito nem a necessidade de instrução desta aula."
cpc-lei-13105-capture-2026-09-28,Art. 670,aula-10.html,unused,"O art. 670 regula Na sobrepartilha dos bens, observar-se-á o processo de inventário e de partilha.; esse assunto não estabelece a saída de mérito nem a necessidade de instrução desta aula."
cpc-lei-13105-capture-2026-09-28,Art. 671,aula-10.html,unused,O art. 671 regula O juiz nomeará curador especial:; esse assunto não estabelece a saída de mérito nem a necessidade de instrução desta aula.
cpc-lei-13105-capture-2026-09-28,Art. 672,aula-10.html,unused,O art. 672 regula É lícita a cumulação de inventários para a partilha de heranças de pessoas diversas…; esse assunto não estabelece a saída de mérito nem a necessidade de instrução desta aula.
cpc-lei-13105-capture-2026-09-28,Art. 673,aula-10.html,unused,O art. 673 regula No caso previsto no; esse assunto não estabelece a saída de mérito nem a necessidade de instrução desta aula.
cpc-lei-13105-capture-2026-09-28,Art. 674,aula-10.html,unused,"O art. 674 regula Quem, não sendo parte no processo, sofrer constrição ou ameaça de constrição sobre bens…; esse assunto não estabelece a saída de mérito nem a necessidade de instrução desta aula."
cpc-lei-13105-capture-2026-09-28,Art. 675,aula-10.html,unused,O art. 675 regula Os embargos podem ser opostos a qualquer tempo no processo de conhecimento enquanto não…; esse assunto não estabelece a saída de mérito nem a necessidade de instrução desta aula.
cpc-lei-13105-capture-2026-09-28,Art. 676,aula-10.html,unused,O art. 676 regula Os embargos serão distribuídos por dependência ao juízo que ordenou a constrição e…; esse assunto não estabelece a saída de mérito nem a necessidade de instrução desta aula.
cpc-lei-13105-capture-2026-09-28,Art. 677,aula-10.html,unused,"O art. 677 regula Na petição inicial, o embargante fará a prova sumária de sua posse ou de seu domínio e…; esse assunto não estabelece a saída de mérito nem a necessidade de instrução desta aula."
cpc-lei-13105-capture-2026-09-28,Art. 678,aula-10.html,unused,O art. 678 regula A decisão que reconhecer suficientemente provado o domínio ou a posse determinará a…; esse assunto não estabelece a saída de mérito nem a necessidade de instrução desta aula.
cpc-lei-13105-capture-2026-09-28,Art. 679,aula-10.html,unused,"O art. 679 regula Os embargos poderão ser contestados no prazo de 15 (quinze) dias, findo o qual se…; esse assunto não estabelece a saída de mérito nem a necessidade de instrução desta aula."
cpc-lei-13105-capture-2026-09-28,Art. 68,aula-10.html,unused,O art. 68 regula Os juízos poderão formular entre si pedido de cooperação para prática de qualquer ato…; esse assunto não estabelece a saída de mérito nem a necessidade de instrução desta aula.
cpc-lei-13105-capture-2026-09-28,Art. 681,aula-10.html,unused,"O art. 681 regula Acolhido o pedido inicial, o ato de constrição judicial indevida será cancelado, com o…; esse assunto não estabelece a saída de mérito nem a necessidade de instrução desta aula."
cpc-lei-13105-capture-2026-09-28,Art. 682,aula-10.html,unused,"O art. 682 regula Quem pretender, no todo ou em parte, a coisa ou o direito sobre que controvertem autor…; esse assunto não estabelece a saída de mérito nem a necessidade de instrução desta aula."
cpc-lei-13105-capture-2026-09-28,Art. 683,aula-10.html,unused,O art. 683 regula O opoente deduzirá o pedido em observação aos requisitos exigidos para propositura da…; esse assunto não estabelece a saída de mérito nem a necessidade de instrução desta aula.
cpc-lei-13105-capture-2026-09-28,Art. 684,aula-10.html,unused,"O art. 684 regula Se um dos opostos reconhecer a procedência do pedido, contra o outro prosseguirá o…; esse assunto não estabelece a saída de mérito nem a necessidade de instrução desta aula."
cpc-lei-13105-capture-2026-09-28,Art. 685,aula-10.html,unused,"O art. 685 regula Admitido o processamento, a oposição será apensada aos autos e tramitará…; esse assunto não estabelece a saída de mérito nem a necessidade de instrução desta aula."
cpc-lei-13105-capture-2026-09-28,Art. 686,aula-10.html,unused,"O art. 686 regula Cabendo ao juiz decidir simultaneamente a ação originária e a oposição, desta conhecerá…; esse assunto não estabelece a saída de mérito nem a necessidade de instrução desta aula."
cpc-lei-13105-capture-2026-09-28,Art. 687,aula-10.html,unused,"O art. 687 regula A habilitação ocorre quando, por falecimento de qualquer das partes, os interessados…; esse assunto não estabelece a saída de mérito nem a necessidade de instrução desta aula."
cpc-lei-13105-capture-2026-09-28,Art. 688,aula-10.html,unused,O art. 688 regula A habilitação pode ser requerida:; esse assunto não estabelece a saída de mérito nem a necessidade de instrução desta aula.
cpc-lei-13105-capture-2026-09-28,Art. 689,aula-10.html,unused,"O art. 689 regula Proceder-se-á à habilitação nos autos do processo principal, na instância em que…; esse assunto não estabelece a saída de mérito nem a necessidade de instrução desta aula."
cpc-lei-13105-capture-2026-09-28,Art. 69,aula-10.html,unused,"O art. 69 regula O pedido de cooperação jurisdicional deve ser prontamente atendido, prescinde de forma…; esse assunto não estabelece a saída de mérito nem a necessidade de instrução desta aula."
cpc-lei-13105-capture-2026-09-28,Art. 690,aula-10.html,unused,"O art. 690 regula Recebida a petição, o juiz ordenará a citação dos requeridos para se pronunciarem no…; esse assunto não estabelece a saída de mérito nem a necessidade de instrução desta aula."
cpc-lei-13105-capture-2026-09-28,Art. 691,aula-10.html,unused,"O art. 691 regula O juiz decidirá o pedido de habilitação imediatamente, salvo se este for impugnado e…; esse assunto não estabelece a saída de mérito nem a necessidade de instrução desta aula."
cpc-lei-13105-capture-2026-09-28,Art. 692,aula-10.html,unused,"O art. 692 regula Transitada em julgado a sentença de habilitação, o processo principal retomará o seu…; esse assunto não estabelece a saída de mérito nem a necessidade de instrução desta aula."
cpc-lei-13105-capture-2026-09-28,Art. 693,aula-10.html,unused,"O art. 693 regula As normas deste Capítulo aplicam-se aos processos contenciosos de divórcio, separação,…; esse assunto não estabelece a saída de mérito nem a necessidade de instrução desta aula."
cpc-lei-13105-capture-2026-09-28,Art. 694,aula-10.html,unused,"O art. 694 regula Nas ações de família, todos os esforços serão empreendidos para a solução consensual da…; esse assunto não estabelece a saída de mérito nem a necessidade de instrução desta aula."
cpc-lei-13105-capture-2026-09-28,Art. 695,aula-10.html,unused,"O art. 695 regula Recebida a petição inicial e, se for o caso, tomadas as providências referentes à…; esse assunto não estabelece a saída de mérito nem a necessidade de instrução desta aula."
cpc-lei-13105-capture-2026-09-28,Art. 696,aula-10.html,unused,O art. 696 regula A audiência de mediação e conciliação poderá dividir-se em tantas sessões quantas sejam…; esse assunto não estabelece a saída de mérito nem a necessidade de instrução desta aula.
cpc-lei-13105-capture-2026-09-28,Art. 697,aula-10.html,unused,"O art. 697 regula Não realizado o acordo, passarão a incidir, a partir de então, as normas do…; esse assunto não estabelece a saída de mérito nem a necessidade de instrução desta aula."
cpc-lei-13105-capture-2026-09-28,Art. 698,aula-10.html,unused,"O art. 698 regula Nas ações de família, o Ministério Público somente intervirá quando houver interesse de…; esse assunto não estabelece a saída de mérito nem a necessidade de instrução desta aula."
cpc-lei-13105-capture-2026-09-28,Art. 699,aula-10.html,unused,O art. 699 regula Quando o processo envolver discussão sobre fato relacionado a abuso ou a alienação…; esse assunto não estabelece a saída de mérito nem a necessidade de instrução desta aula.
cpc-lei-13105-capture-2026-09-28,Art. 7,aula-10.html,unused,O art. 7 regula ; esse assunto não estabelece a saída de mérito nem a necessidade de instrução desta aula.
cpc-lei-13105-capture-2026-09-28,Art. 70,aula-10.html,unused,O art. 70 regula Toda pessoa que se encontre no exercício de seus direitos tem capacidade para estar em…; esse assunto não estabelece a saída de mérito nem a necessidade de instrução desta aula.
cpc-lei-13105-capture-2026-09-28,Art. 700,aula-10.html,unused,"O art. 700 regula A ação monitória pode ser proposta por aquele que afirmar, com base em prova escrita…; esse assunto não estabelece a saída de mérito nem a necessidade de instrução desta aula."
cpc-lei-13105-capture-2026-09-28,Art. 701,aula-10.html,unused,"O art. 701 regula Sendo evidente o direito do autor, o juiz deferirá a expedição de mandado de pagamento,…; esse assunto não estabelece a saída de mérito nem a necessidade de instrução desta aula."
cpc-lei-13105-capture-2026-09-28,Art. 702,aula-10.html,unused,"O art. 702 regula Independentemente de prévia segurança do juízo, o réu poderá opor, nos próprios autos,…; esse assunto não estabelece a saída de mérito nem a necessidade de instrução desta aula."
cpc-lei-13105-capture-2026-09-28,Art. 703,aula-10.html,unused,"O art. 703 regula Tomado o penhor legal nos casos previstos em lei, requererá o credor, ato contínuo, a…; esse assunto não estabelece a saída de mérito nem a necessidade de instrução desta aula."
cpc-lei-13105-capture-2026-09-28,Art. 704,aula-10.html,unused,O art. 704 regula A defesa só pode consistir em:; esse assunto não estabelece a saída de mérito nem a necessidade de instrução desta aula.
cpc-lei-13105-capture-2026-09-28,Art. 705,aula-10.html,unused,"O art. 705 regula A partir da audiência preliminar, observar-se-á o procedimento comum.; esse assunto não estabelece a saída de mérito nem a necessidade de instrução desta aula."
cpc-lei-13105-capture-2026-09-28,Art. 706,aula-10.html,unused,"O art. 706 regula Homologado judicialmente o penhor legal, consolidar-se-á a posse do autor sobre o…; esse assunto não estabelece a saída de mérito nem a necessidade de instrução desta aula."
cpc-lei-13105-capture-2026-09-28,Art. 707,aula-10.html,unused,"O art. 707 regula Quando inexistir consenso acerca da nomeação de um regulador de avarias, o juiz de…; esse assunto não estabelece a saída de mérito nem a necessidade de instrução desta aula."
cpc-lei-13105-capture-2026-09-28,Art. 708,aula-10.html,unused,O art. 708 regula O regulador declarará justificadamente se os danos são passíveis de rateio na forma de…; esse assunto não estabelece a saída de mérito nem a necessidade de instrução desta aula.
cpc-lei-13105-capture-2026-09-28,Art. 709,aula-10.html,unused,O art. 709 regula As partes deverão apresentar nos autos os documentos necessários à regulação da avaria…; esse assunto não estabelece a saída de mérito nem a necessidade de instrução desta aula.
cpc-lei-13105-capture-2026-09-28,Art. 71,aula-10.html,unused,"O art. 71 regula O incapaz será representado ou assistido por seus pais, por tutor ou por curador, na…; esse assunto não estabelece a saída de mérito nem a necessidade de instrução desta aula."
cpc-lei-13105-capture-2026-09-28,Art. 710,aula-10.html,unused,"O art. 710 regula O regulador apresentará o regulamento da avaria grossa no prazo de até 12 (doze) meses,…; esse assunto não estabelece a saída de mérito nem a necessidade de instrução desta aula."
cpc-lei-13105-capture-2026-09-28,Art. 711,aula-10.html,unused,O art. 711 regula Aplicam-se ao regulador de avarias os; esse assunto não estabelece a saída de mérito nem a necessidade de instrução desta aula.
cpc-lei-13105-capture-2026-09-28,Art. 712,aula-10.html,unused,"O art. 712 regula Verificado o desaparecimento dos autos, eletrônicos ou não, pode o juiz, de ofício,…; esse assunto não estabelece a saída de mérito nem a necessidade de instrução desta aula."
cpc-lei-13105-capture-2026-09-28,Art. 713,aula-10.html,unused,"O art. 713 regula Na petição inicial, declarará a parte o estado do processo ao tempo do desaparecimento…; esse assunto não estabelece a saída de mérito nem a necessidade de instrução desta aula."
cpc-lei-13105-capture-2026-09-28,Art. 714,aula-10.html,unused,"O art. 714 regula A parte contrária será citada para contestar o pedido no prazo de 5 (cinco) dias,…; esse assunto não estabelece a saída de mérito nem a necessidade de instrução desta aula."
cpc-lei-13105-capture-2026-09-28,Art. 715,aula-10.html,unused,"O art. 715 regula Se a perda dos autos tiver ocorrido depois da produção das provas em audiência, o juiz,…; esse assunto não estabelece a saída de mérito nem a necessidade de instrução desta aula."
cpc-lei-13105-capture-2026-09-28,Art. 716,aula-10.html,unused,"O art. 716 regula Julgada a restauração, seguirá o processo os seus termos.; esse assunto não estabelece a saída de mérito nem a necessidade de instrução desta aula."
cpc-lei-13105-capture-2026-09-28,Art. 717,aula-10.html,unused,"O art. 717 regula Se o desaparecimento dos autos tiver ocorrido no tribunal, o processo de restauração…; esse assunto não estabelece a saída de mérito nem a necessidade de instrução desta aula."
cpc-lei-13105-capture-2026-09-28,Art. 718,aula-10.html,unused,O art. 718 regula Quem houver dado causa ao desaparecimento dos autos responderá pelas custas da…; esse assunto não estabelece a saída de mérito nem a necessidade de instrução desta aula.
cpc-lei-13105-capture-2026-09-28,Art. 719,aula-10.html,unused,"O art. 719 regula Quando este Código não estabelecer procedimento especial, regem os procedimentos de…; esse assunto não estabelece a saída de mérito nem a necessidade de instrução desta aula."
cpc-lei-13105-capture-2026-09-28,Art. 72,aula-10.html,unused,O art. 72 regula O juiz nomeará curador especial ao:; esse assunto não estabelece a saída de mérito nem a necessidade de instrução desta aula.
cpc-lei-13105-capture-2026-09-28,Art. 720,aula-10.html,unused,"O art. 720 regula O procedimento terá início por provocação do interessado, do Ministério Público ou da…; esse assunto não estabelece a saída de mérito nem a necessidade de instrução desta aula."
cpc-lei-13105-capture-2026-09-28,Art. 721,aula-10.html,unused,"O art. 721 regula Serão citados todos os interessados, bem como intimado o Ministério Público, nos casos…; esse assunto não estabelece a saída de mérito nem a necessidade de instrução desta aula."
cpc-lei-13105-capture-2026-09-28,Art. 722,aula-10.html,unused,O art. 722 regula A Fazenda Pública será sempre ouvida nos casos em que tiver interesse.; esse assunto não estabelece a saída de mérito nem a necessidade de instrução desta aula.
cpc-lei-13105-capture-2026-09-28,Art. 723,aula-10.html,unused,O art. 723 regula O juiz decidirá o pedido no prazo de 10 (dez) dias.; esse assunto não estabelece a saída de mérito nem a necessidade de instrução desta aula.
cpc-lei-13105-capture-2026-09-28,Art. 724,aula-10.html,unused,O art. 724 regula Da sentença caberá apelação.; esse assunto não estabelece a saída de mérito nem a necessidade de instrução desta aula.
cpc-lei-13105-capture-2026-09-28,Art. 725,aula-10.html,unused,O art. 725 regula Processar-se-á na forma estabelecida nesta Seção o pedido de:; esse assunto não estabelece a saída de mérito nem a necessidade de instrução desta aula.
cpc-lei-13105-capture-2026-09-28,Art. 726,aula-10.html,unused,O art. 726 regula Quem tiver interesse em manifestar formalmente sua vontade a outrem sobre assunto…; esse assunto não estabelece a saída de mérito nem a necessidade de instrução desta aula.
cpc-lei-13105-capture-2026-09-28,Art. 727,aula-10.html,unused,"O art. 727 regula Também poderá o interessado interpelar o requerido, no caso do; esse assunto não estabelece a saída de mérito nem a necessidade de instrução desta aula."
cpc-lei-13105-capture-2026-09-28,Art. 728,aula-10.html,unused,O art. 728 regula O requerido será previamente ouvido antes do deferimento da notificação ou do…; esse assunto não estabelece a saída de mérito nem a necessidade de instrução desta aula.
cpc-lei-13105-capture-2026-09-28,Art. 729,aula-10.html,unused,"O art. 729 regula Deferida e realizada a notificação ou interpelação, os autos serão entregues ao…; esse assunto não estabelece a saída de mérito nem a necessidade de instrução desta aula."
cpc-lei-13105-capture-2026-09-28,Art. 73,aula-10.html,unused,O art. 73 regula O cônjuge necessitará do consentimento do outro para propor ação que verse sobre…; esse assunto não estabelece a saída de mérito nem a necessidade de instrução desta aula.
cpc-lei-13105-capture-2026-09-28,Art. 730,aula-10.html,unused,"O art. 730 regula Nos casos expressos em lei, não havendo acordo entre os interessados sobre o modo como…; esse assunto não estabelece a saída de mérito nem a necessidade de instrução desta aula."
cpc-lei-13105-capture-2026-09-28,Art. 731,aula-10.html,unused,"O art. 731 regula A homologação do divórcio ou da separação consensuais, observados os requisitos legais,…; esse assunto não estabelece a saída de mérito nem a necessidade de instrução desta aula."
cpc-lei-13105-capture-2026-09-28,Art. 732,aula-10.html,unused,O art. 732 regula As disposições relativas ao processo de homologação judicial de divórcio ou de…; esse assunto não estabelece a saída de mérito nem a necessidade de instrução desta aula.
cpc-lei-13105-capture-2026-09-28,Art. 733,aula-10.html,unused,"O art. 733 regula O divórcio consensual, a separação consensual e a extinção consensual de união estável,…; esse assunto não estabelece a saída de mérito nem a necessidade de instrução desta aula."
cpc-lei-13105-capture-2026-09-28,Art. 734,aula-10.html,unused,"O art. 734 regula A alteração do regime de bens do casamento, observados os requisitos legais, poderá ser…; esse assunto não estabelece a saída de mérito nem a necessidade de instrução desta aula."
cpc-lei-13105-capture-2026-09-28,Art. 735,aula-10.html,unused,"O art. 735 regula Recebendo testamento cerrado, o juiz, se não achar vício externo que o torne suspeito…; esse assunto não estabelece a saída de mérito nem a necessidade de instrução desta aula."
cpc-lei-13105-capture-2026-09-28,Art. 736,aula-10.html,unused,"O art. 736 regula Qualquer interessado, exibindo o traslado ou a certidão de testamento público, poderá…; esse assunto não estabelece a saída de mérito nem a necessidade de instrução desta aula."
cpc-lei-13105-capture-2026-09-28,Art. 737,aula-10.html,unused,"O art. 737 regula A publicação do testamento particular poderá ser requerida, depois da morte do…; esse assunto não estabelece a saída de mérito nem a necessidade de instrução desta aula."
cpc-lei-13105-capture-2026-09-28,Art. 738,aula-10.html,unused,"O art. 738 regula Nos casos em que a lei considere jacente a herança, o juiz em cuja comarca tiver…; esse assunto não estabelece a saída de mérito nem a necessidade de instrução desta aula."
cpc-lei-13105-capture-2026-09-28,Art. 739,aula-10.html,unused,"O art. 739 regula A herança jacente ficará sob a guarda, a conservação e a administração de um curador…; esse assunto não estabelece a saída de mérito nem a necessidade de instrução desta aula."
cpc-lei-13105-capture-2026-09-28,Art. 74,aula-10.html,unused,O art. 74 regula O consentimento previsto no; esse assunto não estabelece a saída de mérito nem a necessidade de instrução desta aula.
cpc-lei-13105-capture-2026-09-28,Art. 740,aula-10.html,unused,"O art. 740 regula O juiz ordenará que o oficial de justiça, acompanhado do escrivão ou do chefe de…; esse assunto não estabelece a saída de mérito nem a necessidade de instrução desta aula."
cpc-lei-13105-capture-2026-09-28,Art. 741,aula-10.html,unused,"O art. 741 regula Ultimada a arrecadação, o juiz mandará expedir edital, que será publicado na rede…; esse assunto não estabelece a saída de mérito nem a necessidade de instrução desta aula."
cpc-lei-13105-capture-2026-09-28,Art. 742,aula-10.html,unused,O art. 742 regula O juiz poderá autorizar a alienação:; esse assunto não estabelece a saída de mérito nem a necessidade de instrução desta aula.
cpc-lei-13105-capture-2026-09-28,Art. 743,aula-10.html,unused,O art. 743 regula Passado 1 (um) ano da primeira publicação do edital e não havendo herdeiro habilitado…; esse assunto não estabelece a saída de mérito nem a necessidade de instrução desta aula.
cpc-lei-13105-capture-2026-09-28,Art. 744,aula-10.html,unused,"O art. 744 regula Declarada a ausência nos casos previstos em lei, o juiz mandará arrecadar os bens do…; esse assunto não estabelece a saída de mérito nem a necessidade de instrução desta aula."
cpc-lei-13105-capture-2026-09-28,Art. 745,aula-10.html,unused,"O art. 745 regula Feita a arrecadação, o juiz mandará publicar editais na rede mundial de computadores,…; esse assunto não estabelece a saída de mérito nem a necessidade de instrução desta aula."
cpc-lei-13105-capture-2026-09-28,Art. 746,aula-10.html,unused,"O art. 746 regula Recebendo do descobridor coisa alheia perdida, o juiz mandará lavrar o respectivo auto,…; esse assunto não estabelece a saída de mérito nem a necessidade de instrução desta aula."
cpc-lei-13105-capture-2026-09-28,Art. 747,aula-10.html,unused,O art. 747 regula A interdição pode ser promovida:; esse assunto não estabelece a saída de mérito nem a necessidade de instrução desta aula.
cpc-lei-13105-capture-2026-09-28,Art. 748,aula-10.html,unused,O art. 748 regula O Ministério Público só promoverá interdição em caso de doença mental grave:; esse assunto não estabelece a saída de mérito nem a necessidade de instrução desta aula.
cpc-lei-13105-capture-2026-09-28,Art. 749,aula-10.html,unused,"O art. 749 regula Incumbe ao autor, na petição inicial, especificar os fatos que demonstram a…; esse assunto não estabelece a saída de mérito nem a necessidade de instrução desta aula."
cpc-lei-13105-capture-2026-09-28,Art. 75,aula-10.html,unused,"O art. 75 regula Serão representados em juízo, ativa e passivamente:; esse assunto não estabelece a saída de mérito nem a necessidade de instrução desta aula."
cpc-lei-13105-capture-2026-09-28,Art. 750,aula-10.html,unused,O art. 750 regula O requerente deverá juntar laudo médico para fazer prova de suas alegações ou informar…; esse assunto não estabelece a saída de mérito nem a necessidade de instrução desta aula.
cpc-lei-13105-capture-2026-09-28,Art. 751,aula-10.html,unused,"O art. 751 regula O interditando será citado para, em dia designado, comparecer perante o juiz, que o…; esse assunto não estabelece a saída de mérito nem a necessidade de instrução desta aula."
cpc-lei-13105-capture-2026-09-28,Art. 752,aula-10.html,unused,"O art. 752 regula Dentro do prazo de 15 (quinze) dias contado da entrevista, o interditando poderá…; esse assunto não estabelece a saída de mérito nem a necessidade de instrução desta aula."
cpc-lei-13105-capture-2026-09-28,Art. 753,aula-10.html,unused,O art. 753 regula Decorrido o prazo previsto no; esse assunto não estabelece a saída de mérito nem a necessidade de instrução desta aula.
cpc-lei-13105-capture-2026-09-28,Art. 754,aula-10.html,unused,"O art. 754 regula Apresentado o laudo, produzidas as demais provas e ouvidos os interessados, o juiz…; esse assunto não estabelece a saída de mérito nem a necessidade de instrução desta aula."
cpc-lei-13105-capture-2026-09-28,Art. 755,aula-10.html,unused,"O art. 755 regula Na sentença que decretar a interdição, o juiz:; esse assunto não estabelece a saída de mérito nem a necessidade de instrução desta aula."
cpc-lei-13105-capture-2026-09-28,Art. 756,aula-10.html,unused,O art. 756 regula Levantar-se-á a curatela quando cessar a causa que a determinou.; esse assunto não estabelece a saída de mérito nem a necessidade de instrução desta aula.
cpc-lei-13105-capture-2026-09-28,Art. 757,aula-10.html,unused,O art. 757 regula A autoridade do curador estende-se à pessoa e aos bens do incapaz que se encontrar sob…; esse assunto não estabelece a saída de mérito nem a necessidade de instrução desta aula.
cpc-lei-13105-capture-2026-09-28,Art. 758,aula-10.html,unused,O art. 758 regula O curador deverá buscar tratamento e apoio apropriados à conquista da autonomia pelo…; esse assunto não estabelece a saída de mérito nem a necessidade de instrução desta aula.
cpc-lei-13105-capture-2026-09-28,Art. 759,aula-10.html,unused,O art. 759 regula O tutor ou o curador será intimado a prestar compromisso no prazo de 5 (cinco) dias…; esse assunto não estabelece a saída de mérito nem a necessidade de instrução desta aula.
cpc-lei-13105-capture-2026-09-28,Art. 76,aula-10.html,unused,"O art. 76 regula Verificada a incapacidade processual ou a irregularidade da representação da parte, o…; esse assunto não estabelece a saída de mérito nem a necessidade de instrução desta aula."
cpc-lei-13105-capture-2026-09-28,Art. 760,aula-10.html,unused,O art. 760 regula O tutor ou o curador poderá eximir-se do encargo apresentando escusa ao juiz no prazo…; esse assunto não estabelece a saída de mérito nem a necessidade de instrução desta aula.
cpc-lei-13105-capture-2026-09-28,Art. 761,aula-10.html,unused,"O art. 761 regula Incumbe ao Ministério Público ou a quem tenha legítimo interesse requerer, nos casos…; esse assunto não estabelece a saída de mérito nem a necessidade de instrução desta aula."
cpc-lei-13105-capture-2026-09-28,Art. 762,aula-10.html,unused,"O art. 762 regula Em caso de extrema gravidade, o juiz poderá suspender o tutor ou o curador do exercício…; esse assunto não estabelece a saída de mérito nem a necessidade de instrução desta aula."
cpc-lei-13105-capture-2026-09-28,Art. 763,aula-10.html,unused,O art. 763 regula Cessando as funções do tutor ou do curador pelo decurso do prazo em que era obrigado a…; esse assunto não estabelece a saída de mérito nem a necessidade de instrução desta aula.
cpc-lei-13105-capture-2026-09-28,Art. 764,aula-10.html,unused,O art. 764 regula O juiz decidirá sobre a aprovação do estatuto das fundações e de suas alterações sempre…; esse assunto não estabelece a saída de mérito nem a necessidade de instrução desta aula.
cpc-lei-13105-capture-2026-09-28,Art. 765,aula-10.html,unused,O art. 765 regula Qualquer interessado ou o Ministério Público promoverá em juízo a extinção da fundação…; esse assunto não estabelece a saída de mérito nem a necessidade de instrução desta aula.
cpc-lei-13105-capture-2026-09-28,Art. 766,aula-10.html,unused,O art. 766 regula Todos os protestos e os processos testemunháveis formados a bordo e lançados no livro…; esse assunto não estabelece a saída de mérito nem a necessidade de instrução desta aula.
cpc-lei-13105-capture-2026-09-28,Art. 767,aula-10.html,unused,O art. 767 regula A petição inicial conterá a transcrição dos termos lançados no livro Diário da…; esse assunto não estabelece a saída de mérito nem a necessidade de instrução desta aula.
cpc-lei-13105-capture-2026-09-28,Art. 768,aula-10.html,unused,"O art. 768 regula A petição inicial deverá ser distribuída com urgência e encaminhada ao juiz, que…; esse assunto não estabelece a saída de mérito nem a necessidade de instrução desta aula."
cpc-lei-13105-capture-2026-09-28,Art. 769,aula-10.html,unused,"O art. 769 regula Aberta a audiência, o juiz mandará apregoar os consignatários das cargas indicados na…; esse assunto não estabelece a saída de mérito nem a necessidade de instrução desta aula."
cpc-lei-13105-capture-2026-09-28,Art. 77,aula-10.html,unused,"O art. 77 regula Além de outros previstos neste Código, são deveres das partes, de seus procuradores e…; esse assunto não estabelece a saída de mérito nem a necessidade de instrução desta aula."
cpc-lei-13105-capture-2026-09-28,Art. 770,aula-10.html,unused,"O art. 770 regula Inquiridos o comandante e as testemunhas, o juiz, convencido da veracidade dos termos…; esse assunto não estabelece a saída de mérito nem a necessidade de instrução desta aula."
cpc-lei-13105-capture-2026-09-28,Art. 771,aula-10.html,unused,"O art. 771 regula Este Livro regula o procedimento da execução fundada em título extrajudicial, e suas…; esse assunto não estabelece a saída de mérito nem a necessidade de instrução desta aula."
cpc-lei-13105-capture-2026-09-28,Art. 772,aula-10.html,unused,"O art. 772 regula O juiz pode, em qualquer momento do processo:; esse assunto não estabelece a saída de mérito nem a necessidade de instrução desta aula."
cpc-lei-13105-capture-2026-09-28,Art. 773,aula-10.html,unused,"O art. 773 regula O juiz poderá, de ofício ou a requerimento, determinar as medidas necessárias ao…; esse assunto não estabelece a saída de mérito nem a necessidade de instrução desta aula."
cpc-lei-13105-capture-2026-09-28,Art. 774,aula-10.html,unused,O art. 774 regula Considera-se atentatória à dignidade da justiça a conduta comissiva ou omissiva do…; esse assunto não estabelece a saída de mérito nem a necessidade de instrução desta aula.
cpc-lei-13105-capture-2026-09-28,Art. 775,aula-10.html,unused,O art. 775 regula O exequente tem o direito de desistir de toda a execução ou de apenas alguma medida…; esse assunto não estabelece a saída de mérito nem a necessidade de instrução desta aula.
cpc-lei-13105-capture-2026-09-28,Art. 776,aula-10.html,unused,"O art. 776 regula O exequente ressarcirá ao executado os danos que este sofreu, quando a sentença,…; esse assunto não estabelece a saída de mérito nem a necessidade de instrução desta aula."
cpc-lei-13105-capture-2026-09-28,Art. 777,aula-10.html,unused,O art. 777 regula A cobrança de multas ou de indenizações decorrentes de litigância de má-fé ou de…; esse assunto não estabelece a saída de mérito nem a necessidade de instrução desta aula.
cpc-lei-13105-capture-2026-09-28,Art. 778,aula-10.html,unused,O art. 778 regula Pode promover a execução forçada o credor a quem a lei confere título executivo.; esse assunto não estabelece a saída de mérito nem a necessidade de instrução desta aula.
cpc-lei-13105-capture-2026-09-28,Art. 779,aula-10.html,unused,O art. 779 regula A execução pode ser promovida contra:; esse assunto não estabelece a saída de mérito nem a necessidade de instrução desta aula.
cpc-lei-13105-capture-2026-09-28,Art. 78,aula-10.html,unused,"O art. 78 regula É vedado às partes, a seus procuradores, aos juízes, aos membros do Ministério Público…; esse assunto não estabelece a saída de mérito nem a necessidade de instrução desta aula."
cpc-lei-13105-capture-2026-09-28,Art. 780,aula-10.html,unused,"O art. 780 regula O exequente pode cumular várias execuções, ainda que fundadas em títulos diferentes,…; esse assunto não estabelece a saída de mérito nem a necessidade de instrução desta aula."
cpc-lei-13105-capture-2026-09-28,Art. 781,aula-10.html,unused,"O art. 781 regula A execução fundada em título extrajudicial será processada perante o juízo competente,…; esse assunto não estabelece a saída de mérito nem a necessidade de instrução desta aula."
cpc-lei-13105-capture-2026-09-28,Art. 782,aula-10.html,unused,"O art. 782 regula Não dispondo a lei de modo diverso, o juiz determinará os atos executivos, e o oficial…; esse assunto não estabelece a saída de mérito nem a necessidade de instrução desta aula."
cpc-lei-13105-capture-2026-09-28,Art. 783,aula-10.html,unused,"O art. 783 regula A execução para cobrança de crédito fundar-se-á sempre em título de obrigação certa,…; esse assunto não estabelece a saída de mérito nem a necessidade de instrução desta aula."
cpc-lei-13105-capture-2026-09-28,Art. 784,aula-10.html,unused,O art. 784 regula São títulos executivos extrajudiciais:; esse assunto não estabelece a saída de mérito nem a necessidade de instrução desta aula.
cpc-lei-13105-capture-2026-09-28,Art. 785,aula-10.html,unused,O art. 785 regula A existência de título executivo extrajudicial não impede a parte de optar pelo…; esse assunto não estabelece a saída de mérito nem a necessidade de instrução desta aula.
cpc-lei-13105-capture-2026-09-28,Art. 787,aula-10.html,unused,O art. 787 regula Se o devedor não for obrigado a satisfazer sua prestação senão mediante a…; esse assunto não estabelece a saída de mérito nem a necessidade de instrução desta aula.
cpc-lei-13105-capture-2026-09-28,Art. 788,aula-10.html,unused,O art. 788 regula O credor não poderá iniciar a execução ou nela prosseguir se o devedor cumprir a…; esse assunto não estabelece a saída de mérito nem a necessidade de instrução desta aula.
cpc-lei-13105-capture-2026-09-28,Art. 789,aula-10.html,unused,O art. 789 regula O devedor responde com todos os seus bens presentes e futuros para o cumprimento de…; esse assunto não estabelece a saída de mérito nem a necessidade de instrução desta aula.
cpc-lei-13105-capture-2026-09-28,Art. 79,aula-10.html,unused,"O art. 79 regula Responde por perdas e danos aquele que litigar de má-fé como autor, réu ou…; esse assunto não estabelece a saída de mérito nem a necessidade de instrução desta aula."
cpc-lei-13105-capture-2026-09-28,Art. 790,aula-10.html,unused,O art. 790 regula São sujeitos à execução os bens:; esse assunto não estabelece a saída de mérito nem a necessidade de instrução desta aula.
cpc-lei-13105-capture-2026-09-28,Art. 791,aula-10.html,unused,O art. 791 regula Se a execução tiver por objeto obrigação de que seja sujeito passivo o proprietário de…; esse assunto não estabelece a saída de mérito nem a necessidade de instrução desta aula.
cpc-lei-13105-capture-2026-09-28,Art. 792,aula-10.html,unused,O art. 792 regula A alienação ou a oneração de bem é considerada fraude à execução:; esse assunto não estabelece a saída de mérito nem a necessidade de instrução desta aula.
cpc-lei-13105-capture-2026-09-28,Art. 793,aula-10.html,unused,"O art. 793 regula O exequente que estiver, por direito de retenção, na posse de coisa pertencente ao…; esse assunto não estabelece a saída de mérito nem a necessidade de instrução desta aula."
cpc-lei-13105-capture-2026-09-28,Art. 794,aula-10.html,unused,"O art. 794 regula O fiador, quando executado, tem o direito de exigir que primeiro sejam executados os…; esse assunto não estabelece a saída de mérito nem a necessidade de instrução desta aula."
cpc-lei-13105-capture-2026-09-28,Art. 795,aula-10.html,unused,"O art. 795 regula Os bens particulares dos sócios não respondem pelas dívidas da sociedade, senão nos…; esse assunto não estabelece a saída de mérito nem a necessidade de instrução desta aula."
cpc-lei-13105-capture-2026-09-28,Art. 796,aula-10.html,unused,"O art. 796 regula O espólio responde pelas dívidas do falecido, mas, feita a partilha, cada herdeiro…; esse assunto não estabelece a saída de mérito nem a necessidade de instrução desta aula."
cpc-lei-13105-capture-2026-09-28,Art. 797,aula-10.html,unused,"O art. 797 regula Ressalvado o caso de insolvência do devedor, em que tem lugar o concurso universal,…; esse assunto não estabelece a saída de mérito nem a necessidade de instrução desta aula."
cpc-lei-13105-capture-2026-09-28,Art. 798,aula-10.html,unused,"O art. 798 regula Ao propor a execução, incumbe ao exequente:; esse assunto não estabelece a saída de mérito nem a necessidade de instrução desta aula."
cpc-lei-13105-capture-2026-09-28,Art. 799,aula-10.html,unused,O art. 799 regula Incumbe ainda ao exequente:; esse assunto não estabelece a saída de mérito nem a necessidade de instrução desta aula.
cpc-lei-13105-capture-2026-09-28,Art. 8,aula-10.html,unused,O art. 8 regula ; esse assunto não estabelece a saída de mérito nem a necessidade de instrução desta aula.
cpc-lei-13105-capture-2026-09-28,Art. 80,aula-10.html,unused,O art. 80 regula Considera-se litigante de má-fé aquele que:; esse assunto não estabelece a saída de mérito nem a necessidade de instrução desta aula.
cpc-lei-13105-capture-2026-09-28,Art. 800,aula-10.html,unused,"O art. 800 regula Nas obrigações alternativas, quando a escolha couber ao devedor, esse será citado para…; esse assunto não estabelece a saída de mérito nem a necessidade de instrução desta aula."
cpc-lei-13105-capture-2026-09-28,Art. 801,aula-10.html,unused,O art. 801 regula Verificando que a petição inicial está incompleta ou que não está acompanhada dos…; esse assunto não estabelece a saída de mérito nem a necessidade de instrução desta aula.
cpc-lei-13105-capture-2026-09-28,Art. 802,aula-10.html,unused,"O art. 802 regula Na execução, o despacho que ordena a citação, desde que realizada em observância ao…; esse assunto não estabelece a saída de mérito nem a necessidade de instrução desta aula."
cpc-lei-13105-capture-2026-09-28,Art. 803,aula-10.html,unused,O art. 803 regula É nula a execução se:; esse assunto não estabelece a saída de mérito nem a necessidade de instrução desta aula.
cpc-lei-13105-capture-2026-09-28,Art. 804,aula-10.html,unused,"O art. 804 regula A alienação de bem gravado por penhor, hipoteca ou anticrese será ineficaz em relação…; esse assunto não estabelece a saída de mérito nem a necessidade de instrução desta aula."
cpc-lei-13105-capture-2026-09-28,Art. 805,aula-10.html,unused,"O art. 805 regula Quando por vários meios o exequente puder promover a execução, o juiz mandará que se…; esse assunto não estabelece a saída de mérito nem a necessidade de instrução desta aula."
cpc-lei-13105-capture-2026-09-28,Art. 806,aula-10.html,unused,"O art. 806 regula O devedor de obrigação de entrega de coisa certa, constante de título executivo…; esse assunto não estabelece a saída de mérito nem a necessidade de instrução desta aula."
cpc-lei-13105-capture-2026-09-28,Art. 807,aula-10.html,unused,"O art. 807 regula Se o executado entregar a coisa, será lavrado o termo respectivo e considerada…; esse assunto não estabelece a saída de mérito nem a necessidade de instrução desta aula."
cpc-lei-13105-capture-2026-09-28,Art. 808,aula-10.html,unused,"O art. 808 regula Alienada a coisa quando já litigiosa, será expedido mandado contra o terceiro…; esse assunto não estabelece a saída de mérito nem a necessidade de instrução desta aula."
cpc-lei-13105-capture-2026-09-28,Art. 809,aula-10.html,unused,"O art. 809 regula O exequente tem direito a receber, além de perdas e danos, o valor da coisa, quando…; esse assunto não estabelece a saída de mérito nem a necessidade de instrução desta aula."
cpc-lei-13105-capture-2026-09-28,Art. 81,aula-10.html,unused,"O art. 81 regula De ofício ou a requerimento, o juiz condenará o litigante de má-fé a pagar multa, que…; esse assunto não estabelece a saída de mérito nem a necessidade de instrução desta aula."
cpc-lei-13105-capture-2026-09-28,Art. 810,aula-10.html,unused,O art. 810 regula Havendo benfeitorias indenizáveis feitas na coisa pelo executado ou por terceiros de…; esse assunto não estabelece a saída de mérito nem a necessidade de instrução desta aula.
cpc-lei-13105-capture-2026-09-28,Art. 811,aula-10.html,unused,"O art. 811 regula Quando a execução recair sobre coisa determinada pelo gênero e pela quantidade, o…; esse assunto não estabelece a saída de mérito nem a necessidade de instrução desta aula."
cpc-lei-13105-capture-2026-09-28,Art. 812,aula-10.html,unused,"O art. 812 regula Qualquer das partes poderá, no prazo de 15 (quinze) dias, impugnar a escolha feita pela…; esse assunto não estabelece a saída de mérito nem a necessidade de instrução desta aula."
cpc-lei-13105-capture-2026-09-28,Art. 813,aula-10.html,unused,"O art. 813 regula Aplicar-se-ão à execução para entrega de coisa incerta, no que couber, as disposições…; esse assunto não estabelece a saída de mérito nem a necessidade de instrução desta aula."
cpc-lei-13105-capture-2026-09-28,Art. 814,aula-10.html,unused,"O art. 814 regula Na execução de obrigação de fazer ou de não fazer fundada em título extrajudicial, ao…; esse assunto não estabelece a saída de mérito nem a necessidade de instrução desta aula."
cpc-lei-13105-capture-2026-09-28,Art. 815,aula-10.html,unused,"O art. 815 regula Quando o objeto da execução for obrigação de fazer, o executado será citado para…; esse assunto não estabelece a saída de mérito nem a necessidade de instrução desta aula."
cpc-lei-13105-capture-2026-09-28,Art. 816,aula-10.html,unused,"O art. 816 regula Se o executado não satisfizer a obrigação no prazo designado, é lícito ao exequente,…; esse assunto não estabelece a saída de mérito nem a necessidade de instrução desta aula."
cpc-lei-13105-capture-2026-09-28,Art. 817,aula-10.html,unused,"O art. 817 regula Se a obrigação puder ser satisfeita por terceiro, é lícito ao juiz autorizar, a…; esse assunto não estabelece a saída de mérito nem a necessidade de instrução desta aula."
cpc-lei-13105-capture-2026-09-28,Art. 818,aula-10.html,unused,"O art. 818 regula Realizada a prestação, o juiz ouvirá as partes no prazo de 10 (dez) dias e, não havendo…; esse assunto não estabelece a saída de mérito nem a necessidade de instrução desta aula."
cpc-lei-13105-capture-2026-09-28,Art. 819,aula-10.html,unused,O art. 819 regula Se o terceiro contratado não realizar a prestação no prazo ou se o fizer de modo…; esse assunto não estabelece a saída de mérito nem a necessidade de instrução desta aula.
cpc-lei-13105-capture-2026-09-28,Art. 82,aula-10.html,unused,"O art. 82 regula Salvo as disposições concernentes à gratuidade da justiça, incumbe às partes prover as…; esse assunto não estabelece a saída de mérito nem a necessidade de instrução desta aula."
cpc-lei-13105-capture-2026-09-28,Art. 820,aula-10.html,unused,"O art. 820 regula Se o exequente quiser executar ou mandar executar, sob sua direção e vigilância, as…; esse assunto não estabelece a saída de mérito nem a necessidade de instrução desta aula."
cpc-lei-13105-capture-2026-09-28,Art. 821,aula-10.html,unused,"O art. 821 regula Na obrigação de fazer, quando se convencionar que o executado a satisfaça pessoalmente,…; esse assunto não estabelece a saída de mérito nem a necessidade de instrução desta aula."
cpc-lei-13105-capture-2026-09-28,Art. 822,aula-10.html,unused,"O art. 822 regula Se o executado praticou ato a cuja abstenção estava obrigado por lei ou por contrato, o…; esse assunto não estabelece a saída de mérito nem a necessidade de instrução desta aula."
cpc-lei-13105-capture-2026-09-28,Art. 823,aula-10.html,unused,"O art. 823 regula Havendo recusa ou mora do executado, o exequente requererá ao juiz que mande desfazer o…; esse assunto não estabelece a saída de mérito nem a necessidade de instrução desta aula."
cpc-lei-13105-capture-2026-09-28,Art. 824,aula-10.html,unused,"O art. 824 regula A execução por quantia certa realiza-se pela expropriação de bens do executado,…; esse assunto não estabelece a saída de mérito nem a necessidade de instrução desta aula."
cpc-lei-13105-capture-2026-09-28,Art. 825,aula-10.html,unused,O art. 825 regula A expropriação consiste em:; esse assunto não estabelece a saída de mérito nem a necessidade de instrução desta aula.
cpc-lei-13105-capture-2026-09-28,Art. 826,aula-10.html,unused,"O art. 826 regula Antes de adjudicados ou alienados os bens, o executado pode, a todo tempo, remir a…; esse assunto não estabelece a saída de mérito nem a necessidade de instrução desta aula."
cpc-lei-13105-capture-2026-09-28,Art. 827,aula-10.html,unused,"O art. 827 regula Ao despachar a inicial, o juiz fixará, de plano, os honorários advocatícios de dez por…; esse assunto não estabelece a saída de mérito nem a necessidade de instrução desta aula."
cpc-lei-13105-capture-2026-09-28,Art. 828,aula-10.html,unused,"O art. 828 regula O exequente poderá obter certidão de que a execução foi admitida pelo juiz, com…; esse assunto não estabelece a saída de mérito nem a necessidade de instrução desta aula."
cpc-lei-13105-capture-2026-09-28,Art. 829,aula-10.html,unused,"O art. 829 regula O executado será citado para pagar a dívida no prazo de 3 (três) dias, contado da…; esse assunto não estabelece a saída de mérito nem a necessidade de instrução desta aula."
cpc-lei-13105-capture-2026-09-28,Art. 83,aula-10.html,unused,"O art. 83 regula O autor, brasileiro ou estrangeiro, que residir fora do Brasil ou deixar de residir no…; esse assunto não estabelece a saída de mérito nem a necessidade de instrução desta aula."
cpc-lei-13105-capture-2026-09-28,Art. 830,aula-10.html,unused,"O art. 830 regula Se o oficial de justiça não encontrar o executado, arrestar-lhe-á tantos bens quantos…; esse assunto não estabelece a saída de mérito nem a necessidade de instrução desta aula."
cpc-lei-13105-capture-2026-09-28,Art. 831,aula-10.html,unused,O art. 831 regula A penhora deverá recair sobre tantos bens quantos bastem para o pagamento do principal…; esse assunto não estabelece a saída de mérito nem a necessidade de instrução desta aula.
cpc-lei-13105-capture-2026-09-28,Art. 832,aula-10.html,unused,O art. 832 regula Não estão sujeitos à execução os bens que a lei considera impenhoráveis ou inalienáveis.; esse assunto não estabelece a saída de mérito nem a necessidade de instrução desta aula.
cpc-lei-13105-capture-2026-09-28,Art. 833,aula-10.html,unused,O art. 833 regula São impenhoráveis:; esse assunto não estabelece a saída de mérito nem a necessidade de instrução desta aula.
cpc-lei-13105-capture-2026-09-28,Art. 834,aula-10.html,unused,"O art. 834 regula Podem ser penhorados, à falta de outros bens, os frutos e os rendimentos dos bens…; esse assunto não estabelece a saída de mérito nem a necessidade de instrução desta aula."
cpc-lei-13105-capture-2026-09-28,Art. 835,aula-10.html,unused,"O art. 835 regula A penhora observará, preferencialmente, a seguinte ordem:; esse assunto não estabelece a saída de mérito nem a necessidade de instrução desta aula."
cpc-lei-13105-capture-2026-09-28,Art. 836,aula-10.html,unused,O art. 836 regula Não se levará a efeito a penhora quando ficar evidente que o produto da execução dos…; esse assunto não estabelece a saída de mérito nem a necessidade de instrução desta aula.
cpc-lei-13105-capture-2026-09-28,Art. 837,aula-10.html,unused,O art. 837 regula Obedecidas as normas de segurança instituídas sob critérios uniformes pelo Conselho…; esse assunto não estabelece a saída de mérito nem a necessidade de instrução desta aula.
cpc-lei-13105-capture-2026-09-28,Art. 838,aula-10.html,unused,"O art. 838 regula A penhora será realizada mediante auto ou termo, que conterá:; esse assunto não estabelece a saída de mérito nem a necessidade de instrução desta aula."
cpc-lei-13105-capture-2026-09-28,Art. 839,aula-10.html,unused,"O art. 839 regula Considerar-se-á feita a penhora mediante a apreensão e o depósito dos bens, lavrando-se…; esse assunto não estabelece a saída de mérito nem a necessidade de instrução desta aula."
cpc-lei-13105-capture-2026-09-28,Art. 84,aula-10.html,unused,"O art. 84 regula As despesas abrangem as custas dos atos do processo, a indenização de viagem, a…; esse assunto não estabelece a saída de mérito nem a necessidade de instrução desta aula."
cpc-lei-13105-capture-2026-09-28,Art. 840,aula-10.html,unused,O art. 840 regula Serão preferencialmente depositados:; esse assunto não estabelece a saída de mérito nem a necessidade de instrução desta aula.
cpc-lei-13105-capture-2026-09-28,Art. 841,aula-10.html,unused,"O art. 841 regula Formalizada a penhora por qualquer dos meios legais, dela será imediatamente intimado o…; esse assunto não estabelece a saída de mérito nem a necessidade de instrução desta aula."
cpc-lei-13105-capture-2026-09-28,Art. 842,aula-10.html,unused,"O art. 842 regula Recaindo a penhora sobre bem imóvel ou direito real sobre imóvel, será intimado também…; esse assunto não estabelece a saída de mérito nem a necessidade de instrução desta aula."
cpc-lei-13105-capture-2026-09-28,Art. 843,aula-10.html,unused,"O art. 843 regula Tratando-se de penhora de bem indivisível, o equivalente à quota-parte do…; esse assunto não estabelece a saída de mérito nem a necessidade de instrução desta aula."
cpc-lei-13105-capture-2026-09-28,Art. 844,aula-10.html,unused,"O art. 844 regula Para presunção absoluta de conhecimento por terceiros, cabe ao exequente providenciar a…; esse assunto não estabelece a saída de mérito nem a necessidade de instrução desta aula."
cpc-lei-13105-capture-2026-09-28,Art. 845,aula-10.html,unused,"O art. 845 regula Efetuar-se-á a penhora onde se encontrem os bens, ainda que sob a posse, a detenção ou…; esse assunto não estabelece a saída de mérito nem a necessidade de instrução desta aula."
cpc-lei-13105-capture-2026-09-28,Art. 846,aula-10.html,unused,"O art. 846 regula Se o executado fechar as portas da casa a fim de obstar a penhora dos bens, o oficial…; esse assunto não estabelece a saída de mérito nem a necessidade de instrução desta aula."
cpc-lei-13105-capture-2026-09-28,Art. 847,aula-10.html,unused,"O art. 847 regula O executado pode, no prazo de 10 (dez) dias contado da intimação da penhora, requerer a…; esse assunto não estabelece a saída de mérito nem a necessidade de instrução desta aula."
cpc-lei-13105-capture-2026-09-28,Art. 848,aula-10.html,unused,O art. 848 regula As partes poderão requerer a substituição da penhora se:; esse assunto não estabelece a saída de mérito nem a necessidade de instrução desta aula.
cpc-lei-13105-capture-2026-09-28,Art. 849,aula-10.html,unused,"O art. 849 regula Sempre que ocorrer a substituição dos bens inicialmente penhorados, será lavrado novo…; esse assunto não estabelece a saída de mérito nem a necessidade de instrução desta aula."
cpc-lei-13105-capture-2026-09-28,Art. 85,aula-10.html,unused,O art. 85 regula A sentença condenará o vencido a pagar honorários ao advogado do vencedor.; esse assunto não estabelece a saída de mérito nem a necessidade de instrução desta aula.
cpc-lei-13105-capture-2026-09-28,Art. 851,aula-10.html,unused,"O art. 851 regula Não se procede à segunda penhora, salvo se:; esse assunto não estabelece a saída de mérito nem a necessidade de instrução desta aula."
cpc-lei-13105-capture-2026-09-28,Art. 852,aula-10.html,unused,O art. 852 regula O juiz determinará a alienação antecipada dos bens penhorados quando:; esse assunto não estabelece a saída de mérito nem a necessidade de instrução desta aula.
cpc-lei-13105-capture-2026-09-28,Art. 853,aula-10.html,unused,"O art. 853 regula Quando uma das partes requerer alguma das medidas previstas nesta Subseção, o juiz…; esse assunto não estabelece a saída de mérito nem a necessidade de instrução desta aula."
cpc-lei-13105-capture-2026-09-28,Art. 854,aula-10.html,unused,"O art. 854 regula Para possibilitar a penhora de dinheiro em depósito ou em aplicação financeira, o juiz,…; esse assunto não estabelece a saída de mérito nem a necessidade de instrução desta aula."
cpc-lei-13105-capture-2026-09-28,Art. 855,aula-10.html,unused,"O art. 855 regula Quando recair em crédito do executado, enquanto não ocorrer a hipótese prevista no; esse assunto não estabelece a saída de mérito nem a necessidade de instrução desta aula."
cpc-lei-13105-capture-2026-09-28,Art. 856,aula-10.html,unused,"O art. 856 regula A penhora de crédito representado por letra de câmbio, nota promissória, duplicata,…; esse assunto não estabelece a saída de mérito nem a necessidade de instrução desta aula."
cpc-lei-13105-capture-2026-09-28,Art. 857,aula-10.html,unused,"O art. 857 regula Feita a penhora em direito e ação do executado, e não tendo ele oferecido embargos ou…; esse assunto não estabelece a saída de mérito nem a necessidade de instrução desta aula."
cpc-lei-13105-capture-2026-09-28,Art. 858,aula-10.html,unused,"O art. 858 regula Quando a penhora recair sobre dívidas de dinheiro a juros, de direito a rendas ou de…; esse assunto não estabelece a saída de mérito nem a necessidade de instrução desta aula."
cpc-lei-13105-capture-2026-09-28,Art. 859,aula-10.html,unused,"O art. 859 regula Recaindo a penhora sobre direito a prestação ou a restituição de coisa determinada, o…; esse assunto não estabelece a saída de mérito nem a necessidade de instrução desta aula."
cpc-lei-13105-capture-2026-09-28,Art. 86,aula-10.html,unused,"O art. 86 regula Se cada litigante for, em parte, vencedor e vencido, serão proporcionalmente…; esse assunto não estabelece a saída de mérito nem a necessidade de instrução desta aula."
cpc-lei-13105-capture-2026-09-28,Art. 860,aula-10.html,unused,"O art. 860 regula Quando o direito estiver sendo pleiteado em juízo, a penhora que recair sobre ele será…; esse assunto não estabelece a saída de mérito nem a necessidade de instrução desta aula."
cpc-lei-13105-capture-2026-09-28,Art. 861,aula-10.html,unused,"O art. 861 regula Penhoradas as quotas ou as ações de sócio em sociedade simples ou empresária, o juiz…; esse assunto não estabelece a saída de mérito nem a necessidade de instrução desta aula."
cpc-lei-13105-capture-2026-09-28,Art. 862,aula-10.html,unused,"O art. 862 regula Quando a penhora recair em estabelecimento comercial, industrial ou agrícola, bem como…; esse assunto não estabelece a saída de mérito nem a necessidade de instrução desta aula."
cpc-lei-13105-capture-2026-09-28,Art. 864,aula-10.html,unused,O art. 864 regula A penhora de navio ou de aeronave não obsta que continuem navegando ou operando até a…; esse assunto não estabelece a saída de mérito nem a necessidade de instrução desta aula.
cpc-lei-13105-capture-2026-09-28,Art. 866,aula-10.html,unused,"O art. 866 regula Se o executado não tiver outros bens penhoráveis ou se, tendo-os, esses forem de…; esse assunto não estabelece a saída de mérito nem a necessidade de instrução desta aula."
cpc-lei-13105-capture-2026-09-28,Art. 867,aula-10.html,unused,O art. 867 regula O juiz pode ordenar a penhora de frutos e rendimentos de coisa móvel ou imóvel quando a…; esse assunto não estabelece a saída de mérito nem a necessidade de instrução desta aula.
cpc-lei-13105-capture-2026-09-28,Art. 868,aula-10.html,unused,"O art. 868 regula Ordenada a penhora de frutos e rendimentos, o juiz nomeará administrador-depositário,…; esse assunto não estabelece a saída de mérito nem a necessidade de instrução desta aula."
cpc-lei-13105-capture-2026-09-28,Art. 869,aula-10.html,unused,"O art. 869 regula O juiz poderá nomear administrador-depositário o exequente ou o executado, ouvida a…; esse assunto não estabelece a saída de mérito nem a necessidade de instrução desta aula."
cpc-lei-13105-capture-2026-09-28,Art. 87,aula-10.html,unused,"O art. 87 regula Concorrendo diversos autores ou diversos réus, os vencidos respondem proporcionalmente…; esse assunto não estabelece a saída de mérito nem a necessidade de instrução desta aula."
cpc-lei-13105-capture-2026-09-28,Art. 870,aula-10.html,unused,O art. 870 regula A avaliação será feita pelo oficial de justiça.; esse assunto não estabelece a saída de mérito nem a necessidade de instrução desta aula.
cpc-lei-13105-capture-2026-09-28,Art. 871,aula-10.html,unused,O art. 871 regula Não se procederá à avaliação quando:; esse assunto não estabelece a saída de mérito nem a necessidade de instrução desta aula.
cpc-lei-13105-capture-2026-09-28,Art. 872,aula-10.html,unused,O art. 872 regula A avaliação realizada pelo oficial de justiça constará de vistoria e de laudo anexados…; esse assunto não estabelece a saída de mérito nem a necessidade de instrução desta aula.
cpc-lei-13105-capture-2026-09-28,Art. 873,aula-10.html,unused,O art. 873 regula É admitida nova avaliação quando:; esse assunto não estabelece a saída de mérito nem a necessidade de instrução desta aula.
cpc-lei-13105-capture-2026-09-28,Art. 874,aula-10.html,unused,"O art. 874 regula Após a avaliação, o juiz poderá, a requerimento do interessado e ouvida a parte…; esse assunto não estabelece a saída de mérito nem a necessidade de instrução desta aula."
cpc-lei-13105-capture-2026-09-28,Art. 875,aula-10.html,unused,"O art. 875 regula Realizadas a penhora e a avaliação, o juiz dará início aos atos de expropriação do bem.; esse assunto não estabelece a saída de mérito nem a necessidade de instrução desta aula."
cpc-lei-13105-capture-2026-09-28,Art. 876,aula-10.html,unused,"O art. 876 regula É lícito ao exequente, oferecendo preço não inferior ao da avaliação, requerer que lhe…; esse assunto não estabelece a saída de mérito nem a necessidade de instrução desta aula."
cpc-lei-13105-capture-2026-09-28,Art. 877,aula-10.html,unused,"O art. 877 regula Transcorrido o prazo de 5 (cinco) dias, contado da última intimação, e decididas…; esse assunto não estabelece a saída de mérito nem a necessidade de instrução desta aula."
cpc-lei-13105-capture-2026-09-28,Art. 878,aula-10.html,unused,"O art. 878 regula Frustradas as tentativas de alienação do bem, será reaberta oportunidade para…; esse assunto não estabelece a saída de mérito nem a necessidade de instrução desta aula."
cpc-lei-13105-capture-2026-09-28,Art. 879,aula-10.html,unused,O art. 879 regula A alienação far-se-á:; esse assunto não estabelece a saída de mérito nem a necessidade de instrução desta aula.
cpc-lei-13105-capture-2026-09-28,Art. 88,aula-10.html,unused,"O art. 88 regula Nos procedimentos de jurisdição voluntária, as despesas serão adiantadas pelo…; esse assunto não estabelece a saída de mérito nem a necessidade de instrução desta aula."
cpc-lei-13105-capture-2026-09-28,Art. 880,aula-10.html,unused,"O art. 880 regula Não efetivada a adjudicação, o exequente poderá requerer a alienação por sua própria…; esse assunto não estabelece a saída de mérito nem a necessidade de instrução desta aula."
cpc-lei-13105-capture-2026-09-28,Art. 881,aula-10.html,unused,O art. 881 regula A alienação far-se-á em leilão judicial se não efetivada a adjudicação ou a alienação…; esse assunto não estabelece a saída de mérito nem a necessidade de instrução desta aula.
cpc-lei-13105-capture-2026-09-28,Art. 882,aula-10.html,unused,"O art. 882 regula Não sendo possível a sua realização por meio eletrônico, o leilão será presencial.; esse assunto não estabelece a saída de mérito nem a necessidade de instrução desta aula."
cpc-lei-13105-capture-2026-09-28,Art. 883,aula-10.html,unused,"O art. 883 regula Caberá ao juiz a designação do leiloeiro público, que poderá ser indicado pelo…; esse assunto não estabelece a saída de mérito nem a necessidade de instrução desta aula."
cpc-lei-13105-capture-2026-09-28,Art. 884,aula-10.html,unused,O art. 884 regula Incumbe ao leiloeiro público:; esse assunto não estabelece a saída de mérito nem a necessidade de instrução desta aula.
cpc-lei-13105-capture-2026-09-28,Art. 885,aula-10.html,unused,"O art. 885 regula O juiz da execução estabelecerá o preço mínimo, as condições de pagamento e as…; esse assunto não estabelece a saída de mérito nem a necessidade de instrução desta aula."
cpc-lei-13105-capture-2026-09-28,Art. 886,aula-10.html,unused,"O art. 886 regula O leilão será precedido de publicação de edital, que conterá:; esse assunto não estabelece a saída de mérito nem a necessidade de instrução desta aula."
cpc-lei-13105-capture-2026-09-28,Art. 887,aula-10.html,unused,O art. 887 regula O leiloeiro público designado adotará providências para a ampla divulgação da alienação.; esse assunto não estabelece a saída de mérito nem a necessidade de instrução desta aula.
cpc-lei-13105-capture-2026-09-28,Art. 888,aula-10.html,unused,"O art. 888 regula Não se realizando o leilão por qualquer motivo, o juiz mandará publicar a…; esse assunto não estabelece a saída de mérito nem a necessidade de instrução desta aula."
cpc-lei-13105-capture-2026-09-28,Art. 889,aula-10.html,unused,"O art. 889 regula Serão cientificados da alienação judicial, com pelo menos 5 (cinco) dias de…; esse assunto não estabelece a saída de mérito nem a necessidade de instrução desta aula."
cpc-lei-13105-capture-2026-09-28,Art. 89,aula-10.html,unused,"O art. 89 regula Nos juízos divisórios, não havendo litígio, os interessados pagarão as despesas…; esse assunto não estabelece a saída de mérito nem a necessidade de instrução desta aula."
cpc-lei-13105-capture-2026-09-28,Art. 890,aula-10.html,unused,"O art. 890 regula Pode oferecer lance quem estiver na livre administração de seus bens, com exceção:; esse assunto não estabelece a saída de mérito nem a necessidade de instrução desta aula."
cpc-lei-13105-capture-2026-09-28,Art. 891,aula-10.html,unused,O art. 891 regula Não será aceito lance que ofereça preço vil.; esse assunto não estabelece a saída de mérito nem a necessidade de instrução desta aula.
cpc-lei-13105-capture-2026-09-28,Art. 892,aula-10.html,unused,"O art. 892 regula Salvo pronunciamento judicial em sentido diverso, o pagamento deverá ser realizado de…; esse assunto não estabelece a saída de mérito nem a necessidade de instrução desta aula."
cpc-lei-13105-capture-2026-09-28,Art. 893,aula-10.html,unused,"O art. 893 regula Se o leilão for de diversos bens e houver mais de um lançador, terá preferência aquele…; esse assunto não estabelece a saída de mérito nem a necessidade de instrução desta aula."
cpc-lei-13105-capture-2026-09-28,Art. 894,aula-10.html,unused,"O art. 894 regula Quando o imóvel admitir cômoda divisão, o juiz, a requerimento do executado, ordenará a…; esse assunto não estabelece a saída de mérito nem a necessidade de instrução desta aula."
cpc-lei-13105-capture-2026-09-28,Art. 895,aula-10.html,unused,"O art. 895 regula O interessado em adquirir o bem penhorado em prestações poderá apresentar, por escrito:; esse assunto não estabelece a saída de mérito nem a necessidade de instrução desta aula."
cpc-lei-13105-capture-2026-09-28,Art. 896,aula-10.html,unused,O art. 896 regula Quando o imóvel de incapaz não alcançar em leilão pelo menos oitenta por cento do valor…; esse assunto não estabelece a saída de mérito nem a necessidade de instrução desta aula.
cpc-lei-13105-capture-2026-09-28,Art. 897,aula-10.html,unused,"O art. 897 regula Se o arrematante ou seu fiador não pagar o preço no prazo estabelecido, o juiz…; esse assunto não estabelece a saída de mérito nem a necessidade de instrução desta aula."
cpc-lei-13105-capture-2026-09-28,Art. 898,aula-10.html,unused,O art. 898 regula O fiador do arrematante que pagar o valor do lance e a multa poderá requerer que a…; esse assunto não estabelece a saída de mérito nem a necessidade de instrução desta aula.
cpc-lei-13105-capture-2026-09-28,Art. 899,aula-10.html,unused,O art. 899 regula Será suspensa a arrematação logo que o produto da alienação dos bens for suficiente…; esse assunto não estabelece a saída de mérito nem a necessidade de instrução desta aula.
cpc-lei-13105-capture-2026-09-28,Art. 9,aula-10.html,unused,O art. 9 regula ; esse assunto não estabelece a saída de mérito nem a necessidade de instrução desta aula.
cpc-lei-13105-capture-2026-09-28,Art. 90,aula-10.html,unused,"O art. 90 regula Proferida sentença com fundamento em desistência, em renúncia ou em reconhecimento do…; esse assunto não estabelece a saída de mérito nem a necessidade de instrução desta aula."
cpc-lei-13105-capture-2026-09-28,Art. 900,aula-10.html,unused,"O art. 900 regula O leilão prosseguirá no dia útil imediato, à mesma hora em que teve início,…; esse assunto não estabelece a saída de mérito nem a necessidade de instrução desta aula."
cpc-lei-13105-capture-2026-09-28,Art. 901,aula-10.html,unused,O art. 901 regula A arrematação constará de auto que será lavrado de imediato e poderá abranger bens…; esse assunto não estabelece a saída de mérito nem a necessidade de instrução desta aula.
cpc-lei-13105-capture-2026-09-28,Art. 902,aula-10.html,unused,"O art. 902 regula No caso de leilão de bem hipotecado, o executado poderá remi-lo até a assinatura do…; esse assunto não estabelece a saída de mérito nem a necessidade de instrução desta aula."
cpc-lei-13105-capture-2026-09-28,Art. 903,aula-10.html,unused,"O art. 903 regula Qualquer que seja a modalidade de leilão, assinado o auto pelo juiz, pelo arrematante e…; esse assunto não estabelece a saída de mérito nem a necessidade de instrução desta aula."
cpc-lei-13105-capture-2026-09-28,Art. 904,aula-10.html,unused,O art. 904 regula A satisfação do crédito exequendo far-se-á:; esse assunto não estabelece a saída de mérito nem a necessidade de instrução desta aula.
cpc-lei-13105-capture-2026-09-28,Art. 905,aula-10.html,unused,"O art. 905 regula O juiz autorizará que o exequente levante, até a satisfação integral de seu crédito, o…; esse assunto não estabelece a saída de mérito nem a necessidade de instrução desta aula."
cpc-lei-13105-capture-2026-09-28,Art. 906,aula-10.html,unused,"O art. 906 regula Ao receber o mandado de levantamento, o exequente dará ao executado, por termo nos…; esse assunto não estabelece a saída de mérito nem a necessidade de instrução desta aula."
cpc-lei-13105-capture-2026-09-28,Art. 907,aula-10.html,unused,"O art. 907 regula Pago ao exequente o principal, os juros, as custas e os honorários, a importância que…; esse assunto não estabelece a saída de mérito nem a necessidade de instrução desta aula."
cpc-lei-13105-capture-2026-09-28,Art. 908,aula-10.html,unused,"O art. 908 regula Havendo pluralidade de credores ou exequentes, o dinheiro lhes será distribuído e…; esse assunto não estabelece a saída de mérito nem a necessidade de instrução desta aula."
cpc-lei-13105-capture-2026-09-28,Art. 909,aula-10.html,unused,"O art. 909 regula Os exequentes formularão as suas pretensões, que versarão unicamente sobre o direito de…; esse assunto não estabelece a saída de mérito nem a necessidade de instrução desta aula."
cpc-lei-13105-capture-2026-09-28,Art. 91,aula-10.html,unused,"O art. 91 regula As despesas dos atos processuais praticados a requerimento da Fazenda Pública, do…; esse assunto não estabelece a saída de mérito nem a necessidade de instrução desta aula."
cpc-lei-13105-capture-2026-09-28,Art. 910,aula-10.html,unused,"O art. 910 regula Na execução fundada em título extrajudicial, a Fazenda Pública será citada para opor…; esse assunto não estabelece a saída de mérito nem a necessidade de instrução desta aula."
cpc-lei-13105-capture-2026-09-28,Art. 911,aula-10.html,unused,"O art. 911 regula Na execução fundada em título executivo extrajudicial que contenha obrigação alimentar,…; esse assunto não estabelece a saída de mérito nem a necessidade de instrução desta aula."
cpc-lei-13105-capture-2026-09-28,Art. 912,aula-10.html,unused,"O art. 912 regula Quando o executado for funcionário público, militar, diretor ou gerente de empresa, bem…; esse assunto não estabelece a saída de mérito nem a necessidade de instrução desta aula."
cpc-lei-13105-capture-2026-09-28,Art. 913,aula-10.html,unused,"O art. 913 regula Não requerida a execução nos termos deste Capítulo, observar-se-á o disposto no; esse assunto não estabelece a saída de mérito nem a necessidade de instrução desta aula."
cpc-lei-13105-capture-2026-09-28,Art. 914,aula-10.html,unused,"O art. 914 regula O executado, independentemente de penhora, depósito ou caução, poderá se opor à…; esse assunto não estabelece a saída de mérito nem a necessidade de instrução desta aula."
cpc-lei-13105-capture-2026-09-28,Art. 915,aula-10.html,unused,"O art. 915 regula Os embargos serão oferecidos no prazo de 15 (quinze) dias, contado, conforme o caso, na…; esse assunto não estabelece a saída de mérito nem a necessidade de instrução desta aula."
cpc-lei-13105-capture-2026-09-28,Art. 916,aula-10.html,unused,"O art. 916 regula No prazo para embargos, reconhecendo o crédito do exequente e comprovando o depósito de…; esse assunto não estabelece a saída de mérito nem a necessidade de instrução desta aula."
cpc-lei-13105-capture-2026-09-28,Art. 917,aula-10.html,unused,"O art. 917 regula Nos embargos à execução, o executado poderá alegar:; esse assunto não estabelece a saída de mérito nem a necessidade de instrução desta aula."
cpc-lei-13105-capture-2026-09-28,Art. 918,aula-10.html,unused,O art. 918 regula O juiz rejeitará liminarmente os embargos:; esse assunto não estabelece a saída de mérito nem a necessidade de instrução desta aula.
cpc-lei-13105-capture-2026-09-28,Art. 919,aula-10.html,unused,O art. 919 regula Os embargos à execução não terão efeito suspensivo.; esse assunto não estabelece a saída de mérito nem a necessidade de instrução desta aula.
cpc-lei-13105-capture-2026-09-28,Art. 92,aula-10.html,unused,"O art. 92 regula Quando, a requerimento do réu, o juiz proferir sentença sem resolver o mérito, o autor…; esse assunto não estabelece a saída de mérito nem a necessidade de instrução desta aula."
cpc-lei-13105-capture-2026-09-28,Art. 920,aula-10.html,unused,O art. 920 regula Recebidos os embargos:; esse assunto não estabelece a saída de mérito nem a necessidade de instrução desta aula.
cpc-lei-13105-capture-2026-09-28,Art. 921,aula-10.html,unused,O art. 921 regula Suspende-se a execução:; esse assunto não estabelece a saída de mérito nem a necessidade de instrução desta aula.
cpc-lei-13105-capture-2026-09-28,Art. 922,aula-10.html,unused,"O art. 922 regula Convindo as partes, o juiz declarará suspensa a execução durante o prazo concedido pelo…; esse assunto não estabelece a saída de mérito nem a necessidade de instrução desta aula."
cpc-lei-13105-capture-2026-09-28,Art. 923,aula-10.html,unused,"O art. 923 regula Suspensa a execução, não serão praticados atos processuais, podendo o juiz, entretanto,…; esse assunto não estabelece a saída de mérito nem a necessidade de instrução desta aula."
cpc-lei-13105-capture-2026-09-28,Art. 924,aula-10.html,unused,O art. 924 regula Extingue-se a execução quando:; esse assunto não estabelece a saída de mérito nem a necessidade de instrução desta aula.
cpc-lei-13105-capture-2026-09-28,Art. 925,aula-10.html,unused,O art. 925 regula A extinção só produz efeito quando declarada por sentença.; esse assunto não estabelece a saída de mérito nem a necessidade de instrução desta aula.
cpc-lei-13105-capture-2026-09-28,Art. 926,aula-10.html,unused,"O art. 926 regula Os tribunais devem uniformizar sua jurisprudência e mantê-la estável, íntegra e…; esse assunto não estabelece a saída de mérito nem a necessidade de instrução desta aula."
cpc-lei-13105-capture-2026-09-28,Art. 927,aula-10.html,unused,O art. 927 regula Os juízes e os tribunais observarão:; esse assunto não estabelece a saída de mérito nem a necessidade de instrução desta aula.
cpc-lei-13105-capture-2026-09-28,Art. 928,aula-10.html,unused,"O art. 928 regula Para os fins deste Código, considera-se julgamento de casos repetitivos a decisão…; esse assunto não estabelece a saída de mérito nem a necessidade de instrução desta aula."
cpc-lei-13105-capture-2026-09-28,Art. 929,aula-10.html,unused,"O art. 929 regula Os autos serão registrados no protocolo do tribunal no dia de sua entrada, cabendo à…; esse assunto não estabelece a saída de mérito nem a necessidade de instrução desta aula."
cpc-lei-13105-capture-2026-09-28,Art. 93,aula-10.html,unused,"O art. 93 regula As despesas de atos adiados ou cuja repetição for necessária ficarão a cargo da parte,…; esse assunto não estabelece a saída de mérito nem a necessidade de instrução desta aula."
cpc-lei-13105-capture-2026-09-28,Art. 930,aula-10.html,unused,"O art. 930 regula Far-se-á a distribuição de acordo com o regimento interno do tribunal, observando-se a…; esse assunto não estabelece a saída de mérito nem a necessidade de instrução desta aula."
cpc-lei-13105-capture-2026-09-28,Art. 931,aula-10.html,unused,"O art. 931 regula Distribuídos, os autos serão imediatamente conclusos ao relator, que, em 30 (trinta)…; esse assunto não estabelece a saída de mérito nem a necessidade de instrução desta aula."
cpc-lei-13105-capture-2026-09-28,Art. 932,aula-10.html,unused,O art. 932 regula Incumbe ao relator:; esse assunto não estabelece a saída de mérito nem a necessidade de instrução desta aula.
cpc-lei-13105-capture-2026-09-28,Art. 933,aula-10.html,unused,O art. 933 regula Se o relator constatar a ocorrência de fato superveniente à decisão recorrida ou a…; esse assunto não estabelece a saída de mérito nem a necessidade de instrução desta aula.
cpc-lei-13105-capture-2026-09-28,Art. 934,aula-10.html,unused,"O art. 934 regula Em seguida, os autos serão apresentados ao presidente, que designará dia para…; esse assunto não estabelece a saída de mérito nem a necessidade de instrução desta aula."
cpc-lei-13105-capture-2026-09-28,Art. 935,aula-10.html,unused,"O art. 935 regula Entre a data de publicação da pauta e a da sessão de julgamento decorrerá, pelo menos,…; esse assunto não estabelece a saída de mérito nem a necessidade de instrução desta aula."
cpc-lei-13105-capture-2026-09-28,Art. 936,aula-10.html,unused,"O art. 936 regula Ressalvadas as preferências legais e regimentais, os recursos, a remessa necessária e…; esse assunto não estabelece a saída de mérito nem a necessidade de instrução desta aula."
cpc-lei-13105-capture-2026-09-28,Art. 938,aula-10.html,unused,"O art. 938 regula A questão preliminar suscitada no julgamento será decidida antes do mérito, deste não…; esse assunto não estabelece a saída de mérito nem a necessidade de instrução desta aula."
cpc-lei-13105-capture-2026-09-28,Art. 939,aula-10.html,unused,"O art. 939 regula Se a preliminar for rejeitada ou se a apreciação do mérito for com ela compatível,…; esse assunto não estabelece a saída de mérito nem a necessidade de instrução desta aula."
cpc-lei-13105-capture-2026-09-28,Art. 94,aula-10.html,unused,"O art. 94 regula Se o assistido for vencido, o assistente será condenado ao pagamento das custas em…; esse assunto não estabelece a saída de mérito nem a necessidade de instrução desta aula."
cpc-lei-13105-capture-2026-09-28,Art. 940,aula-10.html,unused,O art. 940 regula O relator ou outro juiz que não se considerar habilitado a proferir imediatamente seu…; esse assunto não estabelece a saída de mérito nem a necessidade de instrução desta aula.
cpc-lei-13105-capture-2026-09-28,Art. 941,aula-10.html,unused,"O art. 941 regula Proferidos os votos, o presidente anunciará o resultado do julgamento, designando para…; esse assunto não estabelece a saída de mérito nem a necessidade de instrução desta aula."
cpc-lei-13105-capture-2026-09-28,Art. 942,aula-10.html,unused,"O art. 942 regula Quando o resultado da apelação for não unânime, o julgamento terá prosseguimento em…; esse assunto não estabelece a saída de mérito nem a necessidade de instrução desta aula."
cpc-lei-13105-capture-2026-09-28,Art. 943,aula-10.html,unused,"O art. 943 regula Os votos, os acórdãos e os demais atos processuais podem ser registrados em documento…; esse assunto não estabelece a saída de mérito nem a necessidade de instrução desta aula."
cpc-lei-13105-capture-2026-09-28,Art. 944,aula-10.html,unused,"O art. 944 regula Não publicado o acórdão no prazo de 30 (trinta) dias, contado da data da sessão de…; esse assunto não estabelece a saída de mérito nem a necessidade de instrução desta aula."
cpc-lei-13105-capture-2026-09-28,Art. 945,aula-10.html,unused,"O art. 945 regula A critério do órgão julgador, o julgamento dos recursos e dos processos de competência…; esse assunto não estabelece a saída de mérito nem a necessidade de instrução desta aula."
cpc-lei-13105-capture-2026-09-28,Art. 946,aula-10.html,unused,O art. 946 regula O agravo de instrumento será julgado antes da apelação interposta no mesmo processo.; esse assunto não estabelece a saída de mérito nem a necessidade de instrução desta aula.
cpc-lei-13105-capture-2026-09-28,Art. 947,aula-10.html,unused,"O art. 947 regula É admissível a assunção de competência quando o julgamento de recurso, de remessa…; esse assunto não estabelece a saída de mérito nem a necessidade de instrução desta aula."
cpc-lei-13105-capture-2026-09-28,Art. 948,aula-10.html,unused,"O art. 948 regula Arguida, em controle difuso, a inconstitucionalidade de lei ou de ato normativo do…; esse assunto não estabelece a saída de mérito nem a necessidade de instrução desta aula."
cpc-lei-13105-capture-2026-09-28,Art. 949,aula-10.html,unused,O art. 949 regula Se a arguição for:; esse assunto não estabelece a saída de mérito nem a necessidade de instrução desta aula.
cpc-lei-13105-capture-2026-09-28,Art. 95,aula-10.html,unused,"O art. 95 regula Cada parte adiantará a remuneração do assistente técnico que houver indicado, sendo a…; esse assunto não estabelece a saída de mérito nem a necessidade de instrução desta aula."
cpc-lei-13105-capture-2026-09-28,Art. 950,aula-10.html,unused,"O art. 950 regula Remetida cópia do acórdão a todos os juízes, o presidente do tribunal designará a…; esse assunto não estabelece a saída de mérito nem a necessidade de instrução desta aula."
cpc-lei-13105-capture-2026-09-28,Art. 951,aula-10.html,unused,"O art. 951 regula O conflito de competência pode ser suscitado por qualquer das partes, pelo Ministério…; esse assunto não estabelece a saída de mérito nem a necessidade de instrução desta aula."
cpc-lei-13105-capture-2026-09-28,Art. 952,aula-10.html,unused,"O art. 952 regula Não pode suscitar conflito a parte que, no processo, arguiu incompetência relativa.; esse assunto não estabelece a saída de mérito nem a necessidade de instrução desta aula."
cpc-lei-13105-capture-2026-09-28,Art. 953,aula-10.html,unused,O art. 953 regula O conflito será suscitado ao tribunal:; esse assunto não estabelece a saída de mérito nem a necessidade de instrução desta aula.
cpc-lei-13105-capture-2026-09-28,Art. 954,aula-10.html,unused,"O art. 954 regula Após a distribuição, o relator determinará a oitiva dos juízes em conflito ou, se um…; esse assunto não estabelece a saída de mérito nem a necessidade de instrução desta aula."
cpc-lei-13105-capture-2026-09-28,Art. 955,aula-10.html,unused,"O art. 955 regula O relator poderá, de ofício ou a requerimento de qualquer das partes, determinar,…; esse assunto não estabelece a saída de mérito nem a necessidade de instrução desta aula."
cpc-lei-13105-capture-2026-09-28,Art. 956,aula-10.html,unused,"O art. 956 regula Decorrido o prazo designado pelo relator, será ouvido o Ministério Público, no prazo de…; esse assunto não estabelece a saída de mérito nem a necessidade de instrução desta aula."
cpc-lei-13105-capture-2026-09-28,Art. 957,aula-10.html,unused,"O art. 957 regula Ao decidir o conflito, o tribunal declarará qual o juízo competente, pronunciando-se…; esse assunto não estabelece a saída de mérito nem a necessidade de instrução desta aula."
cpc-lei-13105-capture-2026-09-28,Art. 958,aula-10.html,unused,"O art. 958 regula No conflito que envolva órgãos fracionários dos tribunais, desembargadores e juízes em…; esse assunto não estabelece a saída de mérito nem a necessidade de instrução desta aula."
cpc-lei-13105-capture-2026-09-28,Art. 959,aula-10.html,unused,O art. 959 regula O regimento interno do tribunal regulará o processo e o julgamento do conflito de…; esse assunto não estabelece a saída de mérito nem a necessidade de instrução desta aula.
cpc-lei-13105-capture-2026-09-28,Art. 96,aula-10.html,unused,O art. 96 regula O valor das sanções impostas ao litigante de má-fé reverterá em benefício da parte…; esse assunto não estabelece a saída de mérito nem a necessidade de instrução desta aula.
cpc-lei-13105-capture-2026-09-28,Art. 960,aula-10.html,unused,O art. 960 regula A homologação de decisão estrangeira será requerida por ação de homologação de decisão…; esse assunto não estabelece a saída de mérito nem a necessidade de instrução desta aula.
cpc-lei-13105-capture-2026-09-28,Art. 961,aula-10.html,unused,O art. 961 regula A decisão estrangeira somente terá eficácia no Brasil após a homologação de sentença…; esse assunto não estabelece a saída de mérito nem a necessidade de instrução desta aula.
cpc-lei-13105-capture-2026-09-28,Art. 962,aula-10.html,unused,O art. 962 regula É passível de execução a decisão estrangeira concessiva de medida de urgência.; esse assunto não estabelece a saída de mérito nem a necessidade de instrução desta aula.
cpc-lei-13105-capture-2026-09-28,Art. 963,aula-10.html,unused,O art. 963 regula Constituem requisitos indispensáveis à homologação da decisão:; esse assunto não estabelece a saída de mérito nem a necessidade de instrução desta aula.
cpc-lei-13105-capture-2026-09-28,Art. 964,aula-10.html,unused,O art. 964 regula Não será homologada a decisão estrangeira na hipótese de competência exclusiva da…; esse assunto não estabelece a saída de mérito nem a necessidade de instrução desta aula.
cpc-lei-13105-capture-2026-09-28,Art. 965,aula-10.html,unused,"O art. 965 regula O cumprimento de decisão estrangeira far-se-á perante o juízo federal competente, a…; esse assunto não estabelece a saída de mérito nem a necessidade de instrução desta aula."
cpc-lei-13105-capture-2026-09-28,Art. 966,aula-10.html,unused,"O art. 966 regula A decisão de mérito, transitada em julgado, pode ser rescindida quando:; esse assunto não estabelece a saída de mérito nem a necessidade de instrução desta aula."
cpc-lei-13105-capture-2026-09-28,Art. 967,aula-10.html,unused,O art. 967 regula Têm legitimidade para propor a ação rescisória:; esse assunto não estabelece a saída de mérito nem a necessidade de instrução desta aula.
cpc-lei-13105-capture-2026-09-28,Art. 968,aula-10.html,unused,O art. 968 regula A petição inicial será elaborada com observância dos requisitos essenciais do; esse assunto não estabelece a saída de mérito nem a necessidade de instrução desta aula.
cpc-lei-13105-capture-2026-09-28,Art. 969,aula-10.html,unused,"O art. 969 regula A propositura da ação rescisória não impede o cumprimento da decisão rescindenda,…; esse assunto não estabelece a saída de mérito nem a necessidade de instrução desta aula."
cpc-lei-13105-capture-2026-09-28,Art. 97,aula-10.html,unused,"O art. 97 regula A União e os Estados podem criar fundos de modernização do Poder Judiciário, aos quais…; esse assunto não estabelece a saída de mérito nem a necessidade de instrução desta aula."
cpc-lei-13105-capture-2026-09-28,Art. 970,aula-10.html,unused,"O art. 970 regula O relator ordenará a citação do réu, designando-lhe prazo nunca inferior a 15 (quinze)…; esse assunto não estabelece a saída de mérito nem a necessidade de instrução desta aula."
cpc-lei-13105-capture-2026-09-28,Art. 971,aula-10.html,unused,"O art. 971 regula Na ação rescisória, devolvidos os autos pelo relator, a secretaria do tribunal expedirá…; esse assunto não estabelece a saída de mérito nem a necessidade de instrução desta aula."
cpc-lei-13105-capture-2026-09-28,Art. 972,aula-10.html,unused,"O art. 972 regula Se os fatos alegados pelas partes dependerem de prova, o relator poderá delegar a…; esse assunto não estabelece a saída de mérito nem a necessidade de instrução desta aula."
cpc-lei-13105-capture-2026-09-28,Art. 973,aula-10.html,unused,"O art. 973 regula Concluída a instrução, será aberta vista ao autor e ao réu para razões finais,…; esse assunto não estabelece a saída de mérito nem a necessidade de instrução desta aula."
cpc-lei-13105-capture-2026-09-28,Art. 974,aula-10.html,unused,"O art. 974 regula Julgando procedente o pedido, o tribunal rescindirá a decisão, proferirá, se for o…; esse assunto não estabelece a saída de mérito nem a necessidade de instrução desta aula."
cpc-lei-13105-capture-2026-09-28,Art. 975,aula-10.html,unused,O art. 975 regula O direito à rescisão se extingue em 2 (dois) anos contados do trânsito em julgado da…; esse assunto não estabelece a saída de mérito nem a necessidade de instrução desta aula.
cpc-lei-13105-capture-2026-09-28,Art. 976,aula-10.html,unused,O art. 976 regula É cabível a instauração do incidente de resolução de demandas repetitivas quando…; esse assunto não estabelece a saída de mérito nem a necessidade de instrução desta aula.
cpc-lei-13105-capture-2026-09-28,Art. 977,aula-10.html,unused,O art. 977 regula O pedido de instauração do incidente será dirigido ao presidente de tribunal:; esse assunto não estabelece a saída de mérito nem a necessidade de instrução desta aula.
cpc-lei-13105-capture-2026-09-28,Art. 978,aula-10.html,unused,O art. 978 regula O julgamento do incidente caberá ao órgão indicado pelo regimento interno dentre…; esse assunto não estabelece a saída de mérito nem a necessidade de instrução desta aula.
cpc-lei-13105-capture-2026-09-28,Art. 979,aula-10.html,unused,O art. 979 regula A instauração e o julgamento do incidente serão sucedidos da mais ampla e específica…; esse assunto não estabelece a saída de mérito nem a necessidade de instrução desta aula.
cpc-lei-13105-capture-2026-09-28,Art. 98,aula-10.html,unused,"O art. 98 regula A pessoa natural ou jurídica, brasileira ou estrangeira, com insuficiência de recursos…; esse assunto não estabelece a saída de mérito nem a necessidade de instrução desta aula."
cpc-lei-13105-capture-2026-09-28,Art. 980,aula-10.html,unused,O art. 980 regula O incidente será julgado no prazo de 1 (um) ano e terá preferência sobre os demais…; esse assunto não estabelece a saída de mérito nem a necessidade de instrução desta aula.
cpc-lei-13105-capture-2026-09-28,Art. 981,aula-10.html,unused,"O art. 981 regula Após a distribuição, o órgão colegiado competente para julgar o incidente procederá ao…; esse assunto não estabelece a saída de mérito nem a necessidade de instrução desta aula."
cpc-lei-13105-capture-2026-09-28,Art. 982,aula-10.html,unused,"O art. 982 regula Admitido o incidente, o relator:; esse assunto não estabelece a saída de mérito nem a necessidade de instrução desta aula."
cpc-lei-13105-capture-2026-09-28,Art. 983,aula-10.html,unused,"O art. 983 regula O relator ouvirá as partes e os demais interessados, inclusive pessoas, órgãos e…; esse assunto não estabelece a saída de mérito nem a necessidade de instrução desta aula."
cpc-lei-13105-capture-2026-09-28,Art. 984,aula-10.html,unused,"O art. 984 regula No julgamento do incidente, observar-se-á a seguinte ordem:; esse assunto não estabelece a saída de mérito nem a necessidade de instrução desta aula."
cpc-lei-13105-capture-2026-09-28,Art. 985,aula-10.html,unused,"O art. 985 regula Julgado o incidente, a tese jurídica será aplicada:; esse assunto não estabelece a saída de mérito nem a necessidade de instrução desta aula."
cpc-lei-13105-capture-2026-09-28,Art. 986,aula-10.html,unused,"O art. 986 regula A revisão da tese jurídica firmada no incidente far-se-á pelo mesmo tribunal, de ofício…; esse assunto não estabelece a saída de mérito nem a necessidade de instrução desta aula."
cpc-lei-13105-capture-2026-09-28,Art. 987,aula-10.html,unused,"O art. 987 regula Do julgamento do mérito do incidente caberá recurso extraordinário ou especial,…; esse assunto não estabelece a saída de mérito nem a necessidade de instrução desta aula."
cpc-lei-13105-capture-2026-09-28,Art. 988,aula-10.html,unused,O art. 988 regula Caberá reclamação da parte interessada ou do Ministério Público para:; esse assunto não estabelece a saída de mérito nem a necessidade de instrução desta aula.
cpc-lei-13105-capture-2026-09-28,Art. 989,aula-10.html,unused,"O art. 989 regula Ao despachar a reclamação, o relator:; esse assunto não estabelece a saída de mérito nem a necessidade de instrução desta aula."
cpc-lei-13105-capture-2026-09-28,Art. 99,aula-10.html,unused,"O art. 99 regula O pedido de gratuidade da justiça pode ser formulado na petição inicial, na…; esse assunto não estabelece a saída de mérito nem a necessidade de instrução desta aula."
cpc-lei-13105-capture-2026-09-28,Art. 990,aula-10.html,unused,O art. 990 regula Qualquer interessado poderá impugnar o pedido do reclamante.; esse assunto não estabelece a saída de mérito nem a necessidade de instrução desta aula.
cpc-lei-13105-capture-2026-09-28,Art. 991,aula-10.html,unused,"O art. 991 regula Na reclamação que não houver formulado, o Ministério Público terá vista do processo por…; esse assunto não estabelece a saída de mérito nem a necessidade de instrução desta aula."
cpc-lei-13105-capture-2026-09-28,Art. 992,aula-10.html,unused,"O art. 992 regula Julgando procedente a reclamação, o tribunal cassará a decisão exorbitante de seu…; esse assunto não estabelece a saída de mérito nem a necessidade de instrução desta aula."
cpc-lei-13105-capture-2026-09-28,Art. 993,aula-10.html,unused,"O art. 993 regula O presidente do tribunal determinará o imediato cumprimento da decisão, lavrando-se o…; esse assunto não estabelece a saída de mérito nem a necessidade de instrução desta aula."
cpc-lei-13105-capture-2026-09-28,Art. 994,aula-10.html,unused,O art. 994 regula São cabíveis os seguintes recursos:; esse assunto não estabelece a saída de mérito nem a necessidade de instrução desta aula.
cpc-lei-13105-capture-2026-09-28,Art. 995,aula-10.html,unused,"O art. 995 regula Os recursos não impedem a eficácia da decisão, salvo disposição legal ou decisão…; esse assunto não estabelece a saída de mérito nem a necessidade de instrução desta aula."
cpc-lei-13105-capture-2026-09-28,Art. 996,aula-10.html,unused,"O art. 996 regula O recurso pode ser interposto pela parte vencida, pelo terceiro prejudicado e pelo…; esse assunto não estabelece a saída de mérito nem a necessidade de instrução desta aula."
cpc-lei-13105-capture-2026-09-28,Art. 997,aula-10.html,unused,"O art. 997 regula Cada parte interporá o recurso independentemente, no prazo e com observância das…; esse assunto não estabelece a saída de mérito nem a necessidade de instrução desta aula."
cpc-lei-13105-capture-2026-09-28,Art. 998,aula-10.html,unused,"O art. 998 regula O recorrente poderá, a qualquer tempo, sem a anuência do recorrido ou dos…; esse assunto não estabelece a saída de mérito nem a necessidade de instrução desta aula."
cpc-lei-13105-capture-2026-09-28,Art. 999,aula-10.html,unused,O art. 999 regula A renúncia ao direito de recorrer independe da aceitação da outra parte.; esse assunto não estabelece a saída de mérito nem a necessidade de instrução desta aula.
cronograma-processo-civil-2026-2,cronograma-completo,aula-10.html,supporting,O cronograma situa julgamento conforme o estado nas semanas 11–12 e identifica Barbosa Moreira e Lucon como leituras atribuídas a esse bloco.
didier-curso-vol1-2017,00-front-matter,aula-10.html,unused,Reúne elementos pré-textuais e sumário; não é unidade doutrinária para a decisão entre julgar e instruir.
didier-curso-vol1-2017,24-bibliography-01,aula-10.html,unused,"Lista referências do livro, sem desenvolver regra que alimente a decisão entre julgamento imediato e instrução."
didier-curso-vol1-2017,24-bibliography-02,aula-10.html,unused,"Lista referências do livro, sem desenvolver regra que alimente a decisão entre julgamento imediato e instrução."
didier-curso-vol1-2017,ch01-s01,aula-10.html,unused,O capítulo sobre Introdução ao Direito Processual Civil pertence a outro instituto ou etapa do curso; o recorte desta aula é julgar com o estado atual ou instruir.
didier-curso-vol1-2017,ch01-s02,aula-10.html,unused,O capítulo sobre Introdução ao Direito Processual Civil pertence a outro instituto ou etapa do curso; o recorte desta aula é julgar com o estado atual ou instruir.
didier-curso-vol1-2017,ch02-s01,aula-10.html,unused,O capítulo sobre Normas fundamentais do Processo Civil pertence a outro instituto ou etapa do curso; o recorte desta aula é julgar com o estado atual ou instruir.
didier-curso-vol1-2017,ch02-s02,aula-10.html,unused,O capítulo sobre Normas fundamentais do Processo Civil pertence a outro instituto ou etapa do curso; o recorte desta aula é julgar com o estado atual ou instruir.
didier-curso-vol1-2017,ch02-s03,aula-10.html,unused,O capítulo sobre Normas fundamentais do Processo Civil pertence a outro instituto ou etapa do curso; o recorte desta aula é julgar com o estado atual ou instruir.
didier-curso-vol1-2017,ch03-s01,aula-10.html,unused,O capítulo sobre Jurisdição pertence a outro instituto ou etapa do curso; o recorte desta aula é julgar com o estado atual ou instruir.
didier-curso-vol1-2017,ch03-s02,aula-10.html,unused,O capítulo sobre Jurisdição pertence a outro instituto ou etapa do curso; o recorte desta aula é julgar com o estado atual ou instruir.
didier-curso-vol1-2017,ch04-s01,aula-10.html,unused,O capítulo sobre Competência pertence a outro instituto ou etapa do curso; o recorte desta aula é julgar com o estado atual ou instruir.
didier-curso-vol1-2017,ch04-s02,aula-10.html,unused,O capítulo sobre Competência pertence a outro instituto ou etapa do curso; o recorte desta aula é julgar com o estado atual ou instruir.
didier-curso-vol1-2017,ch04-s03,aula-10.html,unused,O capítulo sobre Competência pertence a outro instituto ou etapa do curso; o recorte desta aula é julgar com o estado atual ou instruir.
didier-curso-vol1-2017,ch05,aula-10.html,unused,O capítulo sobre Mediação e conciliação pertence a outro instituto ou etapa do curso; o recorte desta aula é julgar com o estado atual ou instruir.
didier-curso-vol1-2017,ch06,aula-10.html,unused,O capítulo sobre Teoria da ação: da ação e do direito de ação pertence a outro instituto ou etapa do curso; o recorte desta aula é julgar com o estado atual ou instruir.
didier-curso-vol1-2017,ch07-s01,aula-10.html,unused,O capítulo sobre Pressupostos processuais pertence a outro instituto ou etapa do curso; o recorte desta aula é julgar com o estado atual ou instruir.
didier-curso-vol1-2017,ch07-s02,aula-10.html,unused,O capítulo sobre Pressupostos processuais pertence a outro instituto ou etapa do curso; o recorte desta aula é julgar com o estado atual ou instruir.
didier-curso-vol1-2017,ch08,aula-10.html,unused,O capítulo sobre Teoria dos fatos jurídicos processuais pertence a outro instituto ou etapa do curso; o recorte desta aula é julgar com o estado atual ou instruir.
didier-curso-vol1-2017,ch09,aula-10.html,unused,O capítulo sobre Invalidades processuais pertence a outro instituto ou etapa do curso; o recorte desta aula é julgar com o estado atual ou instruir.
didier-curso-vol1-2017,ch10,aula-10.html,unused,O capítulo sobre Preclusão pertence a outro instituto ou etapa do curso; o recorte desta aula é julgar com o estado atual ou instruir.
didier-curso-vol1-2017,ch11,aula-10.html,unused,O capítulo sobre Teoria da cognição judicial pertence a outro instituto ou etapa do curso; o recorte desta aula é julgar com o estado atual ou instruir.
didier-curso-vol1-2017,ch12,aula-10.html,unused,O capítulo sobre Litisconsórcio pertence a outro instituto ou etapa do curso; o recorte desta aula é julgar com o estado atual ou instruir.
didier-curso-vol1-2017,ch13-s01,aula-10.html,unused,O capítulo sobre Intervenção de terceiro pertence a outro instituto ou etapa do curso; o recorte desta aula é julgar com o estado atual ou instruir.
didier-curso-vol1-2017,ch13-s02,aula-10.html,unused,O capítulo sobre Intervenção de terceiro pertence a outro instituto ou etapa do curso; o recorte desta aula é julgar com o estado atual ou instruir.
didier-curso-vol1-2017,ch13-s03,aula-10.html,unused,O capítulo sobre Intervenção de terceiro pertence a outro instituto ou etapa do curso; o recorte desta aula é julgar com o estado atual ou instruir.
didier-curso-vol1-2017,ch14,aula-10.html,unused,O capítulo sobre Alienação da coisa ou do direito litigioso pertence a outro instituto ou etapa do curso; o recorte desta aula é julgar com o estado atual ou instruir.
didier-curso-vol1-2017,ch15-s01,aula-10.html,unused,O capítulo sobre Formação do processo e petição inicial pertence a outro instituto ou etapa do curso; o recorte desta aula é julgar com o estado atual ou instruir.
didier-curso-vol1-2017,ch15-s02,aula-10.html,unused,O capítulo sobre Formação do processo e petição inicial pertence a outro instituto ou etapa do curso; o recorte desta aula é julgar com o estado atual ou instruir.
didier-curso-vol1-2017,ch16,aula-10.html,unused,O capítulo sobre Improcedência liminar do pedido pertence a outro instituto ou etapa do curso; o recorte desta aula é julgar com o estado atual ou instruir.
didier-curso-vol1-2017,ch17,aula-10.html,unused,O capítulo sobre Citação pertence a outro instituto ou etapa do curso; o recorte desta aula é julgar com o estado atual ou instruir.
didier-curso-vol1-2017,ch18,aula-10.html,unused,O capítulo sobre Audiência preliminar de conciliação ou mediação pertence a outro instituto ou etapa do curso; o recorte desta aula é julgar com o estado atual ou instruir.
didier-curso-vol1-2017,ch19-s01,aula-10.html,unused,"O capítulo sobre Teoria da exceção, resposta do réu e revelia pertence a outro instituto ou etapa do curso; o recorte desta aula é julgar com o estado atual ou instruir."
didier-curso-vol1-2017,ch19-s02,aula-10.html,unused,"O capítulo sobre Teoria da exceção, resposta do réu e revelia pertence a outro instituto ou etapa do curso; o recorte desta aula é julgar com o estado atual ou instruir."
didier-curso-vol1-2017,ch20,aula-10.html,unused,O capítulo sobre Arguição de impedimento ou suspeição pertence a outro instituto ou etapa do curso; o recorte desta aula é julgar com o estado atual ou instruir.
didier-curso-vol1-2017,ch21,aula-10.html,primary,"Este capítulo reúne providências preliminares e julgamento conforme o estado, incluindo quando o mérito pode ser decidido sem novas provas; é o capítulo tratado escolhido para esta aula."
didier-curso-vol1-2017,ch22,aula-10.html,unused,"O capítulo sobre extinção do processo alimenta o recorte de decisões extintivas da aula-11, não o julgamento antecipado de mérito tratado aqui."
didier-curso-vol1-2017,ch23,aula-10.html,unused,"O capítulo sobre suspensão do processo cuida de pausa procedimental, sem definir se o registro atual já permite julgamento de mérito."
didier-resposta-reu-revelia,assigned-reading,aula-10.html,unused,A leitura sobre resposta do réu e revelia pertence às aulas 08 e 08-revelia; nesta aula a hipótese de julgamento é tratada pelo capítulo 21 e pelo art. 355.
eid-litisconsorcio-unitario,assigned-reading,aula-10.html,unused,"O trecho atribuído às semanas 3–4 trata de litisconsórcio unitário, matéria anterior e distinta da decisão sobre prova ou julgamento imediato."
exam-2015-1-avaliacao-1,exam-2015-1-avaliacao-1,aula-10.html,unused,"2015/1 Avaliação 1 (29/04), Scarparo é avaliação do bloco P1, anterior às semanas 11–12 que definem esta aula."
exam-2015-1-avaliacao-2,exam-2015-1-avaliacao-2,aula-10.html,unused,"A única prova P2 catalogada testa tipicidade, ônus e prova oral; não pergunta quando o estado dos autos autoriza julgamento antecipado."
exam-2017-2-p1,exam-2017-2-p1,aula-10.html,unused,"2017/2 P1 (31/10), Scarparo, with gabarito é avaliação do bloco P1, anterior às semanas 11–12 que definem esta aula."
exam-2018-1-p1,document,aula-10.html,unused,"2018/1 P1 (30/04), Scarparo, with gabarito é avaliação do bloco P1, anterior às semanas 11–12 que definem esta aula."
exam-2018-2-p1-v1,document,aula-10.html,unused,"2018/2 P1 v1 (02/10), Scarparo, with gabarito é avaliação do bloco P1, anterior às semanas 11–12 que definem esta aula."
exam-2018-2-p1-v2,document,aula-10.html,unused,"2018/2 P1 v2 (02/10), Scarparo, with gabarito é avaliação do bloco P1, anterior às semanas 11–12 que definem esta aula."
exam-2019-2-p1,document,aula-10.html,unused,"2019/2 P1 (03/09), Scarparo é avaliação do bloco P1, anterior às semanas 11–12 que definem esta aula."
exam-2025-2-p1-candidate,document,aula-10.html,unused,"2025/2 P1 candidate (filename: mily) é avaliação do bloco P1, anterior às semanas 11–12 que definem esta aula."
exam-questions-extract-2026-09-28,exam-questions-extract-2026-09-28,aula-10.html,unused,"28/09 intake questions.csv (28 extracted questions; starting point only) é avaliação do bloco P1, anterior às semanas 11–12 que definem esta aula."
knijnik-prova-caps1-2,assigned-reading,aula-10.html,unused,Os capítulos I–II desenvolvem teoria geral da prova para as aulas 14–15; esta aula decide antes se é necessária nova instrução.
koplin-audiencias,artigo-audiencias,aula-10.html,unused,"O panorama de audiências descreve formas de realização dos atos, não o critério jurídico para dispensar ou abrir instrução."
lucon-cpc-355-357,assigned-reading,aula-10.html,primary,O comentário dos arts. 355–357 fundamenta a escolha entre julgamento antecipado e continuidade com saneamento e organização da instrução.
marinoni-novo-curso-vol1-2017,front-matter,aula-10.html,unused,"Front matter (title page, authors and presentation) é elemento pré-textual ou de consulta, sem conteúdo substantivo para a escolha entre julgar e instruir."
marinoni-novo-curso-vol1-2017,introducao,aula-10.html,unused,O capítulo sobre Introdução — teoria do processo civil trata de outro tema ou etapa; não orienta diretamente a decisão de dispensar prova ou seguir à instrução.
marinoni-novo-curso-vol1-2017,parte-i-cap-01,aula-10.html,unused,"O capítulo sobre Parte I, capítulo 1 — A Influência Dos Valores Do Estado Liberal De Direito E Do… trata de outro tema ou etapa; não orienta diretamente a decisão de dispensar prova ou seguir à instrução."
marinoni-novo-curso-vol1-2017,parte-i-cap-02,aula-10.html,unused,"O capítulo sobre Parte I, capítulo 2 — Do Mito Do Cognitivismo Interpretativo E Do Logicismo Na Aplicação Do… trata de outro tema ou etapa; não orienta diretamente a decisão de dispensar prova ou seguir à instrução."
marinoni-novo-curso-vol1-2017,parte-i-cap-03,aula-10.html,unused,"O capítulo sobre Parte I, capítulo 3 — A Transformação Do Princípio Da Legalidade: Da Legalidade Formal… trata de outro tema ou etapa; não orienta diretamente a decisão de dispensar prova ou seguir à instrução."
marinoni-novo-curso-vol1-2017,parte-i-cap-04,aula-10.html,unused,"O capítulo sobre Parte I, capítulo 4 — O Controle Da Constitucionalidade Pelo Juiz Singular No Direito… trata de outro tema ou etapa; não orienta diretamente a decisão de dispensar prova ou seguir à instrução."
marinoni-novo-curso-vol1-2017,parte-i-cap-05,aula-10.html,unused,"O capítulo sobre Parte I, capítulo 5 — A Teoria Dos Direitos Fundamentais trata de outro tema ou etapa; não orienta diretamente a decisão de dispensar prova ou seguir à instrução."
marinoni-novo-curso-vol1-2017,parte-i-cap-06,aula-10.html,unused,"O capítulo sobre Parte I, capítulo 6 — A Jurisdição No Estado Constitucional trata de outro tema ou etapa; não orienta diretamente a decisão de dispensar prova ou seguir à instrução."
marinoni-novo-curso-vol1-2017,parte-i-cap-07,aula-10.html,unused,"O capítulo sobre Parte I, capítulo 7 — A Jurisdição E A Justiça Civil trata de outro tema ou etapa; não orienta diretamente a decisão de dispensar prova ou seguir à instrução."
marinoni-novo-curso-vol1-2017,parte-i-cap-08,aula-10.html,unused,"O capítulo sobre Parte I, capítulo 8 — A Jurisdição No Quadro Das Formas De Resolução De Litígios trata de outro tema ou etapa; não orienta diretamente a decisão de dispensar prova ou seguir à instrução."
marinoni-novo-curso-vol1-2017,parte-i-cap-09,aula-10.html,unused,"O capítulo sobre Parte I, capítulo 9 — O Direito À Jurisdição E Ao Juiz Natural Na Constituição E No Novo… trata de outro tema ou etapa; não orienta diretamente a decisão de dispensar prova ou seguir à instrução."
marinoni-novo-curso-vol1-2017,parte-ii-cap-01,aula-10.html,unused,"O capítulo sobre Parte II, capítulo 1 — As Teorias Da Ação E A Posição Do Novo Cpc. Primeiros Apontamentos… trata de outro tema ou etapa; não orienta diretamente a decisão de dispensar prova ou seguir à instrução."
marinoni-novo-curso-vol1-2017,parte-ii-cap-02,aula-10.html,unused,"O capítulo sobre Parte II, capítulo 2 — A Influência Dos Valores Do Estado Social Sobre O Direito De Ação trata de outro tema ou etapa; não orienta diretamente a decisão de dispensar prova ou seguir à instrução."
marinoni-novo-curso-vol1-2017,parte-ii-cap-03,aula-10.html,unused,"O capítulo sobre Parte II, capítulo 3 — O Direito De Ação No Quadro Dos Direitos Fundamentais trata de outro tema ou etapa; não orienta diretamente a decisão de dispensar prova ou seguir à instrução."
marinoni-novo-curso-vol1-2017,parte-ii-cap-04,aula-10.html,unused,"O capítulo sobre Parte II, capítulo 4 — O Conteúdo Do Direito De Ação A Partir Da Constituição E Do Novo… trata de outro tema ou etapa; não orienta diretamente a decisão de dispensar prova ou seguir à instrução."
marinoni-novo-curso-vol1-2017,parte-ii-cap-05,aula-10.html,unused,"O capítulo sobre Parte II, capítulo 5 — Da Ação Abstrata E Uniforme (Ação Única) À Ação Adequada À Tutela Do… trata de outro tema ou etapa; não orienta diretamente a decisão de dispensar prova ou seguir à instrução."
marinoni-novo-curso-vol1-2017,parte-iii-cap-01,aula-10.html,unused,"O capítulo sobre Parte II, capítulo 1 — Conceito De Direito De Defesa trata de outro tema ou etapa; não orienta diretamente a decisão de dispensar prova ou seguir à instrução."
marinoni-novo-curso-vol1-2017,parte-iii-cap-02,aula-10.html,unused,"O capítulo sobre Parte II, capítulo 2 — Direito De Defesa E Acesso À Justiça trata de outro tema ou etapa; não orienta diretamente a decisão de dispensar prova ou seguir à instrução."
marinoni-novo-curso-vol1-2017,parte-iii-cap-03,aula-10.html,unused,"O capítulo sobre Parte II, capítulo 3 — O Direito De Defesa Na Constituição. O Significado Do Direito À… trata de outro tema ou etapa; não orienta diretamente a decisão de dispensar prova ou seguir à instrução."
marinoni-novo-curso-vol1-2017,parte-iii-cap-04,aula-10.html,unused,"O capítulo sobre Parte II, capítulo 4 — O Direito De Defesa No Novo Código De Processo Civil trata de outro tema ou etapa; não orienta diretamente a decisão de dispensar prova ou seguir à instrução."
marinoni-novo-curso-vol1-2017,parte-iii-cap-05,aula-10.html,unused,"O capítulo sobre Parte II, capítulo 5 — O Direito Fundamental De Defesa Diante Do Direito Fundamental De Ação trata de outro tema ou etapa; não orienta diretamente a decisão de dispensar prova ou seguir à instrução."
marinoni-novo-curso-vol1-2017,parte-iii-cap-06,aula-10.html,unused,"O capítulo sobre Parte II, capítulo 6 — Problematização Do Direito Fundamental De Defesa trata de outro tema ou etapa; não orienta diretamente a decisão de dispensar prova ou seguir à instrução."
marinoni-novo-curso-vol1-2017,parte-iv-cap-01,aula-10.html,unused,"O capítulo sobre Parte IV, capítulo 1 — Processo E Procedimento Na Doutrina Clássica trata de outro tema ou etapa; não orienta diretamente a decisão de dispensar prova ou seguir à instrução."
marinoni-novo-curso-vol1-2017,parte-iv-cap-02,aula-10.html,unused,"O capítulo sobre Parte IV, capítulo 2 — Bases Para Um Novo Conceito De Processo trata de outro tema ou etapa; não orienta diretamente a decisão de dispensar prova ou seguir à instrução."
marinoni-novo-curso-vol1-2017,parte-iv-cap-03,aula-10.html,unused,"O capítulo sobre Parte IV, capítulo 3 — O Processo Na Perspectiva Dos Direitos Fundamentais. O Direito… trata de outro tema ou etapa; não orienta diretamente a decisão de dispensar prova ou seguir à instrução."
marinoni-novo-curso-vol1-2017,parte-iv-cap-04,aula-10.html,unused,"O capítulo sobre Parte IV, capítulo 4 — O Processo, Os Pressupostos Processuais E O Mérito Da Causa trata de outro tema ou etapa; não orienta diretamente a decisão de dispensar prova ou seguir à instrução."
marinoni-novo-curso-vol1-2017,parte-iv-cap-05,aula-10.html,unused,"O capítulo sobre Parte IV, capítulo 5 — Processo De Conhecimento E Processo De Execução No Novo Código De… trata de outro tema ou etapa; não orienta diretamente a decisão de dispensar prova ou seguir à instrução."
marinoni-novo-curso-vol1-2017,referencias-bibliograficas,aula-10.html,unused,"Referências bibliográficas é elemento pré-textual ou de consulta, sem conteúdo substantivo para a escolha entre julgar e instruir."
marinoni-novo-curso-vol2,01,aula-10.html,unused,O capítulo sobre Técnica processual e tutela dos direitos cuida de etapa ou instituto diverso da decisão sobre julgar no estado atual ou instruir.
marinoni-novo-curso-vol2,02,aula-10.html,unused,O capítulo sobre Jurisdição e competência cuida de etapa ou instituto diverso da decisão sobre julgar no estado atual ou instruir.
marinoni-novo-curso-vol2,03a,aula-10.html,unused,O capítulo sobre Participação no processo: itens 3.1–3.3 cuida de etapa ou instituto diverso da decisão sobre julgar no estado atual ou instruir.
marinoni-novo-curso-vol2,03b,aula-10.html,unused,O capítulo sobre Participação no processo: item 3.4 e caso cuida de etapa ou instituto diverso da decisão sobre julgar no estado atual ou instruir.
marinoni-novo-curso-vol2,04,aula-10.html,unused,O capítulo sobre Atos processuais cuida de etapa ou instituto diverso da decisão sobre julgar no estado atual ou instruir.
marinoni-novo-curso-vol2,05,aula-10.html,unused,"O capítulo sobre Formação, suspensão e extinção do processo cuida de etapa ou instituto diverso da decisão sobre julgar no estado atual ou instruir."
marinoni-novo-curso-vol2,06,aula-10.html,unused,O capítulo sobre Procedimento comum cuida de etapa ou instituto diverso da decisão sobre julgar no estado atual ou instruir.
marinoni-novo-curso-vol2,07,aula-10.html,unused,O capítulo sobre Petição inicial cuida de etapa ou instituto diverso da decisão sobre julgar no estado atual ou instruir.
marinoni-novo-curso-vol2,08,aula-10.html,unused,O capítulo sobre Audiência de conciliação ou de mediação cuida de etapa ou instituto diverso da decisão sobre julgar no estado atual ou instruir.
marinoni-novo-curso-vol2,09,aula-10.html,unused,O capítulo sobre Atitudes do réu cuida de etapa ou instituto diverso da decisão sobre julgar no estado atual ou instruir.
marinoni-novo-curso-vol2,10,aula-10.html,unused,O capítulo sobre Antecipação da tutela cuida de etapa ou instituto diverso da decisão sobre julgar no estado atual ou instruir.
marinoni-novo-curso-vol2,11,aula-10.html,supporting,O capítulo curto trata diretamente das saídas dos arts. 354 e seguintes e do critério de desnecessidade de outras provas; complementa a leitura-base selecionada.
marinoni-novo-curso-vol2,12,aula-10.html,unused,"A organização do processo e a decisão de saneamento são o foco da aula-10-estabilizacao, anterior à escolha de julgar ou instruir desta aula."
marinoni-novo-curso-vol2,13,aula-10.html,unused,A audiência de instrução e julgamento vem depois da decisão de que a prova oral é necessária; esta aula cobre o critério anterior.
marinoni-novo-curso-vol2,14.01,aula-10.html,unused,"Este segmento sobre Prova desenvolve teoria da prova, alocada às aulas 14–18, após a escolha processual examinada aqui."
marinoni-novo-curso-vol2,14.02,aula-10.html,unused,"Este segmento sobre Prova desenvolve teoria da prova, alocada às aulas 14–18, após a escolha processual examinada aqui."
marinoni-novo-curso-vol2,14.03,aula-10.html,unused,"Este segmento sobre Prova desenvolve teoria da prova, alocada às aulas 14–18, após a escolha processual examinada aqui."
marinoni-novo-curso-vol2,14.04,aula-10.html,unused,"Este segmento sobre Prova desenvolve teoria da prova, alocada às aulas 14–18, após a escolha processual examinada aqui."
marinoni-novo-curso-vol2,14.05,aula-10.html,unused,"Este segmento sobre Prova desenvolve teoria da prova, alocada às aulas 14–18, após a escolha processual examinada aqui."
marinoni-novo-curso-vol2,14.06,aula-10.html,unused,"Este segmento sobre Prova desenvolve teoria da prova, alocada às aulas 14–18, após a escolha processual examinada aqui."
marinoni-novo-curso-vol2,14.07,aula-10.html,unused,"Este segmento sobre Prova desenvolve teoria da prova, alocada às aulas 14–18, após a escolha processual examinada aqui."
marinoni-novo-curso-vol2,15.01,aula-10.html,unused,"Este segmento sobre sentença trata do pronunciamento final e seus efeitos, além do recorte desta aula sobre dispensar ou determinar instrução."
marinoni-novo-curso-vol2,15.02,aula-10.html,unused,"Este segmento sobre sentença trata do pronunciamento final e seus efeitos, além do recorte desta aula sobre dispensar ou determinar instrução."
marinoni-novo-curso-vol2,15.03,aula-10.html,unused,"Este segmento sobre sentença trata do pronunciamento final e seus efeitos, além do recorte desta aula sobre dispensar ou determinar instrução."
marinoni-novo-curso-vol2,15.04,aula-10.html,unused,"Este segmento sobre sentença trata do pronunciamento final e seus efeitos, além do recorte desta aula sobre dispensar ou determinar instrução."
marinoni-novo-curso-vol2,16.01,aula-10.html,unused,O capítulo sobre Recursos cuida de etapa ou instituto diverso da decisão sobre julgar no estado atual ou instruir.
marinoni-novo-curso-vol2,16.02,aula-10.html,unused,O capítulo sobre Recursos cuida de etapa ou instituto diverso da decisão sobre julgar no estado atual ou instruir.
marinoni-novo-curso-vol2,16.03,aula-10.html,unused,O capítulo sobre Recursos cuida de etapa ou instituto diverso da decisão sobre julgar no estado atual ou instruir.
marinoni-novo-curso-vol2,17.01,aula-10.html,unused,O capítulo sobre Processo nos tribunais cuida de etapa ou instituto diverso da decisão sobre julgar no estado atual ou instruir.
marinoni-novo-curso-vol2,17.02,aula-10.html,unused,O capítulo sobre Processo nos tribunais cuida de etapa ou instituto diverso da decisão sobre julgar no estado atual ou instruir.
marinoni-novo-curso-vol2,18,aula-10.html,unused,O capítulo sobre Precedentes cuida de etapa ou instituto diverso da decisão sobre julgar no estado atual ou instruir.
marinoni-novo-curso-vol2,19.01,aula-10.html,unused,O capítulo sobre Coisa julgada cuida de etapa ou instituto diverso da decisão sobre julgar no estado atual ou instruir.
marinoni-novo-curso-vol2,19.02,aula-10.html,unused,O capítulo sobre Coisa julgada cuida de etapa ou instituto diverso da decisão sobre julgar no estado atual ou instruir.
marinoni-novo-curso-vol2,21,aula-10.html,unused,O capítulo sobre Teoria da efetivação das decisões judiciais mediante cumprimento de sentença (abertura… cuida de etapa ou instituto diverso da decisão sobre julgar no estado atual ou instruir.
marinoni-novo-curso-vol2,23,aula-10.html,unused,O capítulo sobre 1.2 Panorama histórico da efetivação de sentenças cuida de etapa ou instituto diverso da decisão sobre julgar no estado atual ou instruir.
marinoni-novo-curso-vol2,24,aula-10.html,unused,O capítulo sobre 1.3 Técnica executiva e tutela dos direitos cuida de etapa ou instituto diverso da decisão sobre julgar no estado atual ou instruir.
marinoni-novo-curso-vol2,25,aula-10.html,unused,O capítulo sobre 1.4 Princípios fundamentais da execução cuida de etapa ou instituto diverso da decisão sobre julgar no estado atual ou instruir.
marinoni-novo-curso-vol2,26,aula-10.html,unused,O capítulo sobre 1.5 As formas de execução cuida de etapa ou instituto diverso da decisão sobre julgar no estado atual ou instruir.
marinoni-novo-curso-vol2,27,aula-10.html,unused,"O capítulo sobre 1.6 O art. 515, I, do CPC e as sentenças que dependem de execução cuida de etapa ou instituto diverso da decisão sobre julgar no estado atual ou instruir."
marinoni-novo-curso-vol2,28,aula-10.html,unused,O capítulo sobre 1.7 Os títulos executivos judiciais cuida de etapa ou instituto diverso da decisão sobre julgar no estado atual ou instruir.
marinoni-novo-curso-vol2,29,aula-10.html,unused,O capítulo sobre 1.8 Liquidação da obrigação cuida de etapa ou instituto diverso da decisão sobre julgar no estado atual ou instruir.
marinoni-novo-curso-vol2,30,aula-10.html,unused,O capítulo sobre 1.9 Questões gerais do procedimento de cumprimento de sentença cuida de etapa ou instituto diverso da decisão sobre julgar no estado atual ou instruir.
marinoni-novo-curso-vol2,32,aula-10.html,unused,O capítulo sobre A sentença que reconhece a obrigação de entregar coisa cuida de etapa ou instituto diverso da decisão sobre julgar no estado atual ou instruir.
marinoni-novo-curso-vol2,34,aula-10.html,unused,O capítulo sobre Suspensão e conclusão do cumprimento de sentença cuida de etapa ou instituto diverso da decisão sobre julgar no estado atual ou instruir.
marinoni-novo-curso-vol2,35,aula-10.html,unused,O capítulo sobre A execução da decisão provisória cuida de etapa ou instituto diverso da decisão sobre julgar no estado atual ou instruir.
marinoni-novo-curso-vol2,37,aula-10.html,unused,O capítulo sobre Particularidades da execução dos demais títulos judiciais cuida de etapa ou instituto diverso da decisão sobre julgar no estado atual ou instruir.
marinoni-novo-curso-vol2,38,aula-10.html,unused,"O capítulo sobre 2.1 Imposição de fazer e de não fazer, prestação da tutela do direito e meios de… cuida de etapa ou instituto diverso da decisão sobre julgar no estado atual ou instruir."
marinoni-novo-curso-vol2,39,aula-10.html,unused,O capítulo sobre 2.2 Técnicas de execução e controle do poder executivo do juiz cuida de etapa ou instituto diverso da decisão sobre julgar no estado atual ou instruir.
marinoni-novo-curso-vol2,40,aula-10.html,unused,O capítulo sobre 2.3 Defesa do executado cuida de etapa ou instituto diverso da decisão sobre julgar no estado atual ou instruir.
marinoni-novo-curso-vol2,41,aula-10.html,unused,O capítulo sobre 2.4 A sentença que reconhece obrigação de prestar declaração de vontade cuida de etapa ou instituto diverso da decisão sobre julgar no estado atual ou instruir.
marinoni-novo-curso-vol2,42,aula-10.html,unused,O capítulo sobre 4.1 Tutela pecuniária e técnicas de execução cuida de etapa ou instituto diverso da decisão sobre julgar no estado atual ou instruir.
marinoni-novo-curso-vol2,43,aula-10.html,unused,O capítulo sobre 4.2 Fase inicial da execução cuida de etapa ou instituto diverso da decisão sobre julgar no estado atual ou instruir.
marinoni-novo-curso-vol2,45,aula-10.html,unused,O capítulo sobre 4.4 Providências preliminares à satisfação do credor cuida de etapa ou instituto diverso da decisão sobre julgar no estado atual ou instruir.
marinoni-novo-curso-vol2,46,aula-10.html,unused,O capítulo sobre 4.5 A defesa do executado cuida de etapa ou instituto diverso da decisão sobre julgar no estado atual ou instruir.
marinoni-novo-curso-vol2,47,aula-10.html,unused,O capítulo sobre 4.6 Satisfação do credor cuida de etapa ou instituto diverso da decisão sobre julgar no estado atual ou instruir.
marinoni-novo-curso-vol2,48,aula-10.html,unused,O capítulo sobre 4.7 Entrega do dinheiro ao credor e caso cuida de etapa ou instituto diverso da decisão sobre julgar no estado atual ou instruir.
marinoni-novo-curso-vol2,49,aula-10.html,unused,O capítulo sobre 7.1 Cumprimento de decisão de prestação alimentícia cuida de etapa ou instituto diverso da decisão sobre julgar no estado atual ou instruir.
marinoni-novo-curso-vol2,50,aula-10.html,unused,O capítulo sobre 7.2 Cumprimento contra a Fazenda Pública e caso cuida de etapa ou instituto diverso da decisão sobre julgar no estado atual ou instruir.
marinoni-novo-curso-vol2,51,aula-10.html,unused,O capítulo sobre 4.3.1–4.3.2 Penhora e responsabilidade patrimonial cuida de etapa ou instituto diverso da decisão sobre julgar no estado atual ou instruir.
marinoni-novo-curso-vol2,52,aula-10.html,unused,O capítulo sobre 4.3.3–4.3.4 Bens de terceiros e fraude cuida de etapa ou instituto diverso da decisão sobre julgar no estado atual ou instruir.
marinoni-novo-curso-vol2,53,aula-10.html,unused,O capítulo sobre 4.3.5 Procedimento da penhora cuida de etapa ou instituto diverso da decisão sobre julgar no estado atual ou instruir.
mitidiero-processo-civil-2022,capitulo-i,aula-10.html,unused,O trecho Capítulo I: O Mapa trata de teoria ou etapa diversa da escolha específica entre julgamento imediato e instrução.
mitidiero-processo-civil-2022,capitulo-ii,aula-10.html,unused,O trecho Capítulo II: O Ouriço e a Raposa trata de teoria ou etapa diversa da escolha específica entre julgamento imediato e instrução.
mitidiero-processo-civil-2022,capitulo-iii-1,aula-10.html,unused,"O trecho Capítulo III, § 3.1: Ação e defesa trata de teoria ou etapa diversa da escolha específica entre julgamento imediato e instrução."
mitidiero-processo-civil-2022,capitulo-iii-2,aula-10.html,unused,"O trecho Capítulo III, § 3.2: Jurisdição trata de teoria ou etapa diversa da escolha específica entre julgamento imediato e instrução."
mitidiero-processo-civil-2022,capitulo-iii-3,aula-10.html,unused,"O trecho Capítulo III, § 3.3: Processo trata de teoria ou etapa diversa da escolha específica entre julgamento imediato e instrução."
mitidiero-processo-civil-2022,capitulo-iii-4,aula-10.html,unused,"O trecho Capítulo III, § 3.4: Princípios formativos, devido processo e normas fundamentais trata de teoria ou etapa diversa da escolha específica entre julgamento imediato e instrução."
mitidiero-processo-civil-2022,capitulo-iv-1,aula-10.html,unused,"O trecho Capítulo IV, § 4.1: Procedimento trata de teoria ou etapa diversa da escolha específica entre julgamento imediato e instrução."
mitidiero-processo-civil-2022,capitulo-iv-2,aula-10.html,unused,"O trecho Capítulo IV, § 4.2: Participantes trata de teoria ou etapa diversa da escolha específica entre julgamento imediato e instrução."
mitidiero-processo-civil-2022,capitulo-iv-3,aula-10.html,unused,"O trecho Capítulo IV, § 4.3: Atos processuais trata de teoria ou etapa diversa da escolha específica entre julgamento imediato e instrução."
mitidiero-processo-civil-2022,capitulo-iv-4,aula-10.html,unused,"O trecho Capítulo IV, § 4.4: Formação, suspensão e extinção do processo trata de teoria ou etapa diversa da escolha específica entre julgamento imediato e instrução."
mitidiero-processo-civil-2022,capitulo-v-1,aula-10.html,unused,"O trecho Capítulo V, § 5.1: Procedimento comum trata de teoria ou etapa diversa da escolha específica entre julgamento imediato e instrução."
mitidiero-processo-civil-2022,capitulo-v-2,aula-10.html,unused,A fase de conhecimento é tratada em escala ampla; não delimita o teste de necessidade de novas provas que guia esta aula.
mitidiero-processo-civil-2022,capitulo-v-3,aula-10.html,unused,"O trecho Capítulo V, § 5.3: Fase de cumprimento trata de teoria ou etapa diversa da escolha específica entre julgamento imediato e instrução."
mitidiero-processo-civil-2022,capitulo-vi-1,aula-10.html,unused,"O trecho Capítulo VI, § 6.1: Cortes de Justiça e Cortes Supremas trata de teoria ou etapa diversa da escolha específica entre julgamento imediato e instrução."
mitidiero-processo-civil-2022,capitulo-vi-2,aula-10.html,unused,"O trecho Capítulo VI, § 6.2: Recursos trata de teoria ou etapa diversa da escolha específica entre julgamento imediato e instrução."
mitidiero-processo-civil-2022,capitulo-vi-3,aula-10.html,unused,"O trecho Capítulo VI, § 6.3: Incidentes trata de teoria ou etapa diversa da escolha específica entre julgamento imediato e instrução."
mitidiero-processo-civil-2022,capitulo-vi-4,aula-10.html,unused,"O trecho Capítulo VI, § 6.4: Ações trata de teoria ou etapa diversa da escolha específica entre julgamento imediato e instrução."
mitidiero-processo-civil-2022,capitulo-vii,aula-10.html,unused,O trecho Capítulo VII: Os Moinhos de Vento trata de teoria ou etapa diversa da escolha específica entre julgamento imediato e instrução.
mitidiero-processo-civil-2022,capitulo-viii,aula-10.html,unused,O trecho Capítulo VIII: Uma História sem Fim trata de teoria ou etapa diversa da escolha específica entre julgamento imediato e instrução.
moodle-export-ar,moodle-export-ar,aula-10.html,unused,"A exportação repete um modelo de Detached Moodle export: Exemplo de AR para comunicação/citação, etapa anterior à decisão de instruir ou julgar."
moodle-export-certidao-ne,moodle-export-certidao-ne,aula-10.html,unused,"A exportação repete um modelo de Detached Moodle export: Exemplo de Certificação de NE (autos físicos) para comunicação/citação, etapa anterior à decisão de instruir ou julgar."
moodle-export-edital,exemplo-de-edital,aula-10.html,unused,"A exportação repete um modelo de Exemplo de Edital para comunicação/citação, etapa anterior à decisão de instruir ou julgar."
moodle-export-mandado-cumprido,moodle-export-mandado-cumprido,aula-10.html,unused,"A exportação repete um modelo de Detached Moodle export: Exemplo de mandado cumprido (autos físicos) para comunicação/citação, etapa anterior à decisão de instruir ou julgar."
moodle-export-mandado-nao-cumprido,moodle-export-mandado-nao-cumprido,aula-10.html,unused,"A exportação repete um modelo de Detached Moodle export: Exemplo pitoresco de mandado não cumprido para comunicação/citação, etapa anterior à decisão de instruir ou julgar."
moodle-model-ar,modelo-ar,aula-10.html,unused,"O modelo de Modelo de Aviso de Recebimento positivo (AR) documenta comunicação ou citação, não as saídas decisórias desta aula."
moodle-model-certidao-ne,modelo-certidao-ne,aula-10.html,unused,"O modelo de Modelo de certidão de Nota de Expediente (NE) documenta comunicação ou citação, não as saídas decisórias desta aula."
moodle-model-edital,moodle-model-edital-document,aula-10.html,unused,"O modelo de Edital de Citação - Execução documenta comunicação ou citação, não as saídas decisórias desta aula."
moodle-model-julgamento-sinceridade,moodle-model-julgamento-sinceridade,aula-10.html,supporting,"A decisão real resolve decadência com datas já constantes dos autos; serve de caso curto para testar se o registro basta, sem ser tratado como regra geral."
moodle-model-mandado-cumprido,moodle-model-mandado-cumprido,aula-10.html,unused,"O modelo de Modelos e Exemplos: mandado cumprido/certificado documenta comunicação ou citação, não as saídas decisórias desta aula."
moodle-model-mandado-nao-cumprido,moodle-model-mandado-nao-cumprido,aula-10.html,unused,"O modelo de Modelos e Exemplos: mandado não cumprido documenta comunicação ou citação, não as saídas decisórias desta aula."
passos-teoria-nulidades,assigned-reading,aula-10.html,unused,"A teoria das nulidades prepara regularização na aula-09 e na aula-13, pré-requisitos desta escolha, em vez de definir quando dispensar a instrução."
peer-note-carolina-leite-p2,peer-note-carolina-leite-p2,aula-10.html,supporting,"As notas de P2 esboçam a bifurcação entre julgamento imediato e produção de provas quando os fatos permanecem duvidosos; servem só como contexto de estudo, nunca como autoridade jurídica."
peer-note-resuminho,document,aula-10.html,unused,"O resumo cobre litisconsórcio e intervenção de terceiros, sem seção sobre a decisão conforme o estado do processo."
peer-note-whatsapp-00001291,peer-note-whatsapp-00001291,aula-10.html,unused,A nota de 5 de agosto registra apresentação e petição inicial; não contém o tema de julgamento após a fase postulatória.
peer-note-whatsapp-00003003,peer-note-whatsapp-00003003,aula-10.html,unused,"A nota de 26 de agosto menciona saneamento apenas como exame geral, em aula de litisconsórcio; não traz critério de julgamento ou instrução."
taruffo-la-prova-1992,00-front-matter,aula-10.html,unused,"O capítulo de Taruffo sobre Front matter and indice-sommario desenvolve teoria da prova destinada às aulas 14–18, não a escolha processual desta aula."
taruffo-la-prova-1992,01-prova-e-verita,aula-10.html,unused,"O capítulo de Taruffo sobre Capitolo I — Prova e verità nel processo civile desenvolve teoria da prova destinada às aulas 14–18, não a escolha processual desta aula."
taruffo-la-prova-1992,02-il-fatto,aula-10.html,unused,"O capítulo de Taruffo sobre Capitolo II — Il fatto desenvolve teoria da prova destinada às aulas 14–18, não a escolha processual desta aula."
taruffo-la-prova-1992,03-verita-verosimiglianza-probabilita,aula-10.html,unused,"O capítulo de Taruffo sobre Capitolo III — Verità, verosimiglianza, probabilità desenvolve teoria da prova destinada às aulas 14–18, não a escolha processual desta aula."
taruffo-la-prova-1992,04-ipotesi-prove-scelte,aula-10.html,unused,"O capítulo de Taruffo sobre Capitolo IV — Ipotesi, prove, scelte desenvolve teoria da prova destinada às aulas 14–18, não a escolha processual desta aula."
taruffo-la-prova-1992,05-prova-giuridica,aula-10.html,unused,"O capítulo de Taruffo sobre Capitolo V — La prova giuridica desenvolve teoria da prova destinada às aulas 14–18, não a escolha processual desta aula."
taruffo-la-prova-1992,06-lessico-delle-prove,aula-10.html,unused,"O capítulo de Taruffo sobre Capitolo VI — Elementi per un lessico delle prove desenvolve teoria da prova destinada às aulas 14–18, não a escolha processual desta aula."
taruffo-la-prova-1992,07-indici,aula-10.html,unused,"O capítulo de Taruffo sobre Indici analitico e delle fonti desenvolve teoria da prova destinada às aulas 14–18, não a escolha processual desta aula."
marinoni-novo-curso-vol2,14.04b,aula-10.html,unused,"A continuação (§ 9.13 e seguintes) trata de depoimento pessoal, procedimento probatório e confissão; não atende ao recorte desta aula. Este segmento sobre Prova desenvolve teoria da prova, alocada às aulas 14–18, após a escolha processual examinada aqui."
