source_id,chapter_id,lesson_id,role,why
barbosa-moreira-temas-serie4-1989,01-os-temas-fundamentais-do-direito-brasileiro-nos-anos-80,aula-06.html,unused,"O capítulo “Os temas fundamentais do direito brasileiro nos anos 80: Direito Processual Civil” trata de tema distinto das escolhas de forma, tempo/lugar, meio eletrônico, cartas e cooperação que definem esta aula."
barbosa-moreira-temas-serie4-1989,02-sobre-a-multiplicidade-de-perspectivas-no-estudo-do-processo,aula-06.html,unused,"O capítulo “Sobre a multiplicidade de perspectivas no estudo do processo” trata de tema distinto das escolhas de forma, tempo/lugar, meio eletrônico, cartas e cooperação que definem esta aula."
barbosa-moreira-temas-serie4-1989,03-dimensiones-sociales-del-proceso-civil,aula-06.html,unused,"O capítulo “Dimensiones sociales del proceso civil” trata de tema distinto das escolhas de forma, tempo/lugar, meio eletrônico, cartas e cooperação que definem esta aula."
barbosa-moreira-temas-serie4-1989,04-o-problema-da-divisao-do-trabalho-entre-juiz-e-partes,aula-06.html,unused,"O capítulo “O problema da “divisão do trabalho” entre juiz e partes: aspectos terminológicos” trata de tema distinto das escolhas de forma, tempo/lugar, meio eletrônico, cartas e cooperação que definem esta aula."
barbosa-moreira-temas-serie4-1989,05-os-poderes-do-juiz-na-direcao-e-na-instrucao-do-processo,aula-06.html,unused,"O capítulo “Os poderes do juiz na direção e na instrução do processo” trata de tema distinto das escolhas de forma, tempo/lugar, meio eletrônico, cartas e cooperação que definem esta aula."
barbosa-moreira-temas-serie4-1989,06-sobre-a-participacao-do-juiz-no-processo-civil,aula-06.html,unused,"O capítulo “Sobre a “participação” do juiz no processo civil” trata de tema distinto das escolhas de forma, tempo/lugar, meio eletrônico, cartas e cooperação que definem esta aula."
barbosa-moreira-temas-serie4-1989,07-la-igualdad-de-las-partes-en-el-proceso-civil,aula-06.html,unused,"O capítulo “La igualdad de las partes en el proceso civil” trata de tema distinto das escolhas de forma, tempo/lugar, meio eletrônico, cartas e cooperação que definem esta aula."
barbosa-moreira-temas-serie4-1989,08-sobre-pressupostos-processuais,aula-06.html,unused,"O capítulo “Sobre pressupostos processuais” trata de tema distinto das escolhas de forma, tempo/lugar, meio eletrônico, cartas e cooperação que definem esta aula."
barbosa-moreira-temas-serie4-1989,09-a-competencia-como-questao-preliminar-e-como-questao-de-merito,aula-06.html,unused,"O capítulo “A competência como questão preliminar e como questão de mérito” trata de tema distinto das escolhas de forma, tempo/lugar, meio eletrônico, cartas e cooperação que definem esta aula."
barbosa-moreira-temas-serie4-1989,10-saneamento-do-processo-e-audiencia-preliminar-parte-i-apresentacao-do-problema,aula-06.html,unused,"O capítulo “Saneamento do processo e audiência preliminar — Parte I — Apresentação do problema” trata de tema distinto das escolhas de forma, tempo/lugar, meio eletrônico, cartas e cooperação que definem esta aula."
barbosa-moreira-temas-serie4-1989,10-saneamento-do-processo-e-audiencia-preliminar-parte-ii-possibilidades-de-solucao,aula-06.html,unused,"O capítulo “Saneamento do processo e audiência preliminar — Parte II — Possibilidades de solução” trata de tema distinto das escolhas de forma, tempo/lugar, meio eletrônico, cartas e cooperação que definem esta aula."
barbosa-moreira-temas-serie4-1989,10-saneamento-do-processo-e-audiencia-preliminar-parte-iii-modelos-concretos-tecnica-escrita,aula-06.html,unused,"O capítulo “Saneamento do processo e audiência preliminar — Parte III — Exame de alguns modelos concretos: técnica escrita” trata de tema distinto das escolhas de forma, tempo/lugar, meio eletrônico, cartas e cooperação que definem esta aula."
barbosa-moreira-temas-serie4-1989,10-saneamento-do-processo-e-audiencia-preliminar-parte-iv-modelos-concretos-tecnica-oral,aula-06.html,unused,"O capítulo “Saneamento do processo e audiência preliminar — Parte IV — Exame de alguns modelos concretos: técnica oral” trata de tema distinto das escolhas de forma, tempo/lugar, meio eletrônico, cartas e cooperação que definem esta aula."
barbosa-moreira-temas-serie4-1989,10-saneamento-do-processo-e-audiencia-preliminar-parte-v-apreciacao-critica,aula-06.html,unused,"O capítulo “Saneamento do processo e audiência preliminar — Parte V — Apreciação crítica” trata de tema distinto das escolhas de forma, tempo/lugar, meio eletrônico, cartas e cooperação que definem esta aula."
barbosa-moreira-temas-serie4-1989,11-alguns-problemas-atuais-da-prova-civil,aula-06.html,unused,"O capítulo “Alguns problemas atuais da prova civil” trata de tema distinto das escolhas de forma, tempo/lugar, meio eletrônico, cartas e cooperação que definem esta aula."
barbosa-moreira-temas-serie4-1989,12-la-collaboration-des-tiers-dans-lactivite-dinstruction,aula-06.html,unused,"O capítulo “La collaboration des tiers dans l’activité d’instruction” trata de tema distinto das escolhas de forma, tempo/lugar, meio eletrônico, cartas e cooperação que definem esta aula."
barbosa-moreira-temas-serie4-1989,13-conteudo-e-efeitos-da-sentenca-variacoes-sobre-o-tema,aula-06.html,unused,"O capítulo “Conteúdo e efeitos da sentença: variações sobre o tema” trata de tema distinto das escolhas de forma, tempo/lugar, meio eletrônico, cartas e cooperação que definem esta aula."
barbosa-moreira-temas-serie4-1989,14-eficacia-da-sentenca-de-interdicao-por-alienacao-mental,aula-06.html,unused,"O capítulo “Eficácia da sentença de interdição por alienação mental” trata de tema distinto das escolhas de forma, tempo/lugar, meio eletrônico, cartas e cooperação que definem esta aula."
barbosa-moreira-temas-serie4-1989,15-publicite-et-secret-du-delibere-dans-la-justice-bresilienne,aula-06.html,unused,"O capítulo “Publicité et secret du délibéré dans la justice brésilienne” trata de tema distinto das escolhas de forma, tempo/lugar, meio eletrônico, cartas e cooperação que definem esta aula."
barbosa-moreira-temas-serie4-1989,16-consideracoes-sobre-a-causa-de-pedir-na-acao-rescisoria,aula-06.html,unused,"O capítulo “Considerações sobre a causa de pedir na ação rescisória” trata de tema distinto das escolhas de forma, tempo/lugar, meio eletrônico, cartas e cooperação que definem esta aula."
barbosa-moreira-temas-serie4-1989,17-tendencias-na-execucao-de-sentencas-e-ordens-judiciais,aula-06.html,unused,"O capítulo “Tendências na execução de sentenças e ordens judiciais” trata de tema distinto das escolhas de forma, tempo/lugar, meio eletrônico, cartas e cooperação que definem esta aula."
barbosa-moreira-temas-serie4-1989,18-problemas-e-solucoes-em-materia-de-reconhecimento-e-execucao-introducao,aula-06.html,unused,"O capítulo “Problemas e soluções em matéria de reconhecimento e execução de sentenças e laudos arbitrais estrangeiros — Introdução” trata de tema distinto das escolhas de forma, tempo/lugar, meio eletrônico, cartas e cooperação que definem esta aula."
barbosa-moreira-temas-serie4-1989,18-problemas-e-solucoes-em-materia-de-reconhecimento-e-execucao-i-visao-panoramica,aula-06.html,unused,"O capítulo “Problemas e soluções em matéria de reconhecimento e execução de sentenças e laudos arbitrais estrangeiros — I — Visão panorâmica da situação atual” trata de tema distinto das escolhas de forma, tempo/lugar, meio eletrônico, cartas e cooperação que definem esta aula."
barbosa-moreira-temas-serie4-1989,18-problemas-e-solucoes-em-materia-de-reconhecimento-e-execucao-ii-mecanismos-restritivos,aula-06.html,unused,"O capítulo “Problemas e soluções em matéria de reconhecimento e execução de sentenças e laudos arbitrais estrangeiros — II — Os mecanismos restritivos da extensão internacional dos efeitos das sentenças” trata de tema distinto das escolhas de forma, tempo/lugar, meio eletrônico, cartas e cooperação que definem esta aula."
barbosa-moreira-temas-serie4-1989,18-problemas-e-solucoes-em-materia-de-reconhecimento-e-execucao-iii-possibilidades-de-abolicao-ou-atenuacao,aula-06.html,unused,"O capítulo “Problemas e soluções em matéria de reconhecimento e execução de sentenças e laudos arbitrais estrangeiros — III — Possibilidades de abolição ou atenuação dos mecanismos restritivos” trata de tema distinto das escolhas de forma, tempo/lugar, meio eletrônico, cartas e cooperação que definem esta aula."
barbosa-moreira-temas-serie4-1989,18-problemas-e-solucoes-em-materia-de-reconhecimento-e-execucao-iv-laudos-arbitrais-estrangeiros,aula-06.html,unused,"O capítulo “Problemas e soluções em matéria de reconhecimento e execução de sentenças e laudos arbitrais estrangeiros — IV — Laudos arbitrais estrangeiros” trata de tema distinto das escolhas de forma, tempo/lugar, meio eletrônico, cartas e cooperação que definem esta aula."
barbosa-moreira-temas-serie4-1989,18-problemas-e-solucoes-em-materia-de-reconhecimento-e-execucao-v-papel-dos-tratados-e-convencoes,aula-06.html,unused,"O capítulo “Problemas e soluções em matéria de reconhecimento e execução de sentenças e laudos arbitrais estrangeiros — V — O papel dos tratados e convenções” trata de tema distinto das escolhas de forma, tempo/lugar, meio eletrônico, cartas e cooperação que definem esta aula."
barbosa-moreira-temas-serie4-1989,18-problemas-e-solucoes-em-materia-de-reconhecimento-e-execucao-vi-conclusoes-gerais,aula-06.html,unused,"O capítulo “Problemas e soluções em matéria de reconhecimento e execução de sentenças e laudos arbitrais estrangeiros — VI — Conclusões gerais” trata de tema distinto das escolhas de forma, tempo/lugar, meio eletrônico, cartas e cooperação que definem esta aula."
barbosa-moreira-temas-serie4-1989,19-medida-cautelar-liminarmente-concedida-e-omissao-do-requerente,aula-06.html,unused,"O capítulo “Medida cautelar liminarmente concedida e omissão do requerente em propor a tempo a ação principal” trata de tema distinto das escolhas de forma, tempo/lugar, meio eletrônico, cartas e cooperação que definem esta aula."
barbosa-moreira-temas-serie4-1989,20-le-juge-bresilien-et-le-droit-etranger,aula-06.html,unused,"O capítulo “Le juge brésilien et le droit étranger” trata de tema distinto das escolhas de forma, tempo/lugar, meio eletrônico, cartas e cooperação que definem esta aula."
barbosa-moreira-temas-serie4-1989,21-apendice-presenca-de-couture,aula-06.html,unused,"O capítulo “Apêndice — Presença de Couture” trata de tema distinto das escolhas de forma, tempo/lugar, meio eletrônico, cartas e cooperação que definem esta aula."
barbosa-moreira-temas-serie4-1989,22-indice-onomastico,aula-06.html,unused,"O capítulo “Índice onomástico” trata de tema distinto das escolhas de forma, tempo/lugar, meio eletrônico, cartas e cooperação que definem esta aula."
barbosa-moreira-temas-serie4-1989,23-indice-alfabetico-remissivo,aula-06.html,unused,"O capítulo “Índice alfabético-remissivo” trata de tema distinto das escolhas de forma, tempo/lugar, meio eletrônico, cartas e cooperação que definem esta aula."
carpes-onus-da-prova,assigned-reading,aula-06.html,unused,"O capítulo “Carpes, Ônus dinâmico da prova, pp. 45–61” trata de tema distinto das escolhas de forma, tempo/lugar, meio eletrônico, cartas e cooperação que definem esta aula."
costa-atos-processuais,capitulo-atos-processuais,aula-06.html,supporting,"Specific need: o suplemento do Moodle comenta diretamente os atos e a forma do art. 188, útil para decidir quando a forma praticada preserva a finalidade; o recorte usa apenas o que serve a essa questão (unidade integral de 26.249 palavras)."
cpc-lei-13105-capture-2026-09-28,Art. 1,aula-06.html,unused,"Art. 1 trata matéria fora dos artigos diretamente aplicáveis à forma, tempo/lugar, prática eletrônica, cartas e cooperação desta aula."
cpc-lei-13105-capture-2026-09-28,Art. 2,aula-06.html,unused,"Art. 2 trata matéria fora dos artigos diretamente aplicáveis à forma, tempo/lugar, prática eletrônica, cartas e cooperação desta aula."
cpc-lei-13105-capture-2026-09-28,Art. 3,aula-06.html,unused,"Art. 3 trata matéria fora dos artigos diretamente aplicáveis à forma, tempo/lugar, prática eletrônica, cartas e cooperação desta aula."
cpc-lei-13105-capture-2026-09-28,Art. 4,aula-06.html,unused,"Art. 4 trata matéria fora dos artigos diretamente aplicáveis à forma, tempo/lugar, prática eletrônica, cartas e cooperação desta aula."
cpc-lei-13105-capture-2026-09-28,Art. 5,aula-06.html,unused,"Art. 5 trata matéria fora dos artigos diretamente aplicáveis à forma, tempo/lugar, prática eletrônica, cartas e cooperação desta aula."
cpc-lei-13105-capture-2026-09-28,Art. 6,aula-06.html,unused,"Art. 6 trata matéria fora dos artigos diretamente aplicáveis à forma, tempo/lugar, prática eletrônica, cartas e cooperação desta aula."
cpc-lei-13105-capture-2026-09-28,Art. 7,aula-06.html,unused,"Art. 7 trata matéria fora dos artigos diretamente aplicáveis à forma, tempo/lugar, prática eletrônica, cartas e cooperação desta aula."
cpc-lei-13105-capture-2026-09-28,Art. 8,aula-06.html,unused,"Art. 8 trata matéria fora dos artigos diretamente aplicáveis à forma, tempo/lugar, prática eletrônica, cartas e cooperação desta aula."
cpc-lei-13105-capture-2026-09-28,Art. 9,aula-06.html,unused,"Art. 9 trata matéria fora dos artigos diretamente aplicáveis à forma, tempo/lugar, prática eletrônica, cartas e cooperação desta aula."
cpc-lei-13105-capture-2026-09-28,Art. 10,aula-06.html,unused,"Art. 10 trata matéria fora dos artigos diretamente aplicáveis à forma, tempo/lugar, prática eletrônica, cartas e cooperação desta aula."
cpc-lei-13105-capture-2026-09-28,Art. 11,aula-06.html,unused,"Art. 11 trata matéria fora dos artigos diretamente aplicáveis à forma, tempo/lugar, prática eletrônica, cartas e cooperação desta aula."
cpc-lei-13105-capture-2026-09-28,Art. 12,aula-06.html,unused,"Art. 12 trata matéria fora dos artigos diretamente aplicáveis à forma, tempo/lugar, prática eletrônica, cartas e cooperação desta aula."
cpc-lei-13105-capture-2026-09-28,Art. 13,aula-06.html,unused,"Art. 13 trata matéria fora dos artigos diretamente aplicáveis à forma, tempo/lugar, prática eletrônica, cartas e cooperação desta aula."
cpc-lei-13105-capture-2026-09-28,Art. 14,aula-06.html,unused,"Art. 14 trata matéria fora dos artigos diretamente aplicáveis à forma, tempo/lugar, prática eletrônica, cartas e cooperação desta aula."
cpc-lei-13105-capture-2026-09-28,Art. 15,aula-06.html,unused,"Art. 15 trata matéria fora dos artigos diretamente aplicáveis à forma, tempo/lugar, prática eletrônica, cartas e cooperação desta aula."
cpc-lei-13105-capture-2026-09-28,Art. 16,aula-06.html,unused,"Art. 16 trata matéria fora dos artigos diretamente aplicáveis à forma, tempo/lugar, prática eletrônica, cartas e cooperação desta aula."
cpc-lei-13105-capture-2026-09-28,Art. 17,aula-06.html,unused,"Art. 17 trata matéria fora dos artigos diretamente aplicáveis à forma, tempo/lugar, prática eletrônica, cartas e cooperação desta aula."
cpc-lei-13105-capture-2026-09-28,Art. 18,aula-06.html,unused,"Art. 18 trata matéria fora dos artigos diretamente aplicáveis à forma, tempo/lugar, prática eletrônica, cartas e cooperação desta aula."
cpc-lei-13105-capture-2026-09-28,Art. 19,aula-06.html,unused,"Art. 19 trata matéria fora dos artigos diretamente aplicáveis à forma, tempo/lugar, prática eletrônica, cartas e cooperação desta aula."
cpc-lei-13105-capture-2026-09-28,Art. 20,aula-06.html,unused,"Art. 20 trata matéria fora dos artigos diretamente aplicáveis à forma, tempo/lugar, prática eletrônica, cartas e cooperação desta aula."
cpc-lei-13105-capture-2026-09-28,Art. 21,aula-06.html,unused,"Art. 21 trata matéria fora dos artigos diretamente aplicáveis à forma, tempo/lugar, prática eletrônica, cartas e cooperação desta aula."
cpc-lei-13105-capture-2026-09-28,Art. 22,aula-06.html,unused,"Art. 22 trata matéria fora dos artigos diretamente aplicáveis à forma, tempo/lugar, prática eletrônica, cartas e cooperação desta aula."
cpc-lei-13105-capture-2026-09-28,Art. 23,aula-06.html,unused,"Art. 23 trata matéria fora dos artigos diretamente aplicáveis à forma, tempo/lugar, prática eletrônica, cartas e cooperação desta aula."
cpc-lei-13105-capture-2026-09-28,Art. 24,aula-06.html,unused,"Art. 24 trata matéria fora dos artigos diretamente aplicáveis à forma, tempo/lugar, prática eletrônica, cartas e cooperação desta aula."
cpc-lei-13105-capture-2026-09-28,Art. 25,aula-06.html,unused,"Art. 25 trata matéria fora dos artigos diretamente aplicáveis à forma, tempo/lugar, prática eletrônica, cartas e cooperação desta aula."
cpc-lei-13105-capture-2026-09-28,Art. 26,aula-06.html,unused,"Art. 26 trata matéria fora dos artigos diretamente aplicáveis à forma, tempo/lugar, prática eletrônica, cartas e cooperação desta aula."
cpc-lei-13105-capture-2026-09-28,Art. 27,aula-06.html,unused,"Art. 27 trata matéria fora dos artigos diretamente aplicáveis à forma, tempo/lugar, prática eletrônica, cartas e cooperação desta aula."
cpc-lei-13105-capture-2026-09-28,Art. 28,aula-06.html,unused,"Art. 28 trata matéria fora dos artigos diretamente aplicáveis à forma, tempo/lugar, prática eletrônica, cartas e cooperação desta aula."
cpc-lei-13105-capture-2026-09-28,Art. 29,aula-06.html,unused,"Art. 29 trata matéria fora dos artigos diretamente aplicáveis à forma, tempo/lugar, prática eletrônica, cartas e cooperação desta aula."
cpc-lei-13105-capture-2026-09-28,Art. 30,aula-06.html,unused,"Art. 30 trata matéria fora dos artigos diretamente aplicáveis à forma, tempo/lugar, prática eletrônica, cartas e cooperação desta aula."
cpc-lei-13105-capture-2026-09-28,Art. 31,aula-06.html,unused,"Art. 31 trata matéria fora dos artigos diretamente aplicáveis à forma, tempo/lugar, prática eletrônica, cartas e cooperação desta aula."
cpc-lei-13105-capture-2026-09-28,Art. 32,aula-06.html,unused,"Art. 32 trata matéria fora dos artigos diretamente aplicáveis à forma, tempo/lugar, prática eletrônica, cartas e cooperação desta aula."
cpc-lei-13105-capture-2026-09-28,Art. 33,aula-06.html,unused,"Art. 33 trata matéria fora dos artigos diretamente aplicáveis à forma, tempo/lugar, prática eletrônica, cartas e cooperação desta aula."
cpc-lei-13105-capture-2026-09-28,Art. 34,aula-06.html,unused,"Art. 34 trata matéria fora dos artigos diretamente aplicáveis à forma, tempo/lugar, prática eletrônica, cartas e cooperação desta aula."
cpc-lei-13105-capture-2026-09-28,Art. 35,aula-06.html,unused,"Art. 35 trata matéria fora dos artigos diretamente aplicáveis à forma, tempo/lugar, prática eletrônica, cartas e cooperação desta aula."
cpc-lei-13105-capture-2026-09-28,Art. 36,aula-06.html,unused,"Art. 36 trata matéria fora dos artigos diretamente aplicáveis à forma, tempo/lugar, prática eletrônica, cartas e cooperação desta aula."
cpc-lei-13105-capture-2026-09-28,Art. 37,aula-06.html,unused,"Art. 37 trata matéria fora dos artigos diretamente aplicáveis à forma, tempo/lugar, prática eletrônica, cartas e cooperação desta aula."
cpc-lei-13105-capture-2026-09-28,Art. 38,aula-06.html,unused,"Art. 38 trata matéria fora dos artigos diretamente aplicáveis à forma, tempo/lugar, prática eletrônica, cartas e cooperação desta aula."
cpc-lei-13105-capture-2026-09-28,Art. 39,aula-06.html,unused,"Art. 39 trata matéria fora dos artigos diretamente aplicáveis à forma, tempo/lugar, prática eletrônica, cartas e cooperação desta aula."
cpc-lei-13105-capture-2026-09-28,Art. 40,aula-06.html,unused,"Art. 40 trata matéria fora dos artigos diretamente aplicáveis à forma, tempo/lugar, prática eletrônica, cartas e cooperação desta aula."
cpc-lei-13105-capture-2026-09-28,Art. 41,aula-06.html,unused,"Art. 41 trata matéria fora dos artigos diretamente aplicáveis à forma, tempo/lugar, prática eletrônica, cartas e cooperação desta aula."
cpc-lei-13105-capture-2026-09-28,Art. 42,aula-06.html,unused,"Art. 42 trata matéria fora dos artigos diretamente aplicáveis à forma, tempo/lugar, prática eletrônica, cartas e cooperação desta aula."
cpc-lei-13105-capture-2026-09-28,Art. 43,aula-06.html,unused,"Art. 43 trata matéria fora dos artigos diretamente aplicáveis à forma, tempo/lugar, prática eletrônica, cartas e cooperação desta aula."
cpc-lei-13105-capture-2026-09-28,Art. 44,aula-06.html,unused,"Art. 44 trata matéria fora dos artigos diretamente aplicáveis à forma, tempo/lugar, prática eletrônica, cartas e cooperação desta aula."
cpc-lei-13105-capture-2026-09-28,Art. 45,aula-06.html,unused,"Art. 45 trata matéria fora dos artigos diretamente aplicáveis à forma, tempo/lugar, prática eletrônica, cartas e cooperação desta aula."
cpc-lei-13105-capture-2026-09-28,Art. 46,aula-06.html,unused,"Art. 46 trata matéria fora dos artigos diretamente aplicáveis à forma, tempo/lugar, prática eletrônica, cartas e cooperação desta aula."
cpc-lei-13105-capture-2026-09-28,Art. 47,aula-06.html,unused,"Art. 47 trata matéria fora dos artigos diretamente aplicáveis à forma, tempo/lugar, prática eletrônica, cartas e cooperação desta aula."
cpc-lei-13105-capture-2026-09-28,Art. 48,aula-06.html,unused,"Art. 48 trata matéria fora dos artigos diretamente aplicáveis à forma, tempo/lugar, prática eletrônica, cartas e cooperação desta aula."
cpc-lei-13105-capture-2026-09-28,Art. 49,aula-06.html,unused,"Art. 49 trata matéria fora dos artigos diretamente aplicáveis à forma, tempo/lugar, prática eletrônica, cartas e cooperação desta aula."
cpc-lei-13105-capture-2026-09-28,Art. 50,aula-06.html,unused,"Art. 50 trata matéria fora dos artigos diretamente aplicáveis à forma, tempo/lugar, prática eletrônica, cartas e cooperação desta aula."
cpc-lei-13105-capture-2026-09-28,Art. 51,aula-06.html,unused,"Art. 51 trata matéria fora dos artigos diretamente aplicáveis à forma, tempo/lugar, prática eletrônica, cartas e cooperação desta aula."
cpc-lei-13105-capture-2026-09-28,Art. 52,aula-06.html,unused,"Art. 52 trata matéria fora dos artigos diretamente aplicáveis à forma, tempo/lugar, prática eletrônica, cartas e cooperação desta aula."
cpc-lei-13105-capture-2026-09-28,Art. 53,aula-06.html,unused,"Art. 53 trata matéria fora dos artigos diretamente aplicáveis à forma, tempo/lugar, prática eletrônica, cartas e cooperação desta aula."
cpc-lei-13105-capture-2026-09-28,Art. 54,aula-06.html,unused,"Art. 54 trata matéria fora dos artigos diretamente aplicáveis à forma, tempo/lugar, prática eletrônica, cartas e cooperação desta aula."
cpc-lei-13105-capture-2026-09-28,Art. 55,aula-06.html,unused,"Art. 55 trata matéria fora dos artigos diretamente aplicáveis à forma, tempo/lugar, prática eletrônica, cartas e cooperação desta aula."
cpc-lei-13105-capture-2026-09-28,Art. 56,aula-06.html,unused,"Art. 56 trata matéria fora dos artigos diretamente aplicáveis à forma, tempo/lugar, prática eletrônica, cartas e cooperação desta aula."
cpc-lei-13105-capture-2026-09-28,Art. 57,aula-06.html,unused,"Art. 57 trata matéria fora dos artigos diretamente aplicáveis à forma, tempo/lugar, prática eletrônica, cartas e cooperação desta aula."
cpc-lei-13105-capture-2026-09-28,Art. 58,aula-06.html,unused,"Art. 58 trata matéria fora dos artigos diretamente aplicáveis à forma, tempo/lugar, prática eletrônica, cartas e cooperação desta aula."
cpc-lei-13105-capture-2026-09-28,Art. 59,aula-06.html,unused,"Art. 59 trata matéria fora dos artigos diretamente aplicáveis à forma, tempo/lugar, prática eletrônica, cartas e cooperação desta aula."
cpc-lei-13105-capture-2026-09-28,Art. 60,aula-06.html,unused,"Art. 60 trata matéria fora dos artigos diretamente aplicáveis à forma, tempo/lugar, prática eletrônica, cartas e cooperação desta aula."
cpc-lei-13105-capture-2026-09-28,Art. 61,aula-06.html,unused,"Art. 61 trata matéria fora dos artigos diretamente aplicáveis à forma, tempo/lugar, prática eletrônica, cartas e cooperação desta aula."
cpc-lei-13105-capture-2026-09-28,Art. 62,aula-06.html,unused,"Art. 62 trata matéria fora dos artigos diretamente aplicáveis à forma, tempo/lugar, prática eletrônica, cartas e cooperação desta aula."
cpc-lei-13105-capture-2026-09-28,Art. 63,aula-06.html,unused,"Art. 63 trata matéria fora dos artigos diretamente aplicáveis à forma, tempo/lugar, prática eletrônica, cartas e cooperação desta aula."
cpc-lei-13105-capture-2026-09-28,Art. 64,aula-06.html,unused,"Art. 64 trata matéria fora dos artigos diretamente aplicáveis à forma, tempo/lugar, prática eletrônica, cartas e cooperação desta aula."
cpc-lei-13105-capture-2026-09-28,Art. 65,aula-06.html,unused,"Art. 65 trata matéria fora dos artigos diretamente aplicáveis à forma, tempo/lugar, prática eletrônica, cartas e cooperação desta aula."
cpc-lei-13105-capture-2026-09-28,Art. 66,aula-06.html,unused,"Art. 66 trata matéria fora dos artigos diretamente aplicáveis à forma, tempo/lugar, prática eletrônica, cartas e cooperação desta aula."
cpc-lei-13105-capture-2026-09-28,Art. 67,aula-06.html,primary,Artigos primários sobre cooperação entre juízos e formas de executar atos cooperativos; fundamentam quando recorrer à cooperação nacional.
cpc-lei-13105-capture-2026-09-28,Art. 68,aula-06.html,primary,Artigos primários sobre cooperação entre juízos e formas de executar atos cooperativos; fundamentam quando recorrer à cooperação nacional.
cpc-lei-13105-capture-2026-09-28,Art. 69,aula-06.html,primary,Artigos primários sobre cooperação entre juízos e formas de executar atos cooperativos; fundamentam quando recorrer à cooperação nacional.
cpc-lei-13105-capture-2026-09-28,Art. 70,aula-06.html,unused,"Art. 70 trata matéria fora dos artigos diretamente aplicáveis à forma, tempo/lugar, prática eletrônica, cartas e cooperação desta aula."
cpc-lei-13105-capture-2026-09-28,Art. 71,aula-06.html,unused,"Art. 71 trata matéria fora dos artigos diretamente aplicáveis à forma, tempo/lugar, prática eletrônica, cartas e cooperação desta aula."
cpc-lei-13105-capture-2026-09-28,Art. 72,aula-06.html,unused,"Art. 72 trata matéria fora dos artigos diretamente aplicáveis à forma, tempo/lugar, prática eletrônica, cartas e cooperação desta aula."
cpc-lei-13105-capture-2026-09-28,Art. 73,aula-06.html,unused,"Art. 73 trata matéria fora dos artigos diretamente aplicáveis à forma, tempo/lugar, prática eletrônica, cartas e cooperação desta aula."
cpc-lei-13105-capture-2026-09-28,Art. 74,aula-06.html,unused,"Art. 74 trata matéria fora dos artigos diretamente aplicáveis à forma, tempo/lugar, prática eletrônica, cartas e cooperação desta aula."
cpc-lei-13105-capture-2026-09-28,Art. 75,aula-06.html,unused,"Art. 75 trata matéria fora dos artigos diretamente aplicáveis à forma, tempo/lugar, prática eletrônica, cartas e cooperação desta aula."
cpc-lei-13105-capture-2026-09-28,Art. 76,aula-06.html,unused,"Art. 76 trata matéria fora dos artigos diretamente aplicáveis à forma, tempo/lugar, prática eletrônica, cartas e cooperação desta aula."
cpc-lei-13105-capture-2026-09-28,Art. 77,aula-06.html,unused,"Art. 77 trata matéria fora dos artigos diretamente aplicáveis à forma, tempo/lugar, prática eletrônica, cartas e cooperação desta aula."
cpc-lei-13105-capture-2026-09-28,Art. 78,aula-06.html,unused,"Art. 78 trata matéria fora dos artigos diretamente aplicáveis à forma, tempo/lugar, prática eletrônica, cartas e cooperação desta aula."
cpc-lei-13105-capture-2026-09-28,Art. 79,aula-06.html,unused,"Art. 79 trata matéria fora dos artigos diretamente aplicáveis à forma, tempo/lugar, prática eletrônica, cartas e cooperação desta aula."
cpc-lei-13105-capture-2026-09-28,Art. 80,aula-06.html,unused,"Art. 80 trata matéria fora dos artigos diretamente aplicáveis à forma, tempo/lugar, prática eletrônica, cartas e cooperação desta aula."
cpc-lei-13105-capture-2026-09-28,Art. 81,aula-06.html,unused,"Art. 81 trata matéria fora dos artigos diretamente aplicáveis à forma, tempo/lugar, prática eletrônica, cartas e cooperação desta aula."
cpc-lei-13105-capture-2026-09-28,Art. 82,aula-06.html,unused,"Art. 82 trata matéria fora dos artigos diretamente aplicáveis à forma, tempo/lugar, prática eletrônica, cartas e cooperação desta aula."
cpc-lei-13105-capture-2026-09-28,Art. 83,aula-06.html,unused,"Art. 83 trata matéria fora dos artigos diretamente aplicáveis à forma, tempo/lugar, prática eletrônica, cartas e cooperação desta aula."
cpc-lei-13105-capture-2026-09-28,Art. 84,aula-06.html,unused,"Art. 84 trata matéria fora dos artigos diretamente aplicáveis à forma, tempo/lugar, prática eletrônica, cartas e cooperação desta aula."
cpc-lei-13105-capture-2026-09-28,Art. 85,aula-06.html,unused,"Art. 85 trata matéria fora dos artigos diretamente aplicáveis à forma, tempo/lugar, prática eletrônica, cartas e cooperação desta aula."
cpc-lei-13105-capture-2026-09-28,Art. 86,aula-06.html,unused,"Art. 86 trata matéria fora dos artigos diretamente aplicáveis à forma, tempo/lugar, prática eletrônica, cartas e cooperação desta aula."
cpc-lei-13105-capture-2026-09-28,Art. 87,aula-06.html,unused,"Art. 87 trata matéria fora dos artigos diretamente aplicáveis à forma, tempo/lugar, prática eletrônica, cartas e cooperação desta aula."
cpc-lei-13105-capture-2026-09-28,Art. 88,aula-06.html,unused,"Art. 88 trata matéria fora dos artigos diretamente aplicáveis à forma, tempo/lugar, prática eletrônica, cartas e cooperação desta aula."
cpc-lei-13105-capture-2026-09-28,Art. 89,aula-06.html,unused,"Art. 89 trata matéria fora dos artigos diretamente aplicáveis à forma, tempo/lugar, prática eletrônica, cartas e cooperação desta aula."
cpc-lei-13105-capture-2026-09-28,Art. 90,aula-06.html,unused,"Art. 90 trata matéria fora dos artigos diretamente aplicáveis à forma, tempo/lugar, prática eletrônica, cartas e cooperação desta aula."
cpc-lei-13105-capture-2026-09-28,Art. 91,aula-06.html,unused,"Art. 91 trata matéria fora dos artigos diretamente aplicáveis à forma, tempo/lugar, prática eletrônica, cartas e cooperação desta aula."
cpc-lei-13105-capture-2026-09-28,Art. 92,aula-06.html,unused,"Art. 92 trata matéria fora dos artigos diretamente aplicáveis à forma, tempo/lugar, prática eletrônica, cartas e cooperação desta aula."
cpc-lei-13105-capture-2026-09-28,Art. 93,aula-06.html,unused,"Art. 93 trata matéria fora dos artigos diretamente aplicáveis à forma, tempo/lugar, prática eletrônica, cartas e cooperação desta aula."
cpc-lei-13105-capture-2026-09-28,Art. 94,aula-06.html,unused,"Art. 94 trata matéria fora dos artigos diretamente aplicáveis à forma, tempo/lugar, prática eletrônica, cartas e cooperação desta aula."
cpc-lei-13105-capture-2026-09-28,Art. 95,aula-06.html,unused,"Art. 95 trata matéria fora dos artigos diretamente aplicáveis à forma, tempo/lugar, prática eletrônica, cartas e cooperação desta aula."
cpc-lei-13105-capture-2026-09-28,Art. 96,aula-06.html,unused,"Art. 96 trata matéria fora dos artigos diretamente aplicáveis à forma, tempo/lugar, prática eletrônica, cartas e cooperação desta aula."
cpc-lei-13105-capture-2026-09-28,Art. 97,aula-06.html,unused,"Art. 97 trata matéria fora dos artigos diretamente aplicáveis à forma, tempo/lugar, prática eletrônica, cartas e cooperação desta aula."
cpc-lei-13105-capture-2026-09-28,Art. 98,aula-06.html,unused,"Art. 98 trata matéria fora dos artigos diretamente aplicáveis à forma, tempo/lugar, prática eletrônica, cartas e cooperação desta aula."
cpc-lei-13105-capture-2026-09-28,Art. 99,aula-06.html,unused,"Art. 99 trata matéria fora dos artigos diretamente aplicáveis à forma, tempo/lugar, prática eletrônica, cartas e cooperação desta aula."
cpc-lei-13105-capture-2026-09-28,Art. 100,aula-06.html,unused,"Art. 100 trata matéria fora dos artigos diretamente aplicáveis à forma, tempo/lugar, prática eletrônica, cartas e cooperação desta aula."
cpc-lei-13105-capture-2026-09-28,Art. 101,aula-06.html,unused,"Art. 101 trata matéria fora dos artigos diretamente aplicáveis à forma, tempo/lugar, prática eletrônica, cartas e cooperação desta aula."
cpc-lei-13105-capture-2026-09-28,Art. 102,aula-06.html,unused,"Art. 102 trata matéria fora dos artigos diretamente aplicáveis à forma, tempo/lugar, prática eletrônica, cartas e cooperação desta aula."
cpc-lei-13105-capture-2026-09-28,Art. 103,aula-06.html,unused,"Art. 103 trata matéria fora dos artigos diretamente aplicáveis à forma, tempo/lugar, prática eletrônica, cartas e cooperação desta aula."
cpc-lei-13105-capture-2026-09-28,Art. 104,aula-06.html,unused,"Art. 104 trata matéria fora dos artigos diretamente aplicáveis à forma, tempo/lugar, prática eletrônica, cartas e cooperação desta aula."
cpc-lei-13105-capture-2026-09-28,Art. 105,aula-06.html,unused,"Art. 105 trata matéria fora dos artigos diretamente aplicáveis à forma, tempo/lugar, prática eletrônica, cartas e cooperação desta aula."
cpc-lei-13105-capture-2026-09-28,Art. 106,aula-06.html,unused,"Art. 106 trata matéria fora dos artigos diretamente aplicáveis à forma, tempo/lugar, prática eletrônica, cartas e cooperação desta aula."
cpc-lei-13105-capture-2026-09-28,Art. 107,aula-06.html,unused,"Art. 107 trata matéria fora dos artigos diretamente aplicáveis à forma, tempo/lugar, prática eletrônica, cartas e cooperação desta aula."
cpc-lei-13105-capture-2026-09-28,Art. 108,aula-06.html,unused,"Art. 108 trata matéria fora dos artigos diretamente aplicáveis à forma, tempo/lugar, prática eletrônica, cartas e cooperação desta aula."
cpc-lei-13105-capture-2026-09-28,Art. 109,aula-06.html,unused,"Art. 109 trata matéria fora dos artigos diretamente aplicáveis à forma, tempo/lugar, prática eletrônica, cartas e cooperação desta aula."
cpc-lei-13105-capture-2026-09-28,Art. 110,aula-06.html,unused,"Art. 110 trata matéria fora dos artigos diretamente aplicáveis à forma, tempo/lugar, prática eletrônica, cartas e cooperação desta aula."
cpc-lei-13105-capture-2026-09-28,Art. 111,aula-06.html,unused,"Art. 111 trata matéria fora dos artigos diretamente aplicáveis à forma, tempo/lugar, prática eletrônica, cartas e cooperação desta aula."
cpc-lei-13105-capture-2026-09-28,Art. 112,aula-06.html,unused,"Art. 112 trata matéria fora dos artigos diretamente aplicáveis à forma, tempo/lugar, prática eletrônica, cartas e cooperação desta aula."
cpc-lei-13105-capture-2026-09-28,Art. 113,aula-06.html,unused,"Art. 113 trata matéria fora dos artigos diretamente aplicáveis à forma, tempo/lugar, prática eletrônica, cartas e cooperação desta aula."
cpc-lei-13105-capture-2026-09-28,Art. 114,aula-06.html,unused,"Art. 114 trata matéria fora dos artigos diretamente aplicáveis à forma, tempo/lugar, prática eletrônica, cartas e cooperação desta aula."
cpc-lei-13105-capture-2026-09-28,Art. 115,aula-06.html,unused,"Art. 115 trata matéria fora dos artigos diretamente aplicáveis à forma, tempo/lugar, prática eletrônica, cartas e cooperação desta aula."
cpc-lei-13105-capture-2026-09-28,Art. 116,aula-06.html,unused,"Art. 116 trata matéria fora dos artigos diretamente aplicáveis à forma, tempo/lugar, prática eletrônica, cartas e cooperação desta aula."
cpc-lei-13105-capture-2026-09-28,Art. 117,aula-06.html,unused,"Art. 117 trata matéria fora dos artigos diretamente aplicáveis à forma, tempo/lugar, prática eletrônica, cartas e cooperação desta aula."
cpc-lei-13105-capture-2026-09-28,Art. 118,aula-06.html,unused,"Art. 118 trata matéria fora dos artigos diretamente aplicáveis à forma, tempo/lugar, prática eletrônica, cartas e cooperação desta aula."
cpc-lei-13105-capture-2026-09-28,Art. 119,aula-06.html,unused,"Art. 119 trata matéria fora dos artigos diretamente aplicáveis à forma, tempo/lugar, prática eletrônica, cartas e cooperação desta aula."
cpc-lei-13105-capture-2026-09-28,Art. 120,aula-06.html,unused,"Art. 120 trata matéria fora dos artigos diretamente aplicáveis à forma, tempo/lugar, prática eletrônica, cartas e cooperação desta aula."
cpc-lei-13105-capture-2026-09-28,Art. 121,aula-06.html,unused,"Art. 121 trata matéria fora dos artigos diretamente aplicáveis à forma, tempo/lugar, prática eletrônica, cartas e cooperação desta aula."
cpc-lei-13105-capture-2026-09-28,Art. 122,aula-06.html,unused,"Art. 122 trata matéria fora dos artigos diretamente aplicáveis à forma, tempo/lugar, prática eletrônica, cartas e cooperação desta aula."
cpc-lei-13105-capture-2026-09-28,Art. 123,aula-06.html,unused,"Art. 123 trata matéria fora dos artigos diretamente aplicáveis à forma, tempo/lugar, prática eletrônica, cartas e cooperação desta aula."
cpc-lei-13105-capture-2026-09-28,Art. 124,aula-06.html,unused,"Art. 124 trata matéria fora dos artigos diretamente aplicáveis à forma, tempo/lugar, prática eletrônica, cartas e cooperação desta aula."
cpc-lei-13105-capture-2026-09-28,Art. 125,aula-06.html,unused,"Art. 125 trata matéria fora dos artigos diretamente aplicáveis à forma, tempo/lugar, prática eletrônica, cartas e cooperação desta aula."
cpc-lei-13105-capture-2026-09-28,Art. 126,aula-06.html,unused,"Art. 126 trata matéria fora dos artigos diretamente aplicáveis à forma, tempo/lugar, prática eletrônica, cartas e cooperação desta aula."
cpc-lei-13105-capture-2026-09-28,Art. 127,aula-06.html,unused,"Art. 127 trata matéria fora dos artigos diretamente aplicáveis à forma, tempo/lugar, prática eletrônica, cartas e cooperação desta aula."
cpc-lei-13105-capture-2026-09-28,Art. 128,aula-06.html,unused,"Art. 128 trata matéria fora dos artigos diretamente aplicáveis à forma, tempo/lugar, prática eletrônica, cartas e cooperação desta aula."
cpc-lei-13105-capture-2026-09-28,Art. 129,aula-06.html,unused,"Art. 129 trata matéria fora dos artigos diretamente aplicáveis à forma, tempo/lugar, prática eletrônica, cartas e cooperação desta aula."
cpc-lei-13105-capture-2026-09-28,Art. 130,aula-06.html,unused,"Art. 130 trata matéria fora dos artigos diretamente aplicáveis à forma, tempo/lugar, prática eletrônica, cartas e cooperação desta aula."
cpc-lei-13105-capture-2026-09-28,Art. 131,aula-06.html,unused,"Art. 131 trata matéria fora dos artigos diretamente aplicáveis à forma, tempo/lugar, prática eletrônica, cartas e cooperação desta aula."
cpc-lei-13105-capture-2026-09-28,Art. 132,aula-06.html,unused,"Art. 132 trata matéria fora dos artigos diretamente aplicáveis à forma, tempo/lugar, prática eletrônica, cartas e cooperação desta aula."
cpc-lei-13105-capture-2026-09-28,Art. 133,aula-06.html,unused,"Art. 133 trata matéria fora dos artigos diretamente aplicáveis à forma, tempo/lugar, prática eletrônica, cartas e cooperação desta aula."
cpc-lei-13105-capture-2026-09-28,Art. 134,aula-06.html,unused,"Art. 134 trata matéria fora dos artigos diretamente aplicáveis à forma, tempo/lugar, prática eletrônica, cartas e cooperação desta aula."
cpc-lei-13105-capture-2026-09-28,Art. 135,aula-06.html,unused,"Art. 135 trata matéria fora dos artigos diretamente aplicáveis à forma, tempo/lugar, prática eletrônica, cartas e cooperação desta aula."
cpc-lei-13105-capture-2026-09-28,Art. 136,aula-06.html,unused,"Art. 136 trata matéria fora dos artigos diretamente aplicáveis à forma, tempo/lugar, prática eletrônica, cartas e cooperação desta aula."
cpc-lei-13105-capture-2026-09-28,Art. 137,aula-06.html,unused,"Art. 137 trata matéria fora dos artigos diretamente aplicáveis à forma, tempo/lugar, prática eletrônica, cartas e cooperação desta aula."
cpc-lei-13105-capture-2026-09-28,Art. 138,aula-06.html,unused,"Art. 138 trata matéria fora dos artigos diretamente aplicáveis à forma, tempo/lugar, prática eletrônica, cartas e cooperação desta aula."
cpc-lei-13105-capture-2026-09-28,Art. 139,aula-06.html,unused,"Art. 139 trata matéria fora dos artigos diretamente aplicáveis à forma, tempo/lugar, prática eletrônica, cartas e cooperação desta aula."
cpc-lei-13105-capture-2026-09-28,Art. 140,aula-06.html,unused,"Art. 140 trata matéria fora dos artigos diretamente aplicáveis à forma, tempo/lugar, prática eletrônica, cartas e cooperação desta aula."
cpc-lei-13105-capture-2026-09-28,Art. 141,aula-06.html,unused,"Art. 141 trata matéria fora dos artigos diretamente aplicáveis à forma, tempo/lugar, prática eletrônica, cartas e cooperação desta aula."
cpc-lei-13105-capture-2026-09-28,Art. 142,aula-06.html,unused,"Art. 142 trata matéria fora dos artigos diretamente aplicáveis à forma, tempo/lugar, prática eletrônica, cartas e cooperação desta aula."
cpc-lei-13105-capture-2026-09-28,Art. 143,aula-06.html,unused,"Art. 143 trata matéria fora dos artigos diretamente aplicáveis à forma, tempo/lugar, prática eletrônica, cartas e cooperação desta aula."
cpc-lei-13105-capture-2026-09-28,Art. 144,aula-06.html,unused,"Art. 144 trata matéria fora dos artigos diretamente aplicáveis à forma, tempo/lugar, prática eletrônica, cartas e cooperação desta aula."
cpc-lei-13105-capture-2026-09-28,Art. 145,aula-06.html,unused,"Art. 145 trata matéria fora dos artigos diretamente aplicáveis à forma, tempo/lugar, prática eletrônica, cartas e cooperação desta aula."
cpc-lei-13105-capture-2026-09-28,Art. 146,aula-06.html,unused,"Art. 146 trata matéria fora dos artigos diretamente aplicáveis à forma, tempo/lugar, prática eletrônica, cartas e cooperação desta aula."
cpc-lei-13105-capture-2026-09-28,Art. 147,aula-06.html,unused,"Art. 147 trata matéria fora dos artigos diretamente aplicáveis à forma, tempo/lugar, prática eletrônica, cartas e cooperação desta aula."
cpc-lei-13105-capture-2026-09-28,Art. 148,aula-06.html,unused,"Art. 148 trata matéria fora dos artigos diretamente aplicáveis à forma, tempo/lugar, prática eletrônica, cartas e cooperação desta aula."
cpc-lei-13105-capture-2026-09-28,Art. 149,aula-06.html,unused,"Art. 149 trata matéria fora dos artigos diretamente aplicáveis à forma, tempo/lugar, prática eletrônica, cartas e cooperação desta aula."
cpc-lei-13105-capture-2026-09-28,Art. 150,aula-06.html,unused,"Art. 150 trata matéria fora dos artigos diretamente aplicáveis à forma, tempo/lugar, prática eletrônica, cartas e cooperação desta aula."
cpc-lei-13105-capture-2026-09-28,Art. 151,aula-06.html,unused,"Art. 151 trata matéria fora dos artigos diretamente aplicáveis à forma, tempo/lugar, prática eletrônica, cartas e cooperação desta aula."
cpc-lei-13105-capture-2026-09-28,Art. 152,aula-06.html,unused,"Art. 152 trata matéria fora dos artigos diretamente aplicáveis à forma, tempo/lugar, prática eletrônica, cartas e cooperação desta aula."
cpc-lei-13105-capture-2026-09-28,Art. 153,aula-06.html,unused,"Art. 153 trata matéria fora dos artigos diretamente aplicáveis à forma, tempo/lugar, prática eletrônica, cartas e cooperação desta aula."
cpc-lei-13105-capture-2026-09-28,Art. 154,aula-06.html,unused,"Art. 154 trata matéria fora dos artigos diretamente aplicáveis à forma, tempo/lugar, prática eletrônica, cartas e cooperação desta aula."
cpc-lei-13105-capture-2026-09-28,Art. 155,aula-06.html,unused,"Art. 155 trata matéria fora dos artigos diretamente aplicáveis à forma, tempo/lugar, prática eletrônica, cartas e cooperação desta aula."
cpc-lei-13105-capture-2026-09-28,Art. 156,aula-06.html,unused,"Art. 156 trata matéria fora dos artigos diretamente aplicáveis à forma, tempo/lugar, prática eletrônica, cartas e cooperação desta aula."
cpc-lei-13105-capture-2026-09-28,Art. 157,aula-06.html,unused,"Art. 157 trata matéria fora dos artigos diretamente aplicáveis à forma, tempo/lugar, prática eletrônica, cartas e cooperação desta aula."
cpc-lei-13105-capture-2026-09-28,Art. 158,aula-06.html,unused,"Art. 158 trata matéria fora dos artigos diretamente aplicáveis à forma, tempo/lugar, prática eletrônica, cartas e cooperação desta aula."
cpc-lei-13105-capture-2026-09-28,Art. 159,aula-06.html,unused,"Art. 159 trata matéria fora dos artigos diretamente aplicáveis à forma, tempo/lugar, prática eletrônica, cartas e cooperação desta aula."
cpc-lei-13105-capture-2026-09-28,Art. 160,aula-06.html,unused,"Art. 160 trata matéria fora dos artigos diretamente aplicáveis à forma, tempo/lugar, prática eletrônica, cartas e cooperação desta aula."
cpc-lei-13105-capture-2026-09-28,Art. 161,aula-06.html,unused,"Art. 161 trata matéria fora dos artigos diretamente aplicáveis à forma, tempo/lugar, prática eletrônica, cartas e cooperação desta aula."
cpc-lei-13105-capture-2026-09-28,Art. 162,aula-06.html,unused,"Art. 162 trata matéria fora dos artigos diretamente aplicáveis à forma, tempo/lugar, prática eletrônica, cartas e cooperação desta aula."
cpc-lei-13105-capture-2026-09-28,Art. 163,aula-06.html,unused,"Art. 163 trata matéria fora dos artigos diretamente aplicáveis à forma, tempo/lugar, prática eletrônica, cartas e cooperação desta aula."
cpc-lei-13105-capture-2026-09-28,Art. 164,aula-06.html,unused,"Art. 164 trata matéria fora dos artigos diretamente aplicáveis à forma, tempo/lugar, prática eletrônica, cartas e cooperação desta aula."
cpc-lei-13105-capture-2026-09-28,Art. 165,aula-06.html,unused,"Art. 165 trata matéria fora dos artigos diretamente aplicáveis à forma, tempo/lugar, prática eletrônica, cartas e cooperação desta aula."
cpc-lei-13105-capture-2026-09-28,Art. 166,aula-06.html,unused,"Art. 166 trata matéria fora dos artigos diretamente aplicáveis à forma, tempo/lugar, prática eletrônica, cartas e cooperação desta aula."
cpc-lei-13105-capture-2026-09-28,Art. 167,aula-06.html,unused,"Art. 167 trata matéria fora dos artigos diretamente aplicáveis à forma, tempo/lugar, prática eletrônica, cartas e cooperação desta aula."
cpc-lei-13105-capture-2026-09-28,Art. 168,aula-06.html,unused,"Art. 168 trata matéria fora dos artigos diretamente aplicáveis à forma, tempo/lugar, prática eletrônica, cartas e cooperação desta aula."
cpc-lei-13105-capture-2026-09-28,Art. 169,aula-06.html,unused,"Art. 169 trata matéria fora dos artigos diretamente aplicáveis à forma, tempo/lugar, prática eletrônica, cartas e cooperação desta aula."
cpc-lei-13105-capture-2026-09-28,Art. 170,aula-06.html,unused,"Art. 170 trata matéria fora dos artigos diretamente aplicáveis à forma, tempo/lugar, prática eletrônica, cartas e cooperação desta aula."
cpc-lei-13105-capture-2026-09-28,Art. 171,aula-06.html,unused,"Art. 171 trata matéria fora dos artigos diretamente aplicáveis à forma, tempo/lugar, prática eletrônica, cartas e cooperação desta aula."
cpc-lei-13105-capture-2026-09-28,Art. 172,aula-06.html,unused,"Art. 172 trata matéria fora dos artigos diretamente aplicáveis à forma, tempo/lugar, prática eletrônica, cartas e cooperação desta aula."
cpc-lei-13105-capture-2026-09-28,Art. 173,aula-06.html,unused,"Art. 173 trata matéria fora dos artigos diretamente aplicáveis à forma, tempo/lugar, prática eletrônica, cartas e cooperação desta aula."
cpc-lei-13105-capture-2026-09-28,Art. 174,aula-06.html,unused,"Art. 174 trata matéria fora dos artigos diretamente aplicáveis à forma, tempo/lugar, prática eletrônica, cartas e cooperação desta aula."
cpc-lei-13105-capture-2026-09-28,Art. 175,aula-06.html,unused,"Art. 175 trata matéria fora dos artigos diretamente aplicáveis à forma, tempo/lugar, prática eletrônica, cartas e cooperação desta aula."
cpc-lei-13105-capture-2026-09-28,Art. 176,aula-06.html,unused,"Art. 176 trata matéria fora dos artigos diretamente aplicáveis à forma, tempo/lugar, prática eletrônica, cartas e cooperação desta aula."
cpc-lei-13105-capture-2026-09-28,Art. 177,aula-06.html,unused,"Art. 177 trata matéria fora dos artigos diretamente aplicáveis à forma, tempo/lugar, prática eletrônica, cartas e cooperação desta aula."
cpc-lei-13105-capture-2026-09-28,Art. 178,aula-06.html,unused,"Art. 178 trata matéria fora dos artigos diretamente aplicáveis à forma, tempo/lugar, prática eletrônica, cartas e cooperação desta aula."
cpc-lei-13105-capture-2026-09-28,Art. 179,aula-06.html,unused,"Art. 179 trata matéria fora dos artigos diretamente aplicáveis à forma, tempo/lugar, prática eletrônica, cartas e cooperação desta aula."
cpc-lei-13105-capture-2026-09-28,Art. 180,aula-06.html,unused,"Art. 180 trata matéria fora dos artigos diretamente aplicáveis à forma, tempo/lugar, prática eletrônica, cartas e cooperação desta aula."
cpc-lei-13105-capture-2026-09-28,Art. 181,aula-06.html,unused,"Art. 181 trata matéria fora dos artigos diretamente aplicáveis à forma, tempo/lugar, prática eletrônica, cartas e cooperação desta aula."
cpc-lei-13105-capture-2026-09-28,Art. 182,aula-06.html,unused,"Art. 182 trata matéria fora dos artigos diretamente aplicáveis à forma, tempo/lugar, prática eletrônica, cartas e cooperação desta aula."
cpc-lei-13105-capture-2026-09-28,Art. 183,aula-06.html,unused,"Art. 183 trata matéria fora dos artigos diretamente aplicáveis à forma, tempo/lugar, prática eletrônica, cartas e cooperação desta aula."
cpc-lei-13105-capture-2026-09-28,Art. 184,aula-06.html,unused,"Art. 184 trata matéria fora dos artigos diretamente aplicáveis à forma, tempo/lugar, prática eletrônica, cartas e cooperação desta aula."
cpc-lei-13105-capture-2026-09-28,Art. 185,aula-06.html,unused,"Art. 185 trata matéria fora dos artigos diretamente aplicáveis à forma, tempo/lugar, prática eletrônica, cartas e cooperação desta aula."
cpc-lei-13105-capture-2026-09-28,Art. 186,aula-06.html,unused,"Art. 186 trata matéria fora dos artigos diretamente aplicáveis à forma, tempo/lugar, prática eletrônica, cartas e cooperação desta aula."
cpc-lei-13105-capture-2026-09-28,Art. 187,aula-06.html,unused,"Art. 187 trata matéria fora dos artigos diretamente aplicáveis à forma, tempo/lugar, prática eletrônica, cartas e cooperação desta aula."
cpc-lei-13105-capture-2026-09-28,Art. 188,aula-06.html,primary,"Artigo primário sobre forma, publicidade, convenções, calendário e idioma dos atos; fundamenta a escolha da forma e a organização do ato."
cpc-lei-13105-capture-2026-09-28,Art. 189,aula-06.html,primary,"Artigo primário sobre forma, publicidade, convenções, calendário e idioma dos atos; fundamenta a escolha da forma e a organização do ato."
cpc-lei-13105-capture-2026-09-28,Art. 190,aula-06.html,primary,"Artigo primário sobre forma, publicidade, convenções, calendário e idioma dos atos; fundamenta a escolha da forma e a organização do ato."
cpc-lei-13105-capture-2026-09-28,Art. 191,aula-06.html,primary,"Artigo primário sobre forma, publicidade, convenções, calendário e idioma dos atos; fundamenta a escolha da forma e a organização do ato."
cpc-lei-13105-capture-2026-09-28,Art. 192,aula-06.html,primary,"Artigo primário sobre forma, publicidade, convenções, calendário e idioma dos atos; fundamenta a escolha da forma e a organização do ato."
cpc-lei-13105-capture-2026-09-28,Art. 193,aula-06.html,primary,"Artigo primário sobre prática digital, integridade, regulamentação e acesso; fundamenta a escolha do meio eletrônico."
cpc-lei-13105-capture-2026-09-28,Art. 194,aula-06.html,primary,"Artigo primário sobre prática digital, integridade, regulamentação e acesso; fundamenta a escolha do meio eletrônico."
cpc-lei-13105-capture-2026-09-28,Art. 195,aula-06.html,primary,"Artigo primário sobre prática digital, integridade, regulamentação e acesso; fundamenta a escolha do meio eletrônico."
cpc-lei-13105-capture-2026-09-28,Art. 196,aula-06.html,primary,"Artigo primário sobre prática digital, integridade, regulamentação e acesso; fundamenta a escolha do meio eletrônico."
cpc-lei-13105-capture-2026-09-28,Art. 197,aula-06.html,primary,"Artigo primário sobre prática digital, integridade, regulamentação e acesso; fundamenta a escolha do meio eletrônico."
cpc-lei-13105-capture-2026-09-28,Art. 198,aula-06.html,primary,"Artigo primário sobre prática digital, integridade, regulamentação e acesso; fundamenta a escolha do meio eletrônico."
cpc-lei-13105-capture-2026-09-28,Art. 199,aula-06.html,primary,"Artigo primário sobre prática digital, integridade, regulamentação e acesso; fundamenta a escolha do meio eletrônico."
cpc-lei-13105-capture-2026-09-28,Art. 200,aula-06.html,primary,"Artigo primário sobre efeitos, registro, assinatura, formalidades, tempo e lugar dos atos; fundamenta sua prática no processo."
cpc-lei-13105-capture-2026-09-28,Art. 201,aula-06.html,primary,"Artigo primário sobre efeitos, registro, assinatura, formalidades, tempo e lugar dos atos; fundamenta sua prática no processo."
cpc-lei-13105-capture-2026-09-28,Art. 202,aula-06.html,primary,"Artigo primário sobre efeitos, registro, assinatura, formalidades, tempo e lugar dos atos; fundamenta sua prática no processo."
cpc-lei-13105-capture-2026-09-28,Art. 203,aula-06.html,primary,"Artigo primário sobre efeitos, registro, assinatura, formalidades, tempo e lugar dos atos; fundamenta sua prática no processo."
cpc-lei-13105-capture-2026-09-28,Art. 204,aula-06.html,primary,"Artigo primário sobre efeitos, registro, assinatura, formalidades, tempo e lugar dos atos; fundamenta sua prática no processo."
cpc-lei-13105-capture-2026-09-28,Art. 205,aula-06.html,primary,"Artigo primário sobre efeitos, registro, assinatura, formalidades, tempo e lugar dos atos; fundamenta sua prática no processo."
cpc-lei-13105-capture-2026-09-28,Art. 206,aula-06.html,primary,"Artigo primário sobre efeitos, registro, assinatura, formalidades, tempo e lugar dos atos; fundamenta sua prática no processo."
cpc-lei-13105-capture-2026-09-28,Art. 207,aula-06.html,primary,"Artigo primário sobre efeitos, registro, assinatura, formalidades, tempo e lugar dos atos; fundamenta sua prática no processo."
cpc-lei-13105-capture-2026-09-28,Art. 208,aula-06.html,primary,"Artigo primário sobre efeitos, registro, assinatura, formalidades, tempo e lugar dos atos; fundamenta sua prática no processo."
cpc-lei-13105-capture-2026-09-28,Art. 209,aula-06.html,primary,"Artigo primário sobre efeitos, registro, assinatura, formalidades, tempo e lugar dos atos; fundamenta sua prática no processo."
cpc-lei-13105-capture-2026-09-28,Art. 210,aula-06.html,primary,"Artigo primário sobre efeitos, registro, assinatura, formalidades, tempo e lugar dos atos; fundamenta sua prática no processo."
cpc-lei-13105-capture-2026-09-28,Art. 211,aula-06.html,primary,"Artigo primário sobre efeitos, registro, assinatura, formalidades, tempo e lugar dos atos; fundamenta sua prática no processo."
cpc-lei-13105-capture-2026-09-28,Art. 212,aula-06.html,primary,"Artigo primário sobre efeitos, registro, assinatura, formalidades, tempo e lugar dos atos; fundamenta sua prática no processo."
cpc-lei-13105-capture-2026-09-28,Art. 213,aula-06.html,primary,"Artigo primário sobre efeitos, registro, assinatura, formalidades, tempo e lugar dos atos; fundamenta sua prática no processo."
cpc-lei-13105-capture-2026-09-28,Art. 214,aula-06.html,primary,"Artigo primário sobre efeitos, registro, assinatura, formalidades, tempo e lugar dos atos; fundamenta sua prática no processo."
cpc-lei-13105-capture-2026-09-28,Art. 215,aula-06.html,primary,"Artigo primário sobre efeitos, registro, assinatura, formalidades, tempo e lugar dos atos; fundamenta sua prática no processo."
cpc-lei-13105-capture-2026-09-28,Art. 216,aula-06.html,primary,"Artigo primário sobre efeitos, registro, assinatura, formalidades, tempo e lugar dos atos; fundamenta sua prática no processo."
cpc-lei-13105-capture-2026-09-28,Art. 217,aula-06.html,primary,"Artigo primário sobre efeitos, registro, assinatura, formalidades, tempo e lugar dos atos; fundamenta sua prática no processo."
cpc-lei-13105-capture-2026-09-28,Art. 218,aula-06.html,unused,"Art. 218 disciplina contagem e curso de prazos, recortados em aula-07; esta aula trata dos atos, do meio, do tempo/lugar e das cartas/cooperação."
cpc-lei-13105-capture-2026-09-28,Art. 219,aula-06.html,unused,"Art. 219 disciplina contagem e curso de prazos, recortados em aula-07; esta aula trata dos atos, do meio, do tempo/lugar e das cartas/cooperação."
cpc-lei-13105-capture-2026-09-28,Art. 220,aula-06.html,unused,"Art. 220 disciplina contagem e curso de prazos, recortados em aula-07; esta aula trata dos atos, do meio, do tempo/lugar e das cartas/cooperação."
cpc-lei-13105-capture-2026-09-28,Art. 221,aula-06.html,unused,"Art. 221 disciplina contagem e curso de prazos, recortados em aula-07; esta aula trata dos atos, do meio, do tempo/lugar e das cartas/cooperação."
cpc-lei-13105-capture-2026-09-28,Art. 222,aula-06.html,unused,"Art. 222 disciplina contagem e curso de prazos, recortados em aula-07; esta aula trata dos atos, do meio, do tempo/lugar e das cartas/cooperação."
cpc-lei-13105-capture-2026-09-28,Art. 223,aula-06.html,unused,"Art. 223 disciplina contagem e curso de prazos, recortados em aula-07; esta aula trata dos atos, do meio, do tempo/lugar e das cartas/cooperação."
cpc-lei-13105-capture-2026-09-28,Art. 224,aula-06.html,unused,"Art. 224 disciplina contagem e curso de prazos, recortados em aula-07; esta aula trata dos atos, do meio, do tempo/lugar e das cartas/cooperação."
cpc-lei-13105-capture-2026-09-28,Art. 225,aula-06.html,unused,"Art. 225 disciplina contagem e curso de prazos, recortados em aula-07; esta aula trata dos atos, do meio, do tempo/lugar e das cartas/cooperação."
cpc-lei-13105-capture-2026-09-28,Art. 226,aula-06.html,unused,"Art. 226 disciplina contagem e curso de prazos, recortados em aula-07; esta aula trata dos atos, do meio, do tempo/lugar e das cartas/cooperação."
cpc-lei-13105-capture-2026-09-28,Art. 227,aula-06.html,unused,"Art. 227 disciplina contagem e curso de prazos, recortados em aula-07; esta aula trata dos atos, do meio, do tempo/lugar e das cartas/cooperação."
cpc-lei-13105-capture-2026-09-28,Art. 228,aula-06.html,unused,"Art. 228 disciplina contagem e curso de prazos, recortados em aula-07; esta aula trata dos atos, do meio, do tempo/lugar e das cartas/cooperação."
cpc-lei-13105-capture-2026-09-28,Art. 229,aula-06.html,unused,"Art. 229 disciplina contagem e curso de prazos, recortados em aula-07; esta aula trata dos atos, do meio, do tempo/lugar e das cartas/cooperação."
cpc-lei-13105-capture-2026-09-28,Art. 230,aula-06.html,unused,"Art. 230 disciplina contagem e curso de prazos, recortados em aula-07; esta aula trata dos atos, do meio, do tempo/lugar e das cartas/cooperação."
cpc-lei-13105-capture-2026-09-28,Art. 231,aula-06.html,unused,"Art. 231 disciplina contagem e curso de prazos, recortados em aula-07; esta aula trata dos atos, do meio, do tempo/lugar e das cartas/cooperação."
cpc-lei-13105-capture-2026-09-28,Art. 232,aula-06.html,unused,"Art. 232 disciplina contagem e curso de prazos, recortados em aula-07; esta aula trata dos atos, do meio, do tempo/lugar e das cartas/cooperação."
cpc-lei-13105-capture-2026-09-28,Art. 233,aula-06.html,unused,"Art. 233 disciplina contagem e curso de prazos, recortados em aula-07; esta aula trata dos atos, do meio, do tempo/lugar e das cartas/cooperação."
cpc-lei-13105-capture-2026-09-28,Art. 234,aula-06.html,unused,"Art. 234 disciplina contagem e curso de prazos, recortados em aula-07; esta aula trata dos atos, do meio, do tempo/lugar e das cartas/cooperação."
cpc-lei-13105-capture-2026-09-28,Art. 235,aula-06.html,unused,"Art. 235 disciplina contagem e curso de prazos, recortados em aula-07; esta aula trata dos atos, do meio, do tempo/lugar e das cartas/cooperação."
cpc-lei-13105-capture-2026-09-28,Art. 236,aula-06.html,unused,"Art. 236 disciplina citação/intimação e comunicação, recortadas em aula-06-citacao; aqui o foco são atos gerais, processo eletrônico, tempo/lugar, cartas e cooperação."
cpc-lei-13105-capture-2026-09-28,Art. 237,aula-06.html,unused,"Art. 237 disciplina citação/intimação e comunicação, recortadas em aula-06-citacao; aqui o foco são atos gerais, processo eletrônico, tempo/lugar, cartas e cooperação."
cpc-lei-13105-capture-2026-09-28,Art. 238,aula-06.html,unused,"Art. 238 disciplina citação/intimação e comunicação, recortadas em aula-06-citacao; aqui o foco são atos gerais, processo eletrônico, tempo/lugar, cartas e cooperação."
cpc-lei-13105-capture-2026-09-28,Art. 239,aula-06.html,unused,"Art. 239 disciplina citação/intimação e comunicação, recortadas em aula-06-citacao; aqui o foco são atos gerais, processo eletrônico, tempo/lugar, cartas e cooperação."
cpc-lei-13105-capture-2026-09-28,Art. 240,aula-06.html,unused,"Art. 240 disciplina citação/intimação e comunicação, recortadas em aula-06-citacao; aqui o foco são atos gerais, processo eletrônico, tempo/lugar, cartas e cooperação."
cpc-lei-13105-capture-2026-09-28,Art. 241,aula-06.html,unused,"Art. 241 disciplina citação/intimação e comunicação, recortadas em aula-06-citacao; aqui o foco são atos gerais, processo eletrônico, tempo/lugar, cartas e cooperação."
cpc-lei-13105-capture-2026-09-28,Art. 242,aula-06.html,unused,"Art. 242 disciplina citação/intimação e comunicação, recortadas em aula-06-citacao; aqui o foco são atos gerais, processo eletrônico, tempo/lugar, cartas e cooperação."
cpc-lei-13105-capture-2026-09-28,Art. 243,aula-06.html,unused,"Art. 243 disciplina citação/intimação e comunicação, recortadas em aula-06-citacao; aqui o foco são atos gerais, processo eletrônico, tempo/lugar, cartas e cooperação."
cpc-lei-13105-capture-2026-09-28,Art. 244,aula-06.html,unused,"Art. 244 disciplina citação/intimação e comunicação, recortadas em aula-06-citacao; aqui o foco são atos gerais, processo eletrônico, tempo/lugar, cartas e cooperação."
cpc-lei-13105-capture-2026-09-28,Art. 245,aula-06.html,unused,"Art. 245 disciplina citação/intimação e comunicação, recortadas em aula-06-citacao; aqui o foco são atos gerais, processo eletrônico, tempo/lugar, cartas e cooperação."
cpc-lei-13105-capture-2026-09-28,Art. 246,aula-06.html,unused,"Art. 246 disciplina citação/intimação e comunicação, recortadas em aula-06-citacao; aqui o foco são atos gerais, processo eletrônico, tempo/lugar, cartas e cooperação."
cpc-lei-13105-capture-2026-09-28,Art. 247,aula-06.html,unused,"Art. 247 disciplina citação/intimação e comunicação, recortadas em aula-06-citacao; aqui o foco são atos gerais, processo eletrônico, tempo/lugar, cartas e cooperação."
cpc-lei-13105-capture-2026-09-28,Art. 248,aula-06.html,unused,"Art. 248 disciplina citação/intimação e comunicação, recortadas em aula-06-citacao; aqui o foco são atos gerais, processo eletrônico, tempo/lugar, cartas e cooperação."
cpc-lei-13105-capture-2026-09-28,Art. 249,aula-06.html,unused,"Art. 249 disciplina citação/intimação e comunicação, recortadas em aula-06-citacao; aqui o foco são atos gerais, processo eletrônico, tempo/lugar, cartas e cooperação."
cpc-lei-13105-capture-2026-09-28,Art. 250,aula-06.html,unused,"Art. 250 disciplina citação/intimação e comunicação, recortadas em aula-06-citacao; aqui o foco são atos gerais, processo eletrônico, tempo/lugar, cartas e cooperação."
cpc-lei-13105-capture-2026-09-28,Art. 251,aula-06.html,unused,"Art. 251 disciplina citação/intimação e comunicação, recortadas em aula-06-citacao; aqui o foco são atos gerais, processo eletrônico, tempo/lugar, cartas e cooperação."
cpc-lei-13105-capture-2026-09-28,Art. 252,aula-06.html,unused,"Art. 252 disciplina citação/intimação e comunicação, recortadas em aula-06-citacao; aqui o foco são atos gerais, processo eletrônico, tempo/lugar, cartas e cooperação."
cpc-lei-13105-capture-2026-09-28,Art. 253,aula-06.html,unused,"Art. 253 disciplina citação/intimação e comunicação, recortadas em aula-06-citacao; aqui o foco são atos gerais, processo eletrônico, tempo/lugar, cartas e cooperação."
cpc-lei-13105-capture-2026-09-28,Art. 254,aula-06.html,unused,"Art. 254 disciplina citação/intimação e comunicação, recortadas em aula-06-citacao; aqui o foco são atos gerais, processo eletrônico, tempo/lugar, cartas e cooperação."
cpc-lei-13105-capture-2026-09-28,Art. 255,aula-06.html,unused,"Art. 255 disciplina citação/intimação e comunicação, recortadas em aula-06-citacao; aqui o foco são atos gerais, processo eletrônico, tempo/lugar, cartas e cooperação."
cpc-lei-13105-capture-2026-09-28,Art. 256,aula-06.html,unused,"Art. 256 disciplina citação/intimação e comunicação, recortadas em aula-06-citacao; aqui o foco são atos gerais, processo eletrônico, tempo/lugar, cartas e cooperação."
cpc-lei-13105-capture-2026-09-28,Art. 257,aula-06.html,unused,"Art. 257 disciplina citação/intimação e comunicação, recortadas em aula-06-citacao; aqui o foco são atos gerais, processo eletrônico, tempo/lugar, cartas e cooperação."
cpc-lei-13105-capture-2026-09-28,Art. 258,aula-06.html,unused,"Art. 258 disciplina citação/intimação e comunicação, recortadas em aula-06-citacao; aqui o foco são atos gerais, processo eletrônico, tempo/lugar, cartas e cooperação."
cpc-lei-13105-capture-2026-09-28,Art. 259,aula-06.html,unused,"Art. 259 disciplina citação/intimação e comunicação, recortadas em aula-06-citacao; aqui o foco são atos gerais, processo eletrônico, tempo/lugar, cartas e cooperação."
cpc-lei-13105-capture-2026-09-28,Art. 260,aula-06.html,primary,Artigo primário sobre cartas para a prática de atos fora do juízo; fundamenta quando e como utilizar a carta processual.
cpc-lei-13105-capture-2026-09-28,Art. 261,aula-06.html,primary,Artigo primário sobre cartas para a prática de atos fora do juízo; fundamenta quando e como utilizar a carta processual.
cpc-lei-13105-capture-2026-09-28,Art. 262,aula-06.html,primary,Artigo primário sobre cartas para a prática de atos fora do juízo; fundamenta quando e como utilizar a carta processual.
cpc-lei-13105-capture-2026-09-28,Art. 263,aula-06.html,primary,Artigo primário sobre cartas para a prática de atos fora do juízo; fundamenta quando e como utilizar a carta processual.
cpc-lei-13105-capture-2026-09-28,Art. 264,aula-06.html,primary,Artigo primário sobre cartas para a prática de atos fora do juízo; fundamenta quando e como utilizar a carta processual.
cpc-lei-13105-capture-2026-09-28,Art. 265,aula-06.html,primary,Artigo primário sobre cartas para a prática de atos fora do juízo; fundamenta quando e como utilizar a carta processual.
cpc-lei-13105-capture-2026-09-28,Art. 266,aula-06.html,primary,Artigo primário sobre cartas para a prática de atos fora do juízo; fundamenta quando e como utilizar a carta processual.
cpc-lei-13105-capture-2026-09-28,Art. 268,aula-06.html,primary,Artigo primário sobre cartas para a prática de atos fora do juízo; fundamenta quando e como utilizar a carta processual.
cpc-lei-13105-capture-2026-09-28,Art. 269,aula-06.html,unused,"Art. 269 disciplina citação/intimação e comunicação, recortadas em aula-06-citacao; aqui o foco são atos gerais, processo eletrônico, tempo/lugar, cartas e cooperação."
cpc-lei-13105-capture-2026-09-28,Art. 270,aula-06.html,unused,"Art. 270 disciplina citação/intimação e comunicação, recortadas em aula-06-citacao; aqui o foco são atos gerais, processo eletrônico, tempo/lugar, cartas e cooperação."
cpc-lei-13105-capture-2026-09-28,Art. 271,aula-06.html,unused,"Art. 271 disciplina citação/intimação e comunicação, recortadas em aula-06-citacao; aqui o foco são atos gerais, processo eletrônico, tempo/lugar, cartas e cooperação."
cpc-lei-13105-capture-2026-09-28,Art. 272,aula-06.html,unused,"Art. 272 disciplina citação/intimação e comunicação, recortadas em aula-06-citacao; aqui o foco são atos gerais, processo eletrônico, tempo/lugar, cartas e cooperação."
cpc-lei-13105-capture-2026-09-28,Art. 273,aula-06.html,unused,"Art. 273 disciplina citação/intimação e comunicação, recortadas em aula-06-citacao; aqui o foco são atos gerais, processo eletrônico, tempo/lugar, cartas e cooperação."
cpc-lei-13105-capture-2026-09-28,Art. 274,aula-06.html,unused,"Art. 274 disciplina citação/intimação e comunicação, recortadas em aula-06-citacao; aqui o foco são atos gerais, processo eletrônico, tempo/lugar, cartas e cooperação."
cpc-lei-13105-capture-2026-09-28,Art. 275,aula-06.html,unused,"Art. 275 disciplina citação/intimação e comunicação, recortadas em aula-06-citacao; aqui o foco são atos gerais, processo eletrônico, tempo/lugar, cartas e cooperação."
cpc-lei-13105-capture-2026-09-28,Art. 276,aula-06.html,unused,"Art. 276 rege nulidades processuais; a aula limita-se à prática, forma, tempo/lugar e meio do ato e ao uso de cartas/cooperação."
cpc-lei-13105-capture-2026-09-28,Art. 277,aula-06.html,unused,"Art. 277 rege nulidades processuais; a aula limita-se à prática, forma, tempo/lugar e meio do ato e ao uso de cartas/cooperação."
cpc-lei-13105-capture-2026-09-28,Art. 278,aula-06.html,unused,"Art. 278 rege nulidades processuais; a aula limita-se à prática, forma, tempo/lugar e meio do ato e ao uso de cartas/cooperação."
cpc-lei-13105-capture-2026-09-28,Art. 279,aula-06.html,unused,"Art. 279 rege nulidades processuais; a aula limita-se à prática, forma, tempo/lugar e meio do ato e ao uso de cartas/cooperação."
cpc-lei-13105-capture-2026-09-28,Art. 280,aula-06.html,unused,"Art. 280 rege nulidades processuais; a aula limita-se à prática, forma, tempo/lugar e meio do ato e ao uso de cartas/cooperação."
cpc-lei-13105-capture-2026-09-28,Art. 281,aula-06.html,unused,"Art. 281 rege nulidades processuais; a aula limita-se à prática, forma, tempo/lugar e meio do ato e ao uso de cartas/cooperação."
cpc-lei-13105-capture-2026-09-28,Art. 282,aula-06.html,unused,"Art. 282 rege nulidades processuais; a aula limita-se à prática, forma, tempo/lugar e meio do ato e ao uso de cartas/cooperação."
cpc-lei-13105-capture-2026-09-28,Art. 283,aula-06.html,unused,"Art. 283 rege nulidades processuais; a aula limita-se à prática, forma, tempo/lugar e meio do ato e ao uso de cartas/cooperação."
cpc-lei-13105-capture-2026-09-28,Art. 284,aula-06.html,unused,"Art. 284 trata matéria fora dos artigos diretamente aplicáveis à forma, tempo/lugar, prática eletrônica, cartas e cooperação desta aula."
cpc-lei-13105-capture-2026-09-28,Art. 285,aula-06.html,unused,"Art. 285 trata matéria fora dos artigos diretamente aplicáveis à forma, tempo/lugar, prática eletrônica, cartas e cooperação desta aula."
cpc-lei-13105-capture-2026-09-28,Art. 287,aula-06.html,unused,"Art. 287 trata matéria fora dos artigos diretamente aplicáveis à forma, tempo/lugar, prática eletrônica, cartas e cooperação desta aula."
cpc-lei-13105-capture-2026-09-28,Art. 288,aula-06.html,unused,"Art. 288 trata matéria fora dos artigos diretamente aplicáveis à forma, tempo/lugar, prática eletrônica, cartas e cooperação desta aula."
cpc-lei-13105-capture-2026-09-28,Art. 289,aula-06.html,unused,"Art. 289 trata matéria fora dos artigos diretamente aplicáveis à forma, tempo/lugar, prática eletrônica, cartas e cooperação desta aula."
cpc-lei-13105-capture-2026-09-28,Art. 290,aula-06.html,unused,"Art. 290 trata matéria fora dos artigos diretamente aplicáveis à forma, tempo/lugar, prática eletrônica, cartas e cooperação desta aula."
cpc-lei-13105-capture-2026-09-28,Art. 291,aula-06.html,unused,"Art. 291 trata matéria fora dos artigos diretamente aplicáveis à forma, tempo/lugar, prática eletrônica, cartas e cooperação desta aula."
cpc-lei-13105-capture-2026-09-28,Art. 292,aula-06.html,unused,"Art. 292 trata matéria fora dos artigos diretamente aplicáveis à forma, tempo/lugar, prática eletrônica, cartas e cooperação desta aula."
cpc-lei-13105-capture-2026-09-28,Art. 293,aula-06.html,unused,"Art. 293 trata matéria fora dos artigos diretamente aplicáveis à forma, tempo/lugar, prática eletrônica, cartas e cooperação desta aula."
cpc-lei-13105-capture-2026-09-28,Art. 294,aula-06.html,unused,"Art. 294 trata matéria fora dos artigos diretamente aplicáveis à forma, tempo/lugar, prática eletrônica, cartas e cooperação desta aula."
cpc-lei-13105-capture-2026-09-28,Art. 295,aula-06.html,unused,"Art. 295 trata matéria fora dos artigos diretamente aplicáveis à forma, tempo/lugar, prática eletrônica, cartas e cooperação desta aula."
cpc-lei-13105-capture-2026-09-28,Art. 297,aula-06.html,unused,"Art. 297 trata matéria fora dos artigos diretamente aplicáveis à forma, tempo/lugar, prática eletrônica, cartas e cooperação desta aula."
cpc-lei-13105-capture-2026-09-28,Art. 298,aula-06.html,unused,"Art. 298 trata matéria fora dos artigos diretamente aplicáveis à forma, tempo/lugar, prática eletrônica, cartas e cooperação desta aula."
cpc-lei-13105-capture-2026-09-28,Art. 299,aula-06.html,unused,"Art. 299 trata matéria fora dos artigos diretamente aplicáveis à forma, tempo/lugar, prática eletrônica, cartas e cooperação desta aula."
cpc-lei-13105-capture-2026-09-28,Art. 300,aula-06.html,unused,"Art. 300 trata matéria fora dos artigos diretamente aplicáveis à forma, tempo/lugar, prática eletrônica, cartas e cooperação desta aula."
cpc-lei-13105-capture-2026-09-28,Art. 301,aula-06.html,unused,"Art. 301 trata matéria fora dos artigos diretamente aplicáveis à forma, tempo/lugar, prática eletrônica, cartas e cooperação desta aula."
cpc-lei-13105-capture-2026-09-28,Art. 302,aula-06.html,unused,"Art. 302 trata matéria fora dos artigos diretamente aplicáveis à forma, tempo/lugar, prática eletrônica, cartas e cooperação desta aula."
cpc-lei-13105-capture-2026-09-28,Art. 303,aula-06.html,unused,"Art. 303 trata matéria fora dos artigos diretamente aplicáveis à forma, tempo/lugar, prática eletrônica, cartas e cooperação desta aula."
cpc-lei-13105-capture-2026-09-28,Art. 304,aula-06.html,unused,"Art. 304 trata matéria fora dos artigos diretamente aplicáveis à forma, tempo/lugar, prática eletrônica, cartas e cooperação desta aula."
cpc-lei-13105-capture-2026-09-28,Art. 305,aula-06.html,unused,"Art. 305 trata matéria fora dos artigos diretamente aplicáveis à forma, tempo/lugar, prática eletrônica, cartas e cooperação desta aula."
cpc-lei-13105-capture-2026-09-28,Art. 306,aula-06.html,unused,"Art. 306 trata matéria fora dos artigos diretamente aplicáveis à forma, tempo/lugar, prática eletrônica, cartas e cooperação desta aula."
cpc-lei-13105-capture-2026-09-28,Art. 307,aula-06.html,unused,"Art. 307 trata matéria fora dos artigos diretamente aplicáveis à forma, tempo/lugar, prática eletrônica, cartas e cooperação desta aula."
cpc-lei-13105-capture-2026-09-28,Art. 308,aula-06.html,unused,"Art. 308 trata matéria fora dos artigos diretamente aplicáveis à forma, tempo/lugar, prática eletrônica, cartas e cooperação desta aula."
cpc-lei-13105-capture-2026-09-28,Art. 309,aula-06.html,unused,"Art. 309 trata matéria fora dos artigos diretamente aplicáveis à forma, tempo/lugar, prática eletrônica, cartas e cooperação desta aula."
cpc-lei-13105-capture-2026-09-28,Art. 310,aula-06.html,unused,"Art. 310 trata matéria fora dos artigos diretamente aplicáveis à forma, tempo/lugar, prática eletrônica, cartas e cooperação desta aula."
cpc-lei-13105-capture-2026-09-28,Art. 311,aula-06.html,unused,"Art. 311 trata matéria fora dos artigos diretamente aplicáveis à forma, tempo/lugar, prática eletrônica, cartas e cooperação desta aula."
cpc-lei-13105-capture-2026-09-28,Art. 312,aula-06.html,unused,"Art. 312 trata matéria fora dos artigos diretamente aplicáveis à forma, tempo/lugar, prática eletrônica, cartas e cooperação desta aula."
cpc-lei-13105-capture-2026-09-28,Art. 313,aula-06.html,unused,"Art. 313 trata matéria fora dos artigos diretamente aplicáveis à forma, tempo/lugar, prática eletrônica, cartas e cooperação desta aula."
cpc-lei-13105-capture-2026-09-28,Art. 314,aula-06.html,unused,"Art. 314 trata matéria fora dos artigos diretamente aplicáveis à forma, tempo/lugar, prática eletrônica, cartas e cooperação desta aula."
cpc-lei-13105-capture-2026-09-28,Art. 315,aula-06.html,unused,"Art. 315 trata matéria fora dos artigos diretamente aplicáveis à forma, tempo/lugar, prática eletrônica, cartas e cooperação desta aula."
cpc-lei-13105-capture-2026-09-28,Art. 316,aula-06.html,unused,"Art. 316 trata matéria fora dos artigos diretamente aplicáveis à forma, tempo/lugar, prática eletrônica, cartas e cooperação desta aula."
cpc-lei-13105-capture-2026-09-28,Art. 317,aula-06.html,unused,"Art. 317 trata matéria fora dos artigos diretamente aplicáveis à forma, tempo/lugar, prática eletrônica, cartas e cooperação desta aula."
cpc-lei-13105-capture-2026-09-28,Art. 318,aula-06.html,unused,"Art. 318 trata matéria fora dos artigos diretamente aplicáveis à forma, tempo/lugar, prática eletrônica, cartas e cooperação desta aula."
cpc-lei-13105-capture-2026-09-28,Art. 319,aula-06.html,unused,"Art. 319 trata matéria fora dos artigos diretamente aplicáveis à forma, tempo/lugar, prática eletrônica, cartas e cooperação desta aula."
cpc-lei-13105-capture-2026-09-28,Art. 320,aula-06.html,unused,"Art. 320 trata matéria fora dos artigos diretamente aplicáveis à forma, tempo/lugar, prática eletrônica, cartas e cooperação desta aula."
cpc-lei-13105-capture-2026-09-28,Art. 321,aula-06.html,unused,"Art. 321 trata matéria fora dos artigos diretamente aplicáveis à forma, tempo/lugar, prática eletrônica, cartas e cooperação desta aula."
cpc-lei-13105-capture-2026-09-28,Art. 322,aula-06.html,unused,"Art. 322 trata matéria fora dos artigos diretamente aplicáveis à forma, tempo/lugar, prática eletrônica, cartas e cooperação desta aula."
cpc-lei-13105-capture-2026-09-28,Art. 323,aula-06.html,unused,"Art. 323 trata matéria fora dos artigos diretamente aplicáveis à forma, tempo/lugar, prática eletrônica, cartas e cooperação desta aula."
cpc-lei-13105-capture-2026-09-28,Art. 324,aula-06.html,unused,"Art. 324 trata matéria fora dos artigos diretamente aplicáveis à forma, tempo/lugar, prática eletrônica, cartas e cooperação desta aula."
cpc-lei-13105-capture-2026-09-28,Art. 325,aula-06.html,unused,"Art. 325 trata matéria fora dos artigos diretamente aplicáveis à forma, tempo/lugar, prática eletrônica, cartas e cooperação desta aula."
cpc-lei-13105-capture-2026-09-28,Art. 326,aula-06.html,unused,"Art. 326 trata matéria fora dos artigos diretamente aplicáveis à forma, tempo/lugar, prática eletrônica, cartas e cooperação desta aula."
cpc-lei-13105-capture-2026-09-28,Art. 327,aula-06.html,unused,"Art. 327 trata matéria fora dos artigos diretamente aplicáveis à forma, tempo/lugar, prática eletrônica, cartas e cooperação desta aula."
cpc-lei-13105-capture-2026-09-28,Art. 328,aula-06.html,unused,"Art. 328 trata matéria fora dos artigos diretamente aplicáveis à forma, tempo/lugar, prática eletrônica, cartas e cooperação desta aula."
cpc-lei-13105-capture-2026-09-28,Art. 329,aula-06.html,unused,"Art. 329 trata matéria fora dos artigos diretamente aplicáveis à forma, tempo/lugar, prática eletrônica, cartas e cooperação desta aula."
cpc-lei-13105-capture-2026-09-28,Art. 330,aula-06.html,unused,"Art. 330 trata matéria fora dos artigos diretamente aplicáveis à forma, tempo/lugar, prática eletrônica, cartas e cooperação desta aula."
cpc-lei-13105-capture-2026-09-28,Art. 331,aula-06.html,unused,"Art. 331 trata matéria fora dos artigos diretamente aplicáveis à forma, tempo/lugar, prática eletrônica, cartas e cooperação desta aula."
cpc-lei-13105-capture-2026-09-28,Art. 332,aula-06.html,unused,"Art. 332 trata matéria fora dos artigos diretamente aplicáveis à forma, tempo/lugar, prática eletrônica, cartas e cooperação desta aula."
cpc-lei-13105-capture-2026-09-28,Art. 333,aula-06.html,unused,"Art. 333 trata matéria fora dos artigos diretamente aplicáveis à forma, tempo/lugar, prática eletrônica, cartas e cooperação desta aula."
cpc-lei-13105-capture-2026-09-28,Art. 334,aula-06.html,unused,"Art. 334 trata matéria fora dos artigos diretamente aplicáveis à forma, tempo/lugar, prática eletrônica, cartas e cooperação desta aula."
cpc-lei-13105-capture-2026-09-28,Art. 335,aula-06.html,unused,"Art. 335 trata matéria fora dos artigos diretamente aplicáveis à forma, tempo/lugar, prática eletrônica, cartas e cooperação desta aula."
cpc-lei-13105-capture-2026-09-28,Art. 336,aula-06.html,unused,"Art. 336 trata matéria fora dos artigos diretamente aplicáveis à forma, tempo/lugar, prática eletrônica, cartas e cooperação desta aula."
cpc-lei-13105-capture-2026-09-28,Art. 337,aula-06.html,unused,"Art. 337 trata matéria fora dos artigos diretamente aplicáveis à forma, tempo/lugar, prática eletrônica, cartas e cooperação desta aula."
cpc-lei-13105-capture-2026-09-28,Art. 338,aula-06.html,unused,"Art. 338 trata matéria fora dos artigos diretamente aplicáveis à forma, tempo/lugar, prática eletrônica, cartas e cooperação desta aula."
cpc-lei-13105-capture-2026-09-28,Art. 339,aula-06.html,unused,"Art. 339 trata matéria fora dos artigos diretamente aplicáveis à forma, tempo/lugar, prática eletrônica, cartas e cooperação desta aula."
cpc-lei-13105-capture-2026-09-28,Art. 340,aula-06.html,unused,"Art. 340 trata matéria fora dos artigos diretamente aplicáveis à forma, tempo/lugar, prática eletrônica, cartas e cooperação desta aula."
cpc-lei-13105-capture-2026-09-28,Art. 341,aula-06.html,unused,"Art. 341 trata matéria fora dos artigos diretamente aplicáveis à forma, tempo/lugar, prática eletrônica, cartas e cooperação desta aula."
cpc-lei-13105-capture-2026-09-28,Art. 342,aula-06.html,unused,"Art. 342 trata matéria fora dos artigos diretamente aplicáveis à forma, tempo/lugar, prática eletrônica, cartas e cooperação desta aula."
cpc-lei-13105-capture-2026-09-28,Art. 343,aula-06.html,unused,"Art. 343 trata matéria fora dos artigos diretamente aplicáveis à forma, tempo/lugar, prática eletrônica, cartas e cooperação desta aula."
cpc-lei-13105-capture-2026-09-28,Art. 344,aula-06.html,unused,"Art. 344 trata matéria fora dos artigos diretamente aplicáveis à forma, tempo/lugar, prática eletrônica, cartas e cooperação desta aula."
cpc-lei-13105-capture-2026-09-28,Art. 345,aula-06.html,unused,"Art. 345 trata matéria fora dos artigos diretamente aplicáveis à forma, tempo/lugar, prática eletrônica, cartas e cooperação desta aula."
cpc-lei-13105-capture-2026-09-28,Art. 346,aula-06.html,unused,"Art. 346 trata matéria fora dos artigos diretamente aplicáveis à forma, tempo/lugar, prática eletrônica, cartas e cooperação desta aula."
cpc-lei-13105-capture-2026-09-28,Art. 347,aula-06.html,unused,"Art. 347 trata matéria fora dos artigos diretamente aplicáveis à forma, tempo/lugar, prática eletrônica, cartas e cooperação desta aula."
cpc-lei-13105-capture-2026-09-28,Art. 348,aula-06.html,unused,"Art. 348 trata matéria fora dos artigos diretamente aplicáveis à forma, tempo/lugar, prática eletrônica, cartas e cooperação desta aula."
cpc-lei-13105-capture-2026-09-28,Art. 349,aula-06.html,unused,"Art. 349 trata matéria fora dos artigos diretamente aplicáveis à forma, tempo/lugar, prática eletrônica, cartas e cooperação desta aula."
cpc-lei-13105-capture-2026-09-28,Art. 350,aula-06.html,unused,"Art. 350 trata matéria fora dos artigos diretamente aplicáveis à forma, tempo/lugar, prática eletrônica, cartas e cooperação desta aula."
cpc-lei-13105-capture-2026-09-28,Art. 351,aula-06.html,unused,"Art. 351 trata matéria fora dos artigos diretamente aplicáveis à forma, tempo/lugar, prática eletrônica, cartas e cooperação desta aula."
cpc-lei-13105-capture-2026-09-28,Art. 352,aula-06.html,unused,"Art. 352 trata matéria fora dos artigos diretamente aplicáveis à forma, tempo/lugar, prática eletrônica, cartas e cooperação desta aula."
cpc-lei-13105-capture-2026-09-28,Art. 353,aula-06.html,unused,"Art. 353 trata matéria fora dos artigos diretamente aplicáveis à forma, tempo/lugar, prática eletrônica, cartas e cooperação desta aula."
cpc-lei-13105-capture-2026-09-28,Art. 354,aula-06.html,unused,"Art. 354 trata matéria fora dos artigos diretamente aplicáveis à forma, tempo/lugar, prática eletrônica, cartas e cooperação desta aula."
cpc-lei-13105-capture-2026-09-28,Art. 355,aula-06.html,unused,"Art. 355 trata matéria fora dos artigos diretamente aplicáveis à forma, tempo/lugar, prática eletrônica, cartas e cooperação desta aula."
cpc-lei-13105-capture-2026-09-28,Art. 356,aula-06.html,unused,"Art. 356 trata matéria fora dos artigos diretamente aplicáveis à forma, tempo/lugar, prática eletrônica, cartas e cooperação desta aula."
cpc-lei-13105-capture-2026-09-28,Art. 357,aula-06.html,unused,"Art. 357 trata matéria fora dos artigos diretamente aplicáveis à forma, tempo/lugar, prática eletrônica, cartas e cooperação desta aula."
cpc-lei-13105-capture-2026-09-28,Art. 358,aula-06.html,unused,"Art. 358 trata matéria fora dos artigos diretamente aplicáveis à forma, tempo/lugar, prática eletrônica, cartas e cooperação desta aula."
cpc-lei-13105-capture-2026-09-28,Art. 359,aula-06.html,unused,"Art. 359 trata matéria fora dos artigos diretamente aplicáveis à forma, tempo/lugar, prática eletrônica, cartas e cooperação desta aula."
cpc-lei-13105-capture-2026-09-28,Art. 360,aula-06.html,unused,"Art. 360 trata matéria fora dos artigos diretamente aplicáveis à forma, tempo/lugar, prática eletrônica, cartas e cooperação desta aula."
cpc-lei-13105-capture-2026-09-28,Art. 361,aula-06.html,unused,"Art. 361 trata matéria fora dos artigos diretamente aplicáveis à forma, tempo/lugar, prática eletrônica, cartas e cooperação desta aula."
cpc-lei-13105-capture-2026-09-28,Art. 362,aula-06.html,unused,"Art. 362 trata matéria fora dos artigos diretamente aplicáveis à forma, tempo/lugar, prática eletrônica, cartas e cooperação desta aula."
cpc-lei-13105-capture-2026-09-28,Art. 363,aula-06.html,unused,"Art. 363 trata matéria fora dos artigos diretamente aplicáveis à forma, tempo/lugar, prática eletrônica, cartas e cooperação desta aula."
cpc-lei-13105-capture-2026-09-28,Art. 364,aula-06.html,unused,"Art. 364 trata matéria fora dos artigos diretamente aplicáveis à forma, tempo/lugar, prática eletrônica, cartas e cooperação desta aula."
cpc-lei-13105-capture-2026-09-28,Art. 365,aula-06.html,unused,"Art. 365 trata matéria fora dos artigos diretamente aplicáveis à forma, tempo/lugar, prática eletrônica, cartas e cooperação desta aula."
cpc-lei-13105-capture-2026-09-28,Art. 366,aula-06.html,unused,"Art. 366 trata matéria fora dos artigos diretamente aplicáveis à forma, tempo/lugar, prática eletrônica, cartas e cooperação desta aula."
cpc-lei-13105-capture-2026-09-28,Art. 367,aula-06.html,unused,"Art. 367 trata matéria fora dos artigos diretamente aplicáveis à forma, tempo/lugar, prática eletrônica, cartas e cooperação desta aula."
cpc-lei-13105-capture-2026-09-28,Art. 368,aula-06.html,unused,"Art. 368 trata matéria fora dos artigos diretamente aplicáveis à forma, tempo/lugar, prática eletrônica, cartas e cooperação desta aula."
cpc-lei-13105-capture-2026-09-28,Art. 369,aula-06.html,unused,"Art. 369 trata matéria fora dos artigos diretamente aplicáveis à forma, tempo/lugar, prática eletrônica, cartas e cooperação desta aula."
cpc-lei-13105-capture-2026-09-28,Art. 370,aula-06.html,unused,"Art. 370 trata matéria fora dos artigos diretamente aplicáveis à forma, tempo/lugar, prática eletrônica, cartas e cooperação desta aula."
cpc-lei-13105-capture-2026-09-28,Art. 371,aula-06.html,unused,"Art. 371 trata matéria fora dos artigos diretamente aplicáveis à forma, tempo/lugar, prática eletrônica, cartas e cooperação desta aula."
cpc-lei-13105-capture-2026-09-28,Art. 372,aula-06.html,unused,"Art. 372 trata matéria fora dos artigos diretamente aplicáveis à forma, tempo/lugar, prática eletrônica, cartas e cooperação desta aula."
cpc-lei-13105-capture-2026-09-28,Art. 373,aula-06.html,unused,"Art. 373 trata matéria fora dos artigos diretamente aplicáveis à forma, tempo/lugar, prática eletrônica, cartas e cooperação desta aula."
cpc-lei-13105-capture-2026-09-28,Art. 374,aula-06.html,unused,"Art. 374 trata matéria fora dos artigos diretamente aplicáveis à forma, tempo/lugar, prática eletrônica, cartas e cooperação desta aula."
cpc-lei-13105-capture-2026-09-28,Art. 375,aula-06.html,unused,"Art. 375 trata matéria fora dos artigos diretamente aplicáveis à forma, tempo/lugar, prática eletrônica, cartas e cooperação desta aula."
cpc-lei-13105-capture-2026-09-28,Art. 376,aula-06.html,unused,"Art. 376 trata matéria fora dos artigos diretamente aplicáveis à forma, tempo/lugar, prática eletrônica, cartas e cooperação desta aula."
cpc-lei-13105-capture-2026-09-28,Art. 377,aula-06.html,unused,"Art. 377 trata matéria fora dos artigos diretamente aplicáveis à forma, tempo/lugar, prática eletrônica, cartas e cooperação desta aula."
cpc-lei-13105-capture-2026-09-28,Art. 378,aula-06.html,unused,"Art. 378 trata matéria fora dos artigos diretamente aplicáveis à forma, tempo/lugar, prática eletrônica, cartas e cooperação desta aula."
cpc-lei-13105-capture-2026-09-28,Art. 379,aula-06.html,unused,"Art. 379 trata matéria fora dos artigos diretamente aplicáveis à forma, tempo/lugar, prática eletrônica, cartas e cooperação desta aula."
cpc-lei-13105-capture-2026-09-28,Art. 380,aula-06.html,unused,"Art. 380 trata matéria fora dos artigos diretamente aplicáveis à forma, tempo/lugar, prática eletrônica, cartas e cooperação desta aula."
cpc-lei-13105-capture-2026-09-28,Art. 381,aula-06.html,unused,"Art. 381 trata matéria fora dos artigos diretamente aplicáveis à forma, tempo/lugar, prática eletrônica, cartas e cooperação desta aula."
cpc-lei-13105-capture-2026-09-28,Art. 382,aula-06.html,unused,"Art. 382 trata matéria fora dos artigos diretamente aplicáveis à forma, tempo/lugar, prática eletrônica, cartas e cooperação desta aula."
cpc-lei-13105-capture-2026-09-28,Art. 383,aula-06.html,unused,"Art. 383 trata matéria fora dos artigos diretamente aplicáveis à forma, tempo/lugar, prática eletrônica, cartas e cooperação desta aula."
cpc-lei-13105-capture-2026-09-28,Art. 384,aula-06.html,unused,"Art. 384 trata matéria fora dos artigos diretamente aplicáveis à forma, tempo/lugar, prática eletrônica, cartas e cooperação desta aula."
cpc-lei-13105-capture-2026-09-28,Art. 385,aula-06.html,unused,"Art. 385 trata matéria fora dos artigos diretamente aplicáveis à forma, tempo/lugar, prática eletrônica, cartas e cooperação desta aula."
cpc-lei-13105-capture-2026-09-28,Art. 386,aula-06.html,unused,"Art. 386 trata matéria fora dos artigos diretamente aplicáveis à forma, tempo/lugar, prática eletrônica, cartas e cooperação desta aula."
cpc-lei-13105-capture-2026-09-28,Art. 387,aula-06.html,unused,"Art. 387 trata matéria fora dos artigos diretamente aplicáveis à forma, tempo/lugar, prática eletrônica, cartas e cooperação desta aula."
cpc-lei-13105-capture-2026-09-28,Art. 388,aula-06.html,unused,"Art. 388 trata matéria fora dos artigos diretamente aplicáveis à forma, tempo/lugar, prática eletrônica, cartas e cooperação desta aula."
cpc-lei-13105-capture-2026-09-28,Art. 389,aula-06.html,unused,"Art. 389 trata matéria fora dos artigos diretamente aplicáveis à forma, tempo/lugar, prática eletrônica, cartas e cooperação desta aula."
cpc-lei-13105-capture-2026-09-28,Art. 390,aula-06.html,unused,"Art. 390 trata matéria fora dos artigos diretamente aplicáveis à forma, tempo/lugar, prática eletrônica, cartas e cooperação desta aula."
cpc-lei-13105-capture-2026-09-28,Art. 391,aula-06.html,unused,"Art. 391 trata matéria fora dos artigos diretamente aplicáveis à forma, tempo/lugar, prática eletrônica, cartas e cooperação desta aula."
cpc-lei-13105-capture-2026-09-28,Art. 392,aula-06.html,unused,"Art. 392 trata matéria fora dos artigos diretamente aplicáveis à forma, tempo/lugar, prática eletrônica, cartas e cooperação desta aula."
cpc-lei-13105-capture-2026-09-28,Art. 393,aula-06.html,unused,"Art. 393 trata matéria fora dos artigos diretamente aplicáveis à forma, tempo/lugar, prática eletrônica, cartas e cooperação desta aula."
cpc-lei-13105-capture-2026-09-28,Art. 394,aula-06.html,unused,"Art. 394 trata matéria fora dos artigos diretamente aplicáveis à forma, tempo/lugar, prática eletrônica, cartas e cooperação desta aula."
cpc-lei-13105-capture-2026-09-28,Art. 395,aula-06.html,unused,"Art. 395 trata matéria fora dos artigos diretamente aplicáveis à forma, tempo/lugar, prática eletrônica, cartas e cooperação desta aula."
cpc-lei-13105-capture-2026-09-28,Art. 396,aula-06.html,unused,"Art. 396 trata matéria fora dos artigos diretamente aplicáveis à forma, tempo/lugar, prática eletrônica, cartas e cooperação desta aula."
cpc-lei-13105-capture-2026-09-28,Art. 397,aula-06.html,unused,"Art. 397 trata matéria fora dos artigos diretamente aplicáveis à forma, tempo/lugar, prática eletrônica, cartas e cooperação desta aula."
cpc-lei-13105-capture-2026-09-28,Art. 398,aula-06.html,unused,"Art. 398 trata matéria fora dos artigos diretamente aplicáveis à forma, tempo/lugar, prática eletrônica, cartas e cooperação desta aula."
cpc-lei-13105-capture-2026-09-28,Art. 399,aula-06.html,unused,"Art. 399 trata matéria fora dos artigos diretamente aplicáveis à forma, tempo/lugar, prática eletrônica, cartas e cooperação desta aula."
cpc-lei-13105-capture-2026-09-28,Art. 400,aula-06.html,unused,"Art. 400 trata matéria fora dos artigos diretamente aplicáveis à forma, tempo/lugar, prática eletrônica, cartas e cooperação desta aula."
cpc-lei-13105-capture-2026-09-28,Art. 401,aula-06.html,unused,"Art. 401 trata matéria fora dos artigos diretamente aplicáveis à forma, tempo/lugar, prática eletrônica, cartas e cooperação desta aula."
cpc-lei-13105-capture-2026-09-28,Art. 402,aula-06.html,unused,"Art. 402 trata matéria fora dos artigos diretamente aplicáveis à forma, tempo/lugar, prática eletrônica, cartas e cooperação desta aula."
cpc-lei-13105-capture-2026-09-28,Art. 403,aula-06.html,unused,"Art. 403 trata matéria fora dos artigos diretamente aplicáveis à forma, tempo/lugar, prática eletrônica, cartas e cooperação desta aula."
cpc-lei-13105-capture-2026-09-28,Art. 404,aula-06.html,unused,"Art. 404 trata matéria fora dos artigos diretamente aplicáveis à forma, tempo/lugar, prática eletrônica, cartas e cooperação desta aula."
cpc-lei-13105-capture-2026-09-28,Art. 405,aula-06.html,unused,"Art. 405 trata matéria fora dos artigos diretamente aplicáveis à forma, tempo/lugar, prática eletrônica, cartas e cooperação desta aula."
cpc-lei-13105-capture-2026-09-28,Art. 406,aula-06.html,unused,"Art. 406 trata matéria fora dos artigos diretamente aplicáveis à forma, tempo/lugar, prática eletrônica, cartas e cooperação desta aula."
cpc-lei-13105-capture-2026-09-28,Art. 407,aula-06.html,unused,"Art. 407 trata matéria fora dos artigos diretamente aplicáveis à forma, tempo/lugar, prática eletrônica, cartas e cooperação desta aula."
cpc-lei-13105-capture-2026-09-28,Art. 408,aula-06.html,unused,"Art. 408 trata matéria fora dos artigos diretamente aplicáveis à forma, tempo/lugar, prática eletrônica, cartas e cooperação desta aula."
cpc-lei-13105-capture-2026-09-28,Art. 409,aula-06.html,unused,"Art. 409 trata matéria fora dos artigos diretamente aplicáveis à forma, tempo/lugar, prática eletrônica, cartas e cooperação desta aula."
cpc-lei-13105-capture-2026-09-28,Art. 410,aula-06.html,unused,"Art. 410 trata matéria fora dos artigos diretamente aplicáveis à forma, tempo/lugar, prática eletrônica, cartas e cooperação desta aula."
cpc-lei-13105-capture-2026-09-28,Art. 411,aula-06.html,unused,"Art. 411 trata matéria fora dos artigos diretamente aplicáveis à forma, tempo/lugar, prática eletrônica, cartas e cooperação desta aula."
cpc-lei-13105-capture-2026-09-28,Art. 412,aula-06.html,unused,"Art. 412 trata matéria fora dos artigos diretamente aplicáveis à forma, tempo/lugar, prática eletrônica, cartas e cooperação desta aula."
cpc-lei-13105-capture-2026-09-28,Art. 413,aula-06.html,unused,"Art. 413 trata matéria fora dos artigos diretamente aplicáveis à forma, tempo/lugar, prática eletrônica, cartas e cooperação desta aula."
cpc-lei-13105-capture-2026-09-28,Art. 414,aula-06.html,unused,"Art. 414 trata matéria fora dos artigos diretamente aplicáveis à forma, tempo/lugar, prática eletrônica, cartas e cooperação desta aula."
cpc-lei-13105-capture-2026-09-28,Art. 415,aula-06.html,unused,"Art. 415 trata matéria fora dos artigos diretamente aplicáveis à forma, tempo/lugar, prática eletrônica, cartas e cooperação desta aula."
cpc-lei-13105-capture-2026-09-28,Art. 416,aula-06.html,unused,"Art. 416 trata matéria fora dos artigos diretamente aplicáveis à forma, tempo/lugar, prática eletrônica, cartas e cooperação desta aula."
cpc-lei-13105-capture-2026-09-28,Art. 417,aula-06.html,unused,"Art. 417 trata matéria fora dos artigos diretamente aplicáveis à forma, tempo/lugar, prática eletrônica, cartas e cooperação desta aula."
cpc-lei-13105-capture-2026-09-28,Art. 418,aula-06.html,unused,"Art. 418 trata matéria fora dos artigos diretamente aplicáveis à forma, tempo/lugar, prática eletrônica, cartas e cooperação desta aula."
cpc-lei-13105-capture-2026-09-28,Art. 419,aula-06.html,unused,"Art. 419 trata matéria fora dos artigos diretamente aplicáveis à forma, tempo/lugar, prática eletrônica, cartas e cooperação desta aula."
cpc-lei-13105-capture-2026-09-28,Art. 420,aula-06.html,unused,"Art. 420 trata matéria fora dos artigos diretamente aplicáveis à forma, tempo/lugar, prática eletrônica, cartas e cooperação desta aula."
cpc-lei-13105-capture-2026-09-28,Art. 421,aula-06.html,unused,"Art. 421 trata matéria fora dos artigos diretamente aplicáveis à forma, tempo/lugar, prática eletrônica, cartas e cooperação desta aula."
cpc-lei-13105-capture-2026-09-28,Art. 422,aula-06.html,unused,"Art. 422 trata matéria fora dos artigos diretamente aplicáveis à forma, tempo/lugar, prática eletrônica, cartas e cooperação desta aula."
cpc-lei-13105-capture-2026-09-28,Art. 423,aula-06.html,unused,"Art. 423 trata matéria fora dos artigos diretamente aplicáveis à forma, tempo/lugar, prática eletrônica, cartas e cooperação desta aula."
cpc-lei-13105-capture-2026-09-28,Art. 424,aula-06.html,unused,"Art. 424 trata matéria fora dos artigos diretamente aplicáveis à forma, tempo/lugar, prática eletrônica, cartas e cooperação desta aula."
cpc-lei-13105-capture-2026-09-28,Art. 425,aula-06.html,unused,"Art. 425 trata matéria fora dos artigos diretamente aplicáveis à forma, tempo/lugar, prática eletrônica, cartas e cooperação desta aula."
cpc-lei-13105-capture-2026-09-28,Art. 426,aula-06.html,unused,"Art. 426 trata matéria fora dos artigos diretamente aplicáveis à forma, tempo/lugar, prática eletrônica, cartas e cooperação desta aula."
cpc-lei-13105-capture-2026-09-28,Art. 427,aula-06.html,unused,"Art. 427 trata matéria fora dos artigos diretamente aplicáveis à forma, tempo/lugar, prática eletrônica, cartas e cooperação desta aula."
cpc-lei-13105-capture-2026-09-28,Art. 428,aula-06.html,unused,"Art. 428 trata matéria fora dos artigos diretamente aplicáveis à forma, tempo/lugar, prática eletrônica, cartas e cooperação desta aula."
cpc-lei-13105-capture-2026-09-28,Art. 429,aula-06.html,unused,"Art. 429 trata matéria fora dos artigos diretamente aplicáveis à forma, tempo/lugar, prática eletrônica, cartas e cooperação desta aula."
cpc-lei-13105-capture-2026-09-28,Art. 430,aula-06.html,unused,"Art. 430 trata matéria fora dos artigos diretamente aplicáveis à forma, tempo/lugar, prática eletrônica, cartas e cooperação desta aula."
cpc-lei-13105-capture-2026-09-28,Art. 431,aula-06.html,unused,"Art. 431 trata matéria fora dos artigos diretamente aplicáveis à forma, tempo/lugar, prática eletrônica, cartas e cooperação desta aula."
cpc-lei-13105-capture-2026-09-28,Art. 432,aula-06.html,unused,"Art. 432 trata matéria fora dos artigos diretamente aplicáveis à forma, tempo/lugar, prática eletrônica, cartas e cooperação desta aula."
cpc-lei-13105-capture-2026-09-28,Art. 433,aula-06.html,unused,"Art. 433 trata matéria fora dos artigos diretamente aplicáveis à forma, tempo/lugar, prática eletrônica, cartas e cooperação desta aula."
cpc-lei-13105-capture-2026-09-28,Art. 434,aula-06.html,unused,"Art. 434 trata matéria fora dos artigos diretamente aplicáveis à forma, tempo/lugar, prática eletrônica, cartas e cooperação desta aula."
cpc-lei-13105-capture-2026-09-28,Art. 435,aula-06.html,unused,"Art. 435 trata matéria fora dos artigos diretamente aplicáveis à forma, tempo/lugar, prática eletrônica, cartas e cooperação desta aula."
cpc-lei-13105-capture-2026-09-28,Art. 436,aula-06.html,unused,"Art. 436 trata matéria fora dos artigos diretamente aplicáveis à forma, tempo/lugar, prática eletrônica, cartas e cooperação desta aula."
cpc-lei-13105-capture-2026-09-28,Art. 437,aula-06.html,unused,"Art. 437 trata matéria fora dos artigos diretamente aplicáveis à forma, tempo/lugar, prática eletrônica, cartas e cooperação desta aula."
cpc-lei-13105-capture-2026-09-28,Art. 438,aula-06.html,unused,"Art. 438 trata matéria fora dos artigos diretamente aplicáveis à forma, tempo/lugar, prática eletrônica, cartas e cooperação desta aula."
cpc-lei-13105-capture-2026-09-28,Art. 439,aula-06.html,unused,"Art. 439 trata matéria fora dos artigos diretamente aplicáveis à forma, tempo/lugar, prática eletrônica, cartas e cooperação desta aula."
cpc-lei-13105-capture-2026-09-28,Art. 440,aula-06.html,unused,"Art. 440 trata matéria fora dos artigos diretamente aplicáveis à forma, tempo/lugar, prática eletrônica, cartas e cooperação desta aula."
cpc-lei-13105-capture-2026-09-28,Art. 441,aula-06.html,unused,"Art. 441 trata matéria fora dos artigos diretamente aplicáveis à forma, tempo/lugar, prática eletrônica, cartas e cooperação desta aula."
cpc-lei-13105-capture-2026-09-28,Art. 442,aula-06.html,unused,"Art. 442 trata matéria fora dos artigos diretamente aplicáveis à forma, tempo/lugar, prática eletrônica, cartas e cooperação desta aula."
cpc-lei-13105-capture-2026-09-28,Art. 443,aula-06.html,unused,"Art. 443 trata matéria fora dos artigos diretamente aplicáveis à forma, tempo/lugar, prática eletrônica, cartas e cooperação desta aula."
cpc-lei-13105-capture-2026-09-28,Art. 444,aula-06.html,unused,"Art. 444 trata matéria fora dos artigos diretamente aplicáveis à forma, tempo/lugar, prática eletrônica, cartas e cooperação desta aula."
cpc-lei-13105-capture-2026-09-28,Art. 445,aula-06.html,unused,"Art. 445 trata matéria fora dos artigos diretamente aplicáveis à forma, tempo/lugar, prática eletrônica, cartas e cooperação desta aula."
cpc-lei-13105-capture-2026-09-28,Art. 446,aula-06.html,unused,"Art. 446 trata matéria fora dos artigos diretamente aplicáveis à forma, tempo/lugar, prática eletrônica, cartas e cooperação desta aula."
cpc-lei-13105-capture-2026-09-28,Art. 447,aula-06.html,unused,"Art. 447 trata matéria fora dos artigos diretamente aplicáveis à forma, tempo/lugar, prática eletrônica, cartas e cooperação desta aula."
cpc-lei-13105-capture-2026-09-28,Art. 448,aula-06.html,unused,"Art. 448 trata matéria fora dos artigos diretamente aplicáveis à forma, tempo/lugar, prática eletrônica, cartas e cooperação desta aula."
cpc-lei-13105-capture-2026-09-28,Art. 449,aula-06.html,unused,"Art. 449 trata matéria fora dos artigos diretamente aplicáveis à forma, tempo/lugar, prática eletrônica, cartas e cooperação desta aula."
cpc-lei-13105-capture-2026-09-28,Art. 450,aula-06.html,unused,"Art. 450 trata matéria fora dos artigos diretamente aplicáveis à forma, tempo/lugar, prática eletrônica, cartas e cooperação desta aula."
cpc-lei-13105-capture-2026-09-28,Art. 451,aula-06.html,unused,"Art. 451 trata matéria fora dos artigos diretamente aplicáveis à forma, tempo/lugar, prática eletrônica, cartas e cooperação desta aula."
cpc-lei-13105-capture-2026-09-28,Art. 452,aula-06.html,unused,"Art. 452 trata matéria fora dos artigos diretamente aplicáveis à forma, tempo/lugar, prática eletrônica, cartas e cooperação desta aula."
cpc-lei-13105-capture-2026-09-28,Art. 453,aula-06.html,unused,"Art. 453 trata matéria fora dos artigos diretamente aplicáveis à forma, tempo/lugar, prática eletrônica, cartas e cooperação desta aula."
cpc-lei-13105-capture-2026-09-28,Art. 454,aula-06.html,unused,"Art. 454 trata matéria fora dos artigos diretamente aplicáveis à forma, tempo/lugar, prática eletrônica, cartas e cooperação desta aula."
cpc-lei-13105-capture-2026-09-28,Art. 455,aula-06.html,unused,"Art. 455 trata matéria fora dos artigos diretamente aplicáveis à forma, tempo/lugar, prática eletrônica, cartas e cooperação desta aula."
cpc-lei-13105-capture-2026-09-28,Art. 456,aula-06.html,unused,"Art. 456 trata matéria fora dos artigos diretamente aplicáveis à forma, tempo/lugar, prática eletrônica, cartas e cooperação desta aula."
cpc-lei-13105-capture-2026-09-28,Art. 457,aula-06.html,unused,"Art. 457 trata matéria fora dos artigos diretamente aplicáveis à forma, tempo/lugar, prática eletrônica, cartas e cooperação desta aula."
cpc-lei-13105-capture-2026-09-28,Art. 458,aula-06.html,unused,"Art. 458 trata matéria fora dos artigos diretamente aplicáveis à forma, tempo/lugar, prática eletrônica, cartas e cooperação desta aula."
cpc-lei-13105-capture-2026-09-28,Art. 459,aula-06.html,unused,"Art. 459 trata matéria fora dos artigos diretamente aplicáveis à forma, tempo/lugar, prática eletrônica, cartas e cooperação desta aula."
cpc-lei-13105-capture-2026-09-28,Art. 460,aula-06.html,unused,"Art. 460 trata matéria fora dos artigos diretamente aplicáveis à forma, tempo/lugar, prática eletrônica, cartas e cooperação desta aula."
cpc-lei-13105-capture-2026-09-28,Art. 461,aula-06.html,unused,"Art. 461 trata matéria fora dos artigos diretamente aplicáveis à forma, tempo/lugar, prática eletrônica, cartas e cooperação desta aula."
cpc-lei-13105-capture-2026-09-28,Art. 462,aula-06.html,unused,"Art. 462 trata matéria fora dos artigos diretamente aplicáveis à forma, tempo/lugar, prática eletrônica, cartas e cooperação desta aula."
cpc-lei-13105-capture-2026-09-28,Art. 463,aula-06.html,unused,"Art. 463 trata matéria fora dos artigos diretamente aplicáveis à forma, tempo/lugar, prática eletrônica, cartas e cooperação desta aula."
cpc-lei-13105-capture-2026-09-28,Art. 464,aula-06.html,unused,"Art. 464 trata matéria fora dos artigos diretamente aplicáveis à forma, tempo/lugar, prática eletrônica, cartas e cooperação desta aula."
cpc-lei-13105-capture-2026-09-28,Art. 465,aula-06.html,unused,"Art. 465 trata matéria fora dos artigos diretamente aplicáveis à forma, tempo/lugar, prática eletrônica, cartas e cooperação desta aula."
cpc-lei-13105-capture-2026-09-28,Art. 466,aula-06.html,unused,"Art. 466 trata matéria fora dos artigos diretamente aplicáveis à forma, tempo/lugar, prática eletrônica, cartas e cooperação desta aula."
cpc-lei-13105-capture-2026-09-28,Art. 467,aula-06.html,unused,"Art. 467 trata matéria fora dos artigos diretamente aplicáveis à forma, tempo/lugar, prática eletrônica, cartas e cooperação desta aula."
cpc-lei-13105-capture-2026-09-28,Art. 468,aula-06.html,unused,"Art. 468 trata matéria fora dos artigos diretamente aplicáveis à forma, tempo/lugar, prática eletrônica, cartas e cooperação desta aula."
cpc-lei-13105-capture-2026-09-28,Art. 469,aula-06.html,unused,"Art. 469 trata matéria fora dos artigos diretamente aplicáveis à forma, tempo/lugar, prática eletrônica, cartas e cooperação desta aula."
cpc-lei-13105-capture-2026-09-28,Art. 470,aula-06.html,unused,"Art. 470 trata matéria fora dos artigos diretamente aplicáveis à forma, tempo/lugar, prática eletrônica, cartas e cooperação desta aula."
cpc-lei-13105-capture-2026-09-28,Art. 471,aula-06.html,unused,"Art. 471 trata matéria fora dos artigos diretamente aplicáveis à forma, tempo/lugar, prática eletrônica, cartas e cooperação desta aula."
cpc-lei-13105-capture-2026-09-28,Art. 472,aula-06.html,unused,"Art. 472 trata matéria fora dos artigos diretamente aplicáveis à forma, tempo/lugar, prática eletrônica, cartas e cooperação desta aula."
cpc-lei-13105-capture-2026-09-28,Art. 473,aula-06.html,unused,"Art. 473 trata matéria fora dos artigos diretamente aplicáveis à forma, tempo/lugar, prática eletrônica, cartas e cooperação desta aula."
cpc-lei-13105-capture-2026-09-28,Art. 474,aula-06.html,unused,"Art. 474 trata matéria fora dos artigos diretamente aplicáveis à forma, tempo/lugar, prática eletrônica, cartas e cooperação desta aula."
cpc-lei-13105-capture-2026-09-28,Art. 475,aula-06.html,unused,"Art. 475 trata matéria fora dos artigos diretamente aplicáveis à forma, tempo/lugar, prática eletrônica, cartas e cooperação desta aula."
cpc-lei-13105-capture-2026-09-28,Art. 476,aula-06.html,unused,"Art. 476 trata matéria fora dos artigos diretamente aplicáveis à forma, tempo/lugar, prática eletrônica, cartas e cooperação desta aula."
cpc-lei-13105-capture-2026-09-28,Art. 478,aula-06.html,unused,"Art. 478 trata matéria fora dos artigos diretamente aplicáveis à forma, tempo/lugar, prática eletrônica, cartas e cooperação desta aula."
cpc-lei-13105-capture-2026-09-28,Art. 479,aula-06.html,unused,"Art. 479 trata matéria fora dos artigos diretamente aplicáveis à forma, tempo/lugar, prática eletrônica, cartas e cooperação desta aula."
cpc-lei-13105-capture-2026-09-28,Art. 480,aula-06.html,unused,"Art. 480 trata matéria fora dos artigos diretamente aplicáveis à forma, tempo/lugar, prática eletrônica, cartas e cooperação desta aula."
cpc-lei-13105-capture-2026-09-28,Art. 481,aula-06.html,unused,"Art. 481 trata matéria fora dos artigos diretamente aplicáveis à forma, tempo/lugar, prática eletrônica, cartas e cooperação desta aula."
cpc-lei-13105-capture-2026-09-28,Art. 482,aula-06.html,unused,"Art. 482 trata matéria fora dos artigos diretamente aplicáveis à forma, tempo/lugar, prática eletrônica, cartas e cooperação desta aula."
cpc-lei-13105-capture-2026-09-28,Art. 483,aula-06.html,unused,"Art. 483 trata matéria fora dos artigos diretamente aplicáveis à forma, tempo/lugar, prática eletrônica, cartas e cooperação desta aula."
cpc-lei-13105-capture-2026-09-28,Art. 484,aula-06.html,unused,"Art. 484 trata matéria fora dos artigos diretamente aplicáveis à forma, tempo/lugar, prática eletrônica, cartas e cooperação desta aula."
cpc-lei-13105-capture-2026-09-28,Art. 485,aula-06.html,unused,"Art. 485 trata matéria fora dos artigos diretamente aplicáveis à forma, tempo/lugar, prática eletrônica, cartas e cooperação desta aula."
cpc-lei-13105-capture-2026-09-28,Art. 486,aula-06.html,unused,"Art. 486 trata matéria fora dos artigos diretamente aplicáveis à forma, tempo/lugar, prática eletrônica, cartas e cooperação desta aula."
cpc-lei-13105-capture-2026-09-28,Art. 487,aula-06.html,unused,"Art. 487 trata matéria fora dos artigos diretamente aplicáveis à forma, tempo/lugar, prática eletrônica, cartas e cooperação desta aula."
cpc-lei-13105-capture-2026-09-28,Art. 488,aula-06.html,unused,"Art. 488 trata matéria fora dos artigos diretamente aplicáveis à forma, tempo/lugar, prática eletrônica, cartas e cooperação desta aula."
cpc-lei-13105-capture-2026-09-28,Art. 489,aula-06.html,unused,"Art. 489 trata matéria fora dos artigos diretamente aplicáveis à forma, tempo/lugar, prática eletrônica, cartas e cooperação desta aula."
cpc-lei-13105-capture-2026-09-28,Art. 490,aula-06.html,unused,"Art. 490 trata matéria fora dos artigos diretamente aplicáveis à forma, tempo/lugar, prática eletrônica, cartas e cooperação desta aula."
cpc-lei-13105-capture-2026-09-28,Art. 491,aula-06.html,unused,"Art. 491 trata matéria fora dos artigos diretamente aplicáveis à forma, tempo/lugar, prática eletrônica, cartas e cooperação desta aula."
cpc-lei-13105-capture-2026-09-28,Art. 492,aula-06.html,unused,"Art. 492 trata matéria fora dos artigos diretamente aplicáveis à forma, tempo/lugar, prática eletrônica, cartas e cooperação desta aula."
cpc-lei-13105-capture-2026-09-28,Art. 493,aula-06.html,unused,"Art. 493 trata matéria fora dos artigos diretamente aplicáveis à forma, tempo/lugar, prática eletrônica, cartas e cooperação desta aula."
cpc-lei-13105-capture-2026-09-28,Art. 494,aula-06.html,unused,"Art. 494 trata matéria fora dos artigos diretamente aplicáveis à forma, tempo/lugar, prática eletrônica, cartas e cooperação desta aula."
cpc-lei-13105-capture-2026-09-28,Art. 495,aula-06.html,unused,"Art. 495 trata matéria fora dos artigos diretamente aplicáveis à forma, tempo/lugar, prática eletrônica, cartas e cooperação desta aula."
cpc-lei-13105-capture-2026-09-28,Art. 496,aula-06.html,unused,"Art. 496 trata matéria fora dos artigos diretamente aplicáveis à forma, tempo/lugar, prática eletrônica, cartas e cooperação desta aula."
cpc-lei-13105-capture-2026-09-28,Art. 497,aula-06.html,unused,"Art. 497 trata matéria fora dos artigos diretamente aplicáveis à forma, tempo/lugar, prática eletrônica, cartas e cooperação desta aula."
cpc-lei-13105-capture-2026-09-28,Art. 498,aula-06.html,unused,"Art. 498 trata matéria fora dos artigos diretamente aplicáveis à forma, tempo/lugar, prática eletrônica, cartas e cooperação desta aula."
cpc-lei-13105-capture-2026-09-28,Art. 499,aula-06.html,unused,"Art. 499 trata matéria fora dos artigos diretamente aplicáveis à forma, tempo/lugar, prática eletrônica, cartas e cooperação desta aula."
cpc-lei-13105-capture-2026-09-28,Art. 500,aula-06.html,unused,"Art. 500 trata matéria fora dos artigos diretamente aplicáveis à forma, tempo/lugar, prática eletrônica, cartas e cooperação desta aula."
cpc-lei-13105-capture-2026-09-28,Art. 501,aula-06.html,unused,"Art. 501 trata matéria fora dos artigos diretamente aplicáveis à forma, tempo/lugar, prática eletrônica, cartas e cooperação desta aula."
cpc-lei-13105-capture-2026-09-28,Art. 502,aula-06.html,unused,"Art. 502 trata matéria fora dos artigos diretamente aplicáveis à forma, tempo/lugar, prática eletrônica, cartas e cooperação desta aula."
cpc-lei-13105-capture-2026-09-28,Art. 503,aula-06.html,unused,"Art. 503 trata matéria fora dos artigos diretamente aplicáveis à forma, tempo/lugar, prática eletrônica, cartas e cooperação desta aula."
cpc-lei-13105-capture-2026-09-28,Art. 504,aula-06.html,unused,"Art. 504 trata matéria fora dos artigos diretamente aplicáveis à forma, tempo/lugar, prática eletrônica, cartas e cooperação desta aula."
cpc-lei-13105-capture-2026-09-28,Art. 506,aula-06.html,unused,"Art. 506 trata matéria fora dos artigos diretamente aplicáveis à forma, tempo/lugar, prática eletrônica, cartas e cooperação desta aula."
cpc-lei-13105-capture-2026-09-28,Art. 507,aula-06.html,unused,"Art. 507 trata matéria fora dos artigos diretamente aplicáveis à forma, tempo/lugar, prática eletrônica, cartas e cooperação desta aula."
cpc-lei-13105-capture-2026-09-28,Art. 508,aula-06.html,unused,"Art. 508 trata matéria fora dos artigos diretamente aplicáveis à forma, tempo/lugar, prática eletrônica, cartas e cooperação desta aula."
cpc-lei-13105-capture-2026-09-28,Art. 509,aula-06.html,unused,"Art. 509 trata matéria fora dos artigos diretamente aplicáveis à forma, tempo/lugar, prática eletrônica, cartas e cooperação desta aula."
cpc-lei-13105-capture-2026-09-28,Art. 510,aula-06.html,unused,"Art. 510 trata matéria fora dos artigos diretamente aplicáveis à forma, tempo/lugar, prática eletrônica, cartas e cooperação desta aula."
cpc-lei-13105-capture-2026-09-28,Art. 511,aula-06.html,unused,"Art. 511 trata matéria fora dos artigos diretamente aplicáveis à forma, tempo/lugar, prática eletrônica, cartas e cooperação desta aula."
cpc-lei-13105-capture-2026-09-28,Art. 513,aula-06.html,unused,"Art. 513 trata matéria fora dos artigos diretamente aplicáveis à forma, tempo/lugar, prática eletrônica, cartas e cooperação desta aula."
cpc-lei-13105-capture-2026-09-28,Art. 514,aula-06.html,unused,"Art. 514 trata matéria fora dos artigos diretamente aplicáveis à forma, tempo/lugar, prática eletrônica, cartas e cooperação desta aula."
cpc-lei-13105-capture-2026-09-28,Art. 515,aula-06.html,unused,"Art. 515 trata matéria fora dos artigos diretamente aplicáveis à forma, tempo/lugar, prática eletrônica, cartas e cooperação desta aula."
cpc-lei-13105-capture-2026-09-28,Art. 516,aula-06.html,unused,"Art. 516 trata matéria fora dos artigos diretamente aplicáveis à forma, tempo/lugar, prática eletrônica, cartas e cooperação desta aula."
cpc-lei-13105-capture-2026-09-28,Art. 517,aula-06.html,unused,"Art. 517 trata matéria fora dos artigos diretamente aplicáveis à forma, tempo/lugar, prática eletrônica, cartas e cooperação desta aula."
cpc-lei-13105-capture-2026-09-28,Art. 518,aula-06.html,unused,"Art. 518 trata matéria fora dos artigos diretamente aplicáveis à forma, tempo/lugar, prática eletrônica, cartas e cooperação desta aula."
cpc-lei-13105-capture-2026-09-28,Art. 519,aula-06.html,unused,"Art. 519 trata matéria fora dos artigos diretamente aplicáveis à forma, tempo/lugar, prática eletrônica, cartas e cooperação desta aula."
cpc-lei-13105-capture-2026-09-28,Art. 520,aula-06.html,unused,"Art. 520 trata matéria fora dos artigos diretamente aplicáveis à forma, tempo/lugar, prática eletrônica, cartas e cooperação desta aula."
cpc-lei-13105-capture-2026-09-28,Art. 521,aula-06.html,unused,"Art. 521 trata matéria fora dos artigos diretamente aplicáveis à forma, tempo/lugar, prática eletrônica, cartas e cooperação desta aula."
cpc-lei-13105-capture-2026-09-28,Art. 522,aula-06.html,unused,"Art. 522 trata matéria fora dos artigos diretamente aplicáveis à forma, tempo/lugar, prática eletrônica, cartas e cooperação desta aula."
cpc-lei-13105-capture-2026-09-28,Art. 523,aula-06.html,unused,"Art. 523 trata matéria fora dos artigos diretamente aplicáveis à forma, tempo/lugar, prática eletrônica, cartas e cooperação desta aula."
cpc-lei-13105-capture-2026-09-28,Art. 524,aula-06.html,unused,"Art. 524 trata matéria fora dos artigos diretamente aplicáveis à forma, tempo/lugar, prática eletrônica, cartas e cooperação desta aula."
cpc-lei-13105-capture-2026-09-28,Art. 525,aula-06.html,unused,"Art. 525 trata matéria fora dos artigos diretamente aplicáveis à forma, tempo/lugar, prática eletrônica, cartas e cooperação desta aula."
cpc-lei-13105-capture-2026-09-28,Art. 526,aula-06.html,unused,"Art. 526 trata matéria fora dos artigos diretamente aplicáveis à forma, tempo/lugar, prática eletrônica, cartas e cooperação desta aula."
cpc-lei-13105-capture-2026-09-28,Art. 527,aula-06.html,unused,"Art. 527 trata matéria fora dos artigos diretamente aplicáveis à forma, tempo/lugar, prática eletrônica, cartas e cooperação desta aula."
cpc-lei-13105-capture-2026-09-28,Art. 528,aula-06.html,unused,"Art. 528 trata matéria fora dos artigos diretamente aplicáveis à forma, tempo/lugar, prática eletrônica, cartas e cooperação desta aula."
cpc-lei-13105-capture-2026-09-28,Art. 529,aula-06.html,unused,"Art. 529 trata matéria fora dos artigos diretamente aplicáveis à forma, tempo/lugar, prática eletrônica, cartas e cooperação desta aula."
cpc-lei-13105-capture-2026-09-28,Art. 530,aula-06.html,unused,"Art. 530 trata matéria fora dos artigos diretamente aplicáveis à forma, tempo/lugar, prática eletrônica, cartas e cooperação desta aula."
cpc-lei-13105-capture-2026-09-28,Art. 531,aula-06.html,unused,"Art. 531 trata matéria fora dos artigos diretamente aplicáveis à forma, tempo/lugar, prática eletrônica, cartas e cooperação desta aula."
cpc-lei-13105-capture-2026-09-28,Art. 532,aula-06.html,unused,"Art. 532 trata matéria fora dos artigos diretamente aplicáveis à forma, tempo/lugar, prática eletrônica, cartas e cooperação desta aula."
cpc-lei-13105-capture-2026-09-28,Art. 533,aula-06.html,unused,"Art. 533 trata matéria fora dos artigos diretamente aplicáveis à forma, tempo/lugar, prática eletrônica, cartas e cooperação desta aula."
cpc-lei-13105-capture-2026-09-28,Art. 534,aula-06.html,unused,"Art. 534 trata matéria fora dos artigos diretamente aplicáveis à forma, tempo/lugar, prática eletrônica, cartas e cooperação desta aula."
cpc-lei-13105-capture-2026-09-28,Art. 535,aula-06.html,unused,"Art. 535 trata matéria fora dos artigos diretamente aplicáveis à forma, tempo/lugar, prática eletrônica, cartas e cooperação desta aula."
cpc-lei-13105-capture-2026-09-28,Art. 536,aula-06.html,unused,"Art. 536 trata matéria fora dos artigos diretamente aplicáveis à forma, tempo/lugar, prática eletrônica, cartas e cooperação desta aula."
cpc-lei-13105-capture-2026-09-28,Art. 537,aula-06.html,unused,"Art. 537 trata matéria fora dos artigos diretamente aplicáveis à forma, tempo/lugar, prática eletrônica, cartas e cooperação desta aula."
cpc-lei-13105-capture-2026-09-28,Art. 538,aula-06.html,unused,"Art. 538 trata matéria fora dos artigos diretamente aplicáveis à forma, tempo/lugar, prática eletrônica, cartas e cooperação desta aula."
cpc-lei-13105-capture-2026-09-28,Art. 539,aula-06.html,unused,"Art. 539 trata matéria fora dos artigos diretamente aplicáveis à forma, tempo/lugar, prática eletrônica, cartas e cooperação desta aula."
cpc-lei-13105-capture-2026-09-28,Art. 540,aula-06.html,unused,"Art. 540 trata matéria fora dos artigos diretamente aplicáveis à forma, tempo/lugar, prática eletrônica, cartas e cooperação desta aula."
cpc-lei-13105-capture-2026-09-28,Art. 541,aula-06.html,unused,"Art. 541 trata matéria fora dos artigos diretamente aplicáveis à forma, tempo/lugar, prática eletrônica, cartas e cooperação desta aula."
cpc-lei-13105-capture-2026-09-28,Art. 542,aula-06.html,unused,"Art. 542 trata matéria fora dos artigos diretamente aplicáveis à forma, tempo/lugar, prática eletrônica, cartas e cooperação desta aula."
cpc-lei-13105-capture-2026-09-28,Art. 543,aula-06.html,unused,"Art. 543 trata matéria fora dos artigos diretamente aplicáveis à forma, tempo/lugar, prática eletrônica, cartas e cooperação desta aula."
cpc-lei-13105-capture-2026-09-28,Art. 544,aula-06.html,unused,"Art. 544 trata matéria fora dos artigos diretamente aplicáveis à forma, tempo/lugar, prática eletrônica, cartas e cooperação desta aula."
cpc-lei-13105-capture-2026-09-28,Art. 545,aula-06.html,unused,"Art. 545 trata matéria fora dos artigos diretamente aplicáveis à forma, tempo/lugar, prática eletrônica, cartas e cooperação desta aula."
cpc-lei-13105-capture-2026-09-28,Art. 546,aula-06.html,unused,"Art. 546 trata matéria fora dos artigos diretamente aplicáveis à forma, tempo/lugar, prática eletrônica, cartas e cooperação desta aula."
cpc-lei-13105-capture-2026-09-28,Art. 547,aula-06.html,unused,"Art. 547 trata matéria fora dos artigos diretamente aplicáveis à forma, tempo/lugar, prática eletrônica, cartas e cooperação desta aula."
cpc-lei-13105-capture-2026-09-28,Art. 548,aula-06.html,unused,"Art. 548 trata matéria fora dos artigos diretamente aplicáveis à forma, tempo/lugar, prática eletrônica, cartas e cooperação desta aula."
cpc-lei-13105-capture-2026-09-28,Art. 549,aula-06.html,unused,"Art. 549 trata matéria fora dos artigos diretamente aplicáveis à forma, tempo/lugar, prática eletrônica, cartas e cooperação desta aula."
cpc-lei-13105-capture-2026-09-28,Art. 550,aula-06.html,unused,"Art. 550 trata matéria fora dos artigos diretamente aplicáveis à forma, tempo/lugar, prática eletrônica, cartas e cooperação desta aula."
cpc-lei-13105-capture-2026-09-28,Art. 551,aula-06.html,unused,"Art. 551 trata matéria fora dos artigos diretamente aplicáveis à forma, tempo/lugar, prática eletrônica, cartas e cooperação desta aula."
cpc-lei-13105-capture-2026-09-28,Art. 552,aula-06.html,unused,"Art. 552 trata matéria fora dos artigos diretamente aplicáveis à forma, tempo/lugar, prática eletrônica, cartas e cooperação desta aula."
cpc-lei-13105-capture-2026-09-28,Art. 553,aula-06.html,unused,"Art. 553 trata matéria fora dos artigos diretamente aplicáveis à forma, tempo/lugar, prática eletrônica, cartas e cooperação desta aula."
cpc-lei-13105-capture-2026-09-28,Art. 554,aula-06.html,unused,"Art. 554 trata matéria fora dos artigos diretamente aplicáveis à forma, tempo/lugar, prática eletrônica, cartas e cooperação desta aula."
cpc-lei-13105-capture-2026-09-28,Art. 555,aula-06.html,unused,"Art. 555 trata matéria fora dos artigos diretamente aplicáveis à forma, tempo/lugar, prática eletrônica, cartas e cooperação desta aula."
cpc-lei-13105-capture-2026-09-28,Art. 556,aula-06.html,unused,"Art. 556 trata matéria fora dos artigos diretamente aplicáveis à forma, tempo/lugar, prática eletrônica, cartas e cooperação desta aula."
cpc-lei-13105-capture-2026-09-28,Art. 557,aula-06.html,unused,"Art. 557 trata matéria fora dos artigos diretamente aplicáveis à forma, tempo/lugar, prática eletrônica, cartas e cooperação desta aula."
cpc-lei-13105-capture-2026-09-28,Art. 558,aula-06.html,unused,"Art. 558 trata matéria fora dos artigos diretamente aplicáveis à forma, tempo/lugar, prática eletrônica, cartas e cooperação desta aula."
cpc-lei-13105-capture-2026-09-28,Art. 559,aula-06.html,unused,"Art. 559 trata matéria fora dos artigos diretamente aplicáveis à forma, tempo/lugar, prática eletrônica, cartas e cooperação desta aula."
cpc-lei-13105-capture-2026-09-28,Art. 560,aula-06.html,unused,"Art. 560 trata matéria fora dos artigos diretamente aplicáveis à forma, tempo/lugar, prática eletrônica, cartas e cooperação desta aula."
cpc-lei-13105-capture-2026-09-28,Art. 561,aula-06.html,unused,"Art. 561 trata matéria fora dos artigos diretamente aplicáveis à forma, tempo/lugar, prática eletrônica, cartas e cooperação desta aula."
cpc-lei-13105-capture-2026-09-28,Art. 562,aula-06.html,unused,"Art. 562 trata matéria fora dos artigos diretamente aplicáveis à forma, tempo/lugar, prática eletrônica, cartas e cooperação desta aula."
cpc-lei-13105-capture-2026-09-28,Art. 563,aula-06.html,unused,"Art. 563 trata matéria fora dos artigos diretamente aplicáveis à forma, tempo/lugar, prática eletrônica, cartas e cooperação desta aula."
cpc-lei-13105-capture-2026-09-28,Art. 565,aula-06.html,unused,"Art. 565 trata matéria fora dos artigos diretamente aplicáveis à forma, tempo/lugar, prática eletrônica, cartas e cooperação desta aula."
cpc-lei-13105-capture-2026-09-28,Art. 566,aula-06.html,unused,"Art. 566 trata matéria fora dos artigos diretamente aplicáveis à forma, tempo/lugar, prática eletrônica, cartas e cooperação desta aula."
cpc-lei-13105-capture-2026-09-28,Art. 567,aula-06.html,unused,"Art. 567 trata matéria fora dos artigos diretamente aplicáveis à forma, tempo/lugar, prática eletrônica, cartas e cooperação desta aula."
cpc-lei-13105-capture-2026-09-28,Art. 568,aula-06.html,unused,"Art. 568 trata matéria fora dos artigos diretamente aplicáveis à forma, tempo/lugar, prática eletrônica, cartas e cooperação desta aula."
cpc-lei-13105-capture-2026-09-28,Art. 569,aula-06.html,unused,"Art. 569 trata matéria fora dos artigos diretamente aplicáveis à forma, tempo/lugar, prática eletrônica, cartas e cooperação desta aula."
cpc-lei-13105-capture-2026-09-28,Art. 570,aula-06.html,unused,"Art. 570 trata matéria fora dos artigos diretamente aplicáveis à forma, tempo/lugar, prática eletrônica, cartas e cooperação desta aula."
cpc-lei-13105-capture-2026-09-28,Art. 571,aula-06.html,unused,"Art. 571 trata matéria fora dos artigos diretamente aplicáveis à forma, tempo/lugar, prática eletrônica, cartas e cooperação desta aula."
cpc-lei-13105-capture-2026-09-28,Art. 572,aula-06.html,unused,"Art. 572 trata matéria fora dos artigos diretamente aplicáveis à forma, tempo/lugar, prática eletrônica, cartas e cooperação desta aula."
cpc-lei-13105-capture-2026-09-28,Art. 573,aula-06.html,unused,"Art. 573 trata matéria fora dos artigos diretamente aplicáveis à forma, tempo/lugar, prática eletrônica, cartas e cooperação desta aula."
cpc-lei-13105-capture-2026-09-28,Art. 574,aula-06.html,unused,"Art. 574 trata matéria fora dos artigos diretamente aplicáveis à forma, tempo/lugar, prática eletrônica, cartas e cooperação desta aula."
cpc-lei-13105-capture-2026-09-28,Art. 575,aula-06.html,unused,"Art. 575 trata matéria fora dos artigos diretamente aplicáveis à forma, tempo/lugar, prática eletrônica, cartas e cooperação desta aula."
cpc-lei-13105-capture-2026-09-28,Art. 576,aula-06.html,unused,"Art. 576 trata matéria fora dos artigos diretamente aplicáveis à forma, tempo/lugar, prática eletrônica, cartas e cooperação desta aula."
cpc-lei-13105-capture-2026-09-28,Art. 577,aula-06.html,unused,"Art. 577 trata matéria fora dos artigos diretamente aplicáveis à forma, tempo/lugar, prática eletrônica, cartas e cooperação desta aula."
cpc-lei-13105-capture-2026-09-28,Art. 578,aula-06.html,unused,"Art. 578 trata matéria fora dos artigos diretamente aplicáveis à forma, tempo/lugar, prática eletrônica, cartas e cooperação desta aula."
cpc-lei-13105-capture-2026-09-28,Art. 579,aula-06.html,unused,"Art. 579 trata matéria fora dos artigos diretamente aplicáveis à forma, tempo/lugar, prática eletrônica, cartas e cooperação desta aula."
cpc-lei-13105-capture-2026-09-28,Art. 580,aula-06.html,unused,"Art. 580 trata matéria fora dos artigos diretamente aplicáveis à forma, tempo/lugar, prática eletrônica, cartas e cooperação desta aula."
cpc-lei-13105-capture-2026-09-28,Art. 581,aula-06.html,unused,"Art. 581 trata matéria fora dos artigos diretamente aplicáveis à forma, tempo/lugar, prática eletrônica, cartas e cooperação desta aula."
cpc-lei-13105-capture-2026-09-28,Art. 582,aula-06.html,unused,"Art. 582 trata matéria fora dos artigos diretamente aplicáveis à forma, tempo/lugar, prática eletrônica, cartas e cooperação desta aula."
cpc-lei-13105-capture-2026-09-28,Art. 583,aula-06.html,unused,"Art. 583 trata matéria fora dos artigos diretamente aplicáveis à forma, tempo/lugar, prática eletrônica, cartas e cooperação desta aula."
cpc-lei-13105-capture-2026-09-28,Art. 584,aula-06.html,unused,"Art. 584 trata matéria fora dos artigos diretamente aplicáveis à forma, tempo/lugar, prática eletrônica, cartas e cooperação desta aula."
cpc-lei-13105-capture-2026-09-28,Art. 585,aula-06.html,unused,"Art. 585 trata matéria fora dos artigos diretamente aplicáveis à forma, tempo/lugar, prática eletrônica, cartas e cooperação desta aula."
cpc-lei-13105-capture-2026-09-28,Art. 586,aula-06.html,unused,"Art. 586 trata matéria fora dos artigos diretamente aplicáveis à forma, tempo/lugar, prática eletrônica, cartas e cooperação desta aula."
cpc-lei-13105-capture-2026-09-28,Art. 587,aula-06.html,unused,"Art. 587 trata matéria fora dos artigos diretamente aplicáveis à forma, tempo/lugar, prática eletrônica, cartas e cooperação desta aula."
cpc-lei-13105-capture-2026-09-28,Art. 588,aula-06.html,unused,"Art. 588 trata matéria fora dos artigos diretamente aplicáveis à forma, tempo/lugar, prática eletrônica, cartas e cooperação desta aula."
cpc-lei-13105-capture-2026-09-28,Art. 589,aula-06.html,unused,"Art. 589 trata matéria fora dos artigos diretamente aplicáveis à forma, tempo/lugar, prática eletrônica, cartas e cooperação desta aula."
cpc-lei-13105-capture-2026-09-28,Art. 590,aula-06.html,unused,"Art. 590 trata matéria fora dos artigos diretamente aplicáveis à forma, tempo/lugar, prática eletrônica, cartas e cooperação desta aula."
cpc-lei-13105-capture-2026-09-28,Art. 591,aula-06.html,unused,"Art. 591 trata matéria fora dos artigos diretamente aplicáveis à forma, tempo/lugar, prática eletrônica, cartas e cooperação desta aula."
cpc-lei-13105-capture-2026-09-28,Art. 592,aula-06.html,unused,"Art. 592 trata matéria fora dos artigos diretamente aplicáveis à forma, tempo/lugar, prática eletrônica, cartas e cooperação desta aula."
cpc-lei-13105-capture-2026-09-28,Art. 593,aula-06.html,unused,"Art. 593 trata matéria fora dos artigos diretamente aplicáveis à forma, tempo/lugar, prática eletrônica, cartas e cooperação desta aula."
cpc-lei-13105-capture-2026-09-28,Art. 594,aula-06.html,unused,"Art. 594 trata matéria fora dos artigos diretamente aplicáveis à forma, tempo/lugar, prática eletrônica, cartas e cooperação desta aula."
cpc-lei-13105-capture-2026-09-28,Art. 595,aula-06.html,unused,"Art. 595 trata matéria fora dos artigos diretamente aplicáveis à forma, tempo/lugar, prática eletrônica, cartas e cooperação desta aula."
cpc-lei-13105-capture-2026-09-28,Art. 596,aula-06.html,unused,"Art. 596 trata matéria fora dos artigos diretamente aplicáveis à forma, tempo/lugar, prática eletrônica, cartas e cooperação desta aula."
cpc-lei-13105-capture-2026-09-28,Art. 597,aula-06.html,unused,"Art. 597 trata matéria fora dos artigos diretamente aplicáveis à forma, tempo/lugar, prática eletrônica, cartas e cooperação desta aula."
cpc-lei-13105-capture-2026-09-28,Art. 598,aula-06.html,unused,"Art. 598 trata matéria fora dos artigos diretamente aplicáveis à forma, tempo/lugar, prática eletrônica, cartas e cooperação desta aula."
cpc-lei-13105-capture-2026-09-28,Art. 599,aula-06.html,unused,"Art. 599 trata matéria fora dos artigos diretamente aplicáveis à forma, tempo/lugar, prática eletrônica, cartas e cooperação desta aula."
cpc-lei-13105-capture-2026-09-28,Art. 600,aula-06.html,unused,"Art. 600 trata matéria fora dos artigos diretamente aplicáveis à forma, tempo/lugar, prática eletrônica, cartas e cooperação desta aula."
cpc-lei-13105-capture-2026-09-28,Art. 601,aula-06.html,unused,"Art. 601 trata matéria fora dos artigos diretamente aplicáveis à forma, tempo/lugar, prática eletrônica, cartas e cooperação desta aula."
cpc-lei-13105-capture-2026-09-28,Art. 602,aula-06.html,unused,"Art. 602 trata matéria fora dos artigos diretamente aplicáveis à forma, tempo/lugar, prática eletrônica, cartas e cooperação desta aula."
cpc-lei-13105-capture-2026-09-28,Art. 603,aula-06.html,unused,"Art. 603 trata matéria fora dos artigos diretamente aplicáveis à forma, tempo/lugar, prática eletrônica, cartas e cooperação desta aula."
cpc-lei-13105-capture-2026-09-28,Art. 604,aula-06.html,unused,"Art. 604 trata matéria fora dos artigos diretamente aplicáveis à forma, tempo/lugar, prática eletrônica, cartas e cooperação desta aula."
cpc-lei-13105-capture-2026-09-28,Art. 605,aula-06.html,unused,"Art. 605 trata matéria fora dos artigos diretamente aplicáveis à forma, tempo/lugar, prática eletrônica, cartas e cooperação desta aula."
cpc-lei-13105-capture-2026-09-28,Art. 606,aula-06.html,unused,"Art. 606 trata matéria fora dos artigos diretamente aplicáveis à forma, tempo/lugar, prática eletrônica, cartas e cooperação desta aula."
cpc-lei-13105-capture-2026-09-28,Art. 607,aula-06.html,unused,"Art. 607 trata matéria fora dos artigos diretamente aplicáveis à forma, tempo/lugar, prática eletrônica, cartas e cooperação desta aula."
cpc-lei-13105-capture-2026-09-28,Art. 608,aula-06.html,unused,"Art. 608 trata matéria fora dos artigos diretamente aplicáveis à forma, tempo/lugar, prática eletrônica, cartas e cooperação desta aula."
cpc-lei-13105-capture-2026-09-28,Art. 609,aula-06.html,unused,"Art. 609 trata matéria fora dos artigos diretamente aplicáveis à forma, tempo/lugar, prática eletrônica, cartas e cooperação desta aula."
cpc-lei-13105-capture-2026-09-28,Art. 610,aula-06.html,unused,"Art. 610 trata matéria fora dos artigos diretamente aplicáveis à forma, tempo/lugar, prática eletrônica, cartas e cooperação desta aula."
cpc-lei-13105-capture-2026-09-28,Art. 611,aula-06.html,unused,"Art. 611 trata matéria fora dos artigos diretamente aplicáveis à forma, tempo/lugar, prática eletrônica, cartas e cooperação desta aula."
cpc-lei-13105-capture-2026-09-28,Art. 612,aula-06.html,unused,"Art. 612 trata matéria fora dos artigos diretamente aplicáveis à forma, tempo/lugar, prática eletrônica, cartas e cooperação desta aula."
cpc-lei-13105-capture-2026-09-28,Art. 613,aula-06.html,unused,"Art. 613 trata matéria fora dos artigos diretamente aplicáveis à forma, tempo/lugar, prática eletrônica, cartas e cooperação desta aula."
cpc-lei-13105-capture-2026-09-28,Art. 614,aula-06.html,unused,"Art. 614 trata matéria fora dos artigos diretamente aplicáveis à forma, tempo/lugar, prática eletrônica, cartas e cooperação desta aula."
cpc-lei-13105-capture-2026-09-28,Art. 615,aula-06.html,unused,"Art. 615 trata matéria fora dos artigos diretamente aplicáveis à forma, tempo/lugar, prática eletrônica, cartas e cooperação desta aula."
cpc-lei-13105-capture-2026-09-28,Art. 616,aula-06.html,unused,"Art. 616 trata matéria fora dos artigos diretamente aplicáveis à forma, tempo/lugar, prática eletrônica, cartas e cooperação desta aula."
cpc-lei-13105-capture-2026-09-28,Art. 617,aula-06.html,unused,"Art. 617 trata matéria fora dos artigos diretamente aplicáveis à forma, tempo/lugar, prática eletrônica, cartas e cooperação desta aula."
cpc-lei-13105-capture-2026-09-28,Art. 618,aula-06.html,unused,"Art. 618 trata matéria fora dos artigos diretamente aplicáveis à forma, tempo/lugar, prática eletrônica, cartas e cooperação desta aula."
cpc-lei-13105-capture-2026-09-28,Art. 619,aula-06.html,unused,"Art. 619 trata matéria fora dos artigos diretamente aplicáveis à forma, tempo/lugar, prática eletrônica, cartas e cooperação desta aula."
cpc-lei-13105-capture-2026-09-28,Art. 620,aula-06.html,unused,"Art. 620 trata matéria fora dos artigos diretamente aplicáveis à forma, tempo/lugar, prática eletrônica, cartas e cooperação desta aula."
cpc-lei-13105-capture-2026-09-28,Art. 621,aula-06.html,unused,"Art. 621 trata matéria fora dos artigos diretamente aplicáveis à forma, tempo/lugar, prática eletrônica, cartas e cooperação desta aula."
cpc-lei-13105-capture-2026-09-28,Art. 622,aula-06.html,unused,"Art. 622 trata matéria fora dos artigos diretamente aplicáveis à forma, tempo/lugar, prática eletrônica, cartas e cooperação desta aula."
cpc-lei-13105-capture-2026-09-28,Art. 623,aula-06.html,unused,"Art. 623 trata matéria fora dos artigos diretamente aplicáveis à forma, tempo/lugar, prática eletrônica, cartas e cooperação desta aula."
cpc-lei-13105-capture-2026-09-28,Art. 624,aula-06.html,unused,"Art. 624 trata matéria fora dos artigos diretamente aplicáveis à forma, tempo/lugar, prática eletrônica, cartas e cooperação desta aula."
cpc-lei-13105-capture-2026-09-28,Art. 625,aula-06.html,unused,"Art. 625 trata matéria fora dos artigos diretamente aplicáveis à forma, tempo/lugar, prática eletrônica, cartas e cooperação desta aula."
cpc-lei-13105-capture-2026-09-28,Art. 626,aula-06.html,unused,"Art. 626 trata matéria fora dos artigos diretamente aplicáveis à forma, tempo/lugar, prática eletrônica, cartas e cooperação desta aula."
cpc-lei-13105-capture-2026-09-28,Art. 627,aula-06.html,unused,"Art. 627 trata matéria fora dos artigos diretamente aplicáveis à forma, tempo/lugar, prática eletrônica, cartas e cooperação desta aula."
cpc-lei-13105-capture-2026-09-28,Art. 628,aula-06.html,unused,"Art. 628 trata matéria fora dos artigos diretamente aplicáveis à forma, tempo/lugar, prática eletrônica, cartas e cooperação desta aula."
cpc-lei-13105-capture-2026-09-28,Art. 629,aula-06.html,unused,"Art. 629 trata matéria fora dos artigos diretamente aplicáveis à forma, tempo/lugar, prática eletrônica, cartas e cooperação desta aula."
cpc-lei-13105-capture-2026-09-28,Art. 630,aula-06.html,unused,"Art. 630 trata matéria fora dos artigos diretamente aplicáveis à forma, tempo/lugar, prática eletrônica, cartas e cooperação desta aula."
cpc-lei-13105-capture-2026-09-28,Art. 632,aula-06.html,unused,"Art. 632 trata matéria fora dos artigos diretamente aplicáveis à forma, tempo/lugar, prática eletrônica, cartas e cooperação desta aula."
cpc-lei-13105-capture-2026-09-28,Art. 633,aula-06.html,unused,"Art. 633 trata matéria fora dos artigos diretamente aplicáveis à forma, tempo/lugar, prática eletrônica, cartas e cooperação desta aula."
cpc-lei-13105-capture-2026-09-28,Art. 634,aula-06.html,unused,"Art. 634 trata matéria fora dos artigos diretamente aplicáveis à forma, tempo/lugar, prática eletrônica, cartas e cooperação desta aula."
cpc-lei-13105-capture-2026-09-28,Art. 635,aula-06.html,unused,"Art. 635 trata matéria fora dos artigos diretamente aplicáveis à forma, tempo/lugar, prática eletrônica, cartas e cooperação desta aula."
cpc-lei-13105-capture-2026-09-28,Art. 636,aula-06.html,unused,"Art. 636 trata matéria fora dos artigos diretamente aplicáveis à forma, tempo/lugar, prática eletrônica, cartas e cooperação desta aula."
cpc-lei-13105-capture-2026-09-28,Art. 637,aula-06.html,unused,"Art. 637 trata matéria fora dos artigos diretamente aplicáveis à forma, tempo/lugar, prática eletrônica, cartas e cooperação desta aula."
cpc-lei-13105-capture-2026-09-28,Art. 638,aula-06.html,unused,"Art. 638 trata matéria fora dos artigos diretamente aplicáveis à forma, tempo/lugar, prática eletrônica, cartas e cooperação desta aula."
cpc-lei-13105-capture-2026-09-28,Art. 639,aula-06.html,unused,"Art. 639 trata matéria fora dos artigos diretamente aplicáveis à forma, tempo/lugar, prática eletrônica, cartas e cooperação desta aula."
cpc-lei-13105-capture-2026-09-28,Art. 640,aula-06.html,unused,"Art. 640 trata matéria fora dos artigos diretamente aplicáveis à forma, tempo/lugar, prática eletrônica, cartas e cooperação desta aula."
cpc-lei-13105-capture-2026-09-28,Art. 641,aula-06.html,unused,"Art. 641 trata matéria fora dos artigos diretamente aplicáveis à forma, tempo/lugar, prática eletrônica, cartas e cooperação desta aula."
cpc-lei-13105-capture-2026-09-28,Art. 642,aula-06.html,unused,"Art. 642 trata matéria fora dos artigos diretamente aplicáveis à forma, tempo/lugar, prática eletrônica, cartas e cooperação desta aula."
cpc-lei-13105-capture-2026-09-28,Art. 643,aula-06.html,unused,"Art. 643 trata matéria fora dos artigos diretamente aplicáveis à forma, tempo/lugar, prática eletrônica, cartas e cooperação desta aula."
cpc-lei-13105-capture-2026-09-28,Art. 644,aula-06.html,unused,"Art. 644 trata matéria fora dos artigos diretamente aplicáveis à forma, tempo/lugar, prática eletrônica, cartas e cooperação desta aula."
cpc-lei-13105-capture-2026-09-28,Art. 645,aula-06.html,unused,"Art. 645 trata matéria fora dos artigos diretamente aplicáveis à forma, tempo/lugar, prática eletrônica, cartas e cooperação desta aula."
cpc-lei-13105-capture-2026-09-28,Art. 646,aula-06.html,unused,"Art. 646 trata matéria fora dos artigos diretamente aplicáveis à forma, tempo/lugar, prática eletrônica, cartas e cooperação desta aula."
cpc-lei-13105-capture-2026-09-28,Art. 647,aula-06.html,unused,"Art. 647 trata matéria fora dos artigos diretamente aplicáveis à forma, tempo/lugar, prática eletrônica, cartas e cooperação desta aula."
cpc-lei-13105-capture-2026-09-28,Art. 648,aula-06.html,unused,"Art. 648 trata matéria fora dos artigos diretamente aplicáveis à forma, tempo/lugar, prática eletrônica, cartas e cooperação desta aula."
cpc-lei-13105-capture-2026-09-28,Art. 649,aula-06.html,unused,"Art. 649 trata matéria fora dos artigos diretamente aplicáveis à forma, tempo/lugar, prática eletrônica, cartas e cooperação desta aula."
cpc-lei-13105-capture-2026-09-28,Art. 650,aula-06.html,unused,"Art. 650 trata matéria fora dos artigos diretamente aplicáveis à forma, tempo/lugar, prática eletrônica, cartas e cooperação desta aula."
cpc-lei-13105-capture-2026-09-28,Art. 651,aula-06.html,unused,"Art. 651 trata matéria fora dos artigos diretamente aplicáveis à forma, tempo/lugar, prática eletrônica, cartas e cooperação desta aula."
cpc-lei-13105-capture-2026-09-28,Art. 652,aula-06.html,unused,"Art. 652 trata matéria fora dos artigos diretamente aplicáveis à forma, tempo/lugar, prática eletrônica, cartas e cooperação desta aula."
cpc-lei-13105-capture-2026-09-28,Art. 653,aula-06.html,unused,"Art. 653 trata matéria fora dos artigos diretamente aplicáveis à forma, tempo/lugar, prática eletrônica, cartas e cooperação desta aula."
cpc-lei-13105-capture-2026-09-28,Art. 654,aula-06.html,unused,"Art. 654 trata matéria fora dos artigos diretamente aplicáveis à forma, tempo/lugar, prática eletrônica, cartas e cooperação desta aula."
cpc-lei-13105-capture-2026-09-28,Art. 655,aula-06.html,unused,"Art. 655 trata matéria fora dos artigos diretamente aplicáveis à forma, tempo/lugar, prática eletrônica, cartas e cooperação desta aula."
cpc-lei-13105-capture-2026-09-28,Art. 656,aula-06.html,unused,"Art. 656 trata matéria fora dos artigos diretamente aplicáveis à forma, tempo/lugar, prática eletrônica, cartas e cooperação desta aula."
cpc-lei-13105-capture-2026-09-28,Art. 657,aula-06.html,unused,"Art. 657 trata matéria fora dos artigos diretamente aplicáveis à forma, tempo/lugar, prática eletrônica, cartas e cooperação desta aula."
cpc-lei-13105-capture-2026-09-28,Art. 658,aula-06.html,unused,"Art. 658 trata matéria fora dos artigos diretamente aplicáveis à forma, tempo/lugar, prática eletrônica, cartas e cooperação desta aula."
cpc-lei-13105-capture-2026-09-28,Art. 659,aula-06.html,unused,"Art. 659 trata matéria fora dos artigos diretamente aplicáveis à forma, tempo/lugar, prática eletrônica, cartas e cooperação desta aula."
cpc-lei-13105-capture-2026-09-28,Art. 660,aula-06.html,unused,"Art. 660 trata matéria fora dos artigos diretamente aplicáveis à forma, tempo/lugar, prática eletrônica, cartas e cooperação desta aula."
cpc-lei-13105-capture-2026-09-28,Art. 661,aula-06.html,unused,"Art. 661 trata matéria fora dos artigos diretamente aplicáveis à forma, tempo/lugar, prática eletrônica, cartas e cooperação desta aula."
cpc-lei-13105-capture-2026-09-28,Art. 662,aula-06.html,unused,"Art. 662 trata matéria fora dos artigos diretamente aplicáveis à forma, tempo/lugar, prática eletrônica, cartas e cooperação desta aula."
cpc-lei-13105-capture-2026-09-28,Art. 663,aula-06.html,unused,"Art. 663 trata matéria fora dos artigos diretamente aplicáveis à forma, tempo/lugar, prática eletrônica, cartas e cooperação desta aula."
cpc-lei-13105-capture-2026-09-28,Art. 664,aula-06.html,unused,"Art. 664 trata matéria fora dos artigos diretamente aplicáveis à forma, tempo/lugar, prática eletrônica, cartas e cooperação desta aula."
cpc-lei-13105-capture-2026-09-28,Art. 665,aula-06.html,unused,"Art. 665 trata matéria fora dos artigos diretamente aplicáveis à forma, tempo/lugar, prática eletrônica, cartas e cooperação desta aula."
cpc-lei-13105-capture-2026-09-28,Art. 666,aula-06.html,unused,"Art. 666 trata matéria fora dos artigos diretamente aplicáveis à forma, tempo/lugar, prática eletrônica, cartas e cooperação desta aula."
cpc-lei-13105-capture-2026-09-28,Art. 667,aula-06.html,unused,"Art. 667 trata matéria fora dos artigos diretamente aplicáveis à forma, tempo/lugar, prática eletrônica, cartas e cooperação desta aula."
cpc-lei-13105-capture-2026-09-28,Art. 668,aula-06.html,unused,"Art. 668 trata matéria fora dos artigos diretamente aplicáveis à forma, tempo/lugar, prática eletrônica, cartas e cooperação desta aula."
cpc-lei-13105-capture-2026-09-28,Art. 669,aula-06.html,unused,"Art. 669 trata matéria fora dos artigos diretamente aplicáveis à forma, tempo/lugar, prática eletrônica, cartas e cooperação desta aula."
cpc-lei-13105-capture-2026-09-28,Art. 670,aula-06.html,unused,"Art. 670 trata matéria fora dos artigos diretamente aplicáveis à forma, tempo/lugar, prática eletrônica, cartas e cooperação desta aula."
cpc-lei-13105-capture-2026-09-28,Art. 671,aula-06.html,unused,"Art. 671 trata matéria fora dos artigos diretamente aplicáveis à forma, tempo/lugar, prática eletrônica, cartas e cooperação desta aula."
cpc-lei-13105-capture-2026-09-28,Art. 672,aula-06.html,unused,"Art. 672 trata matéria fora dos artigos diretamente aplicáveis à forma, tempo/lugar, prática eletrônica, cartas e cooperação desta aula."
cpc-lei-13105-capture-2026-09-28,Art. 673,aula-06.html,unused,"Art. 673 trata matéria fora dos artigos diretamente aplicáveis à forma, tempo/lugar, prática eletrônica, cartas e cooperação desta aula."
cpc-lei-13105-capture-2026-09-28,Art. 674,aula-06.html,unused,"Art. 674 trata matéria fora dos artigos diretamente aplicáveis à forma, tempo/lugar, prática eletrônica, cartas e cooperação desta aula."
cpc-lei-13105-capture-2026-09-28,Art. 675,aula-06.html,unused,"Art. 675 trata matéria fora dos artigos diretamente aplicáveis à forma, tempo/lugar, prática eletrônica, cartas e cooperação desta aula."
cpc-lei-13105-capture-2026-09-28,Art. 676,aula-06.html,unused,"Art. 676 trata matéria fora dos artigos diretamente aplicáveis à forma, tempo/lugar, prática eletrônica, cartas e cooperação desta aula."
cpc-lei-13105-capture-2026-09-28,Art. 677,aula-06.html,unused,"Art. 677 trata matéria fora dos artigos diretamente aplicáveis à forma, tempo/lugar, prática eletrônica, cartas e cooperação desta aula."
cpc-lei-13105-capture-2026-09-28,Art. 678,aula-06.html,unused,"Art. 678 trata matéria fora dos artigos diretamente aplicáveis à forma, tempo/lugar, prática eletrônica, cartas e cooperação desta aula."
cpc-lei-13105-capture-2026-09-28,Art. 679,aula-06.html,unused,"Art. 679 trata matéria fora dos artigos diretamente aplicáveis à forma, tempo/lugar, prática eletrônica, cartas e cooperação desta aula."
cpc-lei-13105-capture-2026-09-28,Art. 681,aula-06.html,unused,"Art. 681 trata matéria fora dos artigos diretamente aplicáveis à forma, tempo/lugar, prática eletrônica, cartas e cooperação desta aula."
cpc-lei-13105-capture-2026-09-28,Art. 682,aula-06.html,unused,"Art. 682 trata matéria fora dos artigos diretamente aplicáveis à forma, tempo/lugar, prática eletrônica, cartas e cooperação desta aula."
cpc-lei-13105-capture-2026-09-28,Art. 683,aula-06.html,unused,"Art. 683 trata matéria fora dos artigos diretamente aplicáveis à forma, tempo/lugar, prática eletrônica, cartas e cooperação desta aula."
cpc-lei-13105-capture-2026-09-28,Art. 684,aula-06.html,unused,"Art. 684 trata matéria fora dos artigos diretamente aplicáveis à forma, tempo/lugar, prática eletrônica, cartas e cooperação desta aula."
cpc-lei-13105-capture-2026-09-28,Art. 685,aula-06.html,unused,"Art. 685 trata matéria fora dos artigos diretamente aplicáveis à forma, tempo/lugar, prática eletrônica, cartas e cooperação desta aula."
cpc-lei-13105-capture-2026-09-28,Art. 686,aula-06.html,unused,"Art. 686 trata matéria fora dos artigos diretamente aplicáveis à forma, tempo/lugar, prática eletrônica, cartas e cooperação desta aula."
cpc-lei-13105-capture-2026-09-28,Art. 687,aula-06.html,unused,"Art. 687 trata matéria fora dos artigos diretamente aplicáveis à forma, tempo/lugar, prática eletrônica, cartas e cooperação desta aula."
cpc-lei-13105-capture-2026-09-28,Art. 688,aula-06.html,unused,"Art. 688 trata matéria fora dos artigos diretamente aplicáveis à forma, tempo/lugar, prática eletrônica, cartas e cooperação desta aula."
cpc-lei-13105-capture-2026-09-28,Art. 689,aula-06.html,unused,"Art. 689 trata matéria fora dos artigos diretamente aplicáveis à forma, tempo/lugar, prática eletrônica, cartas e cooperação desta aula."
cpc-lei-13105-capture-2026-09-28,Art. 690,aula-06.html,unused,"Art. 690 trata matéria fora dos artigos diretamente aplicáveis à forma, tempo/lugar, prática eletrônica, cartas e cooperação desta aula."
cpc-lei-13105-capture-2026-09-28,Art. 691,aula-06.html,unused,"Art. 691 trata matéria fora dos artigos diretamente aplicáveis à forma, tempo/lugar, prática eletrônica, cartas e cooperação desta aula."
cpc-lei-13105-capture-2026-09-28,Art. 692,aula-06.html,unused,"Art. 692 trata matéria fora dos artigos diretamente aplicáveis à forma, tempo/lugar, prática eletrônica, cartas e cooperação desta aula."
cpc-lei-13105-capture-2026-09-28,Art. 693,aula-06.html,unused,"Art. 693 trata matéria fora dos artigos diretamente aplicáveis à forma, tempo/lugar, prática eletrônica, cartas e cooperação desta aula."
cpc-lei-13105-capture-2026-09-28,Art. 694,aula-06.html,unused,"Art. 694 trata matéria fora dos artigos diretamente aplicáveis à forma, tempo/lugar, prática eletrônica, cartas e cooperação desta aula."
cpc-lei-13105-capture-2026-09-28,Art. 695,aula-06.html,unused,"Art. 695 trata matéria fora dos artigos diretamente aplicáveis à forma, tempo/lugar, prática eletrônica, cartas e cooperação desta aula."
cpc-lei-13105-capture-2026-09-28,Art. 696,aula-06.html,unused,"Art. 696 trata matéria fora dos artigos diretamente aplicáveis à forma, tempo/lugar, prática eletrônica, cartas e cooperação desta aula."
cpc-lei-13105-capture-2026-09-28,Art. 697,aula-06.html,unused,"Art. 697 trata matéria fora dos artigos diretamente aplicáveis à forma, tempo/lugar, prática eletrônica, cartas e cooperação desta aula."
cpc-lei-13105-capture-2026-09-28,Art. 698,aula-06.html,unused,"Art. 698 trata matéria fora dos artigos diretamente aplicáveis à forma, tempo/lugar, prática eletrônica, cartas e cooperação desta aula."
cpc-lei-13105-capture-2026-09-28,Art. 699,aula-06.html,unused,"Art. 699 trata matéria fora dos artigos diretamente aplicáveis à forma, tempo/lugar, prática eletrônica, cartas e cooperação desta aula."
cpc-lei-13105-capture-2026-09-28,Art. 700,aula-06.html,unused,"Art. 700 trata matéria fora dos artigos diretamente aplicáveis à forma, tempo/lugar, prática eletrônica, cartas e cooperação desta aula."
cpc-lei-13105-capture-2026-09-28,Art. 701,aula-06.html,unused,"Art. 701 trata matéria fora dos artigos diretamente aplicáveis à forma, tempo/lugar, prática eletrônica, cartas e cooperação desta aula."
cpc-lei-13105-capture-2026-09-28,Art. 702,aula-06.html,unused,"Art. 702 trata matéria fora dos artigos diretamente aplicáveis à forma, tempo/lugar, prática eletrônica, cartas e cooperação desta aula."
cpc-lei-13105-capture-2026-09-28,Art. 703,aula-06.html,unused,"Art. 703 trata matéria fora dos artigos diretamente aplicáveis à forma, tempo/lugar, prática eletrônica, cartas e cooperação desta aula."
cpc-lei-13105-capture-2026-09-28,Art. 704,aula-06.html,unused,"Art. 704 trata matéria fora dos artigos diretamente aplicáveis à forma, tempo/lugar, prática eletrônica, cartas e cooperação desta aula."
cpc-lei-13105-capture-2026-09-28,Art. 705,aula-06.html,unused,"Art. 705 trata matéria fora dos artigos diretamente aplicáveis à forma, tempo/lugar, prática eletrônica, cartas e cooperação desta aula."
cpc-lei-13105-capture-2026-09-28,Art. 706,aula-06.html,unused,"Art. 706 trata matéria fora dos artigos diretamente aplicáveis à forma, tempo/lugar, prática eletrônica, cartas e cooperação desta aula."
cpc-lei-13105-capture-2026-09-28,Art. 707,aula-06.html,unused,"Art. 707 trata matéria fora dos artigos diretamente aplicáveis à forma, tempo/lugar, prática eletrônica, cartas e cooperação desta aula."
cpc-lei-13105-capture-2026-09-28,Art. 708,aula-06.html,unused,"Art. 708 trata matéria fora dos artigos diretamente aplicáveis à forma, tempo/lugar, prática eletrônica, cartas e cooperação desta aula."
cpc-lei-13105-capture-2026-09-28,Art. 709,aula-06.html,unused,"Art. 709 trata matéria fora dos artigos diretamente aplicáveis à forma, tempo/lugar, prática eletrônica, cartas e cooperação desta aula."
cpc-lei-13105-capture-2026-09-28,Art. 710,aula-06.html,unused,"Art. 710 trata matéria fora dos artigos diretamente aplicáveis à forma, tempo/lugar, prática eletrônica, cartas e cooperação desta aula."
cpc-lei-13105-capture-2026-09-28,Art. 711,aula-06.html,unused,"Art. 711 trata matéria fora dos artigos diretamente aplicáveis à forma, tempo/lugar, prática eletrônica, cartas e cooperação desta aula."
cpc-lei-13105-capture-2026-09-28,Art. 712,aula-06.html,unused,"Art. 712 trata matéria fora dos artigos diretamente aplicáveis à forma, tempo/lugar, prática eletrônica, cartas e cooperação desta aula."
cpc-lei-13105-capture-2026-09-28,Art. 713,aula-06.html,unused,"Art. 713 trata matéria fora dos artigos diretamente aplicáveis à forma, tempo/lugar, prática eletrônica, cartas e cooperação desta aula."
cpc-lei-13105-capture-2026-09-28,Art. 714,aula-06.html,unused,"Art. 714 trata matéria fora dos artigos diretamente aplicáveis à forma, tempo/lugar, prática eletrônica, cartas e cooperação desta aula."
cpc-lei-13105-capture-2026-09-28,Art. 715,aula-06.html,unused,"Art. 715 trata matéria fora dos artigos diretamente aplicáveis à forma, tempo/lugar, prática eletrônica, cartas e cooperação desta aula."
cpc-lei-13105-capture-2026-09-28,Art. 716,aula-06.html,unused,"Art. 716 trata matéria fora dos artigos diretamente aplicáveis à forma, tempo/lugar, prática eletrônica, cartas e cooperação desta aula."
cpc-lei-13105-capture-2026-09-28,Art. 717,aula-06.html,unused,"Art. 717 trata matéria fora dos artigos diretamente aplicáveis à forma, tempo/lugar, prática eletrônica, cartas e cooperação desta aula."
cpc-lei-13105-capture-2026-09-28,Art. 718,aula-06.html,unused,"Art. 718 trata matéria fora dos artigos diretamente aplicáveis à forma, tempo/lugar, prática eletrônica, cartas e cooperação desta aula."
cpc-lei-13105-capture-2026-09-28,Art. 719,aula-06.html,unused,"Art. 719 trata matéria fora dos artigos diretamente aplicáveis à forma, tempo/lugar, prática eletrônica, cartas e cooperação desta aula."
cpc-lei-13105-capture-2026-09-28,Art. 720,aula-06.html,unused,"Art. 720 trata matéria fora dos artigos diretamente aplicáveis à forma, tempo/lugar, prática eletrônica, cartas e cooperação desta aula."
cpc-lei-13105-capture-2026-09-28,Art. 721,aula-06.html,unused,"Art. 721 trata matéria fora dos artigos diretamente aplicáveis à forma, tempo/lugar, prática eletrônica, cartas e cooperação desta aula."
cpc-lei-13105-capture-2026-09-28,Art. 722,aula-06.html,unused,"Art. 722 trata matéria fora dos artigos diretamente aplicáveis à forma, tempo/lugar, prática eletrônica, cartas e cooperação desta aula."
cpc-lei-13105-capture-2026-09-28,Art. 723,aula-06.html,unused,"Art. 723 trata matéria fora dos artigos diretamente aplicáveis à forma, tempo/lugar, prática eletrônica, cartas e cooperação desta aula."
cpc-lei-13105-capture-2026-09-28,Art. 724,aula-06.html,unused,"Art. 724 trata matéria fora dos artigos diretamente aplicáveis à forma, tempo/lugar, prática eletrônica, cartas e cooperação desta aula."
cpc-lei-13105-capture-2026-09-28,Art. 725,aula-06.html,unused,"Art. 725 trata matéria fora dos artigos diretamente aplicáveis à forma, tempo/lugar, prática eletrônica, cartas e cooperação desta aula."
cpc-lei-13105-capture-2026-09-28,Art. 726,aula-06.html,unused,"Art. 726 trata matéria fora dos artigos diretamente aplicáveis à forma, tempo/lugar, prática eletrônica, cartas e cooperação desta aula."
cpc-lei-13105-capture-2026-09-28,Art. 727,aula-06.html,unused,"Art. 727 trata matéria fora dos artigos diretamente aplicáveis à forma, tempo/lugar, prática eletrônica, cartas e cooperação desta aula."
cpc-lei-13105-capture-2026-09-28,Art. 728,aula-06.html,unused,"Art. 728 trata matéria fora dos artigos diretamente aplicáveis à forma, tempo/lugar, prática eletrônica, cartas e cooperação desta aula."
cpc-lei-13105-capture-2026-09-28,Art. 729,aula-06.html,unused,"Art. 729 trata matéria fora dos artigos diretamente aplicáveis à forma, tempo/lugar, prática eletrônica, cartas e cooperação desta aula."
cpc-lei-13105-capture-2026-09-28,Art. 730,aula-06.html,unused,"Art. 730 trata matéria fora dos artigos diretamente aplicáveis à forma, tempo/lugar, prática eletrônica, cartas e cooperação desta aula."
cpc-lei-13105-capture-2026-09-28,Art. 731,aula-06.html,unused,"Art. 731 trata matéria fora dos artigos diretamente aplicáveis à forma, tempo/lugar, prática eletrônica, cartas e cooperação desta aula."
cpc-lei-13105-capture-2026-09-28,Art. 732,aula-06.html,unused,"Art. 732 trata matéria fora dos artigos diretamente aplicáveis à forma, tempo/lugar, prática eletrônica, cartas e cooperação desta aula."
cpc-lei-13105-capture-2026-09-28,Art. 733,aula-06.html,unused,"Art. 733 trata matéria fora dos artigos diretamente aplicáveis à forma, tempo/lugar, prática eletrônica, cartas e cooperação desta aula."
cpc-lei-13105-capture-2026-09-28,Art. 734,aula-06.html,unused,"Art. 734 trata matéria fora dos artigos diretamente aplicáveis à forma, tempo/lugar, prática eletrônica, cartas e cooperação desta aula."
cpc-lei-13105-capture-2026-09-28,Art. 735,aula-06.html,unused,"Art. 735 trata matéria fora dos artigos diretamente aplicáveis à forma, tempo/lugar, prática eletrônica, cartas e cooperação desta aula."
cpc-lei-13105-capture-2026-09-28,Art. 736,aula-06.html,unused,"Art. 736 trata matéria fora dos artigos diretamente aplicáveis à forma, tempo/lugar, prática eletrônica, cartas e cooperação desta aula."
cpc-lei-13105-capture-2026-09-28,Art. 737,aula-06.html,unused,"Art. 737 trata matéria fora dos artigos diretamente aplicáveis à forma, tempo/lugar, prática eletrônica, cartas e cooperação desta aula."
cpc-lei-13105-capture-2026-09-28,Art. 738,aula-06.html,unused,"Art. 738 trata matéria fora dos artigos diretamente aplicáveis à forma, tempo/lugar, prática eletrônica, cartas e cooperação desta aula."
cpc-lei-13105-capture-2026-09-28,Art. 739,aula-06.html,unused,"Art. 739 trata matéria fora dos artigos diretamente aplicáveis à forma, tempo/lugar, prática eletrônica, cartas e cooperação desta aula."
cpc-lei-13105-capture-2026-09-28,Art. 740,aula-06.html,unused,"Art. 740 trata matéria fora dos artigos diretamente aplicáveis à forma, tempo/lugar, prática eletrônica, cartas e cooperação desta aula."
cpc-lei-13105-capture-2026-09-28,Art. 741,aula-06.html,unused,"Art. 741 trata matéria fora dos artigos diretamente aplicáveis à forma, tempo/lugar, prática eletrônica, cartas e cooperação desta aula."
cpc-lei-13105-capture-2026-09-28,Art. 742,aula-06.html,unused,"Art. 742 trata matéria fora dos artigos diretamente aplicáveis à forma, tempo/lugar, prática eletrônica, cartas e cooperação desta aula."
cpc-lei-13105-capture-2026-09-28,Art. 743,aula-06.html,unused,"Art. 743 trata matéria fora dos artigos diretamente aplicáveis à forma, tempo/lugar, prática eletrônica, cartas e cooperação desta aula."
cpc-lei-13105-capture-2026-09-28,Art. 744,aula-06.html,unused,"Art. 744 trata matéria fora dos artigos diretamente aplicáveis à forma, tempo/lugar, prática eletrônica, cartas e cooperação desta aula."
cpc-lei-13105-capture-2026-09-28,Art. 745,aula-06.html,unused,"Art. 745 trata matéria fora dos artigos diretamente aplicáveis à forma, tempo/lugar, prática eletrônica, cartas e cooperação desta aula."
cpc-lei-13105-capture-2026-09-28,Art. 746,aula-06.html,unused,"Art. 746 trata matéria fora dos artigos diretamente aplicáveis à forma, tempo/lugar, prática eletrônica, cartas e cooperação desta aula."
cpc-lei-13105-capture-2026-09-28,Art. 747,aula-06.html,unused,"Art. 747 trata matéria fora dos artigos diretamente aplicáveis à forma, tempo/lugar, prática eletrônica, cartas e cooperação desta aula."
cpc-lei-13105-capture-2026-09-28,Art. 748,aula-06.html,unused,"Art. 748 trata matéria fora dos artigos diretamente aplicáveis à forma, tempo/lugar, prática eletrônica, cartas e cooperação desta aula."
cpc-lei-13105-capture-2026-09-28,Art. 749,aula-06.html,unused,"Art. 749 trata matéria fora dos artigos diretamente aplicáveis à forma, tempo/lugar, prática eletrônica, cartas e cooperação desta aula."
cpc-lei-13105-capture-2026-09-28,Art. 750,aula-06.html,unused,"Art. 750 trata matéria fora dos artigos diretamente aplicáveis à forma, tempo/lugar, prática eletrônica, cartas e cooperação desta aula."
cpc-lei-13105-capture-2026-09-28,Art. 751,aula-06.html,unused,"Art. 751 trata matéria fora dos artigos diretamente aplicáveis à forma, tempo/lugar, prática eletrônica, cartas e cooperação desta aula."
cpc-lei-13105-capture-2026-09-28,Art. 752,aula-06.html,unused,"Art. 752 trata matéria fora dos artigos diretamente aplicáveis à forma, tempo/lugar, prática eletrônica, cartas e cooperação desta aula."
cpc-lei-13105-capture-2026-09-28,Art. 753,aula-06.html,unused,"Art. 753 trata matéria fora dos artigos diretamente aplicáveis à forma, tempo/lugar, prática eletrônica, cartas e cooperação desta aula."
cpc-lei-13105-capture-2026-09-28,Art. 754,aula-06.html,unused,"Art. 754 trata matéria fora dos artigos diretamente aplicáveis à forma, tempo/lugar, prática eletrônica, cartas e cooperação desta aula."
cpc-lei-13105-capture-2026-09-28,Art. 755,aula-06.html,unused,"Art. 755 trata matéria fora dos artigos diretamente aplicáveis à forma, tempo/lugar, prática eletrônica, cartas e cooperação desta aula."
cpc-lei-13105-capture-2026-09-28,Art. 756,aula-06.html,unused,"Art. 756 trata matéria fora dos artigos diretamente aplicáveis à forma, tempo/lugar, prática eletrônica, cartas e cooperação desta aula."
cpc-lei-13105-capture-2026-09-28,Art. 757,aula-06.html,unused,"Art. 757 trata matéria fora dos artigos diretamente aplicáveis à forma, tempo/lugar, prática eletrônica, cartas e cooperação desta aula."
cpc-lei-13105-capture-2026-09-28,Art. 758,aula-06.html,unused,"Art. 758 trata matéria fora dos artigos diretamente aplicáveis à forma, tempo/lugar, prática eletrônica, cartas e cooperação desta aula."
cpc-lei-13105-capture-2026-09-28,Art. 759,aula-06.html,unused,"Art. 759 trata matéria fora dos artigos diretamente aplicáveis à forma, tempo/lugar, prática eletrônica, cartas e cooperação desta aula."
cpc-lei-13105-capture-2026-09-28,Art. 760,aula-06.html,unused,"Art. 760 trata matéria fora dos artigos diretamente aplicáveis à forma, tempo/lugar, prática eletrônica, cartas e cooperação desta aula."
cpc-lei-13105-capture-2026-09-28,Art. 761,aula-06.html,unused,"Art. 761 trata matéria fora dos artigos diretamente aplicáveis à forma, tempo/lugar, prática eletrônica, cartas e cooperação desta aula."
cpc-lei-13105-capture-2026-09-28,Art. 762,aula-06.html,unused,"Art. 762 trata matéria fora dos artigos diretamente aplicáveis à forma, tempo/lugar, prática eletrônica, cartas e cooperação desta aula."
cpc-lei-13105-capture-2026-09-28,Art. 763,aula-06.html,unused,"Art. 763 trata matéria fora dos artigos diretamente aplicáveis à forma, tempo/lugar, prática eletrônica, cartas e cooperação desta aula."
cpc-lei-13105-capture-2026-09-28,Art. 764,aula-06.html,unused,"Art. 764 trata matéria fora dos artigos diretamente aplicáveis à forma, tempo/lugar, prática eletrônica, cartas e cooperação desta aula."
cpc-lei-13105-capture-2026-09-28,Art. 765,aula-06.html,unused,"Art. 765 trata matéria fora dos artigos diretamente aplicáveis à forma, tempo/lugar, prática eletrônica, cartas e cooperação desta aula."
cpc-lei-13105-capture-2026-09-28,Art. 766,aula-06.html,unused,"Art. 766 trata matéria fora dos artigos diretamente aplicáveis à forma, tempo/lugar, prática eletrônica, cartas e cooperação desta aula."
cpc-lei-13105-capture-2026-09-28,Art. 767,aula-06.html,unused,"Art. 767 trata matéria fora dos artigos diretamente aplicáveis à forma, tempo/lugar, prática eletrônica, cartas e cooperação desta aula."
cpc-lei-13105-capture-2026-09-28,Art. 768,aula-06.html,unused,"Art. 768 trata matéria fora dos artigos diretamente aplicáveis à forma, tempo/lugar, prática eletrônica, cartas e cooperação desta aula."
cpc-lei-13105-capture-2026-09-28,Art. 769,aula-06.html,unused,"Art. 769 trata matéria fora dos artigos diretamente aplicáveis à forma, tempo/lugar, prática eletrônica, cartas e cooperação desta aula."
cpc-lei-13105-capture-2026-09-28,Art. 770,aula-06.html,unused,"Art. 770 trata matéria fora dos artigos diretamente aplicáveis à forma, tempo/lugar, prática eletrônica, cartas e cooperação desta aula."
cpc-lei-13105-capture-2026-09-28,Art. 771,aula-06.html,unused,"Art. 771 trata matéria fora dos artigos diretamente aplicáveis à forma, tempo/lugar, prática eletrônica, cartas e cooperação desta aula."
cpc-lei-13105-capture-2026-09-28,Art. 772,aula-06.html,unused,"Art. 772 trata matéria fora dos artigos diretamente aplicáveis à forma, tempo/lugar, prática eletrônica, cartas e cooperação desta aula."
cpc-lei-13105-capture-2026-09-28,Art. 773,aula-06.html,unused,"Art. 773 trata matéria fora dos artigos diretamente aplicáveis à forma, tempo/lugar, prática eletrônica, cartas e cooperação desta aula."
cpc-lei-13105-capture-2026-09-28,Art. 774,aula-06.html,unused,"Art. 774 trata matéria fora dos artigos diretamente aplicáveis à forma, tempo/lugar, prática eletrônica, cartas e cooperação desta aula."
cpc-lei-13105-capture-2026-09-28,Art. 775,aula-06.html,unused,"Art. 775 trata matéria fora dos artigos diretamente aplicáveis à forma, tempo/lugar, prática eletrônica, cartas e cooperação desta aula."
cpc-lei-13105-capture-2026-09-28,Art. 776,aula-06.html,unused,"Art. 776 trata matéria fora dos artigos diretamente aplicáveis à forma, tempo/lugar, prática eletrônica, cartas e cooperação desta aula."
cpc-lei-13105-capture-2026-09-28,Art. 777,aula-06.html,unused,"Art. 777 trata matéria fora dos artigos diretamente aplicáveis à forma, tempo/lugar, prática eletrônica, cartas e cooperação desta aula."
cpc-lei-13105-capture-2026-09-28,Art. 778,aula-06.html,unused,"Art. 778 trata matéria fora dos artigos diretamente aplicáveis à forma, tempo/lugar, prática eletrônica, cartas e cooperação desta aula."
cpc-lei-13105-capture-2026-09-28,Art. 779,aula-06.html,unused,"Art. 779 trata matéria fora dos artigos diretamente aplicáveis à forma, tempo/lugar, prática eletrônica, cartas e cooperação desta aula."
cpc-lei-13105-capture-2026-09-28,Art. 780,aula-06.html,unused,"Art. 780 trata matéria fora dos artigos diretamente aplicáveis à forma, tempo/lugar, prática eletrônica, cartas e cooperação desta aula."
cpc-lei-13105-capture-2026-09-28,Art. 781,aula-06.html,unused,"Art. 781 trata matéria fora dos artigos diretamente aplicáveis à forma, tempo/lugar, prática eletrônica, cartas e cooperação desta aula."
cpc-lei-13105-capture-2026-09-28,Art. 782,aula-06.html,unused,"Art. 782 trata matéria fora dos artigos diretamente aplicáveis à forma, tempo/lugar, prática eletrônica, cartas e cooperação desta aula."
cpc-lei-13105-capture-2026-09-28,Art. 783,aula-06.html,unused,"Art. 783 trata matéria fora dos artigos diretamente aplicáveis à forma, tempo/lugar, prática eletrônica, cartas e cooperação desta aula."
cpc-lei-13105-capture-2026-09-28,Art. 784,aula-06.html,unused,"Art. 784 trata matéria fora dos artigos diretamente aplicáveis à forma, tempo/lugar, prática eletrônica, cartas e cooperação desta aula."
cpc-lei-13105-capture-2026-09-28,Art. 785,aula-06.html,unused,"Art. 785 trata matéria fora dos artigos diretamente aplicáveis à forma, tempo/lugar, prática eletrônica, cartas e cooperação desta aula."
cpc-lei-13105-capture-2026-09-28,Art. 787,aula-06.html,unused,"Art. 787 trata matéria fora dos artigos diretamente aplicáveis à forma, tempo/lugar, prática eletrônica, cartas e cooperação desta aula."
cpc-lei-13105-capture-2026-09-28,Art. 788,aula-06.html,unused,"Art. 788 trata matéria fora dos artigos diretamente aplicáveis à forma, tempo/lugar, prática eletrônica, cartas e cooperação desta aula."
cpc-lei-13105-capture-2026-09-28,Art. 789,aula-06.html,unused,"Art. 789 trata matéria fora dos artigos diretamente aplicáveis à forma, tempo/lugar, prática eletrônica, cartas e cooperação desta aula."
cpc-lei-13105-capture-2026-09-28,Art. 790,aula-06.html,unused,"Art. 790 trata matéria fora dos artigos diretamente aplicáveis à forma, tempo/lugar, prática eletrônica, cartas e cooperação desta aula."
cpc-lei-13105-capture-2026-09-28,Art. 791,aula-06.html,unused,"Art. 791 trata matéria fora dos artigos diretamente aplicáveis à forma, tempo/lugar, prática eletrônica, cartas e cooperação desta aula."
cpc-lei-13105-capture-2026-09-28,Art. 792,aula-06.html,unused,"Art. 792 trata matéria fora dos artigos diretamente aplicáveis à forma, tempo/lugar, prática eletrônica, cartas e cooperação desta aula."
cpc-lei-13105-capture-2026-09-28,Art. 793,aula-06.html,unused,"Art. 793 trata matéria fora dos artigos diretamente aplicáveis à forma, tempo/lugar, prática eletrônica, cartas e cooperação desta aula."
cpc-lei-13105-capture-2026-09-28,Art. 794,aula-06.html,unused,"Art. 794 trata matéria fora dos artigos diretamente aplicáveis à forma, tempo/lugar, prática eletrônica, cartas e cooperação desta aula."
cpc-lei-13105-capture-2026-09-28,Art. 795,aula-06.html,unused,"Art. 795 trata matéria fora dos artigos diretamente aplicáveis à forma, tempo/lugar, prática eletrônica, cartas e cooperação desta aula."
cpc-lei-13105-capture-2026-09-28,Art. 796,aula-06.html,unused,"Art. 796 trata matéria fora dos artigos diretamente aplicáveis à forma, tempo/lugar, prática eletrônica, cartas e cooperação desta aula."
cpc-lei-13105-capture-2026-09-28,Art. 797,aula-06.html,unused,"Art. 797 trata matéria fora dos artigos diretamente aplicáveis à forma, tempo/lugar, prática eletrônica, cartas e cooperação desta aula."
cpc-lei-13105-capture-2026-09-28,Art. 798,aula-06.html,unused,"Art. 798 trata matéria fora dos artigos diretamente aplicáveis à forma, tempo/lugar, prática eletrônica, cartas e cooperação desta aula."
cpc-lei-13105-capture-2026-09-28,Art. 799,aula-06.html,unused,"Art. 799 trata matéria fora dos artigos diretamente aplicáveis à forma, tempo/lugar, prática eletrônica, cartas e cooperação desta aula."
cpc-lei-13105-capture-2026-09-28,Art. 800,aula-06.html,unused,"Art. 800 trata matéria fora dos artigos diretamente aplicáveis à forma, tempo/lugar, prática eletrônica, cartas e cooperação desta aula."
cpc-lei-13105-capture-2026-09-28,Art. 801,aula-06.html,unused,"Art. 801 trata matéria fora dos artigos diretamente aplicáveis à forma, tempo/lugar, prática eletrônica, cartas e cooperação desta aula."
cpc-lei-13105-capture-2026-09-28,Art. 802,aula-06.html,unused,"Art. 802 trata matéria fora dos artigos diretamente aplicáveis à forma, tempo/lugar, prática eletrônica, cartas e cooperação desta aula."
cpc-lei-13105-capture-2026-09-28,Art. 803,aula-06.html,unused,"Art. 803 trata matéria fora dos artigos diretamente aplicáveis à forma, tempo/lugar, prática eletrônica, cartas e cooperação desta aula."
cpc-lei-13105-capture-2026-09-28,Art. 804,aula-06.html,unused,"Art. 804 trata matéria fora dos artigos diretamente aplicáveis à forma, tempo/lugar, prática eletrônica, cartas e cooperação desta aula."
cpc-lei-13105-capture-2026-09-28,Art. 805,aula-06.html,unused,"Art. 805 trata matéria fora dos artigos diretamente aplicáveis à forma, tempo/lugar, prática eletrônica, cartas e cooperação desta aula."
cpc-lei-13105-capture-2026-09-28,Art. 806,aula-06.html,unused,"Art. 806 trata matéria fora dos artigos diretamente aplicáveis à forma, tempo/lugar, prática eletrônica, cartas e cooperação desta aula."
cpc-lei-13105-capture-2026-09-28,Art. 807,aula-06.html,unused,"Art. 807 trata matéria fora dos artigos diretamente aplicáveis à forma, tempo/lugar, prática eletrônica, cartas e cooperação desta aula."
cpc-lei-13105-capture-2026-09-28,Art. 808,aula-06.html,unused,"Art. 808 trata matéria fora dos artigos diretamente aplicáveis à forma, tempo/lugar, prática eletrônica, cartas e cooperação desta aula."
cpc-lei-13105-capture-2026-09-28,Art. 809,aula-06.html,unused,"Art. 809 trata matéria fora dos artigos diretamente aplicáveis à forma, tempo/lugar, prática eletrônica, cartas e cooperação desta aula."
cpc-lei-13105-capture-2026-09-28,Art. 810,aula-06.html,unused,"Art. 810 trata matéria fora dos artigos diretamente aplicáveis à forma, tempo/lugar, prática eletrônica, cartas e cooperação desta aula."
cpc-lei-13105-capture-2026-09-28,Art. 811,aula-06.html,unused,"Art. 811 trata matéria fora dos artigos diretamente aplicáveis à forma, tempo/lugar, prática eletrônica, cartas e cooperação desta aula."
cpc-lei-13105-capture-2026-09-28,Art. 812,aula-06.html,unused,"Art. 812 trata matéria fora dos artigos diretamente aplicáveis à forma, tempo/lugar, prática eletrônica, cartas e cooperação desta aula."
cpc-lei-13105-capture-2026-09-28,Art. 813,aula-06.html,unused,"Art. 813 trata matéria fora dos artigos diretamente aplicáveis à forma, tempo/lugar, prática eletrônica, cartas e cooperação desta aula."
cpc-lei-13105-capture-2026-09-28,Art. 814,aula-06.html,unused,"Art. 814 trata matéria fora dos artigos diretamente aplicáveis à forma, tempo/lugar, prática eletrônica, cartas e cooperação desta aula."
cpc-lei-13105-capture-2026-09-28,Art. 815,aula-06.html,unused,"Art. 815 trata matéria fora dos artigos diretamente aplicáveis à forma, tempo/lugar, prática eletrônica, cartas e cooperação desta aula."
cpc-lei-13105-capture-2026-09-28,Art. 816,aula-06.html,unused,"Art. 816 trata matéria fora dos artigos diretamente aplicáveis à forma, tempo/lugar, prática eletrônica, cartas e cooperação desta aula."
cpc-lei-13105-capture-2026-09-28,Art. 817,aula-06.html,unused,"Art. 817 trata matéria fora dos artigos diretamente aplicáveis à forma, tempo/lugar, prática eletrônica, cartas e cooperação desta aula."
cpc-lei-13105-capture-2026-09-28,Art. 818,aula-06.html,unused,"Art. 818 trata matéria fora dos artigos diretamente aplicáveis à forma, tempo/lugar, prática eletrônica, cartas e cooperação desta aula."
cpc-lei-13105-capture-2026-09-28,Art. 819,aula-06.html,unused,"Art. 819 trata matéria fora dos artigos diretamente aplicáveis à forma, tempo/lugar, prática eletrônica, cartas e cooperação desta aula."
cpc-lei-13105-capture-2026-09-28,Art. 820,aula-06.html,unused,"Art. 820 trata matéria fora dos artigos diretamente aplicáveis à forma, tempo/lugar, prática eletrônica, cartas e cooperação desta aula."
cpc-lei-13105-capture-2026-09-28,Art. 821,aula-06.html,unused,"Art. 821 trata matéria fora dos artigos diretamente aplicáveis à forma, tempo/lugar, prática eletrônica, cartas e cooperação desta aula."
cpc-lei-13105-capture-2026-09-28,Art. 822,aula-06.html,unused,"Art. 822 trata matéria fora dos artigos diretamente aplicáveis à forma, tempo/lugar, prática eletrônica, cartas e cooperação desta aula."
cpc-lei-13105-capture-2026-09-28,Art. 823,aula-06.html,unused,"Art. 823 trata matéria fora dos artigos diretamente aplicáveis à forma, tempo/lugar, prática eletrônica, cartas e cooperação desta aula."
cpc-lei-13105-capture-2026-09-28,Art. 824,aula-06.html,unused,"Art. 824 trata matéria fora dos artigos diretamente aplicáveis à forma, tempo/lugar, prática eletrônica, cartas e cooperação desta aula."
cpc-lei-13105-capture-2026-09-28,Art. 825,aula-06.html,unused,"Art. 825 trata matéria fora dos artigos diretamente aplicáveis à forma, tempo/lugar, prática eletrônica, cartas e cooperação desta aula."
cpc-lei-13105-capture-2026-09-28,Art. 826,aula-06.html,unused,"Art. 826 trata matéria fora dos artigos diretamente aplicáveis à forma, tempo/lugar, prática eletrônica, cartas e cooperação desta aula."
cpc-lei-13105-capture-2026-09-28,Art. 827,aula-06.html,unused,"Art. 827 trata matéria fora dos artigos diretamente aplicáveis à forma, tempo/lugar, prática eletrônica, cartas e cooperação desta aula."
cpc-lei-13105-capture-2026-09-28,Art. 828,aula-06.html,unused,"Art. 828 trata matéria fora dos artigos diretamente aplicáveis à forma, tempo/lugar, prática eletrônica, cartas e cooperação desta aula."
cpc-lei-13105-capture-2026-09-28,Art. 829,aula-06.html,unused,"Art. 829 trata matéria fora dos artigos diretamente aplicáveis à forma, tempo/lugar, prática eletrônica, cartas e cooperação desta aula."
cpc-lei-13105-capture-2026-09-28,Art. 830,aula-06.html,unused,"Art. 830 trata matéria fora dos artigos diretamente aplicáveis à forma, tempo/lugar, prática eletrônica, cartas e cooperação desta aula."
cpc-lei-13105-capture-2026-09-28,Art. 831,aula-06.html,unused,"Art. 831 trata matéria fora dos artigos diretamente aplicáveis à forma, tempo/lugar, prática eletrônica, cartas e cooperação desta aula."
cpc-lei-13105-capture-2026-09-28,Art. 832,aula-06.html,unused,"Art. 832 trata matéria fora dos artigos diretamente aplicáveis à forma, tempo/lugar, prática eletrônica, cartas e cooperação desta aula."
cpc-lei-13105-capture-2026-09-28,Art. 833,aula-06.html,unused,"Art. 833 trata matéria fora dos artigos diretamente aplicáveis à forma, tempo/lugar, prática eletrônica, cartas e cooperação desta aula."
cpc-lei-13105-capture-2026-09-28,Art. 834,aula-06.html,unused,"Art. 834 trata matéria fora dos artigos diretamente aplicáveis à forma, tempo/lugar, prática eletrônica, cartas e cooperação desta aula."
cpc-lei-13105-capture-2026-09-28,Art. 835,aula-06.html,unused,"Art. 835 trata matéria fora dos artigos diretamente aplicáveis à forma, tempo/lugar, prática eletrônica, cartas e cooperação desta aula."
cpc-lei-13105-capture-2026-09-28,Art. 836,aula-06.html,unused,"Art. 836 trata matéria fora dos artigos diretamente aplicáveis à forma, tempo/lugar, prática eletrônica, cartas e cooperação desta aula."
cpc-lei-13105-capture-2026-09-28,Art. 837,aula-06.html,unused,"Art. 837 trata matéria fora dos artigos diretamente aplicáveis à forma, tempo/lugar, prática eletrônica, cartas e cooperação desta aula."
cpc-lei-13105-capture-2026-09-28,Art. 838,aula-06.html,unused,"Art. 838 trata matéria fora dos artigos diretamente aplicáveis à forma, tempo/lugar, prática eletrônica, cartas e cooperação desta aula."
cpc-lei-13105-capture-2026-09-28,Art. 839,aula-06.html,unused,"Art. 839 trata matéria fora dos artigos diretamente aplicáveis à forma, tempo/lugar, prática eletrônica, cartas e cooperação desta aula."
cpc-lei-13105-capture-2026-09-28,Art. 840,aula-06.html,unused,"Art. 840 trata matéria fora dos artigos diretamente aplicáveis à forma, tempo/lugar, prática eletrônica, cartas e cooperação desta aula."
cpc-lei-13105-capture-2026-09-28,Art. 841,aula-06.html,unused,"Art. 841 trata matéria fora dos artigos diretamente aplicáveis à forma, tempo/lugar, prática eletrônica, cartas e cooperação desta aula."
cpc-lei-13105-capture-2026-09-28,Art. 842,aula-06.html,unused,"Art. 842 trata matéria fora dos artigos diretamente aplicáveis à forma, tempo/lugar, prática eletrônica, cartas e cooperação desta aula."
cpc-lei-13105-capture-2026-09-28,Art. 843,aula-06.html,unused,"Art. 843 trata matéria fora dos artigos diretamente aplicáveis à forma, tempo/lugar, prática eletrônica, cartas e cooperação desta aula."
cpc-lei-13105-capture-2026-09-28,Art. 844,aula-06.html,unused,"Art. 844 trata matéria fora dos artigos diretamente aplicáveis à forma, tempo/lugar, prática eletrônica, cartas e cooperação desta aula."
cpc-lei-13105-capture-2026-09-28,Art. 845,aula-06.html,unused,"Art. 845 trata matéria fora dos artigos diretamente aplicáveis à forma, tempo/lugar, prática eletrônica, cartas e cooperação desta aula."
cpc-lei-13105-capture-2026-09-28,Art. 846,aula-06.html,unused,"Art. 846 trata matéria fora dos artigos diretamente aplicáveis à forma, tempo/lugar, prática eletrônica, cartas e cooperação desta aula."
cpc-lei-13105-capture-2026-09-28,Art. 847,aula-06.html,unused,"Art. 847 trata matéria fora dos artigos diretamente aplicáveis à forma, tempo/lugar, prática eletrônica, cartas e cooperação desta aula."
cpc-lei-13105-capture-2026-09-28,Art. 848,aula-06.html,unused,"Art. 848 trata matéria fora dos artigos diretamente aplicáveis à forma, tempo/lugar, prática eletrônica, cartas e cooperação desta aula."
cpc-lei-13105-capture-2026-09-28,Art. 849,aula-06.html,unused,"Art. 849 trata matéria fora dos artigos diretamente aplicáveis à forma, tempo/lugar, prática eletrônica, cartas e cooperação desta aula."
cpc-lei-13105-capture-2026-09-28,Art. 851,aula-06.html,unused,"Art. 851 trata matéria fora dos artigos diretamente aplicáveis à forma, tempo/lugar, prática eletrônica, cartas e cooperação desta aula."
cpc-lei-13105-capture-2026-09-28,Art. 852,aula-06.html,unused,"Art. 852 trata matéria fora dos artigos diretamente aplicáveis à forma, tempo/lugar, prática eletrônica, cartas e cooperação desta aula."
cpc-lei-13105-capture-2026-09-28,Art. 853,aula-06.html,unused,"Art. 853 trata matéria fora dos artigos diretamente aplicáveis à forma, tempo/lugar, prática eletrônica, cartas e cooperação desta aula."
cpc-lei-13105-capture-2026-09-28,Art. 854,aula-06.html,unused,"Art. 854 trata matéria fora dos artigos diretamente aplicáveis à forma, tempo/lugar, prática eletrônica, cartas e cooperação desta aula."
cpc-lei-13105-capture-2026-09-28,Art. 855,aula-06.html,unused,"Art. 855 trata matéria fora dos artigos diretamente aplicáveis à forma, tempo/lugar, prática eletrônica, cartas e cooperação desta aula."
cpc-lei-13105-capture-2026-09-28,Art. 856,aula-06.html,unused,"Art. 856 trata matéria fora dos artigos diretamente aplicáveis à forma, tempo/lugar, prática eletrônica, cartas e cooperação desta aula."
cpc-lei-13105-capture-2026-09-28,Art. 857,aula-06.html,unused,"Art. 857 trata matéria fora dos artigos diretamente aplicáveis à forma, tempo/lugar, prática eletrônica, cartas e cooperação desta aula."
cpc-lei-13105-capture-2026-09-28,Art. 858,aula-06.html,unused,"Art. 858 trata matéria fora dos artigos diretamente aplicáveis à forma, tempo/lugar, prática eletrônica, cartas e cooperação desta aula."
cpc-lei-13105-capture-2026-09-28,Art. 859,aula-06.html,unused,"Art. 859 trata matéria fora dos artigos diretamente aplicáveis à forma, tempo/lugar, prática eletrônica, cartas e cooperação desta aula."
cpc-lei-13105-capture-2026-09-28,Art. 860,aula-06.html,unused,"Art. 860 trata matéria fora dos artigos diretamente aplicáveis à forma, tempo/lugar, prática eletrônica, cartas e cooperação desta aula."
cpc-lei-13105-capture-2026-09-28,Art. 861,aula-06.html,unused,"Art. 861 trata matéria fora dos artigos diretamente aplicáveis à forma, tempo/lugar, prática eletrônica, cartas e cooperação desta aula."
cpc-lei-13105-capture-2026-09-28,Art. 862,aula-06.html,unused,"Art. 862 trata matéria fora dos artigos diretamente aplicáveis à forma, tempo/lugar, prática eletrônica, cartas e cooperação desta aula."
cpc-lei-13105-capture-2026-09-28,Art. 864,aula-06.html,unused,"Art. 864 trata matéria fora dos artigos diretamente aplicáveis à forma, tempo/lugar, prática eletrônica, cartas e cooperação desta aula."
cpc-lei-13105-capture-2026-09-28,Art. 866,aula-06.html,unused,"Art. 866 trata matéria fora dos artigos diretamente aplicáveis à forma, tempo/lugar, prática eletrônica, cartas e cooperação desta aula."
cpc-lei-13105-capture-2026-09-28,Art. 867,aula-06.html,unused,"Art. 867 trata matéria fora dos artigos diretamente aplicáveis à forma, tempo/lugar, prática eletrônica, cartas e cooperação desta aula."
cpc-lei-13105-capture-2026-09-28,Art. 868,aula-06.html,unused,"Art. 868 trata matéria fora dos artigos diretamente aplicáveis à forma, tempo/lugar, prática eletrônica, cartas e cooperação desta aula."
cpc-lei-13105-capture-2026-09-28,Art. 869,aula-06.html,unused,"Art. 869 trata matéria fora dos artigos diretamente aplicáveis à forma, tempo/lugar, prática eletrônica, cartas e cooperação desta aula."
cpc-lei-13105-capture-2026-09-28,Art. 870,aula-06.html,unused,"Art. 870 trata matéria fora dos artigos diretamente aplicáveis à forma, tempo/lugar, prática eletrônica, cartas e cooperação desta aula."
cpc-lei-13105-capture-2026-09-28,Art. 871,aula-06.html,unused,"Art. 871 trata matéria fora dos artigos diretamente aplicáveis à forma, tempo/lugar, prática eletrônica, cartas e cooperação desta aula."
cpc-lei-13105-capture-2026-09-28,Art. 872,aula-06.html,unused,"Art. 872 trata matéria fora dos artigos diretamente aplicáveis à forma, tempo/lugar, prática eletrônica, cartas e cooperação desta aula."
cpc-lei-13105-capture-2026-09-28,Art. 873,aula-06.html,unused,"Art. 873 trata matéria fora dos artigos diretamente aplicáveis à forma, tempo/lugar, prática eletrônica, cartas e cooperação desta aula."
cpc-lei-13105-capture-2026-09-28,Art. 874,aula-06.html,unused,"Art. 874 trata matéria fora dos artigos diretamente aplicáveis à forma, tempo/lugar, prática eletrônica, cartas e cooperação desta aula."
cpc-lei-13105-capture-2026-09-28,Art. 875,aula-06.html,unused,"Art. 875 trata matéria fora dos artigos diretamente aplicáveis à forma, tempo/lugar, prática eletrônica, cartas e cooperação desta aula."
cpc-lei-13105-capture-2026-09-28,Art. 876,aula-06.html,unused,"Art. 876 trata matéria fora dos artigos diretamente aplicáveis à forma, tempo/lugar, prática eletrônica, cartas e cooperação desta aula."
cpc-lei-13105-capture-2026-09-28,Art. 877,aula-06.html,unused,"Art. 877 trata matéria fora dos artigos diretamente aplicáveis à forma, tempo/lugar, prática eletrônica, cartas e cooperação desta aula."
cpc-lei-13105-capture-2026-09-28,Art. 878,aula-06.html,unused,"Art. 878 trata matéria fora dos artigos diretamente aplicáveis à forma, tempo/lugar, prática eletrônica, cartas e cooperação desta aula."
cpc-lei-13105-capture-2026-09-28,Art. 879,aula-06.html,unused,"Art. 879 trata matéria fora dos artigos diretamente aplicáveis à forma, tempo/lugar, prática eletrônica, cartas e cooperação desta aula."
cpc-lei-13105-capture-2026-09-28,Art. 880,aula-06.html,unused,"Art. 880 trata matéria fora dos artigos diretamente aplicáveis à forma, tempo/lugar, prática eletrônica, cartas e cooperação desta aula."
cpc-lei-13105-capture-2026-09-28,Art. 881,aula-06.html,unused,"Art. 881 trata matéria fora dos artigos diretamente aplicáveis à forma, tempo/lugar, prática eletrônica, cartas e cooperação desta aula."
cpc-lei-13105-capture-2026-09-28,Art. 882,aula-06.html,unused,"Art. 882 trata matéria fora dos artigos diretamente aplicáveis à forma, tempo/lugar, prática eletrônica, cartas e cooperação desta aula."
cpc-lei-13105-capture-2026-09-28,Art. 883,aula-06.html,unused,"Art. 883 trata matéria fora dos artigos diretamente aplicáveis à forma, tempo/lugar, prática eletrônica, cartas e cooperação desta aula."
cpc-lei-13105-capture-2026-09-28,Art. 884,aula-06.html,unused,"Art. 884 trata matéria fora dos artigos diretamente aplicáveis à forma, tempo/lugar, prática eletrônica, cartas e cooperação desta aula."
cpc-lei-13105-capture-2026-09-28,Art. 885,aula-06.html,unused,"Art. 885 trata matéria fora dos artigos diretamente aplicáveis à forma, tempo/lugar, prática eletrônica, cartas e cooperação desta aula."
cpc-lei-13105-capture-2026-09-28,Art. 886,aula-06.html,unused,"Art. 886 trata matéria fora dos artigos diretamente aplicáveis à forma, tempo/lugar, prática eletrônica, cartas e cooperação desta aula."
cpc-lei-13105-capture-2026-09-28,Art. 887,aula-06.html,unused,"Art. 887 trata matéria fora dos artigos diretamente aplicáveis à forma, tempo/lugar, prática eletrônica, cartas e cooperação desta aula."
cpc-lei-13105-capture-2026-09-28,Art. 888,aula-06.html,unused,"Art. 888 trata matéria fora dos artigos diretamente aplicáveis à forma, tempo/lugar, prática eletrônica, cartas e cooperação desta aula."
cpc-lei-13105-capture-2026-09-28,Art. 889,aula-06.html,unused,"Art. 889 trata matéria fora dos artigos diretamente aplicáveis à forma, tempo/lugar, prática eletrônica, cartas e cooperação desta aula."
cpc-lei-13105-capture-2026-09-28,Art. 890,aula-06.html,unused,"Art. 890 trata matéria fora dos artigos diretamente aplicáveis à forma, tempo/lugar, prática eletrônica, cartas e cooperação desta aula."
cpc-lei-13105-capture-2026-09-28,Art. 891,aula-06.html,unused,"Art. 891 trata matéria fora dos artigos diretamente aplicáveis à forma, tempo/lugar, prática eletrônica, cartas e cooperação desta aula."
cpc-lei-13105-capture-2026-09-28,Art. 892,aula-06.html,unused,"Art. 892 trata matéria fora dos artigos diretamente aplicáveis à forma, tempo/lugar, prática eletrônica, cartas e cooperação desta aula."
cpc-lei-13105-capture-2026-09-28,Art. 893,aula-06.html,unused,"Art. 893 trata matéria fora dos artigos diretamente aplicáveis à forma, tempo/lugar, prática eletrônica, cartas e cooperação desta aula."
cpc-lei-13105-capture-2026-09-28,Art. 894,aula-06.html,unused,"Art. 894 trata matéria fora dos artigos diretamente aplicáveis à forma, tempo/lugar, prática eletrônica, cartas e cooperação desta aula."
cpc-lei-13105-capture-2026-09-28,Art. 895,aula-06.html,unused,"Art. 895 trata matéria fora dos artigos diretamente aplicáveis à forma, tempo/lugar, prática eletrônica, cartas e cooperação desta aula."
cpc-lei-13105-capture-2026-09-28,Art. 896,aula-06.html,unused,"Art. 896 trata matéria fora dos artigos diretamente aplicáveis à forma, tempo/lugar, prática eletrônica, cartas e cooperação desta aula."
cpc-lei-13105-capture-2026-09-28,Art. 897,aula-06.html,unused,"Art. 897 trata matéria fora dos artigos diretamente aplicáveis à forma, tempo/lugar, prática eletrônica, cartas e cooperação desta aula."
cpc-lei-13105-capture-2026-09-28,Art. 898,aula-06.html,unused,"Art. 898 trata matéria fora dos artigos diretamente aplicáveis à forma, tempo/lugar, prática eletrônica, cartas e cooperação desta aula."
cpc-lei-13105-capture-2026-09-28,Art. 899,aula-06.html,unused,"Art. 899 trata matéria fora dos artigos diretamente aplicáveis à forma, tempo/lugar, prática eletrônica, cartas e cooperação desta aula."
cpc-lei-13105-capture-2026-09-28,Art. 900,aula-06.html,unused,"Art. 900 trata matéria fora dos artigos diretamente aplicáveis à forma, tempo/lugar, prática eletrônica, cartas e cooperação desta aula."
cpc-lei-13105-capture-2026-09-28,Art. 901,aula-06.html,unused,"Art. 901 trata matéria fora dos artigos diretamente aplicáveis à forma, tempo/lugar, prática eletrônica, cartas e cooperação desta aula."
cpc-lei-13105-capture-2026-09-28,Art. 902,aula-06.html,unused,"Art. 902 trata matéria fora dos artigos diretamente aplicáveis à forma, tempo/lugar, prática eletrônica, cartas e cooperação desta aula."
cpc-lei-13105-capture-2026-09-28,Art. 903,aula-06.html,unused,"Art. 903 trata matéria fora dos artigos diretamente aplicáveis à forma, tempo/lugar, prática eletrônica, cartas e cooperação desta aula."
cpc-lei-13105-capture-2026-09-28,Art. 904,aula-06.html,unused,"Art. 904 trata matéria fora dos artigos diretamente aplicáveis à forma, tempo/lugar, prática eletrônica, cartas e cooperação desta aula."
cpc-lei-13105-capture-2026-09-28,Art. 905,aula-06.html,unused,"Art. 905 trata matéria fora dos artigos diretamente aplicáveis à forma, tempo/lugar, prática eletrônica, cartas e cooperação desta aula."
cpc-lei-13105-capture-2026-09-28,Art. 906,aula-06.html,unused,"Art. 906 trata matéria fora dos artigos diretamente aplicáveis à forma, tempo/lugar, prática eletrônica, cartas e cooperação desta aula."
cpc-lei-13105-capture-2026-09-28,Art. 907,aula-06.html,unused,"Art. 907 trata matéria fora dos artigos diretamente aplicáveis à forma, tempo/lugar, prática eletrônica, cartas e cooperação desta aula."
cpc-lei-13105-capture-2026-09-28,Art. 908,aula-06.html,unused,"Art. 908 trata matéria fora dos artigos diretamente aplicáveis à forma, tempo/lugar, prática eletrônica, cartas e cooperação desta aula."
cpc-lei-13105-capture-2026-09-28,Art. 909,aula-06.html,unused,"Art. 909 trata matéria fora dos artigos diretamente aplicáveis à forma, tempo/lugar, prática eletrônica, cartas e cooperação desta aula."
cpc-lei-13105-capture-2026-09-28,Art. 910,aula-06.html,unused,"Art. 910 trata matéria fora dos artigos diretamente aplicáveis à forma, tempo/lugar, prática eletrônica, cartas e cooperação desta aula."
cpc-lei-13105-capture-2026-09-28,Art. 911,aula-06.html,unused,"Art. 911 trata matéria fora dos artigos diretamente aplicáveis à forma, tempo/lugar, prática eletrônica, cartas e cooperação desta aula."
cpc-lei-13105-capture-2026-09-28,Art. 912,aula-06.html,unused,"Art. 912 trata matéria fora dos artigos diretamente aplicáveis à forma, tempo/lugar, prática eletrônica, cartas e cooperação desta aula."
cpc-lei-13105-capture-2026-09-28,Art. 913,aula-06.html,unused,"Art. 913 trata matéria fora dos artigos diretamente aplicáveis à forma, tempo/lugar, prática eletrônica, cartas e cooperação desta aula."
cpc-lei-13105-capture-2026-09-28,Art. 914,aula-06.html,unused,"Art. 914 trata matéria fora dos artigos diretamente aplicáveis à forma, tempo/lugar, prática eletrônica, cartas e cooperação desta aula."
cpc-lei-13105-capture-2026-09-28,Art. 915,aula-06.html,unused,"Art. 915 trata matéria fora dos artigos diretamente aplicáveis à forma, tempo/lugar, prática eletrônica, cartas e cooperação desta aula."
cpc-lei-13105-capture-2026-09-28,Art. 916,aula-06.html,unused,"Art. 916 trata matéria fora dos artigos diretamente aplicáveis à forma, tempo/lugar, prática eletrônica, cartas e cooperação desta aula."
cpc-lei-13105-capture-2026-09-28,Art. 917,aula-06.html,unused,"Art. 917 trata matéria fora dos artigos diretamente aplicáveis à forma, tempo/lugar, prática eletrônica, cartas e cooperação desta aula."
cpc-lei-13105-capture-2026-09-28,Art. 918,aula-06.html,unused,"Art. 918 trata matéria fora dos artigos diretamente aplicáveis à forma, tempo/lugar, prática eletrônica, cartas e cooperação desta aula."
cpc-lei-13105-capture-2026-09-28,Art. 919,aula-06.html,unused,"Art. 919 trata matéria fora dos artigos diretamente aplicáveis à forma, tempo/lugar, prática eletrônica, cartas e cooperação desta aula."
cpc-lei-13105-capture-2026-09-28,Art. 920,aula-06.html,unused,"Art. 920 trata matéria fora dos artigos diretamente aplicáveis à forma, tempo/lugar, prática eletrônica, cartas e cooperação desta aula."
cpc-lei-13105-capture-2026-09-28,Art. 921,aula-06.html,unused,"Art. 921 trata matéria fora dos artigos diretamente aplicáveis à forma, tempo/lugar, prática eletrônica, cartas e cooperação desta aula."
cpc-lei-13105-capture-2026-09-28,Art. 922,aula-06.html,unused,"Art. 922 trata matéria fora dos artigos diretamente aplicáveis à forma, tempo/lugar, prática eletrônica, cartas e cooperação desta aula."
cpc-lei-13105-capture-2026-09-28,Art. 923,aula-06.html,unused,"Art. 923 trata matéria fora dos artigos diretamente aplicáveis à forma, tempo/lugar, prática eletrônica, cartas e cooperação desta aula."
cpc-lei-13105-capture-2026-09-28,Art. 924,aula-06.html,unused,"Art. 924 trata matéria fora dos artigos diretamente aplicáveis à forma, tempo/lugar, prática eletrônica, cartas e cooperação desta aula."
cpc-lei-13105-capture-2026-09-28,Art. 925,aula-06.html,unused,"Art. 925 trata matéria fora dos artigos diretamente aplicáveis à forma, tempo/lugar, prática eletrônica, cartas e cooperação desta aula."
cpc-lei-13105-capture-2026-09-28,Art. 926,aula-06.html,unused,"Art. 926 trata matéria fora dos artigos diretamente aplicáveis à forma, tempo/lugar, prática eletrônica, cartas e cooperação desta aula."
cpc-lei-13105-capture-2026-09-28,Art. 927,aula-06.html,unused,"Art. 927 trata matéria fora dos artigos diretamente aplicáveis à forma, tempo/lugar, prática eletrônica, cartas e cooperação desta aula."
cpc-lei-13105-capture-2026-09-28,Art. 928,aula-06.html,unused,"Art. 928 trata matéria fora dos artigos diretamente aplicáveis à forma, tempo/lugar, prática eletrônica, cartas e cooperação desta aula."
cpc-lei-13105-capture-2026-09-28,Art. 929,aula-06.html,unused,"Art. 929 trata matéria fora dos artigos diretamente aplicáveis à forma, tempo/lugar, prática eletrônica, cartas e cooperação desta aula."
cpc-lei-13105-capture-2026-09-28,Art. 930,aula-06.html,unused,"Art. 930 trata matéria fora dos artigos diretamente aplicáveis à forma, tempo/lugar, prática eletrônica, cartas e cooperação desta aula."
cpc-lei-13105-capture-2026-09-28,Art. 931,aula-06.html,unused,"Art. 931 trata matéria fora dos artigos diretamente aplicáveis à forma, tempo/lugar, prática eletrônica, cartas e cooperação desta aula."
cpc-lei-13105-capture-2026-09-28,Art. 932,aula-06.html,unused,"Art. 932 trata matéria fora dos artigos diretamente aplicáveis à forma, tempo/lugar, prática eletrônica, cartas e cooperação desta aula."
cpc-lei-13105-capture-2026-09-28,Art. 933,aula-06.html,unused,"Art. 933 trata matéria fora dos artigos diretamente aplicáveis à forma, tempo/lugar, prática eletrônica, cartas e cooperação desta aula."
cpc-lei-13105-capture-2026-09-28,Art. 934,aula-06.html,unused,"Art. 934 trata matéria fora dos artigos diretamente aplicáveis à forma, tempo/lugar, prática eletrônica, cartas e cooperação desta aula."
cpc-lei-13105-capture-2026-09-28,Art. 935,aula-06.html,unused,"Art. 935 trata matéria fora dos artigos diretamente aplicáveis à forma, tempo/lugar, prática eletrônica, cartas e cooperação desta aula."
cpc-lei-13105-capture-2026-09-28,Art. 936,aula-06.html,unused,"Art. 936 trata matéria fora dos artigos diretamente aplicáveis à forma, tempo/lugar, prática eletrônica, cartas e cooperação desta aula."
cpc-lei-13105-capture-2026-09-28,Art. 938,aula-06.html,unused,"Art. 938 trata matéria fora dos artigos diretamente aplicáveis à forma, tempo/lugar, prática eletrônica, cartas e cooperação desta aula."
cpc-lei-13105-capture-2026-09-28,Art. 939,aula-06.html,unused,"Art. 939 trata matéria fora dos artigos diretamente aplicáveis à forma, tempo/lugar, prática eletrônica, cartas e cooperação desta aula."
cpc-lei-13105-capture-2026-09-28,Art. 940,aula-06.html,unused,"Art. 940 trata matéria fora dos artigos diretamente aplicáveis à forma, tempo/lugar, prática eletrônica, cartas e cooperação desta aula."
cpc-lei-13105-capture-2026-09-28,Art. 941,aula-06.html,unused,"Art. 941 trata matéria fora dos artigos diretamente aplicáveis à forma, tempo/lugar, prática eletrônica, cartas e cooperação desta aula."
cpc-lei-13105-capture-2026-09-28,Art. 942,aula-06.html,unused,"Art. 942 trata matéria fora dos artigos diretamente aplicáveis à forma, tempo/lugar, prática eletrônica, cartas e cooperação desta aula."
cpc-lei-13105-capture-2026-09-28,Art. 943,aula-06.html,unused,"Art. 943 trata matéria fora dos artigos diretamente aplicáveis à forma, tempo/lugar, prática eletrônica, cartas e cooperação desta aula."
cpc-lei-13105-capture-2026-09-28,Art. 944,aula-06.html,unused,"Art. 944 trata matéria fora dos artigos diretamente aplicáveis à forma, tempo/lugar, prática eletrônica, cartas e cooperação desta aula."
cpc-lei-13105-capture-2026-09-28,Art. 945,aula-06.html,unused,"Art. 945 trata matéria fora dos artigos diretamente aplicáveis à forma, tempo/lugar, prática eletrônica, cartas e cooperação desta aula."
cpc-lei-13105-capture-2026-09-28,Art. 946,aula-06.html,unused,"Art. 946 trata matéria fora dos artigos diretamente aplicáveis à forma, tempo/lugar, prática eletrônica, cartas e cooperação desta aula."
cpc-lei-13105-capture-2026-09-28,Art. 947,aula-06.html,unused,"Art. 947 trata matéria fora dos artigos diretamente aplicáveis à forma, tempo/lugar, prática eletrônica, cartas e cooperação desta aula."
cpc-lei-13105-capture-2026-09-28,Art. 948,aula-06.html,unused,"Art. 948 trata matéria fora dos artigos diretamente aplicáveis à forma, tempo/lugar, prática eletrônica, cartas e cooperação desta aula."
cpc-lei-13105-capture-2026-09-28,Art. 949,aula-06.html,unused,"Art. 949 trata matéria fora dos artigos diretamente aplicáveis à forma, tempo/lugar, prática eletrônica, cartas e cooperação desta aula."
cpc-lei-13105-capture-2026-09-28,Art. 950,aula-06.html,unused,"Art. 950 trata matéria fora dos artigos diretamente aplicáveis à forma, tempo/lugar, prática eletrônica, cartas e cooperação desta aula."
cpc-lei-13105-capture-2026-09-28,Art. 951,aula-06.html,unused,"Art. 951 trata matéria fora dos artigos diretamente aplicáveis à forma, tempo/lugar, prática eletrônica, cartas e cooperação desta aula."
cpc-lei-13105-capture-2026-09-28,Art. 952,aula-06.html,unused,"Art. 952 trata matéria fora dos artigos diretamente aplicáveis à forma, tempo/lugar, prática eletrônica, cartas e cooperação desta aula."
cpc-lei-13105-capture-2026-09-28,Art. 953,aula-06.html,unused,"Art. 953 trata matéria fora dos artigos diretamente aplicáveis à forma, tempo/lugar, prática eletrônica, cartas e cooperação desta aula."
cpc-lei-13105-capture-2026-09-28,Art. 954,aula-06.html,unused,"Art. 954 trata matéria fora dos artigos diretamente aplicáveis à forma, tempo/lugar, prática eletrônica, cartas e cooperação desta aula."
cpc-lei-13105-capture-2026-09-28,Art. 955,aula-06.html,unused,"Art. 955 trata matéria fora dos artigos diretamente aplicáveis à forma, tempo/lugar, prática eletrônica, cartas e cooperação desta aula."
cpc-lei-13105-capture-2026-09-28,Art. 956,aula-06.html,unused,"Art. 956 trata matéria fora dos artigos diretamente aplicáveis à forma, tempo/lugar, prática eletrônica, cartas e cooperação desta aula."
cpc-lei-13105-capture-2026-09-28,Art. 957,aula-06.html,unused,"Art. 957 trata matéria fora dos artigos diretamente aplicáveis à forma, tempo/lugar, prática eletrônica, cartas e cooperação desta aula."
cpc-lei-13105-capture-2026-09-28,Art. 958,aula-06.html,unused,"Art. 958 trata matéria fora dos artigos diretamente aplicáveis à forma, tempo/lugar, prática eletrônica, cartas e cooperação desta aula."
cpc-lei-13105-capture-2026-09-28,Art. 959,aula-06.html,unused,"Art. 959 trata matéria fora dos artigos diretamente aplicáveis à forma, tempo/lugar, prática eletrônica, cartas e cooperação desta aula."
cpc-lei-13105-capture-2026-09-28,Art. 960,aula-06.html,unused,"Art. 960 trata matéria fora dos artigos diretamente aplicáveis à forma, tempo/lugar, prática eletrônica, cartas e cooperação desta aula."
cpc-lei-13105-capture-2026-09-28,Art. 961,aula-06.html,unused,"Art. 961 trata matéria fora dos artigos diretamente aplicáveis à forma, tempo/lugar, prática eletrônica, cartas e cooperação desta aula."
cpc-lei-13105-capture-2026-09-28,Art. 962,aula-06.html,unused,"Art. 962 trata matéria fora dos artigos diretamente aplicáveis à forma, tempo/lugar, prática eletrônica, cartas e cooperação desta aula."
cpc-lei-13105-capture-2026-09-28,Art. 963,aula-06.html,unused,"Art. 963 trata matéria fora dos artigos diretamente aplicáveis à forma, tempo/lugar, prática eletrônica, cartas e cooperação desta aula."
cpc-lei-13105-capture-2026-09-28,Art. 964,aula-06.html,unused,"Art. 964 trata matéria fora dos artigos diretamente aplicáveis à forma, tempo/lugar, prática eletrônica, cartas e cooperação desta aula."
cpc-lei-13105-capture-2026-09-28,Art. 965,aula-06.html,unused,"Art. 965 trata matéria fora dos artigos diretamente aplicáveis à forma, tempo/lugar, prática eletrônica, cartas e cooperação desta aula."
cpc-lei-13105-capture-2026-09-28,Art. 966,aula-06.html,unused,"Art. 966 trata matéria fora dos artigos diretamente aplicáveis à forma, tempo/lugar, prática eletrônica, cartas e cooperação desta aula."
cpc-lei-13105-capture-2026-09-28,Art. 967,aula-06.html,unused,"Art. 967 trata matéria fora dos artigos diretamente aplicáveis à forma, tempo/lugar, prática eletrônica, cartas e cooperação desta aula."
cpc-lei-13105-capture-2026-09-28,Art. 968,aula-06.html,unused,"Art. 968 trata matéria fora dos artigos diretamente aplicáveis à forma, tempo/lugar, prática eletrônica, cartas e cooperação desta aula."
cpc-lei-13105-capture-2026-09-28,Art. 969,aula-06.html,unused,"Art. 969 trata matéria fora dos artigos diretamente aplicáveis à forma, tempo/lugar, prática eletrônica, cartas e cooperação desta aula."
cpc-lei-13105-capture-2026-09-28,Art. 970,aula-06.html,unused,"Art. 970 trata matéria fora dos artigos diretamente aplicáveis à forma, tempo/lugar, prática eletrônica, cartas e cooperação desta aula."
cpc-lei-13105-capture-2026-09-28,Art. 971,aula-06.html,unused,"Art. 971 trata matéria fora dos artigos diretamente aplicáveis à forma, tempo/lugar, prática eletrônica, cartas e cooperação desta aula."
cpc-lei-13105-capture-2026-09-28,Art. 972,aula-06.html,unused,"Art. 972 trata matéria fora dos artigos diretamente aplicáveis à forma, tempo/lugar, prática eletrônica, cartas e cooperação desta aula."
cpc-lei-13105-capture-2026-09-28,Art. 973,aula-06.html,unused,"Art. 973 trata matéria fora dos artigos diretamente aplicáveis à forma, tempo/lugar, prática eletrônica, cartas e cooperação desta aula."
cpc-lei-13105-capture-2026-09-28,Art. 974,aula-06.html,unused,"Art. 974 trata matéria fora dos artigos diretamente aplicáveis à forma, tempo/lugar, prática eletrônica, cartas e cooperação desta aula."
cpc-lei-13105-capture-2026-09-28,Art. 975,aula-06.html,unused,"Art. 975 trata matéria fora dos artigos diretamente aplicáveis à forma, tempo/lugar, prática eletrônica, cartas e cooperação desta aula."
cpc-lei-13105-capture-2026-09-28,Art. 976,aula-06.html,unused,"Art. 976 trata matéria fora dos artigos diretamente aplicáveis à forma, tempo/lugar, prática eletrônica, cartas e cooperação desta aula."
cpc-lei-13105-capture-2026-09-28,Art. 977,aula-06.html,unused,"Art. 977 trata matéria fora dos artigos diretamente aplicáveis à forma, tempo/lugar, prática eletrônica, cartas e cooperação desta aula."
cpc-lei-13105-capture-2026-09-28,Art. 978,aula-06.html,unused,"Art. 978 trata matéria fora dos artigos diretamente aplicáveis à forma, tempo/lugar, prática eletrônica, cartas e cooperação desta aula."
cpc-lei-13105-capture-2026-09-28,Art. 979,aula-06.html,unused,"Art. 979 trata matéria fora dos artigos diretamente aplicáveis à forma, tempo/lugar, prática eletrônica, cartas e cooperação desta aula."
cpc-lei-13105-capture-2026-09-28,Art. 980,aula-06.html,unused,"Art. 980 trata matéria fora dos artigos diretamente aplicáveis à forma, tempo/lugar, prática eletrônica, cartas e cooperação desta aula."
cpc-lei-13105-capture-2026-09-28,Art. 981,aula-06.html,unused,"Art. 981 trata matéria fora dos artigos diretamente aplicáveis à forma, tempo/lugar, prática eletrônica, cartas e cooperação desta aula."
cpc-lei-13105-capture-2026-09-28,Art. 982,aula-06.html,unused,"Art. 982 trata matéria fora dos artigos diretamente aplicáveis à forma, tempo/lugar, prática eletrônica, cartas e cooperação desta aula."
cpc-lei-13105-capture-2026-09-28,Art. 983,aula-06.html,unused,"Art. 983 trata matéria fora dos artigos diretamente aplicáveis à forma, tempo/lugar, prática eletrônica, cartas e cooperação desta aula."
cpc-lei-13105-capture-2026-09-28,Art. 984,aula-06.html,unused,"Art. 984 trata matéria fora dos artigos diretamente aplicáveis à forma, tempo/lugar, prática eletrônica, cartas e cooperação desta aula."
cpc-lei-13105-capture-2026-09-28,Art. 985,aula-06.html,unused,"Art. 985 trata matéria fora dos artigos diretamente aplicáveis à forma, tempo/lugar, prática eletrônica, cartas e cooperação desta aula."
cpc-lei-13105-capture-2026-09-28,Art. 986,aula-06.html,unused,"Art. 986 trata matéria fora dos artigos diretamente aplicáveis à forma, tempo/lugar, prática eletrônica, cartas e cooperação desta aula."
cpc-lei-13105-capture-2026-09-28,Art. 987,aula-06.html,unused,"Art. 987 trata matéria fora dos artigos diretamente aplicáveis à forma, tempo/lugar, prática eletrônica, cartas e cooperação desta aula."
cpc-lei-13105-capture-2026-09-28,Art. 988,aula-06.html,unused,"Art. 988 trata matéria fora dos artigos diretamente aplicáveis à forma, tempo/lugar, prática eletrônica, cartas e cooperação desta aula."
cpc-lei-13105-capture-2026-09-28,Art. 989,aula-06.html,unused,"Art. 989 trata matéria fora dos artigos diretamente aplicáveis à forma, tempo/lugar, prática eletrônica, cartas e cooperação desta aula."
cpc-lei-13105-capture-2026-09-28,Art. 990,aula-06.html,unused,"Art. 990 trata matéria fora dos artigos diretamente aplicáveis à forma, tempo/lugar, prática eletrônica, cartas e cooperação desta aula."
cpc-lei-13105-capture-2026-09-28,Art. 991,aula-06.html,unused,"Art. 991 trata matéria fora dos artigos diretamente aplicáveis à forma, tempo/lugar, prática eletrônica, cartas e cooperação desta aula."
cpc-lei-13105-capture-2026-09-28,Art. 992,aula-06.html,unused,"Art. 992 trata matéria fora dos artigos diretamente aplicáveis à forma, tempo/lugar, prática eletrônica, cartas e cooperação desta aula."
cpc-lei-13105-capture-2026-09-28,Art. 993,aula-06.html,unused,"Art. 993 trata matéria fora dos artigos diretamente aplicáveis à forma, tempo/lugar, prática eletrônica, cartas e cooperação desta aula."
cpc-lei-13105-capture-2026-09-28,Art. 994,aula-06.html,unused,"Art. 994 trata matéria fora dos artigos diretamente aplicáveis à forma, tempo/lugar, prática eletrônica, cartas e cooperação desta aula."
cpc-lei-13105-capture-2026-09-28,Art. 995,aula-06.html,unused,"Art. 995 trata matéria fora dos artigos diretamente aplicáveis à forma, tempo/lugar, prática eletrônica, cartas e cooperação desta aula."
cpc-lei-13105-capture-2026-09-28,Art. 996,aula-06.html,unused,"Art. 996 trata matéria fora dos artigos diretamente aplicáveis à forma, tempo/lugar, prática eletrônica, cartas e cooperação desta aula."
cpc-lei-13105-capture-2026-09-28,Art. 997,aula-06.html,unused,"Art. 997 trata matéria fora dos artigos diretamente aplicáveis à forma, tempo/lugar, prática eletrônica, cartas e cooperação desta aula."
cpc-lei-13105-capture-2026-09-28,Art. 998,aula-06.html,unused,"Art. 998 trata matéria fora dos artigos diretamente aplicáveis à forma, tempo/lugar, prática eletrônica, cartas e cooperação desta aula."
cpc-lei-13105-capture-2026-09-28,Art. 999,aula-06.html,unused,"Art. 999 trata matéria fora dos artigos diretamente aplicáveis à forma, tempo/lugar, prática eletrônica, cartas e cooperação desta aula."
cpc-lei-13105-capture-2026-09-28,Art. 1000,aula-06.html,unused,"Art. 1000 trata matéria fora dos artigos diretamente aplicáveis à forma, tempo/lugar, prática eletrônica, cartas e cooperação desta aula."
cpc-lei-13105-capture-2026-09-28,Art. 1001,aula-06.html,unused,"Art. 1001 trata matéria fora dos artigos diretamente aplicáveis à forma, tempo/lugar, prática eletrônica, cartas e cooperação desta aula."
cpc-lei-13105-capture-2026-09-28,Art. 1002,aula-06.html,unused,"Art. 1002 trata matéria fora dos artigos diretamente aplicáveis à forma, tempo/lugar, prática eletrônica, cartas e cooperação desta aula."
cpc-lei-13105-capture-2026-09-28,Art. 1003,aula-06.html,unused,"Art. 1003 trata matéria fora dos artigos diretamente aplicáveis à forma, tempo/lugar, prática eletrônica, cartas e cooperação desta aula."
cpc-lei-13105-capture-2026-09-28,Art. 1004,aula-06.html,unused,"Art. 1004 trata matéria fora dos artigos diretamente aplicáveis à forma, tempo/lugar, prática eletrônica, cartas e cooperação desta aula."
cpc-lei-13105-capture-2026-09-28,Art. 1005,aula-06.html,unused,"Art. 1005 trata matéria fora dos artigos diretamente aplicáveis à forma, tempo/lugar, prática eletrônica, cartas e cooperação desta aula."
cpc-lei-13105-capture-2026-09-28,Art. 1006,aula-06.html,unused,"Art. 1006 trata matéria fora dos artigos diretamente aplicáveis à forma, tempo/lugar, prática eletrônica, cartas e cooperação desta aula."
cpc-lei-13105-capture-2026-09-28,Art. 1007,aula-06.html,unused,"Art. 1007 trata matéria fora dos artigos diretamente aplicáveis à forma, tempo/lugar, prática eletrônica, cartas e cooperação desta aula."
cpc-lei-13105-capture-2026-09-28,Art. 1008,aula-06.html,unused,"Art. 1008 trata matéria fora dos artigos diretamente aplicáveis à forma, tempo/lugar, prática eletrônica, cartas e cooperação desta aula."
cpc-lei-13105-capture-2026-09-28,Art. 1009,aula-06.html,unused,"Art. 1009 trata matéria fora dos artigos diretamente aplicáveis à forma, tempo/lugar, prática eletrônica, cartas e cooperação desta aula."
cpc-lei-13105-capture-2026-09-28,Art. 1010,aula-06.html,unused,"Art. 1010 trata matéria fora dos artigos diretamente aplicáveis à forma, tempo/lugar, prática eletrônica, cartas e cooperação desta aula."
cpc-lei-13105-capture-2026-09-28,Art. 1011,aula-06.html,unused,"Art. 1011 trata matéria fora dos artigos diretamente aplicáveis à forma, tempo/lugar, prática eletrônica, cartas e cooperação desta aula."
cpc-lei-13105-capture-2026-09-28,Art. 1012,aula-06.html,unused,"Art. 1012 trata matéria fora dos artigos diretamente aplicáveis à forma, tempo/lugar, prática eletrônica, cartas e cooperação desta aula."
cpc-lei-13105-capture-2026-09-28,Art. 1013,aula-06.html,unused,"Art. 1013 trata matéria fora dos artigos diretamente aplicáveis à forma, tempo/lugar, prática eletrônica, cartas e cooperação desta aula."
cpc-lei-13105-capture-2026-09-28,Art. 1014,aula-06.html,unused,"Art. 1014 trata matéria fora dos artigos diretamente aplicáveis à forma, tempo/lugar, prática eletrônica, cartas e cooperação desta aula."
cpc-lei-13105-capture-2026-09-28,Art. 1015,aula-06.html,unused,"Art. 1015 trata matéria fora dos artigos diretamente aplicáveis à forma, tempo/lugar, prática eletrônica, cartas e cooperação desta aula."
cpc-lei-13105-capture-2026-09-28,Art. 1016,aula-06.html,unused,"Art. 1016 trata matéria fora dos artigos diretamente aplicáveis à forma, tempo/lugar, prática eletrônica, cartas e cooperação desta aula."
cpc-lei-13105-capture-2026-09-28,Art. 1017,aula-06.html,unused,"Art. 1017 trata matéria fora dos artigos diretamente aplicáveis à forma, tempo/lugar, prática eletrônica, cartas e cooperação desta aula."
cpc-lei-13105-capture-2026-09-28,Art. 1018,aula-06.html,unused,"Art. 1018 trata matéria fora dos artigos diretamente aplicáveis à forma, tempo/lugar, prática eletrônica, cartas e cooperação desta aula."
cpc-lei-13105-capture-2026-09-28,Art. 1019,aula-06.html,unused,"Art. 1019 trata matéria fora dos artigos diretamente aplicáveis à forma, tempo/lugar, prática eletrônica, cartas e cooperação desta aula."
cpc-lei-13105-capture-2026-09-28,Art. 1020,aula-06.html,unused,"Art. 1020 trata matéria fora dos artigos diretamente aplicáveis à forma, tempo/lugar, prática eletrônica, cartas e cooperação desta aula."
cpc-lei-13105-capture-2026-09-28,Art. 1021,aula-06.html,unused,"Art. 1021 trata matéria fora dos artigos diretamente aplicáveis à forma, tempo/lugar, prática eletrônica, cartas e cooperação desta aula."
cpc-lei-13105-capture-2026-09-28,Art. 1022,aula-06.html,unused,"Art. 1022 trata matéria fora dos artigos diretamente aplicáveis à forma, tempo/lugar, prática eletrônica, cartas e cooperação desta aula."
cpc-lei-13105-capture-2026-09-28,Art. 1023,aula-06.html,unused,"Art. 1023 trata matéria fora dos artigos diretamente aplicáveis à forma, tempo/lugar, prática eletrônica, cartas e cooperação desta aula."
cpc-lei-13105-capture-2026-09-28,Art. 1024,aula-06.html,unused,"Art. 1024 trata matéria fora dos artigos diretamente aplicáveis à forma, tempo/lugar, prática eletrônica, cartas e cooperação desta aula."
cpc-lei-13105-capture-2026-09-28,Art. 1025,aula-06.html,unused,"Art. 1025 trata matéria fora dos artigos diretamente aplicáveis à forma, tempo/lugar, prática eletrônica, cartas e cooperação desta aula."
cpc-lei-13105-capture-2026-09-28,Art. 1026,aula-06.html,unused,"Art. 1026 trata matéria fora dos artigos diretamente aplicáveis à forma, tempo/lugar, prática eletrônica, cartas e cooperação desta aula."
cpc-lei-13105-capture-2026-09-28,Art. 1027,aula-06.html,unused,"Art. 1027 trata matéria fora dos artigos diretamente aplicáveis à forma, tempo/lugar, prática eletrônica, cartas e cooperação desta aula."
cpc-lei-13105-capture-2026-09-28,Art. 1028,aula-06.html,unused,"Art. 1028 trata matéria fora dos artigos diretamente aplicáveis à forma, tempo/lugar, prática eletrônica, cartas e cooperação desta aula."
cpc-lei-13105-capture-2026-09-28,Art. 1029,aula-06.html,unused,"Art. 1029 trata matéria fora dos artigos diretamente aplicáveis à forma, tempo/lugar, prática eletrônica, cartas e cooperação desta aula."
cpc-lei-13105-capture-2026-09-28,Art. 1030,aula-06.html,unused,"Art. 1030 trata matéria fora dos artigos diretamente aplicáveis à forma, tempo/lugar, prática eletrônica, cartas e cooperação desta aula."
cpc-lei-13105-capture-2026-09-28,Art. 1031,aula-06.html,unused,"Art. 1031 trata matéria fora dos artigos diretamente aplicáveis à forma, tempo/lugar, prática eletrônica, cartas e cooperação desta aula."
cpc-lei-13105-capture-2026-09-28,Art. 1032,aula-06.html,unused,"Art. 1032 trata matéria fora dos artigos diretamente aplicáveis à forma, tempo/lugar, prática eletrônica, cartas e cooperação desta aula."
cpc-lei-13105-capture-2026-09-28,Art. 1033,aula-06.html,unused,"Art. 1033 trata matéria fora dos artigos diretamente aplicáveis à forma, tempo/lugar, prática eletrônica, cartas e cooperação desta aula."
cpc-lei-13105-capture-2026-09-28,Art. 1034,aula-06.html,unused,"Art. 1034 trata matéria fora dos artigos diretamente aplicáveis à forma, tempo/lugar, prática eletrônica, cartas e cooperação desta aula."
cpc-lei-13105-capture-2026-09-28,Art. 1035,aula-06.html,unused,"Art. 1035 trata matéria fora dos artigos diretamente aplicáveis à forma, tempo/lugar, prática eletrônica, cartas e cooperação desta aula."
cpc-lei-13105-capture-2026-09-28,Art. 1036,aula-06.html,unused,"Art. 1036 trata matéria fora dos artigos diretamente aplicáveis à forma, tempo/lugar, prática eletrônica, cartas e cooperação desta aula."
cpc-lei-13105-capture-2026-09-28,Art. 1037,aula-06.html,unused,"Art. 1037 trata matéria fora dos artigos diretamente aplicáveis à forma, tempo/lugar, prática eletrônica, cartas e cooperação desta aula."
cpc-lei-13105-capture-2026-09-28,Art. 1038,aula-06.html,unused,"Art. 1038 trata matéria fora dos artigos diretamente aplicáveis à forma, tempo/lugar, prática eletrônica, cartas e cooperação desta aula."
cpc-lei-13105-capture-2026-09-28,Art. 1039,aula-06.html,unused,"Art. 1039 trata matéria fora dos artigos diretamente aplicáveis à forma, tempo/lugar, prática eletrônica, cartas e cooperação desta aula."
cpc-lei-13105-capture-2026-09-28,Art. 1040,aula-06.html,unused,"Art. 1040 trata matéria fora dos artigos diretamente aplicáveis à forma, tempo/lugar, prática eletrônica, cartas e cooperação desta aula."
cpc-lei-13105-capture-2026-09-28,Art. 1041,aula-06.html,unused,"Art. 1041 trata matéria fora dos artigos diretamente aplicáveis à forma, tempo/lugar, prática eletrônica, cartas e cooperação desta aula."
cpc-lei-13105-capture-2026-09-28,Art. 1043,aula-06.html,unused,"Art. 1043 trata matéria fora dos artigos diretamente aplicáveis à forma, tempo/lugar, prática eletrônica, cartas e cooperação desta aula."
cpc-lei-13105-capture-2026-09-28,Art. 1044,aula-06.html,unused,"Art. 1044 trata matéria fora dos artigos diretamente aplicáveis à forma, tempo/lugar, prática eletrônica, cartas e cooperação desta aula."
cpc-lei-13105-capture-2026-09-28,Art. 1045,aula-06.html,unused,"Art. 1045 trata matéria fora dos artigos diretamente aplicáveis à forma, tempo/lugar, prática eletrônica, cartas e cooperação desta aula."
cpc-lei-13105-capture-2026-09-28,Art. 1046,aula-06.html,unused,"Art. 1046 trata matéria fora dos artigos diretamente aplicáveis à forma, tempo/lugar, prática eletrônica, cartas e cooperação desta aula."
cpc-lei-13105-capture-2026-09-28,Art. 1047,aula-06.html,unused,"Art. 1047 trata matéria fora dos artigos diretamente aplicáveis à forma, tempo/lugar, prática eletrônica, cartas e cooperação desta aula."
cpc-lei-13105-capture-2026-09-28,Art. 1048,aula-06.html,unused,"Art. 1048 trata matéria fora dos artigos diretamente aplicáveis à forma, tempo/lugar, prática eletrônica, cartas e cooperação desta aula."
cpc-lei-13105-capture-2026-09-28,Art. 1049,aula-06.html,unused,"Art. 1049 trata matéria fora dos artigos diretamente aplicáveis à forma, tempo/lugar, prática eletrônica, cartas e cooperação desta aula."
cpc-lei-13105-capture-2026-09-28,Art. 1050,aula-06.html,unused,"Art. 1050 trata matéria fora dos artigos diretamente aplicáveis à forma, tempo/lugar, prática eletrônica, cartas e cooperação desta aula."
cpc-lei-13105-capture-2026-09-28,Art. 1051,aula-06.html,unused,"Art. 1051 trata matéria fora dos artigos diretamente aplicáveis à forma, tempo/lugar, prática eletrônica, cartas e cooperação desta aula."
cpc-lei-13105-capture-2026-09-28,Art. 1052,aula-06.html,unused,"Art. 1052 trata matéria fora dos artigos diretamente aplicáveis à forma, tempo/lugar, prática eletrônica, cartas e cooperação desta aula."
cpc-lei-13105-capture-2026-09-28,Art. 1053,aula-06.html,unused,"Art. 1053 trata matéria fora dos artigos diretamente aplicáveis à forma, tempo/lugar, prática eletrônica, cartas e cooperação desta aula."
cpc-lei-13105-capture-2026-09-28,Art. 1054,aula-06.html,unused,"Art. 1054 trata matéria fora dos artigos diretamente aplicáveis à forma, tempo/lugar, prática eletrônica, cartas e cooperação desta aula."
cpc-lei-13105-capture-2026-09-28,Art. 1055,aula-06.html,unused,"Art. 1055 trata matéria fora dos artigos diretamente aplicáveis à forma, tempo/lugar, prática eletrônica, cartas e cooperação desta aula."
cpc-lei-13105-capture-2026-09-28,Art. 1056,aula-06.html,unused,"Art. 1056 trata matéria fora dos artigos diretamente aplicáveis à forma, tempo/lugar, prática eletrônica, cartas e cooperação desta aula."
cpc-lei-13105-capture-2026-09-28,Art. 1057,aula-06.html,unused,"Art. 1057 trata matéria fora dos artigos diretamente aplicáveis à forma, tempo/lugar, prática eletrônica, cartas e cooperação desta aula."
cpc-lei-13105-capture-2026-09-28,Art. 1058,aula-06.html,unused,"Art. 1058 trata matéria fora dos artigos diretamente aplicáveis à forma, tempo/lugar, prática eletrônica, cartas e cooperação desta aula."
cpc-lei-13105-capture-2026-09-28,Art. 1059,aula-06.html,unused,"Art. 1059 trata matéria fora dos artigos diretamente aplicáveis à forma, tempo/lugar, prática eletrônica, cartas e cooperação desta aula."
cpc-lei-13105-capture-2026-09-28,Art. 1060,aula-06.html,unused,"Art. 1060 trata matéria fora dos artigos diretamente aplicáveis à forma, tempo/lugar, prática eletrônica, cartas e cooperação desta aula."
cpc-lei-13105-capture-2026-09-28,Art. 1061,aula-06.html,unused,"Art. 1061 trata matéria fora dos artigos diretamente aplicáveis à forma, tempo/lugar, prática eletrônica, cartas e cooperação desta aula."
cpc-lei-13105-capture-2026-09-28,Art. 1062,aula-06.html,unused,"Art. 1062 trata matéria fora dos artigos diretamente aplicáveis à forma, tempo/lugar, prática eletrônica, cartas e cooperação desta aula."
cpc-lei-13105-capture-2026-09-28,Art. 1063,aula-06.html,unused,"Art. 1063 trata matéria fora dos artigos diretamente aplicáveis à forma, tempo/lugar, prática eletrônica, cartas e cooperação desta aula."
cpc-lei-13105-capture-2026-09-28,Art. 1064,aula-06.html,unused,"Art. 1064 trata matéria fora dos artigos diretamente aplicáveis à forma, tempo/lugar, prática eletrônica, cartas e cooperação desta aula."
cpc-lei-13105-capture-2026-09-28,Art. 1065,aula-06.html,unused,"Art. 1065 trata matéria fora dos artigos diretamente aplicáveis à forma, tempo/lugar, prática eletrônica, cartas e cooperação desta aula."
cpc-lei-13105-capture-2026-09-28,Art. 1066,aula-06.html,unused,"Art. 1066 trata matéria fora dos artigos diretamente aplicáveis à forma, tempo/lugar, prática eletrônica, cartas e cooperação desta aula."
cpc-lei-13105-capture-2026-09-28,Art. 1067,aula-06.html,unused,"Art. 1067 trata matéria fora dos artigos diretamente aplicáveis à forma, tempo/lugar, prática eletrônica, cartas e cooperação desta aula."
cpc-lei-13105-capture-2026-09-28,Art. 1068,aula-06.html,unused,"Art. 1068 trata matéria fora dos artigos diretamente aplicáveis à forma, tempo/lugar, prática eletrônica, cartas e cooperação desta aula."
cpc-lei-13105-capture-2026-09-28,Art. 1069,aula-06.html,unused,"Art. 1069 trata matéria fora dos artigos diretamente aplicáveis à forma, tempo/lugar, prática eletrônica, cartas e cooperação desta aula."
cpc-lei-13105-capture-2026-09-28,Art. 1070,aula-06.html,unused,"Art. 1070 trata matéria fora dos artigos diretamente aplicáveis à forma, tempo/lugar, prática eletrônica, cartas e cooperação desta aula."
cpc-lei-13105-capture-2026-09-28,Art. 1071,aula-06.html,unused,"Art. 1071 trata matéria fora dos artigos diretamente aplicáveis à forma, tempo/lugar, prática eletrônica, cartas e cooperação desta aula."
cpc-lei-13105-capture-2026-09-28,Art. 1072,aula-06.html,unused,"Art. 1072 trata matéria fora dos artigos diretamente aplicáveis à forma, tempo/lugar, prática eletrônica, cartas e cooperação desta aula."
cronograma-processo-civil-2026-2,cronograma-completo,aula-06.html,supporting,"O cronograma oficial situa na semana 7 os atos, processo eletrônico, cartas e cooperação e delimita a leitura dos modelos; serve ao recorte desta aula."
didier-curso-vol1-2017,00-front-matter,aula-06.html,unused,"O capítulo “Front matter and sumário” trata de tema distinto das escolhas de forma, tempo/lugar, meio eletrônico, cartas e cooperação que definem esta aula."
didier-curso-vol1-2017,ch01-s01,aula-06.html,unused,"O capítulo “Introdução ao Direito Processual Civil — 1. Tar.to mais consistente um pem:amento, tanto maior o número de conexõ2s feitas entre abordagens” trata de tema distinto das escolhas de forma, tempo/lugar, meio eletrônico, cartas e cooperação que definem esta aula."
didier-curso-vol1-2017,ch01-s02,aula-06.html,unused,"O capítulo “Introdução ao Direito Processual Civil — 12. Desde Bülow {BÜLOW, Oskar. Lo teoria de los excepciones procesoles y los presupuestos procesales. Miguel” trata de tema distinto das escolhas de forma, tempo/lugar, meio eletrônico, cartas e cooperação que definem esta aula."
didier-curso-vol1-2017,ch02-s01,aula-06.html,unused,"O capítulo “Normas fundamentais do Processo Civil — 1. A ideia foi encampada pelo Fórum Permanente de Processualistas Civis, no enunciado n. 370: ""Norma” trata de tema distinto das escolhas de forma, tempo/lugar, meio eletrônico, cartas e cooperação que definem esta aula."
didier-curso-vol1-2017,ch02-s02,aula-06.html,unused,"O capítulo “Normas fundamentais do Processo Civil — 25. BONAVIDES, Paulo. Curso de Direito Constitucional. 12a ed. rev. amp. São Paulo: Matheiros Ed., 2002,” trata de tema distinto das escolhas de forma, tempo/lugar, meio eletrônico, cartas e cooperação que definem esta aula."
didier-curso-vol1-2017,ch02-s03,aula-06.html,unused,"O capítulo “Normas fundamentais do Processo Civil — 25. BONAVIDES, Paulo. Curso de Direito Constitucional. 12a ed. rev. amp. São Paulo: Matheiros Ed., 2002,” trata de tema distinto das escolhas de forma, tempo/lugar, meio eletrônico, cartas e cooperação que definem esta aula."
didier-curso-vol1-2017,ch03-s01,aula-06.html,unused,"O capítulo “Jurisdição — Opening” trata de tema distinto das escolhas de forma, tempo/lugar, meio eletrônico, cartas e cooperação que definem esta aula."
didier-curso-vol1-2017,ch03-s02,aula-06.html,unused,"O capítulo “Jurisdição — 29. ALMEIDA, Diogo Assumpção Rezende. ""O princípio da adequação e os métodos de solução de con-” trata de tema distinto das escolhas de forma, tempo/lugar, meio eletrônico, cartas e cooperação que definem esta aula."
didier-curso-vol1-2017,ch04-s01,aula-06.html,unused,"O capítulo “Competência — Opening” trata de tema distinto das escolhas de forma, tempo/lugar, meio eletrônico, cartas e cooperação que definem esta aula."
didier-curso-vol1-2017,ch04-s02,aula-06.html,unused,"O capítulo “Competência — 9. Há precedente do STJ nesse sentido: NCOMPETtNCIA. Imóvel. Reivindicatória. Desmembramento da” trata de tema distinto das escolhas de forma, tempo/lugar, meio eletrônico, cartas e cooperação que definem esta aula."
didier-curso-vol1-2017,ch04-s03,aula-06.html,unused,"O capítulo “Competência — 1. perante os órgãos Judiciários da União (Tribunais Superiores) e” trata de tema distinto das escolhas de forma, tempo/lugar, meio eletrônico, cartas e cooperação que definem esta aula."
didier-curso-vol1-2017,ch05,aula-06.html,unused,"O capítulo “Mediação e conciliação” trata de tema distinto das escolhas de forma, tempo/lugar, meio eletrônico, cartas e cooperação que definem esta aula."
didier-curso-vol1-2017,ch06,aula-06.html,unused,"O capítulo “Teoria da ação: da ação e do direito de ação” trata de tema distinto das escolhas de forma, tempo/lugar, meio eletrônico, cartas e cooperação que definem esta aula."
didier-curso-vol1-2017,ch07-s01,aula-06.html,unused,"O capítulo “Pressupostos processuais — Opening” trata de tema distinto das escolhas de forma, tempo/lugar, meio eletrônico, cartas e cooperação que definem esta aula."
didier-curso-vol1-2017,ch07-s02,aula-06.html,unused,"O capítulo “Pressupostos processuais — 23. Nesse sentido, enunciado n. 383 do Fórum Permanente de Processualistas Civis: uAs autarquias e” trata de tema distinto das escolhas de forma, tempo/lugar, meio eletrônico, cartas e cooperação que definem esta aula."
didier-curso-vol1-2017,ch08,aula-06.html,unused,"O capítulo “Teoria dos fatos jurídicos processuais” trata de tema distinto das escolhas de forma, tempo/lugar, meio eletrônico, cartas e cooperação que definem esta aula."
didier-curso-vol1-2017,ch09,aula-06.html,unused,"O capítulo “Invalidades processuais” trata de tema distinto das escolhas de forma, tempo/lugar, meio eletrônico, cartas e cooperação que definem esta aula."
didier-curso-vol1-2017,ch10,aula-06.html,unused,"O capítulo “Preclusão” trata de tema distinto das escolhas de forma, tempo/lugar, meio eletrônico, cartas e cooperação que definem esta aula."
didier-curso-vol1-2017,ch11,aula-06.html,unused,"O capítulo “Teoria da cognição judicial” trata de tema distinto das escolhas de forma, tempo/lugar, meio eletrônico, cartas e cooperação que definem esta aula."
didier-curso-vol1-2017,ch12,aula-06.html,unused,"O capítulo “Litisconsórcio” trata de tema distinto das escolhas de forma, tempo/lugar, meio eletrônico, cartas e cooperação que definem esta aula."
didier-curso-vol1-2017,ch13-s01,aula-06.html,unused,"O capítulo “Intervenção de terceiro — Opening” trata de tema distinto das escolhas de forma, tempo/lugar, meio eletrônico, cartas e cooperação que definem esta aula."
didier-curso-vol1-2017,ch13-s02,aula-06.html,unused,"O capítulo “Intervenção de terceiro — 30. ""Na verdade, o pedido deduzido na ação principal é questão preliminar em relação à demanda objeto” trata de tema distinto das escolhas de forma, tempo/lugar, meio eletrônico, cartas e cooperação que definem esta aula."
didier-curso-vol1-2017,ch13-s03,aula-06.html,unused,"O capítulo “Intervenção de terceiro — 30. ""Na verdade, o pedido deduzido na ação principal é questão preliminar em relação à demanda objeto” trata de tema distinto das escolhas de forma, tempo/lugar, meio eletrônico, cartas e cooperação que definem esta aula."
didier-curso-vol1-2017,ch14,aula-06.html,unused,"O capítulo “Alienação da coisa ou do direito litigioso” trata de tema distinto das escolhas de forma, tempo/lugar, meio eletrônico, cartas e cooperação que definem esta aula."
didier-curso-vol1-2017,ch15-s01,aula-06.html,unused,"O capítulo “Formação do processo e petição inicial — Opening” trata de tema distinto das escolhas de forma, tempo/lugar, meio eletrônico, cartas e cooperação que definem esta aula."
didier-curso-vol1-2017,ch15-s02,aula-06.html,unused,"O capítulo “Formação do processo e petição inicial — 13. Assim, enunciado n. 281 do Fórum Permanente de Processualistas Civis: ""A indicação do dispositivo” trata de tema distinto das escolhas de forma, tempo/lugar, meio eletrônico, cartas e cooperação que definem esta aula."
didier-curso-vol1-2017,ch16,aula-06.html,unused,"O capítulo “Improcedência liminar do pedido” trata de tema distinto das escolhas de forma, tempo/lugar, meio eletrônico, cartas e cooperação que definem esta aula."
didier-curso-vol1-2017,ch17,aula-06.html,unused,"O capítulo “Citação” trata de tema distinto das escolhas de forma, tempo/lugar, meio eletrônico, cartas e cooperação que definem esta aula."
didier-curso-vol1-2017,ch18,aula-06.html,unused,"O capítulo “Audiência preliminar de conciliação ou mediação” trata de tema distinto das escolhas de forma, tempo/lugar, meio eletrônico, cartas e cooperação que definem esta aula."
didier-curso-vol1-2017,ch19-s01,aula-06.html,unused,"O capítulo “Teoria da exceção, resposta do réu e revelia — Opening” trata de tema distinto das escolhas de forma, tempo/lugar, meio eletrônico, cartas e cooperação que definem esta aula."
didier-curso-vol1-2017,ch19-s02,aula-06.html,unused,"O capítulo “Teoria da exceção, resposta do réu e revelia — 17. t tomo diz Eduardo Couture: ""Se o juiz fôsse <onstrangido a tondenar a um novo pagamento de uma” trata de tema distinto das escolhas de forma, tempo/lugar, meio eletrônico, cartas e cooperação que definem esta aula."
didier-curso-vol1-2017,ch20,aula-06.html,unused,"O capítulo “Arguição de impedimento ou suspeição” trata de tema distinto das escolhas de forma, tempo/lugar, meio eletrônico, cartas e cooperação que definem esta aula."
didier-curso-vol1-2017,ch21,aula-06.html,unused,"O capítulo “Providências preliminares e julgamento conforme o estado do processo” trata de tema distinto das escolhas de forma, tempo/lugar, meio eletrônico, cartas e cooperação que definem esta aula."
didier-curso-vol1-2017,ch22,aula-06.html,unused,"O capítulo “Extinção do processo” trata de tema distinto das escolhas de forma, tempo/lugar, meio eletrônico, cartas e cooperação que definem esta aula."
didier-curso-vol1-2017,ch23,aula-06.html,unused,"O capítulo “Suspensão do processo” trata de tema distinto das escolhas de forma, tempo/lugar, meio eletrônico, cartas e cooperação que definem esta aula."
didier-curso-vol1-2017,24-bibliography-01,aula-06.html,unused,"O capítulo “Bibliografia, parte 1” trata de tema distinto das escolhas de forma, tempo/lugar, meio eletrônico, cartas e cooperação que definem esta aula."
didier-curso-vol1-2017,24-bibliography-02,aula-06.html,unused,"O capítulo “Bibliografia, parte 2” trata de tema distinto das escolhas de forma, tempo/lugar, meio eletrônico, cartas e cooperação que definem esta aula."
didier-resposta-reu-revelia,assigned-reading,aula-06.html,unused,"O capítulo “Didier Jr., Resposta do réu e revelia, pp. 637–670” trata de tema distinto das escolhas de forma, tempo/lugar, meio eletrônico, cartas e cooperação que definem esta aula."
eid-litisconsorcio-unitario,assigned-reading,aula-06.html,unused,"O capítulo “EID, Litisconsórcio unitário, pp. 25–69” trata de tema distinto das escolhas de forma, tempo/lugar, meio eletrônico, cartas e cooperação que definem esta aula."
exam-2015-1-avaliacao-1,exam-2015-1-avaliacao-1,aula-06.html,unused,"Os itens identificados tratam de prazo, invalidades e comunicação dos atos, temas das aulas vizinhas; não testam o recorte de meio eletrônico, tempo/lugar ou cooperação desta aula."
exam-2015-1-avaliacao-2,exam-2015-1-avaliacao-2,aula-06.html,unused,"A prova 2 é a avaliação de P2 e foi destinada às aulas de saneamento e prova, não aos atos da semana 7."
exam-2017-2-p1,exam-2017-2-p1,aula-06.html,supporting,"A questão 7 pergunta diretamente sobre tempo e lugar dos atos processuais, testando a escolha do momento e local de prática desta aula."
exam-2018-1-p1,document,aula-06.html,supporting,"A questão sobre cooperação nacional testa a colaboração entre juízos e o cumprimento menos formal de diligências, aplicação direta do resultado desta aula."
exam-2018-2-p1-v1,document,aula-06.html,unused,"As questões identificadas tratam de citação e mandado sem êxito, matéria atribuída à aula-06-citacao, não de atos, tempo/lugar, meio eletrônico ou cooperação desta aula."
exam-2018-2-p1-v2,document,aula-06.html,unused,"As questões identificadas tratam de citação e mandado sem êxito, matéria atribuída à aula-06-citacao, não de atos, tempo/lugar, meio eletrônico ou cooperação desta aula."
exam-2019-2-p1,document,aula-06.html,unused,"O texto indexado não apresenta questão sobre forma, tempo/lugar, meio eletrônico, cartas ou cooperação; fica fora do recorte específico desta aula."
exam-2025-2-p1-candidate,document,aula-06.html,unused,"O arquivo é uma prova candidata de outro docente e seu item identificável trata de intimação/prazo no DJEN, não do recorte desta aula nem de avaliação de Scarparo."
exam-questions-extract-2026-09-28,exam-questions-extract-2026-09-28,aula-06.html,unused,A planilha é apenas um ponto de partida derivado; as questões de tempo/lugar e cooperação já são cobertas pelas provas originais selecionadas.
knijnik-prova-caps1-2,assigned-reading,aula-06.html,unused,"O capítulo “Knijnik, A prova nos juízos cível, penal e tributário, caps. I–II, pp. 3–48” trata de tema distinto das escolhas de forma, tempo/lugar, meio eletrônico, cartas e cooperação que definem esta aula."
koplin-audiencias,artigo-audiencias,aula-06.html,unused,"O capítulo “Klaus Cohen Koplin, Um panorama geral sobre as audiências no novo Código de Processo Civil brasileiro” trata de tema distinto das escolhas de forma, tempo/lugar, meio eletrônico, cartas e cooperação que definem esta aula."
lucon-cpc-355-357,assigned-reading,aula-06.html,unused,"O capítulo “Lucon, Comentários aos arts. 355–357 do CPC/2015, pp. 586–596” trata de tema distinto das escolhas de forma, tempo/lugar, meio eletrônico, cartas e cooperação que definem esta aula."
marinoni-novo-curso-vol1-2017,front-matter,aula-06.html,unused,"O capítulo “Front matter (title page, authors and presentation)” trata de tema distinto das escolhas de forma, tempo/lugar, meio eletrônico, cartas e cooperação que definem esta aula."
marinoni-novo-curso-vol1-2017,introducao,aula-06.html,unused,"O capítulo “Introdução — teoria do processo civil” trata de tema distinto das escolhas de forma, tempo/lugar, meio eletrônico, cartas e cooperação que definem esta aula."
marinoni-novo-curso-vol1-2017,parte-i-cap-01,aula-06.html,unused,"O capítulo “Parte I, capítulo 1 — A Influência Dos Valores Do Estado Liberal De Direito E Do Positivismo Jurídico Sobre Os Conceitos Clássicos De Jurisdição” trata de tema distinto das escolhas de forma, tempo/lugar, meio eletrônico, cartas e cooperação que definem esta aula."
marinoni-novo-curso-vol1-2017,parte-i-cap-02,aula-06.html,unused,"O capítulo “Parte I, capítulo 2 — Do Mito Do Cognitivismo Interpretativo E Do Logicismo Na Aplicação Do Direito No Positivismo Clássico À Dupla Indeterminação Do Direito No Estado Constitucional” trata de tema distinto das escolhas de forma, tempo/lugar, meio eletrônico, cartas e cooperação que definem esta aula."
marinoni-novo-curso-vol1-2017,parte-i-cap-03,aula-06.html,unused,"O capítulo “Parte I, capítulo 3 — A Transformação Do Princípio Da Legalidade: Da Legalidade Formal Pelas Regras À Legalidade Substancial Pelas Normas” trata de tema distinto das escolhas de forma, tempo/lugar, meio eletrônico, cartas e cooperação que definem esta aula."
marinoni-novo-curso-vol1-2017,parte-i-cap-04,aula-06.html,unused,"O capítulo “Parte I, capítulo 4 — O Controle Da Constitucionalidade Pelo Juiz Singular No Direito Brasileiro” trata de tema distinto das escolhas de forma, tempo/lugar, meio eletrônico, cartas e cooperação que definem esta aula."
marinoni-novo-curso-vol1-2017,parte-i-cap-05,aula-06.html,unused,"O capítulo “Parte I, capítulo 5 — A Teoria Dos Direitos Fundamentais” trata de tema distinto das escolhas de forma, tempo/lugar, meio eletrônico, cartas e cooperação que definem esta aula."
marinoni-novo-curso-vol1-2017,parte-i-cap-06,aula-06.html,unused,"O capítulo “Parte I, capítulo 6 — A Jurisdição No Estado Constitucional” trata de tema distinto das escolhas de forma, tempo/lugar, meio eletrônico, cartas e cooperação que definem esta aula."
marinoni-novo-curso-vol1-2017,parte-i-cap-07,aula-06.html,unused,"O capítulo “Parte I, capítulo 7 — A Jurisdição E A Justiça Civil” trata de tema distinto das escolhas de forma, tempo/lugar, meio eletrônico, cartas e cooperação que definem esta aula."
marinoni-novo-curso-vol1-2017,parte-i-cap-08,aula-06.html,unused,"O capítulo “Parte I, capítulo 8 — A Jurisdição No Quadro Das Formas De Resolução De Litígios” trata de tema distinto das escolhas de forma, tempo/lugar, meio eletrônico, cartas e cooperação que definem esta aula."
marinoni-novo-curso-vol1-2017,parte-i-cap-09,aula-06.html,unused,"O capítulo “Parte I, capítulo 9 — O Direito À Jurisdição E Ao Juiz Natural Na Constituição E No Novo Código De Processo Civil” trata de tema distinto das escolhas de forma, tempo/lugar, meio eletrônico, cartas e cooperação que definem esta aula."
marinoni-novo-curso-vol1-2017,parte-ii-cap-01,aula-06.html,unused,"O capítulo “Parte II, capítulo 1 — As Teorias Da Ação E A Posição Do Novo Cpc. Primeiros Apontamentos Para Uma Concepção Adequada Ao Estado Constitucional E À Realidade Normativa Brasileira” trata de tema distinto das escolhas de forma, tempo/lugar, meio eletrônico, cartas e cooperação que definem esta aula."
marinoni-novo-curso-vol1-2017,parte-ii-cap-02,aula-06.html,unused,"O capítulo “Parte II, capítulo 2 — A Influência Dos Valores Do Estado Social Sobre O Direito De Ação” trata de tema distinto das escolhas de forma, tempo/lugar, meio eletrônico, cartas e cooperação que definem esta aula."
marinoni-novo-curso-vol1-2017,parte-ii-cap-03,aula-06.html,unused,"O capítulo “Parte II, capítulo 3 — O Direito De Ação No Quadro Dos Direitos Fundamentais” trata de tema distinto das escolhas de forma, tempo/lugar, meio eletrônico, cartas e cooperação que definem esta aula."
marinoni-novo-curso-vol1-2017,parte-ii-cap-04,aula-06.html,unused,"O capítulo “Parte II, capítulo 4 — O Conteúdo Do Direito De Ação A Partir Da Constituição E Do Novo Código De Processo Civil” trata de tema distinto das escolhas de forma, tempo/lugar, meio eletrônico, cartas e cooperação que definem esta aula."
marinoni-novo-curso-vol1-2017,parte-ii-cap-05,aula-06.html,unused,"O capítulo “Parte II, capítulo 5 — Da Ação Abstrata E Uniforme (Ação Única) À Ação Adequada À Tutela Do Direito Material E Ao Caso Concreto” trata de tema distinto das escolhas de forma, tempo/lugar, meio eletrônico, cartas e cooperação que definem esta aula."
marinoni-novo-curso-vol1-2017,parte-iii-cap-01,aula-06.html,unused,"O capítulo “Parte II, capítulo 1 — Conceito De Direito De Defesa” trata de tema distinto das escolhas de forma, tempo/lugar, meio eletrônico, cartas e cooperação que definem esta aula."
marinoni-novo-curso-vol1-2017,parte-iii-cap-02,aula-06.html,unused,"O capítulo “Parte II, capítulo 2 — Direito De Defesa E Acesso À Justiça” trata de tema distinto das escolhas de forma, tempo/lugar, meio eletrônico, cartas e cooperação que definem esta aula."
marinoni-novo-curso-vol1-2017,parte-iii-cap-03,aula-06.html,unused,"O capítulo “Parte II, capítulo 3 — O Direito De Defesa Na Constituição. O Significado Do Direito À Ampla Defesa” trata de tema distinto das escolhas de forma, tempo/lugar, meio eletrônico, cartas e cooperação que definem esta aula."
marinoni-novo-curso-vol1-2017,parte-iii-cap-04,aula-06.html,unused,"O capítulo “Parte II, capítulo 4 — O Direito De Defesa No Novo Código De Processo Civil” trata de tema distinto das escolhas de forma, tempo/lugar, meio eletrônico, cartas e cooperação que definem esta aula."
marinoni-novo-curso-vol1-2017,parte-iii-cap-05,aula-06.html,unused,"O capítulo “Parte II, capítulo 5 — O Direito Fundamental De Defesa Diante Do Direito Fundamental De Ação” trata de tema distinto das escolhas de forma, tempo/lugar, meio eletrônico, cartas e cooperação que definem esta aula."
marinoni-novo-curso-vol1-2017,parte-iii-cap-06,aula-06.html,unused,"O capítulo “Parte II, capítulo 6 — Problematização Do Direito Fundamental De Defesa” trata de tema distinto das escolhas de forma, tempo/lugar, meio eletrônico, cartas e cooperação que definem esta aula."
marinoni-novo-curso-vol1-2017,parte-iv-cap-01,aula-06.html,unused,"O capítulo “Parte IV, capítulo 1 — Processo E Procedimento Na Doutrina Clássica” trata de tema distinto das escolhas de forma, tempo/lugar, meio eletrônico, cartas e cooperação que definem esta aula."
marinoni-novo-curso-vol1-2017,parte-iv-cap-02,aula-06.html,unused,"O capítulo “Parte IV, capítulo 2 — Bases Para Um Novo Conceito De Processo” trata de tema distinto das escolhas de forma, tempo/lugar, meio eletrônico, cartas e cooperação que definem esta aula."
marinoni-novo-curso-vol1-2017,parte-iv-cap-03,aula-06.html,unused,"O capítulo “Parte IV, capítulo 3 — O Processo Na Perspectiva Dos Direitos Fundamentais. O Direito Fundamental Ao Processo Justo E Sua Densificação Constitucional” trata de tema distinto das escolhas de forma, tempo/lugar, meio eletrônico, cartas e cooperação que definem esta aula."
marinoni-novo-curso-vol1-2017,parte-iv-cap-04,aula-06.html,unused,"O capítulo “Parte IV, capítulo 4 — O Processo, Os Pressupostos Processuais E O Mérito Da Causa” trata de tema distinto das escolhas de forma, tempo/lugar, meio eletrônico, cartas e cooperação que definem esta aula."
marinoni-novo-curso-vol1-2017,parte-iv-cap-05,aula-06.html,unused,"O capítulo “Parte IV, capítulo 5 — Processo De Conhecimento E Processo De Execução No Novo Código De Processo Civil” trata de tema distinto das escolhas de forma, tempo/lugar, meio eletrônico, cartas e cooperação que definem esta aula."
marinoni-novo-curso-vol1-2017,referencias-bibliograficas,aula-06.html,unused,"O capítulo “Referências bibliográficas” trata de tema distinto das escolhas de forma, tempo/lugar, meio eletrônico, cartas e cooperação que definem esta aula."
marinoni-novo-curso-vol2,01,aula-06.html,unused,"O capítulo “Técnica processual e tutela dos direitos” trata de tema distinto das escolhas de forma, tempo/lugar, meio eletrônico, cartas e cooperação que definem esta aula."
marinoni-novo-curso-vol2,02,aula-06.html,unused,"O capítulo “Jurisdição e competência” trata de tema distinto das escolhas de forma, tempo/lugar, meio eletrônico, cartas e cooperação que definem esta aula."
marinoni-novo-curso-vol2,03a,aula-06.html,unused,"O capítulo “Participação no processo: itens 3.1–3.3” trata de tema distinto das escolhas de forma, tempo/lugar, meio eletrônico, cartas e cooperação que definem esta aula."
marinoni-novo-curso-vol2,03b,aula-06.html,unused,"O capítulo “Participação no processo: item 3.4 e caso” trata de tema distinto das escolhas de forma, tempo/lugar, meio eletrônico, cartas e cooperação que definem esta aula."
marinoni-novo-curso-vol2,04,aula-06.html,primary,"Capítulo único de livro-base sobre atos processuais: expõe forma, tempo e lugar, prática eletrônica e cartas/comunicação, dando a base para escolher como e onde praticar o ato."
marinoni-novo-curso-vol2,05,aula-06.html,unused,"O capítulo “Formação, suspensão e extinção do processo” trata de tema distinto das escolhas de forma, tempo/lugar, meio eletrônico, cartas e cooperação que definem esta aula."
marinoni-novo-curso-vol2,06,aula-06.html,unused,"O capítulo “Procedimento comum” trata de tema distinto das escolhas de forma, tempo/lugar, meio eletrônico, cartas e cooperação que definem esta aula."
marinoni-novo-curso-vol2,07,aula-06.html,unused,"O capítulo “Petição inicial” trata de tema distinto das escolhas de forma, tempo/lugar, meio eletrônico, cartas e cooperação que definem esta aula."
marinoni-novo-curso-vol2,08,aula-06.html,unused,"O capítulo “Audiência de conciliação ou de mediação” trata de tema distinto das escolhas de forma, tempo/lugar, meio eletrônico, cartas e cooperação que definem esta aula."
marinoni-novo-curso-vol2,09,aula-06.html,unused,"O capítulo “Atitudes do réu” trata de tema distinto das escolhas de forma, tempo/lugar, meio eletrônico, cartas e cooperação que definem esta aula."
marinoni-novo-curso-vol2,10,aula-06.html,unused,"O capítulo “Antecipação da tutela” trata de tema distinto das escolhas de forma, tempo/lugar, meio eletrônico, cartas e cooperação que definem esta aula."
marinoni-novo-curso-vol2,11,aula-06.html,unused,"O capítulo “Julgamento conforme o estado do processo” trata de tema distinto das escolhas de forma, tempo/lugar, meio eletrônico, cartas e cooperação que definem esta aula."
marinoni-novo-curso-vol2,12,aula-06.html,unused,"O capítulo “Organização do processo” trata de tema distinto das escolhas de forma, tempo/lugar, meio eletrônico, cartas e cooperação que definem esta aula."
marinoni-novo-curso-vol2,13,aula-06.html,unused,"O capítulo “Audiência de instrução e julgamento” trata de tema distinto das escolhas de forma, tempo/lugar, meio eletrônico, cartas e cooperação que definem esta aula."
marinoni-novo-curso-vol2,14.01,aula-06.html,unused,"O capítulo “Prova” trata de tema distinto das escolhas de forma, tempo/lugar, meio eletrônico, cartas e cooperação que definem esta aula."
marinoni-novo-curso-vol2,14.02,aula-06.html,unused,"O capítulo “Prova” trata de tema distinto das escolhas de forma, tempo/lugar, meio eletrônico, cartas e cooperação que definem esta aula."
marinoni-novo-curso-vol2,14.03,aula-06.html,unused,"O capítulo “Prova” trata de tema distinto das escolhas de forma, tempo/lugar, meio eletrônico, cartas e cooperação que definem esta aula."
marinoni-novo-curso-vol2,14.04,aula-06.html,unused,"O capítulo “Prova” trata de tema distinto das escolhas de forma, tempo/lugar, meio eletrônico, cartas e cooperação que definem esta aula."
marinoni-novo-curso-vol2,14.05,aula-06.html,unused,"O capítulo “Prova” trata de tema distinto das escolhas de forma, tempo/lugar, meio eletrônico, cartas e cooperação que definem esta aula."
marinoni-novo-curso-vol2,14.06,aula-06.html,unused,"O capítulo “Prova” trata de tema distinto das escolhas de forma, tempo/lugar, meio eletrônico, cartas e cooperação que definem esta aula."
marinoni-novo-curso-vol2,14.07,aula-06.html,unused,"O capítulo “Prova” trata de tema distinto das escolhas de forma, tempo/lugar, meio eletrônico, cartas e cooperação que definem esta aula."
marinoni-novo-curso-vol2,15.01,aula-06.html,unused,"O capítulo “Sentença” trata de tema distinto das escolhas de forma, tempo/lugar, meio eletrônico, cartas e cooperação que definem esta aula."
marinoni-novo-curso-vol2,15.02,aula-06.html,unused,"O capítulo “Sentença” trata de tema distinto das escolhas de forma, tempo/lugar, meio eletrônico, cartas e cooperação que definem esta aula."
marinoni-novo-curso-vol2,15.03,aula-06.html,unused,"O capítulo “Sentença” trata de tema distinto das escolhas de forma, tempo/lugar, meio eletrônico, cartas e cooperação que definem esta aula."
marinoni-novo-curso-vol2,15.04,aula-06.html,unused,"O capítulo “Sentença” trata de tema distinto das escolhas de forma, tempo/lugar, meio eletrônico, cartas e cooperação que definem esta aula."
marinoni-novo-curso-vol2,16.01,aula-06.html,unused,"O capítulo “Recursos” trata de tema distinto das escolhas de forma, tempo/lugar, meio eletrônico, cartas e cooperação que definem esta aula."
marinoni-novo-curso-vol2,16.02,aula-06.html,unused,"O capítulo “Recursos” trata de tema distinto das escolhas de forma, tempo/lugar, meio eletrônico, cartas e cooperação que definem esta aula."
marinoni-novo-curso-vol2,16.03,aula-06.html,unused,"O capítulo “Recursos” trata de tema distinto das escolhas de forma, tempo/lugar, meio eletrônico, cartas e cooperação que definem esta aula."
marinoni-novo-curso-vol2,17.01,aula-06.html,unused,"O capítulo “Processo nos tribunais” trata de tema distinto das escolhas de forma, tempo/lugar, meio eletrônico, cartas e cooperação que definem esta aula."
marinoni-novo-curso-vol2,17.02,aula-06.html,unused,"O capítulo “Processo nos tribunais” trata de tema distinto das escolhas de forma, tempo/lugar, meio eletrônico, cartas e cooperação que definem esta aula."
marinoni-novo-curso-vol2,18,aula-06.html,unused,"O capítulo “Precedentes” trata de tema distinto das escolhas de forma, tempo/lugar, meio eletrônico, cartas e cooperação que definem esta aula."
marinoni-novo-curso-vol2,19.01,aula-06.html,unused,"O capítulo “Coisa julgada” trata de tema distinto das escolhas de forma, tempo/lugar, meio eletrônico, cartas e cooperação que definem esta aula."
marinoni-novo-curso-vol2,19.02,aula-06.html,unused,"O capítulo “Coisa julgada” trata de tema distinto das escolhas de forma, tempo/lugar, meio eletrônico, cartas e cooperação que definem esta aula."
marinoni-novo-curso-vol2,21,aula-06.html,unused,"O capítulo “Teoria da efetivação das decisões judiciais mediante cumprimento de sentença (abertura e item 1.1)” trata de tema distinto das escolhas de forma, tempo/lugar, meio eletrônico, cartas e cooperação que definem esta aula."
marinoni-novo-curso-vol2,23,aula-06.html,unused,"O capítulo “1.2 Panorama histórico da efetivação de sentenças” trata de tema distinto das escolhas de forma, tempo/lugar, meio eletrônico, cartas e cooperação que definem esta aula."
marinoni-novo-curso-vol2,24,aula-06.html,unused,"O capítulo “1.3 Técnica executiva e tutela dos direitos” trata de tema distinto das escolhas de forma, tempo/lugar, meio eletrônico, cartas e cooperação que definem esta aula."
marinoni-novo-curso-vol2,25,aula-06.html,unused,"O capítulo “1.4 Princípios fundamentais da execução” trata de tema distinto das escolhas de forma, tempo/lugar, meio eletrônico, cartas e cooperação que definem esta aula."
marinoni-novo-curso-vol2,26,aula-06.html,unused,"O capítulo “1.5 As formas de execução” trata de tema distinto das escolhas de forma, tempo/lugar, meio eletrônico, cartas e cooperação que definem esta aula."
marinoni-novo-curso-vol2,27,aula-06.html,unused,"O capítulo “1.6 O art. 515, I, do CPC e as sentenças que dependem de execução” trata de tema distinto das escolhas de forma, tempo/lugar, meio eletrônico, cartas e cooperação que definem esta aula."
marinoni-novo-curso-vol2,28,aula-06.html,unused,"O capítulo “1.7 Os títulos executivos judiciais” trata de tema distinto das escolhas de forma, tempo/lugar, meio eletrônico, cartas e cooperação que definem esta aula."
marinoni-novo-curso-vol2,29,aula-06.html,unused,"O capítulo “1.8 Liquidação da obrigação” trata de tema distinto das escolhas de forma, tempo/lugar, meio eletrônico, cartas e cooperação que definem esta aula."
marinoni-novo-curso-vol2,30,aula-06.html,unused,"O capítulo “1.9 Questões gerais do procedimento de cumprimento de sentença” trata de tema distinto das escolhas de forma, tempo/lugar, meio eletrônico, cartas e cooperação que definem esta aula."
marinoni-novo-curso-vol2,38,aula-06.html,unused,"O capítulo “2.1 Imposição de fazer e de não fazer, prestação da tutela do direito e meios de execução adequados” trata de tema distinto das escolhas de forma, tempo/lugar, meio eletrônico, cartas e cooperação que definem esta aula."
marinoni-novo-curso-vol2,39,aula-06.html,unused,"O capítulo “2.2 Técnicas de execução e controle do poder executivo do juiz” trata de tema distinto das escolhas de forma, tempo/lugar, meio eletrônico, cartas e cooperação que definem esta aula."
marinoni-novo-curso-vol2,40,aula-06.html,unused,"O capítulo “2.3 Defesa do executado” trata de tema distinto das escolhas de forma, tempo/lugar, meio eletrônico, cartas e cooperação que definem esta aula."
marinoni-novo-curso-vol2,41,aula-06.html,unused,"O capítulo “2.4 A sentença que reconhece obrigação de prestar declaração de vontade” trata de tema distinto das escolhas de forma, tempo/lugar, meio eletrônico, cartas e cooperação que definem esta aula."
marinoni-novo-curso-vol2,32,aula-06.html,unused,"O capítulo “A sentença que reconhece a obrigação de entregar coisa” trata de tema distinto das escolhas de forma, tempo/lugar, meio eletrônico, cartas e cooperação que definem esta aula."
marinoni-novo-curso-vol2,42,aula-06.html,unused,"O capítulo “4.1 Tutela pecuniária e técnicas de execução” trata de tema distinto das escolhas de forma, tempo/lugar, meio eletrônico, cartas e cooperação que definem esta aula."
marinoni-novo-curso-vol2,43,aula-06.html,unused,"O capítulo “4.2 Fase inicial da execução” trata de tema distinto das escolhas de forma, tempo/lugar, meio eletrônico, cartas e cooperação que definem esta aula."
marinoni-novo-curso-vol2,51,aula-06.html,unused,"O capítulo “4.3.1–4.3.2 Penhora e responsabilidade patrimonial” trata de tema distinto das escolhas de forma, tempo/lugar, meio eletrônico, cartas e cooperação que definem esta aula."
marinoni-novo-curso-vol2,52,aula-06.html,unused,"O capítulo “4.3.3–4.3.4 Bens de terceiros e fraude” trata de tema distinto das escolhas de forma, tempo/lugar, meio eletrônico, cartas e cooperação que definem esta aula."
marinoni-novo-curso-vol2,53,aula-06.html,unused,"O capítulo “4.3.5 Procedimento da penhora” trata de tema distinto das escolhas de forma, tempo/lugar, meio eletrônico, cartas e cooperação que definem esta aula."
marinoni-novo-curso-vol2,45,aula-06.html,unused,"O capítulo “4.4 Providências preliminares à satisfação do credor” trata de tema distinto das escolhas de forma, tempo/lugar, meio eletrônico, cartas e cooperação que definem esta aula."
marinoni-novo-curso-vol2,46,aula-06.html,unused,"O capítulo “4.5 A defesa do executado” trata de tema distinto das escolhas de forma, tempo/lugar, meio eletrônico, cartas e cooperação que definem esta aula."
marinoni-novo-curso-vol2,47,aula-06.html,unused,"O capítulo “4.6 Satisfação do credor” trata de tema distinto das escolhas de forma, tempo/lugar, meio eletrônico, cartas e cooperação que definem esta aula."
marinoni-novo-curso-vol2,48,aula-06.html,unused,"O capítulo “4.7 Entrega do dinheiro ao credor e caso” trata de tema distinto das escolhas de forma, tempo/lugar, meio eletrônico, cartas e cooperação que definem esta aula."
marinoni-novo-curso-vol2,34,aula-06.html,unused,"O capítulo “Suspensão e conclusão do cumprimento de sentença” trata de tema distinto das escolhas de forma, tempo/lugar, meio eletrônico, cartas e cooperação que definem esta aula."
marinoni-novo-curso-vol2,35,aula-06.html,unused,"O capítulo “A execução da decisão provisória” trata de tema distinto das escolhas de forma, tempo/lugar, meio eletrônico, cartas e cooperação que definem esta aula."
marinoni-novo-curso-vol2,49,aula-06.html,unused,"O capítulo “7.1 Cumprimento de decisão de prestação alimentícia” trata de tema distinto das escolhas de forma, tempo/lugar, meio eletrônico, cartas e cooperação que definem esta aula."
marinoni-novo-curso-vol2,50,aula-06.html,unused,"O capítulo “7.2 Cumprimento contra a Fazenda Pública e caso” trata de tema distinto das escolhas de forma, tempo/lugar, meio eletrônico, cartas e cooperação que definem esta aula."
marinoni-novo-curso-vol2,37,aula-06.html,unused,"O capítulo “Particularidades da execução dos demais títulos judiciais” trata de tema distinto das escolhas de forma, tempo/lugar, meio eletrônico, cartas e cooperação que definem esta aula."
mitidiero-processo-civil-2022,capitulo-i,aula-06.html,unused,"O capítulo “Capítulo I: O Mapa” trata de tema distinto das escolhas de forma, tempo/lugar, meio eletrônico, cartas e cooperação que definem esta aula."
mitidiero-processo-civil-2022,capitulo-ii,aula-06.html,unused,"O capítulo “Capítulo II: O Ouriço e a Raposa” trata de tema distinto das escolhas de forma, tempo/lugar, meio eletrônico, cartas e cooperação que definem esta aula."
mitidiero-processo-civil-2022,capitulo-iii-1,aula-06.html,unused,"O capítulo “Capítulo III, § 3.1: Ação e defesa” trata de tema distinto das escolhas de forma, tempo/lugar, meio eletrônico, cartas e cooperação que definem esta aula."
mitidiero-processo-civil-2022,capitulo-iii-2,aula-06.html,unused,"O capítulo “Capítulo III, § 3.2: Jurisdição” trata de tema distinto das escolhas de forma, tempo/lugar, meio eletrônico, cartas e cooperação que definem esta aula."
mitidiero-processo-civil-2022,capitulo-iii-3,aula-06.html,unused,"O capítulo “Capítulo III, § 3.3: Processo” trata de tema distinto das escolhas de forma, tempo/lugar, meio eletrônico, cartas e cooperação que definem esta aula."
mitidiero-processo-civil-2022,capitulo-iii-4,aula-06.html,unused,"O capítulo “Capítulo III, § 3.4: Princípios formativos, devido processo e normas fundamentais” trata de tema distinto das escolhas de forma, tempo/lugar, meio eletrônico, cartas e cooperação que definem esta aula."
mitidiero-processo-civil-2022,capitulo-iv-1,aula-06.html,unused,"O capítulo “Capítulo IV, § 4.1: Procedimento” trata de tema distinto das escolhas de forma, tempo/lugar, meio eletrônico, cartas e cooperação que definem esta aula."
mitidiero-processo-civil-2022,capitulo-iv-2,aula-06.html,unused,"O capítulo “Capítulo IV, § 4.2: Participantes” trata de tema distinto das escolhas de forma, tempo/lugar, meio eletrônico, cartas e cooperação que definem esta aula."
mitidiero-processo-civil-2022,capitulo-iv-3,aula-06.html,unused,"Outra exposição geral de atos processuais; o capítulo-base de volume 2 já cobre forma, tempo/lugar, suporte eletrônico e comunicação, sem subtema exclusivo que exija este capítulo adicional."
mitidiero-processo-civil-2022,capitulo-iv-4,aula-06.html,unused,"O capítulo “Capítulo IV, § 4.4: Formação, suspensão e extinção do processo” trata de tema distinto das escolhas de forma, tempo/lugar, meio eletrônico, cartas e cooperação que definem esta aula."
mitidiero-processo-civil-2022,capitulo-v-1,aula-06.html,unused,"O capítulo “Capítulo V, § 5.1: Procedimento comum” trata de tema distinto das escolhas de forma, tempo/lugar, meio eletrônico, cartas e cooperação que definem esta aula."
mitidiero-processo-civil-2022,capitulo-v-2,aula-06.html,unused,"O capítulo “Capítulo V, § 5.2: Fase de conhecimento” trata de tema distinto das escolhas de forma, tempo/lugar, meio eletrônico, cartas e cooperação que definem esta aula."
mitidiero-processo-civil-2022,capitulo-v-3,aula-06.html,unused,"O capítulo “Capítulo V, § 5.3: Fase de cumprimento” trata de tema distinto das escolhas de forma, tempo/lugar, meio eletrônico, cartas e cooperação que definem esta aula."
mitidiero-processo-civil-2022,capitulo-vi-1,aula-06.html,unused,"O capítulo “Capítulo VI, § 6.1: Cortes de Justiça e Cortes Supremas” trata de tema distinto das escolhas de forma, tempo/lugar, meio eletrônico, cartas e cooperação que definem esta aula."
mitidiero-processo-civil-2022,capitulo-vi-2,aula-06.html,unused,"O capítulo “Capítulo VI, § 6.2: Recursos” trata de tema distinto das escolhas de forma, tempo/lugar, meio eletrônico, cartas e cooperação que definem esta aula."
mitidiero-processo-civil-2022,capitulo-vi-3,aula-06.html,unused,"O capítulo “Capítulo VI, § 6.3: Incidentes” trata de tema distinto das escolhas de forma, tempo/lugar, meio eletrônico, cartas e cooperação que definem esta aula."
mitidiero-processo-civil-2022,capitulo-vi-4,aula-06.html,unused,"O capítulo “Capítulo VI, § 6.4: Ações” trata de tema distinto das escolhas de forma, tempo/lugar, meio eletrônico, cartas e cooperação que definem esta aula."
mitidiero-processo-civil-2022,capitulo-vii,aula-06.html,unused,"O capítulo “Capítulo VII: Os Moinhos de Vento” trata de tema distinto das escolhas de forma, tempo/lugar, meio eletrônico, cartas e cooperação que definem esta aula."
mitidiero-processo-civil-2022,capitulo-viii,aula-06.html,unused,"O capítulo “Capítulo VIII: Uma História sem Fim” trata de tema distinto das escolhas de forma, tempo/lugar, meio eletrônico, cartas e cooperação que definem esta aula."
moodle-export-ar,moodle-export-ar,aula-06.html,unused,"O documento Exemplo de AR registra citação/intimação, atribuídas à aula-06-citacao; não ensina a escolha do meio eletrônico, do lugar ou de carta/cooperação desta aula."
moodle-export-certidao-ne,moodle-export-certidao-ne,aula-06.html,unused,"O documento Exemplo de Certificação de NE (autos físicos) registra citação/intimação, atribuídas à aula-06-citacao; não ensina a escolha do meio eletrônico, do lugar ou de carta/cooperação desta aula."
moodle-export-edital,exemplo-de-edital,aula-06.html,unused,"O documento Exemplo de Edital registra citação/intimação, atribuídas à aula-06-citacao; não ensina a escolha do meio eletrônico, do lugar ou de carta/cooperação desta aula."
moodle-export-mandado-cumprido,moodle-export-mandado-cumprido,aula-06.html,unused,"O documento Exemplo de mandado cumprido (autos físicos) registra citação/intimação, atribuídas à aula-06-citacao; não ensina a escolha do meio eletrônico, do lugar ou de carta/cooperação desta aula."
moodle-export-mandado-nao-cumprido,moodle-export-mandado-nao-cumprido,aula-06.html,unused,"O documento Exemplo pitoresco de mandado não cumprido registra citação/intimação, atribuídas à aula-06-citacao; não ensina a escolha do meio eletrônico, do lugar ou de carta/cooperação desta aula."
moodle-model-ar,modelo-ar,aula-06.html,unused,"O documento Modelo de Aviso de Recebimento positivo (AR) registra citação/intimação, atribuídas à aula-06-citacao; não ensina a escolha do meio eletrônico, do lugar ou de carta/cooperação desta aula."
moodle-model-certidao-ne,modelo-certidao-ne,aula-06.html,unused,"O documento Modelo de certidão de Nota de Expediente (NE) registra citação/intimação, atribuídas à aula-06-citacao; não ensina a escolha do meio eletrônico, do lugar ou de carta/cooperação desta aula."
moodle-model-edital,moodle-model-edital-document,aula-06.html,unused,"O documento Edital de Citação - Execução registra citação/intimação, atribuídas à aula-06-citacao; não ensina a escolha do meio eletrônico, do lugar ou de carta/cooperação desta aula."
moodle-model-julgamento-sinceridade,moodle-model-julgamento-sinceridade,aula-06.html,unused,"O exemplo trata de julgamento da causa, não da escolha de forma, lugar ou meio de prática do ato nem do uso de carta/cooperação."
moodle-model-mandado-cumprido,moodle-model-mandado-cumprido,aula-06.html,unused,"O documento mandado cumprido/certificado registra citação/intimação, atribuídas à aula-06-citacao; não ensina a escolha do meio eletrônico, do lugar ou de carta/cooperação desta aula."
moodle-model-mandado-nao-cumprido,moodle-model-mandado-nao-cumprido,aula-06.html,unused,"O documento mandado não cumprido registra citação/intimação, atribuídas à aula-06-citacao; não ensina a escolha do meio eletrônico, do lugar ou de carta/cooperação desta aula."
passos-teoria-nulidades,assigned-reading,aula-06.html,unused,"O capítulo “Passos, Esboço de uma teoria das nulidades, pp. 123–142” trata de tema distinto das escolhas de forma, tempo/lugar, meio eletrônico, cartas e cooperação que definem esta aula."
peer-note-carolina-leite-p2,peer-note-carolina-leite-p2,aula-06.html,unused,"Anotação de colega é orientação de estudo, não autoridade jurídica; não acrescenta contexto específico sobre forma, tempo/lugar, meio eletrônico, cartas ou cooperação."
peer-note-resuminho,document,aula-06.html,unused,"Anotação de colega é orientação de estudo, não autoridade jurídica; não acrescenta contexto específico sobre forma, tempo/lugar, meio eletrônico, cartas ou cooperação."
peer-note-whatsapp-00001291,peer-note-whatsapp-00001291,aula-06.html,unused,"Anotação de colega é orientação de estudo, não autoridade jurídica; não acrescenta contexto específico sobre forma, tempo/lugar, meio eletrônico, cartas ou cooperação."
peer-note-whatsapp-00003003,peer-note-whatsapp-00003003,aula-06.html,unused,"Anotação de colega é orientação de estudo, não autoridade jurídica; não acrescenta contexto específico sobre forma, tempo/lugar, meio eletrônico, cartas ou cooperação."
taruffo-la-prova-1992,00-front-matter,aula-06.html,unused,"O capítulo “Front matter and indice-sommario” trata de tema distinto das escolhas de forma, tempo/lugar, meio eletrônico, cartas e cooperação que definem esta aula."
taruffo-la-prova-1992,01-prova-e-verita,aula-06.html,unused,"O capítulo “Capitolo I — Prova e verità nel processo civile” trata de tema distinto das escolhas de forma, tempo/lugar, meio eletrônico, cartas e cooperação que definem esta aula."
taruffo-la-prova-1992,02-il-fatto,aula-06.html,unused,"O capítulo “Capitolo II — Il fatto” trata de tema distinto das escolhas de forma, tempo/lugar, meio eletrônico, cartas e cooperação que definem esta aula."
taruffo-la-prova-1992,03-verita-verosimiglianza-probabilita,aula-06.html,unused,"O capítulo “Capitolo III — Verità, verosimiglianza, probabilità” trata de tema distinto das escolhas de forma, tempo/lugar, meio eletrônico, cartas e cooperação que definem esta aula."
taruffo-la-prova-1992,04-ipotesi-prove-scelte,aula-06.html,unused,"O capítulo “Capitolo IV — Ipotesi, prove, scelte” trata de tema distinto das escolhas de forma, tempo/lugar, meio eletrônico, cartas e cooperação que definem esta aula."
taruffo-la-prova-1992,05-prova-giuridica,aula-06.html,unused,"O capítulo “Capitolo V — La prova giuridica” trata de tema distinto das escolhas de forma, tempo/lugar, meio eletrônico, cartas e cooperação que definem esta aula."
taruffo-la-prova-1992,06-lessico-delle-prove,aula-06.html,unused,"O capítulo “Capitolo VI — Elementi per un lessico delle prove” trata de tema distinto das escolhas de forma, tempo/lugar, meio eletrônico, cartas e cooperação que definem esta aula."
taruffo-la-prova-1992,07-indici,aula-06.html,unused,"O capítulo “Indici analitico e delle fonti” trata de tema distinto das escolhas de forma, tempo/lugar, meio eletrônico, cartas e cooperação que definem esta aula."
marinoni-novo-curso-vol2,14.04b,aula-06.html,unused,"A continuação (§ 9.13 e seguintes) trata de depoimento pessoal, procedimento probatório e confissão; não atende ao recorte desta aula. O capítulo “Prova” trata de tema distinto das escolhas de forma, tempo/lugar, meio eletrônico, cartas e cooperação que definem esta aula."
