source_id,chapter_id,lesson_id,role,why
cpc-lei-13105-capture-2026-09-28,Art. 1,aula-03.html,unused,"Trata de “º O processo civil será ordenado, disciplinado e interpretado conforme os…”; não define as partes nem classifica o litisconsórcio desta aula."
cpc-lei-13105-capture-2026-09-28,Art. 2,aula-03.html,unused,Trata de “º O processo começa por iniciativa da parte e se desenvolve por impulso…”; não define as partes nem classifica o litisconsórcio desta aula.
cpc-lei-13105-capture-2026-09-28,Art. 3,aula-03.html,unused,Trata de “º Não se excluirá da apreciação jurisdicional ameaça ou lesão a direito.”; não define as partes nem classifica o litisconsórcio desta aula.
cpc-lei-13105-capture-2026-09-28,Art. 4,aula-03.html,unused,Trata de “º As partes têm o direito de obter em prazo razoável a solução integral do…”; não define as partes nem classifica o litisconsórcio desta aula.
cpc-lei-13105-capture-2026-09-28,Art. 5,aula-03.html,unused,Trata de “º Aquele que de qualquer forma participa do processo deve comportar-se de…”; não define as partes nem classifica o litisconsórcio desta aula.
cpc-lei-13105-capture-2026-09-28,Art. 6,aula-03.html,unused,Trata de “º Todos os sujeitos do processo devem cooperar entre si para que se obtenha…”; não define as partes nem classifica o litisconsórcio desta aula.
cpc-lei-13105-capture-2026-09-28,Art. 7,aula-03.html,unused,Trata de “º É assegurada às partes paridade de tratamento em relação ao exercício de…”; não define as partes nem classifica o litisconsórcio desta aula.
cpc-lei-13105-capture-2026-09-28,Art. 8,aula-03.html,unused,"Trata de “º Ao aplicar o ordenamento jurídico, o juiz atenderá aos fins sociais e às…”; não define as partes nem classifica o litisconsórcio desta aula."
cpc-lei-13105-capture-2026-09-28,Art. 9,aula-03.html,unused,Trata de “º Não se proferirá decisão contra uma das partes sem que ela seja previamente…”; não define as partes nem classifica o litisconsórcio desta aula.
cpc-lei-13105-capture-2026-09-28,Art. 10,aula-03.html,unused,"Trata de “O juiz não pode decidir, em grau algum de jurisdição, com base em fundamento…”; não define as partes nem classifica o litisconsórcio desta aula."
cpc-lei-13105-capture-2026-09-28,Art. 11,aula-03.html,unused,"Trata de “Todos os julgamentos dos órgãos do Poder Judiciário serão públicos, e…”; não define as partes nem classifica o litisconsórcio desta aula."
cpc-lei-13105-capture-2026-09-28,Art. 12,aula-03.html,unused,Trata de “Os juízes e os tribunais deverão obedecer à ordem cronológica de conclusão…”; não define as partes nem classifica o litisconsórcio desta aula.
cpc-lei-13105-capture-2026-09-28,Art. 13,aula-03.html,unused,Trata de “A jurisdição civil será regida pelas normas processuais brasileiras…”; não define as partes nem classifica o litisconsórcio desta aula.
cpc-lei-13105-capture-2026-09-28,Art. 14,aula-03.html,unused,Trata de “A norma processual não retroagirá e será aplicável imediatamente aos…”; não define as partes nem classifica o litisconsórcio desta aula.
cpc-lei-13105-capture-2026-09-28,Art. 15,aula-03.html,unused,"Trata de “Na ausência de normas que regulem processos eleitorais, trabalhistas ou…”; não define as partes nem classifica o litisconsórcio desta aula."
cpc-lei-13105-capture-2026-09-28,Art. 16,aula-03.html,unused,Trata de “A jurisdição civil é exercida pelos juízes e pelos tribunais em todo o…”; não define as partes nem classifica o litisconsórcio desta aula.
cpc-lei-13105-capture-2026-09-28,Art. 17,aula-03.html,supporting,"Define interesse e legitimidade como requisitos para postular, base legal para identificar quem pode ocupar a posição de parte."
cpc-lei-13105-capture-2026-09-28,Art. 18,aula-03.html,supporting,"Delimita a regra de pleitear direito próprio e a exceção da substituição processual, distinguindo titular do direito e parte."
cpc-lei-13105-capture-2026-09-28,Art. 19,aula-03.html,unused,Trata de “O interesse do autor pode limitar-se à declaração:”; não define as partes nem classifica o litisconsórcio desta aula.
cpc-lei-13105-capture-2026-09-28,Art. 20,aula-03.html,unused,"Trata de “É admissível a ação meramente declaratória, ainda que tenha ocorrido a…”; não define as partes nem classifica o litisconsórcio desta aula."
cpc-lei-13105-capture-2026-09-28,Art. 21,aula-03.html,unused,Trata de “Compete à autoridade judiciária brasileira processar e julgar as ações em que:”; não define as partes nem classifica o litisconsórcio desta aula.
cpc-lei-13105-capture-2026-09-28,Art. 22,aula-03.html,unused,"Trata de “Compete, ainda, à autoridade judiciária brasileira processar e julgar as…”; não define as partes nem classifica o litisconsórcio desta aula."
cpc-lei-13105-capture-2026-09-28,Art. 23,aula-03.html,unused,"Trata de “Compete à autoridade judiciária brasileira, com exclusão de qualquer outra:”; não define as partes nem classifica o litisconsórcio desta aula."
cpc-lei-13105-capture-2026-09-28,Art. 24,aula-03.html,unused,Trata de “A ação proposta perante tribunal estrangeiro não induz litispendência e não…”; não define as partes nem classifica o litisconsórcio desta aula.
cpc-lei-13105-capture-2026-09-28,Art. 25,aula-03.html,unused,Trata de “Não compete à autoridade judiciária brasileira o processamento e o julgamento…”; não define as partes nem classifica o litisconsórcio desta aula.
cpc-lei-13105-capture-2026-09-28,Art. 26,aula-03.html,unused,Trata de “A cooperação jurídica internacional será regida por tratado de que o Brasil…”; não define as partes nem classifica o litisconsórcio desta aula.
cpc-lei-13105-capture-2026-09-28,Art. 27,aula-03.html,unused,Trata de “A cooperação jurídica internacional terá por objeto:”; não define as partes nem classifica o litisconsórcio desta aula.
cpc-lei-13105-capture-2026-09-28,Art. 28,aula-03.html,unused,Trata de “Cabe auxílio direto quando a medida não decorrer diretamente de decisão de…”; não define as partes nem classifica o litisconsórcio desta aula.
cpc-lei-13105-capture-2026-09-28,Art. 29,aula-03.html,unused,Trata de “A solicitação de auxílio direto será encaminhada pelo órgão estrangeiro…”; não define as partes nem classifica o litisconsórcio desta aula.
cpc-lei-13105-capture-2026-09-28,Art. 30,aula-03.html,unused,"Trata de “Além dos casos previstos em tratados de que o Brasil faz parte, o auxílio…”; não define as partes nem classifica o litisconsórcio desta aula."
cpc-lei-13105-capture-2026-09-28,Art. 31,aula-03.html,unused,Trata de “A autoridade central brasileira comunicar-se-á diretamente com suas…”; não define as partes nem classifica o litisconsórcio desta aula.
cpc-lei-13105-capture-2026-09-28,Art. 32,aula-03.html,unused,"Trata de “No caso de auxílio direto para a prática de atos que, segundo a lei…”; não define as partes nem classifica o litisconsórcio desta aula."
cpc-lei-13105-capture-2026-09-28,Art. 33,aula-03.html,unused,"Trata de “Recebido o pedido de auxílio direto passivo, a autoridade central o…”; não define as partes nem classifica o litisconsórcio desta aula."
cpc-lei-13105-capture-2026-09-28,Art. 34,aula-03.html,unused,Trata de “Compete ao juízo federal do lugar em que deva ser executada a medida apreciar…”; não define as partes nem classifica o litisconsórcio desta aula.
cpc-lei-13105-capture-2026-09-28,Art. 35,aula-03.html,unused,Trata de “(VETADO).”; não define as partes nem classifica o litisconsórcio desta aula.
cpc-lei-13105-capture-2026-09-28,Art. 36,aula-03.html,unused,Trata de “O procedimento da carta rogatória perante o Superior Tribunal de Justiça é de…”; não define as partes nem classifica o litisconsórcio desta aula.
cpc-lei-13105-capture-2026-09-28,Art. 37,aula-03.html,unused,Trata de “O pedido de cooperação jurídica internacional oriundo de autoridade…”; não define as partes nem classifica o litisconsórcio desta aula.
cpc-lei-13105-capture-2026-09-28,Art. 38,aula-03.html,unused,Trata de “O pedido de cooperação oriundo de autoridade brasileira competente e os…”; não define as partes nem classifica o litisconsórcio desta aula.
cpc-lei-13105-capture-2026-09-28,Art. 39,aula-03.html,unused,Trata de “O pedido passivo de cooperação jurídica internacional será recusado se…”; não define as partes nem classifica o litisconsórcio desta aula.
cpc-lei-13105-capture-2026-09-28,Art. 40,aula-03.html,unused,Trata de “A cooperação jurídica internacional para execução de decisão estrangeira…”; não define as partes nem classifica o litisconsórcio desta aula.
cpc-lei-13105-capture-2026-09-28,Art. 41,aula-03.html,unused,Trata de “Considera-se autêntico o documento que instruir pedido de cooperação jurídica…”; não define as partes nem classifica o litisconsórcio desta aula.
cpc-lei-13105-capture-2026-09-28,Art. 42,aula-03.html,unused,Trata de “As causas cíveis serão processadas e decididas pelo juiz nos limites de sua…”; não define as partes nem classifica o litisconsórcio desta aula.
cpc-lei-13105-capture-2026-09-28,Art. 43,aula-03.html,unused,Trata de “Determina-se a competência no momento do registro ou da distribuição da…”; não define as partes nem classifica o litisconsórcio desta aula.
cpc-lei-13105-capture-2026-09-28,Art. 44,aula-03.html,unused,Trata de “Obedecidos os limites estabelecidos pela”; não define as partes nem classifica o litisconsórcio desta aula.
cpc-lei-13105-capture-2026-09-28,Art. 45,aula-03.html,unused,"Trata de “Tramitando o processo perante outro juízo, os autos serão remetidos ao juízo…”; não define as partes nem classifica o litisconsórcio desta aula."
cpc-lei-13105-capture-2026-09-28,Art. 46,aula-03.html,unused,Trata de “A ação fundada em direito pessoal ou em direito real sobre bens móveis será…”; não define as partes nem classifica o litisconsórcio desta aula.
cpc-lei-13105-capture-2026-09-28,Art. 47,aula-03.html,unused,Trata de “Para as ações fundadas em direito real sobre imóveis é competente o foro de…”; não define as partes nem classifica o litisconsórcio desta aula.
cpc-lei-13105-capture-2026-09-28,Art. 48,aula-03.html,unused,"Trata de “O foro de domicílio do autor da herança, no Brasil, é o competente para o…”; não define as partes nem classifica o litisconsórcio desta aula."
cpc-lei-13105-capture-2026-09-28,Art. 49,aula-03.html,unused,Trata de “A ação em que o ausente for réu será proposta no foro de seu último…”; não define as partes nem classifica o litisconsórcio desta aula.
cpc-lei-13105-capture-2026-09-28,Art. 50,aula-03.html,unused,Trata de “A ação em que o incapaz for réu será proposta no foro de domicílio de seu…”; não define as partes nem classifica o litisconsórcio desta aula.
cpc-lei-13105-capture-2026-09-28,Art. 51,aula-03.html,unused,Trata de “É competente o foro de domicílio do réu para as causas em que seja autora a…”; não define as partes nem classifica o litisconsórcio desta aula.
cpc-lei-13105-capture-2026-09-28,Art. 52,aula-03.html,unused,Trata de “É competente o foro de domicílio do réu para as causas em que seja autor…”; não define as partes nem classifica o litisconsórcio desta aula.
cpc-lei-13105-capture-2026-09-28,Art. 53,aula-03.html,unused,Trata de “É competente o foro:”; não define as partes nem classifica o litisconsórcio desta aula.
cpc-lei-13105-capture-2026-09-28,Art. 54,aula-03.html,unused,Trata de “A competência relativa poderá modificar-se pela conexão ou pela continência…”; não define as partes nem classifica o litisconsórcio desta aula.
cpc-lei-13105-capture-2026-09-28,Art. 55,aula-03.html,supporting,"Define conexão pelo pedido ou causa de pedir comum, critério expressamente usado pelo art. 113, II, para litisconsórcio facultativo."
cpc-lei-13105-capture-2026-09-28,Art. 56,aula-03.html,unused,Trata de “Dá-se a continência entre 2 (duas) ou mais ações quando houver identidade…”; não define as partes nem classifica o litisconsórcio desta aula.
cpc-lei-13105-capture-2026-09-28,Art. 57,aula-03.html,unused,Trata de “Quando houver continência e a ação continente tiver sido proposta…”; não define as partes nem classifica o litisconsórcio desta aula.
cpc-lei-13105-capture-2026-09-28,Art. 58,aula-03.html,unused,"Trata de “A reunião das ações propostas em separado far-se-á no juízo prevento, onde…”; não define as partes nem classifica o litisconsórcio desta aula."
cpc-lei-13105-capture-2026-09-28,Art. 59,aula-03.html,unused,Trata de “O registro ou a distribuição da petição inicial torna prevento o juízo.”; não define as partes nem classifica o litisconsórcio desta aula.
cpc-lei-13105-capture-2026-09-28,Art. 60,aula-03.html,unused,"Trata de “Se o imóvel se achar situado em mais de um Estado, comarca, seção ou subseção…”; não define as partes nem classifica o litisconsórcio desta aula."
cpc-lei-13105-capture-2026-09-28,Art. 61,aula-03.html,unused,Trata de “A ação acessória será proposta no juízo competente para a ação principal.”; não define as partes nem classifica o litisconsórcio desta aula.
cpc-lei-13105-capture-2026-09-28,Art. 62,aula-03.html,unused,"Trata de “A competência determinada em razão da matéria, da pessoa ou da função é…”; não define as partes nem classifica o litisconsórcio desta aula."
cpc-lei-13105-capture-2026-09-28,Art. 63,aula-03.html,unused,Trata de “As partes podem modificar a competência em razão do valor e do território…”; não define as partes nem classifica o litisconsórcio desta aula.
cpc-lei-13105-capture-2026-09-28,Art. 64,aula-03.html,unused,"Trata de “A incompetência, absoluta ou relativa, será alegada como questão preliminar…”; não define as partes nem classifica o litisconsórcio desta aula."
cpc-lei-13105-capture-2026-09-28,Art. 65,aula-03.html,unused,Trata de “Prorrogar-se-á a competência relativa se o réu não alegar a incompetência em…”; não define as partes nem classifica o litisconsórcio desta aula.
cpc-lei-13105-capture-2026-09-28,Art. 66,aula-03.html,unused,Trata de “Há conflito de competência quando:”; não define as partes nem classifica o litisconsórcio desta aula.
cpc-lei-13105-capture-2026-09-28,Art. 67,aula-03.html,unused,"Trata de “Aos órgãos do Poder Judiciário, estadual ou federal, especializado ou comum…”; não define as partes nem classifica o litisconsórcio desta aula."
cpc-lei-13105-capture-2026-09-28,Art. 68,aula-03.html,unused,Trata de “Os juízos poderão formular entre si pedido de cooperação para prática de…”; não define as partes nem classifica o litisconsórcio desta aula.
cpc-lei-13105-capture-2026-09-28,Art. 69,aula-03.html,unused,"Trata de “O pedido de cooperação jurisdicional deve ser prontamente atendido, prescinde…”; não define as partes nem classifica o litisconsórcio desta aula."
cpc-lei-13105-capture-2026-09-28,Art. 70,aula-03.html,supporting,"Define capacidade para estar em juízo, requisito para identificar a aptidão processual da parte."
cpc-lei-13105-capture-2026-09-28,Art. 71,aula-03.html,supporting,"Indica representação ou assistência do incapaz, distinguindo a parte de quem a representa."
cpc-lei-13105-capture-2026-09-28,Art. 72,aula-03.html,supporting,"Prevê curador especial para incapaz sem representante ou réu revel, hipótese específica de representação processual."
cpc-lei-13105-capture-2026-09-28,Art. 73,aula-03.html,supporting,"Prevê consentimento conjugal e citação de ambos em hipóteses específicas, exemplo legal de litisconsórcio necessário."
cpc-lei-13105-capture-2026-09-28,Art. 74,aula-03.html,supporting,"Regula suprimento judicial e efeito da falta do consentimento do art. 73, completando essa hipótese de integração necessária."
cpc-lei-13105-capture-2026-09-28,Art. 75,aula-03.html,supporting,"Indica quem representa judicialmente entes e pessoas jurídicas, distinguindo representante e parte."
cpc-lei-13105-capture-2026-09-28,Art. 76,aula-03.html,supporting,Regula o saneamento de incapacidade processual ou irregularidade da representação da parte.
cpc-lei-13105-capture-2026-09-28,Art. 77,aula-03.html,unused,"Trata de “Além de outros previstos neste Código, são deveres das partes, de seus…”; não define as partes nem classifica o litisconsórcio desta aula."
cpc-lei-13105-capture-2026-09-28,Art. 78,aula-03.html,unused,"Trata de “É vedado às partes, a seus procuradores, aos juízes, aos membros do…”; não define as partes nem classifica o litisconsórcio desta aula."
cpc-lei-13105-capture-2026-09-28,Art. 79,aula-03.html,unused,"Trata de “Responde por perdas e danos aquele que litigar de má-fé como autor, réu ou…”; não define as partes nem classifica o litisconsórcio desta aula."
cpc-lei-13105-capture-2026-09-28,Art. 80,aula-03.html,unused,Trata de “Considera-se litigante de má-fé aquele que:”; não define as partes nem classifica o litisconsórcio desta aula.
cpc-lei-13105-capture-2026-09-28,Art. 81,aula-03.html,unused,"Trata de “De ofício ou a requerimento, o juiz condenará o litigante de má-fé a pagar…”; não define as partes nem classifica o litisconsórcio desta aula."
cpc-lei-13105-capture-2026-09-28,Art. 82,aula-03.html,unused,"Trata de “Salvo as disposições concernentes à gratuidade da justiça, incumbe às partes…”; não define as partes nem classifica o litisconsórcio desta aula."
cpc-lei-13105-capture-2026-09-28,Art. 83,aula-03.html,unused,"Trata de “O autor, brasileiro ou estrangeiro, que residir fora do Brasil ou deixar de…”; não define as partes nem classifica o litisconsórcio desta aula."
cpc-lei-13105-capture-2026-09-28,Art. 84,aula-03.html,unused,"Trata de “As despesas abrangem as custas dos atos do processo, a indenização de viagem…”; não define as partes nem classifica o litisconsórcio desta aula."
cpc-lei-13105-capture-2026-09-28,Art. 85,aula-03.html,unused,Trata de “A sentença condenará o vencido a pagar honorários ao advogado do vencedor.”; não define as partes nem classifica o litisconsórcio desta aula.
cpc-lei-13105-capture-2026-09-28,Art. 86,aula-03.html,unused,"Trata de “Se cada litigante for, em parte, vencedor e vencido, serão proporcionalmente…”; não define as partes nem classifica o litisconsórcio desta aula."
cpc-lei-13105-capture-2026-09-28,Art. 87,aula-03.html,unused,"Trata de “Concorrendo diversos autores ou diversos réus, os vencidos respondem…”; não define as partes nem classifica o litisconsórcio desta aula."
cpc-lei-13105-capture-2026-09-28,Art. 88,aula-03.html,unused,"Trata de “Nos procedimentos de jurisdição voluntária, as despesas serão adiantadas pelo…”; não define as partes nem classifica o litisconsórcio desta aula."
cpc-lei-13105-capture-2026-09-28,Art. 89,aula-03.html,unused,"Trata de “Nos juízos divisórios, não havendo litígio, os interessados pagarão as…”; não define as partes nem classifica o litisconsórcio desta aula."
cpc-lei-13105-capture-2026-09-28,Art. 90,aula-03.html,unused,"Trata de “Proferida sentença com fundamento em desistência, em renúncia ou em…”; não define as partes nem classifica o litisconsórcio desta aula."
cpc-lei-13105-capture-2026-09-28,Art. 91,aula-03.html,unused,Trata de “As despesas dos atos processuais praticados a requerimento da Fazenda…”; não define as partes nem classifica o litisconsórcio desta aula.
cpc-lei-13105-capture-2026-09-28,Art. 92,aula-03.html,unused,"Trata de “Quando, a requerimento do réu, o juiz proferir sentença sem resolver o…”; não define as partes nem classifica o litisconsórcio desta aula."
cpc-lei-13105-capture-2026-09-28,Art. 93,aula-03.html,unused,Trata de “As despesas de atos adiados ou cuja repetição for necessária ficarão a cargo…”; não define as partes nem classifica o litisconsórcio desta aula.
cpc-lei-13105-capture-2026-09-28,Art. 94,aula-03.html,unused,"Trata de “Se o assistido for vencido, o assistente será condenado ao pagamento das…”; não define as partes nem classifica o litisconsórcio desta aula."
cpc-lei-13105-capture-2026-09-28,Art. 95,aula-03.html,unused,Trata de “Cada parte adiantará a remuneração do assistente técnico que houver indicado…”; não define as partes nem classifica o litisconsórcio desta aula.
cpc-lei-13105-capture-2026-09-28,Art. 96,aula-03.html,unused,Trata de “O valor das sanções impostas ao litigante de má-fé reverterá em benefício da…”; não define as partes nem classifica o litisconsórcio desta aula.
cpc-lei-13105-capture-2026-09-28,Art. 97,aula-03.html,unused,Trata de “A União e os Estados podem criar fundos de modernização do Poder Judiciário…”; não define as partes nem classifica o litisconsórcio desta aula.
cpc-lei-13105-capture-2026-09-28,Art. 98,aula-03.html,unused,"Trata de “A pessoa natural ou jurídica, brasileira ou estrangeira, com insuficiência de…”; não define as partes nem classifica o litisconsórcio desta aula."
cpc-lei-13105-capture-2026-09-28,Art. 99,aula-03.html,unused,"Trata de “O pedido de gratuidade da justiça pode ser formulado na petição inicial, na…”; não define as partes nem classifica o litisconsórcio desta aula."
cpc-lei-13105-capture-2026-09-28,Art. 100,aula-03.html,unused,"Trata de “Deferido o pedido, a parte contrária poderá oferecer impugnação na…”; não define as partes nem classifica o litisconsórcio desta aula."
cpc-lei-13105-capture-2026-09-28,Art. 101,aula-03.html,unused,Trata de “Contra a decisão que indeferir a gratuidade ou a que acolher pedido de sua…”; não define as partes nem classifica o litisconsórcio desta aula.
cpc-lei-13105-capture-2026-09-28,Art. 102,aula-03.html,unused,"Trata de “Sobrevindo o trânsito em julgado de decisão que revoga a gratuidade, a parte…”; não define as partes nem classifica o litisconsórcio desta aula."
cpc-lei-13105-capture-2026-09-28,Art. 103,aula-03.html,unused,Trata de “A parte será representada em juízo por advogado regularmente inscrito na…”; não define as partes nem classifica o litisconsórcio desta aula.
cpc-lei-13105-capture-2026-09-28,Art. 104,aula-03.html,unused,"Trata de “O advogado não será admitido a postular em juízo sem procuração, salvo para…”; não define as partes nem classifica o litisconsórcio desta aula."
cpc-lei-13105-capture-2026-09-28,Art. 105,aula-03.html,unused,"Trata de “A procuração geral para o foro, outorgada por instrumento público ou…”; não define as partes nem classifica o litisconsórcio desta aula."
cpc-lei-13105-capture-2026-09-28,Art. 106,aula-03.html,unused,"Trata de “Quando postular em causa própria, incumbe ao advogado:”; não define as partes nem classifica o litisconsórcio desta aula."
cpc-lei-13105-capture-2026-09-28,Art. 107,aula-03.html,unused,Trata de “O advogado tem direito a:”; não define as partes nem classifica o litisconsórcio desta aula.
cpc-lei-13105-capture-2026-09-28,Art. 108,aula-03.html,unused,"Trata de “No curso do processo, somente é lícita a sucessão voluntária das partes nos…”; não define as partes nem classifica o litisconsórcio desta aula."
cpc-lei-13105-capture-2026-09-28,Art. 109,aula-03.html,unused,"Trata de “A alienação da coisa ou do direito litigioso por ato entre vivos, a título…”; não define as partes nem classifica o litisconsórcio desta aula."
cpc-lei-13105-capture-2026-09-28,Art. 110,aula-03.html,unused,"Trata de “Ocorrendo a morte de qualquer das partes, dar-se-á a sucessão pelo seu…”; não define as partes nem classifica o litisconsórcio desta aula."
cpc-lei-13105-capture-2026-09-28,Art. 111,aula-03.html,unused,"Trata de “A parte que revogar o mandato outorgado a seu advogado constituirá, no mesmo…”; não define as partes nem classifica o litisconsórcio desta aula."
cpc-lei-13105-capture-2026-09-28,Art. 112,aula-03.html,unused,"Trata de “O advogado poderá renunciar ao mandato a qualquer tempo, provando, na forma…”; não define as partes nem classifica o litisconsórcio desta aula."
cpc-lei-13105-capture-2026-09-28,Art. 113,aula-03.html,supporting,"Define hipóteses de litisconsórcio facultativo, eixo classificatório expresso no escopo da aula."
cpc-lei-13105-capture-2026-09-28,Art. 114,aula-03.html,supporting,"Define quando o litisconsórcio é necessário, eixo classificatório expresso no escopo da aula."
cpc-lei-13105-capture-2026-09-28,Art. 115,aula-03.html,supporting,"Estabelece consequências da falta de litisconsorte necessário e da exigência de decisão uniforme, úteis aos dois eixos."
cpc-lei-13105-capture-2026-09-28,Art. 116,aula-03.html,supporting,"Define litisconsórcio unitário pela exigência de julgamento uniforme, eixo classificatório expresso no escopo da aula."
cpc-lei-13105-capture-2026-09-28,Art. 117,aula-03.html,supporting,"Contrasta a atuação independente dos litisconsortes com a regra do litisconsórcio unitário, útil ao eixo simples/unitário."
cpc-lei-13105-capture-2026-09-28,Art. 118,aula-03.html,unused,"Trata de “Cada litisconsorte tem o direito de promover o andamento do processo, e todos…”; não define as partes nem classifica o litisconsórcio desta aula."
cpc-lei-13105-capture-2026-09-28,Art. 119,aula-03.html,unused,"Trata de “Pendendo causa entre 2 (duas) ou mais pessoas, o terceiro juridicamente…”; não define as partes nem classifica o litisconsórcio desta aula."
cpc-lei-13105-capture-2026-09-28,Art. 120,aula-03.html,unused,"Trata de “Não havendo impugnação no prazo de 15 (quinze) dias, o pedido do assistente…”; não define as partes nem classifica o litisconsórcio desta aula."
cpc-lei-13105-capture-2026-09-28,Art. 121,aula-03.html,unused,"Trata de “O assistente simples atuará como auxiliar da parte principal, exercerá os…”; não define as partes nem classifica o litisconsórcio desta aula."
cpc-lei-13105-capture-2026-09-28,Art. 122,aula-03.html,unused,Trata de “A assistência simples não obsta a que a parte principal reconheça a…”; não define as partes nem classifica o litisconsórcio desta aula.
cpc-lei-13105-capture-2026-09-28,Art. 123,aula-03.html,unused,Trata de “Transitada em julgado a sentença no processo em que interveio o assistente…”; não define as partes nem classifica o litisconsórcio desta aula.
cpc-lei-13105-capture-2026-09-28,Art. 124,aula-03.html,unused,Trata de “Considera-se litisconsorte da parte principal o assistente sempre que a…”; não define as partes nem classifica o litisconsórcio desta aula.
cpc-lei-13105-capture-2026-09-28,Art. 125,aula-03.html,unused,"Trata de “É admissível a denunciação da lide, promovida por qualquer das partes:”; não define as partes nem classifica o litisconsórcio desta aula."
cpc-lei-13105-capture-2026-09-28,Art. 126,aula-03.html,unused,"Trata de “A citação do denunciado será requerida na petição inicial, se o denunciante…”; não define as partes nem classifica o litisconsórcio desta aula."
cpc-lei-13105-capture-2026-09-28,Art. 127,aula-03.html,unused,"Trata de “Feita a denunciação pelo autor, o denunciado poderá assumir a posição de…”; não define as partes nem classifica o litisconsórcio desta aula."
cpc-lei-13105-capture-2026-09-28,Art. 128,aula-03.html,unused,Trata de “Feita a denunciação pelo réu:”; não define as partes nem classifica o litisconsórcio desta aula.
cpc-lei-13105-capture-2026-09-28,Art. 129,aula-03.html,unused,"Trata de “Se o denunciante for vencido na ação principal, o juiz passará ao julgamento…”; não define as partes nem classifica o litisconsórcio desta aula."
cpc-lei-13105-capture-2026-09-28,Art. 130,aula-03.html,unused,"Trata de “É admissível o chamamento ao processo, requerido pelo réu:”; não define as partes nem classifica o litisconsórcio desta aula."
cpc-lei-13105-capture-2026-09-28,Art. 131,aula-03.html,unused,Trata de “A citação daqueles que devam figurar em litisconsórcio passivo será requerida…”; não define as partes nem classifica o litisconsórcio desta aula.
cpc-lei-13105-capture-2026-09-28,Art. 132,aula-03.html,unused,Trata de “A sentença de procedência valerá como título executivo em favor do réu que…”; não define as partes nem classifica o litisconsórcio desta aula.
cpc-lei-13105-capture-2026-09-28,Art. 133,aula-03.html,unused,Trata de “O incidente de desconsideração da personalidade jurídica será instaurado a…”; não define as partes nem classifica o litisconsórcio desta aula.
cpc-lei-13105-capture-2026-09-28,Art. 134,aula-03.html,unused,Trata de “O incidente de desconsideração é cabível em todas as fases do processo de…”; não define as partes nem classifica o litisconsórcio desta aula.
cpc-lei-13105-capture-2026-09-28,Art. 135,aula-03.html,unused,"Trata de “Instaurado o incidente, o sócio ou a pessoa jurídica será citado para…”; não define as partes nem classifica o litisconsórcio desta aula."
cpc-lei-13105-capture-2026-09-28,Art. 136,aula-03.html,unused,"Trata de “Concluída a instrução, se necessária, o incidente será resolvido por decisão…”; não define as partes nem classifica o litisconsórcio desta aula."
cpc-lei-13105-capture-2026-09-28,Art. 137,aula-03.html,unused,"Trata de “Acolhido o pedido de desconsideração, a alienação ou a oneração de bens…”; não define as partes nem classifica o litisconsórcio desta aula."
cpc-lei-13105-capture-2026-09-28,Art. 138,aula-03.html,unused,"Trata de “O juiz ou o relator, considerando a relevância da matéria, a especificidade…”; não define as partes nem classifica o litisconsórcio desta aula."
cpc-lei-13105-capture-2026-09-28,Art. 139,aula-03.html,unused,Trata de “O juiz dirigirá o processo conforme as disposições deste Código…”; não define as partes nem classifica o litisconsórcio desta aula.
cpc-lei-13105-capture-2026-09-28,Art. 140,aula-03.html,unused,Trata de “O juiz não se exime de decidir sob a alegação de lacuna ou obscuridade do…”; não define as partes nem classifica o litisconsórcio desta aula.
cpc-lei-13105-capture-2026-09-28,Art. 141,aula-03.html,unused,"Trata de “O juiz decidirá o mérito nos limites propostos pelas partes, sendo-lhe vedado…”; não define as partes nem classifica o litisconsórcio desta aula."
cpc-lei-13105-capture-2026-09-28,Art. 142,aula-03.html,unused,"Trata de “Convencendo-se, pelas circunstâncias, de que autor e réu se serviram do…”; não define as partes nem classifica o litisconsórcio desta aula."
cpc-lei-13105-capture-2026-09-28,Art. 143,aula-03.html,unused,"Trata de “O juiz responderá, civil e regressivamente, por perdas e danos quando:”; não define as partes nem classifica o litisconsórcio desta aula."
cpc-lei-13105-capture-2026-09-28,Art. 144,aula-03.html,unused,"Trata de “Há impedimento do juiz, sendo-lhe vedado exercer suas funções no processo:”; não define as partes nem classifica o litisconsórcio desta aula."
cpc-lei-13105-capture-2026-09-28,Art. 145,aula-03.html,unused,Trata de “Há suspeição do juiz:”; não define as partes nem classifica o litisconsórcio desta aula.
cpc-lei-13105-capture-2026-09-28,Art. 146,aula-03.html,unused,"Trata de “No prazo de 15 (quinze) dias, a contar do conhecimento do fato, a parte…”; não define as partes nem classifica o litisconsórcio desta aula."
cpc-lei-13105-capture-2026-09-28,Art. 147,aula-03.html,unused,"Trata de “Quando 2 (dois) ou mais juízes forem parentes, consanguíneos ou afins, em…”; não define as partes nem classifica o litisconsórcio desta aula."
cpc-lei-13105-capture-2026-09-28,Art. 148,aula-03.html,unused,Trata de “Aplicam-se os motivos de impedimento e de suspeição:”; não define as partes nem classifica o litisconsórcio desta aula.
cpc-lei-13105-capture-2026-09-28,Art. 149,aula-03.html,unused,"Trata de “São auxiliares da Justiça, além de outros cujas atribuições sejam…”; não define as partes nem classifica o litisconsórcio desta aula."
cpc-lei-13105-capture-2026-09-28,Art. 150,aula-03.html,unused,"Trata de “Em cada juízo haverá um ou mais ofícios de justiça, cujas atribuições serão…”; não define as partes nem classifica o litisconsórcio desta aula."
cpc-lei-13105-capture-2026-09-28,Art. 151,aula-03.html,unused,"Trata de “Em cada comarca, seção ou subseção judiciária haverá, no mínimo, tantos…”; não define as partes nem classifica o litisconsórcio desta aula."
cpc-lei-13105-capture-2026-09-28,Art. 152,aula-03.html,unused,Trata de “Incumbe ao escrivão ou ao chefe de secretaria:”; não define as partes nem classifica o litisconsórcio desta aula.
cpc-lei-13105-capture-2026-09-28,Art. 153,aula-03.html,unused,Trata de “O escrivão ou chefe de secretaria deverá obedecer à ordem cronológica de…”; não define as partes nem classifica o litisconsórcio desta aula.
cpc-lei-13105-capture-2026-09-28,Art. 154,aula-03.html,unused,Trata de “Incumbe ao oficial de justiça:”; não define as partes nem classifica o litisconsórcio desta aula.
cpc-lei-13105-capture-2026-09-28,Art. 155,aula-03.html,unused,"Trata de “O escrivão, o chefe de secretaria e o oficial de justiça são responsáveis…”; não define as partes nem classifica o litisconsórcio desta aula."
cpc-lei-13105-capture-2026-09-28,Art. 156,aula-03.html,unused,Trata de “O juiz será assistido por perito quando a prova do fato depender de…”; não define as partes nem classifica o litisconsórcio desta aula.
cpc-lei-13105-capture-2026-09-28,Art. 157,aula-03.html,unused,Trata de “O perito tem o dever de cumprir o ofício no prazo que lhe designar o juiz…”; não define as partes nem classifica o litisconsórcio desta aula.
cpc-lei-13105-capture-2026-09-28,Art. 158,aula-03.html,unused,"Trata de “O perito que, por dolo ou culpa, prestar informações inverídicas responderá…”; não define as partes nem classifica o litisconsórcio desta aula."
cpc-lei-13105-capture-2026-09-28,Art. 159,aula-03.html,unused,"Trata de “A guarda e a conservação de bens penhorados, arrestados, sequestrados ou…”; não define as partes nem classifica o litisconsórcio desta aula."
cpc-lei-13105-capture-2026-09-28,Art. 160,aula-03.html,unused,Trata de “Por seu trabalho o depositário ou o administrador perceberá remuneração que o…”; não define as partes nem classifica o litisconsórcio desta aula.
cpc-lei-13105-capture-2026-09-28,Art. 161,aula-03.html,unused,"Trata de “O depositário ou o administrador responde pelos prejuízos que, por dolo ou…”; não define as partes nem classifica o litisconsórcio desta aula."
cpc-lei-13105-capture-2026-09-28,Art. 162,aula-03.html,unused,Trata de “O juiz nomeará intérprete ou tradutor quando necessário para:”; não define as partes nem classifica o litisconsórcio desta aula.
cpc-lei-13105-capture-2026-09-28,Art. 163,aula-03.html,unused,Trata de “Não pode ser intérprete ou tradutor quem:”; não define as partes nem classifica o litisconsórcio desta aula.
cpc-lei-13105-capture-2026-09-28,Art. 164,aula-03.html,unused,"Trata de “O intérprete ou tradutor, oficial ou não, é obrigado a desempenhar seu…”; não define as partes nem classifica o litisconsórcio desta aula."
cpc-lei-13105-capture-2026-09-28,Art. 165,aula-03.html,unused,Trata de “Os tribunais criarão centros judiciários de solução consensual de conflitos…”; não define as partes nem classifica o litisconsórcio desta aula.
cpc-lei-13105-capture-2026-09-28,Art. 166,aula-03.html,unused,Trata de “A conciliação e a mediação são informadas pelos princípios da independência…”; não define as partes nem classifica o litisconsórcio desta aula.
cpc-lei-13105-capture-2026-09-28,Art. 167,aula-03.html,unused,"Trata de “Os conciliadores, os mediadores e as câmaras privadas de conciliação e…”; não define as partes nem classifica o litisconsórcio desta aula."
cpc-lei-13105-capture-2026-09-28,Art. 168,aula-03.html,unused,"Trata de “As partes podem escolher, de comum acordo, o conciliador, o mediador ou a…”; não define as partes nem classifica o litisconsórcio desta aula."
cpc-lei-13105-capture-2026-09-28,Art. 169,aula-03.html,unused,Trata de “Ressalvada a hipótese do”; não define as partes nem classifica o litisconsórcio desta aula.
cpc-lei-13105-capture-2026-09-28,Art. 170,aula-03.html,unused,"Trata de “No caso de impedimento, o conciliador ou mediador o comunicará imediatamente…”; não define as partes nem classifica o litisconsórcio desta aula."
cpc-lei-13105-capture-2026-09-28,Art. 171,aula-03.html,unused,"Trata de “No caso de impossibilidade temporária do exercício da função, o conciliador…”; não define as partes nem classifica o litisconsórcio desta aula."
cpc-lei-13105-capture-2026-09-28,Art. 172,aula-03.html,unused,"Trata de “O conciliador e o mediador ficam impedidos, pelo prazo de 1 (um) ano, contado…”; não define as partes nem classifica o litisconsórcio desta aula."
cpc-lei-13105-capture-2026-09-28,Art. 173,aula-03.html,unused,Trata de “Será excluído do cadastro de conciliadores e mediadores aquele que:”; não define as partes nem classifica o litisconsórcio desta aula.
cpc-lei-13105-capture-2026-09-28,Art. 174,aula-03.html,unused,"Trata de “A União, os Estados, o Distrito Federal e os Municípios criarão câmaras de…”; não define as partes nem classifica o litisconsórcio desta aula."
cpc-lei-13105-capture-2026-09-28,Art. 175,aula-03.html,unused,Trata de “As disposições desta Seção não excluem outras formas de conciliação e…”; não define as partes nem classifica o litisconsórcio desta aula.
cpc-lei-13105-capture-2026-09-28,Art. 176,aula-03.html,unused,"Trata de “O Ministério Público atuará na defesa da ordem jurídica, do regime…”; não define as partes nem classifica o litisconsórcio desta aula."
cpc-lei-13105-capture-2026-09-28,Art. 177,aula-03.html,unused,Trata de “O Ministério Público exercerá o direito de ação em conformidade com suas…”; não define as partes nem classifica o litisconsórcio desta aula.
cpc-lei-13105-capture-2026-09-28,Art. 178,aula-03.html,unused,"Trata de “O Ministério Público será intimado para, no prazo de 30 (trinta) dias…”; não define as partes nem classifica o litisconsórcio desta aula."
cpc-lei-13105-capture-2026-09-28,Art. 179,aula-03.html,unused,"Trata de “Nos casos de intervenção como fiscal da ordem jurídica, o Ministério Público:”; não define as partes nem classifica o litisconsórcio desta aula."
cpc-lei-13105-capture-2026-09-28,Art. 180,aula-03.html,unused,Trata de “O Ministério Público gozará de prazo em dobro para manifestar-se nos autos…”; não define as partes nem classifica o litisconsórcio desta aula.
cpc-lei-13105-capture-2026-09-28,Art. 181,aula-03.html,unused,Trata de “O membro do Ministério Público será civil e regressivamente responsável…”; não define as partes nem classifica o litisconsórcio desta aula.
cpc-lei-13105-capture-2026-09-28,Art. 182,aula-03.html,unused,"Trata de “Incumbe à Advocacia Pública, na forma da lei, defender e promover os…”; não define as partes nem classifica o litisconsórcio desta aula."
cpc-lei-13105-capture-2026-09-28,Art. 183,aula-03.html,unused,"Trata de “A União, os Estados, o Distrito Federal, os Municípios e suas respectivas…”; não define as partes nem classifica o litisconsórcio desta aula."
cpc-lei-13105-capture-2026-09-28,Art. 184,aula-03.html,unused,Trata de “O membro da Advocacia Pública será civil e regressivamente responsável quando…”; não define as partes nem classifica o litisconsórcio desta aula.
cpc-lei-13105-capture-2026-09-28,Art. 185,aula-03.html,unused,"Trata de “A Defensoria Pública exercerá a orientação jurídica, a promoção dos direitos…”; não define as partes nem classifica o litisconsórcio desta aula."
cpc-lei-13105-capture-2026-09-28,Art. 186,aula-03.html,unused,Trata de “A Defensoria Pública gozará de prazo em dobro para todas as suas…”; não define as partes nem classifica o litisconsórcio desta aula.
cpc-lei-13105-capture-2026-09-28,Art. 187,aula-03.html,unused,Trata de “O membro da Defensoria Pública será civil e regressivamente responsável…”; não define as partes nem classifica o litisconsórcio desta aula.
cpc-lei-13105-capture-2026-09-28,Art. 188,aula-03.html,unused,"Trata de “Os atos e os termos processuais independem de forma determinada, salvo quando…”; não define as partes nem classifica o litisconsórcio desta aula."
cpc-lei-13105-capture-2026-09-28,Art. 189,aula-03.html,unused,"Trata de “Os atos processuais são públicos, todavia tramitam em segredo de justiça os…”; não define as partes nem classifica o litisconsórcio desta aula."
cpc-lei-13105-capture-2026-09-28,Art. 190,aula-03.html,unused,"Trata de “Versando o processo sobre direitos que admitam autocomposição, é lícito às…”; não define as partes nem classifica o litisconsórcio desta aula."
cpc-lei-13105-capture-2026-09-28,Art. 191,aula-03.html,unused,"Trata de “De comum acordo, o juiz e as partes podem fixar calendário para a prática dos…”; não define as partes nem classifica o litisconsórcio desta aula."
cpc-lei-13105-capture-2026-09-28,Art. 192,aula-03.html,unused,Trata de “Em todos os atos e termos do processo é obrigatório o uso da língua…”; não define as partes nem classifica o litisconsórcio desta aula.
cpc-lei-13105-capture-2026-09-28,Art. 193,aula-03.html,unused,"Trata de “Os atos processuais podem ser total ou parcialmente digitais, de forma a…”; não define as partes nem classifica o litisconsórcio desta aula."
cpc-lei-13105-capture-2026-09-28,Art. 194,aula-03.html,unused,"Trata de “Os sistemas de automação processual respeitarão a publicidade dos atos, o…”; não define as partes nem classifica o litisconsórcio desta aula."
cpc-lei-13105-capture-2026-09-28,Art. 195,aula-03.html,unused,Trata de “O registro de ato processual eletrônico deverá ser feito em padrões abertos…”; não define as partes nem classifica o litisconsórcio desta aula.
cpc-lei-13105-capture-2026-09-28,Art. 196,aula-03.html,unused,"Trata de “Compete ao Conselho Nacional de Justiça e, supletivamente, aos tribunais…”; não define as partes nem classifica o litisconsórcio desta aula."
cpc-lei-13105-capture-2026-09-28,Art. 197,aula-03.html,unused,Trata de “Os tribunais divulgarão as informações constantes de seu sistema de automação…”; não define as partes nem classifica o litisconsórcio desta aula.
cpc-lei-13105-capture-2026-09-28,Art. 198,aula-03.html,unused,"Trata de “As unidades do Poder Judiciário deverão manter gratuitamente, à disposição…”; não define as partes nem classifica o litisconsórcio desta aula."
cpc-lei-13105-capture-2026-09-28,Art. 199,aula-03.html,unused,Trata de “As unidades do Poder Judiciário assegurarão às pessoas com deficiência…”; não define as partes nem classifica o litisconsórcio desta aula.
cpc-lei-13105-capture-2026-09-28,Art. 200,aula-03.html,unused,Trata de “Os atos das partes consistentes em declarações unilaterais ou bilaterais de…”; não define as partes nem classifica o litisconsórcio desta aula.
cpc-lei-13105-capture-2026-09-28,Art. 201,aula-03.html,unused,"Trata de “As partes poderão exigir recibo de petições, arrazoados, papéis e documentos…”; não define as partes nem classifica o litisconsórcio desta aula."
cpc-lei-13105-capture-2026-09-28,Art. 202,aula-03.html,unused,"Trata de “É vedado lançar nos autos cotas marginais ou interlineares, as quais o juiz…”; não define as partes nem classifica o litisconsórcio desta aula."
cpc-lei-13105-capture-2026-09-28,Art. 203,aula-03.html,unused,"Trata de “Os pronunciamentos do juiz consistirão em sentenças, decisões interlocutórias…”; não define as partes nem classifica o litisconsórcio desta aula."
cpc-lei-13105-capture-2026-09-28,Art. 204,aula-03.html,unused,Trata de “Acórdão é o julgamento colegiado proferido pelos tribunais.”; não define as partes nem classifica o litisconsórcio desta aula.
cpc-lei-13105-capture-2026-09-28,Art. 205,aula-03.html,unused,"Trata de “Os despachos, as decisões, as sentenças e os acórdãos serão redigidos…”; não define as partes nem classifica o litisconsórcio desta aula."
cpc-lei-13105-capture-2026-09-28,Art. 206,aula-03.html,unused,"Trata de “Ao receber a petição inicial de processo, o escrivão ou o chefe de secretaria…”; não define as partes nem classifica o litisconsórcio desta aula."
cpc-lei-13105-capture-2026-09-28,Art. 207,aula-03.html,unused,Trata de “O escrivão ou o chefe de secretaria numerará e rubricará todas as folhas dos…”; não define as partes nem classifica o litisconsórcio desta aula.
cpc-lei-13105-capture-2026-09-28,Art. 208,aula-03.html,unused,"Trata de “Os termos de juntada, vista, conclusão e outros semelhantes constarão de…”; não define as partes nem classifica o litisconsórcio desta aula."
cpc-lei-13105-capture-2026-09-28,Art. 209,aula-03.html,unused,Trata de “Os atos e os termos do processo serão assinados pelas pessoas que neles…”; não define as partes nem classifica o litisconsórcio desta aula.
cpc-lei-13105-capture-2026-09-28,Art. 210,aula-03.html,unused,"Trata de “É lícito o uso da taquigrafia, da estenotipia ou de outro método idôneo em…”; não define as partes nem classifica o litisconsórcio desta aula."
cpc-lei-13105-capture-2026-09-28,Art. 211,aula-03.html,unused,"Trata de “Não se admitem nos atos e termos processuais espaços em branco, salvo os que…”; não define as partes nem classifica o litisconsórcio desta aula."
cpc-lei-13105-capture-2026-09-28,Art. 212,aula-03.html,unused,"Trata de “Os atos processuais serão realizados em dias úteis, das 6 (seis) às 20…”; não define as partes nem classifica o litisconsórcio desta aula."
cpc-lei-13105-capture-2026-09-28,Art. 213,aula-03.html,unused,Trata de “A prática eletrônica de ato processual pode ocorrer em qualquer horário até…”; não define as partes nem classifica o litisconsórcio desta aula.
cpc-lei-13105-capture-2026-09-28,Art. 214,aula-03.html,unused,"Trata de “Durante as férias forenses e nos feriados, não se praticarão atos…”; não define as partes nem classifica o litisconsórcio desta aula."
cpc-lei-13105-capture-2026-09-28,Art. 215,aula-03.html,unused,"Trata de “Processam-se durante as férias forenses, onde as houver, e não se suspendem…”; não define as partes nem classifica o litisconsórcio desta aula."
cpc-lei-13105-capture-2026-09-28,Art. 216,aula-03.html,unused,"Trata de “Além dos declarados em lei, são feriados, para efeito forense, os sábados, os…”; não define as partes nem classifica o litisconsórcio desta aula."
cpc-lei-13105-capture-2026-09-28,Art. 217,aula-03.html,unused,"Trata de “Os atos processuais realizar-se-ão ordinariamente na sede do juízo, ou…”; não define as partes nem classifica o litisconsórcio desta aula."
cpc-lei-13105-capture-2026-09-28,Art. 218,aula-03.html,unused,Trata de “Os atos processuais serão realizados nos prazos prescritos em lei.”; não define as partes nem classifica o litisconsórcio desta aula.
cpc-lei-13105-capture-2026-09-28,Art. 219,aula-03.html,unused,"Trata de “Na contagem de prazo em dias, estabelecido por lei ou pelo juiz…”; não define as partes nem classifica o litisconsórcio desta aula."
cpc-lei-13105-capture-2026-09-28,Art. 220,aula-03.html,unused,Trata de “Suspende-se o curso do prazo processual nos dias compreendidos entre 20 de…”; não define as partes nem classifica o litisconsórcio desta aula.
cpc-lei-13105-capture-2026-09-28,Art. 221,aula-03.html,unused,Trata de “Suspende-se o curso do prazo por obstáculo criado em detrimento da parte ou…”; não define as partes nem classifica o litisconsórcio desta aula.
cpc-lei-13105-capture-2026-09-28,Art. 222,aula-03.html,unused,"Trata de “Na comarca, seção ou subseção judiciária onde for difícil o transporte, o…”; não define as partes nem classifica o litisconsórcio desta aula."
cpc-lei-13105-capture-2026-09-28,Art. 223,aula-03.html,unused,"Trata de “Decorrido o prazo, extingue-se o direito de praticar ou de emendar o ato…”; não define as partes nem classifica o litisconsórcio desta aula."
cpc-lei-13105-capture-2026-09-28,Art. 224,aula-03.html,unused,"Trata de “Salvo disposição em contrário, os prazos serão contados excluindo o dia do…”; não define as partes nem classifica o litisconsórcio desta aula."
cpc-lei-13105-capture-2026-09-28,Art. 225,aula-03.html,unused,Trata de “A parte poderá renunciar ao prazo estabelecido exclusivamente em seu favor…”; não define as partes nem classifica o litisconsórcio desta aula.
cpc-lei-13105-capture-2026-09-28,Art. 226,aula-03.html,unused,Trata de “O juiz proferirá:”; não define as partes nem classifica o litisconsórcio desta aula.
cpc-lei-13105-capture-2026-09-28,Art. 227,aula-03.html,unused,"Trata de “Em qualquer grau de jurisdição, havendo motivo justificado, pode o juiz…”; não define as partes nem classifica o litisconsórcio desta aula."
cpc-lei-13105-capture-2026-09-28,Art. 228,aula-03.html,unused,Trata de “Incumbirá ao serventuário remeter os autos conclusos no prazo de 1 (um) dia e…”; não define as partes nem classifica o litisconsórcio desta aula.
cpc-lei-13105-capture-2026-09-28,Art. 229,aula-03.html,unused,"Trata de “Os litisconsortes que tiverem diferentes procuradores, de escritórios de…”; não define as partes nem classifica o litisconsórcio desta aula."
cpc-lei-13105-capture-2026-09-28,Art. 230,aula-03.html,unused,"Trata de “O prazo para a parte, o procurador, a Advocacia Pública, a Defensoria Pública…”; não define as partes nem classifica o litisconsórcio desta aula."
cpc-lei-13105-capture-2026-09-28,Art. 231,aula-03.html,unused,"Trata de “Salvo disposição em sentido diverso, considera-se dia do começo do prazo:”; não define as partes nem classifica o litisconsórcio desta aula."
cpc-lei-13105-capture-2026-09-28,Art. 232,aula-03.html,unused,"Trata de “Nos atos de comunicação por carta precatória, rogatória ou de ordem, a…”; não define as partes nem classifica o litisconsórcio desta aula."
cpc-lei-13105-capture-2026-09-28,Art. 233,aula-03.html,unused,"Trata de “Incumbe ao juiz verificar se o serventuário excedeu, sem motivo legítimo, os…”; não define as partes nem classifica o litisconsórcio desta aula."
cpc-lei-13105-capture-2026-09-28,Art. 234,aula-03.html,unused,"Trata de “Os advogados públicos ou privados, o defensor público e o membro do…”; não define as partes nem classifica o litisconsórcio desta aula."
cpc-lei-13105-capture-2026-09-28,Art. 235,aula-03.html,unused,"Trata de “Qualquer parte, o Ministério Público ou a Defensoria Pública poderá…”; não define as partes nem classifica o litisconsórcio desta aula."
cpc-lei-13105-capture-2026-09-28,Art. 236,aula-03.html,unused,Trata de “Os atos processuais serão cumpridos por ordem judicial.”; não define as partes nem classifica o litisconsórcio desta aula.
cpc-lei-13105-capture-2026-09-28,Art. 237,aula-03.html,unused,Trata de “Será expedida carta:”; não define as partes nem classifica o litisconsórcio desta aula.
cpc-lei-13105-capture-2026-09-28,Art. 238,aula-03.html,unused,"Trata de “Citação é o ato pelo qual são convocados o réu, o executado ou o interessado…”; não define as partes nem classifica o litisconsórcio desta aula."
cpc-lei-13105-capture-2026-09-28,Art. 239,aula-03.html,unused,Trata de “Para a validade do processo é indispensável a citação do réu ou do executado…”; não define as partes nem classifica o litisconsórcio desta aula.
cpc-lei-13105-capture-2026-09-28,Art. 240,aula-03.html,unused,"Trata de “A citação válida, ainda quando ordenada por juízo incompetente, induz…”; não define as partes nem classifica o litisconsórcio desta aula."
cpc-lei-13105-capture-2026-09-28,Art. 241,aula-03.html,unused,Trata de “Transitada em julgado a sentença de mérito proferida em favor do réu antes da…”; não define as partes nem classifica o litisconsórcio desta aula.
cpc-lei-13105-capture-2026-09-28,Art. 242,aula-03.html,unused,"Trata de “A citação será pessoal, podendo, no entanto, ser feita na pessoa do…”; não define as partes nem classifica o litisconsórcio desta aula."
cpc-lei-13105-capture-2026-09-28,Art. 243,aula-03.html,unused,"Trata de “A citação poderá ser feita em qualquer lugar em que se encontre o réu, o…”; não define as partes nem classifica o litisconsórcio desta aula."
cpc-lei-13105-capture-2026-09-28,Art. 244,aula-03.html,unused,"Trata de “Não se fará a citação, salvo para evitar o perecimento do direito:”; não define as partes nem classifica o litisconsórcio desta aula."
cpc-lei-13105-capture-2026-09-28,Art. 245,aula-03.html,unused,Trata de “Não se fará citação quando se verificar que o citando é mentalmente incapaz…”; não define as partes nem classifica o litisconsórcio desta aula.
cpc-lei-13105-capture-2026-09-28,Art. 246,aula-03.html,unused,Trata de “A citação será feita:”; não define as partes nem classifica o litisconsórcio desta aula.
cpc-lei-13105-capture-2026-09-28,Art. 247,aula-03.html,unused,"Trata de “A citação será feita pelo correio para qualquer comarca do país, exceto:”; não define as partes nem classifica o litisconsórcio desta aula."
cpc-lei-13105-capture-2026-09-28,Art. 248,aula-03.html,unused,"Trata de “Deferida a citação pelo correio, o escrivão ou o chefe de secretaria remeterá…”; não define as partes nem classifica o litisconsórcio desta aula."
cpc-lei-13105-capture-2026-09-28,Art. 249,aula-03.html,unused,Trata de “A citação será feita por meio de oficial de justiça nas hipóteses previstas…”; não define as partes nem classifica o litisconsórcio desta aula.
cpc-lei-13105-capture-2026-09-28,Art. 250,aula-03.html,unused,Trata de “O mandado que o oficial de justiça tiver de cumprir conterá:”; não define as partes nem classifica o litisconsórcio desta aula.
cpc-lei-13105-capture-2026-09-28,Art. 251,aula-03.html,unused,"Trata de “Incumbe ao oficial de justiça procurar o citando e, onde o encontrar, citá-lo:”; não define as partes nem classifica o litisconsórcio desta aula."
cpc-lei-13105-capture-2026-09-28,Art. 252,aula-03.html,unused,"Trata de “Quando, por 2 (duas) vezes, o oficial de justiça houver procurado o citando…”; não define as partes nem classifica o litisconsórcio desta aula."
cpc-lei-13105-capture-2026-09-28,Art. 253,aula-03.html,unused,"Trata de “No dia e na hora designados, o oficial de justiça, independentemente de novo…”; não define as partes nem classifica o litisconsórcio desta aula."
cpc-lei-13105-capture-2026-09-28,Art. 254,aula-03.html,unused,"Trata de “Feita a citação com hora certa, o escrivão ou chefe de secretaria enviará ao…”; não define as partes nem classifica o litisconsórcio desta aula."
cpc-lei-13105-capture-2026-09-28,Art. 255,aula-03.html,unused,Trata de “Nas comarcas contíguas de fácil comunicação e nas que se situem na mesma…”; não define as partes nem classifica o litisconsórcio desta aula.
cpc-lei-13105-capture-2026-09-28,Art. 256,aula-03.html,unused,Trata de “A citação por edital será feita:”; não define as partes nem classifica o litisconsórcio desta aula.
cpc-lei-13105-capture-2026-09-28,Art. 257,aula-03.html,unused,Trata de “São requisitos da citação por edital:”; não define as partes nem classifica o litisconsórcio desta aula.
cpc-lei-13105-capture-2026-09-28,Art. 258,aula-03.html,unused,"Trata de “A parte que requerer a citação por edital, alegando dolosamente a ocorrência…”; não define as partes nem classifica o litisconsórcio desta aula."
cpc-lei-13105-capture-2026-09-28,Art. 259,aula-03.html,unused,Trata de “Serão publicados editais:”; não define as partes nem classifica o litisconsórcio desta aula.
cpc-lei-13105-capture-2026-09-28,Art. 260,aula-03.html,unused,"Trata de “São requisitos das cartas de ordem, precatória e rogatória:”; não define as partes nem classifica o litisconsórcio desta aula."
cpc-lei-13105-capture-2026-09-28,Art. 261,aula-03.html,unused,"Trata de “Em todas as cartas o juiz fixará o prazo para cumprimento, atendendo à…”; não define as partes nem classifica o litisconsórcio desta aula."
cpc-lei-13105-capture-2026-09-28,Art. 262,aula-03.html,unused,"Trata de “A carta tem caráter itinerante, podendo, antes ou depois de lhe ser ordenado…”; não define as partes nem classifica o litisconsórcio desta aula."
cpc-lei-13105-capture-2026-09-28,Art. 263,aula-03.html,unused,"Trata de “As cartas deverão, preferencialmente, ser expedidas por meio eletrônico, caso…”; não define as partes nem classifica o litisconsórcio desta aula."
cpc-lei-13105-capture-2026-09-28,Art. 264,aula-03.html,unused,"Trata de “A carta de ordem e a carta precatória por meio eletrônico, por telefone ou…”; não define as partes nem classifica o litisconsórcio desta aula."
cpc-lei-13105-capture-2026-09-28,Art. 265,aula-03.html,unused,"Trata de “O secretário do tribunal, o escrivão ou o chefe de secretaria do juízo…”; não define as partes nem classifica o litisconsórcio desta aula."
cpc-lei-13105-capture-2026-09-28,Art. 266,aula-03.html,unused,Trata de “Serão praticados de ofício os atos requisitados por meio eletrônico e de…”; não define as partes nem classifica o litisconsórcio desta aula.
cpc-lei-13105-capture-2026-09-28,Art. 268,aula-03.html,unused,"Trata de “Cumprida a carta, será devolvida ao juízo de origem no prazo de 10 (dez)…”; não define as partes nem classifica o litisconsórcio desta aula."
cpc-lei-13105-capture-2026-09-28,Art. 269,aula-03.html,unused,Trata de “Intimação é o ato pelo qual se dá ciência a alguém dos atos e dos termos do…”; não define as partes nem classifica o litisconsórcio desta aula.
cpc-lei-13105-capture-2026-09-28,Art. 270,aula-03.html,unused,"Trata de “As intimações realizam-se, sempre que possível, por meio eletrônico, na forma…”; não define as partes nem classifica o litisconsórcio desta aula."
cpc-lei-13105-capture-2026-09-28,Art. 271,aula-03.html,unused,"Trata de “O juiz determinará de ofício as intimações em processos pendentes, salvo…”; não define as partes nem classifica o litisconsórcio desta aula."
cpc-lei-13105-capture-2026-09-28,Art. 272,aula-03.html,unused,"Trata de “Quando não realizadas por meio eletrônico, consideram-se feitas as intimações…”; não define as partes nem classifica o litisconsórcio desta aula."
cpc-lei-13105-capture-2026-09-28,Art. 273,aula-03.html,unused,Trata de “Se inviável a intimação por meio eletrônico e não houver na localidade…”; não define as partes nem classifica o litisconsórcio desta aula.
cpc-lei-13105-capture-2026-09-28,Art. 274,aula-03.html,unused,"Trata de “Não dispondo a lei de outro modo, as intimações serão feitas às partes, aos…”; não define as partes nem classifica o litisconsórcio desta aula."
cpc-lei-13105-capture-2026-09-28,Art. 275,aula-03.html,unused,Trata de “A intimação será feita por oficial de justiça quando frustrada a realização…”; não define as partes nem classifica o litisconsórcio desta aula.
cpc-lei-13105-capture-2026-09-28,Art. 276,aula-03.html,unused,"Trata de “Quando a lei prescrever determinada forma sob pena de nulidade, a decretação…”; não define as partes nem classifica o litisconsórcio desta aula."
cpc-lei-13105-capture-2026-09-28,Art. 277,aula-03.html,unused,"Trata de “Quando a lei prescrever determinada forma, o juiz considerará válido o ato…”; não define as partes nem classifica o litisconsórcio desta aula."
cpc-lei-13105-capture-2026-09-28,Art. 278,aula-03.html,unused,Trata de “A nulidade dos atos deve ser alegada na primeira oportunidade em que couber à…”; não define as partes nem classifica o litisconsórcio desta aula.
cpc-lei-13105-capture-2026-09-28,Art. 279,aula-03.html,unused,Trata de “É nulo o processo quando o membro do Ministério Público não for intimado a…”; não define as partes nem classifica o litisconsórcio desta aula.
cpc-lei-13105-capture-2026-09-28,Art. 280,aula-03.html,unused,Trata de “As citações e as intimações serão nulas quando feitas sem observância das…”; não define as partes nem classifica o litisconsórcio desta aula.
cpc-lei-13105-capture-2026-09-28,Art. 281,aula-03.html,unused,"Trata de “Anulado o ato, consideram-se de nenhum efeito todos os subsequentes que dele…”; não define as partes nem classifica o litisconsórcio desta aula."
cpc-lei-13105-capture-2026-09-28,Art. 282,aula-03.html,unused,"Trata de “Ao pronunciar a nulidade, o juiz declarará que atos são atingidos e ordenará…”; não define as partes nem classifica o litisconsórcio desta aula."
cpc-lei-13105-capture-2026-09-28,Art. 283,aula-03.html,unused,Trata de “O erro de forma do processo acarreta unicamente a anulação dos atos que não…”; não define as partes nem classifica o litisconsórcio desta aula.
cpc-lei-13105-capture-2026-09-28,Art. 284,aula-03.html,unused,"Trata de “Todos os processos estão sujeitos a registro, devendo ser distribuídos onde…”; não define as partes nem classifica o litisconsórcio desta aula."
cpc-lei-13105-capture-2026-09-28,Art. 285,aula-03.html,unused,"Trata de “A distribuição, que poderá ser eletrônica, será alternada e aleatória…”; não define as partes nem classifica o litisconsórcio desta aula."
cpc-lei-13105-capture-2026-09-28,Art. 287,aula-03.html,unused,"Trata de “A petição inicial deve vir acompanhada de procuração, que conterá os…”; não define as partes nem classifica o litisconsórcio desta aula."
cpc-lei-13105-capture-2026-09-28,Art. 288,aula-03.html,unused,"Trata de “O juiz, de ofício ou a requerimento do interessado, corrigirá o erro ou…”; não define as partes nem classifica o litisconsórcio desta aula."
cpc-lei-13105-capture-2026-09-28,Art. 289,aula-03.html,unused,"Trata de “A distribuição poderá ser fiscalizada pela parte, por seu procurador, pelo…”; não define as partes nem classifica o litisconsórcio desta aula."
cpc-lei-13105-capture-2026-09-28,Art. 290,aula-03.html,unused,"Trata de “Será cancelada a distribuição do feito se a parte, intimada na pessoa de seu…”; não define as partes nem classifica o litisconsórcio desta aula."
cpc-lei-13105-capture-2026-09-28,Art. 291,aula-03.html,unused,"Trata de “A toda causa será atribuído valor certo, ainda que não tenha conteúdo…”; não define as partes nem classifica o litisconsórcio desta aula."
cpc-lei-13105-capture-2026-09-28,Art. 292,aula-03.html,unused,Trata de “O valor da causa constará da petição inicial ou da reconvenção e será:”; não define as partes nem classifica o litisconsórcio desta aula.
cpc-lei-13105-capture-2026-09-28,Art. 293,aula-03.html,unused,"Trata de “O réu poderá impugnar, em preliminar da contestação, o valor atribuído à…”; não define as partes nem classifica o litisconsórcio desta aula."
cpc-lei-13105-capture-2026-09-28,Art. 294,aula-03.html,unused,Trata de “A tutela provisória pode fundamentar-se em urgência ou evidência.”; não define as partes nem classifica o litisconsórcio desta aula.
cpc-lei-13105-capture-2026-09-28,Art. 295,aula-03.html,unused,Trata de “A tutela provisória requerida em caráter incidental independe do pagamento de…”; não define as partes nem classifica o litisconsórcio desta aula.
cpc-lei-13105-capture-2026-09-28,Art. 297,aula-03.html,unused,Trata de “O juiz poderá determinar as medidas que considerar adequadas para efetivação…”; não define as partes nem classifica o litisconsórcio desta aula.
cpc-lei-13105-capture-2026-09-28,Art. 298,aula-03.html,unused,"Trata de “Na decisão que conceder, negar, modificar ou revogar a tutela provisória, o…”; não define as partes nem classifica o litisconsórcio desta aula."
cpc-lei-13105-capture-2026-09-28,Art. 299,aula-03.html,unused,"Trata de “A tutela provisória será requerida ao juízo da causa e, quando antecedente…”; não define as partes nem classifica o litisconsórcio desta aula."
cpc-lei-13105-capture-2026-09-28,Art. 300,aula-03.html,unused,Trata de “A tutela de urgência será concedida quando houver elementos que evidenciem a…”; não define as partes nem classifica o litisconsórcio desta aula.
cpc-lei-13105-capture-2026-09-28,Art. 301,aula-03.html,unused,Trata de “A tutela de urgência de natureza cautelar pode ser efetivada mediante…”; não define as partes nem classifica o litisconsórcio desta aula.
cpc-lei-13105-capture-2026-09-28,Art. 302,aula-03.html,unused,"Trata de “Independentemente da reparação por dano processual, a parte responde pelo…”; não define as partes nem classifica o litisconsórcio desta aula."
cpc-lei-13105-capture-2026-09-28,Art. 303,aula-03.html,unused,"Trata de “Nos casos em que a urgência for contemporânea à propositura da ação, a…”; não define as partes nem classifica o litisconsórcio desta aula."
cpc-lei-13105-capture-2026-09-28,Art. 304,aula-03.html,unused,"Trata de “A tutela antecipada, concedida nos termos do”; não define as partes nem classifica o litisconsórcio desta aula."
cpc-lei-13105-capture-2026-09-28,Art. 305,aula-03.html,unused,Trata de “A petição inicial da ação que visa à prestação de tutela cautelar em caráter…”; não define as partes nem classifica o litisconsórcio desta aula.
cpc-lei-13105-capture-2026-09-28,Art. 306,aula-03.html,unused,"Trata de “O réu será citado para, no prazo de 5 (cinco) dias, contestar o pedido e…”; não define as partes nem classifica o litisconsórcio desta aula."
cpc-lei-13105-capture-2026-09-28,Art. 307,aula-03.html,unused,"Trata de “Não sendo contestado o pedido, os fatos alegados pelo autor presumir-se-ão…”; não define as partes nem classifica o litisconsórcio desta aula."
cpc-lei-13105-capture-2026-09-28,Art. 308,aula-03.html,unused,"Trata de “Efetivada a tutela cautelar, o pedido principal terá de ser formulado pelo…”; não define as partes nem classifica o litisconsórcio desta aula."
cpc-lei-13105-capture-2026-09-28,Art. 309,aula-03.html,unused,"Trata de “Cessa a eficácia da tutela concedida em caráter antecedente, se:”; não define as partes nem classifica o litisconsórcio desta aula."
cpc-lei-13105-capture-2026-09-28,Art. 310,aula-03.html,unused,Trata de “O indeferimento da tutela cautelar não obsta a que a parte formule o pedido…”; não define as partes nem classifica o litisconsórcio desta aula.
cpc-lei-13105-capture-2026-09-28,Art. 311,aula-03.html,unused,"Trata de “A tutela da evidência será concedida, independentemente da demonstração de…”; não define as partes nem classifica o litisconsórcio desta aula."
cpc-lei-13105-capture-2026-09-28,Art. 312,aula-03.html,unused,Trata de “Considera-se proposta a ação quando a petição inicial for protocolada…”; não define as partes nem classifica o litisconsórcio desta aula.
cpc-lei-13105-capture-2026-09-28,Art. 313,aula-03.html,unused,Trata de “Suspende-se o processo:”; não define as partes nem classifica o litisconsórcio desta aula.
cpc-lei-13105-capture-2026-09-28,Art. 314,aula-03.html,unused,"Trata de “Durante a suspensão é vedado praticar qualquer ato processual, podendo o…”; não define as partes nem classifica o litisconsórcio desta aula."
cpc-lei-13105-capture-2026-09-28,Art. 315,aula-03.html,unused,Trata de “Se o conhecimento do mérito depender de verificação da existência de fato…”; não define as partes nem classifica o litisconsórcio desta aula.
cpc-lei-13105-capture-2026-09-28,Art. 316,aula-03.html,unused,Trata de “A extinção do processo dar-se-á por sentença.”; não define as partes nem classifica o litisconsórcio desta aula.
cpc-lei-13105-capture-2026-09-28,Art. 317,aula-03.html,unused,"Trata de “Antes de proferir decisão sem resolução de mérito, o juiz deverá conceder à…”; não define as partes nem classifica o litisconsórcio desta aula."
cpc-lei-13105-capture-2026-09-28,Art. 318,aula-03.html,unused,"Trata de “Aplica-se a todas as causas o procedimento comum, salvo disposição em…”; não define as partes nem classifica o litisconsórcio desta aula."
cpc-lei-13105-capture-2026-09-28,Art. 319,aula-03.html,unused,Trata de “A petição inicial indicará:”; não define as partes nem classifica o litisconsórcio desta aula.
cpc-lei-13105-capture-2026-09-28,Art. 320,aula-03.html,unused,Trata de “A petição inicial será instruída com os documentos indispensáveis à…”; não define as partes nem classifica o litisconsórcio desta aula.
cpc-lei-13105-capture-2026-09-28,Art. 321,aula-03.html,unused,"Trata de “O juiz, ao verificar que a petição inicial não preenche os requisitos dos”; não define as partes nem classifica o litisconsórcio desta aula."
cpc-lei-13105-capture-2026-09-28,Art. 322,aula-03.html,unused,Trata de “O pedido deve ser certo.”; não define as partes nem classifica o litisconsórcio desta aula.
cpc-lei-13105-capture-2026-09-28,Art. 323,aula-03.html,unused,Trata de “Na ação que tiver por objeto cumprimento de obrigação em prestações…”; não define as partes nem classifica o litisconsórcio desta aula.
cpc-lei-13105-capture-2026-09-28,Art. 324,aula-03.html,unused,Trata de “O pedido deve ser determinado.”; não define as partes nem classifica o litisconsórcio desta aula.
cpc-lei-13105-capture-2026-09-28,Art. 325,aula-03.html,unused,"Trata de “O pedido será alternativo quando, pela natureza da obrigação, o devedor puder…”; não define as partes nem classifica o litisconsórcio desta aula."
cpc-lei-13105-capture-2026-09-28,Art. 326,aula-03.html,unused,"Trata de “É lícito formular mais de um pedido em ordem subsidiária, a fim de que o juiz…”; não define as partes nem classifica o litisconsórcio desta aula."
cpc-lei-13105-capture-2026-09-28,Art. 327,aula-03.html,unused,"Trata de “É lícita a cumulação, em um único processo, contra o mesmo réu, de vários…”; não define as partes nem classifica o litisconsórcio desta aula."
cpc-lei-13105-capture-2026-09-28,Art. 328,aula-03.html,unused,"Trata de “Na obrigação indivisível com pluralidade de credores, aquele que não…”; não define as partes nem classifica o litisconsórcio desta aula."
cpc-lei-13105-capture-2026-09-28,Art. 329,aula-03.html,unused,Trata de “O autor poderá:”; não define as partes nem classifica o litisconsórcio desta aula.
cpc-lei-13105-capture-2026-09-28,Art. 330,aula-03.html,unused,Trata de “A petição inicial será indeferida quando:”; não define as partes nem classifica o litisconsórcio desta aula.
cpc-lei-13105-capture-2026-09-28,Art. 331,aula-03.html,unused,"Trata de “Indeferida a petição inicial, o autor poderá apelar, facultado ao juiz, no…”; não define as partes nem classifica o litisconsórcio desta aula."
cpc-lei-13105-capture-2026-09-28,Art. 332,aula-03.html,unused,"Trata de “Nas causas que dispensem a fase instrutória, o juiz, independentemente da…”; não define as partes nem classifica o litisconsórcio desta aula."
cpc-lei-13105-capture-2026-09-28,Art. 333,aula-03.html,unused,Trata de “(VETADO).”; não define as partes nem classifica o litisconsórcio desta aula.
cpc-lei-13105-capture-2026-09-28,Art. 334,aula-03.html,unused,Trata de “Se a petição inicial preencher os requisitos essenciais e não for o caso de…”; não define as partes nem classifica o litisconsórcio desta aula.
cpc-lei-13105-capture-2026-09-28,Art. 335,aula-03.html,unused,"Trata de “O réu poderá oferecer contestação, por petição, no prazo de 15 (quinze) dias…”; não define as partes nem classifica o litisconsórcio desta aula."
cpc-lei-13105-capture-2026-09-28,Art. 336,aula-03.html,unused,"Trata de “Incumbe ao réu alegar, na contestação, toda a matéria de defesa, expondo as…”; não define as partes nem classifica o litisconsórcio desta aula."
cpc-lei-13105-capture-2026-09-28,Art. 337,aula-03.html,unused,"Trata de “Incumbe ao réu, antes de discutir o mérito, alegar:”; não define as partes nem classifica o litisconsórcio desta aula."
cpc-lei-13105-capture-2026-09-28,Art. 338,aula-03.html,supporting,"Prevê substituição do réu apontado como ilegítimo, instrumento para identificar a parte passiva adequada."
cpc-lei-13105-capture-2026-09-28,Art. 339,aula-03.html,supporting,"Exige indicação do sujeito passivo e permite incluí-lo como litisconsorte passivo, ligando legitimidade à identificação das partes."
cpc-lei-13105-capture-2026-09-28,Art. 340,aula-03.html,unused,"Trata de “Havendo alegação de incompetência relativa ou absoluta, a contestação poderá…”; não define as partes nem classifica o litisconsórcio desta aula."
cpc-lei-13105-capture-2026-09-28,Art. 341,aula-03.html,unused,Trata de “Incumbe também ao réu manifestar-se precisamente sobre as alegações de fato…”; não define as partes nem classifica o litisconsórcio desta aula.
cpc-lei-13105-capture-2026-09-28,Art. 342,aula-03.html,unused,"Trata de “Depois da contestação, só é lícito ao réu deduzir novas alegações quando:”; não define as partes nem classifica o litisconsórcio desta aula."
cpc-lei-13105-capture-2026-09-28,Art. 343,aula-03.html,unused,"Trata de “Na contestação, é lícito ao réu propor reconvenção para manifestar pretensão…”; não define as partes nem classifica o litisconsórcio desta aula."
cpc-lei-13105-capture-2026-09-28,Art. 344,aula-03.html,unused,"Trata de “Se o réu não contestar a ação, será considerado revel e presumir-se-ão…”; não define as partes nem classifica o litisconsórcio desta aula."
cpc-lei-13105-capture-2026-09-28,Art. 345,aula-03.html,unused,Trata de “A revelia não produz o efeito mencionado no”; não define as partes nem classifica o litisconsórcio desta aula.
cpc-lei-13105-capture-2026-09-28,Art. 346,aula-03.html,unused,Trata de “Os prazos contra o revel que não tenha patrono nos autos fluirão da data de…”; não define as partes nem classifica o litisconsórcio desta aula.
cpc-lei-13105-capture-2026-09-28,Art. 347,aula-03.html,unused,"Trata de “Findo o prazo para a contestação, o juiz tomará, conforme o caso, as…”; não define as partes nem classifica o litisconsórcio desta aula."
cpc-lei-13105-capture-2026-09-28,Art. 348,aula-03.html,unused,"Trata de “Se o réu não contestar a ação, o juiz, verificando a inocorrência do efeito…”; não define as partes nem classifica o litisconsórcio desta aula."
cpc-lei-13105-capture-2026-09-28,Art. 349,aula-03.html,unused,"Trata de “Ao réu revel será lícita a produção de provas, contrapostas às alegações do…”; não define as partes nem classifica o litisconsórcio desta aula."
cpc-lei-13105-capture-2026-09-28,Art. 350,aula-03.html,unused,"Trata de “Se o réu alegar fato impeditivo, modificativo ou extintivo do direito do…”; não define as partes nem classifica o litisconsórcio desta aula."
cpc-lei-13105-capture-2026-09-28,Art. 351,aula-03.html,unused,Trata de “Se o réu alegar qualquer das matérias enumeradas no”; não define as partes nem classifica o litisconsórcio desta aula.
cpc-lei-13105-capture-2026-09-28,Art. 352,aula-03.html,unused,"Trata de “Verificando a existência de irregularidades ou de vícios sanáveis, o juiz…”; não define as partes nem classifica o litisconsórcio desta aula."
cpc-lei-13105-capture-2026-09-28,Art. 353,aula-03.html,unused,"Trata de “Cumpridas as providências preliminares ou não havendo necessidade delas, o…”; não define as partes nem classifica o litisconsórcio desta aula."
cpc-lei-13105-capture-2026-09-28,Art. 354,aula-03.html,unused,Trata de “Ocorrendo qualquer das hipóteses previstas nos”; não define as partes nem classifica o litisconsórcio desta aula.
cpc-lei-13105-capture-2026-09-28,Art. 355,aula-03.html,unused,"Trata de “O juiz julgará antecipadamente o pedido, proferindo sentença com resolução de…”; não define as partes nem classifica o litisconsórcio desta aula."
cpc-lei-13105-capture-2026-09-28,Art. 356,aula-03.html,unused,Trata de “O juiz decidirá parcialmente o mérito quando um ou mais dos pedidos…”; não define as partes nem classifica o litisconsórcio desta aula.
cpc-lei-13105-capture-2026-09-28,Art. 357,aula-03.html,unused,"Trata de “Não ocorrendo nenhuma das hipóteses deste Capítulo, deverá o juiz, em decisão…”; não define as partes nem classifica o litisconsórcio desta aula."
cpc-lei-13105-capture-2026-09-28,Art. 358,aula-03.html,unused,"Trata de “No dia e na hora designados, o juiz declarará aberta a audiência de instrução…”; não define as partes nem classifica o litisconsórcio desta aula."
cpc-lei-13105-capture-2026-09-28,Art. 359,aula-03.html,unused,"Trata de “Instalada a audiência, o juiz tentará conciliar as partes, independentemente…”; não define as partes nem classifica o litisconsórcio desta aula."
cpc-lei-13105-capture-2026-09-28,Art. 360,aula-03.html,unused,"Trata de “O juiz exerce o poder de polícia, incumbindo-lhe:”; não define as partes nem classifica o litisconsórcio desta aula."
cpc-lei-13105-capture-2026-09-28,Art. 361,aula-03.html,unused,"Trata de “As provas orais serão produzidas em audiência, ouvindo-se nesta ordem…”; não define as partes nem classifica o litisconsórcio desta aula."
cpc-lei-13105-capture-2026-09-28,Art. 362,aula-03.html,unused,Trata de “A audiência poderá ser adiada:”; não define as partes nem classifica o litisconsórcio desta aula.
cpc-lei-13105-capture-2026-09-28,Art. 363,aula-03.html,unused,"Trata de “Havendo antecipação ou adiamento da audiência, o juiz, de ofício ou a…”; não define as partes nem classifica o litisconsórcio desta aula."
cpc-lei-13105-capture-2026-09-28,Art. 364,aula-03.html,unused,"Trata de “Finda a instrução, o juiz dará a palavra ao advogado do autor e do réu, bem…”; não define as partes nem classifica o litisconsórcio desta aula."
cpc-lei-13105-capture-2026-09-28,Art. 365,aula-03.html,unused,"Trata de “A audiência é una e contínua, podendo ser excepcional e justificadamente…”; não define as partes nem classifica o litisconsórcio desta aula."
cpc-lei-13105-capture-2026-09-28,Art. 366,aula-03.html,unused,"Trata de “Encerrado o debate ou oferecidas as razões finais, o juiz proferirá sentença…”; não define as partes nem classifica o litisconsórcio desta aula."
cpc-lei-13105-capture-2026-09-28,Art. 367,aula-03.html,unused,"Trata de “O servidor lavrará, sob ditado do juiz, termo que conterá, em resumo, o…”; não define as partes nem classifica o litisconsórcio desta aula."
cpc-lei-13105-capture-2026-09-28,Art. 368,aula-03.html,unused,"Trata de “A audiência será pública, ressalvadas as exceções legais.”; não define as partes nem classifica o litisconsórcio desta aula."
cpc-lei-13105-capture-2026-09-28,Art. 369,aula-03.html,unused,"Trata de “As partes têm o direito de empregar todos os meios legais, bem como os…”; não define as partes nem classifica o litisconsórcio desta aula."
cpc-lei-13105-capture-2026-09-28,Art. 370,aula-03.html,unused,"Trata de “Caberá ao juiz, de ofício ou a requerimento da parte, determinar as provas…”; não define as partes nem classifica o litisconsórcio desta aula."
cpc-lei-13105-capture-2026-09-28,Art. 371,aula-03.html,unused,"Trata de “O juiz apreciará a prova constante dos autos, independentemente do sujeito…”; não define as partes nem classifica o litisconsórcio desta aula."
cpc-lei-13105-capture-2026-09-28,Art. 372,aula-03.html,unused,Trata de “O juiz poderá admitir a utilização de prova produzida em outro processo…”; não define as partes nem classifica o litisconsórcio desta aula.
cpc-lei-13105-capture-2026-09-28,Art. 373,aula-03.html,unused,Trata de “O ônus da prova incumbe:”; não define as partes nem classifica o litisconsórcio desta aula.
cpc-lei-13105-capture-2026-09-28,Art. 374,aula-03.html,unused,Trata de “Não dependem de prova os fatos:”; não define as partes nem classifica o litisconsórcio desta aula.
cpc-lei-13105-capture-2026-09-28,Art. 375,aula-03.html,unused,Trata de “O juiz aplicará as regras de experiência comum subministradas pela observação…”; não define as partes nem classifica o litisconsórcio desta aula.
cpc-lei-13105-capture-2026-09-28,Art. 376,aula-03.html,unused,"Trata de “A parte que alegar direito municipal, estadual, estrangeiro ou…”; não define as partes nem classifica o litisconsórcio desta aula."
cpc-lei-13105-capture-2026-09-28,Art. 377,aula-03.html,unused,"Trata de “A carta precatória, a carta rogatória e o auxílio direto suspenderão o…”; não define as partes nem classifica o litisconsórcio desta aula."
cpc-lei-13105-capture-2026-09-28,Art. 378,aula-03.html,unused,Trata de “Ninguém se exime do dever de colaborar com o Poder Judiciário para o…”; não define as partes nem classifica o litisconsórcio desta aula.
cpc-lei-13105-capture-2026-09-28,Art. 379,aula-03.html,unused,"Trata de “Preservado o direito de não produzir prova contra si própria, incumbe à parte:”; não define as partes nem classifica o litisconsórcio desta aula."
cpc-lei-13105-capture-2026-09-28,Art. 380,aula-03.html,unused,"Trata de “Incumbe ao terceiro, em relação a qualquer causa:”; não define as partes nem classifica o litisconsórcio desta aula."
cpc-lei-13105-capture-2026-09-28,Art. 381,aula-03.html,unused,Trata de “A produção antecipada da prova será admitida nos casos em que:”; não define as partes nem classifica o litisconsórcio desta aula.
cpc-lei-13105-capture-2026-09-28,Art. 382,aula-03.html,unused,"Trata de “Na petição, o requerente apresentará as razões que justificam a necessidade…”; não define as partes nem classifica o litisconsórcio desta aula."
cpc-lei-13105-capture-2026-09-28,Art. 383,aula-03.html,unused,Trata de “Os autos permanecerão em cartório durante 1 (um) mês para extração de cópias…”; não define as partes nem classifica o litisconsórcio desta aula.
cpc-lei-13105-capture-2026-09-28,Art. 384,aula-03.html,unused,Trata de “A existência e o modo de existir de algum fato podem ser atestados ou…”; não define as partes nem classifica o litisconsórcio desta aula.
cpc-lei-13105-capture-2026-09-28,Art. 385,aula-03.html,unused,"Trata de “Cabe à parte requerer o depoimento pessoal da outra parte, a fim de que esta…”; não define as partes nem classifica o litisconsórcio desta aula."
cpc-lei-13105-capture-2026-09-28,Art. 386,aula-03.html,unused,"Trata de “Quando a parte, sem motivo justificado, deixar de responder ao que lhe for…”; não define as partes nem classifica o litisconsórcio desta aula."
cpc-lei-13105-capture-2026-09-28,Art. 387,aula-03.html,unused,"Trata de “A parte responderá pessoalmente sobre os fatos articulados, não podendo…”; não define as partes nem classifica o litisconsórcio desta aula."
cpc-lei-13105-capture-2026-09-28,Art. 388,aula-03.html,unused,Trata de “A parte não é obrigada a depor sobre fatos:”; não define as partes nem classifica o litisconsórcio desta aula.
cpc-lei-13105-capture-2026-09-28,Art. 389,aula-03.html,unused,"Trata de “Há confissão, judicial ou extrajudicial, quando a parte admite a verdade de…”; não define as partes nem classifica o litisconsórcio desta aula."
cpc-lei-13105-capture-2026-09-28,Art. 390,aula-03.html,unused,Trata de “A confissão judicial pode ser espontânea ou provocada.”; não define as partes nem classifica o litisconsórcio desta aula.
cpc-lei-13105-capture-2026-09-28,Art. 391,aula-03.html,unused,"Trata de “A confissão judicial faz prova contra o confitente, não prejudicando…”; não define as partes nem classifica o litisconsórcio desta aula."
cpc-lei-13105-capture-2026-09-28,Art. 392,aula-03.html,unused,"Trata de “Não vale como confissão a admissão, em juízo, de fatos relativos a direitos…”; não define as partes nem classifica o litisconsórcio desta aula."
cpc-lei-13105-capture-2026-09-28,Art. 393,aula-03.html,unused,"Trata de “A confissão é irrevogável, mas pode ser anulada se decorreu de erro de fato…”; não define as partes nem classifica o litisconsórcio desta aula."
cpc-lei-13105-capture-2026-09-28,Art. 394,aula-03.html,unused,"Trata de “A confissão extrajudicial, quando feita oralmente, só terá eficácia nos casos…”; não define as partes nem classifica o litisconsórcio desta aula."
cpc-lei-13105-capture-2026-09-28,Art. 395,aula-03.html,unused,"Trata de “A confissão é, em regra, indivisível, não podendo a parte que a quiser…”; não define as partes nem classifica o litisconsórcio desta aula."
cpc-lei-13105-capture-2026-09-28,Art. 396,aula-03.html,unused,Trata de “O juiz pode ordenar que a parte exiba documento ou coisa que se encontre em…”; não define as partes nem classifica o litisconsórcio desta aula.
cpc-lei-13105-capture-2026-09-28,Art. 397,aula-03.html,unused,Trata de “O pedido formulado pela parte conterá:”; não define as partes nem classifica o litisconsórcio desta aula.
cpc-lei-13105-capture-2026-09-28,Art. 398,aula-03.html,unused,Trata de “O requerido dará sua resposta nos 5 (cinco) dias subsequentes à sua intimação.”; não define as partes nem classifica o litisconsórcio desta aula.
cpc-lei-13105-capture-2026-09-28,Art. 399,aula-03.html,unused,Trata de “O juiz não admitirá a recusa se:”; não define as partes nem classifica o litisconsórcio desta aula.
cpc-lei-13105-capture-2026-09-28,Art. 400,aula-03.html,unused,"Trata de “Ao decidir o pedido, o juiz admitirá como verdadeiros os fatos que, por meio…”; não define as partes nem classifica o litisconsórcio desta aula."
cpc-lei-13105-capture-2026-09-28,Art. 401,aula-03.html,unused,"Trata de “Quando o documento ou a coisa estiver em poder de terceiro, o juiz ordenará…”; não define as partes nem classifica o litisconsórcio desta aula."
cpc-lei-13105-capture-2026-09-28,Art. 402,aula-03.html,unused,Trata de “Se o terceiro negar a obrigação de exibir ou a posse do documento ou da…”; não define as partes nem classifica o litisconsórcio desta aula.
cpc-lei-13105-capture-2026-09-28,Art. 403,aula-03.html,unused,"Trata de “Se o terceiro, sem justo motivo, se recusar a efetuar a exibição, o juiz…”; não define as partes nem classifica o litisconsórcio desta aula."
cpc-lei-13105-capture-2026-09-28,Art. 404,aula-03.html,unused,"Trata de “A parte e o terceiro se escusam de exibir, em juízo, o documento ou a coisa…”; não define as partes nem classifica o litisconsórcio desta aula."
cpc-lei-13105-capture-2026-09-28,Art. 405,aula-03.html,unused,"Trata de “O documento público faz prova não só da sua formação, mas também dos fatos…”; não define as partes nem classifica o litisconsórcio desta aula."
cpc-lei-13105-capture-2026-09-28,Art. 406,aula-03.html,unused,"Trata de “Quando a lei exigir instrumento público como da substância do ato, nenhuma…”; não define as partes nem classifica o litisconsórcio desta aula."
cpc-lei-13105-capture-2026-09-28,Art. 407,aula-03.html,unused,Trata de “O documento feito por oficial público incompetente ou sem a observância das…”; não define as partes nem classifica o litisconsórcio desta aula.
cpc-lei-13105-capture-2026-09-28,Art. 408,aula-03.html,unused,Trata de “As declarações constantes do documento particular escrito e assinado ou…”; não define as partes nem classifica o litisconsórcio desta aula.
cpc-lei-13105-capture-2026-09-28,Art. 409,aula-03.html,unused,"Trata de “A data do documento particular, quando a seu respeito surgir dúvida ou…”; não define as partes nem classifica o litisconsórcio desta aula."
cpc-lei-13105-capture-2026-09-28,Art. 410,aula-03.html,unused,Trata de “Considera-se autor do documento particular:”; não define as partes nem classifica o litisconsórcio desta aula.
cpc-lei-13105-capture-2026-09-28,Art. 411,aula-03.html,unused,Trata de “Considera-se autêntico o documento quando:”; não define as partes nem classifica o litisconsórcio desta aula.
cpc-lei-13105-capture-2026-09-28,Art. 412,aula-03.html,unused,Trata de “O documento particular de cuja autenticidade não se duvida prova que o seu…”; não define as partes nem classifica o litisconsórcio desta aula.
cpc-lei-13105-capture-2026-09-28,Art. 413,aula-03.html,unused,"Trata de “O telegrama, o radiograma ou qualquer outro meio de transmissão tem a mesma…”; não define as partes nem classifica o litisconsórcio desta aula."
cpc-lei-13105-capture-2026-09-28,Art. 414,aula-03.html,unused,"Trata de “O telegrama ou o radiograma presume-se conforme com o original, provando as…”; não define as partes nem classifica o litisconsórcio desta aula."
cpc-lei-13105-capture-2026-09-28,Art. 415,aula-03.html,unused,Trata de “As cartas e os registros domésticos provam contra quem os escreveu quando:”; não define as partes nem classifica o litisconsórcio desta aula.
cpc-lei-13105-capture-2026-09-28,Art. 416,aula-03.html,unused,Trata de “A nota escrita pelo credor em qualquer parte de documento representativo de…”; não define as partes nem classifica o litisconsórcio desta aula.
cpc-lei-13105-capture-2026-09-28,Art. 417,aula-03.html,unused,"Trata de “Os livros empresariais provam contra seu autor, sendo lícito ao empresário…”; não define as partes nem classifica o litisconsórcio desta aula."
cpc-lei-13105-capture-2026-09-28,Art. 418,aula-03.html,unused,Trata de “Os livros empresariais que preencham os requisitos exigidos por lei provam a…”; não define as partes nem classifica o litisconsórcio desta aula.
cpc-lei-13105-capture-2026-09-28,Art. 419,aula-03.html,unused,"Trata de “A escrituração contábil é indivisível, e, se dos fatos que resultam dos…”; não define as partes nem classifica o litisconsórcio desta aula."
cpc-lei-13105-capture-2026-09-28,Art. 420,aula-03.html,unused,"Trata de “O juiz pode ordenar, a requerimento da parte, a exibição integral dos livros…”; não define as partes nem classifica o litisconsórcio desta aula."
cpc-lei-13105-capture-2026-09-28,Art. 421,aula-03.html,unused,"Trata de “O juiz pode, de ofício, ordenar à parte a exibição parcial dos livros e dos…”; não define as partes nem classifica o litisconsórcio desta aula."
cpc-lei-13105-capture-2026-09-28,Art. 422,aula-03.html,unused,"Trata de “Qualquer reprodução mecânica, como a fotográfica, a cinematográfica, a…”; não define as partes nem classifica o litisconsórcio desta aula."
cpc-lei-13105-capture-2026-09-28,Art. 423,aula-03.html,unused,"Trata de “As reproduções dos documentos particulares, fotográficas ou obtidas por…”; não define as partes nem classifica o litisconsórcio desta aula."
cpc-lei-13105-capture-2026-09-28,Art. 424,aula-03.html,unused,Trata de “A cópia de documento particular tem o mesmo valor probante que o original…”; não define as partes nem classifica o litisconsórcio desta aula.
cpc-lei-13105-capture-2026-09-28,Art. 425,aula-03.html,unused,Trata de “Fazem a mesma prova que os originais:”; não define as partes nem classifica o litisconsórcio desta aula.
cpc-lei-13105-capture-2026-09-28,Art. 426,aula-03.html,unused,"Trata de “O juiz apreciará fundamentadamente a fé que deva merecer o documento, quando…”; não define as partes nem classifica o litisconsórcio desta aula."
cpc-lei-13105-capture-2026-09-28,Art. 427,aula-03.html,unused,Trata de “Cessa a fé do documento público ou particular sendo-lhe declarada…”; não define as partes nem classifica o litisconsórcio desta aula.
cpc-lei-13105-capture-2026-09-28,Art. 428,aula-03.html,unused,Trata de “Cessa a fé do documento particular quando:”; não define as partes nem classifica o litisconsórcio desta aula.
cpc-lei-13105-capture-2026-09-28,Art. 429,aula-03.html,unused,Trata de “Incumbe o ônus da prova quando:”; não define as partes nem classifica o litisconsórcio desta aula.
cpc-lei-13105-capture-2026-09-28,Art. 430,aula-03.html,unused,"Trata de “A falsidade deve ser suscitada na contestação, na réplica ou no prazo de 15…”; não define as partes nem classifica o litisconsórcio desta aula."
cpc-lei-13105-capture-2026-09-28,Art. 431,aula-03.html,unused,Trata de “A parte arguirá a falsidade expondo os motivos em que funda a sua pretensão e…”; não define as partes nem classifica o litisconsórcio desta aula.
cpc-lei-13105-capture-2026-09-28,Art. 432,aula-03.html,unused,"Trata de “Depois de ouvida a outra parte no prazo de 15 (quinze) dias, será realizado o…”; não define as partes nem classifica o litisconsórcio desta aula."
cpc-lei-13105-capture-2026-09-28,Art. 433,aula-03.html,unused,"Trata de “A declaração sobre a falsidade do documento, quando suscitada como questão…”; não define as partes nem classifica o litisconsórcio desta aula."
cpc-lei-13105-capture-2026-09-28,Art. 434,aula-03.html,unused,Trata de “Incumbe à parte instruir a petição inicial ou a contestação com os documentos…”; não define as partes nem classifica o litisconsórcio desta aula.
cpc-lei-13105-capture-2026-09-28,Art. 435,aula-03.html,unused,"Trata de “É lícito às partes, em qualquer tempo, juntar aos autos documentos novos…”; não define as partes nem classifica o litisconsórcio desta aula."
cpc-lei-13105-capture-2026-09-28,Art. 436,aula-03.html,unused,"Trata de “A parte, intimada a falar sobre documento constante dos autos, poderá:”; não define as partes nem classifica o litisconsórcio desta aula."
cpc-lei-13105-capture-2026-09-28,Art. 437,aula-03.html,unused,Trata de “O réu manifestar-se-á na contestação sobre os documentos anexados à inicial…”; não define as partes nem classifica o litisconsórcio desta aula.
cpc-lei-13105-capture-2026-09-28,Art. 438,aula-03.html,unused,"Trata de “O juiz requisitará às repartições públicas, em qualquer tempo ou grau de…”; não define as partes nem classifica o litisconsórcio desta aula."
cpc-lei-13105-capture-2026-09-28,Art. 439,aula-03.html,unused,Trata de “A utilização de documentos eletrônicos no processo convencional dependerá de…”; não define as partes nem classifica o litisconsórcio desta aula.
cpc-lei-13105-capture-2026-09-28,Art. 440,aula-03.html,unused,Trata de “O juiz apreciará o valor probante do documento eletrônico não convertido…”; não define as partes nem classifica o litisconsórcio desta aula.
cpc-lei-13105-capture-2026-09-28,Art. 441,aula-03.html,unused,Trata de “Serão admitidos documentos eletrônicos produzidos e conservados com a…”; não define as partes nem classifica o litisconsórcio desta aula.
cpc-lei-13105-capture-2026-09-28,Art. 442,aula-03.html,unused,"Trata de “A prova testemunhal é sempre admissível, não dispondo a lei de modo diverso.”; não define as partes nem classifica o litisconsórcio desta aula."
cpc-lei-13105-capture-2026-09-28,Art. 443,aula-03.html,unused,Trata de “O juiz indeferirá a inquirição de testemunhas sobre fatos:”; não define as partes nem classifica o litisconsórcio desta aula.
cpc-lei-13105-capture-2026-09-28,Art. 444,aula-03.html,unused,"Trata de “Nos casos em que a lei exigir prova escrita da obrigação, é admissível a…”; não define as partes nem classifica o litisconsórcio desta aula."
cpc-lei-13105-capture-2026-09-28,Art. 445,aula-03.html,unused,Trata de “Também se admite a prova testemunhal quando o credor não pode ou não podia…”; não define as partes nem classifica o litisconsórcio desta aula.
cpc-lei-13105-capture-2026-09-28,Art. 446,aula-03.html,unused,Trata de “É lícito à parte provar com testemunhas:”; não define as partes nem classifica o litisconsórcio desta aula.
cpc-lei-13105-capture-2026-09-28,Art. 447,aula-03.html,unused,"Trata de “Podem depor como testemunhas todas as pessoas, exceto as incapazes, impedidas…”; não define as partes nem classifica o litisconsórcio desta aula."
cpc-lei-13105-capture-2026-09-28,Art. 448,aula-03.html,unused,Trata de “A testemunha não é obrigada a depor sobre fatos:”; não define as partes nem classifica o litisconsórcio desta aula.
cpc-lei-13105-capture-2026-09-28,Art. 449,aula-03.html,unused,"Trata de “Salvo disposição especial em contrário, as testemunhas devem ser ouvidas na…”; não define as partes nem classifica o litisconsórcio desta aula."
cpc-lei-13105-capture-2026-09-28,Art. 450,aula-03.html,unused,"Trata de “O rol de testemunhas conterá, sempre que possível, o nome, a profissão, o…”; não define as partes nem classifica o litisconsórcio desta aula."
cpc-lei-13105-capture-2026-09-28,Art. 451,aula-03.html,unused,Trata de “Depois de apresentado o rol de que tratam os”; não define as partes nem classifica o litisconsórcio desta aula.
cpc-lei-13105-capture-2026-09-28,Art. 452,aula-03.html,unused,"Trata de “Quando for arrolado como testemunha, o juiz da causa:”; não define as partes nem classifica o litisconsórcio desta aula."
cpc-lei-13105-capture-2026-09-28,Art. 453,aula-03.html,unused,"Trata de “As testemunhas depõem, na audiência de instrução e julgamento, perante o juiz…”; não define as partes nem classifica o litisconsórcio desta aula."
cpc-lei-13105-capture-2026-09-28,Art. 454,aula-03.html,unused,Trata de “São inquiridos em sua residência ou onde exercem sua função:”; não define as partes nem classifica o litisconsórcio desta aula.
cpc-lei-13105-capture-2026-09-28,Art. 455,aula-03.html,unused,Trata de “Cabe ao advogado da parte informar ou intimar a testemunha por ele arrolada…”; não define as partes nem classifica o litisconsórcio desta aula.
cpc-lei-13105-capture-2026-09-28,Art. 456,aula-03.html,unused,"Trata de “O juiz inquirirá as testemunhas separada e sucessivamente, primeiro as do…”; não define as partes nem classifica o litisconsórcio desta aula."
cpc-lei-13105-capture-2026-09-28,Art. 457,aula-03.html,unused,"Trata de “Antes de depor, a testemunha será qualificada, declarará ou confirmará seus…”; não define as partes nem classifica o litisconsórcio desta aula."
cpc-lei-13105-capture-2026-09-28,Art. 458,aula-03.html,unused,"Trata de “Ao início da inquirição, a testemunha prestará o compromisso de dizer a…”; não define as partes nem classifica o litisconsórcio desta aula."
cpc-lei-13105-capture-2026-09-28,Art. 459,aula-03.html,unused,Trata de “As perguntas serão formuladas pelas partes diretamente à testemunha…”; não define as partes nem classifica o litisconsórcio desta aula.
cpc-lei-13105-capture-2026-09-28,Art. 460,aula-03.html,unused,Trata de “O depoimento poderá ser documentado por meio de gravação.”; não define as partes nem classifica o litisconsórcio desta aula.
cpc-lei-13105-capture-2026-09-28,Art. 461,aula-03.html,unused,"Trata de “O juiz pode ordenar, de ofício ou a requerimento da parte:”; não define as partes nem classifica o litisconsórcio desta aula."
cpc-lei-13105-capture-2026-09-28,Art. 462,aula-03.html,unused,Trata de “A testemunha pode requerer ao juiz o pagamento da despesa que efetuou para…”; não define as partes nem classifica o litisconsórcio desta aula.
cpc-lei-13105-capture-2026-09-28,Art. 463,aula-03.html,unused,Trata de “O depoimento prestado em juízo é considerado serviço público.”; não define as partes nem classifica o litisconsórcio desta aula.
cpc-lei-13105-capture-2026-09-28,Art. 464,aula-03.html,unused,"Trata de “A prova pericial consiste em exame, vistoria ou avaliação.”; não define as partes nem classifica o litisconsórcio desta aula."
cpc-lei-13105-capture-2026-09-28,Art. 465,aula-03.html,unused,Trata de “O juiz nomeará perito especializado no objeto da perícia e fixará de imediato…”; não define as partes nem classifica o litisconsórcio desta aula.
cpc-lei-13105-capture-2026-09-28,Art. 466,aula-03.html,unused,Trata de “O perito cumprirá escrupulosamente o encargo que lhe foi cometido…”; não define as partes nem classifica o litisconsórcio desta aula.
cpc-lei-13105-capture-2026-09-28,Art. 467,aula-03.html,unused,Trata de “O perito pode escusar-se ou ser recusado por impedimento ou suspeição.”; não define as partes nem classifica o litisconsórcio desta aula.
cpc-lei-13105-capture-2026-09-28,Art. 468,aula-03.html,unused,Trata de “O perito pode ser substituído quando:”; não define as partes nem classifica o litisconsórcio desta aula.
cpc-lei-13105-capture-2026-09-28,Art. 469,aula-03.html,unused,"Trata de “As partes poderão apresentar quesitos suplementares durante a diligência, que…”; não define as partes nem classifica o litisconsórcio desta aula."
cpc-lei-13105-capture-2026-09-28,Art. 470,aula-03.html,unused,Trata de “Incumbe ao juiz:”; não define as partes nem classifica o litisconsórcio desta aula.
cpc-lei-13105-capture-2026-09-28,Art. 471,aula-03.html,unused,"Trata de “As partes podem, de comum acordo, escolher o perito, indicando-o mediante…”; não define as partes nem classifica o litisconsórcio desta aula."
cpc-lei-13105-capture-2026-09-28,Art. 472,aula-03.html,unused,"Trata de “O juiz poderá dispensar prova pericial quando as partes, na inicial e na…”; não define as partes nem classifica o litisconsórcio desta aula."
cpc-lei-13105-capture-2026-09-28,Art. 473,aula-03.html,unused,Trata de “O laudo pericial deverá conter:”; não define as partes nem classifica o litisconsórcio desta aula.
cpc-lei-13105-capture-2026-09-28,Art. 474,aula-03.html,unused,Trata de “As partes terão ciência da data e do local designados pelo juiz ou indicados…”; não define as partes nem classifica o litisconsórcio desta aula.
cpc-lei-13105-capture-2026-09-28,Art. 475,aula-03.html,unused,Trata de “Tratando-se de perícia complexa que abranja mais de uma área de conhecimento…”; não define as partes nem classifica o litisconsórcio desta aula.
cpc-lei-13105-capture-2026-09-28,Art. 476,aula-03.html,unused,"Trata de “Se o perito, por motivo justificado, não puder apresentar o laudo dentro do…”; não define as partes nem classifica o litisconsórcio desta aula."
cpc-lei-13105-capture-2026-09-28,Art. 478,aula-03.html,unused,Trata de “Quando o exame tiver por objeto a autenticidade ou a falsidade de documento…”; não define as partes nem classifica o litisconsórcio desta aula.
cpc-lei-13105-capture-2026-09-28,Art. 479,aula-03.html,unused,Trata de “O juiz apreciará a prova pericial de acordo com o disposto no”; não define as partes nem classifica o litisconsórcio desta aula.
cpc-lei-13105-capture-2026-09-28,Art. 480,aula-03.html,unused,"Trata de “O juiz determinará, de ofício ou a requerimento da parte, a realização de…”; não define as partes nem classifica o litisconsórcio desta aula."
cpc-lei-13105-capture-2026-09-28,Art. 481,aula-03.html,unused,"Trata de “O juiz, de ofício ou a requerimento da parte, pode, em qualquer fase do…”; não define as partes nem classifica o litisconsórcio desta aula."
cpc-lei-13105-capture-2026-09-28,Art. 482,aula-03.html,unused,"Trata de “Ao realizar a inspeção, o juiz poderá ser assistido por um ou mais peritos.”; não define as partes nem classifica o litisconsórcio desta aula."
cpc-lei-13105-capture-2026-09-28,Art. 483,aula-03.html,unused,Trata de “O juiz irá ao local onde se encontre a pessoa ou a coisa quando:”; não define as partes nem classifica o litisconsórcio desta aula.
cpc-lei-13105-capture-2026-09-28,Art. 484,aula-03.html,unused,"Trata de “Concluída a diligência, o juiz mandará lavrar auto circunstanciado…”; não define as partes nem classifica o litisconsórcio desta aula."
cpc-lei-13105-capture-2026-09-28,Art. 485,aula-03.html,unused,Trata de “O juiz não resolverá o mérito quando:”; não define as partes nem classifica o litisconsórcio desta aula.
cpc-lei-13105-capture-2026-09-28,Art. 486,aula-03.html,unused,Trata de “O pronunciamento judicial que não resolve o mérito não obsta a que a parte…”; não define as partes nem classifica o litisconsórcio desta aula.
cpc-lei-13105-capture-2026-09-28,Art. 487,aula-03.html,unused,Trata de “Haverá resolução de mérito quando o juiz:”; não define as partes nem classifica o litisconsórcio desta aula.
cpc-lei-13105-capture-2026-09-28,Art. 488,aula-03.html,unused,"Trata de “Desde que possível, o juiz resolverá o mérito sempre que a decisão for…”; não define as partes nem classifica o litisconsórcio desta aula."
cpc-lei-13105-capture-2026-09-28,Art. 489,aula-03.html,unused,Trata de “São elementos essenciais da sentença:”; não define as partes nem classifica o litisconsórcio desta aula.
cpc-lei-13105-capture-2026-09-28,Art. 490,aula-03.html,unused,"Trata de “O juiz resolverá o mérito acolhendo ou rejeitando, no todo ou em parte, os…”; não define as partes nem classifica o litisconsórcio desta aula."
cpc-lei-13105-capture-2026-09-28,Art. 491,aula-03.html,unused,"Trata de “Na ação relativa à obrigação de pagar quantia, ainda que formulado pedido…”; não define as partes nem classifica o litisconsórcio desta aula."
cpc-lei-13105-capture-2026-09-28,Art. 492,aula-03.html,unused,"Trata de “É vedado ao juiz proferir decisão de natureza diversa da pedida, bem como…”; não define as partes nem classifica o litisconsórcio desta aula."
cpc-lei-13105-capture-2026-09-28,Art. 493,aula-03.html,unused,"Trata de “Se, depois da propositura da ação, algum fato constitutivo, modificativo ou…”; não define as partes nem classifica o litisconsórcio desta aula."
cpc-lei-13105-capture-2026-09-28,Art. 494,aula-03.html,unused,"Trata de “Publicada a sentença, o juiz só poderá alterá-la:”; não define as partes nem classifica o litisconsórcio desta aula."
cpc-lei-13105-capture-2026-09-28,Art. 495,aula-03.html,unused,Trata de “A decisão que condenar o réu ao pagamento de prestação consistente em…”; não define as partes nem classifica o litisconsórcio desta aula.
cpc-lei-13105-capture-2026-09-28,Art. 496,aula-03.html,unused,"Trata de “Está sujeita ao duplo grau de jurisdição, não produzindo efeito senão depois…”; não define as partes nem classifica o litisconsórcio desta aula."
cpc-lei-13105-capture-2026-09-28,Art. 497,aula-03.html,unused,"Trata de “Na ação que tenha por objeto a prestação de fazer ou de não fazer, o juiz, se…”; não define as partes nem classifica o litisconsórcio desta aula."
cpc-lei-13105-capture-2026-09-28,Art. 498,aula-03.html,unused,"Trata de “Na ação que tenha por objeto a entrega de coisa, o juiz, ao conceder a tutela…”; não define as partes nem classifica o litisconsórcio desta aula."
cpc-lei-13105-capture-2026-09-28,Art. 499,aula-03.html,unused,Trata de “A obrigação somente será convertida em perdas e danos se o autor o requerer…”; não define as partes nem classifica o litisconsórcio desta aula.
cpc-lei-13105-capture-2026-09-28,Art. 500,aula-03.html,unused,Trata de “A indenização por perdas e danos dar-se-á sem prejuízo da multa fixada…”; não define as partes nem classifica o litisconsórcio desta aula.
cpc-lei-13105-capture-2026-09-28,Art. 501,aula-03.html,unused,"Trata de “Na ação que tenha por objeto a emissão de declaração de vontade, a sentença…”; não define as partes nem classifica o litisconsórcio desta aula."
cpc-lei-13105-capture-2026-09-28,Art. 502,aula-03.html,unused,Trata de “Denomina-se coisa julgada material a autoridade que torna imutável e…”; não define as partes nem classifica o litisconsórcio desta aula.
cpc-lei-13105-capture-2026-09-28,Art. 503,aula-03.html,unused,Trata de “A decisão que julgar total ou parcialmente o mérito tem força de lei nos…”; não define as partes nem classifica o litisconsórcio desta aula.
cpc-lei-13105-capture-2026-09-28,Art. 504,aula-03.html,unused,Trata de “Não fazem coisa julgada:”; não define as partes nem classifica o litisconsórcio desta aula.
cpc-lei-13105-capture-2026-09-28,Art. 506,aula-03.html,unused,"Trata de “A sentença faz coisa julgada às partes entre as quais é dada, não…”; não define as partes nem classifica o litisconsórcio desta aula."
cpc-lei-13105-capture-2026-09-28,Art. 507,aula-03.html,unused,Trata de “É vedado à parte discutir no curso do processo as questões já decididas a…”; não define as partes nem classifica o litisconsórcio desta aula.
cpc-lei-13105-capture-2026-09-28,Art. 508,aula-03.html,unused,"Trata de “Transitada em julgado a decisão de mérito, considerar-se-ão deduzidas e…”; não define as partes nem classifica o litisconsórcio desta aula."
cpc-lei-13105-capture-2026-09-28,Art. 509,aula-03.html,unused,"Trata de “Quando a sentença condenar ao pagamento de quantia ilíquida, proceder-se-á à…”; não define as partes nem classifica o litisconsórcio desta aula."
cpc-lei-13105-capture-2026-09-28,Art. 510,aula-03.html,unused,"Trata de “Na liquidação por arbitramento, o juiz intimará as partes para a apresentação…”; não define as partes nem classifica o litisconsórcio desta aula."
cpc-lei-13105-capture-2026-09-28,Art. 511,aula-03.html,unused,"Trata de “Na liquidação pelo procedimento comum, o juiz determinará a intimação do…”; não define as partes nem classifica o litisconsórcio desta aula."
cpc-lei-13105-capture-2026-09-28,Art. 513,aula-03.html,unused,Trata de “O cumprimento da sentença será feito segundo as regras deste Título…”; não define as partes nem classifica o litisconsórcio desta aula.
cpc-lei-13105-capture-2026-09-28,Art. 514,aula-03.html,unused,"Trata de “Quando o juiz decidir relação jurídica sujeita a condição ou termo, o…”; não define as partes nem classifica o litisconsórcio desta aula."
cpc-lei-13105-capture-2026-09-28,Art. 515,aula-03.html,unused,"Trata de “São títulos executivos judiciais, cujo cumprimento dar-se-á de acordo com os…”; não define as partes nem classifica o litisconsórcio desta aula."
cpc-lei-13105-capture-2026-09-28,Art. 516,aula-03.html,unused,Trata de “O cumprimento da sentença efetuar-se-á perante:”; não define as partes nem classifica o litisconsórcio desta aula.
cpc-lei-13105-capture-2026-09-28,Art. 517,aula-03.html,unused,"Trata de “A decisão judicial transitada em julgado poderá ser levada a protesto, nos…”; não define as partes nem classifica o litisconsórcio desta aula."
cpc-lei-13105-capture-2026-09-28,Art. 518,aula-03.html,unused,Trata de “Todas as questões relativas à validade do procedimento de cumprimento da…”; não define as partes nem classifica o litisconsórcio desta aula.
cpc-lei-13105-capture-2026-09-28,Art. 519,aula-03.html,unused,"Trata de “Aplicam-se as disposições relativas ao cumprimento da sentença, provisório ou…”; não define as partes nem classifica o litisconsórcio desta aula."
cpc-lei-13105-capture-2026-09-28,Art. 520,aula-03.html,unused,Trata de “O cumprimento provisório da sentença impugnada por recurso desprovido de…”; não define as partes nem classifica o litisconsórcio desta aula.
cpc-lei-13105-capture-2026-09-28,Art. 521,aula-03.html,unused,Trata de “A caução prevista no”; não define as partes nem classifica o litisconsórcio desta aula.
cpc-lei-13105-capture-2026-09-28,Art. 522,aula-03.html,unused,Trata de “O cumprimento provisório da sentença será requerido por petição dirigida ao…”; não define as partes nem classifica o litisconsórcio desta aula.
cpc-lei-13105-capture-2026-09-28,Art. 523,aula-03.html,unused,"Trata de “No caso de condenação em quantia certa, ou já fixada em liquidação, e no caso…”; não define as partes nem classifica o litisconsórcio desta aula."
cpc-lei-13105-capture-2026-09-28,Art. 524,aula-03.html,unused,Trata de “O requerimento previsto no”; não define as partes nem classifica o litisconsórcio desta aula.
cpc-lei-13105-capture-2026-09-28,Art. 525,aula-03.html,unused,Trata de “Transcorrido o prazo previsto no”; não define as partes nem classifica o litisconsórcio desta aula.
cpc-lei-13105-capture-2026-09-28,Art. 526,aula-03.html,unused,"Trata de “É lícito ao réu, antes de ser intimado para o cumprimento da sentença…”; não define as partes nem classifica o litisconsórcio desta aula."
cpc-lei-13105-capture-2026-09-28,Art. 527,aula-03.html,unused,Trata de “Aplicam-se as disposições deste Capítulo ao cumprimento provisório da…”; não define as partes nem classifica o litisconsórcio desta aula.
cpc-lei-13105-capture-2026-09-28,Art. 528,aula-03.html,unused,Trata de “No cumprimento de sentença que condene ao pagamento de prestação alimentícia…”; não define as partes nem classifica o litisconsórcio desta aula.
cpc-lei-13105-capture-2026-09-28,Art. 529,aula-03.html,unused,"Trata de “Quando o executado for funcionário público, militar, diretor ou gerente de…”; não define as partes nem classifica o litisconsórcio desta aula."
cpc-lei-13105-capture-2026-09-28,Art. 530,aula-03.html,unused,"Trata de “Não cumprida a obrigação, observar-se-á o disposto nos”; não define as partes nem classifica o litisconsórcio desta aula."
cpc-lei-13105-capture-2026-09-28,Art. 531,aula-03.html,unused,Trata de “O disposto neste Capítulo aplica-se aos alimentos definitivos ou provisórios.”; não define as partes nem classifica o litisconsórcio desta aula.
cpc-lei-13105-capture-2026-09-28,Art. 532,aula-03.html,unused,"Trata de “Verificada a conduta procrastinatória do executado, o juiz deverá, se for o…”; não define as partes nem classifica o litisconsórcio desta aula."
cpc-lei-13105-capture-2026-09-28,Art. 533,aula-03.html,unused,"Trata de “Quando a indenização por ato ilícito incluir prestação de alimentos, caberá…”; não define as partes nem classifica o litisconsórcio desta aula."
cpc-lei-13105-capture-2026-09-28,Art. 534,aula-03.html,unused,Trata de “No cumprimento de sentença que impuser à Fazenda Pública o dever de pagar…”; não define as partes nem classifica o litisconsórcio desta aula.
cpc-lei-13105-capture-2026-09-28,Art. 535,aula-03.html,unused,"Trata de “A Fazenda Pública será intimada na pessoa de seu representante judicial, por…”; não define as partes nem classifica o litisconsórcio desta aula."
cpc-lei-13105-capture-2026-09-28,Art. 536,aula-03.html,unused,Trata de “No cumprimento de sentença que reconheça a exigibilidade de obrigação de…”; não define as partes nem classifica o litisconsórcio desta aula.
cpc-lei-13105-capture-2026-09-28,Art. 537,aula-03.html,unused,Trata de “A multa independe de requerimento da parte e poderá ser aplicada na fase de…”; não define as partes nem classifica o litisconsórcio desta aula.
cpc-lei-13105-capture-2026-09-28,Art. 538,aula-03.html,unused,Trata de “Não cumprida a obrigação de entregar coisa no prazo estabelecido na sentença…”; não define as partes nem classifica o litisconsórcio desta aula.
cpc-lei-13105-capture-2026-09-28,Art. 539,aula-03.html,unused,"Trata de “Nos casos previstos em lei, poderá o devedor ou terceiro requerer, com efeito…”; não define as partes nem classifica o litisconsórcio desta aula."
cpc-lei-13105-capture-2026-09-28,Art. 540,aula-03.html,unused,"Trata de “Requerer-se-á a consignação no lugar do pagamento, cessando para o devedor, à…”; não define as partes nem classifica o litisconsórcio desta aula."
cpc-lei-13105-capture-2026-09-28,Art. 541,aula-03.html,unused,"Trata de “Tratando-se de prestações sucessivas, consignada uma delas, pode o devedor…”; não define as partes nem classifica o litisconsórcio desta aula."
cpc-lei-13105-capture-2026-09-28,Art. 542,aula-03.html,unused,"Trata de “Na petição inicial, o autor requererá:”; não define as partes nem classifica o litisconsórcio desta aula."
cpc-lei-13105-capture-2026-09-28,Art. 543,aula-03.html,unused,Trata de “Se o objeto da prestação for coisa indeterminada e a escolha couber ao…”; não define as partes nem classifica o litisconsórcio desta aula.
cpc-lei-13105-capture-2026-09-28,Art. 544,aula-03.html,unused,"Trata de “Na contestação, o réu poderá alegar que:”; não define as partes nem classifica o litisconsórcio desta aula."
cpc-lei-13105-capture-2026-09-28,Art. 545,aula-03.html,unused,"Trata de “Alegada a insuficiência do depósito, é lícito ao autor completá-lo, em 10…”; não define as partes nem classifica o litisconsórcio desta aula."
cpc-lei-13105-capture-2026-09-28,Art. 546,aula-03.html,unused,"Trata de “Julgado procedente o pedido, o juiz declarará extinta a obrigação e condenará…”; não define as partes nem classifica o litisconsórcio desta aula."
cpc-lei-13105-capture-2026-09-28,Art. 547,aula-03.html,unused,"Trata de “Se ocorrer dúvida sobre quem deva legitimamente receber o pagamento, o autor…”; não define as partes nem classifica o litisconsórcio desta aula."
cpc-lei-13105-capture-2026-09-28,Art. 548,aula-03.html,unused,Trata de “No caso do”; não define as partes nem classifica o litisconsórcio desta aula.
cpc-lei-13105-capture-2026-09-28,Art. 549,aula-03.html,unused,"Trata de “Aplica-se o procedimento estabelecido neste Capítulo, no que couber, ao…”; não define as partes nem classifica o litisconsórcio desta aula."
cpc-lei-13105-capture-2026-09-28,Art. 550,aula-03.html,unused,Trata de “Aquele que afirmar ser titular do direito de exigir contas requererá a…”; não define as partes nem classifica o litisconsórcio desta aula.
cpc-lei-13105-capture-2026-09-28,Art. 551,aula-03.html,unused,"Trata de “As contas do réu serão apresentadas na forma adequada, especificando-se as…”; não define as partes nem classifica o litisconsórcio desta aula."
cpc-lei-13105-capture-2026-09-28,Art. 552,aula-03.html,unused,Trata de “A sentença apurará o saldo e constituirá título executivo judicial.”; não define as partes nem classifica o litisconsórcio desta aula.
cpc-lei-13105-capture-2026-09-28,Art. 553,aula-03.html,unused,"Trata de “As contas do inventariante, do tutor, do curador, do depositário e de…”; não define as partes nem classifica o litisconsórcio desta aula."
cpc-lei-13105-capture-2026-09-28,Art. 554,aula-03.html,unused,Trata de “A propositura de uma ação possessória em vez de outra não obstará a que o…”; não define as partes nem classifica o litisconsórcio desta aula.
cpc-lei-13105-capture-2026-09-28,Art. 555,aula-03.html,unused,Trata de “É lícito ao autor cumular ao pedido possessório o de:”; não define as partes nem classifica o litisconsórcio desta aula.
cpc-lei-13105-capture-2026-09-28,Art. 556,aula-03.html,unused,"Trata de “É lícito ao réu, na contestação, alegando que foi o ofendido em sua posse…”; não define as partes nem classifica o litisconsórcio desta aula."
cpc-lei-13105-capture-2026-09-28,Art. 557,aula-03.html,unused,"Trata de “Na pendência de ação possessória é vedado, tanto ao autor quanto ao réu…”; não define as partes nem classifica o litisconsórcio desta aula."
cpc-lei-13105-capture-2026-09-28,Art. 558,aula-03.html,unused,Trata de “Regem o procedimento de manutenção e de reintegração de posse as normas da…”; não define as partes nem classifica o litisconsórcio desta aula.
cpc-lei-13105-capture-2026-09-28,Art. 559,aula-03.html,unused,"Trata de “Se o réu provar, em qualquer tempo, que o autor provisoriamente mantido ou…”; não define as partes nem classifica o litisconsórcio desta aula."
cpc-lei-13105-capture-2026-09-28,Art. 560,aula-03.html,unused,Trata de “O possuidor tem direito a ser mantido na posse em caso de turbação e…”; não define as partes nem classifica o litisconsórcio desta aula.
cpc-lei-13105-capture-2026-09-28,Art. 561,aula-03.html,unused,Trata de “Incumbe ao autor provar:”; não define as partes nem classifica o litisconsórcio desta aula.
cpc-lei-13105-capture-2026-09-28,Art. 562,aula-03.html,unused,"Trata de “Estando a petição inicial devidamente instruída, o juiz deferirá, sem ouvir o…”; não define as partes nem classifica o litisconsórcio desta aula."
cpc-lei-13105-capture-2026-09-28,Art. 563,aula-03.html,unused,"Trata de “Considerada suficiente a justificação, o juiz fará logo expedir mandado de…”; não define as partes nem classifica o litisconsórcio desta aula."
cpc-lei-13105-capture-2026-09-28,Art. 565,aula-03.html,unused,"Trata de “No litígio coletivo pela posse de imóvel, quando o esbulho ou a turbação…”; não define as partes nem classifica o litisconsórcio desta aula."
cpc-lei-13105-capture-2026-09-28,Art. 566,aula-03.html,unused,"Trata de “Aplica-se, quanto ao mais, o procedimento comum.”; não define as partes nem classifica o litisconsórcio desta aula."
cpc-lei-13105-capture-2026-09-28,Art. 567,aula-03.html,unused,Trata de “O possuidor direto ou indireto que tenha justo receio de ser molestado na…”; não define as partes nem classifica o litisconsórcio desta aula.
cpc-lei-13105-capture-2026-09-28,Art. 568,aula-03.html,unused,Trata de “Aplica-se ao interdito proibitório o disposto na Seção II deste Capítulo.”; não define as partes nem classifica o litisconsórcio desta aula.
cpc-lei-13105-capture-2026-09-28,Art. 569,aula-03.html,unused,Trata de “Cabe:”; não define as partes nem classifica o litisconsórcio desta aula.
cpc-lei-13105-capture-2026-09-28,Art. 570,aula-03.html,unused,"Trata de “É lícita a cumulação dessas ações, caso em que deverá processar-se…”; não define as partes nem classifica o litisconsórcio desta aula."
cpc-lei-13105-capture-2026-09-28,Art. 571,aula-03.html,unused,"Trata de “A demarcação e a divisão poderão ser realizadas por escritura pública, desde…”; não define as partes nem classifica o litisconsórcio desta aula."
cpc-lei-13105-capture-2026-09-28,Art. 572,aula-03.html,unused,"Trata de “Fixados os marcos da linha de demarcação, os confinantes considerar-se-ão…”; não define as partes nem classifica o litisconsórcio desta aula."
cpc-lei-13105-capture-2026-09-28,Art. 573,aula-03.html,unused,"Trata de “Tratando-se de imóvel georreferenciado, com averbação no registro de imóveis…”; não define as partes nem classifica o litisconsórcio desta aula."
cpc-lei-13105-capture-2026-09-28,Art. 574,aula-03.html,unused,"Trata de “Na petição inicial, instruída com os títulos da propriedade, designar-se-á o…”; não define as partes nem classifica o litisconsórcio desta aula."
cpc-lei-13105-capture-2026-09-28,Art. 575,aula-03.html,unused,Trata de “Qualquer condômino é parte legítima para promover a demarcação do imóvel…”; não define as partes nem classifica o litisconsórcio desta aula.
cpc-lei-13105-capture-2026-09-28,Art. 576,aula-03.html,unused,"Trata de “A citação dos réus será feita por correio, observado o disposto no”; não define as partes nem classifica o litisconsórcio desta aula."
cpc-lei-13105-capture-2026-09-28,Art. 577,aula-03.html,unused,"Trata de “Feitas as citações, terão os réus o prazo comum de 15 (quinze) dias para…”; não define as partes nem classifica o litisconsórcio desta aula."
cpc-lei-13105-capture-2026-09-28,Art. 578,aula-03.html,unused,"Trata de “Após o prazo de resposta do réu, observar-se-á o procedimento comum.”; não define as partes nem classifica o litisconsórcio desta aula."
cpc-lei-13105-capture-2026-09-28,Art. 579,aula-03.html,unused,"Trata de “Antes de proferir a sentença, o juiz nomeará um ou mais peritos para levantar…”; não define as partes nem classifica o litisconsórcio desta aula."
cpc-lei-13105-capture-2026-09-28,Art. 580,aula-03.html,unused,"Trata de “Concluídos os estudos, os peritos apresentarão minucioso laudo sobre o…”; não define as partes nem classifica o litisconsórcio desta aula."
cpc-lei-13105-capture-2026-09-28,Art. 581,aula-03.html,unused,Trata de “A sentença que julgar procedente o pedido determinará o traçado da linha…”; não define as partes nem classifica o litisconsórcio desta aula.
cpc-lei-13105-capture-2026-09-28,Art. 582,aula-03.html,unused,"Trata de “Transitada em julgado a sentença, o perito efetuará a demarcação e colocará…”; não define as partes nem classifica o litisconsórcio desta aula."
cpc-lei-13105-capture-2026-09-28,Art. 583,aula-03.html,unused,Trata de “As plantas serão acompanhadas das cadernetas de operações de campo e do…”; não define as partes nem classifica o litisconsórcio desta aula.
cpc-lei-13105-capture-2026-09-28,Art. 584,aula-03.html,unused,"Trata de “É obrigatória a colocação de marcos tanto na estação inicial, dita marco…”; não define as partes nem classifica o litisconsórcio desta aula."
cpc-lei-13105-capture-2026-09-28,Art. 585,aula-03.html,unused,"Trata de “A linha será percorrida pelos peritos, que examinarão os marcos e os rumos…”; não define as partes nem classifica o litisconsórcio desta aula."
cpc-lei-13105-capture-2026-09-28,Art. 586,aula-03.html,unused,"Trata de “Juntado aos autos o relatório dos peritos, o juiz determinará que as partes…”; não define as partes nem classifica o litisconsórcio desta aula."
cpc-lei-13105-capture-2026-09-28,Art. 587,aula-03.html,unused,"Trata de “Assinado o auto pelo juiz e pelos peritos, será proferida a sentença…”; não define as partes nem classifica o litisconsórcio desta aula."
cpc-lei-13105-capture-2026-09-28,Art. 588,aula-03.html,unused,Trata de “A petição inicial será instruída com os títulos de domínio do promovente e…”; não define as partes nem classifica o litisconsórcio desta aula.
cpc-lei-13105-capture-2026-09-28,Art. 589,aula-03.html,unused,Trata de “Feitas as citações como preceitua o”; não define as partes nem classifica o litisconsórcio desta aula.
cpc-lei-13105-capture-2026-09-28,Art. 590,aula-03.html,unused,Trata de “O juiz nomeará um ou mais peritos para promover a medição do imóvel e as…”; não define as partes nem classifica o litisconsórcio desta aula.
cpc-lei-13105-capture-2026-09-28,Art. 591,aula-03.html,unused,"Trata de “Todos os condôminos serão intimados a apresentar, dentro de 10 (dez) dias, os…”; não define as partes nem classifica o litisconsórcio desta aula."
cpc-lei-13105-capture-2026-09-28,Art. 592,aula-03.html,unused,Trata de “O juiz ouvirá as partes no prazo comum de 15 (quinze) dias.”; não define as partes nem classifica o litisconsórcio desta aula.
cpc-lei-13105-capture-2026-09-28,Art. 593,aula-03.html,unused,Trata de “Se qualquer linha do perímetro atingir benfeitorias permanentes dos…”; não define as partes nem classifica o litisconsórcio desta aula.
cpc-lei-13105-capture-2026-09-28,Art. 594,aula-03.html,unused,Trata de “Os confinantes do imóvel dividendo podem demandar a restituição dos terrenos…”; não define as partes nem classifica o litisconsórcio desta aula.
cpc-lei-13105-capture-2026-09-28,Art. 595,aula-03.html,unused,"Trata de “Os peritos proporão, em laudo fundamentado, a forma da divisão, devendo…”; não define as partes nem classifica o litisconsórcio desta aula."
cpc-lei-13105-capture-2026-09-28,Art. 596,aula-03.html,unused,"Trata de “Ouvidas as partes, no prazo comum de 15 (quinze) dias, sobre o cálculo e o…”; não define as partes nem classifica o litisconsórcio desta aula."
cpc-lei-13105-capture-2026-09-28,Art. 597,aula-03.html,unused,Trata de “Terminados os trabalhos e desenhados na planta os quinhões e as servidões…”; não define as partes nem classifica o litisconsórcio desta aula.
cpc-lei-13105-capture-2026-09-28,Art. 598,aula-03.html,unused,Trata de “Aplica-se às divisões o disposto nos”; não define as partes nem classifica o litisconsórcio desta aula.
cpc-lei-13105-capture-2026-09-28,Art. 599,aula-03.html,unused,Trata de “A ação de dissolução parcial de sociedade pode ter por objeto:”; não define as partes nem classifica o litisconsórcio desta aula.
cpc-lei-13105-capture-2026-09-28,Art. 600,aula-03.html,unused,Trata de “A ação pode ser proposta:”; não define as partes nem classifica o litisconsórcio desta aula.
cpc-lei-13105-capture-2026-09-28,Art. 601,aula-03.html,unused,"Trata de “Os sócios e a sociedade serão citados para, no prazo de 15 (quinze) dias…”; não define as partes nem classifica o litisconsórcio desta aula."
cpc-lei-13105-capture-2026-09-28,Art. 602,aula-03.html,unused,Trata de “A sociedade poderá formular pedido de indenização compensável com o valor dos…”; não define as partes nem classifica o litisconsórcio desta aula.
cpc-lei-13105-capture-2026-09-28,Art. 603,aula-03.html,unused,"Trata de “Havendo manifestação expressa e unânime pela concordância da dissolução, o…”; não define as partes nem classifica o litisconsórcio desta aula."
cpc-lei-13105-capture-2026-09-28,Art. 604,aula-03.html,unused,"Trata de “Para apuração dos haveres, o juiz:”; não define as partes nem classifica o litisconsórcio desta aula."
cpc-lei-13105-capture-2026-09-28,Art. 605,aula-03.html,unused,Trata de “A data da resolução da sociedade será:”; não define as partes nem classifica o litisconsórcio desta aula.
cpc-lei-13105-capture-2026-09-28,Art. 606,aula-03.html,unused,"Trata de “Em caso de omissão do contrato social, o juiz definirá, como critério de…”; não define as partes nem classifica o litisconsórcio desta aula."
cpc-lei-13105-capture-2026-09-28,Art. 607,aula-03.html,unused,Trata de “A data da resolução e o critério de apuração de haveres podem ser revistos…”; não define as partes nem classifica o litisconsórcio desta aula.
cpc-lei-13105-capture-2026-09-28,Art. 608,aula-03.html,unused,"Trata de “Até a data da resolução, integram o valor devido ao ex-sócio, ao espólio ou…”; não define as partes nem classifica o litisconsórcio desta aula."
cpc-lei-13105-capture-2026-09-28,Art. 609,aula-03.html,unused,"Trata de “Uma vez apurados, os haveres do sócio retirante serão pagos conforme…”; não define as partes nem classifica o litisconsórcio desta aula."
cpc-lei-13105-capture-2026-09-28,Art. 610,aula-03.html,unused,"Trata de “Havendo testamento ou interessado incapaz, proceder-se-á ao inventário…”; não define as partes nem classifica o litisconsórcio desta aula."
cpc-lei-13105-capture-2026-09-28,Art. 611,aula-03.html,unused,Trata de “O processo de inventário e de partilha deve ser instaurado dentro de 2 (dois)…”; não define as partes nem classifica o litisconsórcio desta aula.
cpc-lei-13105-capture-2026-09-28,Art. 612,aula-03.html,unused,Trata de “O juiz decidirá todas as questões de direito desde que os fatos relevantes…”; não define as partes nem classifica o litisconsórcio desta aula.
cpc-lei-13105-capture-2026-09-28,Art. 613,aula-03.html,unused,"Trata de “Até que o inventariante preste o compromisso, continuará o espólio na posse…”; não define as partes nem classifica o litisconsórcio desta aula."
cpc-lei-13105-capture-2026-09-28,Art. 614,aula-03.html,unused,"Trata de “O administrador provisório representa ativa e passivamente o espólio, é…”; não define as partes nem classifica o litisconsórcio desta aula."
cpc-lei-13105-capture-2026-09-28,Art. 615,aula-03.html,unused,Trata de “O requerimento de inventário e de partilha incumbe a quem estiver na posse e…”; não define as partes nem classifica o litisconsórcio desta aula.
cpc-lei-13105-capture-2026-09-28,Art. 616,aula-03.html,unused,"Trata de “Têm, contudo, legitimidade concorrente:”; não define as partes nem classifica o litisconsórcio desta aula."
cpc-lei-13105-capture-2026-09-28,Art. 617,aula-03.html,unused,Trata de “O juiz nomeará inventariante na seguinte ordem:”; não define as partes nem classifica o litisconsórcio desta aula.
cpc-lei-13105-capture-2026-09-28,Art. 618,aula-03.html,unused,Trata de “Incumbe ao inventariante:”; não define as partes nem classifica o litisconsórcio desta aula.
cpc-lei-13105-capture-2026-09-28,Art. 619,aula-03.html,unused,"Trata de “Incumbe ainda ao inventariante, ouvidos os interessados e com autorização do…”; não define as partes nem classifica o litisconsórcio desta aula."
cpc-lei-13105-capture-2026-09-28,Art. 620,aula-03.html,unused,"Trata de “Dentro de 20 (vinte) dias contados da data em que prestou o compromisso, o…”; não define as partes nem classifica o litisconsórcio desta aula."
cpc-lei-13105-capture-2026-09-28,Art. 621,aula-03.html,unused,Trata de “Só se pode arguir sonegação ao inventariante depois de encerrada a descrição…”; não define as partes nem classifica o litisconsórcio desta aula.
cpc-lei-13105-capture-2026-09-28,Art. 622,aula-03.html,unused,Trata de “O inventariante será removido de ofício ou a requerimento:”; não define as partes nem classifica o litisconsórcio desta aula.
cpc-lei-13105-capture-2026-09-28,Art. 623,aula-03.html,unused,Trata de “Requerida a remoção com fundamento em qualquer dos incisos do”; não define as partes nem classifica o litisconsórcio desta aula.
cpc-lei-13105-capture-2026-09-28,Art. 624,aula-03.html,unused,"Trata de “Decorrido o prazo, com a defesa do inventariante ou sem ela, o juiz decidirá.”; não define as partes nem classifica o litisconsórcio desta aula."
cpc-lei-13105-capture-2026-09-28,Art. 625,aula-03.html,unused,Trata de “O inventariante removido entregará imediatamente ao substituto os bens do…”; não define as partes nem classifica o litisconsórcio desta aula.
cpc-lei-13105-capture-2026-09-28,Art. 626,aula-03.html,unused,"Trata de “Feitas as primeiras declarações, o juiz mandará citar, para os termos do…”; não define as partes nem classifica o litisconsórcio desta aula."
cpc-lei-13105-capture-2026-09-28,Art. 627,aula-03.html,unused,"Trata de “Concluídas as citações, abrir-se-á vista às partes, em cartório e pelo prazo…”; não define as partes nem classifica o litisconsórcio desta aula."
cpc-lei-13105-capture-2026-09-28,Art. 628,aula-03.html,unused,Trata de “Aquele que se julgar preterido poderá demandar sua admissão no inventário…”; não define as partes nem classifica o litisconsórcio desta aula.
cpc-lei-13105-capture-2026-09-28,Art. 629,aula-03.html,unused,"Trata de “A Fazenda Pública, no prazo de 15 (quinze) dias, após a vista de que trata o”; não define as partes nem classifica o litisconsórcio desta aula."
cpc-lei-13105-capture-2026-09-28,Art. 630,aula-03.html,unused,Trata de “Findo o prazo previsto no”; não define as partes nem classifica o litisconsórcio desta aula.
cpc-lei-13105-capture-2026-09-28,Art. 632,aula-03.html,unused,Trata de “Não se expedirá carta precatória para a avaliação de bens situados fora da…”; não define as partes nem classifica o litisconsórcio desta aula.
cpc-lei-13105-capture-2026-09-28,Art. 633,aula-03.html,unused,"Trata de “Sendo capazes todas as partes, não se procederá à avaliação se a Fazenda…”; não define as partes nem classifica o litisconsórcio desta aula."
cpc-lei-13105-capture-2026-09-28,Art. 634,aula-03.html,unused,Trata de “Se os herdeiros concordarem com o valor dos bens declarados pela Fazenda…”; não define as partes nem classifica o litisconsórcio desta aula.
cpc-lei-13105-capture-2026-09-28,Art. 635,aula-03.html,unused,"Trata de “Entregue o laudo de avaliação, o juiz mandará que as partes se manifestem no…”; não define as partes nem classifica o litisconsórcio desta aula."
cpc-lei-13105-capture-2026-09-28,Art. 636,aula-03.html,unused,Trata de “Aceito o laudo ou resolvidas as impugnações suscitadas a seu respeito…”; não define as partes nem classifica o litisconsórcio desta aula.
cpc-lei-13105-capture-2026-09-28,Art. 637,aula-03.html,unused,Trata de “Ouvidas as partes sobre as últimas declarações no prazo comum de 15 (quinze)…”; não define as partes nem classifica o litisconsórcio desta aula.
cpc-lei-13105-capture-2026-09-28,Art. 638,aula-03.html,unused,"Trata de “Feito o cálculo, sobre ele serão ouvidas todas as partes no prazo comum de 5…”; não define as partes nem classifica o litisconsórcio desta aula."
cpc-lei-13105-capture-2026-09-28,Art. 639,aula-03.html,unused,Trata de “No prazo estabelecido no”; não define as partes nem classifica o litisconsórcio desta aula.
cpc-lei-13105-capture-2026-09-28,Art. 640,aula-03.html,unused,Trata de “O herdeiro que renunciou à herança ou o que dela foi excluído não se exime…”; não define as partes nem classifica o litisconsórcio desta aula.
cpc-lei-13105-capture-2026-09-28,Art. 641,aula-03.html,unused,"Trata de “Se o herdeiro negar o recebimento dos bens ou a obrigação de os conferir, o…”; não define as partes nem classifica o litisconsórcio desta aula."
cpc-lei-13105-capture-2026-09-28,Art. 642,aula-03.html,unused,"Trata de “Antes da partilha, poderão os credores do espólio requerer ao juízo do…”; não define as partes nem classifica o litisconsórcio desta aula."
cpc-lei-13105-capture-2026-09-28,Art. 643,aula-03.html,unused,Trata de “Não havendo concordância de todas as partes sobre o pedido de pagamento feito…”; não define as partes nem classifica o litisconsórcio desta aula.
cpc-lei-13105-capture-2026-09-28,Art. 644,aula-03.html,unused,"Trata de “O credor de dívida líquida e certa, ainda não vencida, pode requerer…”; não define as partes nem classifica o litisconsórcio desta aula."
cpc-lei-13105-capture-2026-09-28,Art. 645,aula-03.html,unused,Trata de “O legatário é parte legítima para manifestar-se sobre as dívidas do espólio:”; não define as partes nem classifica o litisconsórcio desta aula.
cpc-lei-13105-capture-2026-09-28,Art. 646,aula-03.html,unused,Trata de “Sem prejuízo do disposto no”; não define as partes nem classifica o litisconsórcio desta aula.
cpc-lei-13105-capture-2026-09-28,Art. 647,aula-03.html,unused,Trata de “Cumprido o disposto no”; não define as partes nem classifica o litisconsórcio desta aula.
cpc-lei-13105-capture-2026-09-28,Art. 648,aula-03.html,unused,"Trata de “Na partilha, serão observadas as seguintes regras:”; não define as partes nem classifica o litisconsórcio desta aula."
cpc-lei-13105-capture-2026-09-28,Art. 649,aula-03.html,unused,Trata de “Os bens insuscetíveis de divisão cômoda que não couberem na parte do cônjuge…”; não define as partes nem classifica o litisconsórcio desta aula.
cpc-lei-13105-capture-2026-09-28,Art. 650,aula-03.html,unused,"Trata de “Se um dos interessados for nascituro, o quinhão que lhe caberá será reservado…”; não define as partes nem classifica o litisconsórcio desta aula."
cpc-lei-13105-capture-2026-09-28,Art. 651,aula-03.html,unused,Trata de “O partidor organizará o esboço da partilha de acordo com a decisão judicial…”; não define as partes nem classifica o litisconsórcio desta aula.
cpc-lei-13105-capture-2026-09-28,Art. 652,aula-03.html,unused,"Trata de “Feito o esboço, as partes manifestar-se-ão sobre esse no prazo comum de 15…”; não define as partes nem classifica o litisconsórcio desta aula."
cpc-lei-13105-capture-2026-09-28,Art. 653,aula-03.html,unused,Trata de “A partilha constará:”; não define as partes nem classifica o litisconsórcio desta aula.
cpc-lei-13105-capture-2026-09-28,Art. 654,aula-03.html,unused,Trata de “Pago o imposto de transmissão a título de morte e juntada aos autos certidão…”; não define as partes nem classifica o litisconsórcio desta aula.
cpc-lei-13105-capture-2026-09-28,Art. 655,aula-03.html,unused,Trata de “Transitada em julgado a sentença mencionada no”; não define as partes nem classifica o litisconsórcio desta aula.
cpc-lei-13105-capture-2026-09-28,Art. 656,aula-03.html,unused,"Trata de “A partilha, mesmo depois de transitada em julgado a sentença, pode ser…”; não define as partes nem classifica o litisconsórcio desta aula."
cpc-lei-13105-capture-2026-09-28,Art. 657,aula-03.html,unused,"Trata de “A partilha amigável, lavrada em instrumento público, reduzida a termo nos…”; não define as partes nem classifica o litisconsórcio desta aula."
cpc-lei-13105-capture-2026-09-28,Art. 658,aula-03.html,unused,Trata de “É rescindível a partilha julgada por sentença:”; não define as partes nem classifica o litisconsórcio desta aula.
cpc-lei-13105-capture-2026-09-28,Art. 659,aula-03.html,unused,"Trata de “A partilha amigável, celebrada entre partes capazes, nos termos da lei, será…”; não define as partes nem classifica o litisconsórcio desta aula."
cpc-lei-13105-capture-2026-09-28,Art. 660,aula-03.html,unused,"Trata de “Na petição de inventário, que se processará na forma de arrolamento sumário…”; não define as partes nem classifica o litisconsórcio desta aula."
cpc-lei-13105-capture-2026-09-28,Art. 661,aula-03.html,unused,Trata de “Ressalvada a hipótese prevista no parágrafo único do”; não define as partes nem classifica o litisconsórcio desta aula.
cpc-lei-13105-capture-2026-09-28,Art. 662,aula-03.html,unused,"Trata de “No arrolamento, não serão conhecidas ou apreciadas questões relativas ao…”; não define as partes nem classifica o litisconsórcio desta aula."
cpc-lei-13105-capture-2026-09-28,Art. 663,aula-03.html,unused,Trata de “A existência de credores do espólio não impedirá a homologação da partilha ou…”; não define as partes nem classifica o litisconsórcio desta aula.
cpc-lei-13105-capture-2026-09-28,Art. 664,aula-03.html,unused,Trata de “Quando o valor dos bens do espólio for igual ou inferior a 1.000 (mil)…”; não define as partes nem classifica o litisconsórcio desta aula.
cpc-lei-13105-capture-2026-09-28,Art. 665,aula-03.html,unused,Trata de “O inventário processar-se-á também na forma do”; não define as partes nem classifica o litisconsórcio desta aula.
cpc-lei-13105-capture-2026-09-28,Art. 666,aula-03.html,unused,Trata de “Independerá de inventário ou de arrolamento o pagamento dos valores previstos…”; não define as partes nem classifica o litisconsórcio desta aula.
cpc-lei-13105-capture-2026-09-28,Art. 667,aula-03.html,unused,Trata de “Aplicam-se subsidiariamente a esta Seção as disposições das Seções VII e VIII…”; não define as partes nem classifica o litisconsórcio desta aula.
cpc-lei-13105-capture-2026-09-28,Art. 668,aula-03.html,unused,Trata de “Cessa a eficácia da tutela provisória prevista nas Seções deste Capítulo:”; não define as partes nem classifica o litisconsórcio desta aula.
cpc-lei-13105-capture-2026-09-28,Art. 669,aula-03.html,unused,Trata de “São sujeitos à sobrepartilha os bens:”; não define as partes nem classifica o litisconsórcio desta aula.
cpc-lei-13105-capture-2026-09-28,Art. 670,aula-03.html,unused,"Trata de “Na sobrepartilha dos bens, observar-se-á o processo de inventário e de…”; não define as partes nem classifica o litisconsórcio desta aula."
cpc-lei-13105-capture-2026-09-28,Art. 671,aula-03.html,unused,Trata de “O juiz nomeará curador especial:”; não define as partes nem classifica o litisconsórcio desta aula.
cpc-lei-13105-capture-2026-09-28,Art. 672,aula-03.html,unused,Trata de “É lícita a cumulação de inventários para a partilha de heranças de pessoas…”; não define as partes nem classifica o litisconsórcio desta aula.
cpc-lei-13105-capture-2026-09-28,Art. 673,aula-03.html,unused,Trata de “No caso previsto no”; não define as partes nem classifica o litisconsórcio desta aula.
cpc-lei-13105-capture-2026-09-28,Art. 674,aula-03.html,unused,"Trata de “Quem, não sendo parte no processo, sofrer constrição ou ameaça de constrição…”; não define as partes nem classifica o litisconsórcio desta aula."
cpc-lei-13105-capture-2026-09-28,Art. 675,aula-03.html,unused,Trata de “Os embargos podem ser opostos a qualquer tempo no processo de conhecimento…”; não define as partes nem classifica o litisconsórcio desta aula.
cpc-lei-13105-capture-2026-09-28,Art. 676,aula-03.html,unused,Trata de “Os embargos serão distribuídos por dependência ao juízo que ordenou a…”; não define as partes nem classifica o litisconsórcio desta aula.
cpc-lei-13105-capture-2026-09-28,Art. 677,aula-03.html,unused,"Trata de “Na petição inicial, o embargante fará a prova sumária de sua posse ou de seu…”; não define as partes nem classifica o litisconsórcio desta aula."
cpc-lei-13105-capture-2026-09-28,Art. 678,aula-03.html,unused,Trata de “A decisão que reconhecer suficientemente provado o domínio ou a posse…”; não define as partes nem classifica o litisconsórcio desta aula.
cpc-lei-13105-capture-2026-09-28,Art. 679,aula-03.html,unused,"Trata de “Os embargos poderão ser contestados no prazo de 15 (quinze) dias, findo o…”; não define as partes nem classifica o litisconsórcio desta aula."
cpc-lei-13105-capture-2026-09-28,Art. 681,aula-03.html,unused,"Trata de “Acolhido o pedido inicial, o ato de constrição judicial indevida será…”; não define as partes nem classifica o litisconsórcio desta aula."
cpc-lei-13105-capture-2026-09-28,Art. 682,aula-03.html,unused,"Trata de “Quem pretender, no todo ou em parte, a coisa ou o direito sobre que…”; não define as partes nem classifica o litisconsórcio desta aula."
cpc-lei-13105-capture-2026-09-28,Art. 683,aula-03.html,unused,Trata de “O opoente deduzirá o pedido em observação aos requisitos exigidos para…”; não define as partes nem classifica o litisconsórcio desta aula.
cpc-lei-13105-capture-2026-09-28,Art. 684,aula-03.html,unused,"Trata de “Se um dos opostos reconhecer a procedência do pedido, contra o outro…”; não define as partes nem classifica o litisconsórcio desta aula."
cpc-lei-13105-capture-2026-09-28,Art. 685,aula-03.html,unused,"Trata de “Admitido o processamento, a oposição será apensada aos autos e tramitará…”; não define as partes nem classifica o litisconsórcio desta aula."
cpc-lei-13105-capture-2026-09-28,Art. 686,aula-03.html,unused,"Trata de “Cabendo ao juiz decidir simultaneamente a ação originária e a oposição, desta…”; não define as partes nem classifica o litisconsórcio desta aula."
cpc-lei-13105-capture-2026-09-28,Art. 687,aula-03.html,unused,"Trata de “A habilitação ocorre quando, por falecimento de qualquer das partes, os…”; não define as partes nem classifica o litisconsórcio desta aula."
cpc-lei-13105-capture-2026-09-28,Art. 688,aula-03.html,unused,Trata de “A habilitação pode ser requerida:”; não define as partes nem classifica o litisconsórcio desta aula.
cpc-lei-13105-capture-2026-09-28,Art. 689,aula-03.html,unused,"Trata de “Proceder-se-á à habilitação nos autos do processo principal, na instância em…”; não define as partes nem classifica o litisconsórcio desta aula."
cpc-lei-13105-capture-2026-09-28,Art. 690,aula-03.html,unused,"Trata de “Recebida a petição, o juiz ordenará a citação dos requeridos para se…”; não define as partes nem classifica o litisconsórcio desta aula."
cpc-lei-13105-capture-2026-09-28,Art. 691,aula-03.html,unused,"Trata de “O juiz decidirá o pedido de habilitação imediatamente, salvo se este for…”; não define as partes nem classifica o litisconsórcio desta aula."
cpc-lei-13105-capture-2026-09-28,Art. 692,aula-03.html,unused,"Trata de “Transitada em julgado a sentença de habilitação, o processo principal…”; não define as partes nem classifica o litisconsórcio desta aula."
cpc-lei-13105-capture-2026-09-28,Art. 693,aula-03.html,unused,Trata de “As normas deste Capítulo aplicam-se aos processos contenciosos de divórcio…”; não define as partes nem classifica o litisconsórcio desta aula.
cpc-lei-13105-capture-2026-09-28,Art. 694,aula-03.html,unused,"Trata de “Nas ações de família, todos os esforços serão empreendidos para a solução…”; não define as partes nem classifica o litisconsórcio desta aula."
cpc-lei-13105-capture-2026-09-28,Art. 695,aula-03.html,unused,"Trata de “Recebida a petição inicial e, se for o caso, tomadas as providências…”; não define as partes nem classifica o litisconsórcio desta aula."
cpc-lei-13105-capture-2026-09-28,Art. 696,aula-03.html,unused,Trata de “A audiência de mediação e conciliação poderá dividir-se em tantas sessões…”; não define as partes nem classifica o litisconsórcio desta aula.
cpc-lei-13105-capture-2026-09-28,Art. 697,aula-03.html,unused,"Trata de “Não realizado o acordo, passarão a incidir, a partir de então, as normas do…”; não define as partes nem classifica o litisconsórcio desta aula."
cpc-lei-13105-capture-2026-09-28,Art. 698,aula-03.html,unused,"Trata de “Nas ações de família, o Ministério Público somente intervirá quando houver…”; não define as partes nem classifica o litisconsórcio desta aula."
cpc-lei-13105-capture-2026-09-28,Art. 699,aula-03.html,unused,Trata de “Quando o processo envolver discussão sobre fato relacionado a abuso ou a…”; não define as partes nem classifica o litisconsórcio desta aula.
cpc-lei-13105-capture-2026-09-28,Art. 700,aula-03.html,unused,"Trata de “A ação monitória pode ser proposta por aquele que afirmar, com base em prova…”; não define as partes nem classifica o litisconsórcio desta aula."
cpc-lei-13105-capture-2026-09-28,Art. 701,aula-03.html,unused,"Trata de “Sendo evidente o direito do autor, o juiz deferirá a expedição de mandado de…”; não define as partes nem classifica o litisconsórcio desta aula."
cpc-lei-13105-capture-2026-09-28,Art. 702,aula-03.html,unused,"Trata de “Independentemente de prévia segurança do juízo, o réu poderá opor, nos…”; não define as partes nem classifica o litisconsórcio desta aula."
cpc-lei-13105-capture-2026-09-28,Art. 703,aula-03.html,unused,"Trata de “Tomado o penhor legal nos casos previstos em lei, requererá o credor, ato…”; não define as partes nem classifica o litisconsórcio desta aula."
cpc-lei-13105-capture-2026-09-28,Art. 704,aula-03.html,unused,Trata de “A defesa só pode consistir em:”; não define as partes nem classifica o litisconsórcio desta aula.
cpc-lei-13105-capture-2026-09-28,Art. 705,aula-03.html,unused,"Trata de “A partir da audiência preliminar, observar-se-á o procedimento comum.”; não define as partes nem classifica o litisconsórcio desta aula."
cpc-lei-13105-capture-2026-09-28,Art. 706,aula-03.html,unused,"Trata de “Homologado judicialmente o penhor legal, consolidar-se-á a posse do autor…”; não define as partes nem classifica o litisconsórcio desta aula."
cpc-lei-13105-capture-2026-09-28,Art. 707,aula-03.html,unused,"Trata de “Quando inexistir consenso acerca da nomeação de um regulador de avarias, o…”; não define as partes nem classifica o litisconsórcio desta aula."
cpc-lei-13105-capture-2026-09-28,Art. 708,aula-03.html,unused,Trata de “O regulador declarará justificadamente se os danos são passíveis de rateio na…”; não define as partes nem classifica o litisconsórcio desta aula.
cpc-lei-13105-capture-2026-09-28,Art. 709,aula-03.html,unused,Trata de “As partes deverão apresentar nos autos os documentos necessários à regulação…”; não define as partes nem classifica o litisconsórcio desta aula.
cpc-lei-13105-capture-2026-09-28,Art. 710,aula-03.html,unused,Trata de “O regulador apresentará o regulamento da avaria grossa no prazo de até 12…”; não define as partes nem classifica o litisconsórcio desta aula.
cpc-lei-13105-capture-2026-09-28,Art. 711,aula-03.html,unused,Trata de “Aplicam-se ao regulador de avarias os”; não define as partes nem classifica o litisconsórcio desta aula.
cpc-lei-13105-capture-2026-09-28,Art. 712,aula-03.html,unused,"Trata de “Verificado o desaparecimento dos autos, eletrônicos ou não, pode o juiz, de…”; não define as partes nem classifica o litisconsórcio desta aula."
cpc-lei-13105-capture-2026-09-28,Art. 713,aula-03.html,unused,"Trata de “Na petição inicial, declarará a parte o estado do processo ao tempo do…”; não define as partes nem classifica o litisconsórcio desta aula."
cpc-lei-13105-capture-2026-09-28,Art. 714,aula-03.html,unused,Trata de “A parte contrária será citada para contestar o pedido no prazo de 5 (cinco)…”; não define as partes nem classifica o litisconsórcio desta aula.
cpc-lei-13105-capture-2026-09-28,Art. 715,aula-03.html,unused,Trata de “Se a perda dos autos tiver ocorrido depois da produção das provas em…”; não define as partes nem classifica o litisconsórcio desta aula.
cpc-lei-13105-capture-2026-09-28,Art. 716,aula-03.html,unused,"Trata de “Julgada a restauração, seguirá o processo os seus termos.”; não define as partes nem classifica o litisconsórcio desta aula."
cpc-lei-13105-capture-2026-09-28,Art. 717,aula-03.html,unused,"Trata de “Se o desaparecimento dos autos tiver ocorrido no tribunal, o processo de…”; não define as partes nem classifica o litisconsórcio desta aula."
cpc-lei-13105-capture-2026-09-28,Art. 718,aula-03.html,unused,Trata de “Quem houver dado causa ao desaparecimento dos autos responderá pelas custas…”; não define as partes nem classifica o litisconsórcio desta aula.
cpc-lei-13105-capture-2026-09-28,Art. 719,aula-03.html,unused,"Trata de “Quando este Código não estabelecer procedimento especial, regem os…”; não define as partes nem classifica o litisconsórcio desta aula."
cpc-lei-13105-capture-2026-09-28,Art. 720,aula-03.html,unused,"Trata de “O procedimento terá início por provocação do interessado, do Ministério…”; não define as partes nem classifica o litisconsórcio desta aula."
cpc-lei-13105-capture-2026-09-28,Art. 721,aula-03.html,unused,"Trata de “Serão citados todos os interessados, bem como intimado o Ministério Público…”; não define as partes nem classifica o litisconsórcio desta aula."
cpc-lei-13105-capture-2026-09-28,Art. 722,aula-03.html,unused,Trata de “A Fazenda Pública será sempre ouvida nos casos em que tiver interesse.”; não define as partes nem classifica o litisconsórcio desta aula.
cpc-lei-13105-capture-2026-09-28,Art. 723,aula-03.html,unused,Trata de “O juiz decidirá o pedido no prazo de 10 (dez) dias.”; não define as partes nem classifica o litisconsórcio desta aula.
cpc-lei-13105-capture-2026-09-28,Art. 724,aula-03.html,unused,Trata de “Da sentença caberá apelação.”; não define as partes nem classifica o litisconsórcio desta aula.
cpc-lei-13105-capture-2026-09-28,Art. 725,aula-03.html,unused,Trata de “Processar-se-á na forma estabelecida nesta Seção o pedido de:”; não define as partes nem classifica o litisconsórcio desta aula.
cpc-lei-13105-capture-2026-09-28,Art. 726,aula-03.html,unused,Trata de “Quem tiver interesse em manifestar formalmente sua vontade a outrem sobre…”; não define as partes nem classifica o litisconsórcio desta aula.
cpc-lei-13105-capture-2026-09-28,Art. 727,aula-03.html,unused,"Trata de “Também poderá o interessado interpelar o requerido, no caso do”; não define as partes nem classifica o litisconsórcio desta aula."
cpc-lei-13105-capture-2026-09-28,Art. 728,aula-03.html,unused,Trata de “O requerido será previamente ouvido antes do deferimento da notificação ou do…”; não define as partes nem classifica o litisconsórcio desta aula.
cpc-lei-13105-capture-2026-09-28,Art. 729,aula-03.html,unused,"Trata de “Deferida e realizada a notificação ou interpelação, os autos serão entregues…”; não define as partes nem classifica o litisconsórcio desta aula."
cpc-lei-13105-capture-2026-09-28,Art. 730,aula-03.html,unused,"Trata de “Nos casos expressos em lei, não havendo acordo entre os interessados sobre o…”; não define as partes nem classifica o litisconsórcio desta aula."
cpc-lei-13105-capture-2026-09-28,Art. 731,aula-03.html,unused,"Trata de “A homologação do divórcio ou da separação consensuais, observados os…”; não define as partes nem classifica o litisconsórcio desta aula."
cpc-lei-13105-capture-2026-09-28,Art. 732,aula-03.html,unused,Trata de “As disposições relativas ao processo de homologação judicial de divórcio ou…”; não define as partes nem classifica o litisconsórcio desta aula.
cpc-lei-13105-capture-2026-09-28,Art. 733,aula-03.html,unused,"Trata de “O divórcio consensual, a separação consensual e a extinção consensual de…”; não define as partes nem classifica o litisconsórcio desta aula."
cpc-lei-13105-capture-2026-09-28,Art. 734,aula-03.html,unused,"Trata de “A alteração do regime de bens do casamento, observados os requisitos legais…”; não define as partes nem classifica o litisconsórcio desta aula."
cpc-lei-13105-capture-2026-09-28,Art. 735,aula-03.html,unused,"Trata de “Recebendo testamento cerrado, o juiz, se não achar vício externo que o torne…”; não define as partes nem classifica o litisconsórcio desta aula."
cpc-lei-13105-capture-2026-09-28,Art. 736,aula-03.html,unused,"Trata de “Qualquer interessado, exibindo o traslado ou a certidão de testamento…”; não define as partes nem classifica o litisconsórcio desta aula."
cpc-lei-13105-capture-2026-09-28,Art. 737,aula-03.html,unused,"Trata de “A publicação do testamento particular poderá ser requerida, depois da morte…”; não define as partes nem classifica o litisconsórcio desta aula."
cpc-lei-13105-capture-2026-09-28,Art. 738,aula-03.html,unused,"Trata de “Nos casos em que a lei considere jacente a herança, o juiz em cuja comarca…”; não define as partes nem classifica o litisconsórcio desta aula."
cpc-lei-13105-capture-2026-09-28,Art. 739,aula-03.html,unused,"Trata de “A herança jacente ficará sob a guarda, a conservação e a administração de um…”; não define as partes nem classifica o litisconsórcio desta aula."
cpc-lei-13105-capture-2026-09-28,Art. 740,aula-03.html,unused,"Trata de “O juiz ordenará que o oficial de justiça, acompanhado do escrivão ou do chefe…”; não define as partes nem classifica o litisconsórcio desta aula."
cpc-lei-13105-capture-2026-09-28,Art. 741,aula-03.html,unused,"Trata de “Ultimada a arrecadação, o juiz mandará expedir edital, que será publicado na…”; não define as partes nem classifica o litisconsórcio desta aula."
cpc-lei-13105-capture-2026-09-28,Art. 742,aula-03.html,unused,Trata de “O juiz poderá autorizar a alienação:”; não define as partes nem classifica o litisconsórcio desta aula.
cpc-lei-13105-capture-2026-09-28,Art. 743,aula-03.html,unused,Trata de “Passado 1 (um) ano da primeira publicação do edital e não havendo herdeiro…”; não define as partes nem classifica o litisconsórcio desta aula.
cpc-lei-13105-capture-2026-09-28,Art. 744,aula-03.html,unused,"Trata de “Declarada a ausência nos casos previstos em lei, o juiz mandará arrecadar os…”; não define as partes nem classifica o litisconsórcio desta aula."
cpc-lei-13105-capture-2026-09-28,Art. 745,aula-03.html,unused,"Trata de “Feita a arrecadação, o juiz mandará publicar editais na rede mundial de…”; não define as partes nem classifica o litisconsórcio desta aula."
cpc-lei-13105-capture-2026-09-28,Art. 746,aula-03.html,unused,"Trata de “Recebendo do descobridor coisa alheia perdida, o juiz mandará lavrar o…”; não define as partes nem classifica o litisconsórcio desta aula."
cpc-lei-13105-capture-2026-09-28,Art. 747,aula-03.html,unused,Trata de “A interdição pode ser promovida:”; não define as partes nem classifica o litisconsórcio desta aula.
cpc-lei-13105-capture-2026-09-28,Art. 748,aula-03.html,unused,Trata de “O Ministério Público só promoverá interdição em caso de doença mental grave:”; não define as partes nem classifica o litisconsórcio desta aula.
cpc-lei-13105-capture-2026-09-28,Art. 749,aula-03.html,unused,"Trata de “Incumbe ao autor, na petição inicial, especificar os fatos que demonstram a…”; não define as partes nem classifica o litisconsórcio desta aula."
cpc-lei-13105-capture-2026-09-28,Art. 750,aula-03.html,unused,Trata de “O requerente deverá juntar laudo médico para fazer prova de suas alegações ou…”; não define as partes nem classifica o litisconsórcio desta aula.
cpc-lei-13105-capture-2026-09-28,Art. 751,aula-03.html,unused,"Trata de “O interditando será citado para, em dia designado, comparecer perante o juiz…”; não define as partes nem classifica o litisconsórcio desta aula."
cpc-lei-13105-capture-2026-09-28,Art. 752,aula-03.html,unused,"Trata de “Dentro do prazo de 15 (quinze) dias contado da entrevista, o interditando…”; não define as partes nem classifica o litisconsórcio desta aula."
cpc-lei-13105-capture-2026-09-28,Art. 753,aula-03.html,unused,Trata de “Decorrido o prazo previsto no”; não define as partes nem classifica o litisconsórcio desta aula.
cpc-lei-13105-capture-2026-09-28,Art. 754,aula-03.html,unused,"Trata de “Apresentado o laudo, produzidas as demais provas e ouvidos os interessados, o…”; não define as partes nem classifica o litisconsórcio desta aula."
cpc-lei-13105-capture-2026-09-28,Art. 755,aula-03.html,unused,"Trata de “Na sentença que decretar a interdição, o juiz:”; não define as partes nem classifica o litisconsórcio desta aula."
cpc-lei-13105-capture-2026-09-28,Art. 756,aula-03.html,unused,Trata de “Levantar-se-á a curatela quando cessar a causa que a determinou.”; não define as partes nem classifica o litisconsórcio desta aula.
cpc-lei-13105-capture-2026-09-28,Art. 757,aula-03.html,unused,Trata de “A autoridade do curador estende-se à pessoa e aos bens do incapaz que se…”; não define as partes nem classifica o litisconsórcio desta aula.
cpc-lei-13105-capture-2026-09-28,Art. 758,aula-03.html,unused,Trata de “O curador deverá buscar tratamento e apoio apropriados à conquista da…”; não define as partes nem classifica o litisconsórcio desta aula.
cpc-lei-13105-capture-2026-09-28,Art. 759,aula-03.html,unused,Trata de “O tutor ou o curador será intimado a prestar compromisso no prazo de 5…”; não define as partes nem classifica o litisconsórcio desta aula.
cpc-lei-13105-capture-2026-09-28,Art. 760,aula-03.html,unused,Trata de “O tutor ou o curador poderá eximir-se do encargo apresentando escusa ao juiz…”; não define as partes nem classifica o litisconsórcio desta aula.
cpc-lei-13105-capture-2026-09-28,Art. 761,aula-03.html,unused,Trata de “Incumbe ao Ministério Público ou a quem tenha legítimo interesse requerer…”; não define as partes nem classifica o litisconsórcio desta aula.
cpc-lei-13105-capture-2026-09-28,Art. 762,aula-03.html,unused,"Trata de “Em caso de extrema gravidade, o juiz poderá suspender o tutor ou o curador do…”; não define as partes nem classifica o litisconsórcio desta aula."
cpc-lei-13105-capture-2026-09-28,Art. 763,aula-03.html,unused,Trata de “Cessando as funções do tutor ou do curador pelo decurso do prazo em que era…”; não define as partes nem classifica o litisconsórcio desta aula.
cpc-lei-13105-capture-2026-09-28,Art. 764,aula-03.html,unused,Trata de “O juiz decidirá sobre a aprovação do estatuto das fundações e de suas…”; não define as partes nem classifica o litisconsórcio desta aula.
cpc-lei-13105-capture-2026-09-28,Art. 765,aula-03.html,unused,Trata de “Qualquer interessado ou o Ministério Público promoverá em juízo a extinção da…”; não define as partes nem classifica o litisconsórcio desta aula.
cpc-lei-13105-capture-2026-09-28,Art. 766,aula-03.html,unused,Trata de “Todos os protestos e os processos testemunháveis formados a bordo e lançados…”; não define as partes nem classifica o litisconsórcio desta aula.
cpc-lei-13105-capture-2026-09-28,Art. 767,aula-03.html,unused,Trata de “A petição inicial conterá a transcrição dos termos lançados no livro Diário…”; não define as partes nem classifica o litisconsórcio desta aula.
cpc-lei-13105-capture-2026-09-28,Art. 768,aula-03.html,unused,Trata de “A petição inicial deverá ser distribuída com urgência e encaminhada ao juiz…”; não define as partes nem classifica o litisconsórcio desta aula.
cpc-lei-13105-capture-2026-09-28,Art. 769,aula-03.html,unused,"Trata de “Aberta a audiência, o juiz mandará apregoar os consignatários das cargas…”; não define as partes nem classifica o litisconsórcio desta aula."
cpc-lei-13105-capture-2026-09-28,Art. 770,aula-03.html,unused,"Trata de “Inquiridos o comandante e as testemunhas, o juiz, convencido da veracidade…”; não define as partes nem classifica o litisconsórcio desta aula."
cpc-lei-13105-capture-2026-09-28,Art. 771,aula-03.html,unused,Trata de “Este Livro regula o procedimento da execução fundada em título extrajudicial…”; não define as partes nem classifica o litisconsórcio desta aula.
cpc-lei-13105-capture-2026-09-28,Art. 772,aula-03.html,unused,"Trata de “O juiz pode, em qualquer momento do processo:”; não define as partes nem classifica o litisconsórcio desta aula."
cpc-lei-13105-capture-2026-09-28,Art. 773,aula-03.html,unused,"Trata de “O juiz poderá, de ofício ou a requerimento, determinar as medidas necessárias…”; não define as partes nem classifica o litisconsórcio desta aula."
cpc-lei-13105-capture-2026-09-28,Art. 774,aula-03.html,unused,Trata de “Considera-se atentatória à dignidade da justiça a conduta comissiva ou…”; não define as partes nem classifica o litisconsórcio desta aula.
cpc-lei-13105-capture-2026-09-28,Art. 775,aula-03.html,unused,Trata de “O exequente tem o direito de desistir de toda a execução ou de apenas alguma…”; não define as partes nem classifica o litisconsórcio desta aula.
cpc-lei-13105-capture-2026-09-28,Art. 776,aula-03.html,unused,"Trata de “O exequente ressarcirá ao executado os danos que este sofreu, quando a…”; não define as partes nem classifica o litisconsórcio desta aula."
cpc-lei-13105-capture-2026-09-28,Art. 777,aula-03.html,unused,Trata de “A cobrança de multas ou de indenizações decorrentes de litigância de má-fé ou…”; não define as partes nem classifica o litisconsórcio desta aula.
cpc-lei-13105-capture-2026-09-28,Art. 778,aula-03.html,unused,Trata de “Pode promover a execução forçada o credor a quem a lei confere título…”; não define as partes nem classifica o litisconsórcio desta aula.
cpc-lei-13105-capture-2026-09-28,Art. 779,aula-03.html,unused,Trata de “A execução pode ser promovida contra:”; não define as partes nem classifica o litisconsórcio desta aula.
cpc-lei-13105-capture-2026-09-28,Art. 780,aula-03.html,unused,"Trata de “O exequente pode cumular várias execuções, ainda que fundadas em títulos…”; não define as partes nem classifica o litisconsórcio desta aula."
cpc-lei-13105-capture-2026-09-28,Art. 781,aula-03.html,unused,Trata de “A execução fundada em título extrajudicial será processada perante o juízo…”; não define as partes nem classifica o litisconsórcio desta aula.
cpc-lei-13105-capture-2026-09-28,Art. 782,aula-03.html,unused,"Trata de “Não dispondo a lei de modo diverso, o juiz determinará os atos executivos, e…”; não define as partes nem classifica o litisconsórcio desta aula."
cpc-lei-13105-capture-2026-09-28,Art. 783,aula-03.html,unused,Trata de “A execução para cobrança de crédito fundar-se-á sempre em título de obrigação…”; não define as partes nem classifica o litisconsórcio desta aula.
cpc-lei-13105-capture-2026-09-28,Art. 784,aula-03.html,unused,Trata de “São títulos executivos extrajudiciais:”; não define as partes nem classifica o litisconsórcio desta aula.
cpc-lei-13105-capture-2026-09-28,Art. 785,aula-03.html,unused,Trata de “A existência de título executivo extrajudicial não impede a parte de optar…”; não define as partes nem classifica o litisconsórcio desta aula.
cpc-lei-13105-capture-2026-09-28,Art. 787,aula-03.html,unused,Trata de “Se o devedor não for obrigado a satisfazer sua prestação senão mediante a…”; não define as partes nem classifica o litisconsórcio desta aula.
cpc-lei-13105-capture-2026-09-28,Art. 788,aula-03.html,unused,Trata de “O credor não poderá iniciar a execução ou nela prosseguir se o devedor…”; não define as partes nem classifica o litisconsórcio desta aula.
cpc-lei-13105-capture-2026-09-28,Art. 789,aula-03.html,unused,Trata de “O devedor responde com todos os seus bens presentes e futuros para o…”; não define as partes nem classifica o litisconsórcio desta aula.
cpc-lei-13105-capture-2026-09-28,Art. 790,aula-03.html,unused,Trata de “São sujeitos à execução os bens:”; não define as partes nem classifica o litisconsórcio desta aula.
cpc-lei-13105-capture-2026-09-28,Art. 791,aula-03.html,unused,Trata de “Se a execução tiver por objeto obrigação de que seja sujeito passivo o…”; não define as partes nem classifica o litisconsórcio desta aula.
cpc-lei-13105-capture-2026-09-28,Art. 792,aula-03.html,unused,Trata de “A alienação ou a oneração de bem é considerada fraude à execução:”; não define as partes nem classifica o litisconsórcio desta aula.
cpc-lei-13105-capture-2026-09-28,Art. 793,aula-03.html,unused,"Trata de “O exequente que estiver, por direito de retenção, na posse de coisa…”; não define as partes nem classifica o litisconsórcio desta aula."
cpc-lei-13105-capture-2026-09-28,Art. 794,aula-03.html,unused,"Trata de “O fiador, quando executado, tem o direito de exigir que primeiro sejam…”; não define as partes nem classifica o litisconsórcio desta aula."
cpc-lei-13105-capture-2026-09-28,Art. 795,aula-03.html,unused,Trata de “Os bens particulares dos sócios não respondem pelas dívidas da sociedade…”; não define as partes nem classifica o litisconsórcio desta aula.
cpc-lei-13105-capture-2026-09-28,Art. 796,aula-03.html,unused,"Trata de “O espólio responde pelas dívidas do falecido, mas, feita a partilha, cada…”; não define as partes nem classifica o litisconsórcio desta aula."
cpc-lei-13105-capture-2026-09-28,Art. 797,aula-03.html,unused,"Trata de “Ressalvado o caso de insolvência do devedor, em que tem lugar o concurso…”; não define as partes nem classifica o litisconsórcio desta aula."
cpc-lei-13105-capture-2026-09-28,Art. 798,aula-03.html,unused,"Trata de “Ao propor a execução, incumbe ao exequente:”; não define as partes nem classifica o litisconsórcio desta aula."
cpc-lei-13105-capture-2026-09-28,Art. 799,aula-03.html,unused,Trata de “Incumbe ainda ao exequente:”; não define as partes nem classifica o litisconsórcio desta aula.
cpc-lei-13105-capture-2026-09-28,Art. 800,aula-03.html,unused,"Trata de “Nas obrigações alternativas, quando a escolha couber ao devedor, esse será…”; não define as partes nem classifica o litisconsórcio desta aula."
cpc-lei-13105-capture-2026-09-28,Art. 801,aula-03.html,unused,Trata de “Verificando que a petição inicial está incompleta ou que não está acompanhada…”; não define as partes nem classifica o litisconsórcio desta aula.
cpc-lei-13105-capture-2026-09-28,Art. 802,aula-03.html,unused,"Trata de “Na execução, o despacho que ordena a citação, desde que realizada em…”; não define as partes nem classifica o litisconsórcio desta aula."
cpc-lei-13105-capture-2026-09-28,Art. 803,aula-03.html,unused,Trata de “É nula a execução se:”; não define as partes nem classifica o litisconsórcio desta aula.
cpc-lei-13105-capture-2026-09-28,Art. 804,aula-03.html,unused,"Trata de “A alienação de bem gravado por penhor, hipoteca ou anticrese será ineficaz em…”; não define as partes nem classifica o litisconsórcio desta aula."
cpc-lei-13105-capture-2026-09-28,Art. 805,aula-03.html,unused,"Trata de “Quando por vários meios o exequente puder promover a execução, o juiz mandará…”; não define as partes nem classifica o litisconsórcio desta aula."
cpc-lei-13105-capture-2026-09-28,Art. 806,aula-03.html,unused,"Trata de “O devedor de obrigação de entrega de coisa certa, constante de título…”; não define as partes nem classifica o litisconsórcio desta aula."
cpc-lei-13105-capture-2026-09-28,Art. 807,aula-03.html,unused,"Trata de “Se o executado entregar a coisa, será lavrado o termo respectivo e…”; não define as partes nem classifica o litisconsórcio desta aula."
cpc-lei-13105-capture-2026-09-28,Art. 808,aula-03.html,unused,"Trata de “Alienada a coisa quando já litigiosa, será expedido mandado contra o terceiro…”; não define as partes nem classifica o litisconsórcio desta aula."
cpc-lei-13105-capture-2026-09-28,Art. 809,aula-03.html,unused,"Trata de “O exequente tem direito a receber, além de perdas e danos, o valor da coisa…”; não define as partes nem classifica o litisconsórcio desta aula."
cpc-lei-13105-capture-2026-09-28,Art. 810,aula-03.html,unused,Trata de “Havendo benfeitorias indenizáveis feitas na coisa pelo executado ou por…”; não define as partes nem classifica o litisconsórcio desta aula.
cpc-lei-13105-capture-2026-09-28,Art. 811,aula-03.html,unused,Trata de “Quando a execução recair sobre coisa determinada pelo gênero e pela…”; não define as partes nem classifica o litisconsórcio desta aula.
cpc-lei-13105-capture-2026-09-28,Art. 812,aula-03.html,unused,"Trata de “Qualquer das partes poderá, no prazo de 15 (quinze) dias, impugnar a escolha…”; não define as partes nem classifica o litisconsórcio desta aula."
cpc-lei-13105-capture-2026-09-28,Art. 813,aula-03.html,unused,"Trata de “Aplicar-se-ão à execução para entrega de coisa incerta, no que couber, as…”; não define as partes nem classifica o litisconsórcio desta aula."
cpc-lei-13105-capture-2026-09-28,Art. 814,aula-03.html,unused,Trata de “Na execução de obrigação de fazer ou de não fazer fundada em título…”; não define as partes nem classifica o litisconsórcio desta aula.
cpc-lei-13105-capture-2026-09-28,Art. 815,aula-03.html,unused,"Trata de “Quando o objeto da execução for obrigação de fazer, o executado será citado…”; não define as partes nem classifica o litisconsórcio desta aula."
cpc-lei-13105-capture-2026-09-28,Art. 816,aula-03.html,unused,"Trata de “Se o executado não satisfizer a obrigação no prazo designado, é lícito ao…”; não define as partes nem classifica o litisconsórcio desta aula."
cpc-lei-13105-capture-2026-09-28,Art. 817,aula-03.html,unused,"Trata de “Se a obrigação puder ser satisfeita por terceiro, é lícito ao juiz autorizar…”; não define as partes nem classifica o litisconsórcio desta aula."
cpc-lei-13105-capture-2026-09-28,Art. 818,aula-03.html,unused,"Trata de “Realizada a prestação, o juiz ouvirá as partes no prazo de 10 (dez) dias e…”; não define as partes nem classifica o litisconsórcio desta aula."
cpc-lei-13105-capture-2026-09-28,Art. 819,aula-03.html,unused,Trata de “Se o terceiro contratado não realizar a prestação no prazo ou se o fizer de…”; não define as partes nem classifica o litisconsórcio desta aula.
cpc-lei-13105-capture-2026-09-28,Art. 820,aula-03.html,unused,"Trata de “Se o exequente quiser executar ou mandar executar, sob sua direção e…”; não define as partes nem classifica o litisconsórcio desta aula."
cpc-lei-13105-capture-2026-09-28,Art. 821,aula-03.html,unused,"Trata de “Na obrigação de fazer, quando se convencionar que o executado a satisfaça…”; não define as partes nem classifica o litisconsórcio desta aula."
cpc-lei-13105-capture-2026-09-28,Art. 822,aula-03.html,unused,Trata de “Se o executado praticou ato a cuja abstenção estava obrigado por lei ou por…”; não define as partes nem classifica o litisconsórcio desta aula.
cpc-lei-13105-capture-2026-09-28,Art. 823,aula-03.html,unused,"Trata de “Havendo recusa ou mora do executado, o exequente requererá ao juiz que mande…”; não define as partes nem classifica o litisconsórcio desta aula."
cpc-lei-13105-capture-2026-09-28,Art. 824,aula-03.html,unused,Trata de “A execução por quantia certa realiza-se pela expropriação de bens do…”; não define as partes nem classifica o litisconsórcio desta aula.
cpc-lei-13105-capture-2026-09-28,Art. 825,aula-03.html,unused,Trata de “A expropriação consiste em:”; não define as partes nem classifica o litisconsórcio desta aula.
cpc-lei-13105-capture-2026-09-28,Art. 826,aula-03.html,unused,"Trata de “Antes de adjudicados ou alienados os bens, o executado pode, a todo tempo…”; não define as partes nem classifica o litisconsórcio desta aula."
cpc-lei-13105-capture-2026-09-28,Art. 827,aula-03.html,unused,"Trata de “Ao despachar a inicial, o juiz fixará, de plano, os honorários advocatícios…”; não define as partes nem classifica o litisconsórcio desta aula."
cpc-lei-13105-capture-2026-09-28,Art. 828,aula-03.html,unused,Trata de “O exequente poderá obter certidão de que a execução foi admitida pelo juiz…”; não define as partes nem classifica o litisconsórcio desta aula.
cpc-lei-13105-capture-2026-09-28,Art. 829,aula-03.html,unused,Trata de “O executado será citado para pagar a dívida no prazo de 3 (três) dias…”; não define as partes nem classifica o litisconsórcio desta aula.
cpc-lei-13105-capture-2026-09-28,Art. 830,aula-03.html,unused,"Trata de “Se o oficial de justiça não encontrar o executado, arrestar-lhe-á tantos bens…”; não define as partes nem classifica o litisconsórcio desta aula."
cpc-lei-13105-capture-2026-09-28,Art. 831,aula-03.html,unused,Trata de “A penhora deverá recair sobre tantos bens quantos bastem para o pagamento do…”; não define as partes nem classifica o litisconsórcio desta aula.
cpc-lei-13105-capture-2026-09-28,Art. 832,aula-03.html,unused,Trata de “Não estão sujeitos à execução os bens que a lei considera impenhoráveis ou…”; não define as partes nem classifica o litisconsórcio desta aula.
cpc-lei-13105-capture-2026-09-28,Art. 833,aula-03.html,unused,Trata de “São impenhoráveis:”; não define as partes nem classifica o litisconsórcio desta aula.
cpc-lei-13105-capture-2026-09-28,Art. 834,aula-03.html,unused,"Trata de “Podem ser penhorados, à falta de outros bens, os frutos e os rendimentos dos…”; não define as partes nem classifica o litisconsórcio desta aula."
cpc-lei-13105-capture-2026-09-28,Art. 835,aula-03.html,unused,"Trata de “A penhora observará, preferencialmente, a seguinte ordem:”; não define as partes nem classifica o litisconsórcio desta aula."
cpc-lei-13105-capture-2026-09-28,Art. 836,aula-03.html,unused,Trata de “Não se levará a efeito a penhora quando ficar evidente que o produto da…”; não define as partes nem classifica o litisconsórcio desta aula.
cpc-lei-13105-capture-2026-09-28,Art. 837,aula-03.html,unused,Trata de “Obedecidas as normas de segurança instituídas sob critérios uniformes pelo…”; não define as partes nem classifica o litisconsórcio desta aula.
cpc-lei-13105-capture-2026-09-28,Art. 838,aula-03.html,unused,"Trata de “A penhora será realizada mediante auto ou termo, que conterá:”; não define as partes nem classifica o litisconsórcio desta aula."
cpc-lei-13105-capture-2026-09-28,Art. 839,aula-03.html,unused,Trata de “Considerar-se-á feita a penhora mediante a apreensão e o depósito dos bens…”; não define as partes nem classifica o litisconsórcio desta aula.
cpc-lei-13105-capture-2026-09-28,Art. 840,aula-03.html,unused,Trata de “Serão preferencialmente depositados:”; não define as partes nem classifica o litisconsórcio desta aula.
cpc-lei-13105-capture-2026-09-28,Art. 841,aula-03.html,unused,"Trata de “Formalizada a penhora por qualquer dos meios legais, dela será imediatamente…”; não define as partes nem classifica o litisconsórcio desta aula."
cpc-lei-13105-capture-2026-09-28,Art. 842,aula-03.html,unused,"Trata de “Recaindo a penhora sobre bem imóvel ou direito real sobre imóvel, será…”; não define as partes nem classifica o litisconsórcio desta aula."
cpc-lei-13105-capture-2026-09-28,Art. 843,aula-03.html,unused,"Trata de “Tratando-se de penhora de bem indivisível, o equivalente à quota-parte do…”; não define as partes nem classifica o litisconsórcio desta aula."
cpc-lei-13105-capture-2026-09-28,Art. 844,aula-03.html,unused,"Trata de “Para presunção absoluta de conhecimento por terceiros, cabe ao exequente…”; não define as partes nem classifica o litisconsórcio desta aula."
cpc-lei-13105-capture-2026-09-28,Art. 845,aula-03.html,unused,"Trata de “Efetuar-se-á a penhora onde se encontrem os bens, ainda que sob a posse, a…”; não define as partes nem classifica o litisconsórcio desta aula."
cpc-lei-13105-capture-2026-09-28,Art. 846,aula-03.html,unused,"Trata de “Se o executado fechar as portas da casa a fim de obstar a penhora dos bens, o…”; não define as partes nem classifica o litisconsórcio desta aula."
cpc-lei-13105-capture-2026-09-28,Art. 847,aula-03.html,unused,"Trata de “O executado pode, no prazo de 10 (dez) dias contado da intimação da penhora…”; não define as partes nem classifica o litisconsórcio desta aula."
cpc-lei-13105-capture-2026-09-28,Art. 848,aula-03.html,unused,Trata de “As partes poderão requerer a substituição da penhora se:”; não define as partes nem classifica o litisconsórcio desta aula.
cpc-lei-13105-capture-2026-09-28,Art. 849,aula-03.html,unused,"Trata de “Sempre que ocorrer a substituição dos bens inicialmente penhorados, será…”; não define as partes nem classifica o litisconsórcio desta aula."
cpc-lei-13105-capture-2026-09-28,Art. 851,aula-03.html,unused,"Trata de “Não se procede à segunda penhora, salvo se:”; não define as partes nem classifica o litisconsórcio desta aula."
cpc-lei-13105-capture-2026-09-28,Art. 852,aula-03.html,unused,Trata de “O juiz determinará a alienação antecipada dos bens penhorados quando:”; não define as partes nem classifica o litisconsórcio desta aula.
cpc-lei-13105-capture-2026-09-28,Art. 853,aula-03.html,unused,"Trata de “Quando uma das partes requerer alguma das medidas previstas nesta Subseção, o…”; não define as partes nem classifica o litisconsórcio desta aula."
cpc-lei-13105-capture-2026-09-28,Art. 854,aula-03.html,unused,Trata de “Para possibilitar a penhora de dinheiro em depósito ou em aplicação…”; não define as partes nem classifica o litisconsórcio desta aula.
cpc-lei-13105-capture-2026-09-28,Art. 855,aula-03.html,unused,"Trata de “Quando recair em crédito do executado, enquanto não ocorrer a hipótese…”; não define as partes nem classifica o litisconsórcio desta aula."
cpc-lei-13105-capture-2026-09-28,Art. 856,aula-03.html,unused,"Trata de “A penhora de crédito representado por letra de câmbio, nota promissória…”; não define as partes nem classifica o litisconsórcio desta aula."
cpc-lei-13105-capture-2026-09-28,Art. 857,aula-03.html,unused,"Trata de “Feita a penhora em direito e ação do executado, e não tendo ele oferecido…”; não define as partes nem classifica o litisconsórcio desta aula."
cpc-lei-13105-capture-2026-09-28,Art. 858,aula-03.html,unused,"Trata de “Quando a penhora recair sobre dívidas de dinheiro a juros, de direito a…”; não define as partes nem classifica o litisconsórcio desta aula."
cpc-lei-13105-capture-2026-09-28,Art. 859,aula-03.html,unused,Trata de “Recaindo a penhora sobre direito a prestação ou a restituição de coisa…”; não define as partes nem classifica o litisconsórcio desta aula.
cpc-lei-13105-capture-2026-09-28,Art. 860,aula-03.html,unused,"Trata de “Quando o direito estiver sendo pleiteado em juízo, a penhora que recair sobre…”; não define as partes nem classifica o litisconsórcio desta aula."
cpc-lei-13105-capture-2026-09-28,Art. 861,aula-03.html,unused,Trata de “Penhoradas as quotas ou as ações de sócio em sociedade simples ou empresária…”; não define as partes nem classifica o litisconsórcio desta aula.
cpc-lei-13105-capture-2026-09-28,Art. 862,aula-03.html,unused,"Trata de “Quando a penhora recair em estabelecimento comercial, industrial ou agrícola…”; não define as partes nem classifica o litisconsórcio desta aula."
cpc-lei-13105-capture-2026-09-28,Art. 864,aula-03.html,unused,Trata de “A penhora de navio ou de aeronave não obsta que continuem navegando ou…”; não define as partes nem classifica o litisconsórcio desta aula.
cpc-lei-13105-capture-2026-09-28,Art. 866,aula-03.html,unused,"Trata de “Se o executado não tiver outros bens penhoráveis ou se, tendo-os, esses forem…”; não define as partes nem classifica o litisconsórcio desta aula."
cpc-lei-13105-capture-2026-09-28,Art. 867,aula-03.html,unused,Trata de “O juiz pode ordenar a penhora de frutos e rendimentos de coisa móvel ou…”; não define as partes nem classifica o litisconsórcio desta aula.
cpc-lei-13105-capture-2026-09-28,Art. 868,aula-03.html,unused,"Trata de “Ordenada a penhora de frutos e rendimentos, o juiz nomeará…”; não define as partes nem classifica o litisconsórcio desta aula."
cpc-lei-13105-capture-2026-09-28,Art. 869,aula-03.html,unused,Trata de “O juiz poderá nomear administrador-depositário o exequente ou o executado…”; não define as partes nem classifica o litisconsórcio desta aula.
cpc-lei-13105-capture-2026-09-28,Art. 870,aula-03.html,unused,Trata de “A avaliação será feita pelo oficial de justiça.”; não define as partes nem classifica o litisconsórcio desta aula.
cpc-lei-13105-capture-2026-09-28,Art. 871,aula-03.html,unused,Trata de “Não se procederá à avaliação quando:”; não define as partes nem classifica o litisconsórcio desta aula.
cpc-lei-13105-capture-2026-09-28,Art. 872,aula-03.html,unused,Trata de “A avaliação realizada pelo oficial de justiça constará de vistoria e de laudo…”; não define as partes nem classifica o litisconsórcio desta aula.
cpc-lei-13105-capture-2026-09-28,Art. 873,aula-03.html,unused,Trata de “É admitida nova avaliação quando:”; não define as partes nem classifica o litisconsórcio desta aula.
cpc-lei-13105-capture-2026-09-28,Art. 874,aula-03.html,unused,"Trata de “Após a avaliação, o juiz poderá, a requerimento do interessado e ouvida a…”; não define as partes nem classifica o litisconsórcio desta aula."
cpc-lei-13105-capture-2026-09-28,Art. 875,aula-03.html,unused,"Trata de “Realizadas a penhora e a avaliação, o juiz dará início aos atos de…”; não define as partes nem classifica o litisconsórcio desta aula."
cpc-lei-13105-capture-2026-09-28,Art. 876,aula-03.html,unused,"Trata de “É lícito ao exequente, oferecendo preço não inferior ao da avaliação…”; não define as partes nem classifica o litisconsórcio desta aula."
cpc-lei-13105-capture-2026-09-28,Art. 877,aula-03.html,unused,"Trata de “Transcorrido o prazo de 5 (cinco) dias, contado da última intimação, e…”; não define as partes nem classifica o litisconsórcio desta aula."
cpc-lei-13105-capture-2026-09-28,Art. 878,aula-03.html,unused,"Trata de “Frustradas as tentativas de alienação do bem, será reaberta oportunidade para…”; não define as partes nem classifica o litisconsórcio desta aula."
cpc-lei-13105-capture-2026-09-28,Art. 879,aula-03.html,unused,Trata de “A alienação far-se-á:”; não define as partes nem classifica o litisconsórcio desta aula.
cpc-lei-13105-capture-2026-09-28,Art. 880,aula-03.html,unused,"Trata de “Não efetivada a adjudicação, o exequente poderá requerer a alienação por sua…”; não define as partes nem classifica o litisconsórcio desta aula."
cpc-lei-13105-capture-2026-09-28,Art. 881,aula-03.html,unused,Trata de “A alienação far-se-á em leilão judicial se não efetivada a adjudicação ou a…”; não define as partes nem classifica o litisconsórcio desta aula.
cpc-lei-13105-capture-2026-09-28,Art. 882,aula-03.html,unused,"Trata de “Não sendo possível a sua realização por meio eletrônico, o leilão será…”; não define as partes nem classifica o litisconsórcio desta aula."
cpc-lei-13105-capture-2026-09-28,Art. 883,aula-03.html,unused,"Trata de “Caberá ao juiz a designação do leiloeiro público, que poderá ser indicado…”; não define as partes nem classifica o litisconsórcio desta aula."
cpc-lei-13105-capture-2026-09-28,Art. 884,aula-03.html,unused,Trata de “Incumbe ao leiloeiro público:”; não define as partes nem classifica o litisconsórcio desta aula.
cpc-lei-13105-capture-2026-09-28,Art. 885,aula-03.html,unused,"Trata de “O juiz da execução estabelecerá o preço mínimo, as condições de pagamento e…”; não define as partes nem classifica o litisconsórcio desta aula."
cpc-lei-13105-capture-2026-09-28,Art. 886,aula-03.html,unused,"Trata de “O leilão será precedido de publicação de edital, que conterá:”; não define as partes nem classifica o litisconsórcio desta aula."
cpc-lei-13105-capture-2026-09-28,Art. 887,aula-03.html,unused,Trata de “O leiloeiro público designado adotará providências para a ampla divulgação da…”; não define as partes nem classifica o litisconsórcio desta aula.
cpc-lei-13105-capture-2026-09-28,Art. 888,aula-03.html,unused,"Trata de “Não se realizando o leilão por qualquer motivo, o juiz mandará publicar a…”; não define as partes nem classifica o litisconsórcio desta aula."
cpc-lei-13105-capture-2026-09-28,Art. 889,aula-03.html,unused,"Trata de “Serão cientificados da alienação judicial, com pelo menos 5 (cinco) dias de…”; não define as partes nem classifica o litisconsórcio desta aula."
cpc-lei-13105-capture-2026-09-28,Art. 890,aula-03.html,unused,"Trata de “Pode oferecer lance quem estiver na livre administração de seus bens, com…”; não define as partes nem classifica o litisconsórcio desta aula."
cpc-lei-13105-capture-2026-09-28,Art. 891,aula-03.html,unused,Trata de “Não será aceito lance que ofereça preço vil.”; não define as partes nem classifica o litisconsórcio desta aula.
cpc-lei-13105-capture-2026-09-28,Art. 892,aula-03.html,unused,"Trata de “Salvo pronunciamento judicial em sentido diverso, o pagamento deverá ser…”; não define as partes nem classifica o litisconsórcio desta aula."
cpc-lei-13105-capture-2026-09-28,Art. 893,aula-03.html,unused,"Trata de “Se o leilão for de diversos bens e houver mais de um lançador, terá…”; não define as partes nem classifica o litisconsórcio desta aula."
cpc-lei-13105-capture-2026-09-28,Art. 894,aula-03.html,unused,"Trata de “Quando o imóvel admitir cômoda divisão, o juiz, a requerimento do executado…”; não define as partes nem classifica o litisconsórcio desta aula."
cpc-lei-13105-capture-2026-09-28,Art. 895,aula-03.html,unused,Trata de “O interessado em adquirir o bem penhorado em prestações poderá apresentar…”; não define as partes nem classifica o litisconsórcio desta aula.
cpc-lei-13105-capture-2026-09-28,Art. 896,aula-03.html,unused,Trata de “Quando o imóvel de incapaz não alcançar em leilão pelo menos oitenta por…”; não define as partes nem classifica o litisconsórcio desta aula.
cpc-lei-13105-capture-2026-09-28,Art. 897,aula-03.html,unused,"Trata de “Se o arrematante ou seu fiador não pagar o preço no prazo estabelecido, o…”; não define as partes nem classifica o litisconsórcio desta aula."
cpc-lei-13105-capture-2026-09-28,Art. 898,aula-03.html,unused,Trata de “O fiador do arrematante que pagar o valor do lance e a multa poderá requerer…”; não define as partes nem classifica o litisconsórcio desta aula.
cpc-lei-13105-capture-2026-09-28,Art. 899,aula-03.html,unused,Trata de “Será suspensa a arrematação logo que o produto da alienação dos bens for…”; não define as partes nem classifica o litisconsórcio desta aula.
cpc-lei-13105-capture-2026-09-28,Art. 900,aula-03.html,unused,"Trata de “O leilão prosseguirá no dia útil imediato, à mesma hora em que teve início…”; não define as partes nem classifica o litisconsórcio desta aula."
cpc-lei-13105-capture-2026-09-28,Art. 901,aula-03.html,unused,Trata de “A arrematação constará de auto que será lavrado de imediato e poderá abranger…”; não define as partes nem classifica o litisconsórcio desta aula.
cpc-lei-13105-capture-2026-09-28,Art. 902,aula-03.html,unused,"Trata de “No caso de leilão de bem hipotecado, o executado poderá remi-lo até a…”; não define as partes nem classifica o litisconsórcio desta aula."
cpc-lei-13105-capture-2026-09-28,Art. 903,aula-03.html,unused,"Trata de “Qualquer que seja a modalidade de leilão, assinado o auto pelo juiz, pelo…”; não define as partes nem classifica o litisconsórcio desta aula."
cpc-lei-13105-capture-2026-09-28,Art. 904,aula-03.html,unused,Trata de “A satisfação do crédito exequendo far-se-á:”; não define as partes nem classifica o litisconsórcio desta aula.
cpc-lei-13105-capture-2026-09-28,Art. 905,aula-03.html,unused,"Trata de “O juiz autorizará que o exequente levante, até a satisfação integral de seu…”; não define as partes nem classifica o litisconsórcio desta aula."
cpc-lei-13105-capture-2026-09-28,Art. 906,aula-03.html,unused,"Trata de “Ao receber o mandado de levantamento, o exequente dará ao executado, por…”; não define as partes nem classifica o litisconsórcio desta aula."
cpc-lei-13105-capture-2026-09-28,Art. 907,aula-03.html,unused,"Trata de “Pago ao exequente o principal, os juros, as custas e os honorários, a…”; não define as partes nem classifica o litisconsórcio desta aula."
cpc-lei-13105-capture-2026-09-28,Art. 908,aula-03.html,unused,"Trata de “Havendo pluralidade de credores ou exequentes, o dinheiro lhes será…”; não define as partes nem classifica o litisconsórcio desta aula."
cpc-lei-13105-capture-2026-09-28,Art. 909,aula-03.html,unused,"Trata de “Os exequentes formularão as suas pretensões, que versarão unicamente sobre o…”; não define as partes nem classifica o litisconsórcio desta aula."
cpc-lei-13105-capture-2026-09-28,Art. 910,aula-03.html,unused,"Trata de “Na execução fundada em título extrajudicial, a Fazenda Pública será citada…”; não define as partes nem classifica o litisconsórcio desta aula."
cpc-lei-13105-capture-2026-09-28,Art. 911,aula-03.html,unused,Trata de “Na execução fundada em título executivo extrajudicial que contenha obrigação…”; não define as partes nem classifica o litisconsórcio desta aula.
cpc-lei-13105-capture-2026-09-28,Art. 912,aula-03.html,unused,"Trata de “Quando o executado for funcionário público, militar, diretor ou gerente de…”; não define as partes nem classifica o litisconsórcio desta aula."
cpc-lei-13105-capture-2026-09-28,Art. 913,aula-03.html,unused,"Trata de “Não requerida a execução nos termos deste Capítulo, observar-se-á o disposto…”; não define as partes nem classifica o litisconsórcio desta aula."
cpc-lei-13105-capture-2026-09-28,Art. 914,aula-03.html,unused,"Trata de “O executado, independentemente de penhora, depósito ou caução, poderá se opor…”; não define as partes nem classifica o litisconsórcio desta aula."
cpc-lei-13105-capture-2026-09-28,Art. 915,aula-03.html,unused,"Trata de “Os embargos serão oferecidos no prazo de 15 (quinze) dias, contado, conforme…”; não define as partes nem classifica o litisconsórcio desta aula."
cpc-lei-13105-capture-2026-09-28,Art. 916,aula-03.html,unused,"Trata de “No prazo para embargos, reconhecendo o crédito do exequente e comprovando o…”; não define as partes nem classifica o litisconsórcio desta aula."
cpc-lei-13105-capture-2026-09-28,Art. 917,aula-03.html,unused,"Trata de “Nos embargos à execução, o executado poderá alegar:”; não define as partes nem classifica o litisconsórcio desta aula."
cpc-lei-13105-capture-2026-09-28,Art. 918,aula-03.html,unused,Trata de “O juiz rejeitará liminarmente os embargos:”; não define as partes nem classifica o litisconsórcio desta aula.
cpc-lei-13105-capture-2026-09-28,Art. 919,aula-03.html,unused,Trata de “Os embargos à execução não terão efeito suspensivo.”; não define as partes nem classifica o litisconsórcio desta aula.
cpc-lei-13105-capture-2026-09-28,Art. 920,aula-03.html,unused,Trata de “Recebidos os embargos:”; não define as partes nem classifica o litisconsórcio desta aula.
cpc-lei-13105-capture-2026-09-28,Art. 921,aula-03.html,unused,Trata de “Suspende-se a execução:”; não define as partes nem classifica o litisconsórcio desta aula.
cpc-lei-13105-capture-2026-09-28,Art. 922,aula-03.html,unused,"Trata de “Convindo as partes, o juiz declarará suspensa a execução durante o prazo…”; não define as partes nem classifica o litisconsórcio desta aula."
cpc-lei-13105-capture-2026-09-28,Art. 923,aula-03.html,unused,"Trata de “Suspensa a execução, não serão praticados atos processuais, podendo o juiz…”; não define as partes nem classifica o litisconsórcio desta aula."
cpc-lei-13105-capture-2026-09-28,Art. 924,aula-03.html,unused,Trata de “Extingue-se a execução quando:”; não define as partes nem classifica o litisconsórcio desta aula.
cpc-lei-13105-capture-2026-09-28,Art. 925,aula-03.html,unused,Trata de “A extinção só produz efeito quando declarada por sentença.”; não define as partes nem classifica o litisconsórcio desta aula.
cpc-lei-13105-capture-2026-09-28,Art. 926,aula-03.html,unused,"Trata de “Os tribunais devem uniformizar sua jurisprudência e mantê-la estável, íntegra…”; não define as partes nem classifica o litisconsórcio desta aula."
cpc-lei-13105-capture-2026-09-28,Art. 927,aula-03.html,unused,Trata de “Os juízes e os tribunais observarão:”; não define as partes nem classifica o litisconsórcio desta aula.
cpc-lei-13105-capture-2026-09-28,Art. 928,aula-03.html,unused,"Trata de “Para os fins deste Código, considera-se julgamento de casos repetitivos a…”; não define as partes nem classifica o litisconsórcio desta aula."
cpc-lei-13105-capture-2026-09-28,Art. 929,aula-03.html,unused,Trata de “Os autos serão registrados no protocolo do tribunal no dia de sua entrada…”; não define as partes nem classifica o litisconsórcio desta aula.
cpc-lei-13105-capture-2026-09-28,Art. 930,aula-03.html,unused,Trata de “Far-se-á a distribuição de acordo com o regimento interno do tribunal…”; não define as partes nem classifica o litisconsórcio desta aula.
cpc-lei-13105-capture-2026-09-28,Art. 931,aula-03.html,unused,"Trata de “Distribuídos, os autos serão imediatamente conclusos ao relator, que, em 30…”; não define as partes nem classifica o litisconsórcio desta aula."
cpc-lei-13105-capture-2026-09-28,Art. 932,aula-03.html,unused,Trata de “Incumbe ao relator:”; não define as partes nem classifica o litisconsórcio desta aula.
cpc-lei-13105-capture-2026-09-28,Art. 933,aula-03.html,unused,Trata de “Se o relator constatar a ocorrência de fato superveniente à decisão recorrida…”; não define as partes nem classifica o litisconsórcio desta aula.
cpc-lei-13105-capture-2026-09-28,Art. 934,aula-03.html,unused,"Trata de “Em seguida, os autos serão apresentados ao presidente, que designará dia para…”; não define as partes nem classifica o litisconsórcio desta aula."
cpc-lei-13105-capture-2026-09-28,Art. 935,aula-03.html,unused,Trata de “Entre a data de publicação da pauta e a da sessão de julgamento decorrerá…”; não define as partes nem classifica o litisconsórcio desta aula.
cpc-lei-13105-capture-2026-09-28,Art. 936,aula-03.html,unused,"Trata de “Ressalvadas as preferências legais e regimentais, os recursos, a remessa…”; não define as partes nem classifica o litisconsórcio desta aula."
cpc-lei-13105-capture-2026-09-28,Art. 938,aula-03.html,unused,Trata de “A questão preliminar suscitada no julgamento será decidida antes do mérito…”; não define as partes nem classifica o litisconsórcio desta aula.
cpc-lei-13105-capture-2026-09-28,Art. 939,aula-03.html,unused,Trata de “Se a preliminar for rejeitada ou se a apreciação do mérito for com ela…”; não define as partes nem classifica o litisconsórcio desta aula.
cpc-lei-13105-capture-2026-09-28,Art. 940,aula-03.html,unused,Trata de “O relator ou outro juiz que não se considerar habilitado a proferir…”; não define as partes nem classifica o litisconsórcio desta aula.
cpc-lei-13105-capture-2026-09-28,Art. 941,aula-03.html,unused,"Trata de “Proferidos os votos, o presidente anunciará o resultado do julgamento…”; não define as partes nem classifica o litisconsórcio desta aula."
cpc-lei-13105-capture-2026-09-28,Art. 942,aula-03.html,unused,"Trata de “Quando o resultado da apelação for não unânime, o julgamento terá…”; não define as partes nem classifica o litisconsórcio desta aula."
cpc-lei-13105-capture-2026-09-28,Art. 943,aula-03.html,unused,"Trata de “Os votos, os acórdãos e os demais atos processuais podem ser registrados em…”; não define as partes nem classifica o litisconsórcio desta aula."
cpc-lei-13105-capture-2026-09-28,Art. 944,aula-03.html,unused,"Trata de “Não publicado o acórdão no prazo de 30 (trinta) dias, contado da data da…”; não define as partes nem classifica o litisconsórcio desta aula."
cpc-lei-13105-capture-2026-09-28,Art. 945,aula-03.html,unused,"Trata de “A critério do órgão julgador, o julgamento dos recursos e dos processos de…”; não define as partes nem classifica o litisconsórcio desta aula."
cpc-lei-13105-capture-2026-09-28,Art. 946,aula-03.html,unused,Trata de “O agravo de instrumento será julgado antes da apelação interposta no mesmo…”; não define as partes nem classifica o litisconsórcio desta aula.
cpc-lei-13105-capture-2026-09-28,Art. 947,aula-03.html,unused,"Trata de “É admissível a assunção de competência quando o julgamento de recurso, de…”; não define as partes nem classifica o litisconsórcio desta aula."
cpc-lei-13105-capture-2026-09-28,Art. 948,aula-03.html,unused,"Trata de “Arguida, em controle difuso, a inconstitucionalidade de lei ou de ato…”; não define as partes nem classifica o litisconsórcio desta aula."
cpc-lei-13105-capture-2026-09-28,Art. 949,aula-03.html,unused,Trata de “Se a arguição for:”; não define as partes nem classifica o litisconsórcio desta aula.
cpc-lei-13105-capture-2026-09-28,Art. 950,aula-03.html,unused,"Trata de “Remetida cópia do acórdão a todos os juízes, o presidente do tribunal…”; não define as partes nem classifica o litisconsórcio desta aula."
cpc-lei-13105-capture-2026-09-28,Art. 951,aula-03.html,unused,"Trata de “O conflito de competência pode ser suscitado por qualquer das partes, pelo…”; não define as partes nem classifica o litisconsórcio desta aula."
cpc-lei-13105-capture-2026-09-28,Art. 952,aula-03.html,unused,"Trata de “Não pode suscitar conflito a parte que, no processo, arguiu incompetência…”; não define as partes nem classifica o litisconsórcio desta aula."
cpc-lei-13105-capture-2026-09-28,Art. 953,aula-03.html,unused,Trata de “O conflito será suscitado ao tribunal:”; não define as partes nem classifica o litisconsórcio desta aula.
cpc-lei-13105-capture-2026-09-28,Art. 954,aula-03.html,unused,"Trata de “Após a distribuição, o relator determinará a oitiva dos juízes em conflito…”; não define as partes nem classifica o litisconsórcio desta aula."
cpc-lei-13105-capture-2026-09-28,Art. 955,aula-03.html,unused,"Trata de “O relator poderá, de ofício ou a requerimento de qualquer das partes…”; não define as partes nem classifica o litisconsórcio desta aula."
cpc-lei-13105-capture-2026-09-28,Art. 956,aula-03.html,unused,"Trata de “Decorrido o prazo designado pelo relator, será ouvido o Ministério Público…”; não define as partes nem classifica o litisconsórcio desta aula."
cpc-lei-13105-capture-2026-09-28,Art. 957,aula-03.html,unused,"Trata de “Ao decidir o conflito, o tribunal declarará qual o juízo competente…”; não define as partes nem classifica o litisconsórcio desta aula."
cpc-lei-13105-capture-2026-09-28,Art. 958,aula-03.html,unused,"Trata de “No conflito que envolva órgãos fracionários dos tribunais, desembargadores e…”; não define as partes nem classifica o litisconsórcio desta aula."
cpc-lei-13105-capture-2026-09-28,Art. 959,aula-03.html,unused,Trata de “O regimento interno do tribunal regulará o processo e o julgamento do…”; não define as partes nem classifica o litisconsórcio desta aula.
cpc-lei-13105-capture-2026-09-28,Art. 960,aula-03.html,unused,Trata de “A homologação de decisão estrangeira será requerida por ação de homologação…”; não define as partes nem classifica o litisconsórcio desta aula.
cpc-lei-13105-capture-2026-09-28,Art. 961,aula-03.html,unused,Trata de “A decisão estrangeira somente terá eficácia no Brasil após a homologação de…”; não define as partes nem classifica o litisconsórcio desta aula.
cpc-lei-13105-capture-2026-09-28,Art. 962,aula-03.html,unused,Trata de “É passível de execução a decisão estrangeira concessiva de medida de urgência.”; não define as partes nem classifica o litisconsórcio desta aula.
cpc-lei-13105-capture-2026-09-28,Art. 963,aula-03.html,unused,Trata de “Constituem requisitos indispensáveis à homologação da decisão:”; não define as partes nem classifica o litisconsórcio desta aula.
cpc-lei-13105-capture-2026-09-28,Art. 964,aula-03.html,unused,Trata de “Não será homologada a decisão estrangeira na hipótese de competência…”; não define as partes nem classifica o litisconsórcio desta aula.
cpc-lei-13105-capture-2026-09-28,Art. 965,aula-03.html,unused,Trata de “O cumprimento de decisão estrangeira far-se-á perante o juízo federal…”; não define as partes nem classifica o litisconsórcio desta aula.
cpc-lei-13105-capture-2026-09-28,Art. 966,aula-03.html,unused,"Trata de “A decisão de mérito, transitada em julgado, pode ser rescindida quando:”; não define as partes nem classifica o litisconsórcio desta aula."
cpc-lei-13105-capture-2026-09-28,Art. 967,aula-03.html,unused,Trata de “Têm legitimidade para propor a ação rescisória:”; não define as partes nem classifica o litisconsórcio desta aula.
cpc-lei-13105-capture-2026-09-28,Art. 968,aula-03.html,unused,Trata de “A petição inicial será elaborada com observância dos requisitos essenciais do”; não define as partes nem classifica o litisconsórcio desta aula.
cpc-lei-13105-capture-2026-09-28,Art. 969,aula-03.html,unused,Trata de “A propositura da ação rescisória não impede o cumprimento da decisão…”; não define as partes nem classifica o litisconsórcio desta aula.
cpc-lei-13105-capture-2026-09-28,Art. 970,aula-03.html,unused,"Trata de “O relator ordenará a citação do réu, designando-lhe prazo nunca inferior a 15…”; não define as partes nem classifica o litisconsórcio desta aula."
cpc-lei-13105-capture-2026-09-28,Art. 971,aula-03.html,unused,"Trata de “Na ação rescisória, devolvidos os autos pelo relator, a secretaria do…”; não define as partes nem classifica o litisconsórcio desta aula."
cpc-lei-13105-capture-2026-09-28,Art. 972,aula-03.html,unused,"Trata de “Se os fatos alegados pelas partes dependerem de prova, o relator poderá…”; não define as partes nem classifica o litisconsórcio desta aula."
cpc-lei-13105-capture-2026-09-28,Art. 973,aula-03.html,unused,"Trata de “Concluída a instrução, será aberta vista ao autor e ao réu para razões…”; não define as partes nem classifica o litisconsórcio desta aula."
cpc-lei-13105-capture-2026-09-28,Art. 974,aula-03.html,unused,"Trata de “Julgando procedente o pedido, o tribunal rescindirá a decisão, proferirá, se…”; não define as partes nem classifica o litisconsórcio desta aula."
cpc-lei-13105-capture-2026-09-28,Art. 975,aula-03.html,unused,Trata de “O direito à rescisão se extingue em 2 (dois) anos contados do trânsito em…”; não define as partes nem classifica o litisconsórcio desta aula.
cpc-lei-13105-capture-2026-09-28,Art. 976,aula-03.html,unused,Trata de “É cabível a instauração do incidente de resolução de demandas repetitivas…”; não define as partes nem classifica o litisconsórcio desta aula.
cpc-lei-13105-capture-2026-09-28,Art. 977,aula-03.html,unused,Trata de “O pedido de instauração do incidente será dirigido ao presidente de tribunal:”; não define as partes nem classifica o litisconsórcio desta aula.
cpc-lei-13105-capture-2026-09-28,Art. 978,aula-03.html,unused,Trata de “O julgamento do incidente caberá ao órgão indicado pelo regimento interno…”; não define as partes nem classifica o litisconsórcio desta aula.
cpc-lei-13105-capture-2026-09-28,Art. 979,aula-03.html,unused,Trata de “A instauração e o julgamento do incidente serão sucedidos da mais ampla e…”; não define as partes nem classifica o litisconsórcio desta aula.
cpc-lei-13105-capture-2026-09-28,Art. 980,aula-03.html,unused,Trata de “O incidente será julgado no prazo de 1 (um) ano e terá preferência sobre os…”; não define as partes nem classifica o litisconsórcio desta aula.
cpc-lei-13105-capture-2026-09-28,Art. 981,aula-03.html,unused,"Trata de “Após a distribuição, o órgão colegiado competente para julgar o incidente…”; não define as partes nem classifica o litisconsórcio desta aula."
cpc-lei-13105-capture-2026-09-28,Art. 982,aula-03.html,unused,"Trata de “Admitido o incidente, o relator:”; não define as partes nem classifica o litisconsórcio desta aula."
cpc-lei-13105-capture-2026-09-28,Art. 983,aula-03.html,unused,"Trata de “O relator ouvirá as partes e os demais interessados, inclusive pessoas…”; não define as partes nem classifica o litisconsórcio desta aula."
cpc-lei-13105-capture-2026-09-28,Art. 984,aula-03.html,unused,"Trata de “No julgamento do incidente, observar-se-á a seguinte ordem:”; não define as partes nem classifica o litisconsórcio desta aula."
cpc-lei-13105-capture-2026-09-28,Art. 985,aula-03.html,unused,"Trata de “Julgado o incidente, a tese jurídica será aplicada:”; não define as partes nem classifica o litisconsórcio desta aula."
cpc-lei-13105-capture-2026-09-28,Art. 986,aula-03.html,unused,Trata de “A revisão da tese jurídica firmada no incidente far-se-á pelo mesmo tribunal…”; não define as partes nem classifica o litisconsórcio desta aula.
cpc-lei-13105-capture-2026-09-28,Art. 987,aula-03.html,unused,Trata de “Do julgamento do mérito do incidente caberá recurso extraordinário ou…”; não define as partes nem classifica o litisconsórcio desta aula.
cpc-lei-13105-capture-2026-09-28,Art. 988,aula-03.html,unused,Trata de “Caberá reclamação da parte interessada ou do Ministério Público para:”; não define as partes nem classifica o litisconsórcio desta aula.
cpc-lei-13105-capture-2026-09-28,Art. 989,aula-03.html,unused,"Trata de “Ao despachar a reclamação, o relator:”; não define as partes nem classifica o litisconsórcio desta aula."
cpc-lei-13105-capture-2026-09-28,Art. 990,aula-03.html,unused,Trata de “Qualquer interessado poderá impugnar o pedido do reclamante.”; não define as partes nem classifica o litisconsórcio desta aula.
cpc-lei-13105-capture-2026-09-28,Art. 991,aula-03.html,unused,"Trata de “Na reclamação que não houver formulado, o Ministério Público terá vista do…”; não define as partes nem classifica o litisconsórcio desta aula."
cpc-lei-13105-capture-2026-09-28,Art. 992,aula-03.html,unused,"Trata de “Julgando procedente a reclamação, o tribunal cassará a decisão exorbitante de…”; não define as partes nem classifica o litisconsórcio desta aula."
cpc-lei-13105-capture-2026-09-28,Art. 993,aula-03.html,unused,Trata de “O presidente do tribunal determinará o imediato cumprimento da decisão…”; não define as partes nem classifica o litisconsórcio desta aula.
cpc-lei-13105-capture-2026-09-28,Art. 994,aula-03.html,unused,Trata de “São cabíveis os seguintes recursos:”; não define as partes nem classifica o litisconsórcio desta aula.
cpc-lei-13105-capture-2026-09-28,Art. 995,aula-03.html,unused,"Trata de “Os recursos não impedem a eficácia da decisão, salvo disposição legal ou…”; não define as partes nem classifica o litisconsórcio desta aula."
cpc-lei-13105-capture-2026-09-28,Art. 996,aula-03.html,unused,"Trata de “O recurso pode ser interposto pela parte vencida, pelo terceiro prejudicado e…”; não define as partes nem classifica o litisconsórcio desta aula."
cpc-lei-13105-capture-2026-09-28,Art. 997,aula-03.html,unused,"Trata de “Cada parte interporá o recurso independentemente, no prazo e com observância…”; não define as partes nem classifica o litisconsórcio desta aula."
cpc-lei-13105-capture-2026-09-28,Art. 998,aula-03.html,unused,"Trata de “O recorrente poderá, a qualquer tempo, sem a anuência do recorrido ou dos…”; não define as partes nem classifica o litisconsórcio desta aula."
cpc-lei-13105-capture-2026-09-28,Art. 999,aula-03.html,unused,Trata de “A renúncia ao direito de recorrer independe da aceitação da outra parte.”; não define as partes nem classifica o litisconsórcio desta aula.
cpc-lei-13105-capture-2026-09-28,Art. 1000,aula-03.html,unused,Trata de “A parte que aceitar expressa ou tacitamente a decisão não poderá recorrer.”; não define as partes nem classifica o litisconsórcio desta aula.
cpc-lei-13105-capture-2026-09-28,Art. 1001,aula-03.html,unused,Trata de “Dos despachos não cabe recurso.”; não define as partes nem classifica o litisconsórcio desta aula.
cpc-lei-13105-capture-2026-09-28,Art. 1002,aula-03.html,unused,Trata de “A decisão pode ser impugnada no todo ou em parte.”; não define as partes nem classifica o litisconsórcio desta aula.
cpc-lei-13105-capture-2026-09-28,Art. 1003,aula-03.html,unused,"Trata de “O prazo para interposição de recurso conta-se da data em que os advogados, a…”; não define as partes nem classifica o litisconsórcio desta aula."
cpc-lei-13105-capture-2026-09-28,Art. 1004,aula-03.html,unused,"Trata de “Se, durante o prazo para a interposição do recurso, sobrevier o falecimento…”; não define as partes nem classifica o litisconsórcio desta aula."
cpc-lei-13105-capture-2026-09-28,Art. 1005,aula-03.html,unused,"Trata de “O recurso interposto por um dos litisconsortes a todos aproveita, salvo se…”; não define as partes nem classifica o litisconsórcio desta aula."
cpc-lei-13105-capture-2026-09-28,Art. 1006,aula-03.html,unused,"Trata de “Certificado o trânsito em julgado, com menção expressa da data de sua…”; não define as partes nem classifica o litisconsórcio desta aula."
cpc-lei-13105-capture-2026-09-28,Art. 1007,aula-03.html,unused,"Trata de “No ato de interposição do recurso, o recorrente comprovará, quando exigido…”; não define as partes nem classifica o litisconsórcio desta aula."
cpc-lei-13105-capture-2026-09-28,Art. 1008,aula-03.html,unused,Trata de “O julgamento proferido pelo tribunal substituirá a decisão impugnada no que…”; não define as partes nem classifica o litisconsórcio desta aula.
cpc-lei-13105-capture-2026-09-28,Art. 1009,aula-03.html,unused,Trata de “Da sentença cabe apelação.”; não define as partes nem classifica o litisconsórcio desta aula.
cpc-lei-13105-capture-2026-09-28,Art. 1010,aula-03.html,unused,"Trata de “A apelação, interposta por petição dirigida ao juízo de primeiro grau…”; não define as partes nem classifica o litisconsórcio desta aula."
cpc-lei-13105-capture-2026-09-28,Art. 1011,aula-03.html,unused,"Trata de “Recebido o recurso de apelação no tribunal e distribuído imediatamente, o…”; não define as partes nem classifica o litisconsórcio desta aula."
cpc-lei-13105-capture-2026-09-28,Art. 1012,aula-03.html,unused,Trata de “A apelação terá efeito suspensivo.”; não define as partes nem classifica o litisconsórcio desta aula.
cpc-lei-13105-capture-2026-09-28,Art. 1013,aula-03.html,unused,Trata de “A apelação devolverá ao tribunal o conhecimento da matéria impugnada.”; não define as partes nem classifica o litisconsórcio desta aula.
cpc-lei-13105-capture-2026-09-28,Art. 1014,aula-03.html,unused,Trata de “As questões de fato não propostas no juízo inferior poderão ser suscitadas na…”; não define as partes nem classifica o litisconsórcio desta aula.
cpc-lei-13105-capture-2026-09-28,Art. 1015,aula-03.html,unused,Trata de “Cabe agravo de instrumento contra as decisões interlocutórias que versarem…”; não define as partes nem classifica o litisconsórcio desta aula.
cpc-lei-13105-capture-2026-09-28,Art. 1016,aula-03.html,unused,"Trata de “O agravo de instrumento será dirigido diretamente ao tribunal competente, por…”; não define as partes nem classifica o litisconsórcio desta aula."
cpc-lei-13105-capture-2026-09-28,Art. 1017,aula-03.html,unused,Trata de “A petição de agravo de instrumento será instruída:”; não define as partes nem classifica o litisconsórcio desta aula.
cpc-lei-13105-capture-2026-09-28,Art. 1018,aula-03.html,unused,"Trata de “O agravante poderá requerer a juntada, aos autos do processo, de cópia da…”; não define as partes nem classifica o litisconsórcio desta aula."
cpc-lei-13105-capture-2026-09-28,Art. 1019,aula-03.html,unused,"Trata de “Recebido o agravo de instrumento no tribunal e distribuído imediatamente, se…”; não define as partes nem classifica o litisconsórcio desta aula."
cpc-lei-13105-capture-2026-09-28,Art. 1020,aula-03.html,unused,Trata de “O relator solicitará dia para julgamento em prazo não superior a 1 (um) mês…”; não define as partes nem classifica o litisconsórcio desta aula.
cpc-lei-13105-capture-2026-09-28,Art. 1021,aula-03.html,unused,Trata de “Contra decisão proferida pelo relator caberá agravo interno para o respectivo…”; não define as partes nem classifica o litisconsórcio desta aula.
cpc-lei-13105-capture-2026-09-28,Art. 1022,aula-03.html,unused,Trata de “Cabem embargos de declaração contra qualquer decisão judicial para:”; não define as partes nem classifica o litisconsórcio desta aula.
cpc-lei-13105-capture-2026-09-28,Art. 1023,aula-03.html,unused,"Trata de “Os embargos serão opostos, no prazo de 5 (cinco) dias, em petição dirigida ao…”; não define as partes nem classifica o litisconsórcio desta aula."
cpc-lei-13105-capture-2026-09-28,Art. 1024,aula-03.html,unused,Trata de “O juiz julgará os embargos em 5 (cinco) dias.”; não define as partes nem classifica o litisconsórcio desta aula.
cpc-lei-13105-capture-2026-09-28,Art. 1025,aula-03.html,unused,Trata de “Consideram-se incluídos no acórdão os elementos que o embargante suscitou…”; não define as partes nem classifica o litisconsórcio desta aula.
cpc-lei-13105-capture-2026-09-28,Art. 1026,aula-03.html,unused,Trata de “Os embargos de declaração não possuem efeito suspensivo e interrompem o prazo…”; não define as partes nem classifica o litisconsórcio desta aula.
cpc-lei-13105-capture-2026-09-28,Art. 1027,aula-03.html,unused,Trata de “Serão julgados em recurso ordinário:”; não define as partes nem classifica o litisconsórcio desta aula.
cpc-lei-13105-capture-2026-09-28,Art. 1028,aula-03.html,unused,Trata de “Ao recurso mencionado no”; não define as partes nem classifica o litisconsórcio desta aula.
cpc-lei-13105-capture-2026-09-28,Art. 1029,aula-03.html,unused,"Trata de “O recurso extraordinário e o recurso especial, nos casos previstos na”; não define as partes nem classifica o litisconsórcio desta aula."
cpc-lei-13105-capture-2026-09-28,Art. 1030,aula-03.html,unused,"Trata de “Recebida a petição do recurso pela secretaria do tribunal, o recorrido será…”; não define as partes nem classifica o litisconsórcio desta aula."
cpc-lei-13105-capture-2026-09-28,Art. 1031,aula-03.html,unused,Trata de “Na hipótese de interposição conjunta de recurso extraordinário e recurso…”; não define as partes nem classifica o litisconsórcio desta aula.
cpc-lei-13105-capture-2026-09-28,Art. 1032,aula-03.html,unused,"Trata de “Se o relator, no Superior Tribunal de Justiça, entender que o recurso…”; não define as partes nem classifica o litisconsórcio desta aula."
cpc-lei-13105-capture-2026-09-28,Art. 1033,aula-03.html,unused,Trata de “Se o Supremo Tribunal Federal considerar como reflexa a ofensa à Constituição…”; não define as partes nem classifica o litisconsórcio desta aula.
cpc-lei-13105-capture-2026-09-28,Art. 1034,aula-03.html,unused,"Trata de “Admitido o recurso extraordinário ou o recurso especial, o Supremo Tribunal…”; não define as partes nem classifica o litisconsórcio desta aula."
cpc-lei-13105-capture-2026-09-28,Art. 1035,aula-03.html,unused,"Trata de “O Supremo Tribunal Federal, em decisão irrecorrível, não conhecerá do recurso…”; não define as partes nem classifica o litisconsórcio desta aula."
cpc-lei-13105-capture-2026-09-28,Art. 1036,aula-03.html,unused,Trata de “Sempre que houver multiplicidade de recursos extraordinários ou especiais com…”; não define as partes nem classifica o litisconsórcio desta aula.
cpc-lei-13105-capture-2026-09-28,Art. 1037,aula-03.html,unused,"Trata de “Selecionados os recursos, o relator, no tribunal superior, constatando a…”; não define as partes nem classifica o litisconsórcio desta aula."
cpc-lei-13105-capture-2026-09-28,Art. 1038,aula-03.html,unused,Trata de “O relator poderá:”; não define as partes nem classifica o litisconsórcio desta aula.
cpc-lei-13105-capture-2026-09-28,Art. 1039,aula-03.html,unused,"Trata de “Decididos os recursos afetados, os órgãos colegiados declararão prejudicados…”; não define as partes nem classifica o litisconsórcio desta aula."
cpc-lei-13105-capture-2026-09-28,Art. 1040,aula-03.html,unused,Trata de “Publicado o acórdão paradigma:”; não define as partes nem classifica o litisconsórcio desta aula.
cpc-lei-13105-capture-2026-09-28,Art. 1041,aula-03.html,unused,"Trata de “Mantido o acórdão divergente pelo tribunal de origem, o recurso especial ou…”; não define as partes nem classifica o litisconsórcio desta aula."
cpc-lei-13105-capture-2026-09-28,Art. 1043,aula-03.html,unused,Trata de “É embargável o acórdão de órgão fracionário que:”; não define as partes nem classifica o litisconsórcio desta aula.
cpc-lei-13105-capture-2026-09-28,Art. 1044,aula-03.html,unused,"Trata de “No recurso de embargos de divergência, será observado o procedimento…”; não define as partes nem classifica o litisconsórcio desta aula."
cpc-lei-13105-capture-2026-09-28,Art. 1045,aula-03.html,unused,Trata de “Este Código entra em vigor após decorrido 1 (um) ano da data de sua…”; não define as partes nem classifica o litisconsórcio desta aula.
cpc-lei-13105-capture-2026-09-28,Art. 1046,aula-03.html,unused,"Trata de “Ao entrar em vigor este Código, suas disposições se aplicarão desde logo aos…”; não define as partes nem classifica o litisconsórcio desta aula."
cpc-lei-13105-capture-2026-09-28,Art. 1047,aula-03.html,unused,Trata de “As disposições de direito probatório adotadas neste Código aplicam-se apenas…”; não define as partes nem classifica o litisconsórcio desta aula.
cpc-lei-13105-capture-2026-09-28,Art. 1048,aula-03.html,unused,"Trata de “Terão prioridade de tramitação, em qualquer juízo ou tribunal, os…”; não define as partes nem classifica o litisconsórcio desta aula."
cpc-lei-13105-capture-2026-09-28,Art. 1049,aula-03.html,unused,Trata de “Sempre que a lei remeter a procedimento previsto na lei processual sem…”; não define as partes nem classifica o litisconsórcio desta aula.
cpc-lei-13105-capture-2026-09-28,Art. 1050,aula-03.html,unused,"Trata de “A União, os Estados, o Distrito Federal, os Municípios, suas respectivas…”; não define as partes nem classifica o litisconsórcio desta aula."
cpc-lei-13105-capture-2026-09-28,Art. 1051,aula-03.html,unused,Trata de “As empresas públicas e privadas devem cumprir o disposto no”; não define as partes nem classifica o litisconsórcio desta aula.
cpc-lei-13105-capture-2026-09-28,Art. 1052,aula-03.html,unused,"Trata de “Até a edição de lei específica, as execuções contra devedor insolvente, em…”; não define as partes nem classifica o litisconsórcio desta aula."
cpc-lei-13105-capture-2026-09-28,Art. 1053,aula-03.html,unused,Trata de “Os atos processuais praticados por meio eletrônico até a transição definitiva…”; não define as partes nem classifica o litisconsórcio desta aula.
cpc-lei-13105-capture-2026-09-28,Art. 1054,aula-03.html,unused,Trata de “O disposto no”; não define as partes nem classifica o litisconsórcio desta aula.
cpc-lei-13105-capture-2026-09-28,Art. 1055,aula-03.html,unused,Trata de “(VETADO).”; não define as partes nem classifica o litisconsórcio desta aula.
cpc-lei-13105-capture-2026-09-28,Art. 1056,aula-03.html,unused,Trata de “Considerar-se-á como termo inicial do prazo da prescrição prevista no”; não define as partes nem classifica o litisconsórcio desta aula.
cpc-lei-13105-capture-2026-09-28,Art. 1057,aula-03.html,unused,Trata de “O disposto no”; não define as partes nem classifica o litisconsórcio desta aula.
cpc-lei-13105-capture-2026-09-28,Art. 1058,aula-03.html,unused,"Trata de “Em todos os casos em que houver recolhimento de importância em dinheiro, esta…”; não define as partes nem classifica o litisconsórcio desta aula."
cpc-lei-13105-capture-2026-09-28,Art. 1059,aula-03.html,unused,Trata de “À tutela provisória requerida contra a Fazenda Pública aplica-se o disposto…”; não define as partes nem classifica o litisconsórcio desta aula.
cpc-lei-13105-capture-2026-09-28,Art. 1060,aula-03.html,unused,Trata de “O inciso II do art. 14 da”; não define as partes nem classifica o litisconsórcio desta aula.
cpc-lei-13105-capture-2026-09-28,Art. 1061,aula-03.html,unused,Trata de “O § 3º do art. 33 da”; não define as partes nem classifica o litisconsórcio desta aula.
cpc-lei-13105-capture-2026-09-28,Art. 1062,aula-03.html,unused,Trata de “O incidente de desconsideração da personalidade jurídica aplica-se ao…”; não define as partes nem classifica o litisconsórcio desta aula.
cpc-lei-13105-capture-2026-09-28,Art. 1063,aula-03.html,unused,"Trata de “Até a edição de lei específica, os juizados especiais cíveis previstos na”; não define as partes nem classifica o litisconsórcio desta aula."
cpc-lei-13105-capture-2026-09-28,Art. 1064,aula-03.html,unused,Trata de “O”; não define as partes nem classifica o litisconsórcio desta aula.
cpc-lei-13105-capture-2026-09-28,Art. 1065,aula-03.html,unused,Trata de “O art. 50 da”; não define as partes nem classifica o litisconsórcio desta aula.
cpc-lei-13105-capture-2026-09-28,Art. 1066,aula-03.html,unused,Trata de “O art. 83 da”; não define as partes nem classifica o litisconsórcio desta aula.
cpc-lei-13105-capture-2026-09-28,Art. 1067,aula-03.html,unused,Trata de “O art. 275 da”; não define as partes nem classifica o litisconsórcio desta aula.
cpc-lei-13105-capture-2026-09-28,Art. 1068,aula-03.html,unused,Trata de “O art. 274 e o”; não define as partes nem classifica o litisconsórcio desta aula.
cpc-lei-13105-capture-2026-09-28,Art. 1069,aula-03.html,unused,"Trata de “O Conselho Nacional de Justiça promoverá, periodicamente, pesquisas…”; não define as partes nem classifica o litisconsórcio desta aula."
cpc-lei-13105-capture-2026-09-28,Art. 1070,aula-03.html,unused,Trata de “É de 15 (quinze) dias o prazo para a interposição de qualquer agravo…”; não define as partes nem classifica o litisconsórcio desta aula.
cpc-lei-13105-capture-2026-09-28,Art. 1071,aula-03.html,unused,Trata de “O Capítulo III do Título V da”; não define as partes nem classifica o litisconsórcio desta aula.
cpc-lei-13105-capture-2026-09-28,Art. 1072,aula-03.html,unused,Trata de “Revogam-se:”; não define as partes nem classifica o litisconsórcio desta aula.
barbosa-moreira-temas-serie4-1989,01-os-temas-fundamentais-do-direito-brasileiro-nos-anos-80,aula-03.html,unused,Texto de abertura sobre temas processuais dos anos 1980; não desenvolve identificação de partes nem litisconsórcio.
barbosa-moreira-temas-serie4-1989,02-sobre-a-multiplicidade-de-perspectivas-no-estudo-do-processo,aula-03.html,unused,"Discute perspectivas metodológicas sobre o processo, sem classificar partes ou litisconsórcio."
barbosa-moreira-temas-serie4-1989,03-dimensiones-sociales-del-proceso-civil,aula-03.html,unused,"Examina dimensões sociais do processo civil, sem tratar dos critérios de pluralidade de partes."
barbosa-moreira-temas-serie4-1989,04-o-problema-da-divisao-do-trabalho-entre-juiz-e-partes,aula-03.html,unused,"Trata da divisão de trabalho entre juiz e partes, não da identificação das partes nem dos eixos do litisconsórcio."
barbosa-moreira-temas-serie4-1989,05-os-poderes-do-juiz-na-direcao-e-na-instrucao-do-processo,aula-03.html,unused,"Cuida dos poderes de direção e instrução do juiz, tema fora da classificação do litisconsórcio."
barbosa-moreira-temas-serie4-1989,06-sobre-a-participacao-do-juiz-no-processo-civil,aula-03.html,unused,"Analisa a participação do juiz, não a posição das partes nem a pluralidade de sujeitos."
barbosa-moreira-temas-serie4-1989,07-la-igualdad-de-las-partes-en-el-proceso-civil,aula-03.html,unused,"Trata da igualdade entre as partes como princípio, sem classificar a pluralidade em litisconsórcio."
barbosa-moreira-temas-serie4-1989,08-sobre-pressupostos-processuais,aula-03.html,unused,"Examina pressupostos processuais, não os critérios de identificação e classificação das partes."
barbosa-moreira-temas-serie4-1989,09-a-competencia-como-questao-preliminar-e-como-questao-de-merito,aula-03.html,unused,"Discute competência, questão distinta da composição subjetiva e dos eixos do litisconsórcio."
barbosa-moreira-temas-serie4-1989,10-saneamento-do-processo-e-audiencia-preliminar-parte-i-apresentacao-do-problema,aula-03.html,unused,"É parte do capítulo atribuído sobre saneamento e audiência preliminar, conteúdo de aulas posteriores, não de partes e litisconsórcio."
barbosa-moreira-temas-serie4-1989,10-saneamento-do-processo-e-audiencia-preliminar-parte-ii-possibilidades-de-solucao,aula-03.html,unused,"É parte do capítulo atribuído sobre saneamento e audiência preliminar, conteúdo de aulas posteriores, não de partes e litisconsórcio."
barbosa-moreira-temas-serie4-1989,10-saneamento-do-processo-e-audiencia-preliminar-parte-iii-modelos-concretos-tecnica-escrita,aula-03.html,unused,"É parte do capítulo atribuído sobre saneamento e audiência preliminar, conteúdo de aulas posteriores, não de partes e litisconsórcio."
barbosa-moreira-temas-serie4-1989,10-saneamento-do-processo-e-audiencia-preliminar-parte-iv-modelos-concretos-tecnica-oral,aula-03.html,unused,"É parte do capítulo atribuído sobre saneamento e audiência preliminar, conteúdo de aulas posteriores, não de partes e litisconsórcio."
barbosa-moreira-temas-serie4-1989,10-saneamento-do-processo-e-audiencia-preliminar-parte-v-apreciacao-critica,aula-03.html,unused,"É parte do capítulo atribuído sobre saneamento e audiência preliminar, conteúdo de aulas posteriores, não de partes e litisconsórcio."
barbosa-moreira-temas-serie4-1989,11-alguns-problemas-atuais-da-prova-civil,aula-03.html,unused,"Trata de problemas da prova civil, conteúdo de outras aulas e sem foco em partes ou litisconsórcio."
barbosa-moreira-temas-serie4-1989,12-la-collaboration-des-tiers-dans-lactivite-dinstruction,aula-03.html,unused,"Versa sobre colaboração de terceiros na instrução, tema de intervenção distinto do recorte desta aula."
barbosa-moreira-temas-serie4-1989,13-conteudo-e-efeitos-da-sentenca-variacoes-sobre-o-tema,aula-03.html,unused,"Examina conteúdo e efeitos da sentença, sem desenvolver os critérios de classificação do litisconsórcio."
barbosa-moreira-temas-serie4-1989,14-eficacia-da-sentenca-de-interdicao-por-alienacao-mental,aula-03.html,unused,"Cuida dos efeitos de sentença de interdição, não da identificação das partes ou do litisconsórcio."
barbosa-moreira-temas-serie4-1989,15-publicite-et-secret-du-delibere-dans-la-justice-bresilienne,aula-03.html,unused,"Trata de publicidade e sigilo da deliberação judicial, assunto alheio ao recorte subjetivo da aula."
barbosa-moreira-temas-serie4-1989,16-consideracoes-sobre-a-causa-de-pedir-na-acao-rescisoria,aula-03.html,unused,"Analisa causa de pedir em ação rescisória, não partes nem classificação do litisconsórcio."
barbosa-moreira-temas-serie4-1989,17-tendencias-na-execucao-de-sentencas-e-ordens-judiciais,aula-03.html,unused,"Aborda execução de sentenças e ordens judiciais, etapa distinta do tema desta aula."
barbosa-moreira-temas-serie4-1989,18-problemas-e-solucoes-em-materia-de-reconhecimento-e-execucao-introducao,aula-03.html,unused,"O capítulo “Problemas e soluções em matéria de reconhecimento e execução de sentenças e laudos arbitrais estrangeiros” trata do tema indicado no título, sem desenvolver a identificação das partes ou os eixos de classificação do litisconsórcio."
barbosa-moreira-temas-serie4-1989,18-problemas-e-solucoes-em-materia-de-reconhecimento-e-execucao-i-visao-panoramica,aula-03.html,unused,"O capítulo “Problemas e soluções em matéria de reconhecimento e execução de sentenças e laudos arbitrais estrangeiros” trata do tema indicado no título, sem desenvolver a identificação das partes ou os eixos de classificação do litisconsórcio."
barbosa-moreira-temas-serie4-1989,18-problemas-e-solucoes-em-materia-de-reconhecimento-e-execucao-ii-mecanismos-restritivos,aula-03.html,unused,"O capítulo “Problemas e soluções em matéria de reconhecimento e execução de sentenças e laudos arbitrais estrangeiros” trata do tema indicado no título, sem desenvolver a identificação das partes ou os eixos de classificação do litisconsórcio."
barbosa-moreira-temas-serie4-1989,18-problemas-e-solucoes-em-materia-de-reconhecimento-e-execucao-iii-possibilidades-de-abolicao-ou-atenuacao,aula-03.html,unused,"O capítulo “Problemas e soluções em matéria de reconhecimento e execução de sentenças e laudos arbitrais estrangeiros” trata do tema indicado no título, sem desenvolver a identificação das partes ou os eixos de classificação do litisconsórcio."
barbosa-moreira-temas-serie4-1989,18-problemas-e-solucoes-em-materia-de-reconhecimento-e-execucao-iv-laudos-arbitrais-estrangeiros,aula-03.html,unused,"O capítulo “Problemas e soluções em matéria de reconhecimento e execução de sentenças e laudos arbitrais estrangeiros” trata do tema indicado no título, sem desenvolver a identificação das partes ou os eixos de classificação do litisconsórcio."
barbosa-moreira-temas-serie4-1989,18-problemas-e-solucoes-em-materia-de-reconhecimento-e-execucao-v-papel-dos-tratados-e-convencoes,aula-03.html,unused,"O capítulo “Problemas e soluções em matéria de reconhecimento e execução de sentenças e laudos arbitrais estrangeiros” trata do tema indicado no título, sem desenvolver a identificação das partes ou os eixos de classificação do litisconsórcio."
barbosa-moreira-temas-serie4-1989,18-problemas-e-solucoes-em-materia-de-reconhecimento-e-execucao-vi-conclusoes-gerais,aula-03.html,unused,"O capítulo “Problemas e soluções em matéria de reconhecimento e execução de sentenças e laudos arbitrais estrangeiros” trata do tema indicado no título, sem desenvolver a identificação das partes ou os eixos de classificação do litisconsórcio."
barbosa-moreira-temas-serie4-1989,19-medida-cautelar-liminarmente-concedida-e-omissao-do-requerente,aula-03.html,unused,"Examina omissão na propositura de ação principal após cautelar, sem tratar de pluralidade de partes."
barbosa-moreira-temas-serie4-1989,20-le-juge-bresilien-et-le-droit-etranger,aula-03.html,unused,"Discute a atuação do juiz brasileiro diante do direito estrangeiro, fora do recorte da aula."
barbosa-moreira-temas-serie4-1989,21-apendice-presenca-de-couture,aula-03.html,unused,"Apêndice sobre Couture, sem conteúdo diretamente útil para identificar partes ou classificar litisconsórcio."
barbosa-moreira-temas-serie4-1989,22-indice-onomastico,aula-03.html,unused,"Índice de nomes, material de consulta sem conteúdo para a aula."
barbosa-moreira-temas-serie4-1989,23-indice-alfabetico-remissivo,aula-03.html,unused,"Índice remissivo, material de consulta sem conteúdo para a aula."
didier-curso-vol1-2017,00-front-matter,aula-03.html,unused,"Front matter e sumário são elementos editoriais, sem conteúdo doutrinário para a identificação das partes ou o litisconsórcio."
didier-curso-vol1-2017,ch01-s01,aula-03.html,unused,"O capítulo “Introdução ao Direito Processual Civil” trata do tema indicado no título, sem desenvolver a identificação das partes ou os eixos de classificação do litisconsórcio."
didier-curso-vol1-2017,ch01-s02,aula-03.html,unused,"O capítulo “Introdução ao Direito Processual Civil” trata do tema indicado no título, sem desenvolver a identificação das partes ou os eixos de classificação do litisconsórcio."
didier-curso-vol1-2017,ch02-s01,aula-03.html,unused,"O capítulo “Normas fundamentais do Processo Civil” trata do tema indicado no título, sem desenvolver a identificação das partes ou os eixos de classificação do litisconsórcio."
didier-curso-vol1-2017,ch02-s02,aula-03.html,unused,"O capítulo “Normas fundamentais do Processo Civil” trata do tema indicado no título, sem desenvolver a identificação das partes ou os eixos de classificação do litisconsórcio."
didier-curso-vol1-2017,ch02-s03,aula-03.html,unused,"O capítulo “Normas fundamentais do Processo Civil” trata do tema indicado no título, sem desenvolver a identificação das partes ou os eixos de classificação do litisconsórcio."
didier-curso-vol1-2017,ch03-s01,aula-03.html,unused,"O capítulo “Jurisdição” trata do tema indicado no título, sem desenvolver a identificação das partes ou os eixos de classificação do litisconsórcio."
didier-curso-vol1-2017,ch03-s02,aula-03.html,unused,"O capítulo “Jurisdição” trata do tema indicado no título, sem desenvolver a identificação das partes ou os eixos de classificação do litisconsórcio."
didier-curso-vol1-2017,ch04-s01,aula-03.html,unused,"O capítulo “Competência” trata do tema indicado no título, sem desenvolver a identificação das partes ou os eixos de classificação do litisconsórcio."
didier-curso-vol1-2017,ch04-s02,aula-03.html,unused,"O capítulo “Competência” trata do tema indicado no título, sem desenvolver a identificação das partes ou os eixos de classificação do litisconsórcio."
didier-curso-vol1-2017,ch04-s03,aula-03.html,unused,"O capítulo “Competência” trata do tema indicado no título, sem desenvolver a identificação das partes ou os eixos de classificação do litisconsórcio."
didier-curso-vol1-2017,ch05,aula-03.html,unused,"Mediação e conciliação pertencem ao tema da audiência inicial, não à classificação da pluralidade de partes."
didier-curso-vol1-2017,ch06,aula-03.html,unused,"O capítulo “Teoria da ação: da ação e do direito de ação” trata do tema indicado no título, sem desenvolver a identificação das partes ou os eixos de classificação do litisconsórcio."
didier-curso-vol1-2017,ch07-s01,aula-03.html,unused,"O capítulo “Pressupostos processuais” trata do tema indicado no título, sem desenvolver a identificação das partes ou os eixos de classificação do litisconsórcio."
didier-curso-vol1-2017,ch07-s02,aula-03.html,unused,"O capítulo “Pressupostos processuais” trata do tema indicado no título, sem desenvolver a identificação das partes ou os eixos de classificação do litisconsórcio."
didier-curso-vol1-2017,ch08,aula-03.html,unused,"O capítulo “Teoria dos fatos jurídicos processuais” trata do tema indicado no título, sem desenvolver a identificação das partes ou os eixos de classificação do litisconsórcio."
didier-curso-vol1-2017,ch09,aula-03.html,unused,"O capítulo “Invalidades processuais” trata do tema indicado no título, sem desenvolver a identificação das partes ou os eixos de classificação do litisconsórcio."
didier-curso-vol1-2017,ch10,aula-03.html,unused,"O capítulo “Preclusão” trata do tema indicado no título, sem desenvolver a identificação das partes ou os eixos de classificação do litisconsórcio."
didier-curso-vol1-2017,ch11,aula-03.html,unused,"O capítulo “Teoria da cognição judicial” trata do tema indicado no título, sem desenvolver a identificação das partes ou os eixos de classificação do litisconsórcio."
didier-curso-vol1-2017,ch12,aula-03.html,primary,"Capítulo dedicado ao litisconsórcio, diretamente pertinente à classificação da pluralidade de sujeitos pelos dois eixos da aula."
didier-curso-vol1-2017,ch13-s01,aula-03.html,unused,Intervenção de terceiros é o recorte das aulas seguintes; esta unidade trata de partes e litisconsórcio geral.
didier-curso-vol1-2017,ch13-s02,aula-03.html,unused,Intervenção de terceiros é o recorte das aulas seguintes; esta unidade trata de partes e litisconsórcio geral.
didier-curso-vol1-2017,ch13-s03,aula-03.html,unused,Intervenção de terceiros é o recorte das aulas seguintes; esta unidade trata de partes e litisconsórcio geral.
didier-curso-vol1-2017,ch14,aula-03.html,unused,"Alienação da coisa ou do direito litigioso é tema próprio, distinto da classificação geral do litisconsórcio."
didier-curso-vol1-2017,ch15-s01,aula-03.html,unused,Formação do processo e petição inicial são etapa própria; este recorte não trata da qualificação processual das partes nem dos eixos do litisconsórcio.
didier-curso-vol1-2017,ch15-s02,aula-03.html,unused,Formação do processo e petição inicial são etapa própria; este recorte não trata da qualificação processual das partes nem dos eixos do litisconsórcio.
didier-curso-vol1-2017,ch16,aula-03.html,unused,"Improcedência liminar é tema da aula anterior, não da identificação das partes ou classificação do litisconsórcio."
didier-curso-vol1-2017,ch17,aula-03.html,unused,"Citação e audiência preliminar pertencem à aula anterior, não à classificação da pluralidade de partes."
didier-curso-vol1-2017,ch18,aula-03.html,unused,"Citação e audiência preliminar pertencem à aula anterior, não à classificação da pluralidade de partes."
didier-curso-vol1-2017,ch19-s01,aula-03.html,unused,"O capítulo “Teoria da exceção, resposta do réu e revelia” trata do tema indicado no título, sem desenvolver a identificação das partes ou os eixos de classificação do litisconsórcio."
didier-curso-vol1-2017,ch19-s02,aula-03.html,unused,"O capítulo “Teoria da exceção, resposta do réu e revelia” trata do tema indicado no título, sem desenvolver a identificação das partes ou os eixos de classificação do litisconsórcio."
didier-curso-vol1-2017,ch20,aula-03.html,unused,"O capítulo “Arguição de impedimento ou suspeição” trata do tema indicado no título, sem desenvolver a identificação das partes ou os eixos de classificação do litisconsórcio."
didier-curso-vol1-2017,ch21,aula-03.html,unused,"O capítulo “Providências preliminares e julgamento conforme o estado do processo” trata do tema indicado no título, sem desenvolver a identificação das partes ou os eixos de classificação do litisconsórcio."
didier-curso-vol1-2017,ch22,aula-03.html,unused,"O capítulo “Extinção do processo” trata do tema indicado no título, sem desenvolver a identificação das partes ou os eixos de classificação do litisconsórcio."
didier-curso-vol1-2017,ch23,aula-03.html,unused,"O capítulo “Suspensão do processo” trata do tema indicado no título, sem desenvolver a identificação das partes ou os eixos de classificação do litisconsórcio."
didier-curso-vol1-2017,24-bibliography-01,aula-03.html,unused,"O capítulo “Bibliografia, parte 1” trata do tema indicado no título, sem desenvolver a identificação das partes ou os eixos de classificação do litisconsórcio."
didier-curso-vol1-2017,24-bibliography-02,aula-03.html,unused,"O capítulo “Bibliografia, parte 2” trata do tema indicado no título, sem desenvolver a identificação das partes ou os eixos de classificação do litisconsórcio."
eid-litisconsorcio-unitario,assigned-reading,aula-03.html,primary,"Leitura atribuída, pp. 25–69, sobre litisconsórcio; fornece a base da classificação da pluralidade nos dois eixos da aula."
marinoni-novo-curso-vol1-2017,front-matter,aula-03.html,unused,"O capítulo “Front matter (title page, authors and presentation)” trata do tema indicado no título, sem desenvolver a identificação das partes ou os eixos de classificação do litisconsórcio."
marinoni-novo-curso-vol1-2017,introducao,aula-03.html,unused,"O capítulo “Introdução” trata do tema indicado no título, sem desenvolver a identificação das partes ou os eixos de classificação do litisconsórcio."
marinoni-novo-curso-vol1-2017,parte-i-cap-01,aula-03.html,unused,"O capítulo “Parte I, capítulo 1” trata do tema indicado no título, sem desenvolver a identificação das partes ou os eixos de classificação do litisconsórcio."
marinoni-novo-curso-vol1-2017,parte-i-cap-02,aula-03.html,unused,"O capítulo “Parte I, capítulo 2” trata do tema indicado no título, sem desenvolver a identificação das partes ou os eixos de classificação do litisconsórcio."
marinoni-novo-curso-vol1-2017,parte-i-cap-03,aula-03.html,unused,"O capítulo “Parte I, capítulo 3” trata do tema indicado no título, sem desenvolver a identificação das partes ou os eixos de classificação do litisconsórcio."
marinoni-novo-curso-vol1-2017,parte-i-cap-04,aula-03.html,unused,"O capítulo “Parte I, capítulo 4” trata do tema indicado no título, sem desenvolver a identificação das partes ou os eixos de classificação do litisconsórcio."
marinoni-novo-curso-vol1-2017,parte-i-cap-05,aula-03.html,unused,"O capítulo “Parte I, capítulo 5” trata do tema indicado no título, sem desenvolver a identificação das partes ou os eixos de classificação do litisconsórcio."
marinoni-novo-curso-vol1-2017,parte-i-cap-06,aula-03.html,unused,"O capítulo “Parte I, capítulo 6” trata do tema indicado no título, sem desenvolver a identificação das partes ou os eixos de classificação do litisconsórcio."
marinoni-novo-curso-vol1-2017,parte-i-cap-07,aula-03.html,unused,"O capítulo “Parte I, capítulo 7” trata do tema indicado no título, sem desenvolver a identificação das partes ou os eixos de classificação do litisconsórcio."
marinoni-novo-curso-vol1-2017,parte-i-cap-08,aula-03.html,unused,"O capítulo “Parte I, capítulo 8” trata do tema indicado no título, sem desenvolver a identificação das partes ou os eixos de classificação do litisconsórcio."
marinoni-novo-curso-vol1-2017,parte-i-cap-09,aula-03.html,unused,"O capítulo “Parte I, capítulo 9” trata do tema indicado no título, sem desenvolver a identificação das partes ou os eixos de classificação do litisconsórcio."
marinoni-novo-curso-vol1-2017,parte-ii-cap-01,aula-03.html,unused,"O capítulo “Parte II, capítulo 1” trata do tema indicado no título, sem desenvolver a identificação das partes ou os eixos de classificação do litisconsórcio."
marinoni-novo-curso-vol1-2017,parte-ii-cap-02,aula-03.html,unused,"O capítulo “Parte II, capítulo 2” trata do tema indicado no título, sem desenvolver a identificação das partes ou os eixos de classificação do litisconsórcio."
marinoni-novo-curso-vol1-2017,parte-ii-cap-03,aula-03.html,unused,"O capítulo “Parte II, capítulo 3” trata do tema indicado no título, sem desenvolver a identificação das partes ou os eixos de classificação do litisconsórcio."
marinoni-novo-curso-vol1-2017,parte-ii-cap-04,aula-03.html,unused,"O capítulo “Parte II, capítulo 4” trata do tema indicado no título, sem desenvolver a identificação das partes ou os eixos de classificação do litisconsórcio."
marinoni-novo-curso-vol1-2017,parte-ii-cap-05,aula-03.html,unused,"O capítulo “Parte II, capítulo 5” trata do tema indicado no título, sem desenvolver a identificação das partes ou os eixos de classificação do litisconsórcio."
marinoni-novo-curso-vol1-2017,parte-iii-cap-01,aula-03.html,unused,"O capítulo “Parte II, capítulo 1” trata do tema indicado no título, sem desenvolver a identificação das partes ou os eixos de classificação do litisconsórcio."
marinoni-novo-curso-vol1-2017,parte-iii-cap-02,aula-03.html,unused,"O capítulo “Parte II, capítulo 2” trata do tema indicado no título, sem desenvolver a identificação das partes ou os eixos de classificação do litisconsórcio."
marinoni-novo-curso-vol1-2017,parte-iii-cap-03,aula-03.html,unused,"O capítulo “Parte II, capítulo 3” trata do tema indicado no título, sem desenvolver a identificação das partes ou os eixos de classificação do litisconsórcio."
marinoni-novo-curso-vol1-2017,parte-iii-cap-04,aula-03.html,unused,"O capítulo “Parte II, capítulo 4” trata do tema indicado no título, sem desenvolver a identificação das partes ou os eixos de classificação do litisconsórcio."
marinoni-novo-curso-vol1-2017,parte-iii-cap-05,aula-03.html,unused,"O capítulo “Parte II, capítulo 5” trata do tema indicado no título, sem desenvolver a identificação das partes ou os eixos de classificação do litisconsórcio."
marinoni-novo-curso-vol1-2017,parte-iii-cap-06,aula-03.html,unused,"O capítulo “Parte II, capítulo 6” trata do tema indicado no título, sem desenvolver a identificação das partes ou os eixos de classificação do litisconsórcio."
marinoni-novo-curso-vol1-2017,parte-iv-cap-01,aula-03.html,unused,"O capítulo “Parte IV, capítulo 1” trata do tema indicado no título, sem desenvolver a identificação das partes ou os eixos de classificação do litisconsórcio."
marinoni-novo-curso-vol1-2017,parte-iv-cap-02,aula-03.html,unused,"O capítulo “Parte IV, capítulo 2” trata do tema indicado no título, sem desenvolver a identificação das partes ou os eixos de classificação do litisconsórcio."
marinoni-novo-curso-vol1-2017,parte-iv-cap-03,aula-03.html,unused,"O capítulo “Parte IV, capítulo 3” trata do tema indicado no título, sem desenvolver a identificação das partes ou os eixos de classificação do litisconsórcio."
marinoni-novo-curso-vol1-2017,parte-iv-cap-04,aula-03.html,unused,"O capítulo “Parte IV, capítulo 4” trata do tema indicado no título, sem desenvolver a identificação das partes ou os eixos de classificação do litisconsórcio."
marinoni-novo-curso-vol1-2017,parte-iv-cap-05,aula-03.html,unused,"O capítulo “Parte IV, capítulo 5” trata do tema indicado no título, sem desenvolver a identificação das partes ou os eixos de classificação do litisconsórcio."
marinoni-novo-curso-vol1-2017,referencias-bibliograficas,aula-03.html,unused,"O capítulo “Referências bibliográficas” trata do tema indicado no título, sem desenvolver a identificação das partes ou os eixos de classificação do litisconsórcio."
marinoni-novo-curso-vol2,01,aula-03.html,unused,"O capítulo “Técnica processual e tutela dos direitos” trata do tema indicado no título, sem desenvolver a identificação das partes ou os eixos de classificação do litisconsórcio."
marinoni-novo-curso-vol2,02,aula-03.html,unused,"O capítulo “Jurisdição e competência” trata do tema indicado no título, sem desenvolver a identificação das partes ou os eixos de classificação do litisconsórcio."
marinoni-novo-curso-vol2,03a,aula-03.html,unused,"A seção cobre participação e partes, inclusive litisconsórcio, mas tem 10.108 palavras; o núcleo já está nas primárias Eid e Didier e excede o teto de apoio."
marinoni-novo-curso-vol2,03b,aula-03.html,unused,"A seção trata de terceiros e intervenções, recorte da aula seguinte, sem desenvolver os eixos de classificação do litisconsórcio."
marinoni-novo-curso-vol2,04,aula-03.html,unused,"O capítulo “Atos processuais” trata do tema indicado no título, sem desenvolver a identificação das partes ou os eixos de classificação do litisconsórcio."
marinoni-novo-curso-vol2,05,aula-03.html,unused,"O capítulo “Formação, suspensão e extinção do processo” trata do tema indicado no título, sem desenvolver a identificação das partes ou os eixos de classificação do litisconsórcio."
marinoni-novo-curso-vol2,06,aula-03.html,unused,"O capítulo “Procedimento comum” trata do tema indicado no título, sem desenvolver a identificação das partes ou os eixos de classificação do litisconsórcio."
marinoni-novo-curso-vol2,07,aula-03.html,unused,"O capítulo “Petição inicial” trata do tema indicado no título, sem desenvolver a identificação das partes ou os eixos de classificação do litisconsórcio."
marinoni-novo-curso-vol2,08,aula-03.html,unused,"O capítulo “Audiência de conciliação ou de mediação” trata do tema indicado no título, sem desenvolver a identificação das partes ou os eixos de classificação do litisconsórcio."
marinoni-novo-curso-vol2,09,aula-03.html,unused,"O capítulo “Atitudes do réu” trata do tema indicado no título, sem desenvolver a identificação das partes ou os eixos de classificação do litisconsórcio."
marinoni-novo-curso-vol2,10,aula-03.html,unused,"O capítulo “Antecipação da tutela” trata do tema indicado no título, sem desenvolver a identificação das partes ou os eixos de classificação do litisconsórcio."
marinoni-novo-curso-vol2,11,aula-03.html,unused,"O capítulo “Julgamento conforme o estado do processo” trata do tema indicado no título, sem desenvolver a identificação das partes ou os eixos de classificação do litisconsórcio."
marinoni-novo-curso-vol2,12,aula-03.html,unused,"O capítulo “Organização do processo” trata do tema indicado no título, sem desenvolver a identificação das partes ou os eixos de classificação do litisconsórcio."
marinoni-novo-curso-vol2,13,aula-03.html,unused,"O capítulo “Audiência de instrução e julgamento” trata do tema indicado no título, sem desenvolver a identificação das partes ou os eixos de classificação do litisconsórcio."
marinoni-novo-curso-vol2,14.01,aula-03.html,unused,"O capítulo “Prova” trata do tema indicado no título, sem desenvolver a identificação das partes ou os eixos de classificação do litisconsórcio."
marinoni-novo-curso-vol2,14.02,aula-03.html,unused,"O capítulo “Prova” trata do tema indicado no título, sem desenvolver a identificação das partes ou os eixos de classificação do litisconsórcio."
marinoni-novo-curso-vol2,14.03,aula-03.html,unused,"O capítulo “Prova” trata do tema indicado no título, sem desenvolver a identificação das partes ou os eixos de classificação do litisconsórcio."
marinoni-novo-curso-vol2,14.04,aula-03.html,unused,"O capítulo “Prova” trata do tema indicado no título, sem desenvolver a identificação das partes ou os eixos de classificação do litisconsórcio."
marinoni-novo-curso-vol2,14.05,aula-03.html,unused,"O capítulo “Prova” trata do tema indicado no título, sem desenvolver a identificação das partes ou os eixos de classificação do litisconsórcio."
marinoni-novo-curso-vol2,14.06,aula-03.html,unused,"O capítulo “Prova” trata do tema indicado no título, sem desenvolver a identificação das partes ou os eixos de classificação do litisconsórcio."
marinoni-novo-curso-vol2,14.07,aula-03.html,unused,"O capítulo “Prova” trata do tema indicado no título, sem desenvolver a identificação das partes ou os eixos de classificação do litisconsórcio."
marinoni-novo-curso-vol2,15.01,aula-03.html,unused,"O capítulo “Sentença” trata do tema indicado no título, sem desenvolver a identificação das partes ou os eixos de classificação do litisconsórcio."
marinoni-novo-curso-vol2,15.02,aula-03.html,unused,"O capítulo “Sentença” trata do tema indicado no título, sem desenvolver a identificação das partes ou os eixos de classificação do litisconsórcio."
marinoni-novo-curso-vol2,15.03,aula-03.html,unused,"O capítulo “Sentença” trata do tema indicado no título, sem desenvolver a identificação das partes ou os eixos de classificação do litisconsórcio."
marinoni-novo-curso-vol2,15.04,aula-03.html,unused,"O capítulo “Sentença” trata do tema indicado no título, sem desenvolver a identificação das partes ou os eixos de classificação do litisconsórcio."
marinoni-novo-curso-vol2,16.01,aula-03.html,unused,"O capítulo “Recursos” trata do tema indicado no título, sem desenvolver a identificação das partes ou os eixos de classificação do litisconsórcio."
marinoni-novo-curso-vol2,16.02,aula-03.html,unused,"O capítulo “Recursos” trata do tema indicado no título, sem desenvolver a identificação das partes ou os eixos de classificação do litisconsórcio."
marinoni-novo-curso-vol2,16.03,aula-03.html,unused,"O capítulo “Recursos” trata do tema indicado no título, sem desenvolver a identificação das partes ou os eixos de classificação do litisconsórcio."
marinoni-novo-curso-vol2,17.01,aula-03.html,unused,"O capítulo “Processo nos tribunais” trata do tema indicado no título, sem desenvolver a identificação das partes ou os eixos de classificação do litisconsórcio."
marinoni-novo-curso-vol2,17.02,aula-03.html,unused,"O capítulo “Processo nos tribunais” trata do tema indicado no título, sem desenvolver a identificação das partes ou os eixos de classificação do litisconsórcio."
marinoni-novo-curso-vol2,18,aula-03.html,unused,"O capítulo “Precedentes” trata do tema indicado no título, sem desenvolver a identificação das partes ou os eixos de classificação do litisconsórcio."
marinoni-novo-curso-vol2,19.01,aula-03.html,unused,"O capítulo “Coisa julgada” trata do tema indicado no título, sem desenvolver a identificação das partes ou os eixos de classificação do litisconsórcio."
marinoni-novo-curso-vol2,19.02,aula-03.html,unused,"O capítulo “Coisa julgada” trata do tema indicado no título, sem desenvolver a identificação das partes ou os eixos de classificação do litisconsórcio."
marinoni-novo-curso-vol2,21,aula-03.html,unused,"O capítulo “Teoria da efetivação das decisões judiciais mediante cumprimento de sentença (abertura e item 1.1)” trata do tema indicado no título, sem desenvolver a identificação das partes ou os eixos de classificação do litisconsórcio."
marinoni-novo-curso-vol2,23,aula-03.html,unused,"O capítulo “1.2 Panorama histórico da efetivação de sentenças” trata do tema indicado no título, sem desenvolver a identificação das partes ou os eixos de classificação do litisconsórcio."
marinoni-novo-curso-vol2,24,aula-03.html,unused,"O capítulo “1.3 Técnica executiva e tutela dos direitos” trata do tema indicado no título, sem desenvolver a identificação das partes ou os eixos de classificação do litisconsórcio."
marinoni-novo-curso-vol2,25,aula-03.html,unused,"O capítulo “1.4 Princípios fundamentais da execução” trata do tema indicado no título, sem desenvolver a identificação das partes ou os eixos de classificação do litisconsórcio."
marinoni-novo-curso-vol2,26,aula-03.html,unused,"O capítulo “1.5 As formas de execução” trata do tema indicado no título, sem desenvolver a identificação das partes ou os eixos de classificação do litisconsórcio."
marinoni-novo-curso-vol2,27,aula-03.html,unused,"O capítulo “1.6 O art. 515, I, do CPC e as sentenças que dependem de execução” trata do tema indicado no título, sem desenvolver a identificação das partes ou os eixos de classificação do litisconsórcio."
marinoni-novo-curso-vol2,28,aula-03.html,unused,"O capítulo “1.7 Os títulos executivos judiciais” trata do tema indicado no título, sem desenvolver a identificação das partes ou os eixos de classificação do litisconsórcio."
marinoni-novo-curso-vol2,29,aula-03.html,unused,"O capítulo “1.8 Liquidação da obrigação” trata do tema indicado no título, sem desenvolver a identificação das partes ou os eixos de classificação do litisconsórcio."
marinoni-novo-curso-vol2,30,aula-03.html,unused,"O capítulo “1.9 Questões gerais do procedimento de cumprimento de sentença” trata do tema indicado no título, sem desenvolver a identificação das partes ou os eixos de classificação do litisconsórcio."
marinoni-novo-curso-vol2,38,aula-03.html,unused,"O capítulo “2.1 Imposição de fazer e de não fazer, prestação da tutela do direito e meios de execução adequados” trata do tema indicado no título, sem desenvolver a identificação das partes ou os eixos de classificação do litisconsórcio."
marinoni-novo-curso-vol2,39,aula-03.html,unused,"O capítulo “2.2 Técnicas de execução e controle do poder executivo do juiz” trata do tema indicado no título, sem desenvolver a identificação das partes ou os eixos de classificação do litisconsórcio."
marinoni-novo-curso-vol2,40,aula-03.html,unused,"O capítulo “2.3 Defesa do executado” trata do tema indicado no título, sem desenvolver a identificação das partes ou os eixos de classificação do litisconsórcio."
marinoni-novo-curso-vol2,41,aula-03.html,unused,"O capítulo “2.4 A sentença que reconhece obrigação de prestar declaração de vontade” trata do tema indicado no título, sem desenvolver a identificação das partes ou os eixos de classificação do litisconsórcio."
marinoni-novo-curso-vol2,32,aula-03.html,unused,"O capítulo “A sentença que reconhece a obrigação de entregar coisa” trata do tema indicado no título, sem desenvolver a identificação das partes ou os eixos de classificação do litisconsórcio."
marinoni-novo-curso-vol2,42,aula-03.html,unused,"O capítulo “4.1 Tutela pecuniária e técnicas de execução” trata do tema indicado no título, sem desenvolver a identificação das partes ou os eixos de classificação do litisconsórcio."
marinoni-novo-curso-vol2,43,aula-03.html,unused,"O capítulo “4.2 Fase inicial da execução” trata do tema indicado no título, sem desenvolver a identificação das partes ou os eixos de classificação do litisconsórcio."
marinoni-novo-curso-vol2,51,aula-03.html,unused,"O capítulo “4.3.1–4.3.2 Penhora e responsabilidade patrimonial” trata do tema indicado no título, sem desenvolver a identificação das partes ou os eixos de classificação do litisconsórcio."
marinoni-novo-curso-vol2,52,aula-03.html,unused,"O capítulo “4.3.3–4.3.4 Bens de terceiros e fraude” trata do tema indicado no título, sem desenvolver a identificação das partes ou os eixos de classificação do litisconsórcio."
marinoni-novo-curso-vol2,53,aula-03.html,unused,"O capítulo “4.3.5 Procedimento da penhora” trata do tema indicado no título, sem desenvolver a identificação das partes ou os eixos de classificação do litisconsórcio."
marinoni-novo-curso-vol2,45,aula-03.html,unused,"O capítulo “4.4 Providências preliminares à satisfação do credor” trata do tema indicado no título, sem desenvolver a identificação das partes ou os eixos de classificação do litisconsórcio."
marinoni-novo-curso-vol2,46,aula-03.html,unused,"O capítulo “4.5 A defesa do executado” trata do tema indicado no título, sem desenvolver a identificação das partes ou os eixos de classificação do litisconsórcio."
marinoni-novo-curso-vol2,47,aula-03.html,unused,"O capítulo “4.6 Satisfação do credor” trata do tema indicado no título, sem desenvolver a identificação das partes ou os eixos de classificação do litisconsórcio."
marinoni-novo-curso-vol2,48,aula-03.html,unused,"O capítulo “4.7 Entrega do dinheiro ao credor e caso” trata do tema indicado no título, sem desenvolver a identificação das partes ou os eixos de classificação do litisconsórcio."
marinoni-novo-curso-vol2,34,aula-03.html,unused,"O capítulo “Suspensão e conclusão do cumprimento de sentença” trata do tema indicado no título, sem desenvolver a identificação das partes ou os eixos de classificação do litisconsórcio."
marinoni-novo-curso-vol2,35,aula-03.html,unused,"O capítulo “A execução da decisão provisória” trata do tema indicado no título, sem desenvolver a identificação das partes ou os eixos de classificação do litisconsórcio."
marinoni-novo-curso-vol2,49,aula-03.html,unused,"O capítulo “7.1 Cumprimento de decisão de prestação alimentícia” trata do tema indicado no título, sem desenvolver a identificação das partes ou os eixos de classificação do litisconsórcio."
marinoni-novo-curso-vol2,50,aula-03.html,unused,"O capítulo “7.2 Cumprimento contra a Fazenda Pública e caso” trata do tema indicado no título, sem desenvolver a identificação das partes ou os eixos de classificação do litisconsórcio."
marinoni-novo-curso-vol2,37,aula-03.html,unused,"O capítulo “Particularidades da execução dos demais títulos judiciais” trata do tema indicado no título, sem desenvolver a identificação das partes ou os eixos de classificação do litisconsórcio."
mitidiero-processo-civil-2022,capitulo-i,aula-03.html,unused,"O capítulo “Capítulo I: O Mapa” trata do tema indicado no título, sem desenvolver a identificação das partes ou os eixos de classificação do litisconsórcio."
mitidiero-processo-civil-2022,capitulo-ii,aula-03.html,unused,"O capítulo “Capítulo II: O Ouriço e a Raposa” trata do tema indicado no título, sem desenvolver a identificação das partes ou os eixos de classificação do litisconsórcio."
mitidiero-processo-civil-2022,capitulo-iii-1,aula-03.html,unused,"O capítulo “Capítulo III, § 3.1: Ação e defesa” trata do tema indicado no título, sem desenvolver a identificação das partes ou os eixos de classificação do litisconsórcio."
mitidiero-processo-civil-2022,capitulo-iii-2,aula-03.html,unused,"O capítulo “Capítulo III, § 3.2: Jurisdição” trata do tema indicado no título, sem desenvolver a identificação das partes ou os eixos de classificação do litisconsórcio."
mitidiero-processo-civil-2022,capitulo-iii-3,aula-03.html,unused,"O capítulo “Capítulo III, § 3.3: Processo” trata do tema indicado no título, sem desenvolver a identificação das partes ou os eixos de classificação do litisconsórcio."
mitidiero-processo-civil-2022,capitulo-iii-4,aula-03.html,unused,"O capítulo “Capítulo III, § 3.4: Princípios formativos, devido processo e normas fundamentais” trata do tema indicado no título, sem desenvolver a identificação das partes ou os eixos de classificação do litisconsórcio."
mitidiero-processo-civil-2022,capitulo-iv-1,aula-03.html,unused,"O capítulo “Capítulo IV, § 4.1: Procedimento” trata do tema indicado no título, sem desenvolver a identificação das partes ou os eixos de classificação do litisconsórcio."
mitidiero-processo-civil-2022,capitulo-iv-2,aula-03.html,supporting,A seção sobre participantes ajuda a distinguir quem ocupa a posição de parte antes de classificar a pluralidade no processo.
mitidiero-processo-civil-2022,capitulo-iv-3,aula-03.html,unused,"O capítulo “Capítulo IV, § 4.3: Atos processuais” trata do tema indicado no título, sem desenvolver a identificação das partes ou os eixos de classificação do litisconsórcio."
mitidiero-processo-civil-2022,capitulo-iv-4,aula-03.html,unused,"O capítulo “Capítulo IV, § 4.4: Formação, suspensão e extinção do processo” trata do tema indicado no título, sem desenvolver a identificação das partes ou os eixos de classificação do litisconsórcio."
mitidiero-processo-civil-2022,capitulo-v-1,aula-03.html,unused,"O capítulo “Capítulo V, § 5.1: Procedimento comum” trata do tema indicado no título, sem desenvolver a identificação das partes ou os eixos de classificação do litisconsórcio."
mitidiero-processo-civil-2022,capitulo-v-2,aula-03.html,unused,"O capítulo “Capítulo V, § 5.2: Fase de conhecimento” trata do tema indicado no título, sem desenvolver a identificação das partes ou os eixos de classificação do litisconsórcio."
mitidiero-processo-civil-2022,capitulo-v-3,aula-03.html,unused,"O capítulo “Capítulo V, § 5.3: Fase de cumprimento” trata do tema indicado no título, sem desenvolver a identificação das partes ou os eixos de classificação do litisconsórcio."
mitidiero-processo-civil-2022,capitulo-vi-1,aula-03.html,unused,"O capítulo “Capítulo VI, § 6.1: Cortes de Justiça e Cortes Supremas” trata do tema indicado no título, sem desenvolver a identificação das partes ou os eixos de classificação do litisconsórcio."
mitidiero-processo-civil-2022,capitulo-vi-2,aula-03.html,unused,"O capítulo “Capítulo VI, § 6.2: Recursos” trata do tema indicado no título, sem desenvolver a identificação das partes ou os eixos de classificação do litisconsórcio."
mitidiero-processo-civil-2022,capitulo-vi-3,aula-03.html,unused,"O capítulo “Capítulo VI, § 6.3: Incidentes” trata do tema indicado no título, sem desenvolver a identificação das partes ou os eixos de classificação do litisconsórcio."
mitidiero-processo-civil-2022,capitulo-vi-4,aula-03.html,unused,"O capítulo “Capítulo VI, § 6.4: Ações” trata do tema indicado no título, sem desenvolver a identificação das partes ou os eixos de classificação do litisconsórcio."
mitidiero-processo-civil-2022,capitulo-vii,aula-03.html,unused,"O capítulo “Capítulo VII: Os Moinhos de Vento” trata do tema indicado no título, sem desenvolver a identificação das partes ou os eixos de classificação do litisconsórcio."
mitidiero-processo-civil-2022,capitulo-viii,aula-03.html,unused,"O capítulo “Capítulo VIII: Uma História sem Fim” trata do tema indicado no título, sem desenvolver a identificação das partes ou os eixos de classificação do litisconsórcio."
carpes-onus-da-prova,assigned-reading,aula-03.html,unused,"Trecho sobre ônus dinâmico da prova, tema de prova fora do recorte de partes e litisconsórcio."
costa-atos-processuais,capitulo-atos-processuais,aula-03.html,unused,"Texto sobre atos processuais e art. 188, sem conteúdo sobre partes ou critérios de litisconsórcio."
cronograma-processo-civil-2026-2,cronograma-completo,aula-03.html,unused,"Cronograma administrativo localiza semanas e leituras, mas não fornece conteúdo jurídico para o recorte."
didier-resposta-reu-revelia,assigned-reading,aula-03.html,unused,"Capítulo de resposta do réu e revelia, atribuído à Aula 08, sem foco em partes ou litisconsórcio."
exam-2015-1-avaliacao-1,exam-2015-1-avaliacao-1,aula-03.html,supporting,"Questões classificam litisconsórcio ativo/passivo, simples/unitário e facultativo; prática direta do recorte."
exam-2015-1-avaliacao-2,exam-2015-1-avaliacao-2,aula-03.html,supporting,Questões tratam da classificação do litisconsórcio formado na reconvenção; prática direta do recorte.
exam-2017-2-p1,exam-2017-2-p1,aula-03.html,supporting,Questões abordam conceito de parte e litisconsórcio simples/unitário e necessário/facultativo; prática direta do recorte.
exam-2018-1-p1,document,aula-03.html,supporting,Questão sobre litisconsórcio ativo necessário e pluralidade de partes; prática direta do recorte.
exam-2018-2-p1-v1,document,aula-03.html,supporting,Questões classificam litisconsórcio simples/unitário e facultativo/necessário; prática direta do recorte.
exam-2018-2-p1-v2,document,aula-03.html,supporting,Questões classificam litisconsórcio simples/unitário e facultativo/necessário; prática direta do recorte.
exam-2019-2-p1,document,aula-03.html,supporting,Questões exploram a independência dos eixos simples/unitário e facultativo/necessário; prática direta do recorte.
exam-2025-2-p1-candidate,document,aula-03.html,supporting,Questão aborda litisconsórcio necessário em ação de anulação; prova candidata e OCR parcial limitam seu uso a exercício.
exam-questions-extract-2026-09-28,exam-questions-extract-2026-09-28,aula-03.html,unused,Extração derivada para localizar questões; os enunciados pertinentes estão nos exames originais indexados.
knijnik-prova-caps1-2,assigned-reading,aula-03.html,unused,"Leitura de teoria da prova, matéria posterior e fora do recorte de sujeitos e litisconsórcio."
koplin-audiencias,artigo-audiencias,aula-03.html,unused,Artigo sobre audiências; a audiência de conciliação da semana está fora do recorte desta aula.
lucon-cpc-355-357,assigned-reading,aula-03.html,unused,"Comentário sobre julgamento e saneamento, conteúdo de outra semana, sem foco em partes ou litisconsórcio."
moodle-export-ar,moodle-export-ar,aula-03.html,unused,"Exportação de exemplo de aviso de recebimento, ligada à citação e comunicação de atos."
moodle-export-certidao-ne,moodle-export-certidao-ne,aula-03.html,unused,"Exportação de certidão de nota de expediente, ligada à comunicação de atos."
moodle-export-edital,exemplo-de-edital,aula-03.html,unused,"Exportação de edital de citação, ligada à comunicação de atos e não à classificação das partes."
moodle-export-mandado-cumprido,moodle-export-mandado-cumprido,aula-03.html,unused,"Exemplo de cumprimento de mandado, conteúdo de comunicação de atos fora do recorte."
moodle-export-mandado-nao-cumprido,moodle-export-mandado-nao-cumprido,aula-03.html,unused,"Exemplo de mandado não cumprido, conteúdo de comunicação de atos fora do recorte."
moodle-model-ar,modelo-ar,aula-03.html,unused,"Modelo de aviso de recebimento, ligado à citação e comunicação de atos, não à pluralidade de partes."
moodle-model-certidao-ne,modelo-certidao-ne,aula-03.html,unused,"Modelo de certidão de nota de expediente, ligado à comunicação de atos, não ao litisconsórcio."
moodle-model-edital,moodle-model-edital-document,aula-03.html,unused,"Modelo de edital de citação, ligado à comunicação de atos, não ao recorte da aula."
moodle-model-julgamento-sinceridade,moodle-model-julgamento-sinceridade,aula-03.html,unused,"Material sobre julgamento conforme a sinceridade do processo, tema posterior ao recorte."
moodle-model-mandado-cumprido,moodle-model-mandado-cumprido,aula-03.html,unused,"Modelo de mandado cumprido, ligado à comunicação de atos, não à identificação das partes."
moodle-model-mandado-nao-cumprido,moodle-model-mandado-nao-cumprido,aula-03.html,unused,"Modelo de mandado não cumprido, ligado à comunicação de atos, não à classificação do litisconsórcio."
passos-teoria-nulidades,assigned-reading,aula-03.html,unused,"Leitura sobre nulidades processuais atribuída a aulas posteriores, sem conteúdo sobre os eixos do litisconsórcio."
peer-note-carolina-leite-p2,peer-note-carolina-leite-p2,aula-03.html,unused,"Notas tratam de dados das partes na petição inicial, não desenvolvem parte processual ou classificação do litisconsórcio."
peer-note-resuminho,document,aula-03.html,supporting,"Resumo de colega tem seção direta sobre os dois eixos do litisconsórcio; contexto de estudo apenas, nunca autoridade."
peer-note-whatsapp-00001291,peer-note-whatsapp-00001291,aula-03.html,unused,"Roteiro da petição inicial cita dados de autor e réu, tema de Aula 01, sem tratar do litisconsórcio."
peer-note-whatsapp-00003003,peer-note-whatsapp-00003003,aula-03.html,supporting,"Lista de estudo nomeia as partes e os dois eixos do litisconsórcio; roteiro de revisão apenas, nunca autoridade."
taruffo-la-prova-1992,00-front-matter,aula-03.html,unused,Front matter e índice-sumário identificam a obra; não tratam de partes ou litisconsórcio.
taruffo-la-prova-1992,01-prova-e-verita,aula-03.html,unused,"Obra sobre prova dos fatos jurídicos, sem relação direta com identificação das partes ou litisconsórcio."
taruffo-la-prova-1992,02-il-fatto,aula-03.html,unused,"Obra sobre prova dos fatos jurídicos, sem relação direta com identificação das partes ou litisconsórcio."
taruffo-la-prova-1992,03-verita-verosimiglianza-probabilita,aula-03.html,unused,"Obra sobre prova dos fatos jurídicos, sem relação direta com identificação das partes ou litisconsórcio."
taruffo-la-prova-1992,04-ipotesi-prove-scelte,aula-03.html,unused,"Obra sobre prova dos fatos jurídicos, sem relação direta com identificação das partes ou litisconsórcio."
taruffo-la-prova-1992,05-prova-giuridica,aula-03.html,unused,"Obra sobre prova dos fatos jurídicos, sem relação direta com identificação das partes ou litisconsórcio."
taruffo-la-prova-1992,06-lessico-delle-prove,aula-03.html,unused,"Obra sobre prova dos fatos jurídicos, sem relação direta com identificação das partes ou litisconsórcio."
taruffo-la-prova-1992,07-indici,aula-03.html,unused,"Índices analítico e de fontes são aparato de consulta sobre prova, não conteúdo do recorte."
marinoni-novo-curso-vol2,14.04b,aula-03.html,unused,"A continuação (§ 9.13 e seguintes) trata de depoimento pessoal, procedimento probatório e confissão; não atende ao recorte desta aula. O capítulo “Prova” trata do tema indicado no título, sem desenvolver a identificação das partes ou os eixos de classificação do litisconsórcio."
