source_id,chapter_id,lesson_id,role,why
barbosa-moreira-temas-serie4-1989,01-os-temas-fundamentais-do-direito-brasileiro-nos-anos-80,aula-01.html,unused,“Os temas fundamentais do direito brasileiro nos anos 80: Direito Processual Civil” é leitura atribuída a outra matéria do cronograma e não alimenta diretamente esta aula.
barbosa-moreira-temas-serie4-1989,02-sobre-a-multiplicidade-de-perspectivas-no-estudo-do-processo,aula-01.html,unused,“Sobre a multiplicidade de perspectivas no estudo do processo” é leitura atribuída a outra matéria do cronograma e não alimenta diretamente esta aula.
barbosa-moreira-temas-serie4-1989,03-dimensiones-sociales-del-proceso-civil,aula-01.html,unused,“Dimensiones sociales del proceso civil” é leitura atribuída a outra matéria do cronograma e não alimenta diretamente esta aula.
barbosa-moreira-temas-serie4-1989,04-o-problema-da-divisao-do-trabalho-entre-juiz-e-partes,aula-01.html,unused,“O problema da “divisão do trabalho” entre juiz e partes: aspectos terminológicos” é leitura atribuída a outra matéria do cronograma e não alimenta diretamente esta aula.
barbosa-moreira-temas-serie4-1989,05-os-poderes-do-juiz-na-direcao-e-na-instrucao-do-processo,aula-01.html,unused,“Os poderes do juiz na direção e na instrução do processo” é leitura atribuída a outra matéria do cronograma e não alimenta diretamente esta aula.
barbosa-moreira-temas-serie4-1989,06-sobre-a-participacao-do-juiz-no-processo-civil,aula-01.html,unused,“Sobre a “participação” do juiz no processo civil” é leitura atribuída a outra matéria do cronograma e não alimenta diretamente esta aula.
barbosa-moreira-temas-serie4-1989,07-la-igualdad-de-las-partes-en-el-proceso-civil,aula-01.html,unused,“La igualdad de las partes en el proceso civil” é leitura atribuída a outra matéria do cronograma e não alimenta diretamente esta aula.
barbosa-moreira-temas-serie4-1989,08-sobre-pressupostos-processuais,aula-01.html,unused,“Sobre pressupostos processuais” é leitura atribuída a outra matéria do cronograma e não alimenta diretamente esta aula.
barbosa-moreira-temas-serie4-1989,09-a-competencia-como-questao-preliminar-e-como-questao-de-merito,aula-01.html,unused,“A competência como questão preliminar e como questão de mérito” é leitura atribuída a outra matéria do cronograma e não alimenta diretamente esta aula.
barbosa-moreira-temas-serie4-1989,10-saneamento-do-processo-e-audiencia-preliminar-parte-i-apresentacao-do-problema,aula-01.html,unused,“Saneamento do processo e audiência preliminar — Parte I — Apresentação do problema” é leitura atribuída a outra matéria do cronograma e não alimenta diretamente esta aula.
barbosa-moreira-temas-serie4-1989,10-saneamento-do-processo-e-audiencia-preliminar-parte-ii-possibilidades-de-solucao,aula-01.html,unused,“Saneamento do processo e audiência preliminar — Parte II — Possibilidades de solução” é leitura atribuída a outra matéria do cronograma e não alimenta diretamente esta aula.
barbosa-moreira-temas-serie4-1989,10-saneamento-do-processo-e-audiencia-preliminar-parte-iii-modelos-concretos-tecnica-escrita,aula-01.html,unused,“Saneamento do processo e audiência preliminar — Parte III — Exame de alguns modelos concretos: técnica escrita” é leitura atribuída a outra matéria do cronograma e não alimenta diretamente esta aula.
barbosa-moreira-temas-serie4-1989,10-saneamento-do-processo-e-audiencia-preliminar-parte-iv-modelos-concretos-tecnica-oral,aula-01.html,unused,“Saneamento do processo e audiência preliminar — Parte IV — Exame de alguns modelos concretos: técnica oral” é leitura atribuída a outra matéria do cronograma e não alimenta diretamente esta aula.
barbosa-moreira-temas-serie4-1989,10-saneamento-do-processo-e-audiencia-preliminar-parte-v-apreciacao-critica,aula-01.html,unused,“Saneamento do processo e audiência preliminar — Parte V — Apreciação crítica” é leitura atribuída a outra matéria do cronograma e não alimenta diretamente esta aula.
barbosa-moreira-temas-serie4-1989,11-alguns-problemas-atuais-da-prova-civil,aula-01.html,unused,“Alguns problemas atuais da prova civil” é leitura atribuída a outra matéria do cronograma e não alimenta diretamente esta aula.
barbosa-moreira-temas-serie4-1989,12-la-collaboration-des-tiers-dans-lactivite-dinstruction,aula-01.html,unused,“La collaboration des tiers dans l’activité d’instruction” é leitura atribuída a outra matéria do cronograma e não alimenta diretamente esta aula.
barbosa-moreira-temas-serie4-1989,13-conteudo-e-efeitos-da-sentenca-variacoes-sobre-o-tema,aula-01.html,unused,“Conteúdo e efeitos da sentença: variações sobre o tema” é leitura atribuída a outra matéria do cronograma e não alimenta diretamente esta aula.
barbosa-moreira-temas-serie4-1989,14-eficacia-da-sentenca-de-interdicao-por-alienacao-mental,aula-01.html,unused,“Eficácia da sentença de interdição por alienação mental” é leitura atribuída a outra matéria do cronograma e não alimenta diretamente esta aula.
barbosa-moreira-temas-serie4-1989,15-publicite-et-secret-du-delibere-dans-la-justice-bresilienne,aula-01.html,unused,“Publicité et secret du délibéré dans la justice brésilienne” é leitura atribuída a outra matéria do cronograma e não alimenta diretamente esta aula.
barbosa-moreira-temas-serie4-1989,16-consideracoes-sobre-a-causa-de-pedir-na-acao-rescisoria,aula-01.html,unused,“Considerações sobre a causa de pedir na ação rescisória” é leitura atribuída a outra matéria do cronograma e não alimenta diretamente esta aula.
barbosa-moreira-temas-serie4-1989,17-tendencias-na-execucao-de-sentencas-e-ordens-judiciais,aula-01.html,unused,“Tendências na execução de sentenças e ordens judiciais” é leitura atribuída a outra matéria do cronograma e não alimenta diretamente esta aula.
barbosa-moreira-temas-serie4-1989,18-problemas-e-solucoes-em-materia-de-reconhecimento-e-execucao-introducao,aula-01.html,unused,“Problemas e soluções em matéria de reconhecimento e execução de sentenças e laudos arbitrais estrangeiros — Introdução” é leitura atribuída a outra matéria do cronograma e não alimenta diretamente esta aula.
barbosa-moreira-temas-serie4-1989,18-problemas-e-solucoes-em-materia-de-reconhecimento-e-execucao-i-visao-panoramica,aula-01.html,unused,“Problemas e soluções em matéria de reconhecimento e execução de sentenças e laudos arbitrais estrangeiros — I — Visão panorâmica da situação atual” é leitura atribuída a outra matéria do cronograma e não alimenta diretamente esta aula.
barbosa-moreira-temas-serie4-1989,18-problemas-e-solucoes-em-materia-de-reconhecimento-e-execucao-ii-mecanismos-restritivos,aula-01.html,unused,“Problemas e soluções em matéria de reconhecimento e execução de sentenças e laudos arbitrais estrangeiros — II — Os mecanismos restritivos da extensão internacional dos efeitos das sentenças” é leitura atribuída a outra matéria do cronograma e não alimenta diretamente esta aula.
barbosa-moreira-temas-serie4-1989,18-problemas-e-solucoes-em-materia-de-reconhecimento-e-execucao-iii-possibilidades-de-abolicao-ou-atenuacao,aula-01.html,unused,“Problemas e soluções em matéria de reconhecimento e execução de sentenças e laudos arbitrais estrangeiros — III — Possibilidades de abolição ou atenuação dos mecanismos restritivos” é leitura atribuída a outra matéria do cronograma e não alimenta diretamente esta aula.
barbosa-moreira-temas-serie4-1989,18-problemas-e-solucoes-em-materia-de-reconhecimento-e-execucao-iv-laudos-arbitrais-estrangeiros,aula-01.html,unused,“Problemas e soluções em matéria de reconhecimento e execução de sentenças e laudos arbitrais estrangeiros — IV — Laudos arbitrais estrangeiros” é leitura atribuída a outra matéria do cronograma e não alimenta diretamente esta aula.
barbosa-moreira-temas-serie4-1989,18-problemas-e-solucoes-em-materia-de-reconhecimento-e-execucao-v-papel-dos-tratados-e-convencoes,aula-01.html,unused,“Problemas e soluções em matéria de reconhecimento e execução de sentenças e laudos arbitrais estrangeiros — V — O papel dos tratados e convenções” é leitura atribuída a outra matéria do cronograma e não alimenta diretamente esta aula.
barbosa-moreira-temas-serie4-1989,18-problemas-e-solucoes-em-materia-de-reconhecimento-e-execucao-vi-conclusoes-gerais,aula-01.html,unused,“Problemas e soluções em matéria de reconhecimento e execução de sentenças e laudos arbitrais estrangeiros — VI — Conclusões gerais” é leitura atribuída a outra matéria do cronograma e não alimenta diretamente esta aula.
barbosa-moreira-temas-serie4-1989,19-medida-cautelar-liminarmente-concedida-e-omissao-do-requerente,aula-01.html,unused,“Medida cautelar liminarmente concedida e omissão do requerente em propor a tempo a ação principal” é leitura atribuída a outra matéria do cronograma e não alimenta diretamente esta aula.
barbosa-moreira-temas-serie4-1989,20-le-juge-bresilien-et-le-droit-etranger,aula-01.html,unused,“Le juge brésilien et le droit étranger” é leitura atribuída a outra matéria do cronograma e não alimenta diretamente esta aula.
barbosa-moreira-temas-serie4-1989,21-apendice-presenca-de-couture,aula-01.html,unused,“Apêndice — Presença de Couture” é leitura atribuída a outra matéria do cronograma e não alimenta diretamente esta aula.
barbosa-moreira-temas-serie4-1989,22-indice-onomastico,aula-01.html,unused,“Índice onomástico” é leitura atribuída a outra matéria do cronograma e não alimenta diretamente esta aula.
barbosa-moreira-temas-serie4-1989,23-indice-alfabetico-remissivo,aula-01.html,unused,“Índice alfabético-remissivo” é leitura atribuída a outra matéria do cronograma e não alimenta diretamente esta aula.
carpes-onus-da-prova,assigned-reading,aula-01.html,unused,"“Carpes, Ônus dinâmico da prova, pp. 45–61” trata de matéria atribuída a outra aula ou etapa do procedimento, não dos elementos da demanda nem da emenda inicial."
costa-atos-processuais,capitulo-atos-processuais,aula-01.html,unused,"“Eduardo José da Fonseca Costa, Atos Processuais (art. 188)” trata de matéria atribuída a outra aula ou etapa do procedimento, não dos elementos da demanda nem da emenda inicial."
cpc-lei-13105-capture-2026-09-28,Art. 1,aula-01.html,unused,"Art. 1 dispõe sobre “O processo civil será ordenado, disciplinado e interpretado conforme os valores e as normas…”; esse assunto não integra a formulação da demanda nem a correção da inicial desta aula."
cpc-lei-13105-capture-2026-09-28,Art. 2,aula-01.html,supporting,A iniciativa da parte é a formulação normativa direta do princípio da demanda desta aula.
cpc-lei-13105-capture-2026-09-28,Art. 3,aula-01.html,unused,Art. 3 dispõe sobre “Não se excluirá da apreciação jurisdicional ameaça ou lesão a direito”; esse assunto não integra a formulação da demanda nem a correção da inicial desta aula.
cpc-lei-13105-capture-2026-09-28,Art. 4,aula-01.html,unused,"Art. 4 dispõe sobre “As partes têm o direito de obter em prazo razoável a solução integral do mérito, incluída a atividade…”; esse assunto não integra a formulação da demanda nem a correção da inicial desta aula."
cpc-lei-13105-capture-2026-09-28,Art. 5,aula-01.html,unused,Art. 5 dispõe sobre “Aquele que de qualquer forma participa do processo deve comportar-se de acordo com a boa-fé”; esse assunto não integra a formulação da demanda nem a correção da inicial desta aula.
cpc-lei-13105-capture-2026-09-28,Art. 6,aula-01.html,unused,"Art. 6 dispõe sobre “Todos os sujeitos do processo devem cooperar entre si para que se obtenha, em tempo razoável, decisão…”; esse assunto não integra a formulação da demanda nem a correção da inicial desta aula."
cpc-lei-13105-capture-2026-09-28,Art. 7,aula-01.html,unused,Art. 7 dispõe sobre “É assegurada às partes paridade de tratamento em relação ao exercício de direitos e faculdades…”; esse assunto não integra a formulação da demanda nem a correção da inicial desta aula.
cpc-lei-13105-capture-2026-09-28,Art. 8,aula-01.html,unused,"Art. 8 dispõe sobre “Ao aplicar o ordenamento jurídico, o juiz atenderá aos fins sociais e às exigências do bem comum,…”; esse assunto não integra a formulação da demanda nem a correção da inicial desta aula."
cpc-lei-13105-capture-2026-09-28,Art. 9,aula-01.html,unused,Art. 9 dispõe sobre “Não se proferirá decisão contra uma das partes sem que ela seja previamente ouvida”; esse assunto não integra a formulação da demanda nem a correção da inicial desta aula.
cpc-lei-13105-capture-2026-09-28,Art. 10,aula-01.html,unused,"Art. 10 dispõe sobre “O juiz não pode decidir, em grau algum de jurisdição, com base em fundamento a respeito do qual não…”; esse assunto não integra a formulação da demanda nem a correção da inicial desta aula."
cpc-lei-13105-capture-2026-09-28,Art. 11,aula-01.html,unused,"Art. 11 dispõe sobre “Todos os julgamentos dos órgãos do Poder Judiciário serão públicos, e fundamentadas todas as…”; esse assunto não integra a formulação da demanda nem a correção da inicial desta aula."
cpc-lei-13105-capture-2026-09-28,Art. 12,aula-01.html,unused,Art. 12 dispõe sobre “Os juízes e os tribunais deverão obedecer à ordem cronológica de conclusão para proferir sentença ou…”; esse assunto não integra a formulação da demanda nem a correção da inicial desta aula.
cpc-lei-13105-capture-2026-09-28,Art. 13,aula-01.html,unused,"Art. 13 dispõe sobre “A jurisdição civil será regida pelas normas processuais brasileiras, ressalvadas as disposições…”; esse assunto não integra a formulação da demanda nem a correção da inicial desta aula."
cpc-lei-13105-capture-2026-09-28,Art. 14,aula-01.html,unused,"Art. 14 dispõe sobre “A norma processual não retroagirá e será aplicável imediatamente aos processos em curso, respeitados…”; esse assunto não integra a formulação da demanda nem a correção da inicial desta aula."
cpc-lei-13105-capture-2026-09-28,Art. 15,aula-01.html,unused,"Art. 15 dispõe sobre “Na ausência de normas que regulem processos eleitorais, trabalhistas ou administrativos, as…”; esse assunto não integra a formulação da demanda nem a correção da inicial desta aula."
cpc-lei-13105-capture-2026-09-28,Art. 16,aula-01.html,unused,"Art. 16 dispõe sobre “A jurisdição civil é exercida pelos juízes e pelos tribunais em todo o território nacional, conforme…”; esse assunto não integra a formulação da demanda nem a correção da inicial desta aula."
cpc-lei-13105-capture-2026-09-28,Art. 17,aula-01.html,unused,"A legitimidade e o interesse para postular tratam da admissibilidade subjetiva da ação, não da formulação ou correção da inicial."
cpc-lei-13105-capture-2026-09-28,Art. 18,aula-01.html,unused,"A substituição processual é tema de legitimação extraordinária e partes, tratado fora do recorte desta aula."
cpc-lei-13105-capture-2026-09-28,Art. 19,aula-01.html,unused,As modalidades de pedido declaratório são uma espécie de tutela; a aula trata da estrutura geral da demanda e da emenda.
cpc-lei-13105-capture-2026-09-28,Art. 20,aula-01.html,unused,"A ação declaratória após a violação é uma hipótese de tutela específica, não regra geral sobre a inicial ou sua emenda."
cpc-lei-13105-capture-2026-09-28,Art. 21,aula-01.html,unused,Art. 21 dispõe sobre “Compete à autoridade judiciária brasileira processar e julgar as ações em que:”; esse assunto não integra a formulação da demanda nem a correção da inicial desta aula.
cpc-lei-13105-capture-2026-09-28,Art. 22,aula-01.html,unused,"Art. 22 dispõe sobre “Compete, ainda, à autoridade judiciária brasileira processar e julgar as ações:”; esse assunto não integra a formulação da demanda nem a correção da inicial desta aula."
cpc-lei-13105-capture-2026-09-28,Art. 23,aula-01.html,unused,"Art. 23 dispõe sobre “Compete à autoridade judiciária brasileira, com exclusão de qualquer outra:”; esse assunto não integra a formulação da demanda nem a correção da inicial desta aula."
cpc-lei-13105-capture-2026-09-28,Art. 24,aula-01.html,unused,Art. 24 dispõe sobre “A ação proposta perante tribunal estrangeiro não induz litispendência e não obsta a que a autoridade…”; esse assunto não integra a formulação da demanda nem a correção da inicial desta aula.
cpc-lei-13105-capture-2026-09-28,Art. 25,aula-01.html,unused,Art. 25 dispõe sobre “Não compete à autoridade judiciária brasileira o processamento e o julgamento da ação quando houver…”; esse assunto não integra a formulação da demanda nem a correção da inicial desta aula.
cpc-lei-13105-capture-2026-09-28,Art. 26,aula-01.html,unused,Art. 26 dispõe sobre “A cooperação jurídica internacional será regida por tratado de que o Brasil faz parte e observará:”; esse assunto não integra a formulação da demanda nem a correção da inicial desta aula.
cpc-lei-13105-capture-2026-09-28,Art. 27,aula-01.html,unused,Art. 27 dispõe sobre “A cooperação jurídica internacional terá por objeto:”; esse assunto não integra a formulação da demanda nem a correção da inicial desta aula.
cpc-lei-13105-capture-2026-09-28,Art. 28,aula-01.html,unused,Art. 28 dispõe sobre “Cabe auxílio direto quando a medida não decorrer diretamente de decisão de autoridade jurisdicional…”; esse assunto não integra a formulação da demanda nem a correção da inicial desta aula.
cpc-lei-13105-capture-2026-09-28,Art. 29,aula-01.html,unused,Art. 29 dispõe sobre “A solicitação de auxílio direto será encaminhada pelo órgão estrangeiro interessado à autoridade…”; esse assunto não integra a formulação da demanda nem a correção da inicial desta aula.
cpc-lei-13105-capture-2026-09-28,Art. 30,aula-01.html,unused,"Art. 30 dispõe sobre “Além dos casos previstos em tratados de que o Brasil faz parte, o auxílio direto terá os seguintes…”; esse assunto não integra a formulação da demanda nem a correção da inicial desta aula."
cpc-lei-13105-capture-2026-09-28,Art. 31,aula-01.html,unused,"Art. 31 dispõe sobre “A autoridade central brasileira comunicar-se-á diretamente com suas congêneres e, se necessário, com…”; esse assunto não integra a formulação da demanda nem a correção da inicial desta aula."
cpc-lei-13105-capture-2026-09-28,Art. 32,aula-01.html,unused,"Art. 32 dispõe sobre “No caso de auxílio direto para a prática de atos que, segundo a lei brasileira, não necessitem de…”; esse assunto não integra a formulação da demanda nem a correção da inicial desta aula."
cpc-lei-13105-capture-2026-09-28,Art. 33,aula-01.html,unused,"Art. 33 dispõe sobre “Recebido o pedido de auxílio direto passivo, a autoridade central o encaminhará à Advocacia-Geral da…”; esse assunto não integra a formulação da demanda nem a correção da inicial desta aula."
cpc-lei-13105-capture-2026-09-28,Art. 34,aula-01.html,unused,Art. 34 dispõe sobre “Compete ao juízo federal do lugar em que deva ser executada a medida apreciar pedido de auxílio…”; esse assunto não integra a formulação da demanda nem a correção da inicial desta aula.
cpc-lei-13105-capture-2026-09-28,Art. 35,aula-01.html,unused,"Art. 35 está vetado e não fornece regra aplicável à inicial, à demanda ou à emenda."
cpc-lei-13105-capture-2026-09-28,Art. 36,aula-01.html,unused,Art. 36 dispõe sobre “O procedimento da carta rogatória perante o Superior Tribunal de Justiça é de jurisdição contenciosa…”; esse assunto não integra a formulação da demanda nem a correção da inicial desta aula.
cpc-lei-13105-capture-2026-09-28,Art. 37,aula-01.html,unused,Art. 37 dispõe sobre “O pedido de cooperação jurídica internacional oriundo de autoridade brasileira competente será…”; esse assunto não integra a formulação da demanda nem a correção da inicial desta aula.
cpc-lei-13105-capture-2026-09-28,Art. 38,aula-01.html,unused,Art. 38 dispõe sobre “O pedido de cooperação oriundo de autoridade brasileira competente e os documentos anexos que o…”; esse assunto não integra a formulação da demanda nem a correção da inicial desta aula.
cpc-lei-13105-capture-2026-09-28,Art. 39,aula-01.html,unused,Art. 39 dispõe sobre “O pedido passivo de cooperação jurídica internacional será recusado se configurar manifesta ofensa à…”; esse assunto não integra a formulação da demanda nem a correção da inicial desta aula.
cpc-lei-13105-capture-2026-09-28,Art. 40,aula-01.html,unused,Art. 40 dispõe sobre “A cooperação jurídica internacional para execução de decisão estrangeira dar-se-á por meio de carta…”; esse assunto não integra a formulação da demanda nem a correção da inicial desta aula.
cpc-lei-13105-capture-2026-09-28,Art. 41,aula-01.html,unused,"Art. 41 dispõe sobre “Considera-se autêntico o documento que instruir pedido de cooperação jurídica internacional,…”; esse assunto não integra a formulação da demanda nem a correção da inicial desta aula."
cpc-lei-13105-capture-2026-09-28,Art. 42,aula-01.html,unused,"Art. 42 dispõe sobre “As causas cíveis serão processadas e decididas pelo juiz nos limites de sua competência, ressalvado…”; esse assunto não integra a formulação da demanda nem a correção da inicial desta aula."
cpc-lei-13105-capture-2026-09-28,Art. 43,aula-01.html,unused,"Art. 43 dispõe sobre “Determina-se a competência no momento do registro ou da distribuição da petição inicial, sendo…”; esse assunto não integra a formulação da demanda nem a correção da inicial desta aula."
cpc-lei-13105-capture-2026-09-28,Art. 44,aula-01.html,unused,Art. 44 dispõe sobre “Obedecidos os limites estabelecidos pela”; esse assunto não integra a formulação da demanda nem a correção da inicial desta aula.
cpc-lei-13105-capture-2026-09-28,Art. 45,aula-01.html,unused,"Art. 45 dispõe sobre “Tramitando o processo perante outro juízo, os autos serão remetidos ao juízo federal competente se…”; esse assunto não integra a formulação da demanda nem a correção da inicial desta aula."
cpc-lei-13105-capture-2026-09-28,Art. 46,aula-01.html,unused,"Art. 46 dispõe sobre “A ação fundada em direito pessoal ou em direito real sobre bens móveis será proposta, em regra, no…”; esse assunto não integra a formulação da demanda nem a correção da inicial desta aula."
cpc-lei-13105-capture-2026-09-28,Art. 47,aula-01.html,unused,Art. 47 dispõe sobre “Para as ações fundadas em direito real sobre imóveis é competente o foro de situação da coisa”; esse assunto não integra a formulação da demanda nem a correção da inicial desta aula.
cpc-lei-13105-capture-2026-09-28,Art. 48,aula-01.html,unused,"Art. 48 dispõe sobre “O foro de domicílio do autor da herança, no Brasil, é o competente para o inventário, a partilha, a…”; esse assunto não integra a formulação da demanda nem a correção da inicial desta aula."
cpc-lei-13105-capture-2026-09-28,Art. 49,aula-01.html,unused,"Art. 49 dispõe sobre “A ação em que o ausente for réu será proposta no foro de seu último domicílio, também competente para…”; esse assunto não integra a formulação da demanda nem a correção da inicial desta aula."
cpc-lei-13105-capture-2026-09-28,Art. 50,aula-01.html,unused,Art. 50 dispõe sobre “A ação em que o incapaz for réu será proposta no foro de domicílio de seu representante ou assistente”; esse assunto não integra a formulação da demanda nem a correção da inicial desta aula.
cpc-lei-13105-capture-2026-09-28,Art. 51,aula-01.html,unused,Art. 51 dispõe sobre “É competente o foro de domicílio do réu para as causas em que seja autora a União”; esse assunto não integra a formulação da demanda nem a correção da inicial desta aula.
cpc-lei-13105-capture-2026-09-28,Art. 52,aula-01.html,unused,Art. 52 dispõe sobre “É competente o foro de domicílio do réu para as causas em que seja autor Estado ou o Distrito Federal”; esse assunto não integra a formulação da demanda nem a correção da inicial desta aula.
cpc-lei-13105-capture-2026-09-28,Art. 53,aula-01.html,unused,Art. 53 dispõe sobre “É competente o foro:”; esse assunto não integra a formulação da demanda nem a correção da inicial desta aula.
cpc-lei-13105-capture-2026-09-28,Art. 54,aula-01.html,unused,"Art. 54 dispõe sobre “A competência relativa poderá modificar-se pela conexão ou pela continência, observado o disposto…”; esse assunto não integra a formulação da demanda nem a correção da inicial desta aula."
cpc-lei-13105-capture-2026-09-28,Art. 55,aula-01.html,unused,Art. 55 dispõe sobre “Reputam-se conexas 2 (duas) ou mais ações quando lhes for comum o pedido ou a causa de pedir”; esse assunto não integra a formulação da demanda nem a correção da inicial desta aula.
cpc-lei-13105-capture-2026-09-28,Art. 56,aula-01.html,unused,Art. 56 dispõe sobre “Dá-se a continência entre 2 (duas) ou mais ações quando houver identidade quanto às partes e à causa…”; esse assunto não integra a formulação da demanda nem a correção da inicial desta aula.
cpc-lei-13105-capture-2026-09-28,Art. 57,aula-01.html,unused,"Art. 57 dispõe sobre “Quando houver continência e a ação continente tiver sido proposta anteriormente, no processo relativo…”; esse assunto não integra a formulação da demanda nem a correção da inicial desta aula."
cpc-lei-13105-capture-2026-09-28,Art. 58,aula-01.html,unused,"Art. 58 dispõe sobre “A reunião das ações propostas em separado far-se-á no juízo prevento, onde serão decididas…”; esse assunto não integra a formulação da demanda nem a correção da inicial desta aula."
cpc-lei-13105-capture-2026-09-28,Art. 59,aula-01.html,unused,Art. 59 dispõe sobre “O registro ou a distribuição da petição inicial torna prevento o juízo”; esse assunto não integra a formulação da demanda nem a correção da inicial desta aula.
cpc-lei-13105-capture-2026-09-28,Art. 60,aula-01.html,unused,"Art. 60 dispõe sobre “Se o imóvel se achar situado em mais de um Estado, comarca, seção ou subseção judiciária, a…”; esse assunto não integra a formulação da demanda nem a correção da inicial desta aula."
cpc-lei-13105-capture-2026-09-28,Art. 61,aula-01.html,unused,Art. 61 dispõe sobre “A ação acessória será proposta no juízo competente para a ação principal”; esse assunto não integra a formulação da demanda nem a correção da inicial desta aula.
cpc-lei-13105-capture-2026-09-28,Art. 62,aula-01.html,unused,"Art. 62 dispõe sobre “A competência determinada em razão da matéria, da pessoa ou da função é inderrogável por convenção…”; esse assunto não integra a formulação da demanda nem a correção da inicial desta aula."
cpc-lei-13105-capture-2026-09-28,Art. 63,aula-01.html,unused,"Art. 63 dispõe sobre “As partes podem modificar a competência em razão do valor e do território, elegendo foro onde será…”; esse assunto não integra a formulação da demanda nem a correção da inicial desta aula."
cpc-lei-13105-capture-2026-09-28,Art. 64,aula-01.html,unused,"Art. 64 dispõe sobre “A incompetência, absoluta ou relativa, será alegada como questão preliminar de contestação”; esse assunto não integra a formulação da demanda nem a correção da inicial desta aula."
cpc-lei-13105-capture-2026-09-28,Art. 65,aula-01.html,unused,Art. 65 dispõe sobre “Prorrogar-se-á a competência relativa se o réu não alegar a incompetência em preliminar de contestação”; esse assunto não integra a formulação da demanda nem a correção da inicial desta aula.
cpc-lei-13105-capture-2026-09-28,Art. 66,aula-01.html,unused,Art. 66 dispõe sobre “Há conflito de competência quando:”; esse assunto não integra a formulação da demanda nem a correção da inicial desta aula.
cpc-lei-13105-capture-2026-09-28,Art. 67,aula-01.html,unused,"Art. 67 dispõe sobre “Aos órgãos do Poder Judiciário, estadual ou federal, especializado ou comum, em todas as instâncias e…”; esse assunto não integra a formulação da demanda nem a correção da inicial desta aula."
cpc-lei-13105-capture-2026-09-28,Art. 68,aula-01.html,unused,Art. 68 dispõe sobre “Os juízos poderão formular entre si pedido de cooperação para prática de qualquer ato processual”; esse assunto não integra a formulação da demanda nem a correção da inicial desta aula.
cpc-lei-13105-capture-2026-09-28,Art. 69,aula-01.html,unused,"Art. 69 dispõe sobre “O pedido de cooperação jurisdicional deve ser prontamente atendido, prescinde de forma específica e…”; esse assunto não integra a formulação da demanda nem a correção da inicial desta aula."
cpc-lei-13105-capture-2026-09-28,Art. 70,aula-01.html,unused,Art. 70 dispõe sobre “Toda pessoa que se encontre no exercício de seus direitos tem capacidade para estar em juízo”; esse assunto não integra a formulação da demanda nem a correção da inicial desta aula.
cpc-lei-13105-capture-2026-09-28,Art. 71,aula-01.html,unused,"Art. 71 dispõe sobre “O incapaz será representado ou assistido por seus pais, por tutor ou por curador, na forma da lei”; esse assunto não integra a formulação da demanda nem a correção da inicial desta aula."
cpc-lei-13105-capture-2026-09-28,Art. 72,aula-01.html,unused,Art. 72 dispõe sobre “O juiz nomeará curador especial ao:”; esse assunto não integra a formulação da demanda nem a correção da inicial desta aula.
cpc-lei-13105-capture-2026-09-28,Art. 73,aula-01.html,unused,Art. 73 dispõe sobre “O cônjuge necessitará do consentimento do outro para propor ação que verse sobre direito real…”; esse assunto não integra a formulação da demanda nem a correção da inicial desta aula.
cpc-lei-13105-capture-2026-09-28,Art. 74,aula-01.html,unused,Art. 74 dispõe sobre “O consentimento previsto no”; esse assunto não integra a formulação da demanda nem a correção da inicial desta aula.
cpc-lei-13105-capture-2026-09-28,Art. 75,aula-01.html,unused,"Art. 75 dispõe sobre “Serão representados em juízo, ativa e passivamente:”; esse assunto não integra a formulação da demanda nem a correção da inicial desta aula."
cpc-lei-13105-capture-2026-09-28,Art. 76,aula-01.html,unused,"Art. 76 dispõe sobre “Verificada a incapacidade processual ou a irregularidade da representação da parte, o juiz suspenderá…”; esse assunto não integra a formulação da demanda nem a correção da inicial desta aula."
cpc-lei-13105-capture-2026-09-28,Art. 77,aula-01.html,unused,"Art. 77 dispõe sobre “Além de outros previstos neste Código, são deveres das partes, de seus procuradores e de todos…”; esse assunto não integra a formulação da demanda nem a correção da inicial desta aula."
cpc-lei-13105-capture-2026-09-28,Art. 78,aula-01.html,unused,"Art. 78 dispõe sobre “É vedado às partes, a seus procuradores, aos juízes, aos membros do Ministério Público e da…”; esse assunto não integra a formulação da demanda nem a correção da inicial desta aula."
cpc-lei-13105-capture-2026-09-28,Art. 79,aula-01.html,unused,"Art. 79 dispõe sobre “Responde por perdas e danos aquele que litigar de má-fé como autor, réu ou interveniente”; esse assunto não integra a formulação da demanda nem a correção da inicial desta aula."
cpc-lei-13105-capture-2026-09-28,Art. 80,aula-01.html,unused,Art. 80 dispõe sobre “Considera-se litigante de má-fé aquele que:”; esse assunto não integra a formulação da demanda nem a correção da inicial desta aula.
cpc-lei-13105-capture-2026-09-28,Art. 81,aula-01.html,unused,"Art. 81 dispõe sobre “De ofício ou a requerimento, o juiz condenará o litigante de má-fé a pagar multa, que deverá ser…”; esse assunto não integra a formulação da demanda nem a correção da inicial desta aula."
cpc-lei-13105-capture-2026-09-28,Art. 82,aula-01.html,unused,"Art. 82 dispõe sobre “Salvo as disposições concernentes à gratuidade da justiça, incumbe às partes prover as despesas dos…”; esse assunto não integra a formulação da demanda nem a correção da inicial desta aula."
cpc-lei-13105-capture-2026-09-28,Art. 83,aula-01.html,unused,"Art. 83 dispõe sobre “O autor, brasileiro ou estrangeiro, que residir fora do Brasil ou deixar de residir no país ao longo…”; esse assunto não integra a formulação da demanda nem a correção da inicial desta aula."
cpc-lei-13105-capture-2026-09-28,Art. 84,aula-01.html,unused,"Art. 84 dispõe sobre “As despesas abrangem as custas dos atos do processo, a indenização de viagem, a remuneração do…”; esse assunto não integra a formulação da demanda nem a correção da inicial desta aula."
cpc-lei-13105-capture-2026-09-28,Art. 85,aula-01.html,unused,Art. 85 dispõe sobre “A sentença condenará o vencido a pagar honorários ao advogado do vencedor”; esse assunto não integra a formulação da demanda nem a correção da inicial desta aula.
cpc-lei-13105-capture-2026-09-28,Art. 86,aula-01.html,unused,"Art. 86 dispõe sobre “Se cada litigante for, em parte, vencedor e vencido, serão proporcionalmente distribuídas entre eles…”; esse assunto não integra a formulação da demanda nem a correção da inicial desta aula."
cpc-lei-13105-capture-2026-09-28,Art. 87,aula-01.html,unused,"Art. 87 dispõe sobre “Concorrendo diversos autores ou diversos réus, os vencidos respondem proporcionalmente pelas despesas…”; esse assunto não integra a formulação da demanda nem a correção da inicial desta aula."
cpc-lei-13105-capture-2026-09-28,Art. 88,aula-01.html,unused,"Art. 88 dispõe sobre “Nos procedimentos de jurisdição voluntária, as despesas serão adiantadas pelo requerente e rateadas…”; esse assunto não integra a formulação da demanda nem a correção da inicial desta aula."
cpc-lei-13105-capture-2026-09-28,Art. 89,aula-01.html,unused,"Art. 89 dispõe sobre “Nos juízos divisórios, não havendo litígio, os interessados pagarão as despesas proporcionalmente a…”; esse assunto não integra a formulação da demanda nem a correção da inicial desta aula."
cpc-lei-13105-capture-2026-09-28,Art. 90,aula-01.html,unused,"Art. 90 dispõe sobre “Proferida sentença com fundamento em desistência, em renúncia ou em reconhecimento do pedido, as…”; esse assunto não integra a formulação da demanda nem a correção da inicial desta aula."
cpc-lei-13105-capture-2026-09-28,Art. 91,aula-01.html,unused,"Art. 91 dispõe sobre “As despesas dos atos processuais praticados a requerimento da Fazenda Pública, do Ministério Público…”; esse assunto não integra a formulação da demanda nem a correção da inicial desta aula."
cpc-lei-13105-capture-2026-09-28,Art. 92,aula-01.html,unused,"Art. 92 dispõe sobre “Quando, a requerimento do réu, o juiz proferir sentença sem resolver o mérito, o autor não poderá…”; esse assunto não integra a formulação da demanda nem a correção da inicial desta aula."
cpc-lei-13105-capture-2026-09-28,Art. 93,aula-01.html,unused,"Art. 93 dispõe sobre “As despesas de atos adiados ou cuja repetição for necessária ficarão a cargo da parte, do auxiliar da…”; esse assunto não integra a formulação da demanda nem a correção da inicial desta aula."
cpc-lei-13105-capture-2026-09-28,Art. 94,aula-01.html,unused,"Art. 94 dispõe sobre “Se o assistido for vencido, o assistente será condenado ao pagamento das custas em proporção à…”; esse assunto não integra a formulação da demanda nem a correção da inicial desta aula."
cpc-lei-13105-capture-2026-09-28,Art. 95,aula-01.html,unused,"Art. 95 dispõe sobre “Cada parte adiantará a remuneração do assistente técnico que houver indicado, sendo a do perito…”; esse assunto não integra a formulação da demanda nem a correção da inicial desta aula."
cpc-lei-13105-capture-2026-09-28,Art. 96,aula-01.html,unused,"Art. 96 dispõe sobre “O valor das sanções impostas ao litigante de má-fé reverterá em benefício da parte contrária, e o…”; esse assunto não integra a formulação da demanda nem a correção da inicial desta aula."
cpc-lei-13105-capture-2026-09-28,Art. 97,aula-01.html,unused,"Art. 97 dispõe sobre “A União e os Estados podem criar fundos de modernização do Poder Judiciário, aos quais serão…”; esse assunto não integra a formulação da demanda nem a correção da inicial desta aula."
cpc-lei-13105-capture-2026-09-28,Art. 98,aula-01.html,unused,"Art. 98 dispõe sobre “A pessoa natural ou jurídica, brasileira ou estrangeira, com insuficiência de recursos para pagar as…”; esse assunto não integra a formulação da demanda nem a correção da inicial desta aula."
cpc-lei-13105-capture-2026-09-28,Art. 99,aula-01.html,unused,"Art. 99 dispõe sobre “O pedido de gratuidade da justiça pode ser formulado na petição inicial, na contestação, na petição…”; esse assunto não integra a formulação da demanda nem a correção da inicial desta aula."
cpc-lei-13105-capture-2026-09-28,Art. 100,aula-01.html,unused,"Art. 100 dispõe sobre “Deferido o pedido, a parte contrária poderá oferecer impugnação na contestação, na réplica, nas…”; esse assunto não integra a formulação da demanda nem a correção da inicial desta aula."
cpc-lei-13105-capture-2026-09-28,Art. 101,aula-01.html,unused,Art. 101 dispõe sobre “Contra a decisão que indeferir a gratuidade ou a que acolher pedido de sua revogação caberá agravo de…”; esse assunto não integra a formulação da demanda nem a correção da inicial desta aula.
cpc-lei-13105-capture-2026-09-28,Art. 102,aula-01.html,unused,"Art. 102 dispõe sobre “Sobrevindo o trânsito em julgado de decisão que revoga a gratuidade, a parte deverá efetuar o…”; esse assunto não integra a formulação da demanda nem a correção da inicial desta aula."
cpc-lei-13105-capture-2026-09-28,Art. 103,aula-01.html,unused,Art. 103 dispõe sobre “A parte será representada em juízo por advogado regularmente inscrito na Ordem dos Advogados do Brasil”; esse assunto não integra a formulação da demanda nem a correção da inicial desta aula.
cpc-lei-13105-capture-2026-09-28,Art. 104,aula-01.html,unused,"Art. 104 dispõe sobre “O advogado não será admitido a postular em juízo sem procuração, salvo para evitar preclusão,…”; esse assunto não integra a formulação da demanda nem a correção da inicial desta aula."
cpc-lei-13105-capture-2026-09-28,Art. 105,aula-01.html,unused,"Art. 105 dispõe sobre “A procuração geral para o foro, outorgada por instrumento público ou particular assinado pela parte,…”; esse assunto não integra a formulação da demanda nem a correção da inicial desta aula."
cpc-lei-13105-capture-2026-09-28,Art. 106,aula-01.html,unused,"Art. 106 dispõe sobre “Quando postular em causa própria, incumbe ao advogado:”; esse assunto não integra a formulação da demanda nem a correção da inicial desta aula."
cpc-lei-13105-capture-2026-09-28,Art. 107,aula-01.html,unused,Art. 107 dispõe sobre “O advogado tem direito a:”; esse assunto não integra a formulação da demanda nem a correção da inicial desta aula.
cpc-lei-13105-capture-2026-09-28,Art. 108,aula-01.html,unused,"Art. 108 dispõe sobre “No curso do processo, somente é lícita a sucessão voluntária das partes nos casos expressos em lei”; esse assunto não integra a formulação da demanda nem a correção da inicial desta aula."
cpc-lei-13105-capture-2026-09-28,Art. 109,aula-01.html,unused,"Art. 109 dispõe sobre “A alienação da coisa ou do direito litigioso por ato entre vivos, a título particular, não altera a…”; esse assunto não integra a formulação da demanda nem a correção da inicial desta aula."
cpc-lei-13105-capture-2026-09-28,Art. 110,aula-01.html,unused,"Art. 110 dispõe sobre “Ocorrendo a morte de qualquer das partes, dar-se-á a sucessão pelo seu espólio ou pelos seus…”; esse assunto não integra a formulação da demanda nem a correção da inicial desta aula."
cpc-lei-13105-capture-2026-09-28,Art. 111,aula-01.html,unused,"Art. 111 dispõe sobre “A parte que revogar o mandato outorgado a seu advogado constituirá, no mesmo ato, outro que assuma o…”; esse assunto não integra a formulação da demanda nem a correção da inicial desta aula."
cpc-lei-13105-capture-2026-09-28,Art. 112,aula-01.html,unused,"Art. 112 dispõe sobre “O advogado poderá renunciar ao mandato a qualquer tempo, provando, na forma prevista neste Código,…”; esse assunto não integra a formulação da demanda nem a correção da inicial desta aula."
cpc-lei-13105-capture-2026-09-28,Art. 113,aula-01.html,unused,"Art. 113 dispõe sobre “Duas ou mais pessoas podem litigar, no mesmo processo, em conjunto, ativa ou passivamente, quando:”; esse assunto não integra a formulação da demanda nem a correção da inicial desta aula."
cpc-lei-13105-capture-2026-09-28,Art. 114,aula-01.html,unused,"Art. 114 dispõe sobre “O litisconsórcio será necessário por disposição de lei ou quando, pela natureza da relação jurídica…”; esse assunto não integra a formulação da demanda nem a correção da inicial desta aula."
cpc-lei-13105-capture-2026-09-28,Art. 115,aula-01.html,unused,"Art. 115 dispõe sobre “A sentença de mérito, quando proferida sem a integração do contraditório, será:”; esse assunto não integra a formulação da demanda nem a correção da inicial desta aula."
cpc-lei-13105-capture-2026-09-28,Art. 116,aula-01.html,unused,"Art. 116 dispõe sobre “O litisconsórcio será unitário quando, pela natureza da relação jurídica, o juiz tiver de decidir o…”; esse assunto não integra a formulação da demanda nem a correção da inicial desta aula."
cpc-lei-13105-capture-2026-09-28,Art. 117,aula-01.html,unused,"Art. 117 dispõe sobre “Os litisconsortes serão considerados, em suas relações com a parte adversa, como litigantes…”; esse assunto não integra a formulação da demanda nem a correção da inicial desta aula."
cpc-lei-13105-capture-2026-09-28,Art. 118,aula-01.html,unused,"Art. 118 dispõe sobre “Cada litisconsorte tem o direito de promover o andamento do processo, e todos devem ser intimados dos…”; esse assunto não integra a formulação da demanda nem a correção da inicial desta aula."
cpc-lei-13105-capture-2026-09-28,Art. 119,aula-01.html,unused,"Art. 119 dispõe sobre “Pendendo causa entre 2 (duas) ou mais pessoas, o terceiro juridicamente interessado em que a sentença…”; esse assunto não integra a formulação da demanda nem a correção da inicial desta aula."
cpc-lei-13105-capture-2026-09-28,Art. 120,aula-01.html,unused,"Art. 120 dispõe sobre “Não havendo impugnação no prazo de 15 (quinze) dias, o pedido do assistente será deferido, salvo se…”; esse assunto não integra a formulação da demanda nem a correção da inicial desta aula."
cpc-lei-13105-capture-2026-09-28,Art. 121,aula-01.html,unused,"Art. 121 dispõe sobre “O assistente simples atuará como auxiliar da parte principal, exercerá os mesmos poderes e…”; esse assunto não integra a formulação da demanda nem a correção da inicial desta aula."
cpc-lei-13105-capture-2026-09-28,Art. 122,aula-01.html,unused,"Art. 122 dispõe sobre “A assistência simples não obsta a que a parte principal reconheça a procedência do pedido, desista da…”; esse assunto não integra a formulação da demanda nem a correção da inicial desta aula."
cpc-lei-13105-capture-2026-09-28,Art. 123,aula-01.html,unused,"Art. 123 dispõe sobre “Transitada em julgado a sentença no processo em que interveio o assistente, este não poderá, em…”; esse assunto não integra a formulação da demanda nem a correção da inicial desta aula."
cpc-lei-13105-capture-2026-09-28,Art. 124,aula-01.html,unused,Art. 124 dispõe sobre “Considera-se litisconsorte da parte principal o assistente sempre que a sentença influir na relação…”; esse assunto não integra a formulação da demanda nem a correção da inicial desta aula.
cpc-lei-13105-capture-2026-09-28,Art. 125,aula-01.html,unused,"Art. 125 dispõe sobre “É admissível a denunciação da lide, promovida por qualquer das partes:”; esse assunto não integra a formulação da demanda nem a correção da inicial desta aula."
cpc-lei-13105-capture-2026-09-28,Art. 126,aula-01.html,unused,"Art. 126 dispõe sobre “A citação do denunciado será requerida na petição inicial, se o denunciante for autor, ou na…”; esse assunto não integra a formulação da demanda nem a correção da inicial desta aula."
cpc-lei-13105-capture-2026-09-28,Art. 127,aula-01.html,unused,"Art. 127 dispõe sobre “Feita a denunciação pelo autor, o denunciado poderá assumir a posição de litisconsorte do denunciante…”; esse assunto não integra a formulação da demanda nem a correção da inicial desta aula."
cpc-lei-13105-capture-2026-09-28,Art. 128,aula-01.html,unused,Art. 128 dispõe sobre “Feita a denunciação pelo réu:”; esse assunto não integra a formulação da demanda nem a correção da inicial desta aula.
cpc-lei-13105-capture-2026-09-28,Art. 129,aula-01.html,unused,"Art. 129 dispõe sobre “Se o denunciante for vencido na ação principal, o juiz passará ao julgamento da denunciação da lide”; esse assunto não integra a formulação da demanda nem a correção da inicial desta aula."
cpc-lei-13105-capture-2026-09-28,Art. 130,aula-01.html,unused,"Art. 130 dispõe sobre “É admissível o chamamento ao processo, requerido pelo réu:”; esse assunto não integra a formulação da demanda nem a correção da inicial desta aula."
cpc-lei-13105-capture-2026-09-28,Art. 131,aula-01.html,unused,Art. 131 dispõe sobre “A citação daqueles que devam figurar em litisconsórcio passivo será requerida pelo réu na contestação…”; esse assunto não integra a formulação da demanda nem a correção da inicial desta aula.
cpc-lei-13105-capture-2026-09-28,Art. 132,aula-01.html,unused,"Art. 132 dispõe sobre “A sentença de procedência valerá como título executivo em favor do réu que satisfizer a dívida, a fim…”; esse assunto não integra a formulação da demanda nem a correção da inicial desta aula."
cpc-lei-13105-capture-2026-09-28,Art. 133,aula-01.html,unused,Art. 133 dispõe sobre “O incidente de desconsideração da personalidade jurídica será instaurado a pedido da parte ou do…”; esse assunto não integra a formulação da demanda nem a correção da inicial desta aula.
cpc-lei-13105-capture-2026-09-28,Art. 134,aula-01.html,unused,"Art. 134 dispõe sobre “O incidente de desconsideração é cabível em todas as fases do processo de conhecimento, no…”; esse assunto não integra a formulação da demanda nem a correção da inicial desta aula."
cpc-lei-13105-capture-2026-09-28,Art. 135,aula-01.html,unused,"Art. 135 dispõe sobre “Instaurado o incidente, o sócio ou a pessoa jurídica será citado para manifestar-se e requerer as…”; esse assunto não integra a formulação da demanda nem a correção da inicial desta aula."
cpc-lei-13105-capture-2026-09-28,Art. 136,aula-01.html,unused,"Art. 136 dispõe sobre “Concluída a instrução, se necessária, o incidente será resolvido por decisão interlocutória”; esse assunto não integra a formulação da demanda nem a correção da inicial desta aula."
cpc-lei-13105-capture-2026-09-28,Art. 137,aula-01.html,unused,"Art. 137 dispõe sobre “Acolhido o pedido de desconsideração, a alienação ou a oneração de bens, havida em fraude de…”; esse assunto não integra a formulação da demanda nem a correção da inicial desta aula."
cpc-lei-13105-capture-2026-09-28,Art. 138,aula-01.html,unused,"Art. 138 dispõe sobre “O juiz ou o relator, considerando a relevância da matéria, a especificidade do tema objeto da demanda…”; esse assunto não integra a formulação da demanda nem a correção da inicial desta aula."
cpc-lei-13105-capture-2026-09-28,Art. 139,aula-01.html,unused,"Art. 139 dispõe sobre “O juiz dirigirá o processo conforme as disposições deste Código, incumbindo-lhe:”; esse assunto não integra a formulação da demanda nem a correção da inicial desta aula."
cpc-lei-13105-capture-2026-09-28,Art. 140,aula-01.html,unused,Art. 140 dispõe sobre “O juiz não se exime de decidir sob a alegação de lacuna ou obscuridade do ordenamento jurídico”; esse assunto não integra a formulação da demanda nem a correção da inicial desta aula.
cpc-lei-13105-capture-2026-09-28,Art. 141,aula-01.html,supporting,"Limita a decisão aos contornos propostos pelas partes, conectando a demanda inicial ao que o juiz pode decidir."
cpc-lei-13105-capture-2026-09-28,Art. 142,aula-01.html,unused,"Art. 142 dispõe sobre “Convencendo-se, pelas circunstâncias, de que autor e réu se serviram do processo para praticar ato…”; esse assunto não integra a formulação da demanda nem a correção da inicial desta aula."
cpc-lei-13105-capture-2026-09-28,Art. 143,aula-01.html,unused,"Art. 143 dispõe sobre “O juiz responderá, civil e regressivamente, por perdas e danos quando:”; esse assunto não integra a formulação da demanda nem a correção da inicial desta aula."
cpc-lei-13105-capture-2026-09-28,Art. 144,aula-01.html,unused,"Art. 144 dispõe sobre “Há impedimento do juiz, sendo-lhe vedado exercer suas funções no processo:”; esse assunto não integra a formulação da demanda nem a correção da inicial desta aula."
cpc-lei-13105-capture-2026-09-28,Art. 145,aula-01.html,unused,Art. 145 dispõe sobre “Há suspeição do juiz:”; esse assunto não integra a formulação da demanda nem a correção da inicial desta aula.
cpc-lei-13105-capture-2026-09-28,Art. 146,aula-01.html,unused,"Art. 146 dispõe sobre “No prazo de 15 (quinze) dias, a contar do conhecimento do fato, a parte alegará o impedimento ou a…”; esse assunto não integra a formulação da demanda nem a correção da inicial desta aula."
cpc-lei-13105-capture-2026-09-28,Art. 147,aula-01.html,unused,"Art. 147 dispõe sobre “Quando 2 (dois) ou mais juízes forem parentes, consanguíneos ou afins, em linha reta ou colateral,…”; esse assunto não integra a formulação da demanda nem a correção da inicial desta aula."
cpc-lei-13105-capture-2026-09-28,Art. 148,aula-01.html,unused,Art. 148 dispõe sobre “Aplicam-se os motivos de impedimento e de suspeição:”; esse assunto não integra a formulação da demanda nem a correção da inicial desta aula.
cpc-lei-13105-capture-2026-09-28,Art. 149,aula-01.html,unused,"Art. 149 dispõe sobre “São auxiliares da Justiça, além de outros cujas atribuições sejam determinadas pelas normas de…”; esse assunto não integra a formulação da demanda nem a correção da inicial desta aula."
cpc-lei-13105-capture-2026-09-28,Art. 150,aula-01.html,unused,"Art. 150 dispõe sobre “Em cada juízo haverá um ou mais ofícios de justiça, cujas atribuições serão determinadas pelas normas…”; esse assunto não integra a formulação da demanda nem a correção da inicial desta aula."
cpc-lei-13105-capture-2026-09-28,Art. 151,aula-01.html,unused,"Art. 151 dispõe sobre “Em cada comarca, seção ou subseção judiciária haverá, no mínimo, tantos oficiais de justiça quantos…”; esse assunto não integra a formulação da demanda nem a correção da inicial desta aula."
cpc-lei-13105-capture-2026-09-28,Art. 152,aula-01.html,unused,Art. 152 dispõe sobre “Incumbe ao escrivão ou ao chefe de secretaria:”; esse assunto não integra a formulação da demanda nem a correção da inicial desta aula.
cpc-lei-13105-capture-2026-09-28,Art. 153,aula-01.html,unused,Art. 153 dispõe sobre “O escrivão ou chefe de secretaria deverá obedecer à ordem cronológica de recebimento para publicação…”; esse assunto não integra a formulação da demanda nem a correção da inicial desta aula.
cpc-lei-13105-capture-2026-09-28,Art. 154,aula-01.html,unused,Art. 154 dispõe sobre “Incumbe ao oficial de justiça:”; esse assunto não integra a formulação da demanda nem a correção da inicial desta aula.
cpc-lei-13105-capture-2026-09-28,Art. 155,aula-01.html,unused,"Art. 155 dispõe sobre “O escrivão, o chefe de secretaria e o oficial de justiça são responsáveis, civil e regressivamente,…”; esse assunto não integra a formulação da demanda nem a correção da inicial desta aula."
cpc-lei-13105-capture-2026-09-28,Art. 156,aula-01.html,unused,Art. 156 dispõe sobre “O juiz será assistido por perito quando a prova do fato depender de conhecimento técnico ou científico”; esse assunto não integra a formulação da demanda nem a correção da inicial desta aula.
cpc-lei-13105-capture-2026-09-28,Art. 157,aula-01.html,unused,"Art. 157 dispõe sobre “O perito tem o dever de cumprir o ofício no prazo que lhe designar o juiz, empregando toda sua…”; esse assunto não integra a formulação da demanda nem a correção da inicial desta aula."
cpc-lei-13105-capture-2026-09-28,Art. 158,aula-01.html,unused,"Art. 158 dispõe sobre “O perito que, por dolo ou culpa, prestar informações inverídicas responderá pelos prejuízos que…”; esse assunto não integra a formulação da demanda nem a correção da inicial desta aula."
cpc-lei-13105-capture-2026-09-28,Art. 159,aula-01.html,unused,"Art. 159 dispõe sobre “A guarda e a conservação de bens penhorados, arrestados, sequestrados ou arrecadados serão confiadas…”; esse assunto não integra a formulação da demanda nem a correção da inicial desta aula."
cpc-lei-13105-capture-2026-09-28,Art. 160,aula-01.html,unused,Art. 160 dispõe sobre “Por seu trabalho o depositário ou o administrador perceberá remuneração que o juiz fixará levando em…”; esse assunto não integra a formulação da demanda nem a correção da inicial desta aula.
cpc-lei-13105-capture-2026-09-28,Art. 161,aula-01.html,unused,"Art. 161 dispõe sobre “O depositário ou o administrador responde pelos prejuízos que, por dolo ou culpa, causar à parte,…”; esse assunto não integra a formulação da demanda nem a correção da inicial desta aula."
cpc-lei-13105-capture-2026-09-28,Art. 162,aula-01.html,unused,Art. 162 dispõe sobre “O juiz nomeará intérprete ou tradutor quando necessário para:”; esse assunto não integra a formulação da demanda nem a correção da inicial desta aula.
cpc-lei-13105-capture-2026-09-28,Art. 163,aula-01.html,unused,Art. 163 dispõe sobre “Não pode ser intérprete ou tradutor quem:”; esse assunto não integra a formulação da demanda nem a correção da inicial desta aula.
cpc-lei-13105-capture-2026-09-28,Art. 164,aula-01.html,unused,"Art. 164 dispõe sobre “O intérprete ou tradutor, oficial ou não, é obrigado a desempenhar seu ofício, aplicando-se-lhe o…”; esse assunto não integra a formulação da demanda nem a correção da inicial desta aula."
cpc-lei-13105-capture-2026-09-28,Art. 165,aula-01.html,unused,"Art. 165 dispõe sobre “Os tribunais criarão centros judiciários de solução consensual de conflitos, responsáveis pela…”; esse assunto não integra a formulação da demanda nem a correção da inicial desta aula."
cpc-lei-13105-capture-2026-09-28,Art. 166,aula-01.html,unused,"Art. 166 dispõe sobre “A conciliação e a mediação são informadas pelos princípios da independência, da imparcialidade, da…”; esse assunto não integra a formulação da demanda nem a correção da inicial desta aula."
cpc-lei-13105-capture-2026-09-28,Art. 167,aula-01.html,unused,"Art. 167 dispõe sobre “Os conciliadores, os mediadores e as câmaras privadas de conciliação e mediação serão inscritos em…”; esse assunto não integra a formulação da demanda nem a correção da inicial desta aula."
cpc-lei-13105-capture-2026-09-28,Art. 168,aula-01.html,unused,"Art. 168 dispõe sobre “As partes podem escolher, de comum acordo, o conciliador, o mediador ou a câmara privada de…”; esse assunto não integra a formulação da demanda nem a correção da inicial desta aula."
cpc-lei-13105-capture-2026-09-28,Art. 169,aula-01.html,unused,Art. 169 dispõe sobre “Ressalvada a hipótese do”; esse assunto não integra a formulação da demanda nem a correção da inicial desta aula.
cpc-lei-13105-capture-2026-09-28,Art. 170,aula-01.html,unused,"Art. 170 dispõe sobre “No caso de impedimento, o conciliador ou mediador o comunicará imediatamente, de preferência por meio…”; esse assunto não integra a formulação da demanda nem a correção da inicial desta aula."
cpc-lei-13105-capture-2026-09-28,Art. 171,aula-01.html,unused,"Art. 171 dispõe sobre “No caso de impossibilidade temporária do exercício da função, o conciliador ou mediador informará o…”; esse assunto não integra a formulação da demanda nem a correção da inicial desta aula."
cpc-lei-13105-capture-2026-09-28,Art. 172,aula-01.html,unused,"Art. 172 dispõe sobre “O conciliador e o mediador ficam impedidos, pelo prazo de 1 (um) ano, contado do término da última…”; esse assunto não integra a formulação da demanda nem a correção da inicial desta aula."
cpc-lei-13105-capture-2026-09-28,Art. 173,aula-01.html,unused,Art. 173 dispõe sobre “Será excluído do cadastro de conciliadores e mediadores aquele que:”; esse assunto não integra a formulação da demanda nem a correção da inicial desta aula.
cpc-lei-13105-capture-2026-09-28,Art. 174,aula-01.html,unused,"Art. 174 dispõe sobre “A União, os Estados, o Distrito Federal e os Municípios criarão câmaras de mediação e conciliação,…”; esse assunto não integra a formulação da demanda nem a correção da inicial desta aula."
cpc-lei-13105-capture-2026-09-28,Art. 175,aula-01.html,unused,Art. 175 dispõe sobre “As disposições desta Seção não excluem outras formas de conciliação e mediação extrajudiciais…”; esse assunto não integra a formulação da demanda nem a correção da inicial desta aula.
cpc-lei-13105-capture-2026-09-28,Art. 176,aula-01.html,unused,"Art. 176 dispõe sobre “O Ministério Público atuará na defesa da ordem jurídica, do regime democrático e dos interesses e…”; esse assunto não integra a formulação da demanda nem a correção da inicial desta aula."
cpc-lei-13105-capture-2026-09-28,Art. 177,aula-01.html,unused,Art. 177 dispõe sobre “O Ministério Público exercerá o direito de ação em conformidade com suas atribuições constitucionais”; esse assunto não integra a formulação da demanda nem a correção da inicial desta aula.
cpc-lei-13105-capture-2026-09-28,Art. 178,aula-01.html,unused,"Art. 178 dispõe sobre “O Ministério Público será intimado para, no prazo de 30 (trinta) dias, intervir como fiscal da ordem…”; esse assunto não integra a formulação da demanda nem a correção da inicial desta aula."
cpc-lei-13105-capture-2026-09-28,Art. 179,aula-01.html,unused,"Art. 179 dispõe sobre “Nos casos de intervenção como fiscal da ordem jurídica, o Ministério Público:”; esse assunto não integra a formulação da demanda nem a correção da inicial desta aula."
cpc-lei-13105-capture-2026-09-28,Art. 180,aula-01.html,unused,"Art. 180 dispõe sobre “O Ministério Público gozará de prazo em dobro para manifestar-se nos autos, que terá início a partir…”; esse assunto não integra a formulação da demanda nem a correção da inicial desta aula."
cpc-lei-13105-capture-2026-09-28,Art. 181,aula-01.html,unused,Art. 181 dispõe sobre “O membro do Ministério Público será civil e regressivamente responsável quando agir com dolo ou…”; esse assunto não integra a formulação da demanda nem a correção da inicial desta aula.
cpc-lei-13105-capture-2026-09-28,Art. 182,aula-01.html,unused,"Art. 182 dispõe sobre “Incumbe à Advocacia Pública, na forma da lei, defender e promover os interesses públicos da União,…”; esse assunto não integra a formulação da demanda nem a correção da inicial desta aula."
cpc-lei-13105-capture-2026-09-28,Art. 183,aula-01.html,unused,"Art. 183 dispõe sobre “A União, os Estados, o Distrito Federal, os Municípios e suas respectivas autarquias e fundações de…”; esse assunto não integra a formulação da demanda nem a correção da inicial desta aula."
cpc-lei-13105-capture-2026-09-28,Art. 184,aula-01.html,unused,Art. 184 dispõe sobre “O membro da Advocacia Pública será civil e regressivamente responsável quando agir com dolo ou fraude…”; esse assunto não integra a formulação da demanda nem a correção da inicial desta aula.
cpc-lei-13105-capture-2026-09-28,Art. 185,aula-01.html,unused,"Art. 185 dispõe sobre “A Defensoria Pública exercerá a orientação jurídica, a promoção dos direitos humanos e a defesa dos…”; esse assunto não integra a formulação da demanda nem a correção da inicial desta aula."
cpc-lei-13105-capture-2026-09-28,Art. 186,aula-01.html,unused,Art. 186 dispõe sobre “A Defensoria Pública gozará de prazo em dobro para todas as suas manifestações processuais”; esse assunto não integra a formulação da demanda nem a correção da inicial desta aula.
cpc-lei-13105-capture-2026-09-28,Art. 187,aula-01.html,unused,Art. 187 dispõe sobre “O membro da Defensoria Pública será civil e regressivamente responsável quando agir com dolo ou…”; esse assunto não integra a formulação da demanda nem a correção da inicial desta aula.
cpc-lei-13105-capture-2026-09-28,Art. 188,aula-01.html,unused,"Art. 188 dispõe sobre “Os atos e os termos processuais independem de forma determinada, salvo quando a lei expressamente a…”; esse assunto não integra a formulação da demanda nem a correção da inicial desta aula."
cpc-lei-13105-capture-2026-09-28,Art. 189,aula-01.html,unused,"Art. 189 dispõe sobre “Os atos processuais são públicos, todavia tramitam em segredo de justiça os processos:”; esse assunto não integra a formulação da demanda nem a correção da inicial desta aula."
cpc-lei-13105-capture-2026-09-28,Art. 190,aula-01.html,unused,"Art. 190 dispõe sobre “Versando o processo sobre direitos que admitam autocomposição, é lícito às partes plenamente capazes…”; esse assunto não integra a formulação da demanda nem a correção da inicial desta aula."
cpc-lei-13105-capture-2026-09-28,Art. 191,aula-01.html,unused,"Art. 191 dispõe sobre “De comum acordo, o juiz e as partes podem fixar calendário para a prática dos atos processuais,…”; esse assunto não integra a formulação da demanda nem a correção da inicial desta aula."
cpc-lei-13105-capture-2026-09-28,Art. 192,aula-01.html,unused,Art. 192 dispõe sobre “Em todos os atos e termos do processo é obrigatório o uso da língua portuguesa”; esse assunto não integra a formulação da demanda nem a correção da inicial desta aula.
cpc-lei-13105-capture-2026-09-28,Art. 193,aula-01.html,unused,"Art. 193 dispõe sobre “Os atos processuais podem ser total ou parcialmente digitais, de forma a permitir que sejam…”; esse assunto não integra a formulação da demanda nem a correção da inicial desta aula."
cpc-lei-13105-capture-2026-09-28,Art. 194,aula-01.html,unused,"Art. 194 dispõe sobre “Os sistemas de automação processual respeitarão a publicidade dos atos, o acesso e a participação das…”; esse assunto não integra a formulação da demanda nem a correção da inicial desta aula."
cpc-lei-13105-capture-2026-09-28,Art. 195,aula-01.html,unused,"Art. 195 dispõe sobre “O registro de ato processual eletrônico deverá ser feito em padrões abertos, que atenderão aos…”; esse assunto não integra a formulação da demanda nem a correção da inicial desta aula."
cpc-lei-13105-capture-2026-09-28,Art. 196,aula-01.html,unused,"Art. 196 dispõe sobre “Compete ao Conselho Nacional de Justiça e, supletivamente, aos tribunais, regulamentar a prática e a…”; esse assunto não integra a formulação da demanda nem a correção da inicial desta aula."
cpc-lei-13105-capture-2026-09-28,Art. 197,aula-01.html,unused,Art. 197 dispõe sobre “Os tribunais divulgarão as informações constantes de seu sistema de automação em página própria na…”; esse assunto não integra a formulação da demanda nem a correção da inicial desta aula.
cpc-lei-13105-capture-2026-09-28,Art. 198,aula-01.html,unused,"Art. 198 dispõe sobre “As unidades do Poder Judiciário deverão manter gratuitamente, à disposição dos interessados,…”; esse assunto não integra a formulação da demanda nem a correção da inicial desta aula."
cpc-lei-13105-capture-2026-09-28,Art. 199,aula-01.html,unused,Art. 199 dispõe sobre “As unidades do Poder Judiciário assegurarão às pessoas com deficiência acessibilidade aos seus sítios…”; esse assunto não integra a formulação da demanda nem a correção da inicial desta aula.
cpc-lei-13105-capture-2026-09-28,Art. 200,aula-01.html,unused,Art. 200 dispõe sobre “Os atos das partes consistentes em declarações unilaterais ou bilaterais de vontade produzem…”; esse assunto não integra a formulação da demanda nem a correção da inicial desta aula.
cpc-lei-13105-capture-2026-09-28,Art. 201,aula-01.html,unused,"Art. 201 dispõe sobre “As partes poderão exigir recibo de petições, arrazoados, papéis e documentos que entregarem em cartório”; esse assunto não integra a formulação da demanda nem a correção da inicial desta aula."
cpc-lei-13105-capture-2026-09-28,Art. 202,aula-01.html,unused,"Art. 202 dispõe sobre “É vedado lançar nos autos cotas marginais ou interlineares, as quais o juiz mandará riscar, impondo a…”; esse assunto não integra a formulação da demanda nem a correção da inicial desta aula."
cpc-lei-13105-capture-2026-09-28,Art. 203,aula-01.html,unused,"Art. 203 dispõe sobre “Os pronunciamentos do juiz consistirão em sentenças, decisões interlocutórias e despachos”; esse assunto não integra a formulação da demanda nem a correção da inicial desta aula."
cpc-lei-13105-capture-2026-09-28,Art. 204,aula-01.html,unused,Art. 204 dispõe sobre “Acórdão é o julgamento colegiado proferido pelos tribunais”; esse assunto não integra a formulação da demanda nem a correção da inicial desta aula.
cpc-lei-13105-capture-2026-09-28,Art. 205,aula-01.html,unused,"Art. 205 dispõe sobre “Os despachos, as decisões, as sentenças e os acórdãos serão redigidos, datados e assinados pelos juízes”; esse assunto não integra a formulação da demanda nem a correção da inicial desta aula."
cpc-lei-13105-capture-2026-09-28,Art. 206,aula-01.html,unused,"Art. 206 dispõe sobre “Ao receber a petição inicial de processo, o escrivão ou o chefe de secretaria a autuará, mencionando…”; esse assunto não integra a formulação da demanda nem a correção da inicial desta aula."
cpc-lei-13105-capture-2026-09-28,Art. 207,aula-01.html,unused,Art. 207 dispõe sobre “O escrivão ou o chefe de secretaria numerará e rubricará todas as folhas dos autos”; esse assunto não integra a formulação da demanda nem a correção da inicial desta aula.
cpc-lei-13105-capture-2026-09-28,Art. 208,aula-01.html,unused,"Art. 208 dispõe sobre “Os termos de juntada, vista, conclusão e outros semelhantes constarão de notas datadas e rubricadas…”; esse assunto não integra a formulação da demanda nem a correção da inicial desta aula."
cpc-lei-13105-capture-2026-09-28,Art. 209,aula-01.html,unused,"Art. 209 dispõe sobre “Os atos e os termos do processo serão assinados pelas pessoas que neles intervierem, todavia, quando…”; esse assunto não integra a formulação da demanda nem a correção da inicial desta aula."
cpc-lei-13105-capture-2026-09-28,Art. 210,aula-01.html,unused,"Art. 210 dispõe sobre “É lícito o uso da taquigrafia, da estenotipia ou de outro método idôneo em qualquer juízo ou tribunal”; esse assunto não integra a formulação da demanda nem a correção da inicial desta aula."
cpc-lei-13105-capture-2026-09-28,Art. 211,aula-01.html,unused,"Art. 211 dispõe sobre “Não se admitem nos atos e termos processuais espaços em branco, salvo os que forem inutilizados,…”; esse assunto não integra a formulação da demanda nem a correção da inicial desta aula."
cpc-lei-13105-capture-2026-09-28,Art. 212,aula-01.html,unused,"Art. 212 dispõe sobre “Os atos processuais serão realizados em dias úteis, das 6 (seis) às 20 (vinte) horas”; esse assunto não integra a formulação da demanda nem a correção da inicial desta aula."
cpc-lei-13105-capture-2026-09-28,Art. 213,aula-01.html,unused,Art. 213 dispõe sobre “A prática eletrônica de ato processual pode ocorrer em qualquer horário até as 24 (vinte e quatro)…”; esse assunto não integra a formulação da demanda nem a correção da inicial desta aula.
cpc-lei-13105-capture-2026-09-28,Art. 214,aula-01.html,unused,"Art. 214 dispõe sobre “Durante as férias forenses e nos feriados, não se praticarão atos processuais, excetuando-se:”; esse assunto não integra a formulação da demanda nem a correção da inicial desta aula."
cpc-lei-13105-capture-2026-09-28,Art. 215,aula-01.html,unused,"Art. 215 dispõe sobre “Processam-se durante as férias forenses, onde as houver, e não se suspendem pela superveniência delas:”; esse assunto não integra a formulação da demanda nem a correção da inicial desta aula."
cpc-lei-13105-capture-2026-09-28,Art. 216,aula-01.html,unused,"Art. 216 dispõe sobre “Além dos declarados em lei, são feriados, para efeito forense, os sábados, os domingos e os dias em…”; esse assunto não integra a formulação da demanda nem a correção da inicial desta aula."
cpc-lei-13105-capture-2026-09-28,Art. 217,aula-01.html,unused,"Art. 217 dispõe sobre “Os atos processuais realizar-se-ão ordinariamente na sede do juízo, ou, excepcionalmente, em outro…”; esse assunto não integra a formulação da demanda nem a correção da inicial desta aula."
cpc-lei-13105-capture-2026-09-28,Art. 218,aula-01.html,unused,Art. 218 dispõe sobre “Os atos processuais serão realizados nos prazos prescritos em lei”; esse assunto não integra a formulação da demanda nem a correção da inicial desta aula.
cpc-lei-13105-capture-2026-09-28,Art. 219,aula-01.html,unused,"Art. 219 dispõe sobre “Na contagem de prazo em dias, estabelecido por lei ou pelo juiz, computar-se-ão somente os dias úteis”; esse assunto não integra a formulação da demanda nem a correção da inicial desta aula."
cpc-lei-13105-capture-2026-09-28,Art. 220,aula-01.html,unused,"Art. 220 dispõe sobre “Suspende-se o curso do prazo processual nos dias compreendidos entre 20 de dezembro e 20 de janeiro,…”; esse assunto não integra a formulação da demanda nem a correção da inicial desta aula."
cpc-lei-13105-capture-2026-09-28,Art. 221,aula-01.html,unused,Art. 221 dispõe sobre “Suspende-se o curso do prazo por obstáculo criado em detrimento da parte ou ocorrendo qualquer das…”; esse assunto não integra a formulação da demanda nem a correção da inicial desta aula.
cpc-lei-13105-capture-2026-09-28,Art. 222,aula-01.html,unused,"Art. 222 dispõe sobre “Na comarca, seção ou subseção judiciária onde for difícil o transporte, o juiz poderá prorrogar os…”; esse assunto não integra a formulação da demanda nem a correção da inicial desta aula."
cpc-lei-13105-capture-2026-09-28,Art. 223,aula-01.html,unused,"Art. 223 dispõe sobre “Decorrido o prazo, extingue-se o direito de praticar ou de emendar o ato processual,…”; esse assunto não integra a formulação da demanda nem a correção da inicial desta aula."
cpc-lei-13105-capture-2026-09-28,Art. 224,aula-01.html,unused,"Art. 224 dispõe sobre “Salvo disposição em contrário, os prazos serão contados excluindo o dia do começo e incluindo o dia…”; esse assunto não integra a formulação da demanda nem a correção da inicial desta aula."
cpc-lei-13105-capture-2026-09-28,Art. 225,aula-01.html,unused,"Art. 225 dispõe sobre “A parte poderá renunciar ao prazo estabelecido exclusivamente em seu favor, desde que o faça de…”; esse assunto não integra a formulação da demanda nem a correção da inicial desta aula."
cpc-lei-13105-capture-2026-09-28,Art. 226,aula-01.html,unused,Art. 226 dispõe sobre “O juiz proferirá:”; esse assunto não integra a formulação da demanda nem a correção da inicial desta aula.
cpc-lei-13105-capture-2026-09-28,Art. 227,aula-01.html,unused,"Art. 227 dispõe sobre “Em qualquer grau de jurisdição, havendo motivo justificado, pode o juiz exceder, por igual tempo, os…”; esse assunto não integra a formulação da demanda nem a correção da inicial desta aula."
cpc-lei-13105-capture-2026-09-28,Art. 228,aula-01.html,unused,Art. 228 dispõe sobre “Incumbirá ao serventuário remeter os autos conclusos no prazo de 1 (um) dia e executar os atos…”; esse assunto não integra a formulação da demanda nem a correção da inicial desta aula.
cpc-lei-13105-capture-2026-09-28,Art. 229,aula-01.html,unused,"Art. 229 dispõe sobre “Os litisconsortes que tiverem diferentes procuradores, de escritórios de advocacia distintos, terão…”; esse assunto não integra a formulação da demanda nem a correção da inicial desta aula."
cpc-lei-13105-capture-2026-09-28,Art. 230,aula-01.html,unused,"Art. 230 dispõe sobre “O prazo para a parte, o procurador, a Advocacia Pública, a Defensoria Pública e o Ministério Público…”; esse assunto não integra a formulação da demanda nem a correção da inicial desta aula."
cpc-lei-13105-capture-2026-09-28,Art. 231,aula-01.html,unused,"Art. 231 dispõe sobre “Salvo disposição em sentido diverso, considera-se dia do começo do prazo:”; esse assunto não integra a formulação da demanda nem a correção da inicial desta aula."
cpc-lei-13105-capture-2026-09-28,Art. 232,aula-01.html,unused,"Art. 232 dispõe sobre “Nos atos de comunicação por carta precatória, rogatória ou de ordem, a realização da citação ou da…”; esse assunto não integra a formulação da demanda nem a correção da inicial desta aula."
cpc-lei-13105-capture-2026-09-28,Art. 233,aula-01.html,unused,"Art. 233 dispõe sobre “Incumbe ao juiz verificar se o serventuário excedeu, sem motivo legítimo, os prazos estabelecidos em lei”; esse assunto não integra a formulação da demanda nem a correção da inicial desta aula."
cpc-lei-13105-capture-2026-09-28,Art. 234,aula-01.html,unused,"Art. 234 dispõe sobre “Os advogados públicos ou privados, o defensor público e o membro do Ministério Público devem…”; esse assunto não integra a formulação da demanda nem a correção da inicial desta aula."
cpc-lei-13105-capture-2026-09-28,Art. 235,aula-01.html,unused,"Art. 235 dispõe sobre “Qualquer parte, o Ministério Público ou a Defensoria Pública poderá representar ao corregedor do…”; esse assunto não integra a formulação da demanda nem a correção da inicial desta aula."
cpc-lei-13105-capture-2026-09-28,Art. 236,aula-01.html,unused,Art. 236 dispõe sobre “Os atos processuais serão cumpridos por ordem judicial”; esse assunto não integra a formulação da demanda nem a correção da inicial desta aula.
cpc-lei-13105-capture-2026-09-28,Art. 237,aula-01.html,unused,Art. 237 dispõe sobre “Será expedida carta:”; esse assunto não integra a formulação da demanda nem a correção da inicial desta aula.
cpc-lei-13105-capture-2026-09-28,Art. 238,aula-01.html,unused,"Art. 238 dispõe sobre “Citação é o ato pelo qual são convocados o réu, o executado ou o interessado para integrar a relação…”; esse assunto não integra a formulação da demanda nem a correção da inicial desta aula."
cpc-lei-13105-capture-2026-09-28,Art. 239,aula-01.html,unused,"Art. 239 dispõe sobre “Para a validade do processo é indispensável a citação do réu ou do executado, ressalvadas as…”; esse assunto não integra a formulação da demanda nem a correção da inicial desta aula."
cpc-lei-13105-capture-2026-09-28,Art. 240,aula-01.html,unused,"Art. 240 dispõe sobre “A citação válida, ainda quando ordenada por juízo incompetente, induz litispendência, torna litigiosa…”; esse assunto não integra a formulação da demanda nem a correção da inicial desta aula."
cpc-lei-13105-capture-2026-09-28,Art. 241,aula-01.html,unused,"Art. 241 dispõe sobre “Transitada em julgado a sentença de mérito proferida em favor do réu antes da citação, incumbe ao…”; esse assunto não integra a formulação da demanda nem a correção da inicial desta aula."
cpc-lei-13105-capture-2026-09-28,Art. 242,aula-01.html,unused,"Art. 242 dispõe sobre “A citação será pessoal, podendo, no entanto, ser feita na pessoa do representante legal ou do…”; esse assunto não integra a formulação da demanda nem a correção da inicial desta aula."
cpc-lei-13105-capture-2026-09-28,Art. 243,aula-01.html,unused,"Art. 243 dispõe sobre “A citação poderá ser feita em qualquer lugar em que se encontre o réu, o executado ou o interessado”; esse assunto não integra a formulação da demanda nem a correção da inicial desta aula."
cpc-lei-13105-capture-2026-09-28,Art. 244,aula-01.html,unused,"Art. 244 dispõe sobre “Não se fará a citação, salvo para evitar o perecimento do direito:”; esse assunto não integra a formulação da demanda nem a correção da inicial desta aula."
cpc-lei-13105-capture-2026-09-28,Art. 245,aula-01.html,unused,Art. 245 dispõe sobre “Não se fará citação quando se verificar que o citando é mentalmente incapaz ou está impossibilitado…”; esse assunto não integra a formulação da demanda nem a correção da inicial desta aula.
cpc-lei-13105-capture-2026-09-28,Art. 246,aula-01.html,unused,Art. 246 dispõe sobre “A citação será feita:”; esse assunto não integra a formulação da demanda nem a correção da inicial desta aula.
cpc-lei-13105-capture-2026-09-28,Art. 247,aula-01.html,unused,"Art. 247 dispõe sobre “A citação será feita pelo correio para qualquer comarca do país, exceto:”; esse assunto não integra a formulação da demanda nem a correção da inicial desta aula."
cpc-lei-13105-capture-2026-09-28,Art. 248,aula-01.html,unused,"Art. 248 dispõe sobre “Deferida a citação pelo correio, o escrivão ou o chefe de secretaria remeterá ao citando cópias da…”; esse assunto não integra a formulação da demanda nem a correção da inicial desta aula."
cpc-lei-13105-capture-2026-09-28,Art. 249,aula-01.html,unused,"Art. 249 dispõe sobre “A citação será feita por meio de oficial de justiça nas hipóteses previstas neste Código ou em lei,…”; esse assunto não integra a formulação da demanda nem a correção da inicial desta aula."
cpc-lei-13105-capture-2026-09-28,Art. 250,aula-01.html,unused,Art. 250 dispõe sobre “O mandado que o oficial de justiça tiver de cumprir conterá:”; esse assunto não integra a formulação da demanda nem a correção da inicial desta aula.
cpc-lei-13105-capture-2026-09-28,Art. 251,aula-01.html,unused,"Art. 251 dispõe sobre “Incumbe ao oficial de justiça procurar o citando e, onde o encontrar, citá-lo:”; esse assunto não integra a formulação da demanda nem a correção da inicial desta aula."
cpc-lei-13105-capture-2026-09-28,Art. 252,aula-01.html,unused,"Art. 252 dispõe sobre “Quando, por 2 (duas) vezes, o oficial de justiça houver procurado o citando em seu domicílio ou…”; esse assunto não integra a formulação da demanda nem a correção da inicial desta aula."
cpc-lei-13105-capture-2026-09-28,Art. 253,aula-01.html,unused,"Art. 253 dispõe sobre “No dia e na hora designados, o oficial de justiça, independentemente de novo despacho, comparecerá ao…”; esse assunto não integra a formulação da demanda nem a correção da inicial desta aula."
cpc-lei-13105-capture-2026-09-28,Art. 254,aula-01.html,unused,"Art. 254 dispõe sobre “Feita a citação com hora certa, o escrivão ou chefe de secretaria enviará ao réu, executado ou…”; esse assunto não integra a formulação da demanda nem a correção da inicial desta aula."
cpc-lei-13105-capture-2026-09-28,Art. 255,aula-01.html,unused,"Art. 255 dispõe sobre “Nas comarcas contíguas de fácil comunicação e nas que se situem na mesma região metropolitana, o…”; esse assunto não integra a formulação da demanda nem a correção da inicial desta aula."
cpc-lei-13105-capture-2026-09-28,Art. 256,aula-01.html,unused,Art. 256 dispõe sobre “A citação por edital será feita:”; esse assunto não integra a formulação da demanda nem a correção da inicial desta aula.
cpc-lei-13105-capture-2026-09-28,Art. 257,aula-01.html,unused,Art. 257 dispõe sobre “São requisitos da citação por edital:”; esse assunto não integra a formulação da demanda nem a correção da inicial desta aula.
cpc-lei-13105-capture-2026-09-28,Art. 258,aula-01.html,unused,"Art. 258 dispõe sobre “A parte que requerer a citação por edital, alegando dolosamente a ocorrência das circunstâncias…”; esse assunto não integra a formulação da demanda nem a correção da inicial desta aula."
cpc-lei-13105-capture-2026-09-28,Art. 259,aula-01.html,unused,Art. 259 dispõe sobre “Serão publicados editais:”; esse assunto não integra a formulação da demanda nem a correção da inicial desta aula.
cpc-lei-13105-capture-2026-09-28,Art. 260,aula-01.html,unused,"Art. 260 dispõe sobre “São requisitos das cartas de ordem, precatória e rogatória:”; esse assunto não integra a formulação da demanda nem a correção da inicial desta aula."
cpc-lei-13105-capture-2026-09-28,Art. 261,aula-01.html,unused,"Art. 261 dispõe sobre “Em todas as cartas o juiz fixará o prazo para cumprimento, atendendo à facilidade das comunicações e…”; esse assunto não integra a formulação da demanda nem a correção da inicial desta aula."
cpc-lei-13105-capture-2026-09-28,Art. 262,aula-01.html,unused,"Art. 262 dispõe sobre “A carta tem caráter itinerante, podendo, antes ou depois de lhe ser ordenado o cumprimento, ser…”; esse assunto não integra a formulação da demanda nem a correção da inicial desta aula."
cpc-lei-13105-capture-2026-09-28,Art. 263,aula-01.html,unused,"Art. 263 dispõe sobre “As cartas deverão, preferencialmente, ser expedidas por meio eletrônico, caso em que a assinatura do…”; esse assunto não integra a formulação da demanda nem a correção da inicial desta aula."
cpc-lei-13105-capture-2026-09-28,Art. 264,aula-01.html,unused,"Art. 264 dispõe sobre “A carta de ordem e a carta precatória por meio eletrônico, por telefone ou por telegrama conterão, em…”; esse assunto não integra a formulação da demanda nem a correção da inicial desta aula."
cpc-lei-13105-capture-2026-09-28,Art. 265,aula-01.html,unused,"Art. 265 dispõe sobre “O secretário do tribunal, o escrivão ou o chefe de secretaria do juízo deprecante transmitirá, por…”; esse assunto não integra a formulação da demanda nem a correção da inicial desta aula."
cpc-lei-13105-capture-2026-09-28,Art. 266,aula-01.html,unused,"Art. 266 dispõe sobre “Serão praticados de ofício os atos requisitados por meio eletrônico e de telegrama, devendo a parte…”; esse assunto não integra a formulação da demanda nem a correção da inicial desta aula."
cpc-lei-13105-capture-2026-09-28,Art. 268,aula-01.html,unused,"Art. 268 dispõe sobre “Cumprida a carta, será devolvida ao juízo de origem no prazo de 10 (dez) dias, independentemente de…”; esse assunto não integra a formulação da demanda nem a correção da inicial desta aula."
cpc-lei-13105-capture-2026-09-28,Art. 269,aula-01.html,unused,Art. 269 dispõe sobre “Intimação é o ato pelo qual se dá ciência a alguém dos atos e dos termos do processo”; esse assunto não integra a formulação da demanda nem a correção da inicial desta aula.
cpc-lei-13105-capture-2026-09-28,Art. 270,aula-01.html,unused,"Art. 270 dispõe sobre “As intimações realizam-se, sempre que possível, por meio eletrônico, na forma da lei”; esse assunto não integra a formulação da demanda nem a correção da inicial desta aula."
cpc-lei-13105-capture-2026-09-28,Art. 271,aula-01.html,unused,"Art. 271 dispõe sobre “O juiz determinará de ofício as intimações em processos pendentes, salvo disposição em contrário”; esse assunto não integra a formulação da demanda nem a correção da inicial desta aula."
cpc-lei-13105-capture-2026-09-28,Art. 272,aula-01.html,unused,"Art. 272 dispõe sobre “Quando não realizadas por meio eletrônico, consideram-se feitas as intimações pela publicação dos…”; esse assunto não integra a formulação da demanda nem a correção da inicial desta aula."
cpc-lei-13105-capture-2026-09-28,Art. 273,aula-01.html,unused,"Art. 273 dispõe sobre “Se inviável a intimação por meio eletrônico e não houver na localidade publicação em órgão oficial,…”; esse assunto não integra a formulação da demanda nem a correção da inicial desta aula."
cpc-lei-13105-capture-2026-09-28,Art. 274,aula-01.html,unused,"Art. 274 dispõe sobre “Não dispondo a lei de outro modo, as intimações serão feitas às partes, aos seus representantes…”; esse assunto não integra a formulação da demanda nem a correção da inicial desta aula."
cpc-lei-13105-capture-2026-09-28,Art. 275,aula-01.html,unused,Art. 275 dispõe sobre “A intimação será feita por oficial de justiça quando frustrada a realização por meio eletrônico ou…”; esse assunto não integra a formulação da demanda nem a correção da inicial desta aula.
cpc-lei-13105-capture-2026-09-28,Art. 276,aula-01.html,unused,"Art. 276 dispõe sobre “Quando a lei prescrever determinada forma sob pena de nulidade, a decretação desta não pode ser…”; esse assunto não integra a formulação da demanda nem a correção da inicial desta aula."
cpc-lei-13105-capture-2026-09-28,Art. 277,aula-01.html,unused,"Art. 277 dispõe sobre “Quando a lei prescrever determinada forma, o juiz considerará válido o ato se, realizado de outro…”; esse assunto não integra a formulação da demanda nem a correção da inicial desta aula."
cpc-lei-13105-capture-2026-09-28,Art. 278,aula-01.html,unused,"Art. 278 dispõe sobre “A nulidade dos atos deve ser alegada na primeira oportunidade em que couber à parte falar nos autos,…”; esse assunto não integra a formulação da demanda nem a correção da inicial desta aula."
cpc-lei-13105-capture-2026-09-28,Art. 279,aula-01.html,unused,Art. 279 dispõe sobre “É nulo o processo quando o membro do Ministério Público não for intimado a acompanhar o feito em que…”; esse assunto não integra a formulação da demanda nem a correção da inicial desta aula.
cpc-lei-13105-capture-2026-09-28,Art. 280,aula-01.html,unused,Art. 280 dispõe sobre “As citações e as intimações serão nulas quando feitas sem observância das prescrições legais”; esse assunto não integra a formulação da demanda nem a correção da inicial desta aula.
cpc-lei-13105-capture-2026-09-28,Art. 281,aula-01.html,unused,"Art. 281 dispõe sobre “Anulado o ato, consideram-se de nenhum efeito todos os subsequentes que dele dependam, todavia, a…”; esse assunto não integra a formulação da demanda nem a correção da inicial desta aula."
cpc-lei-13105-capture-2026-09-28,Art. 282,aula-01.html,unused,"Art. 282 dispõe sobre “Ao pronunciar a nulidade, o juiz declarará que atos são atingidos e ordenará as providências…”; esse assunto não integra a formulação da demanda nem a correção da inicial desta aula."
cpc-lei-13105-capture-2026-09-28,Art. 283,aula-01.html,unused,"Art. 283 dispõe sobre “O erro de forma do processo acarreta unicamente a anulação dos atos que não possam ser aproveitados,…”; esse assunto não integra a formulação da demanda nem a correção da inicial desta aula."
cpc-lei-13105-capture-2026-09-28,Art. 284,aula-01.html,unused,"Art. 284 dispõe sobre “Todos os processos estão sujeitos a registro, devendo ser distribuídos onde houver mais de um juiz”; esse assunto não integra a formulação da demanda nem a correção da inicial desta aula."
cpc-lei-13105-capture-2026-09-28,Art. 285,aula-01.html,unused,"Art. 285 dispõe sobre “A distribuição, que poderá ser eletrônica, será alternada e aleatória, obedecendo-se rigorosa igualdade”; esse assunto não integra a formulação da demanda nem a correção da inicial desta aula."
cpc-lei-13105-capture-2026-09-28,Art. 287,aula-01.html,supporting,"Especifica a procuração que acompanha a petição inicial, requisito formal do ato de propositura."
cpc-lei-13105-capture-2026-09-28,Art. 288,aula-01.html,unused,"Art. 288 dispõe sobre “O juiz, de ofício ou a requerimento do interessado, corrigirá o erro ou compensará a falta de…”; esse assunto não integra a formulação da demanda nem a correção da inicial desta aula."
cpc-lei-13105-capture-2026-09-28,Art. 289,aula-01.html,unused,"Art. 289 dispõe sobre “A distribuição poderá ser fiscalizada pela parte, por seu procurador, pelo Ministério Público e pela…”; esse assunto não integra a formulação da demanda nem a correção da inicial desta aula."
cpc-lei-13105-capture-2026-09-28,Art. 290,aula-01.html,unused,"Art. 290 dispõe sobre “Será cancelada a distribuição do feito se a parte, intimada na pessoa de seu advogado, não realizar o…”; esse assunto não integra a formulação da demanda nem a correção da inicial desta aula."
cpc-lei-13105-capture-2026-09-28,Art. 291,aula-01.html,supporting,"Exige valor certo para a causa, dado que integra a petição inicial."
cpc-lei-13105-capture-2026-09-28,Art. 292,aula-01.html,supporting,Detalha como se atribui o valor da causa indicado na petição inicial.
cpc-lei-13105-capture-2026-09-28,Art. 293,aula-01.html,supporting,"Define a impugnação do valor atribuído pelo autor, complemento direto ao requisito da inicial."
cpc-lei-13105-capture-2026-09-28,Art. 294,aula-01.html,unused,Art. 294 dispõe sobre “A tutela provisória pode fundamentar-se em urgência ou evidência”; esse assunto não integra a formulação da demanda nem a correção da inicial desta aula.
cpc-lei-13105-capture-2026-09-28,Art. 295,aula-01.html,unused,Art. 295 dispõe sobre “A tutela provisória requerida em caráter incidental independe do pagamento de custas”; esse assunto não integra a formulação da demanda nem a correção da inicial desta aula.
cpc-lei-13105-capture-2026-09-28,Art. 297,aula-01.html,unused,Art. 297 dispõe sobre “O juiz poderá determinar as medidas que considerar adequadas para efetivação da tutela provisória”; esse assunto não integra a formulação da demanda nem a correção da inicial desta aula.
cpc-lei-13105-capture-2026-09-28,Art. 298,aula-01.html,unused,"Art. 298 dispõe sobre “Na decisão que conceder, negar, modificar ou revogar a tutela provisória, o juiz motivará seu…”; esse assunto não integra a formulação da demanda nem a correção da inicial desta aula."
cpc-lei-13105-capture-2026-09-28,Art. 299,aula-01.html,unused,"Art. 299 dispõe sobre “A tutela provisória será requerida ao juízo da causa e, quando antecedente, ao juízo competente para…”; esse assunto não integra a formulação da demanda nem a correção da inicial desta aula."
cpc-lei-13105-capture-2026-09-28,Art. 300,aula-01.html,unused,Art. 300 dispõe sobre “A tutela de urgência será concedida quando houver elementos que evidenciem a probabilidade do direito…”; esse assunto não integra a formulação da demanda nem a correção da inicial desta aula.
cpc-lei-13105-capture-2026-09-28,Art. 301,aula-01.html,unused,"Art. 301 dispõe sobre “A tutela de urgência de natureza cautelar pode ser efetivada mediante arresto, sequestro, arrolamento…”; esse assunto não integra a formulação da demanda nem a correção da inicial desta aula."
cpc-lei-13105-capture-2026-09-28,Art. 302,aula-01.html,unused,"Art. 302 dispõe sobre “Independentemente da reparação por dano processual, a parte responde pelo prejuízo que a efetivação…”; esse assunto não integra a formulação da demanda nem a correção da inicial desta aula."
cpc-lei-13105-capture-2026-09-28,Art. 303,aula-01.html,unused,"Art. 303 trata de petição inicial em tutela provisória antecedente, fora do escopo de procedimento comum, demanda e emenda desta aula."
cpc-lei-13105-capture-2026-09-28,Art. 304,aula-01.html,unused,"Art. 304 dispõe sobre “A tutela antecipada, concedida nos termos do”; esse assunto não integra a formulação da demanda nem a correção da inicial desta aula."
cpc-lei-13105-capture-2026-09-28,Art. 305,aula-01.html,unused,"Art. 305 trata de petição inicial em tutela provisória antecedente, fora do escopo de procedimento comum, demanda e emenda desta aula."
cpc-lei-13105-capture-2026-09-28,Art. 306,aula-01.html,unused,"Art. 306 dispõe sobre “O réu será citado para, no prazo de 5 (cinco) dias, contestar o pedido e indicar as provas que…”; esse assunto não integra a formulação da demanda nem a correção da inicial desta aula."
cpc-lei-13105-capture-2026-09-28,Art. 307,aula-01.html,unused,"Art. 307 dispõe sobre “Não sendo contestado o pedido, os fatos alegados pelo autor presumir-se-ão aceitos pelo réu como…”; esse assunto não integra a formulação da demanda nem a correção da inicial desta aula."
cpc-lei-13105-capture-2026-09-28,Art. 308,aula-01.html,unused,"Art. 308 dispõe sobre “Efetivada a tutela cautelar, o pedido principal terá de ser formulado pelo autor no prazo de 30…”; esse assunto não integra a formulação da demanda nem a correção da inicial desta aula."
cpc-lei-13105-capture-2026-09-28,Art. 309,aula-01.html,unused,"Art. 309 dispõe sobre “Cessa a eficácia da tutela concedida em caráter antecedente, se:”; esse assunto não integra a formulação da demanda nem a correção da inicial desta aula."
cpc-lei-13105-capture-2026-09-28,Art. 310,aula-01.html,unused,"Art. 310 dispõe sobre “O indeferimento da tutela cautelar não obsta a que a parte formule o pedido principal, nem influi no…”; esse assunto não integra a formulação da demanda nem a correção da inicial desta aula."
cpc-lei-13105-capture-2026-09-28,Art. 311,aula-01.html,unused,"Art. 311 dispõe sobre “A tutela da evidência será concedida, independentemente da demonstração de perigo de dano ou de risco…”; esse assunto não integra a formulação da demanda nem a correção da inicial desta aula."
cpc-lei-13105-capture-2026-09-28,Art. 312,aula-01.html,supporting,Fixa quando a ação se considera proposta pelo protocolo da petição inicial.
cpc-lei-13105-capture-2026-09-28,Art. 313,aula-01.html,unused,Art. 313 dispõe sobre “Suspende-se o processo:”; esse assunto não integra a formulação da demanda nem a correção da inicial desta aula.
cpc-lei-13105-capture-2026-09-28,Art. 314,aula-01.html,unused,"Art. 314 dispõe sobre “Durante a suspensão é vedado praticar qualquer ato processual, podendo o juiz, todavia, determinar a…”; esse assunto não integra a formulação da demanda nem a correção da inicial desta aula."
cpc-lei-13105-capture-2026-09-28,Art. 315,aula-01.html,unused,"Art. 315 dispõe sobre “Se o conhecimento do mérito depender de verificação da existência de fato delituoso, o juiz pode…”; esse assunto não integra a formulação da demanda nem a correção da inicial desta aula."
cpc-lei-13105-capture-2026-09-28,Art. 316,aula-01.html,unused,Art. 316 dispõe sobre “A extinção do processo dar-se-á por sentença”; esse assunto não integra a formulação da demanda nem a correção da inicial desta aula.
cpc-lei-13105-capture-2026-09-28,Art. 317,aula-01.html,supporting,"Reforça o dever de oportunizar a correção de vício antes da extinção sem mérito, em diálogo com a emenda da inicial."
cpc-lei-13105-capture-2026-09-28,Art. 318,aula-01.html,supporting,Identifica o procedimento comum que organiza a fase de conhecimento apresentada na aula.
cpc-lei-13105-capture-2026-09-28,Art. 319,aula-01.html,supporting,Enumera os dados e elementos que a petição inicial deve indicar.
cpc-lei-13105-capture-2026-09-28,Art. 320,aula-01.html,supporting,Define os documentos indispensáveis que instruem a petição inicial.
cpc-lei-13105-capture-2026-09-28,Art. 321,aula-01.html,supporting,Regula a ordem de emenda quando faltam requisitos ou documentos na inicial.
cpc-lei-13105-capture-2026-09-28,Art. 322,aula-01.html,supporting,"Exige pedido certo, elemento central para delimitar a demanda."
cpc-lei-13105-capture-2026-09-28,Art. 323,aula-01.html,supporting,"Esclarece a inclusão de prestações sucessivas no pedido, uma regra de interpretação de seu alcance."
cpc-lei-13105-capture-2026-09-28,Art. 324,aula-01.html,supporting,"Exige pedido determinado e prevê exceções, núcleo da delimitação da demanda."
cpc-lei-13105-capture-2026-09-28,Art. 325,aula-01.html,supporting,"Regula o pedido alternativo, modalidade de formulação da demanda."
cpc-lei-13105-capture-2026-09-28,Art. 326,aula-01.html,supporting,Autoriza pedidos subsidiários e define a ordem em que serão apreciados.
cpc-lei-13105-capture-2026-09-28,Art. 327,aula-01.html,supporting,"Regula a cumulação de pedidos, técnica para formular mais de uma pretensão na inicial."
cpc-lei-13105-capture-2026-09-28,Art. 328,aula-01.html,unused,"Art. 328 dispõe sobre “Na obrigação indivisível com pluralidade de credores, aquele que não participou do processo receberá…”; esse assunto não integra a formulação da demanda nem a correção da inicial desta aula."
cpc-lei-13105-capture-2026-09-28,Art. 329,aula-01.html,supporting,"Define quando o autor pode aditar ou alterar pedido e causa de pedir, tema central da emenda."
cpc-lei-13105-capture-2026-09-28,Art. 330,aula-01.html,supporting,Enumera hipóteses de indeferimento da petição inicial após a oportunidade de correção.
cpc-lei-13105-capture-2026-09-28,Art. 331,aula-01.html,unused,A apelação contra o indeferimento pertence à etapa recursal; esta aula encerra na correção ou no indeferimento da inicial.
cpc-lei-13105-capture-2026-09-28,Art. 332,aula-01.html,unused,"A improcedência liminar é o recorte próprio da aula seguinte, separado no mapa do curso."
cpc-lei-13105-capture-2026-09-28,Art. 333,aula-01.html,unused,"Art. 333 está vetado e não fornece regra aplicável à inicial, à demanda ou à emenda."
cpc-lei-13105-capture-2026-09-28,Art. 334,aula-01.html,unused,"A audiência inicial é o recorte próprio da aula seguinte, posterior à verificação da petição inicial."
cpc-lei-13105-capture-2026-09-28,Art. 335,aula-01.html,unused,"Art. 335 dispõe sobre “O réu poderá oferecer contestação, por petição, no prazo de 15 (quinze) dias, cujo termo inicial será…”; esse assunto não integra a formulação da demanda nem a correção da inicial desta aula."
cpc-lei-13105-capture-2026-09-28,Art. 336,aula-01.html,unused,"Art. 336 dispõe sobre “Incumbe ao réu alegar, na contestação, toda a matéria de defesa, expondo as razões de fato e de…”; esse assunto não integra a formulação da demanda nem a correção da inicial desta aula."
cpc-lei-13105-capture-2026-09-28,Art. 337,aula-01.html,unused,"Art. 337 dispõe sobre “Incumbe ao réu, antes de discutir o mérito, alegar:”; esse assunto não integra a formulação da demanda nem a correção da inicial desta aula."
cpc-lei-13105-capture-2026-09-28,Art. 338,aula-01.html,unused,"Art. 338 dispõe sobre “Alegando o réu, na contestação, ser parte ilegítima ou não ser o responsável pelo prejuízo invocado,…”; esse assunto não integra a formulação da demanda nem a correção da inicial desta aula."
cpc-lei-13105-capture-2026-09-28,Art. 339,aula-01.html,unused,"Art. 339 dispõe sobre “Quando alegar sua ilegitimidade, incumbe ao réu indicar o sujeito passivo da relação jurídica…”; esse assunto não integra a formulação da demanda nem a correção da inicial desta aula."
cpc-lei-13105-capture-2026-09-28,Art. 340,aula-01.html,unused,"Art. 340 dispõe sobre “Havendo alegação de incompetência relativa ou absoluta, a contestação poderá ser protocolada no foro…”; esse assunto não integra a formulação da demanda nem a correção da inicial desta aula."
cpc-lei-13105-capture-2026-09-28,Art. 341,aula-01.html,unused,Art. 341 dispõe sobre “Incumbe também ao réu manifestar-se precisamente sobre as alegações de fato constantes da petição…”; esse assunto não integra a formulação da demanda nem a correção da inicial desta aula.
cpc-lei-13105-capture-2026-09-28,Art. 342,aula-01.html,unused,"Art. 342 dispõe sobre “Depois da contestação, só é lícito ao réu deduzir novas alegações quando:”; esse assunto não integra a formulação da demanda nem a correção da inicial desta aula."
cpc-lei-13105-capture-2026-09-28,Art. 343,aula-01.html,unused,"Art. 343 dispõe sobre “Na contestação, é lícito ao réu propor reconvenção para manifestar pretensão própria, conexa com a…”; esse assunto não integra a formulação da demanda nem a correção da inicial desta aula."
cpc-lei-13105-capture-2026-09-28,Art. 344,aula-01.html,unused,"Art. 344 dispõe sobre “Se o réu não contestar a ação, será considerado revel e presumir-se-ão verdadeiras as alegações de…”; esse assunto não integra a formulação da demanda nem a correção da inicial desta aula."
cpc-lei-13105-capture-2026-09-28,Art. 345,aula-01.html,unused,Art. 345 dispõe sobre “A revelia não produz o efeito mencionado no”; esse assunto não integra a formulação da demanda nem a correção da inicial desta aula.
cpc-lei-13105-capture-2026-09-28,Art. 346,aula-01.html,unused,Art. 346 dispõe sobre “Os prazos contra o revel que não tenha patrono nos autos fluirão da data de publicação do ato…”; esse assunto não integra a formulação da demanda nem a correção da inicial desta aula.
cpc-lei-13105-capture-2026-09-28,Art. 347,aula-01.html,unused,"Art. 347 dispõe sobre “Findo o prazo para a contestação, o juiz tomará, conforme o caso, as providências preliminares…”; esse assunto não integra a formulação da demanda nem a correção da inicial desta aula."
cpc-lei-13105-capture-2026-09-28,Art. 348,aula-01.html,unused,"Art. 348 dispõe sobre “Se o réu não contestar a ação, o juiz, verificando a inocorrência do efeito da revelia previsto no”; esse assunto não integra a formulação da demanda nem a correção da inicial desta aula."
cpc-lei-13105-capture-2026-09-28,Art. 349,aula-01.html,unused,"Art. 349 dispõe sobre “Ao réu revel será lícita a produção de provas, contrapostas às alegações do autor, desde que se faça…”; esse assunto não integra a formulação da demanda nem a correção da inicial desta aula."
cpc-lei-13105-capture-2026-09-28,Art. 350,aula-01.html,unused,"Art. 350 dispõe sobre “Se o réu alegar fato impeditivo, modificativo ou extintivo do direito do autor, este será ouvido no…”; esse assunto não integra a formulação da demanda nem a correção da inicial desta aula."
cpc-lei-13105-capture-2026-09-28,Art. 351,aula-01.html,unused,Art. 351 dispõe sobre “Se o réu alegar qualquer das matérias enumeradas no”; esse assunto não integra a formulação da demanda nem a correção da inicial desta aula.
cpc-lei-13105-capture-2026-09-28,Art. 352,aula-01.html,unused,"Art. 352 dispõe sobre “Verificando a existência de irregularidades ou de vícios sanáveis, o juiz determinará sua correção em…”; esse assunto não integra a formulação da demanda nem a correção da inicial desta aula."
cpc-lei-13105-capture-2026-09-28,Art. 353,aula-01.html,unused,"Art. 353 dispõe sobre “Cumpridas as providências preliminares ou não havendo necessidade delas, o juiz proferirá julgamento…”; esse assunto não integra a formulação da demanda nem a correção da inicial desta aula."
cpc-lei-13105-capture-2026-09-28,Art. 354,aula-01.html,unused,Art. 354 dispõe sobre “Ocorrendo qualquer das hipóteses previstas nos”; esse assunto não integra a formulação da demanda nem a correção da inicial desta aula.
cpc-lei-13105-capture-2026-09-28,Art. 355,aula-01.html,unused,"Art. 355 dispõe sobre “O juiz julgará antecipadamente o pedido, proferindo sentença com resolução de mérito, quando:”; esse assunto não integra a formulação da demanda nem a correção da inicial desta aula."
cpc-lei-13105-capture-2026-09-28,Art. 356,aula-01.html,unused,Art. 356 dispõe sobre “O juiz decidirá parcialmente o mérito quando um ou mais dos pedidos formulados ou parcela deles:”; esse assunto não integra a formulação da demanda nem a correção da inicial desta aula.
cpc-lei-13105-capture-2026-09-28,Art. 357,aula-01.html,unused,"Art. 357 dispõe sobre “Não ocorrendo nenhuma das hipóteses deste Capítulo, deverá o juiz, em decisão de saneamento e de…”; esse assunto não integra a formulação da demanda nem a correção da inicial desta aula."
cpc-lei-13105-capture-2026-09-28,Art. 358,aula-01.html,unused,"Art. 358 dispõe sobre “No dia e na hora designados, o juiz declarará aberta a audiência de instrução e julgamento e mandará…”; esse assunto não integra a formulação da demanda nem a correção da inicial desta aula."
cpc-lei-13105-capture-2026-09-28,Art. 359,aula-01.html,unused,"Art. 359 dispõe sobre “Instalada a audiência, o juiz tentará conciliar as partes, independentemente do emprego anterior de…”; esse assunto não integra a formulação da demanda nem a correção da inicial desta aula."
cpc-lei-13105-capture-2026-09-28,Art. 360,aula-01.html,unused,"Art. 360 dispõe sobre “O juiz exerce o poder de polícia, incumbindo-lhe:”; esse assunto não integra a formulação da demanda nem a correção da inicial desta aula."
cpc-lei-13105-capture-2026-09-28,Art. 361,aula-01.html,unused,"Art. 361 dispõe sobre “As provas orais serão produzidas em audiência, ouvindo-se nesta ordem, preferencialmente:”; esse assunto não integra a formulação da demanda nem a correção da inicial desta aula."
cpc-lei-13105-capture-2026-09-28,Art. 362,aula-01.html,unused,Art. 362 dispõe sobre “A audiência poderá ser adiada:”; esse assunto não integra a formulação da demanda nem a correção da inicial desta aula.
cpc-lei-13105-capture-2026-09-28,Art. 363,aula-01.html,unused,"Art. 363 dispõe sobre “Havendo antecipação ou adiamento da audiência, o juiz, de ofício ou a requerimento da parte,…”; esse assunto não integra a formulação da demanda nem a correção da inicial desta aula."
cpc-lei-13105-capture-2026-09-28,Art. 364,aula-01.html,unused,"Art. 364 dispõe sobre “Finda a instrução, o juiz dará a palavra ao advogado do autor e do réu, bem como ao membro do…”; esse assunto não integra a formulação da demanda nem a correção da inicial desta aula."
cpc-lei-13105-capture-2026-09-28,Art. 365,aula-01.html,unused,"Art. 365 dispõe sobre “A audiência é una e contínua, podendo ser excepcional e justificadamente cindida na ausência de…”; esse assunto não integra a formulação da demanda nem a correção da inicial desta aula."
cpc-lei-13105-capture-2026-09-28,Art. 366,aula-01.html,unused,"Art. 366 dispõe sobre “Encerrado o debate ou oferecidas as razões finais, o juiz proferirá sentença em audiência ou no prazo…”; esse assunto não integra a formulação da demanda nem a correção da inicial desta aula."
cpc-lei-13105-capture-2026-09-28,Art. 367,aula-01.html,unused,"Art. 367 dispõe sobre “O servidor lavrará, sob ditado do juiz, termo que conterá, em resumo, o ocorrido na audiência, bem…”; esse assunto não integra a formulação da demanda nem a correção da inicial desta aula."
cpc-lei-13105-capture-2026-09-28,Art. 368,aula-01.html,unused,"Art. 368 dispõe sobre “A audiência será pública, ressalvadas as exceções legais”; esse assunto não integra a formulação da demanda nem a correção da inicial desta aula."
cpc-lei-13105-capture-2026-09-28,Art. 369,aula-01.html,unused,"Art. 369 dispõe sobre “As partes têm o direito de empregar todos os meios legais, bem como os moralmente legítimos, ainda…”; esse assunto não integra a formulação da demanda nem a correção da inicial desta aula."
cpc-lei-13105-capture-2026-09-28,Art. 370,aula-01.html,unused,"Art. 370 dispõe sobre “Caberá ao juiz, de ofício ou a requerimento da parte, determinar as provas necessárias ao julgamento…”; esse assunto não integra a formulação da demanda nem a correção da inicial desta aula."
cpc-lei-13105-capture-2026-09-28,Art. 371,aula-01.html,unused,"Art. 371 dispõe sobre “O juiz apreciará a prova constante dos autos, independentemente do sujeito que a tiver promovido, e…”; esse assunto não integra a formulação da demanda nem a correção da inicial desta aula."
cpc-lei-13105-capture-2026-09-28,Art. 372,aula-01.html,unused,"Art. 372 dispõe sobre “O juiz poderá admitir a utilização de prova produzida em outro processo, atribuindo-lhe o valor que…”; esse assunto não integra a formulação da demanda nem a correção da inicial desta aula."
cpc-lei-13105-capture-2026-09-28,Art. 373,aula-01.html,unused,Art. 373 dispõe sobre “O ônus da prova incumbe:”; esse assunto não integra a formulação da demanda nem a correção da inicial desta aula.
cpc-lei-13105-capture-2026-09-28,Art. 374,aula-01.html,unused,Art. 374 dispõe sobre “Não dependem de prova os fatos:”; esse assunto não integra a formulação da demanda nem a correção da inicial desta aula.
cpc-lei-13105-capture-2026-09-28,Art. 375,aula-01.html,unused,Art. 375 dispõe sobre “O juiz aplicará as regras de experiência comum subministradas pela observação do que ordinariamente…”; esse assunto não integra a formulação da demanda nem a correção da inicial desta aula.
cpc-lei-13105-capture-2026-09-28,Art. 376,aula-01.html,unused,"Art. 376 dispõe sobre “A parte que alegar direito municipal, estadual, estrangeiro ou consuetudinário provar-lhe-á o teor e…”; esse assunto não integra a formulação da demanda nem a correção da inicial desta aula."
cpc-lei-13105-capture-2026-09-28,Art. 377,aula-01.html,unused,"Art. 377 dispõe sobre “A carta precatória, a carta rogatória e o auxílio direto suspenderão o julgamento da causa no caso…”; esse assunto não integra a formulação da demanda nem a correção da inicial desta aula."
cpc-lei-13105-capture-2026-09-28,Art. 378,aula-01.html,unused,Art. 378 dispõe sobre “Ninguém se exime do dever de colaborar com o Poder Judiciário para o descobrimento da verdade”; esse assunto não integra a formulação da demanda nem a correção da inicial desta aula.
cpc-lei-13105-capture-2026-09-28,Art. 379,aula-01.html,unused,"Art. 379 dispõe sobre “Preservado o direito de não produzir prova contra si própria, incumbe à parte:”; esse assunto não integra a formulação da demanda nem a correção da inicial desta aula."
cpc-lei-13105-capture-2026-09-28,Art. 380,aula-01.html,unused,"Art. 380 dispõe sobre “Incumbe ao terceiro, em relação a qualquer causa:”; esse assunto não integra a formulação da demanda nem a correção da inicial desta aula."
cpc-lei-13105-capture-2026-09-28,Art. 381,aula-01.html,unused,Art. 381 dispõe sobre “A produção antecipada da prova será admitida nos casos em que:”; esse assunto não integra a formulação da demanda nem a correção da inicial desta aula.
cpc-lei-13105-capture-2026-09-28,Art. 382,aula-01.html,unused,"Art. 382 dispõe sobre “Na petição, o requerente apresentará as razões que justificam a necessidade de antecipação da prova e…”; esse assunto não integra a formulação da demanda nem a correção da inicial desta aula."
cpc-lei-13105-capture-2026-09-28,Art. 383,aula-01.html,unused,Art. 383 dispõe sobre “Os autos permanecerão em cartório durante 1 (um) mês para extração de cópias e certidões pelos…”; esse assunto não integra a formulação da demanda nem a correção da inicial desta aula.
cpc-lei-13105-capture-2026-09-28,Art. 384,aula-01.html,unused,"Art. 384 dispõe sobre “A existência e o modo de existir de algum fato podem ser atestados ou documentados, a requerimento do…”; esse assunto não integra a formulação da demanda nem a correção da inicial desta aula."
cpc-lei-13105-capture-2026-09-28,Art. 385,aula-01.html,unused,"Art. 385 dispõe sobre “Cabe à parte requerer o depoimento pessoal da outra parte, a fim de que esta seja interrogada na…”; esse assunto não integra a formulação da demanda nem a correção da inicial desta aula."
cpc-lei-13105-capture-2026-09-28,Art. 386,aula-01.html,unused,"Art. 386 dispõe sobre “Quando a parte, sem motivo justificado, deixar de responder ao que lhe for perguntado ou empregar…”; esse assunto não integra a formulação da demanda nem a correção da inicial desta aula."
cpc-lei-13105-capture-2026-09-28,Art. 387,aula-01.html,unused,"Art. 387 dispõe sobre “A parte responderá pessoalmente sobre os fatos articulados, não podendo servir-se de escritos…”; esse assunto não integra a formulação da demanda nem a correção da inicial desta aula."
cpc-lei-13105-capture-2026-09-28,Art. 388,aula-01.html,unused,Art. 388 dispõe sobre “A parte não é obrigada a depor sobre fatos:”; esse assunto não integra a formulação da demanda nem a correção da inicial desta aula.
cpc-lei-13105-capture-2026-09-28,Art. 389,aula-01.html,unused,"Art. 389 dispõe sobre “Há confissão, judicial ou extrajudicial, quando a parte admite a verdade de fato contrário ao seu…”; esse assunto não integra a formulação da demanda nem a correção da inicial desta aula."
cpc-lei-13105-capture-2026-09-28,Art. 390,aula-01.html,unused,Art. 390 dispõe sobre “A confissão judicial pode ser espontânea ou provocada”; esse assunto não integra a formulação da demanda nem a correção da inicial desta aula.
cpc-lei-13105-capture-2026-09-28,Art. 391,aula-01.html,unused,"Art. 391 dispõe sobre “A confissão judicial faz prova contra o confitente, não prejudicando, todavia, os litisconsortes”; esse assunto não integra a formulação da demanda nem a correção da inicial desta aula."
cpc-lei-13105-capture-2026-09-28,Art. 392,aula-01.html,unused,"Art. 392 dispõe sobre “Não vale como confissão a admissão, em juízo, de fatos relativos a direitos indisponíveis”; esse assunto não integra a formulação da demanda nem a correção da inicial desta aula."
cpc-lei-13105-capture-2026-09-28,Art. 393,aula-01.html,unused,"Art. 393 dispõe sobre “A confissão é irrevogável, mas pode ser anulada se decorreu de erro de fato ou de coação”; esse assunto não integra a formulação da demanda nem a correção da inicial desta aula."
cpc-lei-13105-capture-2026-09-28,Art. 394,aula-01.html,unused,"Art. 394 dispõe sobre “A confissão extrajudicial, quando feita oralmente, só terá eficácia nos casos em que a lei não exija…”; esse assunto não integra a formulação da demanda nem a correção da inicial desta aula."
cpc-lei-13105-capture-2026-09-28,Art. 395,aula-01.html,unused,"Art. 395 dispõe sobre “A confissão é, em regra, indivisível, não podendo a parte que a quiser invocar como prova aceitá-la…”; esse assunto não integra a formulação da demanda nem a correção da inicial desta aula."
cpc-lei-13105-capture-2026-09-28,Art. 396,aula-01.html,unused,Art. 396 dispõe sobre “O juiz pode ordenar que a parte exiba documento ou coisa que se encontre em seu poder”; esse assunto não integra a formulação da demanda nem a correção da inicial desta aula.
cpc-lei-13105-capture-2026-09-28,Art. 397,aula-01.html,unused,Art. 397 dispõe sobre “O pedido formulado pela parte conterá:”; esse assunto não integra a formulação da demanda nem a correção da inicial desta aula.
cpc-lei-13105-capture-2026-09-28,Art. 398,aula-01.html,unused,Art. 398 dispõe sobre “O requerido dará sua resposta nos 5 (cinco) dias subsequentes à sua intimação”; esse assunto não integra a formulação da demanda nem a correção da inicial desta aula.
cpc-lei-13105-capture-2026-09-28,Art. 399,aula-01.html,unused,Art. 399 dispõe sobre “O juiz não admitirá a recusa se:”; esse assunto não integra a formulação da demanda nem a correção da inicial desta aula.
cpc-lei-13105-capture-2026-09-28,Art. 400,aula-01.html,unused,"Art. 400 dispõe sobre “Ao decidir o pedido, o juiz admitirá como verdadeiros os fatos que, por meio do documento ou da…”; esse assunto não integra a formulação da demanda nem a correção da inicial desta aula."
cpc-lei-13105-capture-2026-09-28,Art. 401,aula-01.html,unused,"Art. 401 dispõe sobre “Quando o documento ou a coisa estiver em poder de terceiro, o juiz ordenará sua citação para…”; esse assunto não integra a formulação da demanda nem a correção da inicial desta aula."
cpc-lei-13105-capture-2026-09-28,Art. 402,aula-01.html,unused,"Art. 402 dispõe sobre “Se o terceiro negar a obrigação de exibir ou a posse do documento ou da coisa, o juiz designará…”; esse assunto não integra a formulação da demanda nem a correção da inicial desta aula."
cpc-lei-13105-capture-2026-09-28,Art. 403,aula-01.html,unused,"Art. 403 dispõe sobre “Se o terceiro, sem justo motivo, se recusar a efetuar a exibição, o juiz ordenar-lhe-á que proceda ao…”; esse assunto não integra a formulação da demanda nem a correção da inicial desta aula."
cpc-lei-13105-capture-2026-09-28,Art. 404,aula-01.html,unused,"Art. 404 dispõe sobre “A parte e o terceiro se escusam de exibir, em juízo, o documento ou a coisa se:”; esse assunto não integra a formulação da demanda nem a correção da inicial desta aula."
cpc-lei-13105-capture-2026-09-28,Art. 405,aula-01.html,unused,"Art. 405 dispõe sobre “O documento público faz prova não só da sua formação, mas também dos fatos que o escrivão, o chefe de…”; esse assunto não integra a formulação da demanda nem a correção da inicial desta aula."
cpc-lei-13105-capture-2026-09-28,Art. 406,aula-01.html,unused,"Art. 406 dispõe sobre “Quando a lei exigir instrumento público como da substância do ato, nenhuma outra prova, por mais…”; esse assunto não integra a formulação da demanda nem a correção da inicial desta aula."
cpc-lei-13105-capture-2026-09-28,Art. 407,aula-01.html,unused,"Art. 407 dispõe sobre “O documento feito por oficial público incompetente ou sem a observância das formalidades legais,…”; esse assunto não integra a formulação da demanda nem a correção da inicial desta aula."
cpc-lei-13105-capture-2026-09-28,Art. 408,aula-01.html,unused,Art. 408 dispõe sobre “As declarações constantes do documento particular escrito e assinado ou somente assinado presumem-se…”; esse assunto não integra a formulação da demanda nem a correção da inicial desta aula.
cpc-lei-13105-capture-2026-09-28,Art. 409,aula-01.html,unused,"Art. 409 dispõe sobre “A data do documento particular, quando a seu respeito surgir dúvida ou impugnação entre os…”; esse assunto não integra a formulação da demanda nem a correção da inicial desta aula."
cpc-lei-13105-capture-2026-09-28,Art. 410,aula-01.html,unused,Art. 410 dispõe sobre “Considera-se autor do documento particular:”; esse assunto não integra a formulação da demanda nem a correção da inicial desta aula.
cpc-lei-13105-capture-2026-09-28,Art. 411,aula-01.html,unused,Art. 411 dispõe sobre “Considera-se autêntico o documento quando:”; esse assunto não integra a formulação da demanda nem a correção da inicial desta aula.
cpc-lei-13105-capture-2026-09-28,Art. 412,aula-01.html,unused,Art. 412 dispõe sobre “O documento particular de cuja autenticidade não se duvida prova que o seu autor fez a declaração que…”; esse assunto não integra a formulação da demanda nem a correção da inicial desta aula.
cpc-lei-13105-capture-2026-09-28,Art. 413,aula-01.html,unused,"Art. 413 dispõe sobre “O telegrama, o radiograma ou qualquer outro meio de transmissão tem a mesma força probatória do…”; esse assunto não integra a formulação da demanda nem a correção da inicial desta aula."
cpc-lei-13105-capture-2026-09-28,Art. 414,aula-01.html,unused,"Art. 414 dispõe sobre “O telegrama ou o radiograma presume-se conforme com o original, provando as datas de sua expedição e…”; esse assunto não integra a formulação da demanda nem a correção da inicial desta aula."
cpc-lei-13105-capture-2026-09-28,Art. 415,aula-01.html,unused,Art. 415 dispõe sobre “As cartas e os registros domésticos provam contra quem os escreveu quando:”; esse assunto não integra a formulação da demanda nem a correção da inicial desta aula.
cpc-lei-13105-capture-2026-09-28,Art. 416,aula-01.html,unused,"Art. 416 dispõe sobre “A nota escrita pelo credor em qualquer parte de documento representativo de obrigação, ainda que não…”; esse assunto não integra a formulação da demanda nem a correção da inicial desta aula."
cpc-lei-13105-capture-2026-09-28,Art. 417,aula-01.html,unused,"Art. 417 dispõe sobre “Os livros empresariais provam contra seu autor, sendo lícito ao empresário, todavia, demonstrar, por…”; esse assunto não integra a formulação da demanda nem a correção da inicial desta aula."
cpc-lei-13105-capture-2026-09-28,Art. 418,aula-01.html,unused,Art. 418 dispõe sobre “Os livros empresariais que preencham os requisitos exigidos por lei provam a favor de seu autor no…”; esse assunto não integra a formulação da demanda nem a correção da inicial desta aula.
cpc-lei-13105-capture-2026-09-28,Art. 419,aula-01.html,unused,"Art. 419 dispõe sobre “A escrituração contábil é indivisível, e, se dos fatos que resultam dos lançamentos, uns são…”; esse assunto não integra a formulação da demanda nem a correção da inicial desta aula."
cpc-lei-13105-capture-2026-09-28,Art. 420,aula-01.html,unused,"Art. 420 dispõe sobre “O juiz pode ordenar, a requerimento da parte, a exibição integral dos livros empresariais e dos…”; esse assunto não integra a formulação da demanda nem a correção da inicial desta aula."
cpc-lei-13105-capture-2026-09-28,Art. 421,aula-01.html,unused,"Art. 421 dispõe sobre “O juiz pode, de ofício, ordenar à parte a exibição parcial dos livros e dos documentos, extraindo-se…”; esse assunto não integra a formulação da demanda nem a correção da inicial desta aula."
cpc-lei-13105-capture-2026-09-28,Art. 422,aula-01.html,unused,"Art. 422 dispõe sobre “Qualquer reprodução mecânica, como a fotográfica, a cinematográfica, a fonográfica ou de outra…”; esse assunto não integra a formulação da demanda nem a correção da inicial desta aula."
cpc-lei-13105-capture-2026-09-28,Art. 423,aula-01.html,unused,"Art. 423 dispõe sobre “As reproduções dos documentos particulares, fotográficas ou obtidas por outros processos de…”; esse assunto não integra a formulação da demanda nem a correção da inicial desta aula."
cpc-lei-13105-capture-2026-09-28,Art. 424,aula-01.html,unused,"Art. 424 dispõe sobre “A cópia de documento particular tem o mesmo valor probante que o original, cabendo ao escrivão,…”; esse assunto não integra a formulação da demanda nem a correção da inicial desta aula."
cpc-lei-13105-capture-2026-09-28,Art. 425,aula-01.html,unused,Art. 425 dispõe sobre “Fazem a mesma prova que os originais:”; esse assunto não integra a formulação da demanda nem a correção da inicial desta aula.
cpc-lei-13105-capture-2026-09-28,Art. 426,aula-01.html,unused,"Art. 426 dispõe sobre “O juiz apreciará fundamentadamente a fé que deva merecer o documento, quando em ponto substancial e…”; esse assunto não integra a formulação da demanda nem a correção da inicial desta aula."
cpc-lei-13105-capture-2026-09-28,Art. 427,aula-01.html,unused,Art. 427 dispõe sobre “Cessa a fé do documento público ou particular sendo-lhe declarada judicialmente a falsidade”; esse assunto não integra a formulação da demanda nem a correção da inicial desta aula.
cpc-lei-13105-capture-2026-09-28,Art. 428,aula-01.html,unused,Art. 428 dispõe sobre “Cessa a fé do documento particular quando:”; esse assunto não integra a formulação da demanda nem a correção da inicial desta aula.
cpc-lei-13105-capture-2026-09-28,Art. 429,aula-01.html,unused,Art. 429 dispõe sobre “Incumbe o ônus da prova quando:”; esse assunto não integra a formulação da demanda nem a correção da inicial desta aula.
cpc-lei-13105-capture-2026-09-28,Art. 430,aula-01.html,unused,"Art. 430 dispõe sobre “A falsidade deve ser suscitada na contestação, na réplica ou no prazo de 15 (quinze) dias, contado a…”; esse assunto não integra a formulação da demanda nem a correção da inicial desta aula."
cpc-lei-13105-capture-2026-09-28,Art. 431,aula-01.html,unused,Art. 431 dispõe sobre “A parte arguirá a falsidade expondo os motivos em que funda a sua pretensão e os meios com que…”; esse assunto não integra a formulação da demanda nem a correção da inicial desta aula.
cpc-lei-13105-capture-2026-09-28,Art. 432,aula-01.html,unused,"Art. 432 dispõe sobre “Depois de ouvida a outra parte no prazo de 15 (quinze) dias, será realizado o exame pericial”; esse assunto não integra a formulação da demanda nem a correção da inicial desta aula."
cpc-lei-13105-capture-2026-09-28,Art. 433,aula-01.html,unused,"Art. 433 dispõe sobre “A declaração sobre a falsidade do documento, quando suscitada como questão principal, constará da…”; esse assunto não integra a formulação da demanda nem a correção da inicial desta aula."
cpc-lei-13105-capture-2026-09-28,Art. 434,aula-01.html,unused,Art. 434 dispõe sobre “Incumbe à parte instruir a petição inicial ou a contestação com os documentos destinados a provar…”; esse assunto não integra a formulação da demanda nem a correção da inicial desta aula.
cpc-lei-13105-capture-2026-09-28,Art. 435,aula-01.html,unused,"Art. 435 dispõe sobre “É lícito às partes, em qualquer tempo, juntar aos autos documentos novos, quando destinados a fazer…”; esse assunto não integra a formulação da demanda nem a correção da inicial desta aula."
cpc-lei-13105-capture-2026-09-28,Art. 436,aula-01.html,unused,"Art. 436 dispõe sobre “A parte, intimada a falar sobre documento constante dos autos, poderá:”; esse assunto não integra a formulação da demanda nem a correção da inicial desta aula."
cpc-lei-13105-capture-2026-09-28,Art. 437,aula-01.html,unused,"Art. 437 dispõe sobre “O réu manifestar-se-á na contestação sobre os documentos anexados à inicial, e o autor…”; esse assunto não integra a formulação da demanda nem a correção da inicial desta aula."
cpc-lei-13105-capture-2026-09-28,Art. 438,aula-01.html,unused,"Art. 438 dispõe sobre “O juiz requisitará às repartições públicas, em qualquer tempo ou grau de jurisdição:”; esse assunto não integra a formulação da demanda nem a correção da inicial desta aula."
cpc-lei-13105-capture-2026-09-28,Art. 439,aula-01.html,unused,Art. 439 dispõe sobre “A utilização de documentos eletrônicos no processo convencional dependerá de sua conversão à forma…”; esse assunto não integra a formulação da demanda nem a correção da inicial desta aula.
cpc-lei-13105-capture-2026-09-28,Art. 440,aula-01.html,unused,"Art. 440 dispõe sobre “O juiz apreciará o valor probante do documento eletrônico não convertido, assegurado às partes o…”; esse assunto não integra a formulação da demanda nem a correção da inicial desta aula."
cpc-lei-13105-capture-2026-09-28,Art. 441,aula-01.html,unused,Art. 441 dispõe sobre “Serão admitidos documentos eletrônicos produzidos e conservados com a observância da legislação…”; esse assunto não integra a formulação da demanda nem a correção da inicial desta aula.
cpc-lei-13105-capture-2026-09-28,Art. 442,aula-01.html,unused,"Art. 442 dispõe sobre “A prova testemunhal é sempre admissível, não dispondo a lei de modo diverso”; esse assunto não integra a formulação da demanda nem a correção da inicial desta aula."
cpc-lei-13105-capture-2026-09-28,Art. 443,aula-01.html,unused,Art. 443 dispõe sobre “O juiz indeferirá a inquirição de testemunhas sobre fatos:”; esse assunto não integra a formulação da demanda nem a correção da inicial desta aula.
cpc-lei-13105-capture-2026-09-28,Art. 444,aula-01.html,unused,"Art. 444 dispõe sobre “Nos casos em que a lei exigir prova escrita da obrigação, é admissível a prova testemunhal quando…”; esse assunto não integra a formulação da demanda nem a correção da inicial desta aula."
cpc-lei-13105-capture-2026-09-28,Art. 445,aula-01.html,unused,"Art. 445 dispõe sobre “Também se admite a prova testemunhal quando o credor não pode ou não podia, moral ou materialmente,…”; esse assunto não integra a formulação da demanda nem a correção da inicial desta aula."
cpc-lei-13105-capture-2026-09-28,Art. 446,aula-01.html,unused,Art. 446 dispõe sobre “É lícito à parte provar com testemunhas:”; esse assunto não integra a formulação da demanda nem a correção da inicial desta aula.
cpc-lei-13105-capture-2026-09-28,Art. 447,aula-01.html,unused,"Art. 447 dispõe sobre “Podem depor como testemunhas todas as pessoas, exceto as incapazes, impedidas ou suspeitas”; esse assunto não integra a formulação da demanda nem a correção da inicial desta aula."
cpc-lei-13105-capture-2026-09-28,Art. 448,aula-01.html,unused,Art. 448 dispõe sobre “A testemunha não é obrigada a depor sobre fatos:”; esse assunto não integra a formulação da demanda nem a correção da inicial desta aula.
cpc-lei-13105-capture-2026-09-28,Art. 449,aula-01.html,unused,"Art. 449 dispõe sobre “Salvo disposição especial em contrário, as testemunhas devem ser ouvidas na sede do juízo”; esse assunto não integra a formulação da demanda nem a correção da inicial desta aula."
cpc-lei-13105-capture-2026-09-28,Art. 450,aula-01.html,unused,"Art. 450 dispõe sobre “O rol de testemunhas conterá, sempre que possível, o nome, a profissão, o estado civil, a idade, o…”; esse assunto não integra a formulação da demanda nem a correção da inicial desta aula."
cpc-lei-13105-capture-2026-09-28,Art. 451,aula-01.html,unused,Art. 451 dispõe sobre “Depois de apresentado o rol de que tratam os”; esse assunto não integra a formulação da demanda nem a correção da inicial desta aula.
cpc-lei-13105-capture-2026-09-28,Art. 452,aula-01.html,unused,"Art. 452 dispõe sobre “Quando for arrolado como testemunha, o juiz da causa:”; esse assunto não integra a formulação da demanda nem a correção da inicial desta aula."
cpc-lei-13105-capture-2026-09-28,Art. 453,aula-01.html,unused,"Art. 453 dispõe sobre “As testemunhas depõem, na audiência de instrução e julgamento, perante o juiz da causa, exceto:”; esse assunto não integra a formulação da demanda nem a correção da inicial desta aula."
cpc-lei-13105-capture-2026-09-28,Art. 454,aula-01.html,unused,Art. 454 dispõe sobre “São inquiridos em sua residência ou onde exercem sua função:”; esse assunto não integra a formulação da demanda nem a correção da inicial desta aula.
cpc-lei-13105-capture-2026-09-28,Art. 455,aula-01.html,unused,"Art. 455 dispõe sobre “Cabe ao advogado da parte informar ou intimar a testemunha por ele arrolada do dia, da hora e do…”; esse assunto não integra a formulação da demanda nem a correção da inicial desta aula."
cpc-lei-13105-capture-2026-09-28,Art. 456,aula-01.html,unused,"Art. 456 dispõe sobre “O juiz inquirirá as testemunhas separada e sucessivamente, primeiro as do autor e depois as do réu, e…”; esse assunto não integra a formulação da demanda nem a correção da inicial desta aula."
cpc-lei-13105-capture-2026-09-28,Art. 457,aula-01.html,unused,"Art. 457 dispõe sobre “Antes de depor, a testemunha será qualificada, declarará ou confirmará seus dados e informará se tem…”; esse assunto não integra a formulação da demanda nem a correção da inicial desta aula."
cpc-lei-13105-capture-2026-09-28,Art. 458,aula-01.html,unused,"Art. 458 dispõe sobre “Ao início da inquirição, a testemunha prestará o compromisso de dizer a verdade do que souber e lhe…”; esse assunto não integra a formulação da demanda nem a correção da inicial desta aula."
cpc-lei-13105-capture-2026-09-28,Art. 459,aula-01.html,unused,"Art. 459 dispõe sobre “As perguntas serão formuladas pelas partes diretamente à testemunha, começando pela que a arrolou,…”; esse assunto não integra a formulação da demanda nem a correção da inicial desta aula."
cpc-lei-13105-capture-2026-09-28,Art. 460,aula-01.html,unused,Art. 460 dispõe sobre “O depoimento poderá ser documentado por meio de gravação”; esse assunto não integra a formulação da demanda nem a correção da inicial desta aula.
cpc-lei-13105-capture-2026-09-28,Art. 461,aula-01.html,unused,"Art. 461 dispõe sobre “O juiz pode ordenar, de ofício ou a requerimento da parte:”; esse assunto não integra a formulação da demanda nem a correção da inicial desta aula."
cpc-lei-13105-capture-2026-09-28,Art. 462,aula-01.html,unused,Art. 462 dispõe sobre “A testemunha pode requerer ao juiz o pagamento da despesa que efetuou para comparecimento à…”; esse assunto não integra a formulação da demanda nem a correção da inicial desta aula.
cpc-lei-13105-capture-2026-09-28,Art. 463,aula-01.html,unused,Art. 463 dispõe sobre “O depoimento prestado em juízo é considerado serviço público”; esse assunto não integra a formulação da demanda nem a correção da inicial desta aula.
cpc-lei-13105-capture-2026-09-28,Art. 464,aula-01.html,unused,"Art. 464 dispõe sobre “A prova pericial consiste em exame, vistoria ou avaliação”; esse assunto não integra a formulação da demanda nem a correção da inicial desta aula."
cpc-lei-13105-capture-2026-09-28,Art. 465,aula-01.html,unused,Art. 465 dispõe sobre “O juiz nomeará perito especializado no objeto da perícia e fixará de imediato o prazo para a entrega…”; esse assunto não integra a formulação da demanda nem a correção da inicial desta aula.
cpc-lei-13105-capture-2026-09-28,Art. 466,aula-01.html,unused,"Art. 466 dispõe sobre “O perito cumprirá escrupulosamente o encargo que lhe foi cometido, independentemente de termo de…”; esse assunto não integra a formulação da demanda nem a correção da inicial desta aula."
cpc-lei-13105-capture-2026-09-28,Art. 467,aula-01.html,unused,Art. 467 dispõe sobre “O perito pode escusar-se ou ser recusado por impedimento ou suspeição”; esse assunto não integra a formulação da demanda nem a correção da inicial desta aula.
cpc-lei-13105-capture-2026-09-28,Art. 468,aula-01.html,unused,Art. 468 dispõe sobre “O perito pode ser substituído quando:”; esse assunto não integra a formulação da demanda nem a correção da inicial desta aula.
cpc-lei-13105-capture-2026-09-28,Art. 469,aula-01.html,unused,"Art. 469 dispõe sobre “As partes poderão apresentar quesitos suplementares durante a diligência, que poderão ser respondidos…”; esse assunto não integra a formulação da demanda nem a correção da inicial desta aula."
cpc-lei-13105-capture-2026-09-28,Art. 470,aula-01.html,unused,Art. 470 dispõe sobre “Incumbe ao juiz:”; esse assunto não integra a formulação da demanda nem a correção da inicial desta aula.
cpc-lei-13105-capture-2026-09-28,Art. 471,aula-01.html,unused,"Art. 471 dispõe sobre “As partes podem, de comum acordo, escolher o perito, indicando-o mediante requerimento, desde que:”; esse assunto não integra a formulação da demanda nem a correção da inicial desta aula."
cpc-lei-13105-capture-2026-09-28,Art. 472,aula-01.html,unused,"Art. 472 dispõe sobre “O juiz poderá dispensar prova pericial quando as partes, na inicial e na contestação, apresentarem,…”; esse assunto não integra a formulação da demanda nem a correção da inicial desta aula."
cpc-lei-13105-capture-2026-09-28,Art. 473,aula-01.html,unused,Art. 473 dispõe sobre “O laudo pericial deverá conter:”; esse assunto não integra a formulação da demanda nem a correção da inicial desta aula.
cpc-lei-13105-capture-2026-09-28,Art. 474,aula-01.html,unused,Art. 474 dispõe sobre “As partes terão ciência da data e do local designados pelo juiz ou indicados pelo perito para ter…”; esse assunto não integra a formulação da demanda nem a correção da inicial desta aula.
cpc-lei-13105-capture-2026-09-28,Art. 475,aula-01.html,unused,"Art. 475 dispõe sobre “Tratando-se de perícia complexa que abranja mais de uma área de conhecimento especializado, o juiz…”; esse assunto não integra a formulação da demanda nem a correção da inicial desta aula."
cpc-lei-13105-capture-2026-09-28,Art. 476,aula-01.html,unused,"Art. 476 dispõe sobre “Se o perito, por motivo justificado, não puder apresentar o laudo dentro do prazo, o juiz poderá…”; esse assunto não integra a formulação da demanda nem a correção da inicial desta aula."
cpc-lei-13105-capture-2026-09-28,Art. 478,aula-01.html,unused,Art. 478 dispõe sobre “Quando o exame tiver por objeto a autenticidade ou a falsidade de documento ou for de natureza…”; esse assunto não integra a formulação da demanda nem a correção da inicial desta aula.
cpc-lei-13105-capture-2026-09-28,Art. 479,aula-01.html,unused,Art. 479 dispõe sobre “O juiz apreciará a prova pericial de acordo com o disposto no”; esse assunto não integra a formulação da demanda nem a correção da inicial desta aula.
cpc-lei-13105-capture-2026-09-28,Art. 480,aula-01.html,unused,"Art. 480 dispõe sobre “O juiz determinará, de ofício ou a requerimento da parte, a realização de nova perícia quando a…”; esse assunto não integra a formulação da demanda nem a correção da inicial desta aula."
cpc-lei-13105-capture-2026-09-28,Art. 481,aula-01.html,unused,"Art. 481 dispõe sobre “O juiz, de ofício ou a requerimento da parte, pode, em qualquer fase do processo, inspecionar pessoas…”; esse assunto não integra a formulação da demanda nem a correção da inicial desta aula."
cpc-lei-13105-capture-2026-09-28,Art. 482,aula-01.html,unused,"Art. 482 dispõe sobre “Ao realizar a inspeção, o juiz poderá ser assistido por um ou mais peritos”; esse assunto não integra a formulação da demanda nem a correção da inicial desta aula."
cpc-lei-13105-capture-2026-09-28,Art. 483,aula-01.html,unused,Art. 483 dispõe sobre “O juiz irá ao local onde se encontre a pessoa ou a coisa quando:”; esse assunto não integra a formulação da demanda nem a correção da inicial desta aula.
cpc-lei-13105-capture-2026-09-28,Art. 484,aula-01.html,unused,"Art. 484 dispõe sobre “Concluída a diligência, o juiz mandará lavrar auto circunstanciado, mencionando nele tudo quanto for…”; esse assunto não integra a formulação da demanda nem a correção da inicial desta aula."
cpc-lei-13105-capture-2026-09-28,Art. 485,aula-01.html,unused,Art. 485 dispõe sobre “O juiz não resolverá o mérito quando:”; esse assunto não integra a formulação da demanda nem a correção da inicial desta aula.
cpc-lei-13105-capture-2026-09-28,Art. 486,aula-01.html,unused,Art. 486 dispõe sobre “O pronunciamento judicial que não resolve o mérito não obsta a que a parte proponha de novo a ação”; esse assunto não integra a formulação da demanda nem a correção da inicial desta aula.
cpc-lei-13105-capture-2026-09-28,Art. 487,aula-01.html,unused,Art. 487 dispõe sobre “Haverá resolução de mérito quando o juiz:”; esse assunto não integra a formulação da demanda nem a correção da inicial desta aula.
cpc-lei-13105-capture-2026-09-28,Art. 488,aula-01.html,unused,"Art. 488 dispõe sobre “Desde que possível, o juiz resolverá o mérito sempre que a decisão for favorável à parte a quem…”; esse assunto não integra a formulação da demanda nem a correção da inicial desta aula."
cpc-lei-13105-capture-2026-09-28,Art. 489,aula-01.html,unused,Art. 489 dispõe sobre “São elementos essenciais da sentença:”; esse assunto não integra a formulação da demanda nem a correção da inicial desta aula.
cpc-lei-13105-capture-2026-09-28,Art. 490,aula-01.html,unused,"Art. 490 dispõe sobre “O juiz resolverá o mérito acolhendo ou rejeitando, no todo ou em parte, os pedidos formulados pelas…”; esse assunto não integra a formulação da demanda nem a correção da inicial desta aula."
cpc-lei-13105-capture-2026-09-28,Art. 491,aula-01.html,unused,"Art. 491 dispõe sobre “Na ação relativa à obrigação de pagar quantia, ainda que formulado pedido genérico, a decisão…”; esse assunto não integra a formulação da demanda nem a correção da inicial desta aula."
cpc-lei-13105-capture-2026-09-28,Art. 492,aula-01.html,supporting,"Veda decisão de natureza, quantidade ou objeto além do pedido, fechando o vínculo entre demanda e julgamento."
cpc-lei-13105-capture-2026-09-28,Art. 493,aula-01.html,unused,"Art. 493 dispõe sobre “Se, depois da propositura da ação, algum fato constitutivo, modificativo ou extintivo do direito…”; esse assunto não integra a formulação da demanda nem a correção da inicial desta aula."
cpc-lei-13105-capture-2026-09-28,Art. 494,aula-01.html,unused,"Art. 494 dispõe sobre “Publicada a sentença, o juiz só poderá alterá-la:”; esse assunto não integra a formulação da demanda nem a correção da inicial desta aula."
cpc-lei-13105-capture-2026-09-28,Art. 495,aula-01.html,unused,Art. 495 dispõe sobre “A decisão que condenar o réu ao pagamento de prestação consistente em dinheiro e a que determinar a…”; esse assunto não integra a formulação da demanda nem a correção da inicial desta aula.
cpc-lei-13105-capture-2026-09-28,Art. 496,aula-01.html,unused,"Art. 496 dispõe sobre “Está sujeita ao duplo grau de jurisdição, não produzindo efeito senão depois de confirmada pelo…”; esse assunto não integra a formulação da demanda nem a correção da inicial desta aula."
cpc-lei-13105-capture-2026-09-28,Art. 497,aula-01.html,unused,"Art. 497 dispõe sobre “Na ação que tenha por objeto a prestação de fazer ou de não fazer, o juiz, se procedente o pedido,…”; esse assunto não integra a formulação da demanda nem a correção da inicial desta aula."
cpc-lei-13105-capture-2026-09-28,Art. 498,aula-01.html,unused,"Art. 498 dispõe sobre “Na ação que tenha por objeto a entrega de coisa, o juiz, ao conceder a tutela específica, fixará o…”; esse assunto não integra a formulação da demanda nem a correção da inicial desta aula."
cpc-lei-13105-capture-2026-09-28,Art. 499,aula-01.html,unused,Art. 499 dispõe sobre “A obrigação somente será convertida em perdas e danos se o autor o requerer ou se impossível a tutela…”; esse assunto não integra a formulação da demanda nem a correção da inicial desta aula.
cpc-lei-13105-capture-2026-09-28,Art. 500,aula-01.html,unused,Art. 500 dispõe sobre “A indenização por perdas e danos dar-se-á sem prejuízo da multa fixada periodicamente para compelir o…”; esse assunto não integra a formulação da demanda nem a correção da inicial desta aula.
cpc-lei-13105-capture-2026-09-28,Art. 501,aula-01.html,unused,"Art. 501 dispõe sobre “Na ação que tenha por objeto a emissão de declaração de vontade, a sentença que julgar procedente o…”; esse assunto não integra a formulação da demanda nem a correção da inicial desta aula."
cpc-lei-13105-capture-2026-09-28,Art. 502,aula-01.html,unused,Art. 502 dispõe sobre “Denomina-se coisa julgada material a autoridade que torna imutável e indiscutível a decisão de mérito…”; esse assunto não integra a formulação da demanda nem a correção da inicial desta aula.
cpc-lei-13105-capture-2026-09-28,Art. 503,aula-01.html,unused,Art. 503 dispõe sobre “A decisão que julgar total ou parcialmente o mérito tem força de lei nos limites da questão principal…”; esse assunto não integra a formulação da demanda nem a correção da inicial desta aula.
cpc-lei-13105-capture-2026-09-28,Art. 504,aula-01.html,unused,Art. 504 dispõe sobre “Não fazem coisa julgada:”; esse assunto não integra a formulação da demanda nem a correção da inicial desta aula.
cpc-lei-13105-capture-2026-09-28,Art. 506,aula-01.html,unused,"Art. 506 dispõe sobre “A sentença faz coisa julgada às partes entre as quais é dada, não prejudicando terceiros”; esse assunto não integra a formulação da demanda nem a correção da inicial desta aula."
cpc-lei-13105-capture-2026-09-28,Art. 507,aula-01.html,unused,Art. 507 dispõe sobre “É vedado à parte discutir no curso do processo as questões já decididas a cujo respeito se operou a…”; esse assunto não integra a formulação da demanda nem a correção da inicial desta aula.
cpc-lei-13105-capture-2026-09-28,Art. 508,aula-01.html,unused,"Art. 508 dispõe sobre “Transitada em julgado a decisão de mérito, considerar-se-ão deduzidas e repelidas todas as alegações…”; esse assunto não integra a formulação da demanda nem a correção da inicial desta aula."
cpc-lei-13105-capture-2026-09-28,Art. 509,aula-01.html,unused,"Art. 509 dispõe sobre “Quando a sentença condenar ao pagamento de quantia ilíquida, proceder-se-á à sua liquidação, a…”; esse assunto não integra a formulação da demanda nem a correção da inicial desta aula."
cpc-lei-13105-capture-2026-09-28,Art. 510,aula-01.html,unused,"Art. 510 dispõe sobre “Na liquidação por arbitramento, o juiz intimará as partes para a apresentação de pareceres ou…”; esse assunto não integra a formulação da demanda nem a correção da inicial desta aula."
cpc-lei-13105-capture-2026-09-28,Art. 511,aula-01.html,unused,"Art. 511 dispõe sobre “Na liquidação pelo procedimento comum, o juiz determinará a intimação do requerido, na pessoa de seu…”; esse assunto não integra a formulação da demanda nem a correção da inicial desta aula."
cpc-lei-13105-capture-2026-09-28,Art. 513,aula-01.html,unused,"Art. 513 dispõe sobre “O cumprimento da sentença será feito segundo as regras deste Título, observando-se, no que couber e…”; esse assunto não integra a formulação da demanda nem a correção da inicial desta aula."
cpc-lei-13105-capture-2026-09-28,Art. 514,aula-01.html,unused,"Art. 514 dispõe sobre “Quando o juiz decidir relação jurídica sujeita a condição ou termo, o cumprimento da sentença…”; esse assunto não integra a formulação da demanda nem a correção da inicial desta aula."
cpc-lei-13105-capture-2026-09-28,Art. 515,aula-01.html,unused,"Art. 515 dispõe sobre “São títulos executivos judiciais, cujo cumprimento dar-se-á de acordo com os artigos previstos neste…”; esse assunto não integra a formulação da demanda nem a correção da inicial desta aula."
cpc-lei-13105-capture-2026-09-28,Art. 516,aula-01.html,unused,Art. 516 dispõe sobre “O cumprimento da sentença efetuar-se-á perante:”; esse assunto não integra a formulação da demanda nem a correção da inicial desta aula.
cpc-lei-13105-capture-2026-09-28,Art. 517,aula-01.html,unused,"Art. 517 dispõe sobre “A decisão judicial transitada em julgado poderá ser levada a protesto, nos termos da lei, depois de…”; esse assunto não integra a formulação da demanda nem a correção da inicial desta aula."
cpc-lei-13105-capture-2026-09-28,Art. 518,aula-01.html,unused,Art. 518 dispõe sobre “Todas as questões relativas à validade do procedimento de cumprimento da sentença e dos atos…”; esse assunto não integra a formulação da demanda nem a correção da inicial desta aula.
cpc-lei-13105-capture-2026-09-28,Art. 519,aula-01.html,unused,"Art. 519 dispõe sobre “Aplicam-se as disposições relativas ao cumprimento da sentença, provisório ou definitivo, e à…”; esse assunto não integra a formulação da demanda nem a correção da inicial desta aula."
cpc-lei-13105-capture-2026-09-28,Art. 520,aula-01.html,unused,Art. 520 dispõe sobre “O cumprimento provisório da sentença impugnada por recurso desprovido de efeito suspensivo será…”; esse assunto não integra a formulação da demanda nem a correção da inicial desta aula.
cpc-lei-13105-capture-2026-09-28,Art. 521,aula-01.html,unused,Art. 521 dispõe sobre “A caução prevista no”; esse assunto não integra a formulação da demanda nem a correção da inicial desta aula.
cpc-lei-13105-capture-2026-09-28,Art. 522,aula-01.html,unused,Art. 522 dispõe sobre “O cumprimento provisório da sentença será requerido por petição dirigida ao juízo competente”; esse assunto não integra a formulação da demanda nem a correção da inicial desta aula.
cpc-lei-13105-capture-2026-09-28,Art. 523,aula-01.html,unused,"Art. 523 dispõe sobre “No caso de condenação em quantia certa, ou já fixada em liquidação, e no caso de decisão sobre…”; esse assunto não integra a formulação da demanda nem a correção da inicial desta aula."
cpc-lei-13105-capture-2026-09-28,Art. 524,aula-01.html,unused,Art. 524 dispõe sobre “O requerimento previsto no”; esse assunto não integra a formulação da demanda nem a correção da inicial desta aula.
cpc-lei-13105-capture-2026-09-28,Art. 525,aula-01.html,unused,Art. 525 dispõe sobre “Transcorrido o prazo previsto no”; esse assunto não integra a formulação da demanda nem a correção da inicial desta aula.
cpc-lei-13105-capture-2026-09-28,Art. 526,aula-01.html,unused,"Art. 526 dispõe sobre “É lícito ao réu, antes de ser intimado para o cumprimento da sentença, comparecer em juízo e oferecer…”; esse assunto não integra a formulação da demanda nem a correção da inicial desta aula."
cpc-lei-13105-capture-2026-09-28,Art. 527,aula-01.html,unused,"Art. 527 dispõe sobre “Aplicam-se as disposições deste Capítulo ao cumprimento provisório da sentença, no que couber”; esse assunto não integra a formulação da demanda nem a correção da inicial desta aula."
cpc-lei-13105-capture-2026-09-28,Art. 528,aula-01.html,unused,Art. 528 dispõe sobre “No cumprimento de sentença que condene ao pagamento de prestação alimentícia ou de decisão…”; esse assunto não integra a formulação da demanda nem a correção da inicial desta aula.
cpc-lei-13105-capture-2026-09-28,Art. 529,aula-01.html,unused,"Art. 529 dispõe sobre “Quando o executado for funcionário público, militar, diretor ou gerente de empresa ou empregado…”; esse assunto não integra a formulação da demanda nem a correção da inicial desta aula."
cpc-lei-13105-capture-2026-09-28,Art. 530,aula-01.html,unused,"Art. 530 dispõe sobre “Não cumprida a obrigação, observar-se-á o disposto nos”; esse assunto não integra a formulação da demanda nem a correção da inicial desta aula."
cpc-lei-13105-capture-2026-09-28,Art. 531,aula-01.html,unused,Art. 531 dispõe sobre “O disposto neste Capítulo aplica-se aos alimentos definitivos ou provisórios”; esse assunto não integra a formulação da demanda nem a correção da inicial desta aula.
cpc-lei-13105-capture-2026-09-28,Art. 532,aula-01.html,unused,"Art. 532 dispõe sobre “Verificada a conduta procrastinatória do executado, o juiz deverá, se for o caso, dar ciência ao…”; esse assunto não integra a formulação da demanda nem a correção da inicial desta aula."
cpc-lei-13105-capture-2026-09-28,Art. 533,aula-01.html,unused,"Art. 533 dispõe sobre “Quando a indenização por ato ilícito incluir prestação de alimentos, caberá ao executado, a…”; esse assunto não integra a formulação da demanda nem a correção da inicial desta aula."
cpc-lei-13105-capture-2026-09-28,Art. 534,aula-01.html,unused,"Art. 534 dispõe sobre “No cumprimento de sentença que impuser à Fazenda Pública o dever de pagar quantia certa, o exequente…”; esse assunto não integra a formulação da demanda nem a correção da inicial desta aula."
cpc-lei-13105-capture-2026-09-28,Art. 535,aula-01.html,unused,"Art. 535 dispõe sobre “A Fazenda Pública será intimada na pessoa de seu representante judicial, por carga, remessa ou meio…”; esse assunto não integra a formulação da demanda nem a correção da inicial desta aula."
cpc-lei-13105-capture-2026-09-28,Art. 536,aula-01.html,unused,"Art. 536 dispõe sobre “No cumprimento de sentença que reconheça a exigibilidade de obrigação de fazer ou de não fazer, o…”; esse assunto não integra a formulação da demanda nem a correção da inicial desta aula."
cpc-lei-13105-capture-2026-09-28,Art. 537,aula-01.html,unused,"Art. 537 dispõe sobre “A multa independe de requerimento da parte e poderá ser aplicada na fase de conhecimento, em tutela…”; esse assunto não integra a formulação da demanda nem a correção da inicial desta aula."
cpc-lei-13105-capture-2026-09-28,Art. 538,aula-01.html,unused,"Art. 538 dispõe sobre “Não cumprida a obrigação de entregar coisa no prazo estabelecido na sentença, será expedido mandado…”; esse assunto não integra a formulação da demanda nem a correção da inicial desta aula."
cpc-lei-13105-capture-2026-09-28,Art. 539,aula-01.html,unused,"Art. 539 dispõe sobre “Nos casos previstos em lei, poderá o devedor ou terceiro requerer, com efeito de pagamento, a…”; esse assunto não integra a formulação da demanda nem a correção da inicial desta aula."
cpc-lei-13105-capture-2026-09-28,Art. 540,aula-01.html,unused,"Art. 540 dispõe sobre “Requerer-se-á a consignação no lugar do pagamento, cessando para o devedor, à data do depósito, os…”; esse assunto não integra a formulação da demanda nem a correção da inicial desta aula."
cpc-lei-13105-capture-2026-09-28,Art. 541,aula-01.html,unused,"Art. 541 dispõe sobre “Tratando-se de prestações sucessivas, consignada uma delas, pode o devedor continuar a depositar, no…”; esse assunto não integra a formulação da demanda nem a correção da inicial desta aula."
cpc-lei-13105-capture-2026-09-28,Art. 542,aula-01.html,unused,"Art. 542 dispõe sobre “Na petição inicial, o autor requererá:”; esse assunto não integra a formulação da demanda nem a correção da inicial desta aula."
cpc-lei-13105-capture-2026-09-28,Art. 543,aula-01.html,unused,"Art. 543 dispõe sobre “Se o objeto da prestação for coisa indeterminada e a escolha couber ao credor, será este citado para…”; esse assunto não integra a formulação da demanda nem a correção da inicial desta aula."
cpc-lei-13105-capture-2026-09-28,Art. 544,aula-01.html,unused,"Art. 544 dispõe sobre “Na contestação, o réu poderá alegar que:”; esse assunto não integra a formulação da demanda nem a correção da inicial desta aula."
cpc-lei-13105-capture-2026-09-28,Art. 545,aula-01.html,unused,"Art. 545 dispõe sobre “Alegada a insuficiência do depósito, é lícito ao autor completá-lo, em 10 (dez) dias, salvo se…”; esse assunto não integra a formulação da demanda nem a correção da inicial desta aula."
cpc-lei-13105-capture-2026-09-28,Art. 546,aula-01.html,unused,"Art. 546 dispõe sobre “Julgado procedente o pedido, o juiz declarará extinta a obrigação e condenará o réu ao pagamento de…”; esse assunto não integra a formulação da demanda nem a correção da inicial desta aula."
cpc-lei-13105-capture-2026-09-28,Art. 547,aula-01.html,unused,"Art. 547 dispõe sobre “Se ocorrer dúvida sobre quem deva legitimamente receber o pagamento, o autor requererá o depósito e a…”; esse assunto não integra a formulação da demanda nem a correção da inicial desta aula."
cpc-lei-13105-capture-2026-09-28,Art. 548,aula-01.html,unused,Art. 548 dispõe sobre “No caso do”; esse assunto não integra a formulação da demanda nem a correção da inicial desta aula.
cpc-lei-13105-capture-2026-09-28,Art. 549,aula-01.html,unused,"Art. 549 dispõe sobre “Aplica-se o procedimento estabelecido neste Capítulo, no que couber, ao resgate do aforamento”; esse assunto não integra a formulação da demanda nem a correção da inicial desta aula."
cpc-lei-13105-capture-2026-09-28,Art. 550,aula-01.html,unused,Art. 550 dispõe sobre “Aquele que afirmar ser titular do direito de exigir contas requererá a citação do réu para que as…”; esse assunto não integra a formulação da demanda nem a correção da inicial desta aula.
cpc-lei-13105-capture-2026-09-28,Art. 551,aula-01.html,unused,"Art. 551 dispõe sobre “As contas do réu serão apresentadas na forma adequada, especificando-se as receitas, a aplicação das…”; esse assunto não integra a formulação da demanda nem a correção da inicial desta aula."
cpc-lei-13105-capture-2026-09-28,Art. 552,aula-01.html,unused,Art. 552 dispõe sobre “A sentença apurará o saldo e constituirá título executivo judicial”; esse assunto não integra a formulação da demanda nem a correção da inicial desta aula.
cpc-lei-13105-capture-2026-09-28,Art. 553,aula-01.html,unused,"Art. 553 dispõe sobre “As contas do inventariante, do tutor, do curador, do depositário e de qualquer outro administrador…”; esse assunto não integra a formulação da demanda nem a correção da inicial desta aula."
cpc-lei-13105-capture-2026-09-28,Art. 554,aula-01.html,unused,Art. 554 dispõe sobre “A propositura de uma ação possessória em vez de outra não obstará a que o juiz conheça do pedido e…”; esse assunto não integra a formulação da demanda nem a correção da inicial desta aula.
cpc-lei-13105-capture-2026-09-28,Art. 555,aula-01.html,unused,Art. 555 dispõe sobre “É lícito ao autor cumular ao pedido possessório o de:”; esse assunto não integra a formulação da demanda nem a correção da inicial desta aula.
cpc-lei-13105-capture-2026-09-28,Art. 556,aula-01.html,unused,"Art. 556 dispõe sobre “É lícito ao réu, na contestação, alegando que foi o ofendido em sua posse, demandar a proteção…”; esse assunto não integra a formulação da demanda nem a correção da inicial desta aula."
cpc-lei-13105-capture-2026-09-28,Art. 557,aula-01.html,unused,"Art. 557 dispõe sobre “Na pendência de ação possessória é vedado, tanto ao autor quanto ao réu, propor ação de…”; esse assunto não integra a formulação da demanda nem a correção da inicial desta aula."
cpc-lei-13105-capture-2026-09-28,Art. 558,aula-01.html,unused,Art. 558 dispõe sobre “Regem o procedimento de manutenção e de reintegração de posse as normas da Seção II deste Capítulo…”; esse assunto não integra a formulação da demanda nem a correção da inicial desta aula.
cpc-lei-13105-capture-2026-09-28,Art. 559,aula-01.html,unused,"Art. 559 dispõe sobre “Se o réu provar, em qualquer tempo, que o autor provisoriamente mantido ou reintegrado na posse…”; esse assunto não integra a formulação da demanda nem a correção da inicial desta aula."
cpc-lei-13105-capture-2026-09-28,Art. 560,aula-01.html,unused,Art. 560 dispõe sobre “O possuidor tem direito a ser mantido na posse em caso de turbação e reintegrado em caso de esbulho”; esse assunto não integra a formulação da demanda nem a correção da inicial desta aula.
cpc-lei-13105-capture-2026-09-28,Art. 561,aula-01.html,unused,Art. 561 dispõe sobre “Incumbe ao autor provar:”; esse assunto não integra a formulação da demanda nem a correção da inicial desta aula.
cpc-lei-13105-capture-2026-09-28,Art. 562,aula-01.html,unused,"Art. 562 dispõe sobre “Estando a petição inicial devidamente instruída, o juiz deferirá, sem ouvir o réu, a expedição do…”; esse assunto não integra a formulação da demanda nem a correção da inicial desta aula."
cpc-lei-13105-capture-2026-09-28,Art. 563,aula-01.html,unused,"Art. 563 dispõe sobre “Considerada suficiente a justificação, o juiz fará logo expedir mandado de manutenção ou de reintegração”; esse assunto não integra a formulação da demanda nem a correção da inicial desta aula."
cpc-lei-13105-capture-2026-09-28,Art. 565,aula-01.html,unused,"Art. 565 dispõe sobre “No litígio coletivo pela posse de imóvel, quando o esbulho ou a turbação afirmado na petição inicial…”; esse assunto não integra a formulação da demanda nem a correção da inicial desta aula."
cpc-lei-13105-capture-2026-09-28,Art. 566,aula-01.html,unused,"Art. 566 dispõe sobre “Aplica-se, quanto ao mais, o procedimento comum”; esse assunto não integra a formulação da demanda nem a correção da inicial desta aula."
cpc-lei-13105-capture-2026-09-28,Art. 567,aula-01.html,unused,Art. 567 dispõe sobre “O possuidor direto ou indireto que tenha justo receio de ser molestado na posse poderá requerer ao…”; esse assunto não integra a formulação da demanda nem a correção da inicial desta aula.
cpc-lei-13105-capture-2026-09-28,Art. 568,aula-01.html,unused,Art. 568 dispõe sobre “Aplica-se ao interdito proibitório o disposto na Seção II deste Capítulo”; esse assunto não integra a formulação da demanda nem a correção da inicial desta aula.
cpc-lei-13105-capture-2026-09-28,Art. 569,aula-01.html,unused,Art. 569 dispõe sobre “Cabe:”; esse assunto não integra a formulação da demanda nem a correção da inicial desta aula.
cpc-lei-13105-capture-2026-09-28,Art. 570,aula-01.html,unused,"Art. 570 dispõe sobre “É lícita a cumulação dessas ações, caso em que deverá processar-se primeiramente a demarcação total…”; esse assunto não integra a formulação da demanda nem a correção da inicial desta aula."
cpc-lei-13105-capture-2026-09-28,Art. 571,aula-01.html,unused,"Art. 571 dispõe sobre “A demarcação e a divisão poderão ser realizadas por escritura pública, desde que maiores, capazes e…”; esse assunto não integra a formulação da demanda nem a correção da inicial desta aula."
cpc-lei-13105-capture-2026-09-28,Art. 572,aula-01.html,unused,"Art. 572 dispõe sobre “Fixados os marcos da linha de demarcação, os confinantes considerar-se-ão terceiros quanto ao…”; esse assunto não integra a formulação da demanda nem a correção da inicial desta aula."
cpc-lei-13105-capture-2026-09-28,Art. 573,aula-01.html,unused,"Art. 573 dispõe sobre “Tratando-se de imóvel georreferenciado, com averbação no registro de imóveis, pode o juiz dispensar a…”; esse assunto não integra a formulação da demanda nem a correção da inicial desta aula."
cpc-lei-13105-capture-2026-09-28,Art. 574,aula-01.html,unused,"Art. 574 dispõe sobre “Na petição inicial, instruída com os títulos da propriedade, designar-se-á o imóvel pela situação e…”; esse assunto não integra a formulação da demanda nem a correção da inicial desta aula."
cpc-lei-13105-capture-2026-09-28,Art. 575,aula-01.html,unused,"Art. 575 dispõe sobre “Qualquer condômino é parte legítima para promover a demarcação do imóvel comum, requerendo a…”; esse assunto não integra a formulação da demanda nem a correção da inicial desta aula."
cpc-lei-13105-capture-2026-09-28,Art. 576,aula-01.html,unused,"Art. 576 dispõe sobre “A citação dos réus será feita por correio, observado o disposto no”; esse assunto não integra a formulação da demanda nem a correção da inicial desta aula."
cpc-lei-13105-capture-2026-09-28,Art. 577,aula-01.html,unused,"Art. 577 dispõe sobre “Feitas as citações, terão os réus o prazo comum de 15 (quinze) dias para contestar”; esse assunto não integra a formulação da demanda nem a correção da inicial desta aula."
cpc-lei-13105-capture-2026-09-28,Art. 578,aula-01.html,unused,"Art. 578 dispõe sobre “Após o prazo de resposta do réu, observar-se-á o procedimento comum”; esse assunto não integra a formulação da demanda nem a correção da inicial desta aula."
cpc-lei-13105-capture-2026-09-28,Art. 579,aula-01.html,unused,"Art. 579 dispõe sobre “Antes de proferir a sentença, o juiz nomeará um ou mais peritos para levantar o traçado da linha…”; esse assunto não integra a formulação da demanda nem a correção da inicial desta aula."
cpc-lei-13105-capture-2026-09-28,Art. 580,aula-01.html,unused,"Art. 580 dispõe sobre “Concluídos os estudos, os peritos apresentarão minucioso laudo sobre o traçado da linha demarcanda,…”; esse assunto não integra a formulação da demanda nem a correção da inicial desta aula."
cpc-lei-13105-capture-2026-09-28,Art. 581,aula-01.html,unused,Art. 581 dispõe sobre “A sentença que julgar procedente o pedido determinará o traçado da linha demarcanda”; esse assunto não integra a formulação da demanda nem a correção da inicial desta aula.
cpc-lei-13105-capture-2026-09-28,Art. 582,aula-01.html,unused,"Art. 582 dispõe sobre “Transitada em julgado a sentença, o perito efetuará a demarcação e colocará os marcos necessários”; esse assunto não integra a formulação da demanda nem a correção da inicial desta aula."
cpc-lei-13105-capture-2026-09-28,Art. 583,aula-01.html,unused,"Art. 583 dispõe sobre “As plantas serão acompanhadas das cadernetas de operações de campo e do memorial descritivo, que conterá:”; esse assunto não integra a formulação da demanda nem a correção da inicial desta aula."
cpc-lei-13105-capture-2026-09-28,Art. 584,aula-01.html,unused,"Art. 584 dispõe sobre “É obrigatória a colocação de marcos tanto na estação inicial, dita marco primordial, quanto nos…”; esse assunto não integra a formulação da demanda nem a correção da inicial desta aula."
cpc-lei-13105-capture-2026-09-28,Art. 585,aula-01.html,unused,"Art. 585 dispõe sobre “A linha será percorrida pelos peritos, que examinarão os marcos e os rumos, consignando em relatório…”; esse assunto não integra a formulação da demanda nem a correção da inicial desta aula."
cpc-lei-13105-capture-2026-09-28,Art. 586,aula-01.html,unused,"Art. 586 dispõe sobre “Juntado aos autos o relatório dos peritos, o juiz determinará que as partes se manifestem sobre ele…”; esse assunto não integra a formulação da demanda nem a correção da inicial desta aula."
cpc-lei-13105-capture-2026-09-28,Art. 587,aula-01.html,unused,"Art. 587 dispõe sobre “Assinado o auto pelo juiz e pelos peritos, será proferida a sentença homologatória da demarcação”; esse assunto não integra a formulação da demanda nem a correção da inicial desta aula."
cpc-lei-13105-capture-2026-09-28,Art. 588,aula-01.html,unused,Art. 588 dispõe sobre “A petição inicial será instruída com os títulos de domínio do promovente e conterá:”; esse assunto não integra a formulação da demanda nem a correção da inicial desta aula.
cpc-lei-13105-capture-2026-09-28,Art. 589,aula-01.html,unused,Art. 589 dispõe sobre “Feitas as citações como preceitua o”; esse assunto não integra a formulação da demanda nem a correção da inicial desta aula.
cpc-lei-13105-capture-2026-09-28,Art. 590,aula-01.html,unused,"Art. 590 dispõe sobre “O juiz nomeará um ou mais peritos para promover a medição do imóvel e as operações de divisão,…”; esse assunto não integra a formulação da demanda nem a correção da inicial desta aula."
cpc-lei-13105-capture-2026-09-28,Art. 591,aula-01.html,unused,"Art. 591 dispõe sobre “Todos os condôminos serão intimados a apresentar, dentro de 10 (dez) dias, os seus títulos, se ainda…”; esse assunto não integra a formulação da demanda nem a correção da inicial desta aula."
cpc-lei-13105-capture-2026-09-28,Art. 592,aula-01.html,unused,Art. 592 dispõe sobre “O juiz ouvirá as partes no prazo comum de 15 (quinze) dias”; esse assunto não integra a formulação da demanda nem a correção da inicial desta aula.
cpc-lei-13105-capture-2026-09-28,Art. 593,aula-01.html,unused,Art. 593 dispõe sobre “Se qualquer linha do perímetro atingir benfeitorias permanentes dos confinantes feitas há mais de 1…”; esse assunto não integra a formulação da demanda nem a correção da inicial desta aula.
cpc-lei-13105-capture-2026-09-28,Art. 594,aula-01.html,unused,Art. 594 dispõe sobre “Os confinantes do imóvel dividendo podem demandar a restituição dos terrenos que lhes tenham sido…”; esse assunto não integra a formulação da demanda nem a correção da inicial desta aula.
cpc-lei-13105-capture-2026-09-28,Art. 595,aula-01.html,unused,"Art. 595 dispõe sobre “Os peritos proporão, em laudo fundamentado, a forma da divisão, devendo consultar, quanto possível, a…”; esse assunto não integra a formulação da demanda nem a correção da inicial desta aula."
cpc-lei-13105-capture-2026-09-28,Art. 596,aula-01.html,unused,"Art. 596 dispõe sobre “Ouvidas as partes, no prazo comum de 15 (quinze) dias, sobre o cálculo e o plano da divisão, o juiz…”; esse assunto não integra a formulação da demanda nem a correção da inicial desta aula."
cpc-lei-13105-capture-2026-09-28,Art. 597,aula-01.html,unused,"Art. 597 dispõe sobre “Terminados os trabalhos e desenhados na planta os quinhões e as servidões aparentes, o perito…”; esse assunto não integra a formulação da demanda nem a correção da inicial desta aula."
cpc-lei-13105-capture-2026-09-28,Art. 598,aula-01.html,unused,Art. 598 dispõe sobre “Aplica-se às divisões o disposto nos”; esse assunto não integra a formulação da demanda nem a correção da inicial desta aula.
cpc-lei-13105-capture-2026-09-28,Art. 599,aula-01.html,unused,Art. 599 dispõe sobre “A ação de dissolução parcial de sociedade pode ter por objeto:”; esse assunto não integra a formulação da demanda nem a correção da inicial desta aula.
cpc-lei-13105-capture-2026-09-28,Art. 600,aula-01.html,unused,Art. 600 dispõe sobre “A ação pode ser proposta:”; esse assunto não integra a formulação da demanda nem a correção da inicial desta aula.
cpc-lei-13105-capture-2026-09-28,Art. 601,aula-01.html,unused,"Art. 601 dispõe sobre “Os sócios e a sociedade serão citados para, no prazo de 15 (quinze) dias, concordar com o pedido ou…”; esse assunto não integra a formulação da demanda nem a correção da inicial desta aula."
cpc-lei-13105-capture-2026-09-28,Art. 602,aula-01.html,unused,Art. 602 dispõe sobre “A sociedade poderá formular pedido de indenização compensável com o valor dos haveres a apurar”; esse assunto não integra a formulação da demanda nem a correção da inicial desta aula.
cpc-lei-13105-capture-2026-09-28,Art. 603,aula-01.html,unused,"Art. 603 dispõe sobre “Havendo manifestação expressa e unânime pela concordância da dissolução, o juiz a decretará,…”; esse assunto não integra a formulação da demanda nem a correção da inicial desta aula."
cpc-lei-13105-capture-2026-09-28,Art. 604,aula-01.html,unused,"Art. 604 dispõe sobre “Para apuração dos haveres, o juiz:”; esse assunto não integra a formulação da demanda nem a correção da inicial desta aula."
cpc-lei-13105-capture-2026-09-28,Art. 605,aula-01.html,unused,Art. 605 dispõe sobre “A data da resolução da sociedade será:”; esse assunto não integra a formulação da demanda nem a correção da inicial desta aula.
cpc-lei-13105-capture-2026-09-28,Art. 606,aula-01.html,unused,"Art. 606 dispõe sobre “Em caso de omissão do contrato social, o juiz definirá, como critério de apuração de haveres, o valor…”; esse assunto não integra a formulação da demanda nem a correção da inicial desta aula."
cpc-lei-13105-capture-2026-09-28,Art. 607,aula-01.html,unused,"Art. 607 dispõe sobre “A data da resolução e o critério de apuração de haveres podem ser revistos pelo juiz, a pedido da…”; esse assunto não integra a formulação da demanda nem a correção da inicial desta aula."
cpc-lei-13105-capture-2026-09-28,Art. 608,aula-01.html,unused,"Art. 608 dispõe sobre “Até a data da resolução, integram o valor devido ao ex-sócio, ao espólio ou aos sucessores a…”; esse assunto não integra a formulação da demanda nem a correção da inicial desta aula."
cpc-lei-13105-capture-2026-09-28,Art. 609,aula-01.html,unused,"Art. 609 dispõe sobre “Uma vez apurados, os haveres do sócio retirante serão pagos conforme disciplinar o contrato social e,…”; esse assunto não integra a formulação da demanda nem a correção da inicial desta aula."
cpc-lei-13105-capture-2026-09-28,Art. 610,aula-01.html,unused,"Art. 610 dispõe sobre “Havendo testamento ou interessado incapaz, proceder-se-á ao inventário judicial”; esse assunto não integra a formulação da demanda nem a correção da inicial desta aula."
cpc-lei-13105-capture-2026-09-28,Art. 611,aula-01.html,unused,"Art. 611 dispõe sobre “O processo de inventário e de partilha deve ser instaurado dentro de 2 (dois) meses, a contar da…”; esse assunto não integra a formulação da demanda nem a correção da inicial desta aula."
cpc-lei-13105-capture-2026-09-28,Art. 612,aula-01.html,unused,Art. 612 dispõe sobre “O juiz decidirá todas as questões de direito desde que os fatos relevantes estejam provados por…”; esse assunto não integra a formulação da demanda nem a correção da inicial desta aula.
cpc-lei-13105-capture-2026-09-28,Art. 613,aula-01.html,unused,"Art. 613 dispõe sobre “Até que o inventariante preste o compromisso, continuará o espólio na posse do administrador provisório”; esse assunto não integra a formulação da demanda nem a correção da inicial desta aula."
cpc-lei-13105-capture-2026-09-28,Art. 614,aula-01.html,unused,"Art. 614 dispõe sobre “O administrador provisório representa ativa e passivamente o espólio, é obrigado a trazer ao acervo…”; esse assunto não integra a formulação da demanda nem a correção da inicial desta aula."
cpc-lei-13105-capture-2026-09-28,Art. 615,aula-01.html,unused,Art. 615 dispõe sobre “O requerimento de inventário e de partilha incumbe a quem estiver na posse e na administração do…”; esse assunto não integra a formulação da demanda nem a correção da inicial desta aula.
cpc-lei-13105-capture-2026-09-28,Art. 616,aula-01.html,unused,"Art. 616 dispõe sobre “Têm, contudo, legitimidade concorrente:”; esse assunto não integra a formulação da demanda nem a correção da inicial desta aula."
cpc-lei-13105-capture-2026-09-28,Art. 617,aula-01.html,unused,Art. 617 dispõe sobre “O juiz nomeará inventariante na seguinte ordem:”; esse assunto não integra a formulação da demanda nem a correção da inicial desta aula.
cpc-lei-13105-capture-2026-09-28,Art. 618,aula-01.html,unused,Art. 618 dispõe sobre “Incumbe ao inventariante:”; esse assunto não integra a formulação da demanda nem a correção da inicial desta aula.
cpc-lei-13105-capture-2026-09-28,Art. 619,aula-01.html,unused,"Art. 619 dispõe sobre “Incumbe ainda ao inventariante, ouvidos os interessados e com autorização do juiz:”; esse assunto não integra a formulação da demanda nem a correção da inicial desta aula."
cpc-lei-13105-capture-2026-09-28,Art. 620,aula-01.html,unused,"Art. 620 dispõe sobre “Dentro de 20 (vinte) dias contados da data em que prestou o compromisso, o inventariante fará as…”; esse assunto não integra a formulação da demanda nem a correção da inicial desta aula."
cpc-lei-13105-capture-2026-09-28,Art. 621,aula-01.html,unused,"Art. 621 dispõe sobre “Só se pode arguir sonegação ao inventariante depois de encerrada a descrição dos bens, com a…”; esse assunto não integra a formulação da demanda nem a correção da inicial desta aula."
cpc-lei-13105-capture-2026-09-28,Art. 622,aula-01.html,unused,Art. 622 dispõe sobre “O inventariante será removido de ofício ou a requerimento:”; esse assunto não integra a formulação da demanda nem a correção da inicial desta aula.
cpc-lei-13105-capture-2026-09-28,Art. 623,aula-01.html,unused,Art. 623 dispõe sobre “Requerida a remoção com fundamento em qualquer dos incisos do”; esse assunto não integra a formulação da demanda nem a correção da inicial desta aula.
cpc-lei-13105-capture-2026-09-28,Art. 624,aula-01.html,unused,"Art. 624 dispõe sobre “Decorrido o prazo, com a defesa do inventariante ou sem ela, o juiz decidirá”; esse assunto não integra a formulação da demanda nem a correção da inicial desta aula."
cpc-lei-13105-capture-2026-09-28,Art. 625,aula-01.html,unused,"Art. 625 dispõe sobre “O inventariante removido entregará imediatamente ao substituto os bens do espólio e, caso deixe de…”; esse assunto não integra a formulação da demanda nem a correção da inicial desta aula."
cpc-lei-13105-capture-2026-09-28,Art. 626,aula-01.html,unused,"Art. 626 dispõe sobre “Feitas as primeiras declarações, o juiz mandará citar, para os termos do inventário e da partilha, o…”; esse assunto não integra a formulação da demanda nem a correção da inicial desta aula."
cpc-lei-13105-capture-2026-09-28,Art. 627,aula-01.html,unused,"Art. 627 dispõe sobre “Concluídas as citações, abrir-se-á vista às partes, em cartório e pelo prazo comum de 15 (quinze)…”; esse assunto não integra a formulação da demanda nem a correção da inicial desta aula."
cpc-lei-13105-capture-2026-09-28,Art. 628,aula-01.html,unused,"Art. 628 dispõe sobre “Aquele que se julgar preterido poderá demandar sua admissão no inventário, requerendo-a antes da partilha”; esse assunto não integra a formulação da demanda nem a correção da inicial desta aula."
cpc-lei-13105-capture-2026-09-28,Art. 629,aula-01.html,unused,"Art. 629 dispõe sobre “A Fazenda Pública, no prazo de 15 (quinze) dias, após a vista de que trata o”; esse assunto não integra a formulação da demanda nem a correção da inicial desta aula."
cpc-lei-13105-capture-2026-09-28,Art. 630,aula-01.html,unused,Art. 630 dispõe sobre “Findo o prazo previsto no”; esse assunto não integra a formulação da demanda nem a correção da inicial desta aula.
cpc-lei-13105-capture-2026-09-28,Art. 632,aula-01.html,unused,Art. 632 dispõe sobre “Não se expedirá carta precatória para a avaliação de bens situados fora da comarca onde corre o…”; esse assunto não integra a formulação da demanda nem a correção da inicial desta aula.
cpc-lei-13105-capture-2026-09-28,Art. 633,aula-01.html,unused,"Art. 633 dispõe sobre “Sendo capazes todas as partes, não se procederá à avaliação se a Fazenda Pública, intimada…”; esse assunto não integra a formulação da demanda nem a correção da inicial desta aula."
cpc-lei-13105-capture-2026-09-28,Art. 634,aula-01.html,unused,"Art. 634 dispõe sobre “Se os herdeiros concordarem com o valor dos bens declarados pela Fazenda Pública, a avaliação…”; esse assunto não integra a formulação da demanda nem a correção da inicial desta aula."
cpc-lei-13105-capture-2026-09-28,Art. 635,aula-01.html,unused,"Art. 635 dispõe sobre “Entregue o laudo de avaliação, o juiz mandará que as partes se manifestem no prazo de 15 (quinze)…”; esse assunto não integra a formulação da demanda nem a correção da inicial desta aula."
cpc-lei-13105-capture-2026-09-28,Art. 636,aula-01.html,unused,"Art. 636 dispõe sobre “Aceito o laudo ou resolvidas as impugnações suscitadas a seu respeito, lavrar-se-á em seguida o termo…”; esse assunto não integra a formulação da demanda nem a correção da inicial desta aula."
cpc-lei-13105-capture-2026-09-28,Art. 637,aula-01.html,unused,"Art. 637 dispõe sobre “Ouvidas as partes sobre as últimas declarações no prazo comum de 15 (quinze) dias, proceder-se-á ao…”; esse assunto não integra a formulação da demanda nem a correção da inicial desta aula."
cpc-lei-13105-capture-2026-09-28,Art. 638,aula-01.html,unused,"Art. 638 dispõe sobre “Feito o cálculo, sobre ele serão ouvidas todas as partes no prazo comum de 5 (cinco) dias, que…”; esse assunto não integra a formulação da demanda nem a correção da inicial desta aula."
cpc-lei-13105-capture-2026-09-28,Art. 639,aula-01.html,unused,Art. 639 dispõe sobre “No prazo estabelecido no”; esse assunto não integra a formulação da demanda nem a correção da inicial desta aula.
cpc-lei-13105-capture-2026-09-28,Art. 640,aula-01.html,unused,"Art. 640 dispõe sobre “O herdeiro que renunciou à herança ou o que dela foi excluído não se exime, pelo fato da renúncia ou…”; esse assunto não integra a formulação da demanda nem a correção da inicial desta aula."
cpc-lei-13105-capture-2026-09-28,Art. 641,aula-01.html,unused,"Art. 641 dispõe sobre “Se o herdeiro negar o recebimento dos bens ou a obrigação de os conferir, o juiz, ouvidas as partes…”; esse assunto não integra a formulação da demanda nem a correção da inicial desta aula."
cpc-lei-13105-capture-2026-09-28,Art. 642,aula-01.html,unused,"Art. 642 dispõe sobre “Antes da partilha, poderão os credores do espólio requerer ao juízo do inventário o pagamento das…”; esse assunto não integra a formulação da demanda nem a correção da inicial desta aula."
cpc-lei-13105-capture-2026-09-28,Art. 643,aula-01.html,unused,"Art. 643 dispõe sobre “Não havendo concordância de todas as partes sobre o pedido de pagamento feito pelo credor, será o…”; esse assunto não integra a formulação da demanda nem a correção da inicial desta aula."
cpc-lei-13105-capture-2026-09-28,Art. 644,aula-01.html,unused,"Art. 644 dispõe sobre “O credor de dívida líquida e certa, ainda não vencida, pode requerer habilitação no inventário”; esse assunto não integra a formulação da demanda nem a correção da inicial desta aula."
cpc-lei-13105-capture-2026-09-28,Art. 645,aula-01.html,unused,Art. 645 dispõe sobre “O legatário é parte legítima para manifestar-se sobre as dívidas do espólio:”; esse assunto não integra a formulação da demanda nem a correção da inicial desta aula.
cpc-lei-13105-capture-2026-09-28,Art. 646,aula-01.html,unused,Art. 646 dispõe sobre “Sem prejuízo do disposto no”; esse assunto não integra a formulação da demanda nem a correção da inicial desta aula.
cpc-lei-13105-capture-2026-09-28,Art. 647,aula-01.html,unused,Art. 647 dispõe sobre “Cumprido o disposto no”; esse assunto não integra a formulação da demanda nem a correção da inicial desta aula.
cpc-lei-13105-capture-2026-09-28,Art. 648,aula-01.html,unused,"Art. 648 dispõe sobre “Na partilha, serão observadas as seguintes regras:”; esse assunto não integra a formulação da demanda nem a correção da inicial desta aula."
cpc-lei-13105-capture-2026-09-28,Art. 649,aula-01.html,unused,Art. 649 dispõe sobre “Os bens insuscetíveis de divisão cômoda que não couberem na parte do cônjuge ou companheiro…”; esse assunto não integra a formulação da demanda nem a correção da inicial desta aula.
cpc-lei-13105-capture-2026-09-28,Art. 650,aula-01.html,unused,"Art. 650 dispõe sobre “Se um dos interessados for nascituro, o quinhão que lhe caberá será reservado em poder do…”; esse assunto não integra a formulação da demanda nem a correção da inicial desta aula."
cpc-lei-13105-capture-2026-09-28,Art. 651,aula-01.html,unused,"Art. 651 dispõe sobre “O partidor organizará o esboço da partilha de acordo com a decisão judicial, observando nos…”; esse assunto não integra a formulação da demanda nem a correção da inicial desta aula."
cpc-lei-13105-capture-2026-09-28,Art. 652,aula-01.html,unused,"Art. 652 dispõe sobre “Feito o esboço, as partes manifestar-se-ão sobre esse no prazo comum de 15 (quinze) dias, e,…”; esse assunto não integra a formulação da demanda nem a correção da inicial desta aula."
cpc-lei-13105-capture-2026-09-28,Art. 653,aula-01.html,unused,Art. 653 dispõe sobre “A partilha constará:”; esse assunto não integra a formulação da demanda nem a correção da inicial desta aula.
cpc-lei-13105-capture-2026-09-28,Art. 654,aula-01.html,unused,Art. 654 dispõe sobre “Pago o imposto de transmissão a título de morte e juntada aos autos certidão ou informação negativa…”; esse assunto não integra a formulação da demanda nem a correção da inicial desta aula.
cpc-lei-13105-capture-2026-09-28,Art. 655,aula-01.html,unused,Art. 655 dispõe sobre “Transitada em julgado a sentença mencionada no”; esse assunto não integra a formulação da demanda nem a correção da inicial desta aula.
cpc-lei-13105-capture-2026-09-28,Art. 656,aula-01.html,unused,"Art. 656 dispõe sobre “A partilha, mesmo depois de transitada em julgado a sentença, pode ser emendada nos mesmos autos do…”; esse assunto não integra a formulação da demanda nem a correção da inicial desta aula."
cpc-lei-13105-capture-2026-09-28,Art. 657,aula-01.html,unused,"Art. 657 dispõe sobre “A partilha amigável, lavrada em instrumento público, reduzida a termo nos autos do inventário ou…”; esse assunto não integra a formulação da demanda nem a correção da inicial desta aula."
cpc-lei-13105-capture-2026-09-28,Art. 658,aula-01.html,unused,Art. 658 dispõe sobre “É rescindível a partilha julgada por sentença:”; esse assunto não integra a formulação da demanda nem a correção da inicial desta aula.
cpc-lei-13105-capture-2026-09-28,Art. 659,aula-01.html,unused,"Art. 659 dispõe sobre “A partilha amigável, celebrada entre partes capazes, nos termos da lei, será homologada de plano pelo…”; esse assunto não integra a formulação da demanda nem a correção da inicial desta aula."
cpc-lei-13105-capture-2026-09-28,Art. 660,aula-01.html,unused,"Art. 660 dispõe sobre “Na petição de inventário, que se processará na forma de arrolamento sumário, independentemente da…”; esse assunto não integra a formulação da demanda nem a correção da inicial desta aula."
cpc-lei-13105-capture-2026-09-28,Art. 661,aula-01.html,unused,Art. 661 dispõe sobre “Ressalvada a hipótese prevista no parágrafo único do”; esse assunto não integra a formulação da demanda nem a correção da inicial desta aula.
cpc-lei-13105-capture-2026-09-28,Art. 662,aula-01.html,unused,"Art. 662 dispõe sobre “No arrolamento, não serão conhecidas ou apreciadas questões relativas ao lançamento, ao pagamento ou…”; esse assunto não integra a formulação da demanda nem a correção da inicial desta aula."
cpc-lei-13105-capture-2026-09-28,Art. 663,aula-01.html,unused,"Art. 663 dispõe sobre “A existência de credores do espólio não impedirá a homologação da partilha ou da adjudicação, se…”; esse assunto não integra a formulação da demanda nem a correção da inicial desta aula."
cpc-lei-13105-capture-2026-09-28,Art. 664,aula-01.html,unused,"Art. 664 dispõe sobre “Quando o valor dos bens do espólio for igual ou inferior a 1.000 (mil) salários-mínimos, o inventário…”; esse assunto não integra a formulação da demanda nem a correção da inicial desta aula."
cpc-lei-13105-capture-2026-09-28,Art. 665,aula-01.html,unused,Art. 665 dispõe sobre “O inventário processar-se-á também na forma do”; esse assunto não integra a formulação da demanda nem a correção da inicial desta aula.
cpc-lei-13105-capture-2026-09-28,Art. 666,aula-01.html,unused,Art. 666 dispõe sobre “Independerá de inventário ou de arrolamento o pagamento dos valores previstos na”; esse assunto não integra a formulação da demanda nem a correção da inicial desta aula.
cpc-lei-13105-capture-2026-09-28,Art. 667,aula-01.html,unused,Art. 667 dispõe sobre “Aplicam-se subsidiariamente a esta Seção as disposições das Seções VII e VIII deste Capítulo”; esse assunto não integra a formulação da demanda nem a correção da inicial desta aula.
cpc-lei-13105-capture-2026-09-28,Art. 668,aula-01.html,unused,Art. 668 dispõe sobre “Cessa a eficácia da tutela provisória prevista nas Seções deste Capítulo:”; esse assunto não integra a formulação da demanda nem a correção da inicial desta aula.
cpc-lei-13105-capture-2026-09-28,Art. 669,aula-01.html,unused,Art. 669 dispõe sobre “São sujeitos à sobrepartilha os bens:”; esse assunto não integra a formulação da demanda nem a correção da inicial desta aula.
cpc-lei-13105-capture-2026-09-28,Art. 670,aula-01.html,unused,"Art. 670 dispõe sobre “Na sobrepartilha dos bens, observar-se-á o processo de inventário e de partilha”; esse assunto não integra a formulação da demanda nem a correção da inicial desta aula."
cpc-lei-13105-capture-2026-09-28,Art. 671,aula-01.html,unused,Art. 671 dispõe sobre “O juiz nomeará curador especial:”; esse assunto não integra a formulação da demanda nem a correção da inicial desta aula.
cpc-lei-13105-capture-2026-09-28,Art. 672,aula-01.html,unused,Art. 672 dispõe sobre “É lícita a cumulação de inventários para a partilha de heranças de pessoas diversas quando houver:”; esse assunto não integra a formulação da demanda nem a correção da inicial desta aula.
cpc-lei-13105-capture-2026-09-28,Art. 673,aula-01.html,unused,Art. 673 dispõe sobre “No caso previsto no”; esse assunto não integra a formulação da demanda nem a correção da inicial desta aula.
cpc-lei-13105-capture-2026-09-28,Art. 674,aula-01.html,unused,"Art. 674 dispõe sobre “Quem, não sendo parte no processo, sofrer constrição ou ameaça de constrição sobre bens que possua ou…”; esse assunto não integra a formulação da demanda nem a correção da inicial desta aula."
cpc-lei-13105-capture-2026-09-28,Art. 675,aula-01.html,unused,Art. 675 dispõe sobre “Os embargos podem ser opostos a qualquer tempo no processo de conhecimento enquanto não transitada em…”; esse assunto não integra a formulação da demanda nem a correção da inicial desta aula.
cpc-lei-13105-capture-2026-09-28,Art. 676,aula-01.html,unused,Art. 676 dispõe sobre “Os embargos serão distribuídos por dependência ao juízo que ordenou a constrição e autuados em apartado”; esse assunto não integra a formulação da demanda nem a correção da inicial desta aula.
cpc-lei-13105-capture-2026-09-28,Art. 677,aula-01.html,unused,"Art. 677 dispõe sobre “Na petição inicial, o embargante fará a prova sumária de sua posse ou de seu domínio e da qualidade…”; esse assunto não integra a formulação da demanda nem a correção da inicial desta aula."
cpc-lei-13105-capture-2026-09-28,Art. 678,aula-01.html,unused,Art. 678 dispõe sobre “A decisão que reconhecer suficientemente provado o domínio ou a posse determinará a suspensão das…”; esse assunto não integra a formulação da demanda nem a correção da inicial desta aula.
cpc-lei-13105-capture-2026-09-28,Art. 679,aula-01.html,unused,"Art. 679 dispõe sobre “Os embargos poderão ser contestados no prazo de 15 (quinze) dias, findo o qual se seguirá o…”; esse assunto não integra a formulação da demanda nem a correção da inicial desta aula."
cpc-lei-13105-capture-2026-09-28,Art. 681,aula-01.html,unused,"Art. 681 dispõe sobre “Acolhido o pedido inicial, o ato de constrição judicial indevida será cancelado, com o reconhecimento…”; esse assunto não integra a formulação da demanda nem a correção da inicial desta aula."
cpc-lei-13105-capture-2026-09-28,Art. 682,aula-01.html,unused,"Art. 682 dispõe sobre “Quem pretender, no todo ou em parte, a coisa ou o direito sobre que controvertem autor e réu poderá,…”; esse assunto não integra a formulação da demanda nem a correção da inicial desta aula."
cpc-lei-13105-capture-2026-09-28,Art. 683,aula-01.html,unused,Art. 683 dispõe sobre “O opoente deduzirá o pedido em observação aos requisitos exigidos para propositura da ação”; esse assunto não integra a formulação da demanda nem a correção da inicial desta aula.
cpc-lei-13105-capture-2026-09-28,Art. 684,aula-01.html,unused,"Art. 684 dispõe sobre “Se um dos opostos reconhecer a procedência do pedido, contra o outro prosseguirá o opoente”; esse assunto não integra a formulação da demanda nem a correção da inicial desta aula."
cpc-lei-13105-capture-2026-09-28,Art. 685,aula-01.html,unused,"Art. 685 dispõe sobre “Admitido o processamento, a oposição será apensada aos autos e tramitará simultaneamente à ação…”; esse assunto não integra a formulação da demanda nem a correção da inicial desta aula."
cpc-lei-13105-capture-2026-09-28,Art. 686,aula-01.html,unused,"Art. 686 dispõe sobre “Cabendo ao juiz decidir simultaneamente a ação originária e a oposição, desta conhecerá em primeiro lugar”; esse assunto não integra a formulação da demanda nem a correção da inicial desta aula."
cpc-lei-13105-capture-2026-09-28,Art. 687,aula-01.html,unused,"Art. 687 dispõe sobre “A habilitação ocorre quando, por falecimento de qualquer das partes, os interessados houverem de…”; esse assunto não integra a formulação da demanda nem a correção da inicial desta aula."
cpc-lei-13105-capture-2026-09-28,Art. 688,aula-01.html,unused,Art. 688 dispõe sobre “A habilitação pode ser requerida:”; esse assunto não integra a formulação da demanda nem a correção da inicial desta aula.
cpc-lei-13105-capture-2026-09-28,Art. 689,aula-01.html,unused,"Art. 689 dispõe sobre “Proceder-se-á à habilitação nos autos do processo principal, na instância em que estiver,…”; esse assunto não integra a formulação da demanda nem a correção da inicial desta aula."
cpc-lei-13105-capture-2026-09-28,Art. 690,aula-01.html,unused,"Art. 690 dispõe sobre “Recebida a petição, o juiz ordenará a citação dos requeridos para se pronunciarem no prazo de 5…”; esse assunto não integra a formulação da demanda nem a correção da inicial desta aula."
cpc-lei-13105-capture-2026-09-28,Art. 691,aula-01.html,unused,"Art. 691 dispõe sobre “O juiz decidirá o pedido de habilitação imediatamente, salvo se este for impugnado e houver…”; esse assunto não integra a formulação da demanda nem a correção da inicial desta aula."
cpc-lei-13105-capture-2026-09-28,Art. 692,aula-01.html,unused,"Art. 692 dispõe sobre “Transitada em julgado a sentença de habilitação, o processo principal retomará o seu curso, e cópia…”; esse assunto não integra a formulação da demanda nem a correção da inicial desta aula."
cpc-lei-13105-capture-2026-09-28,Art. 693,aula-01.html,unused,"Art. 693 dispõe sobre “As normas deste Capítulo aplicam-se aos processos contenciosos de divórcio, separação, reconhecimento…”; esse assunto não integra a formulação da demanda nem a correção da inicial desta aula."
cpc-lei-13105-capture-2026-09-28,Art. 694,aula-01.html,unused,"Art. 694 dispõe sobre “Nas ações de família, todos os esforços serão empreendidos para a solução consensual da controvérsia,…”; esse assunto não integra a formulação da demanda nem a correção da inicial desta aula."
cpc-lei-13105-capture-2026-09-28,Art. 695,aula-01.html,unused,"Art. 695 dispõe sobre “Recebida a petição inicial e, se for o caso, tomadas as providências referentes à tutela provisória,…”; esse assunto não integra a formulação da demanda nem a correção da inicial desta aula."
cpc-lei-13105-capture-2026-09-28,Art. 696,aula-01.html,unused,Art. 696 dispõe sobre “A audiência de mediação e conciliação poderá dividir-se em tantas sessões quantas sejam necessárias…”; esse assunto não integra a formulação da demanda nem a correção da inicial desta aula.
cpc-lei-13105-capture-2026-09-28,Art. 697,aula-01.html,unused,"Art. 697 dispõe sobre “Não realizado o acordo, passarão a incidir, a partir de então, as normas do procedimento comum,…”; esse assunto não integra a formulação da demanda nem a correção da inicial desta aula."
cpc-lei-13105-capture-2026-09-28,Art. 698,aula-01.html,unused,"Art. 698 dispõe sobre “Nas ações de família, o Ministério Público somente intervirá quando houver interesse de incapaz e…”; esse assunto não integra a formulação da demanda nem a correção da inicial desta aula."
cpc-lei-13105-capture-2026-09-28,Art. 699,aula-01.html,unused,"Art. 699 dispõe sobre “Quando o processo envolver discussão sobre fato relacionado a abuso ou a alienação parental, o juiz,…”; esse assunto não integra a formulação da demanda nem a correção da inicial desta aula."
cpc-lei-13105-capture-2026-09-28,Art. 700,aula-01.html,unused,"Art. 700 dispõe sobre “A ação monitória pode ser proposta por aquele que afirmar, com base em prova escrita sem eficácia de…”; esse assunto não integra a formulação da demanda nem a correção da inicial desta aula."
cpc-lei-13105-capture-2026-09-28,Art. 701,aula-01.html,unused,"Art. 701 dispõe sobre “Sendo evidente o direito do autor, o juiz deferirá a expedição de mandado de pagamento, de entrega de…”; esse assunto não integra a formulação da demanda nem a correção da inicial desta aula."
cpc-lei-13105-capture-2026-09-28,Art. 702,aula-01.html,unused,"Art. 702 dispõe sobre “Independentemente de prévia segurança do juízo, o réu poderá opor, nos próprios autos, no prazo…”; esse assunto não integra a formulação da demanda nem a correção da inicial desta aula."
cpc-lei-13105-capture-2026-09-28,Art. 703,aula-01.html,unused,"Art. 703 dispõe sobre “Tomado o penhor legal nos casos previstos em lei, requererá o credor, ato contínuo, a homologação”; esse assunto não integra a formulação da demanda nem a correção da inicial desta aula."
cpc-lei-13105-capture-2026-09-28,Art. 704,aula-01.html,unused,Art. 704 dispõe sobre “A defesa só pode consistir em:”; esse assunto não integra a formulação da demanda nem a correção da inicial desta aula.
cpc-lei-13105-capture-2026-09-28,Art. 705,aula-01.html,unused,"Art. 705 dispõe sobre “A partir da audiência preliminar, observar-se-á o procedimento comum”; esse assunto não integra a formulação da demanda nem a correção da inicial desta aula."
cpc-lei-13105-capture-2026-09-28,Art. 706,aula-01.html,unused,"Art. 706 dispõe sobre “Homologado judicialmente o penhor legal, consolidar-se-á a posse do autor sobre o objeto”; esse assunto não integra a formulação da demanda nem a correção da inicial desta aula."
cpc-lei-13105-capture-2026-09-28,Art. 707,aula-01.html,unused,"Art. 707 dispõe sobre “Quando inexistir consenso acerca da nomeação de um regulador de avarias, o juiz de direito da comarca…”; esse assunto não integra a formulação da demanda nem a correção da inicial desta aula."
cpc-lei-13105-capture-2026-09-28,Art. 708,aula-01.html,unused,Art. 708 dispõe sobre “O regulador declarará justificadamente se os danos são passíveis de rateio na forma de avaria grossa…”; esse assunto não integra a formulação da demanda nem a correção da inicial desta aula.
cpc-lei-13105-capture-2026-09-28,Art. 709,aula-01.html,unused,Art. 709 dispõe sobre “As partes deverão apresentar nos autos os documentos necessários à regulação da avaria grossa em…”; esse assunto não integra a formulação da demanda nem a correção da inicial desta aula.
cpc-lei-13105-capture-2026-09-28,Art. 710,aula-01.html,unused,"Art. 710 dispõe sobre “O regulador apresentará o regulamento da avaria grossa no prazo de até 12 (doze) meses, contado da…”; esse assunto não integra a formulação da demanda nem a correção da inicial desta aula."
cpc-lei-13105-capture-2026-09-28,Art. 711,aula-01.html,unused,Art. 711 dispõe sobre “Aplicam-se ao regulador de avarias os”; esse assunto não integra a formulação da demanda nem a correção da inicial desta aula.
cpc-lei-13105-capture-2026-09-28,Art. 712,aula-01.html,unused,"Art. 712 dispõe sobre “Verificado o desaparecimento dos autos, eletrônicos ou não, pode o juiz, de ofício, qualquer das…”; esse assunto não integra a formulação da demanda nem a correção da inicial desta aula."
cpc-lei-13105-capture-2026-09-28,Art. 713,aula-01.html,unused,"Art. 713 dispõe sobre “Na petição inicial, declarará a parte o estado do processo ao tempo do desaparecimento dos autos,…”; esse assunto não integra a formulação da demanda nem a correção da inicial desta aula."
cpc-lei-13105-capture-2026-09-28,Art. 714,aula-01.html,unused,"Art. 714 dispõe sobre “A parte contrária será citada para contestar o pedido no prazo de 5 (cinco) dias, cabendo-lhe exibir…”; esse assunto não integra a formulação da demanda nem a correção da inicial desta aula."
cpc-lei-13105-capture-2026-09-28,Art. 715,aula-01.html,unused,"Art. 715 dispõe sobre “Se a perda dos autos tiver ocorrido depois da produção das provas em audiência, o juiz, se…”; esse assunto não integra a formulação da demanda nem a correção da inicial desta aula."
cpc-lei-13105-capture-2026-09-28,Art. 716,aula-01.html,unused,"Art. 716 dispõe sobre “Julgada a restauração, seguirá o processo os seus termos”; esse assunto não integra a formulação da demanda nem a correção da inicial desta aula."
cpc-lei-13105-capture-2026-09-28,Art. 717,aula-01.html,unused,"Art. 717 dispõe sobre “Se o desaparecimento dos autos tiver ocorrido no tribunal, o processo de restauração será…”; esse assunto não integra a formulação da demanda nem a correção da inicial desta aula."
cpc-lei-13105-capture-2026-09-28,Art. 718,aula-01.html,unused,Art. 718 dispõe sobre “Quem houver dado causa ao desaparecimento dos autos responderá pelas custas da restauração e pelos…”; esse assunto não integra a formulação da demanda nem a correção da inicial desta aula.
cpc-lei-13105-capture-2026-09-28,Art. 719,aula-01.html,unused,"Art. 719 dispõe sobre “Quando este Código não estabelecer procedimento especial, regem os procedimentos de jurisdição…”; esse assunto não integra a formulação da demanda nem a correção da inicial desta aula."
cpc-lei-13105-capture-2026-09-28,Art. 720,aula-01.html,unused,"Art. 720 dispõe sobre “O procedimento terá início por provocação do interessado, do Ministério Público ou da Defensoria…”; esse assunto não integra a formulação da demanda nem a correção da inicial desta aula."
cpc-lei-13105-capture-2026-09-28,Art. 721,aula-01.html,unused,"Art. 721 dispõe sobre “Serão citados todos os interessados, bem como intimado o Ministério Público, nos casos do”; esse assunto não integra a formulação da demanda nem a correção da inicial desta aula."
cpc-lei-13105-capture-2026-09-28,Art. 722,aula-01.html,unused,Art. 722 dispõe sobre “A Fazenda Pública será sempre ouvida nos casos em que tiver interesse”; esse assunto não integra a formulação da demanda nem a correção da inicial desta aula.
cpc-lei-13105-capture-2026-09-28,Art. 723,aula-01.html,unused,Art. 723 dispõe sobre “O juiz decidirá o pedido no prazo de 10 (dez) dias”; esse assunto não integra a formulação da demanda nem a correção da inicial desta aula.
cpc-lei-13105-capture-2026-09-28,Art. 724,aula-01.html,unused,Art. 724 dispõe sobre “Da sentença caberá apelação”; esse assunto não integra a formulação da demanda nem a correção da inicial desta aula.
cpc-lei-13105-capture-2026-09-28,Art. 725,aula-01.html,unused,Art. 725 dispõe sobre “Processar-se-á na forma estabelecida nesta Seção o pedido de:”; esse assunto não integra a formulação da demanda nem a correção da inicial desta aula.
cpc-lei-13105-capture-2026-09-28,Art. 726,aula-01.html,unused,Art. 726 dispõe sobre “Quem tiver interesse em manifestar formalmente sua vontade a outrem sobre assunto juridicamente…”; esse assunto não integra a formulação da demanda nem a correção da inicial desta aula.
cpc-lei-13105-capture-2026-09-28,Art. 727,aula-01.html,unused,"Art. 727 dispõe sobre “Também poderá o interessado interpelar o requerido, no caso do”; esse assunto não integra a formulação da demanda nem a correção da inicial desta aula."
cpc-lei-13105-capture-2026-09-28,Art. 728,aula-01.html,unused,Art. 728 dispõe sobre “O requerido será previamente ouvido antes do deferimento da notificação ou do respectivo edital:”; esse assunto não integra a formulação da demanda nem a correção da inicial desta aula.
cpc-lei-13105-capture-2026-09-28,Art. 729,aula-01.html,unused,"Art. 729 dispõe sobre “Deferida e realizada a notificação ou interpelação, os autos serão entregues ao requerente”; esse assunto não integra a formulação da demanda nem a correção da inicial desta aula."
cpc-lei-13105-capture-2026-09-28,Art. 730,aula-01.html,unused,"Art. 730 dispõe sobre “Nos casos expressos em lei, não havendo acordo entre os interessados sobre o modo como se deve…”; esse assunto não integra a formulação da demanda nem a correção da inicial desta aula."
cpc-lei-13105-capture-2026-09-28,Art. 731,aula-01.html,unused,"Art. 731 dispõe sobre “A homologação do divórcio ou da separação consensuais, observados os requisitos legais, poderá ser…”; esse assunto não integra a formulação da demanda nem a correção da inicial desta aula."
cpc-lei-13105-capture-2026-09-28,Art. 732,aula-01.html,unused,Art. 732 dispõe sobre “As disposições relativas ao processo de homologação judicial de divórcio ou de separação consensuais…”; esse assunto não integra a formulação da demanda nem a correção da inicial desta aula.
cpc-lei-13105-capture-2026-09-28,Art. 733,aula-01.html,unused,"Art. 733 dispõe sobre “O divórcio consensual, a separação consensual e a extinção consensual de união estável, não havendo…”; esse assunto não integra a formulação da demanda nem a correção da inicial desta aula."
cpc-lei-13105-capture-2026-09-28,Art. 734,aula-01.html,unused,"Art. 734 dispõe sobre “A alteração do regime de bens do casamento, observados os requisitos legais, poderá ser requerida,…”; esse assunto não integra a formulação da demanda nem a correção da inicial desta aula."
cpc-lei-13105-capture-2026-09-28,Art. 735,aula-01.html,unused,"Art. 735 dispõe sobre “Recebendo testamento cerrado, o juiz, se não achar vício externo que o torne suspeito de nulidade ou…”; esse assunto não integra a formulação da demanda nem a correção da inicial desta aula."
cpc-lei-13105-capture-2026-09-28,Art. 736,aula-01.html,unused,"Art. 736 dispõe sobre “Qualquer interessado, exibindo o traslado ou a certidão de testamento público, poderá requerer ao…”; esse assunto não integra a formulação da demanda nem a correção da inicial desta aula."
cpc-lei-13105-capture-2026-09-28,Art. 737,aula-01.html,unused,"Art. 737 dispõe sobre “A publicação do testamento particular poderá ser requerida, depois da morte do testador, pelo…”; esse assunto não integra a formulação da demanda nem a correção da inicial desta aula."
cpc-lei-13105-capture-2026-09-28,Art. 738,aula-01.html,unused,"Art. 738 dispõe sobre “Nos casos em que a lei considere jacente a herança, o juiz em cuja comarca tiver domicílio o falecido…”; esse assunto não integra a formulação da demanda nem a correção da inicial desta aula."
cpc-lei-13105-capture-2026-09-28,Art. 739,aula-01.html,unused,"Art. 739 dispõe sobre “A herança jacente ficará sob a guarda, a conservação e a administração de um curador até a respectiva…”; esse assunto não integra a formulação da demanda nem a correção da inicial desta aula."
cpc-lei-13105-capture-2026-09-28,Art. 740,aula-01.html,unused,"Art. 740 dispõe sobre “O juiz ordenará que o oficial de justiça, acompanhado do escrivão ou do chefe de secretaria e do…”; esse assunto não integra a formulação da demanda nem a correção da inicial desta aula."
cpc-lei-13105-capture-2026-09-28,Art. 741,aula-01.html,unused,"Art. 741 dispõe sobre “Ultimada a arrecadação, o juiz mandará expedir edital, que será publicado na rede mundial de…”; esse assunto não integra a formulação da demanda nem a correção da inicial desta aula."
cpc-lei-13105-capture-2026-09-28,Art. 742,aula-01.html,unused,Art. 742 dispõe sobre “O juiz poderá autorizar a alienação:”; esse assunto não integra a formulação da demanda nem a correção da inicial desta aula.
cpc-lei-13105-capture-2026-09-28,Art. 743,aula-01.html,unused,Art. 743 dispõe sobre “Passado 1 (um) ano da primeira publicação do edital e não havendo herdeiro habilitado nem habilitação…”; esse assunto não integra a formulação da demanda nem a correção da inicial desta aula.
cpc-lei-13105-capture-2026-09-28,Art. 744,aula-01.html,unused,"Art. 744 dispõe sobre “Declarada a ausência nos casos previstos em lei, o juiz mandará arrecadar os bens do ausente e…”; esse assunto não integra a formulação da demanda nem a correção da inicial desta aula."
cpc-lei-13105-capture-2026-09-28,Art. 745,aula-01.html,unused,"Art. 745 dispõe sobre “Feita a arrecadação, o juiz mandará publicar editais na rede mundial de computadores, no sítio do…”; esse assunto não integra a formulação da demanda nem a correção da inicial desta aula."
cpc-lei-13105-capture-2026-09-28,Art. 746,aula-01.html,unused,"Art. 746 dispõe sobre “Recebendo do descobridor coisa alheia perdida, o juiz mandará lavrar o respectivo auto, do qual…”; esse assunto não integra a formulação da demanda nem a correção da inicial desta aula."
cpc-lei-13105-capture-2026-09-28,Art. 747,aula-01.html,unused,Art. 747 dispõe sobre “A interdição pode ser promovida:”; esse assunto não integra a formulação da demanda nem a correção da inicial desta aula.
cpc-lei-13105-capture-2026-09-28,Art. 748,aula-01.html,unused,Art. 748 dispõe sobre “O Ministério Público só promoverá interdição em caso de doença mental grave:”; esse assunto não integra a formulação da demanda nem a correção da inicial desta aula.
cpc-lei-13105-capture-2026-09-28,Art. 749,aula-01.html,unused,"Art. 749 dispõe sobre “Incumbe ao autor, na petição inicial, especificar os fatos que demonstram a incapacidade do…”; esse assunto não integra a formulação da demanda nem a correção da inicial desta aula."
cpc-lei-13105-capture-2026-09-28,Art. 750,aula-01.html,unused,Art. 750 dispõe sobre “O requerente deverá juntar laudo médico para fazer prova de suas alegações ou informar a…”; esse assunto não integra a formulação da demanda nem a correção da inicial desta aula.
cpc-lei-13105-capture-2026-09-28,Art. 751,aula-01.html,unused,"Art. 751 dispõe sobre “O interditando será citado para, em dia designado, comparecer perante o juiz, que o entrevistará…”; esse assunto não integra a formulação da demanda nem a correção da inicial desta aula."
cpc-lei-13105-capture-2026-09-28,Art. 752,aula-01.html,unused,"Art. 752 dispõe sobre “Dentro do prazo de 15 (quinze) dias contado da entrevista, o interditando poderá impugnar o pedido”; esse assunto não integra a formulação da demanda nem a correção da inicial desta aula."
cpc-lei-13105-capture-2026-09-28,Art. 753,aula-01.html,unused,Art. 753 dispõe sobre “Decorrido o prazo previsto no”; esse assunto não integra a formulação da demanda nem a correção da inicial desta aula.
cpc-lei-13105-capture-2026-09-28,Art. 754,aula-01.html,unused,"Art. 754 dispõe sobre “Apresentado o laudo, produzidas as demais provas e ouvidos os interessados, o juiz proferirá sentença”; esse assunto não integra a formulação da demanda nem a correção da inicial desta aula."
cpc-lei-13105-capture-2026-09-28,Art. 755,aula-01.html,unused,"Art. 755 dispõe sobre “Na sentença que decretar a interdição, o juiz:”; esse assunto não integra a formulação da demanda nem a correção da inicial desta aula."
cpc-lei-13105-capture-2026-09-28,Art. 756,aula-01.html,unused,Art. 756 dispõe sobre “Levantar-se-á a curatela quando cessar a causa que a determinou”; esse assunto não integra a formulação da demanda nem a correção da inicial desta aula.
cpc-lei-13105-capture-2026-09-28,Art. 757,aula-01.html,unused,Art. 757 dispõe sobre “A autoridade do curador estende-se à pessoa e aos bens do incapaz que se encontrar sob a guarda e a…”; esse assunto não integra a formulação da demanda nem a correção da inicial desta aula.
cpc-lei-13105-capture-2026-09-28,Art. 758,aula-01.html,unused,Art. 758 dispõe sobre “O curador deverá buscar tratamento e apoio apropriados à conquista da autonomia pelo interdito”; esse assunto não integra a formulação da demanda nem a correção da inicial desta aula.
cpc-lei-13105-capture-2026-09-28,Art. 759,aula-01.html,unused,Art. 759 dispõe sobre “O tutor ou o curador será intimado a prestar compromisso no prazo de 5 (cinco) dias contado da:”; esse assunto não integra a formulação da demanda nem a correção da inicial desta aula.
cpc-lei-13105-capture-2026-09-28,Art. 760,aula-01.html,unused,Art. 760 dispõe sobre “O tutor ou o curador poderá eximir-se do encargo apresentando escusa ao juiz no prazo de 5 (cinco)…”; esse assunto não integra a formulação da demanda nem a correção da inicial desta aula.
cpc-lei-13105-capture-2026-09-28,Art. 761,aula-01.html,unused,"Art. 761 dispõe sobre “Incumbe ao Ministério Público ou a quem tenha legítimo interesse requerer, nos casos previstos em…”; esse assunto não integra a formulação da demanda nem a correção da inicial desta aula."
cpc-lei-13105-capture-2026-09-28,Art. 762,aula-01.html,unused,"Art. 762 dispõe sobre “Em caso de extrema gravidade, o juiz poderá suspender o tutor ou o curador do exercício de suas…”; esse assunto não integra a formulação da demanda nem a correção da inicial desta aula."
cpc-lei-13105-capture-2026-09-28,Art. 763,aula-01.html,unused,"Art. 763 dispõe sobre “Cessando as funções do tutor ou do curador pelo decurso do prazo em que era obrigado a servir,…”; esse assunto não integra a formulação da demanda nem a correção da inicial desta aula."
cpc-lei-13105-capture-2026-09-28,Art. 764,aula-01.html,unused,Art. 764 dispõe sobre “O juiz decidirá sobre a aprovação do estatuto das fundações e de suas alterações sempre que o…”; esse assunto não integra a formulação da demanda nem a correção da inicial desta aula.
cpc-lei-13105-capture-2026-09-28,Art. 765,aula-01.html,unused,Art. 765 dispõe sobre “Qualquer interessado ou o Ministério Público promoverá em juízo a extinção da fundação quando:”; esse assunto não integra a formulação da demanda nem a correção da inicial desta aula.
cpc-lei-13105-capture-2026-09-28,Art. 766,aula-01.html,unused,Art. 766 dispõe sobre “Todos os protestos e os processos testemunháveis formados a bordo e lançados no livro Diário da…”; esse assunto não integra a formulação da demanda nem a correção da inicial desta aula.
cpc-lei-13105-capture-2026-09-28,Art. 767,aula-01.html,unused,Art. 767 dispõe sobre “A petição inicial conterá a transcrição dos termos lançados no livro Diário da Navegação e deverá ser…”; esse assunto não integra a formulação da demanda nem a correção da inicial desta aula.
cpc-lei-13105-capture-2026-09-28,Art. 768,aula-01.html,unused,"Art. 768 dispõe sobre “A petição inicial deverá ser distribuída com urgência e encaminhada ao juiz, que ouvirá, sob…”; esse assunto não integra a formulação da demanda nem a correção da inicial desta aula."
cpc-lei-13105-capture-2026-09-28,Art. 769,aula-01.html,unused,"Art. 769 dispõe sobre “Aberta a audiência, o juiz mandará apregoar os consignatários das cargas indicados na petição inicial…”; esse assunto não integra a formulação da demanda nem a correção da inicial desta aula."
cpc-lei-13105-capture-2026-09-28,Art. 770,aula-01.html,unused,"Art. 770 dispõe sobre “Inquiridos o comandante e as testemunhas, o juiz, convencido da veracidade dos termos lançados no…”; esse assunto não integra a formulação da demanda nem a correção da inicial desta aula."
cpc-lei-13105-capture-2026-09-28,Art. 771,aula-01.html,unused,"Art. 771 dispõe sobre “Este Livro regula o procedimento da execução fundada em título extrajudicial, e suas disposições…”; esse assunto não integra a formulação da demanda nem a correção da inicial desta aula."
cpc-lei-13105-capture-2026-09-28,Art. 772,aula-01.html,unused,"Art. 772 dispõe sobre “O juiz pode, em qualquer momento do processo:”; esse assunto não integra a formulação da demanda nem a correção da inicial desta aula."
cpc-lei-13105-capture-2026-09-28,Art. 773,aula-01.html,unused,"Art. 773 dispõe sobre “O juiz poderá, de ofício ou a requerimento, determinar as medidas necessárias ao cumprimento da ordem…”; esse assunto não integra a formulação da demanda nem a correção da inicial desta aula."
cpc-lei-13105-capture-2026-09-28,Art. 774,aula-01.html,unused,Art. 774 dispõe sobre “Considera-se atentatória à dignidade da justiça a conduta comissiva ou omissiva do executado que:”; esse assunto não integra a formulação da demanda nem a correção da inicial desta aula.
cpc-lei-13105-capture-2026-09-28,Art. 775,aula-01.html,unused,Art. 775 dispõe sobre “O exequente tem o direito de desistir de toda a execução ou de apenas alguma medida executiva”; esse assunto não integra a formulação da demanda nem a correção da inicial desta aula.
cpc-lei-13105-capture-2026-09-28,Art. 776,aula-01.html,unused,"Art. 776 dispõe sobre “O exequente ressarcirá ao executado os danos que este sofreu, quando a sentença, transitada em…”; esse assunto não integra a formulação da demanda nem a correção da inicial desta aula."
cpc-lei-13105-capture-2026-09-28,Art. 777,aula-01.html,unused,Art. 777 dispõe sobre “A cobrança de multas ou de indenizações decorrentes de litigância de má-fé ou de prática de ato…”; esse assunto não integra a formulação da demanda nem a correção da inicial desta aula.
cpc-lei-13105-capture-2026-09-28,Art. 778,aula-01.html,unused,Art. 778 dispõe sobre “Pode promover a execução forçada o credor a quem a lei confere título executivo”; esse assunto não integra a formulação da demanda nem a correção da inicial desta aula.
cpc-lei-13105-capture-2026-09-28,Art. 779,aula-01.html,unused,Art. 779 dispõe sobre “A execução pode ser promovida contra:”; esse assunto não integra a formulação da demanda nem a correção da inicial desta aula.
cpc-lei-13105-capture-2026-09-28,Art. 780,aula-01.html,unused,"Art. 780 dispõe sobre “O exequente pode cumular várias execuções, ainda que fundadas em títulos diferentes, quando o…”; esse assunto não integra a formulação da demanda nem a correção da inicial desta aula."
cpc-lei-13105-capture-2026-09-28,Art. 781,aula-01.html,unused,"Art. 781 dispõe sobre “A execução fundada em título extrajudicial será processada perante o juízo competente, observando-se…”; esse assunto não integra a formulação da demanda nem a correção da inicial desta aula."
cpc-lei-13105-capture-2026-09-28,Art. 782,aula-01.html,unused,"Art. 782 dispõe sobre “Não dispondo a lei de modo diverso, o juiz determinará os atos executivos, e o oficial de justiça os…”; esse assunto não integra a formulação da demanda nem a correção da inicial desta aula."
cpc-lei-13105-capture-2026-09-28,Art. 783,aula-01.html,unused,"Art. 783 dispõe sobre “A execução para cobrança de crédito fundar-se-á sempre em título de obrigação certa, líquida e exigível”; esse assunto não integra a formulação da demanda nem a correção da inicial desta aula."
cpc-lei-13105-capture-2026-09-28,Art. 784,aula-01.html,unused,Art. 784 dispõe sobre “São títulos executivos extrajudiciais:”; esse assunto não integra a formulação da demanda nem a correção da inicial desta aula.
cpc-lei-13105-capture-2026-09-28,Art. 785,aula-01.html,unused,Art. 785 dispõe sobre “A existência de título executivo extrajudicial não impede a parte de optar pelo processo de…”; esse assunto não integra a formulação da demanda nem a correção da inicial desta aula.
cpc-lei-13105-capture-2026-09-28,Art. 787,aula-01.html,unused,"Art. 787 dispõe sobre “Se o devedor não for obrigado a satisfazer sua prestação senão mediante a contraprestação do credor,…”; esse assunto não integra a formulação da demanda nem a correção da inicial desta aula."
cpc-lei-13105-capture-2026-09-28,Art. 788,aula-01.html,unused,"Art. 788 dispõe sobre “O credor não poderá iniciar a execução ou nela prosseguir se o devedor cumprir a obrigação, mas…”; esse assunto não integra a formulação da demanda nem a correção da inicial desta aula."
cpc-lei-13105-capture-2026-09-28,Art. 789,aula-01.html,unused,"Art. 789 dispõe sobre “O devedor responde com todos os seus bens presentes e futuros para o cumprimento de suas obrigações,…”; esse assunto não integra a formulação da demanda nem a correção da inicial desta aula."
cpc-lei-13105-capture-2026-09-28,Art. 790,aula-01.html,unused,Art. 790 dispõe sobre “São sujeitos à execução os bens:”; esse assunto não integra a formulação da demanda nem a correção da inicial desta aula.
cpc-lei-13105-capture-2026-09-28,Art. 791,aula-01.html,unused,Art. 791 dispõe sobre “Se a execução tiver por objeto obrigação de que seja sujeito passivo o proprietário de terreno…”; esse assunto não integra a formulação da demanda nem a correção da inicial desta aula.
cpc-lei-13105-capture-2026-09-28,Art. 792,aula-01.html,unused,Art. 792 dispõe sobre “A alienação ou a oneração de bem é considerada fraude à execução:”; esse assunto não integra a formulação da demanda nem a correção da inicial desta aula.
cpc-lei-13105-capture-2026-09-28,Art. 793,aula-01.html,unused,"Art. 793 dispõe sobre “O exequente que estiver, por direito de retenção, na posse de coisa pertencente ao devedor não poderá…”; esse assunto não integra a formulação da demanda nem a correção da inicial desta aula."
cpc-lei-13105-capture-2026-09-28,Art. 794,aula-01.html,unused,"Art. 794 dispõe sobre “O fiador, quando executado, tem o direito de exigir que primeiro sejam executados os bens do devedor…”; esse assunto não integra a formulação da demanda nem a correção da inicial desta aula."
cpc-lei-13105-capture-2026-09-28,Art. 795,aula-01.html,unused,"Art. 795 dispõe sobre “Os bens particulares dos sócios não respondem pelas dívidas da sociedade, senão nos casos previstos…”; esse assunto não integra a formulação da demanda nem a correção da inicial desta aula."
cpc-lei-13105-capture-2026-09-28,Art. 796,aula-01.html,unused,"Art. 796 dispõe sobre “O espólio responde pelas dívidas do falecido, mas, feita a partilha, cada herdeiro responde por elas…”; esse assunto não integra a formulação da demanda nem a correção da inicial desta aula."
cpc-lei-13105-capture-2026-09-28,Art. 797,aula-01.html,unused,"Art. 797 dispõe sobre “Ressalvado o caso de insolvência do devedor, em que tem lugar o concurso universal, realiza-se a…”; esse assunto não integra a formulação da demanda nem a correção da inicial desta aula."
cpc-lei-13105-capture-2026-09-28,Art. 798,aula-01.html,unused,"Art. 798 dispõe sobre “Ao propor a execução, incumbe ao exequente:”; esse assunto não integra a formulação da demanda nem a correção da inicial desta aula."
cpc-lei-13105-capture-2026-09-28,Art. 799,aula-01.html,unused,Art. 799 dispõe sobre “Incumbe ainda ao exequente:”; esse assunto não integra a formulação da demanda nem a correção da inicial desta aula.
cpc-lei-13105-capture-2026-09-28,Art. 800,aula-01.html,unused,"Art. 800 dispõe sobre “Nas obrigações alternativas, quando a escolha couber ao devedor, esse será citado para exercer a…”; esse assunto não integra a formulação da demanda nem a correção da inicial desta aula."
cpc-lei-13105-capture-2026-09-28,Art. 801,aula-01.html,unused,"Art. 801 regula a petição inicial da execução, fora da fase de conhecimento que esta aula apresenta."
cpc-lei-13105-capture-2026-09-28,Art. 802,aula-01.html,unused,"Art. 802 dispõe sobre “Na execução, o despacho que ordena a citação, desde que realizada em observância ao disposto no”; esse assunto não integra a formulação da demanda nem a correção da inicial desta aula."
cpc-lei-13105-capture-2026-09-28,Art. 803,aula-01.html,unused,Art. 803 dispõe sobre “É nula a execução se:”; esse assunto não integra a formulação da demanda nem a correção da inicial desta aula.
cpc-lei-13105-capture-2026-09-28,Art. 804,aula-01.html,unused,"Art. 804 dispõe sobre “A alienação de bem gravado por penhor, hipoteca ou anticrese será ineficaz em relação ao credor…”; esse assunto não integra a formulação da demanda nem a correção da inicial desta aula."
cpc-lei-13105-capture-2026-09-28,Art. 805,aula-01.html,unused,"Art. 805 dispõe sobre “Quando por vários meios o exequente puder promover a execução, o juiz mandará que se faça pelo modo…”; esse assunto não integra a formulação da demanda nem a correção da inicial desta aula."
cpc-lei-13105-capture-2026-09-28,Art. 806,aula-01.html,unused,"Art. 806 dispõe sobre “O devedor de obrigação de entrega de coisa certa, constante de título executivo extrajudicial, será…”; esse assunto não integra a formulação da demanda nem a correção da inicial desta aula."
cpc-lei-13105-capture-2026-09-28,Art. 807,aula-01.html,unused,"Art. 807 dispõe sobre “Se o executado entregar a coisa, será lavrado o termo respectivo e considerada satisfeita a…”; esse assunto não integra a formulação da demanda nem a correção da inicial desta aula."
cpc-lei-13105-capture-2026-09-28,Art. 808,aula-01.html,unused,"Art. 808 dispõe sobre “Alienada a coisa quando já litigiosa, será expedido mandado contra o terceiro adquirente, que somente…”; esse assunto não integra a formulação da demanda nem a correção da inicial desta aula."
cpc-lei-13105-capture-2026-09-28,Art. 809,aula-01.html,unused,"Art. 809 dispõe sobre “O exequente tem direito a receber, além de perdas e danos, o valor da coisa, quando essa se…”; esse assunto não integra a formulação da demanda nem a correção da inicial desta aula."
cpc-lei-13105-capture-2026-09-28,Art. 810,aula-01.html,unused,Art. 810 dispõe sobre “Havendo benfeitorias indenizáveis feitas na coisa pelo executado ou por terceiros de cujo poder ela…”; esse assunto não integra a formulação da demanda nem a correção da inicial desta aula.
cpc-lei-13105-capture-2026-09-28,Art. 811,aula-01.html,unused,"Art. 811 dispõe sobre “Quando a execução recair sobre coisa determinada pelo gênero e pela quantidade, o executado será…”; esse assunto não integra a formulação da demanda nem a correção da inicial desta aula."
cpc-lei-13105-capture-2026-09-28,Art. 812,aula-01.html,unused,"Art. 812 dispõe sobre “Qualquer das partes poderá, no prazo de 15 (quinze) dias, impugnar a escolha feita pela outra, e o…”; esse assunto não integra a formulação da demanda nem a correção da inicial desta aula."
cpc-lei-13105-capture-2026-09-28,Art. 813,aula-01.html,unused,"Art. 813 dispõe sobre “Aplicar-se-ão à execução para entrega de coisa incerta, no que couber, as disposições da Seção I…”; esse assunto não integra a formulação da demanda nem a correção da inicial desta aula."
cpc-lei-13105-capture-2026-09-28,Art. 814,aula-01.html,unused,"Art. 814 dispõe sobre “Na execução de obrigação de fazer ou de não fazer fundada em título extrajudicial, ao despachar a…”; esse assunto não integra a formulação da demanda nem a correção da inicial desta aula."
cpc-lei-13105-capture-2026-09-28,Art. 815,aula-01.html,unused,"Art. 815 dispõe sobre “Quando o objeto da execução for obrigação de fazer, o executado será citado para satisfazê-la no…”; esse assunto não integra a formulação da demanda nem a correção da inicial desta aula."
cpc-lei-13105-capture-2026-09-28,Art. 816,aula-01.html,unused,"Art. 816 dispõe sobre “Se o executado não satisfizer a obrigação no prazo designado, é lícito ao exequente, nos próprios…”; esse assunto não integra a formulação da demanda nem a correção da inicial desta aula."
cpc-lei-13105-capture-2026-09-28,Art. 817,aula-01.html,unused,"Art. 817 dispõe sobre “Se a obrigação puder ser satisfeita por terceiro, é lícito ao juiz autorizar, a requerimento do…”; esse assunto não integra a formulação da demanda nem a correção da inicial desta aula."
cpc-lei-13105-capture-2026-09-28,Art. 818,aula-01.html,unused,"Art. 818 dispõe sobre “Realizada a prestação, o juiz ouvirá as partes no prazo de 10 (dez) dias e, não havendo impugnação,…”; esse assunto não integra a formulação da demanda nem a correção da inicial desta aula."
cpc-lei-13105-capture-2026-09-28,Art. 819,aula-01.html,unused,Art. 819 dispõe sobre “Se o terceiro contratado não realizar a prestação no prazo ou se o fizer de modo incompleto ou…”; esse assunto não integra a formulação da demanda nem a correção da inicial desta aula.
cpc-lei-13105-capture-2026-09-28,Art. 820,aula-01.html,unused,"Art. 820 dispõe sobre “Se o exequente quiser executar ou mandar executar, sob sua direção e vigilância, as obras e os…”; esse assunto não integra a formulação da demanda nem a correção da inicial desta aula."
cpc-lei-13105-capture-2026-09-28,Art. 821,aula-01.html,unused,"Art. 821 dispõe sobre “Na obrigação de fazer, quando se convencionar que o executado a satisfaça pessoalmente, o exequente…”; esse assunto não integra a formulação da demanda nem a correção da inicial desta aula."
cpc-lei-13105-capture-2026-09-28,Art. 822,aula-01.html,unused,"Art. 822 dispõe sobre “Se o executado praticou ato a cuja abstenção estava obrigado por lei ou por contrato, o exequente…”; esse assunto não integra a formulação da demanda nem a correção da inicial desta aula."
cpc-lei-13105-capture-2026-09-28,Art. 823,aula-01.html,unused,"Art. 823 dispõe sobre “Havendo recusa ou mora do executado, o exequente requererá ao juiz que mande desfazer o ato à custa…”; esse assunto não integra a formulação da demanda nem a correção da inicial desta aula."
cpc-lei-13105-capture-2026-09-28,Art. 824,aula-01.html,unused,"Art. 824 dispõe sobre “A execução por quantia certa realiza-se pela expropriação de bens do executado, ressalvadas as…”; esse assunto não integra a formulação da demanda nem a correção da inicial desta aula."
cpc-lei-13105-capture-2026-09-28,Art. 825,aula-01.html,unused,Art. 825 dispõe sobre “A expropriação consiste em:”; esse assunto não integra a formulação da demanda nem a correção da inicial desta aula.
cpc-lei-13105-capture-2026-09-28,Art. 826,aula-01.html,unused,"Art. 826 dispõe sobre “Antes de adjudicados ou alienados os bens, o executado pode, a todo tempo, remir a execução, pagando…”; esse assunto não integra a formulação da demanda nem a correção da inicial desta aula."
cpc-lei-13105-capture-2026-09-28,Art. 827,aula-01.html,unused,"Art. 827 dispõe sobre “Ao despachar a inicial, o juiz fixará, de plano, os honorários advocatícios de dez por cento, a serem…”; esse assunto não integra a formulação da demanda nem a correção da inicial desta aula."
cpc-lei-13105-capture-2026-09-28,Art. 828,aula-01.html,unused,"Art. 828 dispõe sobre “O exequente poderá obter certidão de que a execução foi admitida pelo juiz, com identificação das…”; esse assunto não integra a formulação da demanda nem a correção da inicial desta aula."
cpc-lei-13105-capture-2026-09-28,Art. 829,aula-01.html,unused,"Art. 829 dispõe sobre “O executado será citado para pagar a dívida no prazo de 3 (três) dias, contado da citação”; esse assunto não integra a formulação da demanda nem a correção da inicial desta aula."
cpc-lei-13105-capture-2026-09-28,Art. 830,aula-01.html,unused,"Art. 830 dispõe sobre “Se o oficial de justiça não encontrar o executado, arrestar-lhe-á tantos bens quantos bastem para…”; esse assunto não integra a formulação da demanda nem a correção da inicial desta aula."
cpc-lei-13105-capture-2026-09-28,Art. 831,aula-01.html,unused,"Art. 831 dispõe sobre “A penhora deverá recair sobre tantos bens quantos bastem para o pagamento do principal atualizado,…”; esse assunto não integra a formulação da demanda nem a correção da inicial desta aula."
cpc-lei-13105-capture-2026-09-28,Art. 832,aula-01.html,unused,Art. 832 dispõe sobre “Não estão sujeitos à execução os bens que a lei considera impenhoráveis ou inalienáveis”; esse assunto não integra a formulação da demanda nem a correção da inicial desta aula.
cpc-lei-13105-capture-2026-09-28,Art. 833,aula-01.html,unused,Art. 833 dispõe sobre “São impenhoráveis:”; esse assunto não integra a formulação da demanda nem a correção da inicial desta aula.
cpc-lei-13105-capture-2026-09-28,Art. 834,aula-01.html,unused,"Art. 834 dispõe sobre “Podem ser penhorados, à falta de outros bens, os frutos e os rendimentos dos bens inalienáveis”; esse assunto não integra a formulação da demanda nem a correção da inicial desta aula."
cpc-lei-13105-capture-2026-09-28,Art. 835,aula-01.html,unused,"Art. 835 dispõe sobre “A penhora observará, preferencialmente, a seguinte ordem:”; esse assunto não integra a formulação da demanda nem a correção da inicial desta aula."
cpc-lei-13105-capture-2026-09-28,Art. 836,aula-01.html,unused,Art. 836 dispõe sobre “Não se levará a efeito a penhora quando ficar evidente que o produto da execução dos bens encontrados…”; esse assunto não integra a formulação da demanda nem a correção da inicial desta aula.
cpc-lei-13105-capture-2026-09-28,Art. 837,aula-01.html,unused,Art. 837 dispõe sobre “Obedecidas as normas de segurança instituídas sob critérios uniformes pelo Conselho Nacional de…”; esse assunto não integra a formulação da demanda nem a correção da inicial desta aula.
cpc-lei-13105-capture-2026-09-28,Art. 838,aula-01.html,unused,"Art. 838 dispõe sobre “A penhora será realizada mediante auto ou termo, que conterá:”; esse assunto não integra a formulação da demanda nem a correção da inicial desta aula."
cpc-lei-13105-capture-2026-09-28,Art. 839,aula-01.html,unused,"Art. 839 dispõe sobre “Considerar-se-á feita a penhora mediante a apreensão e o depósito dos bens, lavrando-se um só auto se…”; esse assunto não integra a formulação da demanda nem a correção da inicial desta aula."
cpc-lei-13105-capture-2026-09-28,Art. 840,aula-01.html,unused,Art. 840 dispõe sobre “Serão preferencialmente depositados:”; esse assunto não integra a formulação da demanda nem a correção da inicial desta aula.
cpc-lei-13105-capture-2026-09-28,Art. 841,aula-01.html,unused,"Art. 841 dispõe sobre “Formalizada a penhora por qualquer dos meios legais, dela será imediatamente intimado o executado”; esse assunto não integra a formulação da demanda nem a correção da inicial desta aula."
cpc-lei-13105-capture-2026-09-28,Art. 842,aula-01.html,unused,"Art. 842 dispõe sobre “Recaindo a penhora sobre bem imóvel ou direito real sobre imóvel, será intimado também o cônjuge do…”; esse assunto não integra a formulação da demanda nem a correção da inicial desta aula."
cpc-lei-13105-capture-2026-09-28,Art. 843,aula-01.html,unused,"Art. 843 dispõe sobre “Tratando-se de penhora de bem indivisível, o equivalente à quota-parte do coproprietário ou do…”; esse assunto não integra a formulação da demanda nem a correção da inicial desta aula."
cpc-lei-13105-capture-2026-09-28,Art. 844,aula-01.html,unused,"Art. 844 dispõe sobre “Para presunção absoluta de conhecimento por terceiros, cabe ao exequente providenciar a averbação do…”; esse assunto não integra a formulação da demanda nem a correção da inicial desta aula."
cpc-lei-13105-capture-2026-09-28,Art. 845,aula-01.html,unused,"Art. 845 dispõe sobre “Efetuar-se-á a penhora onde se encontrem os bens, ainda que sob a posse, a detenção ou a guarda de…”; esse assunto não integra a formulação da demanda nem a correção da inicial desta aula."
cpc-lei-13105-capture-2026-09-28,Art. 846,aula-01.html,unused,"Art. 846 dispõe sobre “Se o executado fechar as portas da casa a fim de obstar a penhora dos bens, o oficial de justiça…”; esse assunto não integra a formulação da demanda nem a correção da inicial desta aula."
cpc-lei-13105-capture-2026-09-28,Art. 847,aula-01.html,unused,"Art. 847 dispõe sobre “O executado pode, no prazo de 10 (dez) dias contado da intimação da penhora, requerer a substituição…”; esse assunto não integra a formulação da demanda nem a correção da inicial desta aula."
cpc-lei-13105-capture-2026-09-28,Art. 848,aula-01.html,unused,Art. 848 dispõe sobre “As partes poderão requerer a substituição da penhora se:”; esse assunto não integra a formulação da demanda nem a correção da inicial desta aula.
cpc-lei-13105-capture-2026-09-28,Art. 849,aula-01.html,unused,"Art. 849 dispõe sobre “Sempre que ocorrer a substituição dos bens inicialmente penhorados, será lavrado novo termo”; esse assunto não integra a formulação da demanda nem a correção da inicial desta aula."
cpc-lei-13105-capture-2026-09-28,Art. 851,aula-01.html,unused,"Art. 851 dispõe sobre “Não se procede à segunda penhora, salvo se:”; esse assunto não integra a formulação da demanda nem a correção da inicial desta aula."
cpc-lei-13105-capture-2026-09-28,Art. 852,aula-01.html,unused,Art. 852 dispõe sobre “O juiz determinará a alienação antecipada dos bens penhorados quando:”; esse assunto não integra a formulação da demanda nem a correção da inicial desta aula.
cpc-lei-13105-capture-2026-09-28,Art. 853,aula-01.html,unused,"Art. 853 dispõe sobre “Quando uma das partes requerer alguma das medidas previstas nesta Subseção, o juiz ouvirá sempre a…”; esse assunto não integra a formulação da demanda nem a correção da inicial desta aula."
cpc-lei-13105-capture-2026-09-28,Art. 854,aula-01.html,unused,"Art. 854 dispõe sobre “Para possibilitar a penhora de dinheiro em depósito ou em aplicação financeira, o juiz, a…”; esse assunto não integra a formulação da demanda nem a correção da inicial desta aula."
cpc-lei-13105-capture-2026-09-28,Art. 855,aula-01.html,unused,"Art. 855 dispõe sobre “Quando recair em crédito do executado, enquanto não ocorrer a hipótese prevista no”; esse assunto não integra a formulação da demanda nem a correção da inicial desta aula."
cpc-lei-13105-capture-2026-09-28,Art. 856,aula-01.html,unused,"Art. 856 dispõe sobre “A penhora de crédito representado por letra de câmbio, nota promissória, duplicata, cheque ou outros…”; esse assunto não integra a formulação da demanda nem a correção da inicial desta aula."
cpc-lei-13105-capture-2026-09-28,Art. 857,aula-01.html,unused,"Art. 857 dispõe sobre “Feita a penhora em direito e ação do executado, e não tendo ele oferecido embargos ou sendo estes…”; esse assunto não integra a formulação da demanda nem a correção da inicial desta aula."
cpc-lei-13105-capture-2026-09-28,Art. 858,aula-01.html,unused,"Art. 858 dispõe sobre “Quando a penhora recair sobre dívidas de dinheiro a juros, de direito a rendas ou de prestações…”; esse assunto não integra a formulação da demanda nem a correção da inicial desta aula."
cpc-lei-13105-capture-2026-09-28,Art. 859,aula-01.html,unused,"Art. 859 dispõe sobre “Recaindo a penhora sobre direito a prestação ou a restituição de coisa determinada, o executado será…”; esse assunto não integra a formulação da demanda nem a correção da inicial desta aula."
cpc-lei-13105-capture-2026-09-28,Art. 860,aula-01.html,unused,"Art. 860 dispõe sobre “Quando o direito estiver sendo pleiteado em juízo, a penhora que recair sobre ele será averbada, com…”; esse assunto não integra a formulação da demanda nem a correção da inicial desta aula."
cpc-lei-13105-capture-2026-09-28,Art. 861,aula-01.html,unused,"Art. 861 dispõe sobre “Penhoradas as quotas ou as ações de sócio em sociedade simples ou empresária, o juiz assinará prazo…”; esse assunto não integra a formulação da demanda nem a correção da inicial desta aula."
cpc-lei-13105-capture-2026-09-28,Art. 862,aula-01.html,unused,"Art. 862 dispõe sobre “Quando a penhora recair em estabelecimento comercial, industrial ou agrícola, bem como em semoventes,…”; esse assunto não integra a formulação da demanda nem a correção da inicial desta aula."
cpc-lei-13105-capture-2026-09-28,Art. 864,aula-01.html,unused,"Art. 864 dispõe sobre “A penhora de navio ou de aeronave não obsta que continuem navegando ou operando até a alienação, mas…”; esse assunto não integra a formulação da demanda nem a correção da inicial desta aula."
cpc-lei-13105-capture-2026-09-28,Art. 866,aula-01.html,unused,"Art. 866 dispõe sobre “Se o executado não tiver outros bens penhoráveis ou se, tendo-os, esses forem de difícil alienação ou…”; esse assunto não integra a formulação da demanda nem a correção da inicial desta aula."
cpc-lei-13105-capture-2026-09-28,Art. 867,aula-01.html,unused,Art. 867 dispõe sobre “O juiz pode ordenar a penhora de frutos e rendimentos de coisa móvel ou imóvel quando a considerar…”; esse assunto não integra a formulação da demanda nem a correção da inicial desta aula.
cpc-lei-13105-capture-2026-09-28,Art. 868,aula-01.html,unused,"Art. 868 dispõe sobre “Ordenada a penhora de frutos e rendimentos, o juiz nomeará administrador-depositário, que será…”; esse assunto não integra a formulação da demanda nem a correção da inicial desta aula."
cpc-lei-13105-capture-2026-09-28,Art. 869,aula-01.html,unused,"Art. 869 dispõe sobre “O juiz poderá nomear administrador-depositário o exequente ou o executado, ouvida a parte contrária,…”; esse assunto não integra a formulação da demanda nem a correção da inicial desta aula."
cpc-lei-13105-capture-2026-09-28,Art. 870,aula-01.html,unused,Art. 870 dispõe sobre “A avaliação será feita pelo oficial de justiça”; esse assunto não integra a formulação da demanda nem a correção da inicial desta aula.
cpc-lei-13105-capture-2026-09-28,Art. 871,aula-01.html,unused,Art. 871 dispõe sobre “Não se procederá à avaliação quando:”; esse assunto não integra a formulação da demanda nem a correção da inicial desta aula.
cpc-lei-13105-capture-2026-09-28,Art. 872,aula-01.html,unused,Art. 872 dispõe sobre “A avaliação realizada pelo oficial de justiça constará de vistoria e de laudo anexados ao auto de…”; esse assunto não integra a formulação da demanda nem a correção da inicial desta aula.
cpc-lei-13105-capture-2026-09-28,Art. 873,aula-01.html,unused,Art. 873 dispõe sobre “É admitida nova avaliação quando:”; esse assunto não integra a formulação da demanda nem a correção da inicial desta aula.
cpc-lei-13105-capture-2026-09-28,Art. 874,aula-01.html,unused,"Art. 874 dispõe sobre “Após a avaliação, o juiz poderá, a requerimento do interessado e ouvida a parte contrária, mandar:”; esse assunto não integra a formulação da demanda nem a correção da inicial desta aula."
cpc-lei-13105-capture-2026-09-28,Art. 875,aula-01.html,unused,"Art. 875 dispõe sobre “Realizadas a penhora e a avaliação, o juiz dará início aos atos de expropriação do bem”; esse assunto não integra a formulação da demanda nem a correção da inicial desta aula."
cpc-lei-13105-capture-2026-09-28,Art. 876,aula-01.html,unused,"Art. 876 dispõe sobre “É lícito ao exequente, oferecendo preço não inferior ao da avaliação, requerer que lhe sejam…”; esse assunto não integra a formulação da demanda nem a correção da inicial desta aula."
cpc-lei-13105-capture-2026-09-28,Art. 877,aula-01.html,unused,"Art. 877 dispõe sobre “Transcorrido o prazo de 5 (cinco) dias, contado da última intimação, e decididas eventuais questões,…”; esse assunto não integra a formulação da demanda nem a correção da inicial desta aula."
cpc-lei-13105-capture-2026-09-28,Art. 878,aula-01.html,unused,"Art. 878 dispõe sobre “Frustradas as tentativas de alienação do bem, será reaberta oportunidade para requerimento de…”; esse assunto não integra a formulação da demanda nem a correção da inicial desta aula."
cpc-lei-13105-capture-2026-09-28,Art. 879,aula-01.html,unused,Art. 879 dispõe sobre “A alienação far-se-á:”; esse assunto não integra a formulação da demanda nem a correção da inicial desta aula.
cpc-lei-13105-capture-2026-09-28,Art. 880,aula-01.html,unused,"Art. 880 dispõe sobre “Não efetivada a adjudicação, o exequente poderá requerer a alienação por sua própria iniciativa ou…”; esse assunto não integra a formulação da demanda nem a correção da inicial desta aula."
cpc-lei-13105-capture-2026-09-28,Art. 881,aula-01.html,unused,Art. 881 dispõe sobre “A alienação far-se-á em leilão judicial se não efetivada a adjudicação ou a alienação por iniciativa…”; esse assunto não integra a formulação da demanda nem a correção da inicial desta aula.
cpc-lei-13105-capture-2026-09-28,Art. 882,aula-01.html,unused,"Art. 882 dispõe sobre “Não sendo possível a sua realização por meio eletrônico, o leilão será presencial”; esse assunto não integra a formulação da demanda nem a correção da inicial desta aula."
cpc-lei-13105-capture-2026-09-28,Art. 883,aula-01.html,unused,"Art. 883 dispõe sobre “Caberá ao juiz a designação do leiloeiro público, que poderá ser indicado pelo exequente”; esse assunto não integra a formulação da demanda nem a correção da inicial desta aula."
cpc-lei-13105-capture-2026-09-28,Art. 884,aula-01.html,unused,Art. 884 dispõe sobre “Incumbe ao leiloeiro público:”; esse assunto não integra a formulação da demanda nem a correção da inicial desta aula.
cpc-lei-13105-capture-2026-09-28,Art. 885,aula-01.html,unused,"Art. 885 dispõe sobre “O juiz da execução estabelecerá o preço mínimo, as condições de pagamento e as garantias que poderão…”; esse assunto não integra a formulação da demanda nem a correção da inicial desta aula."
cpc-lei-13105-capture-2026-09-28,Art. 886,aula-01.html,unused,"Art. 886 dispõe sobre “O leilão será precedido de publicação de edital, que conterá:”; esse assunto não integra a formulação da demanda nem a correção da inicial desta aula."
cpc-lei-13105-capture-2026-09-28,Art. 887,aula-01.html,unused,Art. 887 dispõe sobre “O leiloeiro público designado adotará providências para a ampla divulgação da alienação”; esse assunto não integra a formulação da demanda nem a correção da inicial desta aula.
cpc-lei-13105-capture-2026-09-28,Art. 888,aula-01.html,unused,"Art. 888 dispõe sobre “Não se realizando o leilão por qualquer motivo, o juiz mandará publicar a transferência,…”; esse assunto não integra a formulação da demanda nem a correção da inicial desta aula."
cpc-lei-13105-capture-2026-09-28,Art. 889,aula-01.html,unused,"Art. 889 dispõe sobre “Serão cientificados da alienação judicial, com pelo menos 5 (cinco) dias de antecedência:”; esse assunto não integra a formulação da demanda nem a correção da inicial desta aula."
cpc-lei-13105-capture-2026-09-28,Art. 890,aula-01.html,unused,"Art. 890 dispõe sobre “Pode oferecer lance quem estiver na livre administração de seus bens, com exceção:”; esse assunto não integra a formulação da demanda nem a correção da inicial desta aula."
cpc-lei-13105-capture-2026-09-28,Art. 891,aula-01.html,unused,Art. 891 dispõe sobre “Não será aceito lance que ofereça preço vil”; esse assunto não integra a formulação da demanda nem a correção da inicial desta aula.
cpc-lei-13105-capture-2026-09-28,Art. 892,aula-01.html,unused,"Art. 892 dispõe sobre “Salvo pronunciamento judicial em sentido diverso, o pagamento deverá ser realizado de imediato pelo…”; esse assunto não integra a formulação da demanda nem a correção da inicial desta aula."
cpc-lei-13105-capture-2026-09-28,Art. 893,aula-01.html,unused,"Art. 893 dispõe sobre “Se o leilão for de diversos bens e houver mais de um lançador, terá preferência aquele que se…”; esse assunto não integra a formulação da demanda nem a correção da inicial desta aula."
cpc-lei-13105-capture-2026-09-28,Art. 894,aula-01.html,unused,"Art. 894 dispõe sobre “Quando o imóvel admitir cômoda divisão, o juiz, a requerimento do executado, ordenará a alienação…”; esse assunto não integra a formulação da demanda nem a correção da inicial desta aula."
cpc-lei-13105-capture-2026-09-28,Art. 895,aula-01.html,unused,"Art. 895 dispõe sobre “O interessado em adquirir o bem penhorado em prestações poderá apresentar, por escrito:”; esse assunto não integra a formulação da demanda nem a correção da inicial desta aula."
cpc-lei-13105-capture-2026-09-28,Art. 896,aula-01.html,unused,"Art. 896 dispõe sobre “Quando o imóvel de incapaz não alcançar em leilão pelo menos oitenta por cento do valor da avaliação,…”; esse assunto não integra a formulação da demanda nem a correção da inicial desta aula."
cpc-lei-13105-capture-2026-09-28,Art. 897,aula-01.html,unused,"Art. 897 dispõe sobre “Se o arrematante ou seu fiador não pagar o preço no prazo estabelecido, o juiz impor-lhe-á, em favor…”; esse assunto não integra a formulação da demanda nem a correção da inicial desta aula."
cpc-lei-13105-capture-2026-09-28,Art. 898,aula-01.html,unused,Art. 898 dispõe sobre “O fiador do arrematante que pagar o valor do lance e a multa poderá requerer que a arrematação lhe…”; esse assunto não integra a formulação da demanda nem a correção da inicial desta aula.
cpc-lei-13105-capture-2026-09-28,Art. 899,aula-01.html,unused,Art. 899 dispõe sobre “Será suspensa a arrematação logo que o produto da alienação dos bens for suficiente para o pagamento…”; esse assunto não integra a formulação da demanda nem a correção da inicial desta aula.
cpc-lei-13105-capture-2026-09-28,Art. 900,aula-01.html,unused,"Art. 900 dispõe sobre “O leilão prosseguirá no dia útil imediato, à mesma hora em que teve início, independentemente de novo…”; esse assunto não integra a formulação da demanda nem a correção da inicial desta aula."
cpc-lei-13105-capture-2026-09-28,Art. 901,aula-01.html,unused,Art. 901 dispõe sobre “A arrematação constará de auto que será lavrado de imediato e poderá abranger bens penhorados em mais…”; esse assunto não integra a formulação da demanda nem a correção da inicial desta aula.
cpc-lei-13105-capture-2026-09-28,Art. 902,aula-01.html,unused,"Art. 902 dispõe sobre “No caso de leilão de bem hipotecado, o executado poderá remi-lo até a assinatura do auto de…”; esse assunto não integra a formulação da demanda nem a correção da inicial desta aula."
cpc-lei-13105-capture-2026-09-28,Art. 903,aula-01.html,unused,"Art. 903 dispõe sobre “Qualquer que seja a modalidade de leilão, assinado o auto pelo juiz, pelo arrematante e pelo…”; esse assunto não integra a formulação da demanda nem a correção da inicial desta aula."
cpc-lei-13105-capture-2026-09-28,Art. 904,aula-01.html,unused,Art. 904 dispõe sobre “A satisfação do crédito exequendo far-se-á:”; esse assunto não integra a formulação da demanda nem a correção da inicial desta aula.
cpc-lei-13105-capture-2026-09-28,Art. 905,aula-01.html,unused,"Art. 905 dispõe sobre “O juiz autorizará que o exequente levante, até a satisfação integral de seu crédito, o dinheiro…”; esse assunto não integra a formulação da demanda nem a correção da inicial desta aula."
cpc-lei-13105-capture-2026-09-28,Art. 906,aula-01.html,unused,"Art. 906 dispõe sobre “Ao receber o mandado de levantamento, o exequente dará ao executado, por termo nos autos, quitação da…”; esse assunto não integra a formulação da demanda nem a correção da inicial desta aula."
cpc-lei-13105-capture-2026-09-28,Art. 907,aula-01.html,unused,"Art. 907 dispõe sobre “Pago ao exequente o principal, os juros, as custas e os honorários, a importância que sobrar será…”; esse assunto não integra a formulação da demanda nem a correção da inicial desta aula."
cpc-lei-13105-capture-2026-09-28,Art. 908,aula-01.html,unused,"Art. 908 dispõe sobre “Havendo pluralidade de credores ou exequentes, o dinheiro lhes será distribuído e entregue consoante…”; esse assunto não integra a formulação da demanda nem a correção da inicial desta aula."
cpc-lei-13105-capture-2026-09-28,Art. 909,aula-01.html,unused,"Art. 909 dispõe sobre “Os exequentes formularão as suas pretensões, que versarão unicamente sobre o direito de preferência e…”; esse assunto não integra a formulação da demanda nem a correção da inicial desta aula."
cpc-lei-13105-capture-2026-09-28,Art. 910,aula-01.html,unused,"Art. 910 dispõe sobre “Na execução fundada em título extrajudicial, a Fazenda Pública será citada para opor embargos em 30…”; esse assunto não integra a formulação da demanda nem a correção da inicial desta aula."
cpc-lei-13105-capture-2026-09-28,Art. 911,aula-01.html,unused,"Art. 911 dispõe sobre “Na execução fundada em título executivo extrajudicial que contenha obrigação alimentar, o juiz…”; esse assunto não integra a formulação da demanda nem a correção da inicial desta aula."
cpc-lei-13105-capture-2026-09-28,Art. 912,aula-01.html,unused,"Art. 912 dispõe sobre “Quando o executado for funcionário público, militar, diretor ou gerente de empresa, bem como…”; esse assunto não integra a formulação da demanda nem a correção da inicial desta aula."
cpc-lei-13105-capture-2026-09-28,Art. 913,aula-01.html,unused,"Art. 913 dispõe sobre “Não requerida a execução nos termos deste Capítulo, observar-se-á o disposto no”; esse assunto não integra a formulação da demanda nem a correção da inicial desta aula."
cpc-lei-13105-capture-2026-09-28,Art. 914,aula-01.html,unused,"Art. 914 dispõe sobre “O executado, independentemente de penhora, depósito ou caução, poderá se opor à execução por meio de…”; esse assunto não integra a formulação da demanda nem a correção da inicial desta aula."
cpc-lei-13105-capture-2026-09-28,Art. 915,aula-01.html,unused,"Art. 915 dispõe sobre “Os embargos serão oferecidos no prazo de 15 (quinze) dias, contado, conforme o caso, na forma do”; esse assunto não integra a formulação da demanda nem a correção da inicial desta aula."
cpc-lei-13105-capture-2026-09-28,Art. 916,aula-01.html,unused,"Art. 916 dispõe sobre “No prazo para embargos, reconhecendo o crédito do exequente e comprovando o depósito de trinta por…”; esse assunto não integra a formulação da demanda nem a correção da inicial desta aula."
cpc-lei-13105-capture-2026-09-28,Art. 917,aula-01.html,unused,"Art. 917 dispõe sobre “Nos embargos à execução, o executado poderá alegar:”; esse assunto não integra a formulação da demanda nem a correção da inicial desta aula."
cpc-lei-13105-capture-2026-09-28,Art. 918,aula-01.html,unused,Art. 918 dispõe sobre “O juiz rejeitará liminarmente os embargos:”; esse assunto não integra a formulação da demanda nem a correção da inicial desta aula.
cpc-lei-13105-capture-2026-09-28,Art. 919,aula-01.html,unused,Art. 919 dispõe sobre “Os embargos à execução não terão efeito suspensivo”; esse assunto não integra a formulação da demanda nem a correção da inicial desta aula.
cpc-lei-13105-capture-2026-09-28,Art. 920,aula-01.html,unused,Art. 920 dispõe sobre “Recebidos os embargos:”; esse assunto não integra a formulação da demanda nem a correção da inicial desta aula.
cpc-lei-13105-capture-2026-09-28,Art. 921,aula-01.html,unused,Art. 921 dispõe sobre “Suspende-se a execução:”; esse assunto não integra a formulação da demanda nem a correção da inicial desta aula.
cpc-lei-13105-capture-2026-09-28,Art. 922,aula-01.html,unused,"Art. 922 dispõe sobre “Convindo as partes, o juiz declarará suspensa a execução durante o prazo concedido pelo exequente…”; esse assunto não integra a formulação da demanda nem a correção da inicial desta aula."
cpc-lei-13105-capture-2026-09-28,Art. 923,aula-01.html,unused,"Art. 923 dispõe sobre “Suspensa a execução, não serão praticados atos processuais, podendo o juiz, entretanto, salvo no caso…”; esse assunto não integra a formulação da demanda nem a correção da inicial desta aula."
cpc-lei-13105-capture-2026-09-28,Art. 924,aula-01.html,unused,Art. 924 dispõe sobre “Extingue-se a execução quando:”; esse assunto não integra a formulação da demanda nem a correção da inicial desta aula.
cpc-lei-13105-capture-2026-09-28,Art. 925,aula-01.html,unused,Art. 925 dispõe sobre “A extinção só produz efeito quando declarada por sentença”; esse assunto não integra a formulação da demanda nem a correção da inicial desta aula.
cpc-lei-13105-capture-2026-09-28,Art. 926,aula-01.html,unused,"Art. 926 dispõe sobre “Os tribunais devem uniformizar sua jurisprudência e mantê-la estável, íntegra e coerente”; esse assunto não integra a formulação da demanda nem a correção da inicial desta aula."
cpc-lei-13105-capture-2026-09-28,Art. 927,aula-01.html,unused,Art. 927 dispõe sobre “Os juízes e os tribunais observarão:”; esse assunto não integra a formulação da demanda nem a correção da inicial desta aula.
cpc-lei-13105-capture-2026-09-28,Art. 928,aula-01.html,unused,"Art. 928 dispõe sobre “Para os fins deste Código, considera-se julgamento de casos repetitivos a decisão proferida em:”; esse assunto não integra a formulação da demanda nem a correção da inicial desta aula."
cpc-lei-13105-capture-2026-09-28,Art. 929,aula-01.html,unused,"Art. 929 dispõe sobre “Os autos serão registrados no protocolo do tribunal no dia de sua entrada, cabendo à secretaria…”; esse assunto não integra a formulação da demanda nem a correção da inicial desta aula."
cpc-lei-13105-capture-2026-09-28,Art. 930,aula-01.html,unused,"Art. 930 dispõe sobre “Far-se-á a distribuição de acordo com o regimento interno do tribunal, observando-se a…”; esse assunto não integra a formulação da demanda nem a correção da inicial desta aula."
cpc-lei-13105-capture-2026-09-28,Art. 931,aula-01.html,unused,"Art. 931 dispõe sobre “Distribuídos, os autos serão imediatamente conclusos ao relator, que, em 30 (trinta) dias, depois de…”; esse assunto não integra a formulação da demanda nem a correção da inicial desta aula."
cpc-lei-13105-capture-2026-09-28,Art. 932,aula-01.html,unused,Art. 932 dispõe sobre “Incumbe ao relator:”; esse assunto não integra a formulação da demanda nem a correção da inicial desta aula.
cpc-lei-13105-capture-2026-09-28,Art. 933,aula-01.html,unused,Art. 933 dispõe sobre “Se o relator constatar a ocorrência de fato superveniente à decisão recorrida ou a existência de…”; esse assunto não integra a formulação da demanda nem a correção da inicial desta aula.
cpc-lei-13105-capture-2026-09-28,Art. 934,aula-01.html,unused,"Art. 934 dispõe sobre “Em seguida, os autos serão apresentados ao presidente, que designará dia para julgamento, ordenando,…”; esse assunto não integra a formulação da demanda nem a correção da inicial desta aula."
cpc-lei-13105-capture-2026-09-28,Art. 935,aula-01.html,unused,"Art. 935 dispõe sobre “Entre a data de publicação da pauta e a da sessão de julgamento decorrerá, pelo menos, o prazo de 5…”; esse assunto não integra a formulação da demanda nem a correção da inicial desta aula."
cpc-lei-13105-capture-2026-09-28,Art. 936,aula-01.html,unused,"Art. 936 dispõe sobre “Ressalvadas as preferências legais e regimentais, os recursos, a remessa necessária e os processos de…”; esse assunto não integra a formulação da demanda nem a correção da inicial desta aula."
cpc-lei-13105-capture-2026-09-28,Art. 938,aula-01.html,unused,"Art. 938 dispõe sobre “A questão preliminar suscitada no julgamento será decidida antes do mérito, deste não se conhecendo…”; esse assunto não integra a formulação da demanda nem a correção da inicial desta aula."
cpc-lei-13105-capture-2026-09-28,Art. 939,aula-01.html,unused,"Art. 939 dispõe sobre “Se a preliminar for rejeitada ou se a apreciação do mérito for com ela compatível, seguir-se-ão a…”; esse assunto não integra a formulação da demanda nem a correção da inicial desta aula."
cpc-lei-13105-capture-2026-09-28,Art. 940,aula-01.html,unused,Art. 940 dispõe sobre “O relator ou outro juiz que não se considerar habilitado a proferir imediatamente seu voto poderá…”; esse assunto não integra a formulação da demanda nem a correção da inicial desta aula.
cpc-lei-13105-capture-2026-09-28,Art. 941,aula-01.html,unused,"Art. 941 dispõe sobre “Proferidos os votos, o presidente anunciará o resultado do julgamento, designando para redigir o…”; esse assunto não integra a formulação da demanda nem a correção da inicial desta aula."
cpc-lei-13105-capture-2026-09-28,Art. 942,aula-01.html,unused,"Art. 942 dispõe sobre “Quando o resultado da apelação for não unânime, o julgamento terá prosseguimento em sessão a ser…”; esse assunto não integra a formulação da demanda nem a correção da inicial desta aula."
cpc-lei-13105-capture-2026-09-28,Art. 943,aula-01.html,unused,"Art. 943 dispõe sobre “Os votos, os acórdãos e os demais atos processuais podem ser registrados em documento eletrônico…”; esse assunto não integra a formulação da demanda nem a correção da inicial desta aula."
cpc-lei-13105-capture-2026-09-28,Art. 944,aula-01.html,unused,"Art. 944 dispõe sobre “Não publicado o acórdão no prazo de 30 (trinta) dias, contado da data da sessão de julgamento, as…”; esse assunto não integra a formulação da demanda nem a correção da inicial desta aula."
cpc-lei-13105-capture-2026-09-28,Art. 945,aula-01.html,unused,"Art. 945 dispõe sobre “A critério do órgão julgador, o julgamento dos recursos e dos processos de competência originária que…”; esse assunto não integra a formulação da demanda nem a correção da inicial desta aula."
cpc-lei-13105-capture-2026-09-28,Art. 946,aula-01.html,unused,Art. 946 dispõe sobre “O agravo de instrumento será julgado antes da apelação interposta no mesmo processo”; esse assunto não integra a formulação da demanda nem a correção da inicial desta aula.
cpc-lei-13105-capture-2026-09-28,Art. 947,aula-01.html,unused,"Art. 947 dispõe sobre “É admissível a assunção de competência quando o julgamento de recurso, de remessa necessária ou de…”; esse assunto não integra a formulação da demanda nem a correção da inicial desta aula."
cpc-lei-13105-capture-2026-09-28,Art. 948,aula-01.html,unused,"Art. 948 dispõe sobre “Arguida, em controle difuso, a inconstitucionalidade de lei ou de ato normativo do poder público, o…”; esse assunto não integra a formulação da demanda nem a correção da inicial desta aula."
cpc-lei-13105-capture-2026-09-28,Art. 949,aula-01.html,unused,Art. 949 dispõe sobre “Se a arguição for:”; esse assunto não integra a formulação da demanda nem a correção da inicial desta aula.
cpc-lei-13105-capture-2026-09-28,Art. 950,aula-01.html,unused,"Art. 950 dispõe sobre “Remetida cópia do acórdão a todos os juízes, o presidente do tribunal designará a sessão de julgamento”; esse assunto não integra a formulação da demanda nem a correção da inicial desta aula."
cpc-lei-13105-capture-2026-09-28,Art. 951,aula-01.html,unused,"Art. 951 dispõe sobre “O conflito de competência pode ser suscitado por qualquer das partes, pelo Ministério Público ou pelo…”; esse assunto não integra a formulação da demanda nem a correção da inicial desta aula."
cpc-lei-13105-capture-2026-09-28,Art. 952,aula-01.html,unused,"Art. 952 dispõe sobre “Não pode suscitar conflito a parte que, no processo, arguiu incompetência relativa”; esse assunto não integra a formulação da demanda nem a correção da inicial desta aula."
cpc-lei-13105-capture-2026-09-28,Art. 953,aula-01.html,unused,Art. 953 dispõe sobre “O conflito será suscitado ao tribunal:”; esse assunto não integra a formulação da demanda nem a correção da inicial desta aula.
cpc-lei-13105-capture-2026-09-28,Art. 954,aula-01.html,unused,"Art. 954 dispõe sobre “Após a distribuição, o relator determinará a oitiva dos juízes em conflito ou, se um deles for…”; esse assunto não integra a formulação da demanda nem a correção da inicial desta aula."
cpc-lei-13105-capture-2026-09-28,Art. 955,aula-01.html,unused,"Art. 955 dispõe sobre “O relator poderá, de ofício ou a requerimento de qualquer das partes, determinar, quando o conflito…”; esse assunto não integra a formulação da demanda nem a correção da inicial desta aula."
cpc-lei-13105-capture-2026-09-28,Art. 956,aula-01.html,unused,"Art. 956 dispõe sobre “Decorrido o prazo designado pelo relator, será ouvido o Ministério Público, no prazo de 5 (cinco)…”; esse assunto não integra a formulação da demanda nem a correção da inicial desta aula."
cpc-lei-13105-capture-2026-09-28,Art. 957,aula-01.html,unused,"Art. 957 dispõe sobre “Ao decidir o conflito, o tribunal declarará qual o juízo competente, pronunciando-se também sobre a…”; esse assunto não integra a formulação da demanda nem a correção da inicial desta aula."
cpc-lei-13105-capture-2026-09-28,Art. 958,aula-01.html,unused,"Art. 958 dispõe sobre “No conflito que envolva órgãos fracionários dos tribunais, desembargadores e juízes em exercício no…”; esse assunto não integra a formulação da demanda nem a correção da inicial desta aula."
cpc-lei-13105-capture-2026-09-28,Art. 959,aula-01.html,unused,Art. 959 dispõe sobre “O regimento interno do tribunal regulará o processo e o julgamento do conflito de atribuições entre…”; esse assunto não integra a formulação da demanda nem a correção da inicial desta aula.
cpc-lei-13105-capture-2026-09-28,Art. 960,aula-01.html,unused,"Art. 960 dispõe sobre “A homologação de decisão estrangeira será requerida por ação de homologação de decisão estrangeira,…”; esse assunto não integra a formulação da demanda nem a correção da inicial desta aula."
cpc-lei-13105-capture-2026-09-28,Art. 961,aula-01.html,unused,Art. 961 dispõe sobre “A decisão estrangeira somente terá eficácia no Brasil após a homologação de sentença estrangeira ou a…”; esse assunto não integra a formulação da demanda nem a correção da inicial desta aula.
cpc-lei-13105-capture-2026-09-28,Art. 962,aula-01.html,unused,Art. 962 dispõe sobre “É passível de execução a decisão estrangeira concessiva de medida de urgência”; esse assunto não integra a formulação da demanda nem a correção da inicial desta aula.
cpc-lei-13105-capture-2026-09-28,Art. 963,aula-01.html,unused,Art. 963 dispõe sobre “Constituem requisitos indispensáveis à homologação da decisão:”; esse assunto não integra a formulação da demanda nem a correção da inicial desta aula.
cpc-lei-13105-capture-2026-09-28,Art. 964,aula-01.html,unused,Art. 964 dispõe sobre “Não será homologada a decisão estrangeira na hipótese de competência exclusiva da autoridade…”; esse assunto não integra a formulação da demanda nem a correção da inicial desta aula.
cpc-lei-13105-capture-2026-09-28,Art. 965,aula-01.html,unused,"Art. 965 dispõe sobre “O cumprimento de decisão estrangeira far-se-á perante o juízo federal competente, a requerimento da…”; esse assunto não integra a formulação da demanda nem a correção da inicial desta aula."
cpc-lei-13105-capture-2026-09-28,Art. 966,aula-01.html,unused,"Art. 966 dispõe sobre “A decisão de mérito, transitada em julgado, pode ser rescindida quando:”; esse assunto não integra a formulação da demanda nem a correção da inicial desta aula."
cpc-lei-13105-capture-2026-09-28,Art. 967,aula-01.html,unused,Art. 967 dispõe sobre “Têm legitimidade para propor a ação rescisória:”; esse assunto não integra a formulação da demanda nem a correção da inicial desta aula.
cpc-lei-13105-capture-2026-09-28,Art. 968,aula-01.html,unused,"Art. 968 regula a inicial da ação rescisória, uma ação autônoma posterior e fora do recorte desta aula."
cpc-lei-13105-capture-2026-09-28,Art. 969,aula-01.html,unused,"Art. 969 dispõe sobre “A propositura da ação rescisória não impede o cumprimento da decisão rescindenda, ressalvada a…”; esse assunto não integra a formulação da demanda nem a correção da inicial desta aula."
cpc-lei-13105-capture-2026-09-28,Art. 970,aula-01.html,unused,"Art. 970 dispõe sobre “O relator ordenará a citação do réu, designando-lhe prazo nunca inferior a 15 (quinze) dias nem…”; esse assunto não integra a formulação da demanda nem a correção da inicial desta aula."
cpc-lei-13105-capture-2026-09-28,Art. 971,aula-01.html,unused,"Art. 971 dispõe sobre “Na ação rescisória, devolvidos os autos pelo relator, a secretaria do tribunal expedirá cópias do…”; esse assunto não integra a formulação da demanda nem a correção da inicial desta aula."
cpc-lei-13105-capture-2026-09-28,Art. 972,aula-01.html,unused,"Art. 972 dispõe sobre “Se os fatos alegados pelas partes dependerem de prova, o relator poderá delegar a competência ao…”; esse assunto não integra a formulação da demanda nem a correção da inicial desta aula."
cpc-lei-13105-capture-2026-09-28,Art. 973,aula-01.html,unused,"Art. 973 dispõe sobre “Concluída a instrução, será aberta vista ao autor e ao réu para razões finais, sucessivamente, pelo…”; esse assunto não integra a formulação da demanda nem a correção da inicial desta aula."
cpc-lei-13105-capture-2026-09-28,Art. 974,aula-01.html,unused,"Art. 974 dispõe sobre “Julgando procedente o pedido, o tribunal rescindirá a decisão, proferirá, se for o caso, novo…”; esse assunto não integra a formulação da demanda nem a correção da inicial desta aula."
cpc-lei-13105-capture-2026-09-28,Art. 975,aula-01.html,unused,Art. 975 dispõe sobre “O direito à rescisão se extingue em 2 (dois) anos contados do trânsito em julgado da última decisão…”; esse assunto não integra a formulação da demanda nem a correção da inicial desta aula.
cpc-lei-13105-capture-2026-09-28,Art. 976,aula-01.html,unused,"Art. 976 dispõe sobre “É cabível a instauração do incidente de resolução de demandas repetitivas quando houver, simultaneamente:”; esse assunto não integra a formulação da demanda nem a correção da inicial desta aula."
cpc-lei-13105-capture-2026-09-28,Art. 977,aula-01.html,unused,Art. 977 dispõe sobre “O pedido de instauração do incidente será dirigido ao presidente de tribunal:”; esse assunto não integra a formulação da demanda nem a correção da inicial desta aula.
cpc-lei-13105-capture-2026-09-28,Art. 978,aula-01.html,unused,Art. 978 dispõe sobre “O julgamento do incidente caberá ao órgão indicado pelo regimento interno dentre aqueles responsáveis…”; esse assunto não integra a formulação da demanda nem a correção da inicial desta aula.
cpc-lei-13105-capture-2026-09-28,Art. 979,aula-01.html,unused,Art. 979 dispõe sobre “A instauração e o julgamento do incidente serão sucedidos da mais ampla e específica divulgação e…”; esse assunto não integra a formulação da demanda nem a correção da inicial desta aula.
cpc-lei-13105-capture-2026-09-28,Art. 980,aula-01.html,unused,"Art. 980 dispõe sobre “O incidente será julgado no prazo de 1 (um) ano e terá preferência sobre os demais feitos,…”; esse assunto não integra a formulação da demanda nem a correção da inicial desta aula."
cpc-lei-13105-capture-2026-09-28,Art. 981,aula-01.html,unused,"Art. 981 dispõe sobre “Após a distribuição, o órgão colegiado competente para julgar o incidente procederá ao seu juízo de…”; esse assunto não integra a formulação da demanda nem a correção da inicial desta aula."
cpc-lei-13105-capture-2026-09-28,Art. 982,aula-01.html,unused,"Art. 982 dispõe sobre “Admitido o incidente, o relator:”; esse assunto não integra a formulação da demanda nem a correção da inicial desta aula."
cpc-lei-13105-capture-2026-09-28,Art. 983,aula-01.html,unused,"Art. 983 dispõe sobre “O relator ouvirá as partes e os demais interessados, inclusive pessoas, órgãos e entidades com…”; esse assunto não integra a formulação da demanda nem a correção da inicial desta aula."
cpc-lei-13105-capture-2026-09-28,Art. 984,aula-01.html,unused,"Art. 984 dispõe sobre “No julgamento do incidente, observar-se-á a seguinte ordem:”; esse assunto não integra a formulação da demanda nem a correção da inicial desta aula."
cpc-lei-13105-capture-2026-09-28,Art. 985,aula-01.html,unused,"Art. 985 dispõe sobre “Julgado o incidente, a tese jurídica será aplicada:”; esse assunto não integra a formulação da demanda nem a correção da inicial desta aula."
cpc-lei-13105-capture-2026-09-28,Art. 986,aula-01.html,unused,"Art. 986 dispõe sobre “A revisão da tese jurídica firmada no incidente far-se-á pelo mesmo tribunal, de ofício ou mediante…”; esse assunto não integra a formulação da demanda nem a correção da inicial desta aula."
cpc-lei-13105-capture-2026-09-28,Art. 987,aula-01.html,unused,"Art. 987 dispõe sobre “Do julgamento do mérito do incidente caberá recurso extraordinário ou especial, conforme o caso”; esse assunto não integra a formulação da demanda nem a correção da inicial desta aula."
cpc-lei-13105-capture-2026-09-28,Art. 988,aula-01.html,unused,Art. 988 dispõe sobre “Caberá reclamação da parte interessada ou do Ministério Público para:”; esse assunto não integra a formulação da demanda nem a correção da inicial desta aula.
cpc-lei-13105-capture-2026-09-28,Art. 989,aula-01.html,unused,"Art. 989 dispõe sobre “Ao despachar a reclamação, o relator:”; esse assunto não integra a formulação da demanda nem a correção da inicial desta aula."
cpc-lei-13105-capture-2026-09-28,Art. 990,aula-01.html,unused,Art. 990 dispõe sobre “Qualquer interessado poderá impugnar o pedido do reclamante”; esse assunto não integra a formulação da demanda nem a correção da inicial desta aula.
cpc-lei-13105-capture-2026-09-28,Art. 991,aula-01.html,unused,"Art. 991 dispõe sobre “Na reclamação que não houver formulado, o Ministério Público terá vista do processo por 5 (cinco)…”; esse assunto não integra a formulação da demanda nem a correção da inicial desta aula."
cpc-lei-13105-capture-2026-09-28,Art. 992,aula-01.html,unused,"Art. 992 dispõe sobre “Julgando procedente a reclamação, o tribunal cassará a decisão exorbitante de seu julgado ou…”; esse assunto não integra a formulação da demanda nem a correção da inicial desta aula."
cpc-lei-13105-capture-2026-09-28,Art. 993,aula-01.html,unused,"Art. 993 dispõe sobre “O presidente do tribunal determinará o imediato cumprimento da decisão, lavrando-se o acórdão…”; esse assunto não integra a formulação da demanda nem a correção da inicial desta aula."
cpc-lei-13105-capture-2026-09-28,Art. 994,aula-01.html,unused,Art. 994 dispõe sobre “São cabíveis os seguintes recursos:”; esse assunto não integra a formulação da demanda nem a correção da inicial desta aula.
cpc-lei-13105-capture-2026-09-28,Art. 995,aula-01.html,unused,"Art. 995 dispõe sobre “Os recursos não impedem a eficácia da decisão, salvo disposição legal ou decisão judicial em sentido…”; esse assunto não integra a formulação da demanda nem a correção da inicial desta aula."
cpc-lei-13105-capture-2026-09-28,Art. 996,aula-01.html,unused,"Art. 996 dispõe sobre “O recurso pode ser interposto pela parte vencida, pelo terceiro prejudicado e pelo Ministério…”; esse assunto não integra a formulação da demanda nem a correção da inicial desta aula."
cpc-lei-13105-capture-2026-09-28,Art. 997,aula-01.html,unused,"Art. 997 dispõe sobre “Cada parte interporá o recurso independentemente, no prazo e com observância das exigências legais”; esse assunto não integra a formulação da demanda nem a correção da inicial desta aula."
cpc-lei-13105-capture-2026-09-28,Art. 998,aula-01.html,unused,"Art. 998 dispõe sobre “O recorrente poderá, a qualquer tempo, sem a anuência do recorrido ou dos litisconsortes, desistir do…”; esse assunto não integra a formulação da demanda nem a correção da inicial desta aula."
cpc-lei-13105-capture-2026-09-28,Art. 999,aula-01.html,unused,Art. 999 dispõe sobre “A renúncia ao direito de recorrer independe da aceitação da outra parte”; esse assunto não integra a formulação da demanda nem a correção da inicial desta aula.
cpc-lei-13105-capture-2026-09-28,Art. 1000,aula-01.html,unused,Art. 1000 dispõe sobre “A parte que aceitar expressa ou tacitamente a decisão não poderá recorrer”; esse assunto não integra a formulação da demanda nem a correção da inicial desta aula.
cpc-lei-13105-capture-2026-09-28,Art. 1001,aula-01.html,unused,Art. 1001 dispõe sobre “Dos despachos não cabe recurso”; esse assunto não integra a formulação da demanda nem a correção da inicial desta aula.
cpc-lei-13105-capture-2026-09-28,Art. 1002,aula-01.html,unused,Art. 1002 dispõe sobre “A decisão pode ser impugnada no todo ou em parte”; esse assunto não integra a formulação da demanda nem a correção da inicial desta aula.
cpc-lei-13105-capture-2026-09-28,Art. 1003,aula-01.html,unused,"Art. 1003 dispõe sobre “O prazo para interposição de recurso conta-se da data em que os advogados, a sociedade de advogados,…”; esse assunto não integra a formulação da demanda nem a correção da inicial desta aula."
cpc-lei-13105-capture-2026-09-28,Art. 1004,aula-01.html,unused,"Art. 1004 dispõe sobre “Se, durante o prazo para a interposição do recurso, sobrevier o falecimento da parte ou de seu…”; esse assunto não integra a formulação da demanda nem a correção da inicial desta aula."
cpc-lei-13105-capture-2026-09-28,Art. 1005,aula-01.html,unused,"Art. 1005 dispõe sobre “O recurso interposto por um dos litisconsortes a todos aproveita, salvo se distintos ou opostos os…”; esse assunto não integra a formulação da demanda nem a correção da inicial desta aula."
cpc-lei-13105-capture-2026-09-28,Art. 1006,aula-01.html,unused,"Art. 1006 dispõe sobre “Certificado o trânsito em julgado, com menção expressa da data de sua ocorrência, o escrivão ou o…”; esse assunto não integra a formulação da demanda nem a correção da inicial desta aula."
cpc-lei-13105-capture-2026-09-28,Art. 1007,aula-01.html,unused,"Art. 1007 dispõe sobre “No ato de interposição do recurso, o recorrente comprovará, quando exigido pela legislação…”; esse assunto não integra a formulação da demanda nem a correção da inicial desta aula."
cpc-lei-13105-capture-2026-09-28,Art. 1008,aula-01.html,unused,Art. 1008 dispõe sobre “O julgamento proferido pelo tribunal substituirá a decisão impugnada no que tiver sido objeto de recurso”; esse assunto não integra a formulação da demanda nem a correção da inicial desta aula.
cpc-lei-13105-capture-2026-09-28,Art. 1009,aula-01.html,unused,Art. 1009 dispõe sobre “Da sentença cabe apelação”; esse assunto não integra a formulação da demanda nem a correção da inicial desta aula.
cpc-lei-13105-capture-2026-09-28,Art. 1010,aula-01.html,unused,"Art. 1010 dispõe sobre “A apelação, interposta por petição dirigida ao juízo de primeiro grau, conterá:”; esse assunto não integra a formulação da demanda nem a correção da inicial desta aula."
cpc-lei-13105-capture-2026-09-28,Art. 1011,aula-01.html,unused,"Art. 1011 dispõe sobre “Recebido o recurso de apelação no tribunal e distribuído imediatamente, o relator:”; esse assunto não integra a formulação da demanda nem a correção da inicial desta aula."
cpc-lei-13105-capture-2026-09-28,Art. 1012,aula-01.html,unused,Art. 1012 dispõe sobre “A apelação terá efeito suspensivo”; esse assunto não integra a formulação da demanda nem a correção da inicial desta aula.
cpc-lei-13105-capture-2026-09-28,Art. 1013,aula-01.html,unused,Art. 1013 dispõe sobre “A apelação devolverá ao tribunal o conhecimento da matéria impugnada”; esse assunto não integra a formulação da demanda nem a correção da inicial desta aula.
cpc-lei-13105-capture-2026-09-28,Art. 1014,aula-01.html,unused,"Art. 1014 dispõe sobre “As questões de fato não propostas no juízo inferior poderão ser suscitadas na apelação, se a parte…”; esse assunto não integra a formulação da demanda nem a correção da inicial desta aula."
cpc-lei-13105-capture-2026-09-28,Art. 1015,aula-01.html,unused,Art. 1015 dispõe sobre “Cabe agravo de instrumento contra as decisões interlocutórias que versarem sobre:”; esse assunto não integra a formulação da demanda nem a correção da inicial desta aula.
cpc-lei-13105-capture-2026-09-28,Art. 1016,aula-01.html,unused,"Art. 1016 dispõe sobre “O agravo de instrumento será dirigido diretamente ao tribunal competente, por meio de petição com os…”; esse assunto não integra a formulação da demanda nem a correção da inicial desta aula."
cpc-lei-13105-capture-2026-09-28,Art. 1017,aula-01.html,unused,Art. 1017 dispõe sobre “A petição de agravo de instrumento será instruída:”; esse assunto não integra a formulação da demanda nem a correção da inicial desta aula.
cpc-lei-13105-capture-2026-09-28,Art. 1018,aula-01.html,unused,"Art. 1018 dispõe sobre “O agravante poderá requerer a juntada, aos autos do processo, de cópia da petição do agravo de…”; esse assunto não integra a formulação da demanda nem a correção da inicial desta aula."
cpc-lei-13105-capture-2026-09-28,Art. 1019,aula-01.html,unused,"Art. 1019 dispõe sobre “Recebido o agravo de instrumento no tribunal e distribuído imediatamente, se não for o caso de…”; esse assunto não integra a formulação da demanda nem a correção da inicial desta aula."
cpc-lei-13105-capture-2026-09-28,Art. 1020,aula-01.html,unused,Art. 1020 dispõe sobre “O relator solicitará dia para julgamento em prazo não superior a 1 (um) mês da intimação do agravado”; esse assunto não integra a formulação da demanda nem a correção da inicial desta aula.
cpc-lei-13105-capture-2026-09-28,Art. 1021,aula-01.html,unused,"Art. 1021 dispõe sobre “Contra decisão proferida pelo relator caberá agravo interno para o respectivo órgão colegiado,…”; esse assunto não integra a formulação da demanda nem a correção da inicial desta aula."
cpc-lei-13105-capture-2026-09-28,Art. 1022,aula-01.html,unused,Art. 1022 dispõe sobre “Cabem embargos de declaração contra qualquer decisão judicial para:”; esse assunto não integra a formulação da demanda nem a correção da inicial desta aula.
cpc-lei-13105-capture-2026-09-28,Art. 1023,aula-01.html,unused,"Art. 1023 dispõe sobre “Os embargos serão opostos, no prazo de 5 (cinco) dias, em petição dirigida ao juiz, com indicação do…”; esse assunto não integra a formulação da demanda nem a correção da inicial desta aula."
cpc-lei-13105-capture-2026-09-28,Art. 1024,aula-01.html,unused,Art. 1024 dispõe sobre “O juiz julgará os embargos em 5 (cinco) dias”; esse assunto não integra a formulação da demanda nem a correção da inicial desta aula.
cpc-lei-13105-capture-2026-09-28,Art. 1025,aula-01.html,unused,"Art. 1025 dispõe sobre “Consideram-se incluídos no acórdão os elementos que o embargante suscitou, para fins de…”; esse assunto não integra a formulação da demanda nem a correção da inicial desta aula."
cpc-lei-13105-capture-2026-09-28,Art. 1026,aula-01.html,unused,Art. 1026 dispõe sobre “Os embargos de declaração não possuem efeito suspensivo e interrompem o prazo para a interposição de…”; esse assunto não integra a formulação da demanda nem a correção da inicial desta aula.
cpc-lei-13105-capture-2026-09-28,Art. 1027,aula-01.html,unused,Art. 1027 dispõe sobre “Serão julgados em recurso ordinário:”; esse assunto não integra a formulação da demanda nem a correção da inicial desta aula.
cpc-lei-13105-capture-2026-09-28,Art. 1028,aula-01.html,unused,Art. 1028 dispõe sobre “Ao recurso mencionado no”; esse assunto não integra a formulação da demanda nem a correção da inicial desta aula.
cpc-lei-13105-capture-2026-09-28,Art. 1029,aula-01.html,unused,"Art. 1029 dispõe sobre “O recurso extraordinário e o recurso especial, nos casos previstos na”; esse assunto não integra a formulação da demanda nem a correção da inicial desta aula."
cpc-lei-13105-capture-2026-09-28,Art. 1030,aula-01.html,unused,"Art. 1030 dispõe sobre “Recebida a petição do recurso pela secretaria do tribunal, o recorrido será intimado para apresentar…”; esse assunto não integra a formulação da demanda nem a correção da inicial desta aula."
cpc-lei-13105-capture-2026-09-28,Art. 1031,aula-01.html,unused,"Art. 1031 dispõe sobre “Na hipótese de interposição conjunta de recurso extraordinário e recurso especial, os autos serão…”; esse assunto não integra a formulação da demanda nem a correção da inicial desta aula."
cpc-lei-13105-capture-2026-09-28,Art. 1032,aula-01.html,unused,"Art. 1032 dispõe sobre “Se o relator, no Superior Tribunal de Justiça, entender que o recurso especial versa sobre questão…”; esse assunto não integra a formulação da demanda nem a correção da inicial desta aula."
cpc-lei-13105-capture-2026-09-28,Art. 1033,aula-01.html,unused,Art. 1033 dispõe sobre “Se o Supremo Tribunal Federal considerar como reflexa a ofensa à Constituição afirmada no recurso…”; esse assunto não integra a formulação da demanda nem a correção da inicial desta aula.
cpc-lei-13105-capture-2026-09-28,Art. 1034,aula-01.html,unused,"Art. 1034 dispõe sobre “Admitido o recurso extraordinário ou o recurso especial, o Supremo Tribunal Federal ou o Superior…”; esse assunto não integra a formulação da demanda nem a correção da inicial desta aula."
cpc-lei-13105-capture-2026-09-28,Art. 1035,aula-01.html,unused,"Art. 1035 dispõe sobre “O Supremo Tribunal Federal, em decisão irrecorrível, não conhecerá do recurso extraordinário quando a…”; esse assunto não integra a formulação da demanda nem a correção da inicial desta aula."
cpc-lei-13105-capture-2026-09-28,Art. 1036,aula-01.html,unused,Art. 1036 dispõe sobre “Sempre que houver multiplicidade de recursos extraordinários ou especiais com fundamento em idêntica…”; esse assunto não integra a formulação da demanda nem a correção da inicial desta aula.
cpc-lei-13105-capture-2026-09-28,Art. 1037,aula-01.html,unused,"Art. 1037 dispõe sobre “Selecionados os recursos, o relator, no tribunal superior, constatando a presença do pressuposto do”; esse assunto não integra a formulação da demanda nem a correção da inicial desta aula."
cpc-lei-13105-capture-2026-09-28,Art. 1038,aula-01.html,unused,Art. 1038 dispõe sobre “O relator poderá:”; esse assunto não integra a formulação da demanda nem a correção da inicial desta aula.
cpc-lei-13105-capture-2026-09-28,Art. 1039,aula-01.html,unused,"Art. 1039 dispõe sobre “Decididos os recursos afetados, os órgãos colegiados declararão prejudicados os demais recursos…”; esse assunto não integra a formulação da demanda nem a correção da inicial desta aula."
cpc-lei-13105-capture-2026-09-28,Art. 1040,aula-01.html,unused,Art. 1040 dispõe sobre “Publicado o acórdão paradigma:”; esse assunto não integra a formulação da demanda nem a correção da inicial desta aula.
cpc-lei-13105-capture-2026-09-28,Art. 1041,aula-01.html,unused,"Art. 1041 dispõe sobre “Mantido o acórdão divergente pelo tribunal de origem, o recurso especial ou extraordinário será…”; esse assunto não integra a formulação da demanda nem a correção da inicial desta aula."
cpc-lei-13105-capture-2026-09-28,Art. 1043,aula-01.html,unused,Art. 1043 dispõe sobre “É embargável o acórdão de órgão fracionário que:”; esse assunto não integra a formulação da demanda nem a correção da inicial desta aula.
cpc-lei-13105-capture-2026-09-28,Art. 1044,aula-01.html,unused,"Art. 1044 dispõe sobre “No recurso de embargos de divergência, será observado o procedimento estabelecido no regimento…”; esse assunto não integra a formulação da demanda nem a correção da inicial desta aula."
cpc-lei-13105-capture-2026-09-28,Art. 1045,aula-01.html,unused,Art. 1045 dispõe sobre “Este Código entra em vigor após decorrido 1 (um) ano da data de sua publicação oficial”; esse assunto não integra a formulação da demanda nem a correção da inicial desta aula.
cpc-lei-13105-capture-2026-09-28,Art. 1046,aula-01.html,unused,"Art. 1046 dispõe sobre “Ao entrar em vigor este Código, suas disposições se aplicarão desde logo aos processos pendentes,…”; esse assunto não integra a formulação da demanda nem a correção da inicial desta aula."
cpc-lei-13105-capture-2026-09-28,Art. 1047,aula-01.html,unused,Art. 1047 dispõe sobre “As disposições de direito probatório adotadas neste Código aplicam-se apenas às provas requeridas ou…”; esse assunto não integra a formulação da demanda nem a correção da inicial desta aula.
cpc-lei-13105-capture-2026-09-28,Art. 1048,aula-01.html,unused,"Art. 1048 dispõe sobre “Terão prioridade de tramitação, em qualquer juízo ou tribunal, os procedimentos judiciais:”; esse assunto não integra a formulação da demanda nem a correção da inicial desta aula."
cpc-lei-13105-capture-2026-09-28,Art. 1049,aula-01.html,unused,"Art. 1049 dispõe sobre “Sempre que a lei remeter a procedimento previsto na lei processual sem especificá-lo, será observado…”; esse assunto não integra a formulação da demanda nem a correção da inicial desta aula."
cpc-lei-13105-capture-2026-09-28,Art. 1050,aula-01.html,unused,"Art. 1050 dispõe sobre “A União, os Estados, o Distrito Federal, os Municípios, suas respectivas entidades da administração…”; esse assunto não integra a formulação da demanda nem a correção da inicial desta aula."
cpc-lei-13105-capture-2026-09-28,Art. 1051,aula-01.html,unused,Art. 1051 dispõe sobre “As empresas públicas e privadas devem cumprir o disposto no”; esse assunto não integra a formulação da demanda nem a correção da inicial desta aula.
cpc-lei-13105-capture-2026-09-28,Art. 1052,aula-01.html,unused,"Art. 1052 dispõe sobre “Até a edição de lei específica, as execuções contra devedor insolvente, em curso ou que venham a ser…”; esse assunto não integra a formulação da demanda nem a correção da inicial desta aula."
cpc-lei-13105-capture-2026-09-28,Art. 1053,aula-01.html,unused,Art. 1053 dispõe sobre “Os atos processuais praticados por meio eletrônico até a transição definitiva para certificação…”; esse assunto não integra a formulação da demanda nem a correção da inicial desta aula.
cpc-lei-13105-capture-2026-09-28,Art. 1054,aula-01.html,unused,Art. 1054 dispõe sobre “O disposto no”; esse assunto não integra a formulação da demanda nem a correção da inicial desta aula.
cpc-lei-13105-capture-2026-09-28,Art. 1055,aula-01.html,unused,"Art. 1055 está vetado e não fornece regra aplicável à inicial, à demanda ou à emenda."
cpc-lei-13105-capture-2026-09-28,Art. 1056,aula-01.html,unused,Art. 1056 dispõe sobre “Considerar-se-á como termo inicial do prazo da prescrição prevista no”; esse assunto não integra a formulação da demanda nem a correção da inicial desta aula.
cpc-lei-13105-capture-2026-09-28,Art. 1057,aula-01.html,unused,Art. 1057 dispõe sobre “O disposto no”; esse assunto não integra a formulação da demanda nem a correção da inicial desta aula.
cpc-lei-13105-capture-2026-09-28,Art. 1058,aula-01.html,unused,"Art. 1058 dispõe sobre “Em todos os casos em que houver recolhimento de importância em dinheiro, esta será depositada em nome…”; esse assunto não integra a formulação da demanda nem a correção da inicial desta aula."
cpc-lei-13105-capture-2026-09-28,Art. 1059,aula-01.html,unused,Art. 1059 dispõe sobre “À tutela provisória requerida contra a Fazenda Pública aplica-se o disposto nos”; esse assunto não integra a formulação da demanda nem a correção da inicial desta aula.
cpc-lei-13105-capture-2026-09-28,Art. 1060,aula-01.html,unused,Art. 1060 dispõe sobre “O inciso II do art”; esse assunto não integra a formulação da demanda nem a correção da inicial desta aula.
cpc-lei-13105-capture-2026-09-28,Art. 1061,aula-01.html,unused,Art. 1061 dispõe sobre “O § 3º do art”; esse assunto não integra a formulação da demanda nem a correção da inicial desta aula.
cpc-lei-13105-capture-2026-09-28,Art. 1062,aula-01.html,unused,Art. 1062 dispõe sobre “O incidente de desconsideração da personalidade jurídica aplica-se ao processo de competência dos…”; esse assunto não integra a formulação da demanda nem a correção da inicial desta aula.
cpc-lei-13105-capture-2026-09-28,Art. 1063,aula-01.html,unused,"Art. 1063 dispõe sobre “Até a edição de lei específica, os juizados especiais cíveis previstos na”; esse assunto não integra a formulação da demanda nem a correção da inicial desta aula."
cpc-lei-13105-capture-2026-09-28,Art. 1064,aula-01.html,unused,Art. 1064 dispõe sobre “O”; esse assunto não integra a formulação da demanda nem a correção da inicial desta aula.
cpc-lei-13105-capture-2026-09-28,Art. 1065,aula-01.html,unused,Art. 1065 dispõe sobre “O art”; esse assunto não integra a formulação da demanda nem a correção da inicial desta aula.
cpc-lei-13105-capture-2026-09-28,Art. 1066,aula-01.html,unused,Art. 1066 dispõe sobre “O art”; esse assunto não integra a formulação da demanda nem a correção da inicial desta aula.
cpc-lei-13105-capture-2026-09-28,Art. 1067,aula-01.html,unused,Art. 1067 dispõe sobre “O art”; esse assunto não integra a formulação da demanda nem a correção da inicial desta aula.
cpc-lei-13105-capture-2026-09-28,Art. 1068,aula-01.html,unused,Art. 1068 dispõe sobre “O art”; esse assunto não integra a formulação da demanda nem a correção da inicial desta aula.
cpc-lei-13105-capture-2026-09-28,Art. 1069,aula-01.html,unused,"Art. 1069 dispõe sobre “O Conselho Nacional de Justiça promoverá, periodicamente, pesquisas estatísticas para avaliação da…”; esse assunto não integra a formulação da demanda nem a correção da inicial desta aula."
cpc-lei-13105-capture-2026-09-28,Art. 1070,aula-01.html,unused,"Art. 1070 dispõe sobre “É de 15 (quinze) dias o prazo para a interposição de qualquer agravo, previsto em lei ou em regimento…”; esse assunto não integra a formulação da demanda nem a correção da inicial desta aula."
cpc-lei-13105-capture-2026-09-28,Art. 1071,aula-01.html,unused,Art. 1071 dispõe sobre “O Capítulo III do Título V da”; esse assunto não integra a formulação da demanda nem a correção da inicial desta aula.
cpc-lei-13105-capture-2026-09-28,Art. 1072,aula-01.html,unused,Art. 1072 dispõe sobre “Revogam-se:”; esse assunto não integra a formulação da demanda nem a correção da inicial desta aula.
cronograma-processo-civil-2026-2,cronograma-completo,aula-01.html,supporting,"O cronograma oficial fixa o recorte da semana 1 — fase de conhecimento, inicial, demanda e emenda — e orienta o escopo da aula."
didier-curso-vol1-2017,00-front-matter,aula-01.html,unused,"“Front matter and sumário” trata de tema distinto da petição inicial, da iniciativa da parte e de sua emenda."
didier-curso-vol1-2017,ch01-s01,aula-01.html,unused,"“Introdução ao Direito Processual Civil — 1. Tar.to mais consistente um pem:amento, tanto maior o número de conexõ2s feitas entre abordagens” trata de tema distinto da petição inicial, da iniciativa da parte e de sua emenda."
didier-curso-vol1-2017,ch01-s02,aula-01.html,unused,"“Introdução ao Direito Processual Civil — 12. Desde Bülow {BÜLOW, Oskar. Lo teoria de los excepciones procesoles y los presupuestos procesales. Miguel” trata de tema distinto da petição inicial, da iniciativa da parte e de sua emenda."
didier-curso-vol1-2017,ch02-s01,aula-01.html,unused,"“Normas fundamentais do Processo Civil — 1. A ideia foi encampada pelo Fórum Permanente de Processualistas Civis, no enunciado n. 370: ""Norma” trata de tema distinto da petição inicial, da iniciativa da parte e de sua emenda."
didier-curso-vol1-2017,ch02-s02,aula-01.html,unused,"“Normas fundamentais do Processo Civil — 25. BONAVIDES, Paulo. Curso de Direito Constitucional. 12a ed. rev. amp. São Paulo: Matheiros Ed., 2002,” trata de tema distinto da petição inicial, da iniciativa da parte e de sua emenda."
didier-curso-vol1-2017,ch02-s03,aula-01.html,unused,"“Normas fundamentais do Processo Civil — 25. BONAVIDES, Paulo. Curso de Direito Constitucional. 12a ed. rev. amp. São Paulo: Matheiros Ed., 2002,” trata de tema distinto da petição inicial, da iniciativa da parte e de sua emenda."
didier-curso-vol1-2017,ch03-s01,aula-01.html,unused,"“Jurisdição — Opening” trata de tema distinto da petição inicial, da iniciativa da parte e de sua emenda."
didier-curso-vol1-2017,ch03-s02,aula-01.html,unused,"“Jurisdição — 29. ALMEIDA, Diogo Assumpção Rezende. ""O princípio da adequação e os métodos de solução de con-” desenvolve teoria geral da ação; o capítulo primário específico já cobre demanda, inicial e emenda no nível deste recorte."
didier-curso-vol1-2017,ch04-s01,aula-01.html,unused,"“Competência — Opening” trata de tema distinto da petição inicial, da iniciativa da parte e de sua emenda."
didier-curso-vol1-2017,ch04-s02,aula-01.html,unused,"“Competência — 9. Há precedente do STJ nesse sentido: NCOMPETtNCIA. Imóvel. Reivindicatória. Desmembramento da” trata de tema distinto da petição inicial, da iniciativa da parte e de sua emenda."
didier-curso-vol1-2017,ch04-s03,aula-01.html,unused,"“Competência — 1. perante os órgãos Judiciários da União (Tribunais Superiores) e” trata de tema distinto da petição inicial, da iniciativa da parte e de sua emenda."
didier-curso-vol1-2017,ch05,aula-01.html,unused,"“Mediação e conciliação” desenvolve teoria geral da ação; o capítulo primário específico já cobre demanda, inicial e emenda no nível deste recorte."
didier-curso-vol1-2017,ch06,aula-01.html,unused,"“Teoria da ação: da ação e do direito de ação” desenvolve teoria geral da ação; o capítulo primário específico já cobre demanda, inicial e emenda no nível deste recorte."
didier-curso-vol1-2017,ch07-s01,aula-01.html,unused,"“Pressupostos processuais — Opening” trata de tema distinto da petição inicial, da iniciativa da parte e de sua emenda."
didier-curso-vol1-2017,ch07-s02,aula-01.html,unused,"“Pressupostos processuais — 23. Nesse sentido, enunciado n. 383 do Fórum Permanente de Processualistas Civis: uAs autarquias e” trata de tema distinto da petição inicial, da iniciativa da parte e de sua emenda."
didier-curso-vol1-2017,ch08,aula-01.html,unused,"“Teoria dos fatos jurídicos processuais” trata de tema distinto da petição inicial, da iniciativa da parte e de sua emenda."
didier-curso-vol1-2017,ch09,aula-01.html,unused,"“Invalidades processuais” trata de tema distinto da petição inicial, da iniciativa da parte e de sua emenda."
didier-curso-vol1-2017,ch10,aula-01.html,unused,"“Preclusão” trata de tema distinto da petição inicial, da iniciativa da parte e de sua emenda."
didier-curso-vol1-2017,ch11,aula-01.html,unused,"“Teoria da cognição judicial” trata de tema distinto da petição inicial, da iniciativa da parte e de sua emenda."
didier-curso-vol1-2017,ch12,aula-01.html,unused,"“Litisconsórcio” trata de tema distinto da petição inicial, da iniciativa da parte e de sua emenda."
didier-curso-vol1-2017,ch13-s01,aula-01.html,unused,"“Intervenção de terceiro — Opening” trata de tema distinto da petição inicial, da iniciativa da parte e de sua emenda."
didier-curso-vol1-2017,ch13-s02,aula-01.html,unused,"“Intervenção de terceiro — 30. ""Na verdade, o pedido deduzido na ação principal é questão preliminar em relação à demanda objeto” desenvolve teoria geral da ação; o capítulo primário específico já cobre demanda, inicial e emenda no nível deste recorte."
didier-curso-vol1-2017,ch13-s03,aula-01.html,unused,"“Intervenção de terceiro — 30. ""Na verdade, o pedido deduzido na ação principal é questão preliminar em relação à demanda objeto” desenvolve teoria geral da ação; o capítulo primário específico já cobre demanda, inicial e emenda no nível deste recorte."
didier-curso-vol1-2017,ch14,aula-01.html,unused,"“Alienação da coisa ou do direito litigioso” desenvolve teoria geral da ação; o capítulo primário específico já cobre demanda, inicial e emenda no nível deste recorte."
didier-curso-vol1-2017,ch15-s01,aula-01.html,primary,"Parte inicial do cap. 15 de Didier, “Formação do processo e petição inicial”, com demanda, requisitos, pedido e emenda; corresponde diretamente ao título, escopo e tarefa desta aula."
didier-curso-vol1-2017,ch15-s02,aula-01.html,primary,"Parte final do mesmo cap. 15 essencial, que desenvolve redução e alteração da demanda e espécies/interpretação do pedido, completando o recorte desta aula."
didier-curso-vol1-2017,ch16,aula-01.html,unused,"“Improcedência liminar do pedido” trata de tema distinto da petição inicial, da iniciativa da parte e de sua emenda."
didier-curso-vol1-2017,ch17,aula-01.html,unused,"“Citação” desenvolve teoria geral da ação; o capítulo primário específico já cobre demanda, inicial e emenda no nível deste recorte."
didier-curso-vol1-2017,ch18,aula-01.html,unused,"“Audiência preliminar de conciliação ou mediação” desenvolve teoria geral da ação; o capítulo primário específico já cobre demanda, inicial e emenda no nível deste recorte."
didier-curso-vol1-2017,ch19-s01,aula-01.html,unused,"“Teoria da exceção, resposta do réu e revelia — Opening” trata de tema distinto da petição inicial, da iniciativa da parte e de sua emenda."
didier-curso-vol1-2017,ch19-s02,aula-01.html,unused,"“Teoria da exceção, resposta do réu e revelia — 17. t tomo diz Eduardo Couture: ""Se o juiz fôsse <onstrangido a tondenar a um novo pagamento de uma” trata de tema distinto da petição inicial, da iniciativa da parte e de sua emenda."
didier-curso-vol1-2017,ch20,aula-01.html,unused,"“Arguição de impedimento ou suspeição” trata de tema distinto da petição inicial, da iniciativa da parte e de sua emenda."
didier-curso-vol1-2017,ch21,aula-01.html,unused,"“Providências preliminares e julgamento conforme o estado do processo” trata de tema distinto da petição inicial, da iniciativa da parte e de sua emenda."
didier-curso-vol1-2017,ch22,aula-01.html,unused,"“Extinção do processo” trata de tema distinto da petição inicial, da iniciativa da parte e de sua emenda."
didier-curso-vol1-2017,ch23,aula-01.html,unused,"“Suspensão do processo” trata de tema distinto da petição inicial, da iniciativa da parte e de sua emenda."
didier-curso-vol1-2017,24-bibliography-01,aula-01.html,unused,"“Bibliografia, parte 1” trata de tema distinto da petição inicial, da iniciativa da parte e de sua emenda."
didier-curso-vol1-2017,24-bibliography-02,aula-01.html,unused,"“Bibliografia, parte 2” trata de tema distinto da petição inicial, da iniciativa da parte e de sua emenda."
didier-resposta-reu-revelia,assigned-reading,aula-01.html,unused,"“Didier Jr., Resposta do réu e revelia, pp. 637–670” trata de matéria atribuída a outra aula ou etapa do procedimento, não dos elementos da demanda nem da emenda inicial."
eid-litisconsorcio-unitario,assigned-reading,aula-01.html,unused,"“EID, Litisconsórcio unitário, pp. 25–69” trata de matéria atribuída a outra aula ou etapa do procedimento, não dos elementos da demanda nem da emenda inicial."
exam-2015-1-avaliacao-1,exam-2015-1-avaliacao-1,aula-01.html,unused,"A inicial aparece apenas como contexto de um caso; as questões testam prazos, competência e litisconsórcio, não seus requisitos ou emenda."
exam-2015-1-avaliacao-2,exam-2015-1-avaliacao-2,aula-01.html,supporting,"A questão 5 pergunta diretamente sobre requisitos da inicial, pedido certo/determinado e hipótese de pedido genérico, servindo ao exercício final."
exam-2017-2-p1,exam-2017-2-p1,aula-01.html,unused,"O caderno reúne questões de outros pontos do cronograma, sem item diretamente sobre inicial, princípio da demanda ou emenda."
exam-2018-1-p1,document,aula-01.html,unused,"O caderno reúne questões de outros pontos do cronograma, sem item diretamente sobre inicial, princípio da demanda ou emenda."
exam-2018-2-p1-v1,document,aula-01.html,unused,"O caderno reúne questões de outros pontos do cronograma, sem item diretamente sobre inicial, princípio da demanda ou emenda."
exam-2018-2-p1-v2,document,aula-01.html,unused,"O caderno reúne questões de outros pontos do cronograma, sem item diretamente sobre inicial, princípio da demanda ou emenda."
exam-2019-2-p1,document,aula-01.html,unused,"O caderno reúne questões de outros pontos do cronograma, sem item diretamente sobre inicial, princípio da demanda ou emenda."
exam-2025-2-p1-candidate,document,aula-01.html,unused,"O caderno reúne questões de outros pontos do cronograma, sem item diretamente sobre inicial, princípio da demanda ou emenda."
exam-questions-extract-2026-09-28,exam-questions-extract-2026-09-28,aula-01.html,unused,"O extrato é uma seleção provisória derivada de provas; a questão direta sobre inicial fica na prova original de 2015/1, usada nesta aula."
knijnik-prova-caps1-2,assigned-reading,aula-01.html,unused,"“Knijnik, A prova nos juízos cível, penal e tributário, caps. I–II, pp. 3–48” trata de matéria atribuída a outra aula ou etapa do procedimento, não dos elementos da demanda nem da emenda inicial."
koplin-audiencias,artigo-audiencias,aula-01.html,unused,"“Klaus Cohen Koplin, Um panorama geral sobre as audiências no novo Código de Processo Civil brasileiro” trata de matéria atribuída a outra aula ou etapa do procedimento, não dos elementos da demanda nem da emenda inicial."
lucon-cpc-355-357,assigned-reading,aula-01.html,unused,"“Lucon, Comentários aos arts. 355–357 do CPC/2015, pp. 586–596” trata de matéria atribuída a outra aula ou etapa do procedimento, não dos elementos da demanda nem da emenda inicial."
marinoni-novo-curso-vol1-2017,front-matter,aula-01.html,unused,"“Front matter (title page, authors and presentation)” trata de tema distinto da petição inicial, da iniciativa da parte e de sua emenda."
marinoni-novo-curso-vol1-2017,introducao,aula-01.html,unused,"“Introdução — teoria do processo civil” trata de tema distinto da petição inicial, da iniciativa da parte e de sua emenda."
marinoni-novo-curso-vol1-2017,parte-i-cap-01,aula-01.html,unused,"“Parte I, capítulo 1 — A Influência Dos Valores Do Estado Liberal De Direito E Do Positivismo Jurídico Sobre Os Conceitos Clássicos De Jurisdição” trata de tema distinto da petição inicial, da iniciativa da parte e de sua emenda."
marinoni-novo-curso-vol1-2017,parte-i-cap-02,aula-01.html,unused,"“Parte I, capítulo 2 — Do Mito Do Cognitivismo Interpretativo E Do Logicismo Na Aplicação Do Direito No Positivismo Clássico À Dupla Indeterminação Do Direito No Estado Constitucional” desenvolve teoria geral da ação; o capítulo primário específico já cobre demanda, inicial e emenda no nível deste recorte."
marinoni-novo-curso-vol1-2017,parte-i-cap-03,aula-01.html,unused,"“Parte I, capítulo 3 — A Transformação Do Princípio Da Legalidade: Da Legalidade Formal Pelas Regras À Legalidade Substancial Pelas Normas” desenvolve teoria geral da ação; o capítulo primário específico já cobre demanda, inicial e emenda no nível deste recorte."
marinoni-novo-curso-vol1-2017,parte-i-cap-04,aula-01.html,unused,"“Parte I, capítulo 4 — O Controle Da Constitucionalidade Pelo Juiz Singular No Direito Brasileiro” trata de tema distinto da petição inicial, da iniciativa da parte e de sua emenda."
marinoni-novo-curso-vol1-2017,parte-i-cap-05,aula-01.html,unused,"“Parte I, capítulo 5 — A Teoria Dos Direitos Fundamentais” trata de tema distinto da petição inicial, da iniciativa da parte e de sua emenda."
marinoni-novo-curso-vol1-2017,parte-i-cap-06,aula-01.html,unused,"“Parte I, capítulo 6 — A Jurisdição No Estado Constitucional” trata de tema distinto da petição inicial, da iniciativa da parte e de sua emenda."
marinoni-novo-curso-vol1-2017,parte-i-cap-07,aula-01.html,unused,"“Parte I, capítulo 7 — A Jurisdição E A Justiça Civil” trata de tema distinto da petição inicial, da iniciativa da parte e de sua emenda."
marinoni-novo-curso-vol1-2017,parte-i-cap-08,aula-01.html,unused,"“Parte I, capítulo 8 — A Jurisdição No Quadro Das Formas De Resolução De Litígios” trata de tema distinto da petição inicial, da iniciativa da parte e de sua emenda."
marinoni-novo-curso-vol1-2017,parte-i-cap-09,aula-01.html,unused,"“Parte I, capítulo 9 — O Direito À Jurisdição E Ao Juiz Natural Na Constituição E No Novo Código De Processo Civil” trata de tema distinto da petição inicial, da iniciativa da parte e de sua emenda."
marinoni-novo-curso-vol1-2017,parte-ii-cap-01,aula-01.html,unused,"“Parte II, capítulo 1 — As Teorias Da Ação E A Posição Do Novo Cpc. Primeiros Apontamentos Para Uma Concepção Adequada Ao Estado Constitucional E À Realidade Normativa Brasileira” desenvolve teoria geral da ação; o capítulo primário específico já cobre demanda, inicial e emenda no nível deste recorte."
marinoni-novo-curso-vol1-2017,parte-ii-cap-02,aula-01.html,unused,"“Parte II, capítulo 2 — A Influência Dos Valores Do Estado Social Sobre O Direito De Ação” desenvolve teoria geral da ação; o capítulo primário específico já cobre demanda, inicial e emenda no nível deste recorte."
marinoni-novo-curso-vol1-2017,parte-ii-cap-03,aula-01.html,unused,"“Parte II, capítulo 3 — O Direito De Ação No Quadro Dos Direitos Fundamentais” desenvolve teoria geral da ação; o capítulo primário específico já cobre demanda, inicial e emenda no nível deste recorte."
marinoni-novo-curso-vol1-2017,parte-ii-cap-04,aula-01.html,unused,"“Parte II, capítulo 4 — O Conteúdo Do Direito De Ação A Partir Da Constituição E Do Novo Código De Processo Civil” desenvolve teoria geral da ação; o capítulo primário específico já cobre demanda, inicial e emenda no nível deste recorte."
marinoni-novo-curso-vol1-2017,parte-ii-cap-05,aula-01.html,unused,"“Parte II, capítulo 5 — Da Ação Abstrata E Uniforme (Ação Única) À Ação Adequada À Tutela Do Direito Material E Ao Caso Concreto” desenvolve teoria geral da ação; o capítulo primário específico já cobre demanda, inicial e emenda no nível deste recorte."
marinoni-novo-curso-vol1-2017,parte-iii-cap-01,aula-01.html,unused,"“Parte II, capítulo 1 — Conceito De Direito De Defesa” trata de tema distinto da petição inicial, da iniciativa da parte e de sua emenda."
marinoni-novo-curso-vol1-2017,parte-iii-cap-02,aula-01.html,unused,"“Parte II, capítulo 2 — Direito De Defesa E Acesso À Justiça” trata de tema distinto da petição inicial, da iniciativa da parte e de sua emenda."
marinoni-novo-curso-vol1-2017,parte-iii-cap-03,aula-01.html,unused,"“Parte II, capítulo 3 — O Direito De Defesa Na Constituição. O Significado Do Direito À Ampla Defesa” trata de tema distinto da petição inicial, da iniciativa da parte e de sua emenda."
marinoni-novo-curso-vol1-2017,parte-iii-cap-04,aula-01.html,unused,"“Parte II, capítulo 4 — O Direito De Defesa No Novo Código De Processo Civil” trata de tema distinto da petição inicial, da iniciativa da parte e de sua emenda."
marinoni-novo-curso-vol1-2017,parte-iii-cap-05,aula-01.html,unused,"“Parte II, capítulo 5 — O Direito Fundamental De Defesa Diante Do Direito Fundamental De Ação” desenvolve teoria geral da ação; o capítulo primário específico já cobre demanda, inicial e emenda no nível deste recorte."
marinoni-novo-curso-vol1-2017,parte-iii-cap-06,aula-01.html,unused,"“Parte II, capítulo 6 — Problematização Do Direito Fundamental De Defesa” desenvolve teoria geral da ação; o capítulo primário específico já cobre demanda, inicial e emenda no nível deste recorte."
marinoni-novo-curso-vol1-2017,parte-iv-cap-01,aula-01.html,unused,"“Parte IV, capítulo 1 — Processo E Procedimento Na Doutrina Clássica” trata de tema distinto da petição inicial, da iniciativa da parte e de sua emenda."
marinoni-novo-curso-vol1-2017,parte-iv-cap-02,aula-01.html,unused,"“Parte IV, capítulo 2 — Bases Para Um Novo Conceito De Processo” trata de tema distinto da petição inicial, da iniciativa da parte e de sua emenda."
marinoni-novo-curso-vol1-2017,parte-iv-cap-03,aula-01.html,unused,"“Parte IV, capítulo 3 — O Processo Na Perspectiva Dos Direitos Fundamentais. O Direito Fundamental Ao Processo Justo E Sua Densificação Constitucional” desenvolve teoria geral da ação; o capítulo primário específico já cobre demanda, inicial e emenda no nível deste recorte."
marinoni-novo-curso-vol1-2017,parte-iv-cap-04,aula-01.html,unused,"“Parte IV, capítulo 4 — O Processo, Os Pressupostos Processuais E O Mérito Da Causa” trata de tema distinto da petição inicial, da iniciativa da parte e de sua emenda."
marinoni-novo-curso-vol1-2017,parte-iv-cap-05,aula-01.html,unused,"“Parte IV, capítulo 5 — Processo De Conhecimento E Processo De Execução No Novo Código De Processo Civil” trata de tema distinto da petição inicial, da iniciativa da parte e de sua emenda."
marinoni-novo-curso-vol1-2017,referencias-bibliograficas,aula-01.html,unused,"“Referências bibliográficas” trata de tema distinto da petição inicial, da iniciativa da parte e de sua emenda."
marinoni-novo-curso-vol2,01,aula-01.html,unused,"“Técnica processual e tutela dos direitos” trata de tema distinto da petição inicial, da iniciativa da parte e de sua emenda."
marinoni-novo-curso-vol2,02,aula-01.html,unused,"“Jurisdição e competência” trata de tema distinto da petição inicial, da iniciativa da parte e de sua emenda."
marinoni-novo-curso-vol2,03a,aula-01.html,unused,"“Participação no processo: itens 3.1–3.3” desenvolve teoria geral da ação; o capítulo primário específico já cobre demanda, inicial e emenda no nível deste recorte."
marinoni-novo-curso-vol2,03b,aula-01.html,unused,"“Participação no processo: item 3.4 e caso” desenvolve teoria geral da ação; o capítulo primário específico já cobre demanda, inicial e emenda no nível deste recorte."
marinoni-novo-curso-vol2,04,aula-01.html,unused,"“Atos processuais” trata de tema distinto da petição inicial, da iniciativa da parte e de sua emenda."
marinoni-novo-curso-vol2,05,aula-01.html,unused,"“Formação, suspensão e extinção do processo” desenvolve teoria geral da ação; o capítulo primário específico já cobre demanda, inicial e emenda no nível deste recorte."
marinoni-novo-curso-vol2,06,aula-01.html,unused,"“Procedimento comum” trata de tema distinto da petição inicial, da iniciativa da parte e de sua emenda."
marinoni-novo-curso-vol2,07,aula-01.html,supporting,"Specific need: oferece tratamento operacional mais conciso dos requisitos da inicial, dos pedidos e de sua emenda para consulta ao lado do cap. 15 essencial, dividido em dois segmentos; tem 10.729 palavras."
marinoni-novo-curso-vol2,08,aula-01.html,unused,"“Audiência de conciliação ou de mediação” desenvolve teoria geral da ação; o capítulo primário específico já cobre demanda, inicial e emenda no nível deste recorte."
marinoni-novo-curso-vol2,09,aula-01.html,unused,"“Atitudes do réu” trata de tema distinto da petição inicial, da iniciativa da parte e de sua emenda."
marinoni-novo-curso-vol2,10,aula-01.html,unused,"“Antecipação da tutela” desenvolve teoria geral da ação; o capítulo primário específico já cobre demanda, inicial e emenda no nível deste recorte."
marinoni-novo-curso-vol2,11,aula-01.html,unused,"“Julgamento conforme o estado do processo” trata de tema distinto da petição inicial, da iniciativa da parte e de sua emenda."
marinoni-novo-curso-vol2,12,aula-01.html,unused,"“Organização do processo” desenvolve teoria geral da ação; o capítulo primário específico já cobre demanda, inicial e emenda no nível deste recorte."
marinoni-novo-curso-vol2,13,aula-01.html,unused,"“Audiência de instrução e julgamento” trata de tema distinto da petição inicial, da iniciativa da parte e de sua emenda."
marinoni-novo-curso-vol2,14.01,aula-01.html,unused,"“Prova” trata de tema distinto da petição inicial, da iniciativa da parte e de sua emenda."
marinoni-novo-curso-vol2,14.02,aula-01.html,unused,"“Prova” trata de tema distinto da petição inicial, da iniciativa da parte e de sua emenda."
marinoni-novo-curso-vol2,14.03,aula-01.html,unused,"“Prova” trata de tema distinto da petição inicial, da iniciativa da parte e de sua emenda."
marinoni-novo-curso-vol2,14.04,aula-01.html,unused,"“Prova” trata de tema distinto da petição inicial, da iniciativa da parte e de sua emenda."
marinoni-novo-curso-vol2,14.05,aula-01.html,unused,"“Prova” trata de tema distinto da petição inicial, da iniciativa da parte e de sua emenda."
marinoni-novo-curso-vol2,14.06,aula-01.html,unused,"“Prova” trata de tema distinto da petição inicial, da iniciativa da parte e de sua emenda."
marinoni-novo-curso-vol2,14.07,aula-01.html,unused,"“Prova” trata de tema distinto da petição inicial, da iniciativa da parte e de sua emenda."
marinoni-novo-curso-vol2,15.01,aula-01.html,unused,"“Sentença” trata de tema distinto da petição inicial, da iniciativa da parte e de sua emenda."
marinoni-novo-curso-vol2,15.02,aula-01.html,unused,"“Sentença” trata de tema distinto da petição inicial, da iniciativa da parte e de sua emenda."
marinoni-novo-curso-vol2,15.03,aula-01.html,unused,"“Sentença” trata de tema distinto da petição inicial, da iniciativa da parte e de sua emenda."
marinoni-novo-curso-vol2,15.04,aula-01.html,unused,"“Sentença” trata de tema distinto da petição inicial, da iniciativa da parte e de sua emenda."
marinoni-novo-curso-vol2,16.01,aula-01.html,unused,"“Recursos” trata de tema distinto da petição inicial, da iniciativa da parte e de sua emenda."
marinoni-novo-curso-vol2,16.02,aula-01.html,unused,"“Recursos” trata de tema distinto da petição inicial, da iniciativa da parte e de sua emenda."
marinoni-novo-curso-vol2,16.03,aula-01.html,unused,"“Recursos” trata de tema distinto da petição inicial, da iniciativa da parte e de sua emenda."
marinoni-novo-curso-vol2,17.01,aula-01.html,unused,"“Processo nos tribunais” trata de tema distinto da petição inicial, da iniciativa da parte e de sua emenda."
marinoni-novo-curso-vol2,17.02,aula-01.html,unused,"“Processo nos tribunais” trata de tema distinto da petição inicial, da iniciativa da parte e de sua emenda."
marinoni-novo-curso-vol2,18,aula-01.html,unused,"“Precedentes” trata de tema distinto da petição inicial, da iniciativa da parte e de sua emenda."
marinoni-novo-curso-vol2,19.01,aula-01.html,unused,"“Coisa julgada” trata de tema distinto da petição inicial, da iniciativa da parte e de sua emenda."
marinoni-novo-curso-vol2,19.02,aula-01.html,unused,"“Coisa julgada” trata de tema distinto da petição inicial, da iniciativa da parte e de sua emenda."
marinoni-novo-curso-vol2,21,aula-01.html,unused,"“Teoria da efetivação das decisões judiciais mediante cumprimento de sentença (abertura e item 1.1)” desenvolve teoria geral da ação; o capítulo primário específico já cobre demanda, inicial e emenda no nível deste recorte."
marinoni-novo-curso-vol2,23,aula-01.html,unused,"“1.2 Panorama histórico da efetivação de sentenças” desenvolve teoria geral da ação; o capítulo primário específico já cobre demanda, inicial e emenda no nível deste recorte."
marinoni-novo-curso-vol2,24,aula-01.html,unused,"“1.3 Técnica executiva e tutela dos direitos” trata de tema distinto da petição inicial, da iniciativa da parte e de sua emenda."
marinoni-novo-curso-vol2,25,aula-01.html,unused,"“1.4 Princípios fundamentais da execução” trata de tema distinto da petição inicial, da iniciativa da parte e de sua emenda."
marinoni-novo-curso-vol2,26,aula-01.html,unused,"“1.5 As formas de execução” trata de tema distinto da petição inicial, da iniciativa da parte e de sua emenda."
marinoni-novo-curso-vol2,27,aula-01.html,unused,"“1.6 O art. 515, I, do CPC e as sentenças que dependem de execução” trata de tema distinto da petição inicial, da iniciativa da parte e de sua emenda."
marinoni-novo-curso-vol2,28,aula-01.html,unused,"“1.7 Os títulos executivos judiciais” trata de tema distinto da petição inicial, da iniciativa da parte e de sua emenda."
marinoni-novo-curso-vol2,29,aula-01.html,unused,"“1.8 Liquidação da obrigação” desenvolve teoria geral da ação; o capítulo primário específico já cobre demanda, inicial e emenda no nível deste recorte."
marinoni-novo-curso-vol2,30,aula-01.html,unused,"“1.9 Questões gerais do procedimento de cumprimento de sentença” trata de tema distinto da petição inicial, da iniciativa da parte e de sua emenda."
marinoni-novo-curso-vol2,38,aula-01.html,unused,"“2.1 Imposição de fazer e de não fazer, prestação da tutela do direito e meios de execução adequados” desenvolve teoria geral da ação; o capítulo primário específico já cobre demanda, inicial e emenda no nível deste recorte."
marinoni-novo-curso-vol2,39,aula-01.html,unused,"“2.2 Técnicas de execução e controle do poder executivo do juiz” trata de tema distinto da petição inicial, da iniciativa da parte e de sua emenda."
marinoni-novo-curso-vol2,40,aula-01.html,unused,"“2.3 Defesa do executado” trata de tema distinto da petição inicial, da iniciativa da parte e de sua emenda."
marinoni-novo-curso-vol2,41,aula-01.html,unused,"“2.4 A sentença que reconhece obrigação de prestar declaração de vontade” desenvolve teoria geral da ação; o capítulo primário específico já cobre demanda, inicial e emenda no nível deste recorte."
marinoni-novo-curso-vol2,32,aula-01.html,unused,"“A sentença que reconhece a obrigação de entregar coisa” desenvolve teoria geral da ação; o capítulo primário específico já cobre demanda, inicial e emenda no nível deste recorte."
marinoni-novo-curso-vol2,42,aula-01.html,unused,"“4.1 Tutela pecuniária e técnicas de execução” trata de tema distinto da petição inicial, da iniciativa da parte e de sua emenda."
marinoni-novo-curso-vol2,43,aula-01.html,unused,"“4.2 Fase inicial da execução” trata de tema distinto da petição inicial, da iniciativa da parte e de sua emenda."
marinoni-novo-curso-vol2,51,aula-01.html,unused,"“4.3.1–4.3.2 Penhora e responsabilidade patrimonial” trata de tema distinto da petição inicial, da iniciativa da parte e de sua emenda."
marinoni-novo-curso-vol2,52,aula-01.html,unused,"“4.3.3–4.3.4 Bens de terceiros e fraude” trata de tema distinto da petição inicial, da iniciativa da parte e de sua emenda."
marinoni-novo-curso-vol2,53,aula-01.html,unused,"“4.3.5 Procedimento da penhora” trata de tema distinto da petição inicial, da iniciativa da parte e de sua emenda."
marinoni-novo-curso-vol2,45,aula-01.html,unused,"“4.4 Providências preliminares à satisfação do credor” desenvolve teoria geral da ação; o capítulo primário específico já cobre demanda, inicial e emenda no nível deste recorte."
marinoni-novo-curso-vol2,46,aula-01.html,unused,"“4.5 A defesa do executado” trata de tema distinto da petição inicial, da iniciativa da parte e de sua emenda."
marinoni-novo-curso-vol2,47,aula-01.html,unused,"“4.6 Satisfação do credor” desenvolve teoria geral da ação; o capítulo primário específico já cobre demanda, inicial e emenda no nível deste recorte."
marinoni-novo-curso-vol2,48,aula-01.html,unused,"“4.7 Entrega do dinheiro ao credor e caso” trata de tema distinto da petição inicial, da iniciativa da parte e de sua emenda."
marinoni-novo-curso-vol2,34,aula-01.html,unused,"“Suspensão e conclusão do cumprimento de sentença” trata de tema distinto da petição inicial, da iniciativa da parte e de sua emenda."
marinoni-novo-curso-vol2,35,aula-01.html,unused,"“A execução da decisão provisória” trata de tema distinto da petição inicial, da iniciativa da parte e de sua emenda."
marinoni-novo-curso-vol2,49,aula-01.html,unused,"“7.1 Cumprimento de decisão de prestação alimentícia” desenvolve teoria geral da ação; o capítulo primário específico já cobre demanda, inicial e emenda no nível deste recorte."
marinoni-novo-curso-vol2,50,aula-01.html,unused,"“7.2 Cumprimento contra a Fazenda Pública e caso” trata de tema distinto da petição inicial, da iniciativa da parte e de sua emenda."
marinoni-novo-curso-vol2,37,aula-01.html,unused,"“Particularidades da execução dos demais títulos judiciais” trata de tema distinto da petição inicial, da iniciativa da parte e de sua emenda."
mitidiero-processo-civil-2022,capitulo-i,aula-01.html,unused,"“Capítulo I: O Mapa” trata de tema distinto da petição inicial, da iniciativa da parte e de sua emenda."
mitidiero-processo-civil-2022,capitulo-ii,aula-01.html,unused,"“Capítulo II: O Ouriço e a Raposa” trata de tema distinto da petição inicial, da iniciativa da parte e de sua emenda."
mitidiero-processo-civil-2022,capitulo-iii-1,aula-01.html,unused,"“Capítulo III, § 3.1: Ação e defesa” desenvolve teoria geral da ação; o capítulo primário específico já cobre demanda, inicial e emenda no nível deste recorte."
mitidiero-processo-civil-2022,capitulo-iii-2,aula-01.html,unused,"“Capítulo III, § 3.2: Jurisdição” trata de tema distinto da petição inicial, da iniciativa da parte e de sua emenda."
mitidiero-processo-civil-2022,capitulo-iii-3,aula-01.html,unused,"“Capítulo III, § 3.3: Processo” trata de tema distinto da petição inicial, da iniciativa da parte e de sua emenda."
mitidiero-processo-civil-2022,capitulo-iii-4,aula-01.html,unused,"“Capítulo III, § 3.4: Princípios formativos, devido processo e normas fundamentais” trata de tema distinto da petição inicial, da iniciativa da parte e de sua emenda."
mitidiero-processo-civil-2022,capitulo-iv-1,aula-01.html,unused,"“Capítulo IV, § 4.1: Procedimento” trata de tema distinto da petição inicial, da iniciativa da parte e de sua emenda."
mitidiero-processo-civil-2022,capitulo-iv-2,aula-01.html,unused,"“Capítulo IV, § 4.2: Participantes” trata de tema distinto da petição inicial, da iniciativa da parte e de sua emenda."
mitidiero-processo-civil-2022,capitulo-iv-3,aula-01.html,unused,"“Capítulo IV, § 4.3: Atos processuais” trata de tema distinto da petição inicial, da iniciativa da parte e de sua emenda."
mitidiero-processo-civil-2022,capitulo-iv-4,aula-01.html,unused,"“Capítulo IV, § 4.4: Formação, suspensão e extinção do processo” desenvolve teoria geral da ação; o capítulo primário específico já cobre demanda, inicial e emenda no nível deste recorte."
mitidiero-processo-civil-2022,capitulo-v-1,aula-01.html,unused,"“Capítulo V, § 5.1: Procedimento comum” trata de tema distinto da petição inicial, da iniciativa da parte e de sua emenda."
mitidiero-processo-civil-2022,capitulo-v-2,aula-01.html,unused,"“Capítulo V, § 5.2: Fase de conhecimento” trata de tema distinto da petição inicial, da iniciativa da parte e de sua emenda."
mitidiero-processo-civil-2022,capitulo-v-3,aula-01.html,unused,"“Capítulo V, § 5.3: Fase de cumprimento” trata de tema distinto da petição inicial, da iniciativa da parte e de sua emenda."
mitidiero-processo-civil-2022,capitulo-vi-1,aula-01.html,unused,"“Capítulo VI, § 6.1: Cortes de Justiça e Cortes Supremas” trata de tema distinto da petição inicial, da iniciativa da parte e de sua emenda."
mitidiero-processo-civil-2022,capitulo-vi-2,aula-01.html,unused,"“Capítulo VI, § 6.2: Recursos” trata de tema distinto da petição inicial, da iniciativa da parte e de sua emenda."
mitidiero-processo-civil-2022,capitulo-vi-3,aula-01.html,unused,"“Capítulo VI, § 6.3: Incidentes” trata de tema distinto da petição inicial, da iniciativa da parte e de sua emenda."
mitidiero-processo-civil-2022,capitulo-vi-4,aula-01.html,unused,"“Capítulo VI, § 6.4: Ações” trata de tema distinto da petição inicial, da iniciativa da parte e de sua emenda."
mitidiero-processo-civil-2022,capitulo-vii,aula-01.html,unused,"“Capítulo VII: Os Moinhos de Vento” trata de tema distinto da petição inicial, da iniciativa da parte e de sua emenda."
mitidiero-processo-civil-2022,capitulo-viii,aula-01.html,unused,"“Capítulo VIII: Uma História sem Fim” trata de tema distinto da petição inicial, da iniciativa da parte e de sua emenda."
moodle-export-ar,moodle-export-ar,aula-01.html,unused,"“Detached Moodle export: Exemplo de AR” é modelo de citação, comunicação ou ato posterior, sem relação direta com a formulação ou correção da inicial."
moodle-export-certidao-ne,moodle-export-certidao-ne,aula-01.html,unused,"“Detached Moodle export: Exemplo de Certificação de NE (autos físicos)” é modelo de citação, comunicação ou ato posterior, sem relação direta com a formulação ou correção da inicial."
moodle-export-edital,exemplo-de-edital,aula-01.html,unused,"“Exemplo de Edital” é modelo de citação, comunicação ou ato posterior, sem relação direta com a formulação ou correção da inicial."
moodle-export-mandado-cumprido,moodle-export-mandado-cumprido,aula-01.html,unused,"“Detached Moodle export: Exemplo de mandado cumprido (autos físicos)” é modelo de citação, comunicação ou ato posterior, sem relação direta com a formulação ou correção da inicial."
moodle-export-mandado-nao-cumprido,moodle-export-mandado-nao-cumprido,aula-01.html,unused,"“Detached Moodle export: Exemplo pitoresco de mandado não cumprido” é modelo de citação, comunicação ou ato posterior, sem relação direta com a formulação ou correção da inicial."
moodle-model-ar,modelo-ar,aula-01.html,unused,"“Modelo de Aviso de Recebimento positivo (AR)” é modelo de citação, comunicação ou ato posterior, sem relação direta com a formulação ou correção da inicial."
moodle-model-certidao-ne,modelo-certidao-ne,aula-01.html,unused,"“Modelo de certidão de Nota de Expediente (NE)” é modelo de citação, comunicação ou ato posterior, sem relação direta com a formulação ou correção da inicial."
moodle-model-edital,moodle-model-edital-document,aula-01.html,unused,"“Edital de Citação - Execução” é modelo de citação, comunicação ou ato posterior, sem relação direta com a formulação ou correção da inicial."
moodle-model-julgamento-sinceridade,moodle-model-julgamento-sinceridade,aula-01.html,unused,"“Modelos e Exemplos: julgamento conforme a sinceridade do processo” é modelo de citação, comunicação ou ato posterior, sem relação direta com a formulação ou correção da inicial."
moodle-model-mandado-cumprido,moodle-model-mandado-cumprido,aula-01.html,unused,"“Modelos e Exemplos: mandado cumprido/certificado” é modelo de citação, comunicação ou ato posterior, sem relação direta com a formulação ou correção da inicial."
moodle-model-mandado-nao-cumprido,moodle-model-mandado-nao-cumprido,aula-01.html,unused,"“Modelos e Exemplos: mandado não cumprido” é modelo de citação, comunicação ou ato posterior, sem relação direta com a formulação ou correção da inicial."
passos-teoria-nulidades,assigned-reading,aula-01.html,unused,"“Passos, Esboço de uma teoria das nulidades, pp. 123–142” trata de matéria atribuída a outra aula ou etapa do procedimento, não dos elementos da demanda nem da emenda inicial."
peer-note-carolina-leite-p2,peer-note-carolina-leite-p2,aula-01.html,unused,"O texto de notas de colega não contém passagem sobre inicial, demanda ou emenda e não pode fundamentar afirmações jurídicas."
peer-note-resuminho,document,aula-01.html,unused,"O texto de notas de colega não contém passagem sobre inicial, demanda ou emenda e não pode fundamentar afirmações jurídicas."
peer-note-whatsapp-00001291,peer-note-whatsapp-00001291,aula-01.html,unused,"O texto de notas de colega não contém passagem sobre inicial, demanda ou emenda e não pode fundamentar afirmações jurídicas."
peer-note-whatsapp-00003003,peer-note-whatsapp-00003003,aula-01.html,unused,"O texto de notas de colega não contém passagem sobre inicial, demanda ou emenda e não pode fundamentar afirmações jurídicas."
taruffo-la-prova-1992,00-front-matter,aula-01.html,unused,"“Front matter and indice-sommario” trata de tema distinto da petição inicial, da iniciativa da parte e de sua emenda."
taruffo-la-prova-1992,01-prova-e-verita,aula-01.html,unused,"“Capitolo I — Prova e verità nel processo civile” trata de tema distinto da petição inicial, da iniciativa da parte e de sua emenda."
taruffo-la-prova-1992,02-il-fatto,aula-01.html,unused,"“Capitolo II — Il fatto” trata de tema distinto da petição inicial, da iniciativa da parte e de sua emenda."
taruffo-la-prova-1992,03-verita-verosimiglianza-probabilita,aula-01.html,unused,"“Capitolo III — Verità, verosimiglianza, probabilità” trata de tema distinto da petição inicial, da iniciativa da parte e de sua emenda."
taruffo-la-prova-1992,04-ipotesi-prove-scelte,aula-01.html,unused,"“Capitolo IV — Ipotesi, prove, scelte” trata de tema distinto da petição inicial, da iniciativa da parte e de sua emenda."
taruffo-la-prova-1992,05-prova-giuridica,aula-01.html,unused,"“Capitolo V — La prova giuridica” trata de tema distinto da petição inicial, da iniciativa da parte e de sua emenda."
taruffo-la-prova-1992,06-lessico-delle-prove,aula-01.html,unused,"“Capitolo VI — Elementi per un lessico delle prove” trata de tema distinto da petição inicial, da iniciativa da parte e de sua emenda."
taruffo-la-prova-1992,07-indici,aula-01.html,unused,"“Indici analitico e delle fonti” trata de tema distinto da petição inicial, da iniciativa da parte e de sua emenda."
marinoni-novo-curso-vol2,14.04b,aula-01.html,unused,"A continuação (§ 9.13 e seguintes) trata de depoimento pessoal, procedimento probatório e confissão; não atende ao recorte desta aula. “Prova” trata de tema distinto da petição inicial, da iniciativa da parte e de sua emenda."
