source_id,chapter_id,lesson_id,role,why
,,aula-01.html,no_book_covers,O curso não lista livro-base/bibliografia básica essencial: a única entrada básica é o artigo Engelmann–Bandeira; nenhum capítulo de livro-base pode cumprir o requisito de fonte primária do pipeline.
moodle-programa,10-08,aula-01.html,supporting,"Programa, seção 10/08: registra apresentação do conteúdo e método de avaliação; delimita essa data como encontro de apresentação, sem inventar para ela uma aula ou eixo próprios."
moodle-current-extract,section-1,aula-01.html,supporting,"Moodle, seção 10/08: confirma que o encontro é de apresentação do conteúdo da disciplina e do método de avaliação; usado apenas para preservar a fronteira temporal da Aula 01."
moodle-programa,17-08,aula-01.html,supporting,"Programa, seção 17/08: fixa o tema e a descrição sobre reconstrução constitucional após autoritarismo, democratização, ampliação de direitos e jurisdição constitucional que definem a função mapeada."
moodle-current-extract,section-2,aula-01.html,supporting,"Moodle, seção 17/08: registra ementa, artigo básico e os dois decks da data; com o mapa do curso, direciona o deck histórico a esta contextualização e reserva o deck sobre Cortes à Aula 02."
dossier-atividade-05-10,03-02-mapa-aula-materiais,aula-01.html,supporting,"Dossiê, PDF p. 5: o mapa de materiais associa a apresentação de 10/08 à transcrição e aos slides históricos, e o bloco de 17/08 ao artigo e ao deck de Cortes; serve ao crosswalk sem criar novo eixo."
slides-aula-01,slides-aula-01,aula-01.html,supporting,"Slides 2–4 e 6–64: hipótese de longa duração e percurso do Haiti/Cádiz às formações constitucionais, constitucionalismo social, reconstrução democrática pós-autoritária e expansão da jurisdição; cobre diretamente a função histórica mapeada. Slide 1 é apenas capa."
engelmann-bandeira-2017,estudos-caso,aula-01.html,supporting,"Artigo básico indicado no programa, § “Os estudos de caso”, pp. impressas 906–923 (PDF pp. 4–21): abre os cinco estudos com panoramas histórico-políticos da relação entre elites judiciais e política; apoio comparado às continuidades e à reconstrução democrática da função mapeada."
,,aula-02.html,no_book_covers,"Não há livro-base/capítulo mapeado para a aula; a bibliografia básica contém um artigo, triado separadamente."
engelmann-bandeira-2017,estudo-legitimidade,aula-02.html,supporting,"Nas pp. 904–905, contrasta estudos de judicialização com análises da legitimidade e independência decisória das cúpulas, apontando trajetórias histórico-políticas, estabilidade e perfis das elites como fatores de autonomia; oferece o quadro conceitual da comparação."
engelmann-bandeira-2017,estudos-caso,aula-02.html,primary,"Nas pp. 906–923, examina trajetórias histórico-políticas e percursos de 286 ministros das Cortes Superiores de Argentina, Brasil, Chile, Colômbia e Venezuela (1990–2015), núcleo comparativo da função mapeada."
engelmann-bandeira-2017,consideracoes-finais,aula-02.html,supporting,"Nas pp. 924–936, agrupa os cinco casos em trajetórias de menor ou maior autonomia e sintetiza mecanismos de recrutamento e relações das Cortes com o espaço político, permitindo fechar a comparação."
cortes-constitucionales-latam,quadro-cortes-constitucionais,aula-02.html,supporting,"Nas pp. 1–2, o quadro discrimina, para cada país, órgão de controle, modelo, composição, recrutamento e traço da jurisdição; apoia a distinção entre desenhos de controle."
,,aula-03.html,no_book_covers,"The program lists an article as basic reading, but it does not directly cover the ADPF 153–Gomes Lund question on international duties; no basic-reading chapter fits this case-centered eixo."
adpf153,ementa-acordao,aula-03.html,primary,"Official STF ementa/acórdão (PDF pp. 1–4) identifies the ADPF and summarizes the majority’s treatment of Lei 6.683/79, the breadth and historical setting of the amnesty, and the invoked international torture norms; it supplies the mapped case’s holding and stated grounds."
adpf153,eros-grau,aula-03.html,primary,"Use the relator’s vote at §§ 25–29 for the meaning of connected crimes and bilateral amnesty, §§ 42–43 for the timing and domestic reach of international instruments, and §§ 46–47 for institutional authority to revise the amnesty; these are the majority grounds directly tested by the eixo."
adpf153,lewandowski,aula-03.html,primary,"O voto vencido de Ricardo Lewandowski (seções 3–8, PDF pp. 106–130, especialmente as seções 7–8) apresenta fundamentos para a divergência sobre a anistia e os deveres internacionais de direitos humanos: menciona o dever de investigar, ajuizar e punir violações graves à luz do Pacto Internacional sobre Direitos Civis e Políticos e da Corte Interamericana, e conclui por leitura caso a caso do alcance da anistia."
adpf153,ayres-britto,aula-03.html,primary,"O voto vencido de Ayres Britto acrescenta uma das divergências previstas no eixo sobre a anistia na ADPF 153, caso brasileiro comparado nesta aula com os deveres internacionais da justiça de transição: nas pp. 140–146 (PDF), ele interpreta o art. 1º da Lei 6.683/79 e conclui pela exclusão da anistia aos crimes do art. 5º, XLIII, da Constituição."
adpf153,decision-line,aula-03.html,primary,"The official plenary record (PDF pp. 265–266) states the ADPF’s final result and names the two dissenting positions, fixing the holding and vote division required by the mapped outcome."
lei-6683-1979,Art. 1º,aula-03.html,supporting,The statute’s art. 1º defines the amnesty’s beneficiaries and temporal scope; that exact article is the legal text interpreted in ADPF 153 and compared with the Corte IDH’s treatment of the same law.
justica-transicao-brasil-colombia,deck-justica-transicao-brasil-colombia,aula-03.html,supporting,"In this 24/08 deck, PDF slides 30–58 move from the transitional-justice balance to the Brazilian ADPF 153 segment, including the OAB claim, truth-and-memory argument, majority account and vote contrast; these slides support the lesson’s mapped Brazil case."
gomes-lund-reference-only,viii-b-amnesty-facts,aula-03.html,supporting,"Only an internal locator aid for the Gomes Lund amnesty context: this is a third-party-hosted, non-authoritative English reference copy, not a course source and not evidence for a citable holding; the official full judgment is recorded as unavailable."
gomes-lund-reference-only,viii-c-investigation-duty,aula-03.html,supporting,Only an internal locator aid for the mapped international-duty question: this non-authoritative third-party reference copy is not a course source; it labels the Court’s discussion of investigating and punishing serious violations but cannot substitute for or establish the official judgment.
gomes-lund-reference-only,viii-d-amnesties-incompatibility,aula-03.html,supporting,"Only an internal locator aid for the mapped conflict over amnesty: this non-authoritative third-party English copy isolates the Court’s amnesty-compatibility reasoning; it is not a course source or authority, and the official full judgment remains unavailable."
gomes-lund-reference-only,xii-operative-paragraphs,aula-03.html,supporting,Only an internal locator aid for the disposition that the mapped function asks students to identify; these operative paragraphs are from the same non-authoritative third-party copy
engelmann-bandeira-2017,estudos-caso,aula-03.html,background,"Background closure from prerequisite Aula 02: its mapped distinction between national courts and the Inter-American system helps attribute each amnesty decision and explain the authority dispute; this primary section compares judicial-autonomy paths across five national systems (printed pp. 906–923), supplying institutional context for the STF side of Aula 03’s comparison."
,,aula-04.html,no_book_covers,O mapa da disciplina não inclui livro ou capítulo básico/essencial aplicável a esta aula.
dossier-atividade-05-10,19-17-decisao-c-579-2013,aula-04.html,supporting,"Dossiê Parte 1, pp. 273–283, §§ 3, 8.4.7–8.4.9 e 9.3–9.9, com votos: seleção e priorização de casos, dever estatal de investigar e garantias às vítimas, diretamente ligados ao limite constitucional da justiça transicional em C-579/2013."
dossier-atividade-05-10,20-18-decisao-c-694-2015,aula-04.html,supporting,"Dossiê Parte 1, pp. 284–293, §§ 9.3.2–9.3.4 e decisão: examina bens oferecidos, recursos e novas provas no procedimento de Justiça e Paz em C-694/2015, oferecendo o controle constitucional do regime indicado no eixo."
dossier-atividade-05-10,21-19-decisao-c-674-2017,aula-04.html,supporting,"Dossiê Parte 1, pp. 294–309, itens 6.5.2–6.5.6 e decisões: condicionalidade das sanções, dever de investigar e direitos das vítimas no desenho da JEP, conforme o caso C-674/2017 mapeado."
c-694-15,salvamento-parcial-calle,aula-04.html,supporting,"Voto parcialmente dissidente separado, pp. 390–394; a estrutura da fonte registra a divergência interna à C-694/15, que integra a função da aula de explicar fundamentos e divergências."
c-674-17,dissent-ortiz-fajardo,aula-04.html,supporting,"Voto parcialmente dissidente separado, pp. 590–595; registra divergência interna à C-674/17/JEP, para a função mapeada de explicar fundamentos e divergências."
act-legislativo-01-2012,Art. 1,aula-04.html,supporting,"Art. 66 transitório: define os fins da justiça transicional, direitos das vítimas, deveres de investigação e sanção e critérios de seleção/priorização examinados em C-579/2013."
act-legislativo-01-2017,Art. TRANSITORIO 7°,aula-04.html,supporting,"Dispositivo de conformação da JEP: organiza suas salas sob critérios de priorização por gravidade, representatividade e responsabilidade, base normativa do desenho examinado em C-674/2017."
ley-1592-2012,Art. 10,aula-04.html,supporting,"Art. 10 altera o art. 15 da Lei 975: articula esclarecimento da verdade e priorização da investigação com defesa e participação das vítimas, no regime examinado em C-694/2015."
corte-constitucional-colombiana,competencias-corte,aula-04.html,supporting,"Apresenta as competências da Corte Constitucional colombiana; dá contexto institucional ao órgão que controla os instrumentos transicionais, conforme o pré-requisito da Aula 02 e o mapa da Aula 04."
corte-constitucional-colombiana,relatoria-decisao,aula-04.html,supporting,"Explica relatoria e decisão colegiada na Corte colombiana; contexto institucional do controle constitucional dos casos da aula, em continuidade ao pré-requisito da Aula 02."
processo-de-paz-colombia,deck,aula-04.html,supporting,"Deck sobre o processo de paz colombiano; contexto para situar a justiça transicional e a JEP dos casos C-579/2013, C-694/2015 e C-674/2017 mapeados."
justica-transicao-brasil-colombia,deck-justica-transicao-brasil-colombia,aula-04.html,supporting,"Material comparativo Brasil–Colômbia, útil ao resultado de aprendizagem que manda responder ao eixo e comparar com o caso brasileiro."
engelmann-bandeira-2017,estudos-caso,aula-04.html,background,"Pré-requisito Aula 02: capítulo primário sobre estudos de caso de legitimidade das Cortes, base para o desenho e a autonomia da Corte colombiana indicados no mapa."
adpf153,ementa-acordao,aula-04.html,background,"Pré-requisito Aula 03: capítulo primário da ADPF 153, preserva o termo brasileiro de comparação sobre anistia e justiça de transição indicado no mapa."
adpf153,eros-grau,aula-04.html,background,"Pré-requisito Aula 03: voto primário na ADPF 153, como parte do termo brasileiro de comparação sobre anistia e justiça de transição indicado no mapa."
adpf153,lewandowski,aula-04.html,background,"Pré-requisito Aula 03: voto primário na ADPF 153, como parte do termo brasileiro de comparação sobre anistia e justiça de transição indicado no mapa."
adpf153,ayres-britto,aula-04.html,background,"Pré-requisito Aula 03: voto primário na ADPF 153, como parte do termo brasileiro de comparação sobre anistia e justiça de transição indicado no mapa."
adpf153,decision-line,aula-04.html,background,"Pré-requisito Aula 03: linha decisória primária da ADPF 153, complementa o termo brasileiro de comparação sobre anistia e justiça de transição indicado no mapa."
,,aula-05.html,no_book_covers,"O S0 não identifica livro-base nem fonte basica_essencial para o eixo de soberania popular; as decisões e leituras do programa são triadas como fontes do caso ou apoio, sem inventar capítulo de livro."
gelman-v-uruguay-2011,fondo-vi-3,aula-05.html,primary,"Usar especificamente §§ 238–239: a Corte enfrenta o referendo de 1989 e o plebiscito de 2009 e formula o limite de direitos humanos à regra de maiorias, núcleo literal do eixo."
gelman-v-uruguay-2011,puntos-resolutivos,aula-05.html,primary,"Pontos 6 e 11 do dispositivo: declaram que a aplicação da Lei de Caducidad a graves violações descumpre o dever de adequação à Convenção e ordenam que ela não obstrua investigação e eventual sanção; em conjunto com §§ 238–239, mostram o efeito jurídico do limite interamericano à decisão popular."
gelman-v-uruguay-2011,voto-concurrente-vio-grossi,aula-05.html,primary,"O voto separado examina a atribuição ao Estado de atos de participação popular e se a democracia, por si, assegura respeito ao Direito Internacional; fornece a divergência interpretativa do caso."
gelman-supervision-2013,considerando-003,aula-05.html,primary,"O considerando 3 afirma o dever de cumprimento integral das sentenças da Corte e sua implementação interna, premissa para distinguir votação doméstica e obrigação internacional."
gelman-supervision-2013,considerando-103,aula-05.html,primary,"O considerando 103 qualifica a decisão da Suprema Corte uruguaia de 22/02/2013 como obstáculo ao cumprimento de Gelman, ligando decisão nacional e obrigação interamericana."
gelman-supervision-2013,considerando-104,aula-05.html,primary,"O considerando 104 declara vinculante a sentença internacional em sua integralidade para todos os órgãos uruguaios e exige medidas de investigação, julgamento e sanção."
gelman-supervision-2013,dispositivo,aula-05.html,primary,"Na parte declarativa do dispositivo, o ponto 2 qualifica a decisão uruguaia de 22/02/2013 (SCJ 20/2013) como obstáculo ao acatamento de Gelman; o ponto 3 reitera que a sentença interamericana vincula todos os órgãos estatais. Assim, a resolução de supervisão contrapõe decisão doméstica e obrigação internacional, conforme a função da Aula 05."
scj-uruguay-20-2013,mayoria-iii,aula-05.html,primary,"A seção III da maioria expõe a posição da SCJ sobre a eficácia da sentença e da jurisprudência interamericanas perante o controle constitucional nacional, contraste central do resultado de aprendizagem."
scj-uruguay-20-2013,mayoria-vi,aula-05.html,primary,"A seção VI fundamenta a declaração de inconstitucionalidade dos arts. 2 e 3 da Lei 18.831 em legalidade e irretroatividade penal, mostrando o fundamento constitucional da decisão interna."
scj-uruguay-20-2013,fallo-mayoria,aula-05.html,primary,"A parte dispositiva fixa o resultado da SCJ 20/2013 sobre os arts. 1–3 da Lei 18.831, necessário para reconstruir com precisão a resposta judicial uruguaia."
scj-uruguay-20-2013,discordia-perez-manrique-v,aula-05.html,primary,"A seção V da discordância de Pérez Manrique traz sua posição substantiva sobre os arts. 2–3 e os limites da soberania estatal por direitos humanos, preservando a divergência exigida pelo resultado de aprendizagem."
scj-uruguay-65-2014,documento-inicial,aula-05.html,supporting,O programa lista a Sentencia 65/2014; o mapa de curso esclarece que ela versa sobre o art. 365 do Código Penal e não integra a cadeia de Gelman. O capítulo de identificação mantém essa referência separada.
gargarella-gelman,"II. LA CORTE INTERAMERICANA, LAS AMNISTÍAS Y LA DEMOCRACIA",aula-05.html,supporting,"Leitura complementar indicada no Moodle para 31/08; sua seção II articula Corte Interamericana, anistias e democracia como apoio ao eixo sem substituir as decisões primárias."
gargarella-gelman,III. SOBRE EL DERECHO DEMOCRÁTICO A REFLEXIONAR SOBRE EL CASTIGO,aula-05.html,supporting,"Leitura complementar indicada no Moodle para 31/08; sua seção III trata do direito democrático de refletir sobre a punição, contraponto direto à pergunta do eixo."
gargarella-gelman,IV. UNA CONCLUSION PROVISIONAL,aula-05.html,supporting,"A seção IV conclui a leitura complementar indicada no Moodle para 31/08 e fecha a posição autoral sobre democracia, castigo e limites interamericanos, sem deslocar a autoridade das decisões atribuídas à Corte."
engelmann-bandeira-2017,estudos-caso,aula-05.html,background,Capítulo atribuído como primary em aula-02.html; levado como background por ser pré-requisito conceitual direto desta aula.
adpf153,ementa-acordao,aula-05.html,background,Primary atom assigned in prerequisite aula-03.html; carried forward as background for aula-05.html.
adpf153,eros-grau,aula-05.html,background,Primary atom assigned in prerequisite aula-03.html; carried forward as background for aula-05.html.
adpf153,lewandowski,aula-05.html,background,Primary atom assigned in prerequisite aula-03.html; carried forward as background for aula-05.html.
adpf153,ayres-britto,aula-05.html,background,Primary atom assigned in prerequisite aula-03.html; carried forward as background for aula-05.html.
adpf153,decision-line,aula-05.html,background,Primary atom assigned in prerequisite aula-03.html; carried forward as background for aula-05.html.
,,aula-06.html,no_book_covers,"A bibliografia base traz Engelmann e Bandeira sobre autonomia judicial, mas nenhum livro cobre o eixo de Aula 06: SCP 0084/2017, OC-28/21, reeleição presidencial e art. 23 da CADH; os dois casos mapeados fornecem as unidades primárias."
scp-0084-2017,iii-7-1-normas-constitucionales,aula-06.html,primary,"§ III.7.1, pp. 61–64: os parágrafos que classificam os arts. 26 e 28 da CPE como normas-princípio e os arts. 156, 168, 285.II e 288 como normas-regra resolvem a antinomia em favor da participação política e da soberania popular; razão constitucional central do TCP."
scp-0084-2017,iii-7-2-aplicacion-tratados,aula-06.html,primary,"§ III.7.2, pp. 64–74: a aplicação preferente do art. 23 da CADH e o controle de convencionalidade explicam o fundamento internacional usado pelo TCP para afastar os limites de reeleição; permite comparar a decisão nacional com a interpretação consultiva posterior."
scp-0084-2017,iii-7-3-igualdad-prohibicion,aula-06.html,primary,"§ III.7.3, pp. 74–78: ao examinar a alegação de desigualdade contra a regra de uma reeleição contínua, o TCP conclui que ela restringe a participação e o direito de ser eleito (CPE, art. 26.I; CADH, art. 23.1(a)) sem justificação objetiva e razoável; afirma que cabe aos eleitores decidir se reelegem a autoridade. Expõe a premissa nacional sobre direitos políticos e soberania popular que OC-28 permite contrastar."
scp-0084-2017,por-tanto,aula-06.html,primary,"Parte dispositiva, pontos 1–2, p. 79: identifica exatamente a aplicação preferente do art. 23 sobre as frases constitucionais de limite e a inconstitucionalidade dos dispositivos da Lei do Regime Eleitoral; delimita o que o TCP decidiu, sem atribuir-lhe anulação do referendo."
oc28-21,v-principios-democracia-representativa,aula-06.html,primary,"§ V, ¶¶ 71–86 (em especial 71, 75, 78–86): a maioria explica que soberania eleitoral não remove limites jurídicos, relaciona alternância e não perpetuação no poder e preserva escolha estatal do sistema político sob compatibilidade convencional."
oc28-21,vi-a-reeleccion-como-derecho-autonomo,aula-06.html,primary,"§ VI.A, ¶¶ 92–102 (conclusão no ¶ 102): a Corte IDH conclui que a reeleição presidencial indefinida não é direito autônomo protegido; é o ponto de contraste direto com a fundamentação do TCP em direitos políticos."
oc28-21,vi-b-compatibilidad-prohibicion-derechos-politicos,aula-06.html,primary,"§ VI.B, ¶¶ 103–126 (conclusão no ¶ 126): a Corte aplica o art. 23 da Convenção e o exame de restrições para concluir que a proibição da reeleição indefinida é compatível com os direitos políticos."
oc28-21,vii-compatibilidad-obligaciones-ddhh,aula-06.html,primary,"§ VII, ¶¶ 127–148 (conclusões nos ¶¶ 146–148): a Corte conecta perpetuação no poder, salvaguardas democráticas e obrigações convencionais, concluindo que habilitar a reeleição presidencial indefinida contraria os princípios da democracia representativa e as obrigações interamericanas."
oc28-21,viii-opinion,aula-06.html,primary,"§ VIII, ¶ 149 e itens de opinião 1–4: fixa competência consultiva, ausência de direito autônomo à reeleição indefinida, compatibilidade de sua proibição e contrariedade de sua habilitação aos princípios democráticos e às obrigações interamericanas; registra os dois votos dissidentes."
oc28-21,iv-democracia-estado-de-derecho-ddhh,aula-06.html,supporting,"§ IV, ¶¶ 43–65: oferece o enquadramento da maioria sobre a relação entre democracia, Estado de Direito e direitos humanos, inclusive direitos de participação; prepara a leitura dos fundamentos específicos em §§ V–VII."
oc28-21,i-presentacion-de-la-consulta,aula-06.html,supporting,"§ I, ¶¶ 1–3: identifica a solicitação consultiva apresentada pela Colômbia, sua data e as perguntas sobre reeleição e direitos políticos; situa OC-28 como consulta independente da decisão nacional boliviana."
oc28-21,iii-d-procedencia-consulta,aula-06.html,supporting,"§ III.D, ¶¶ 31–34: a Corte afirma que a função consultiva interpreta obrigações gerais e que não emite decisão jurídica sobre situações específicas; é o localizador direto para distinguir OC-28 de recurso ou reversão da SCP."
oc28-21,pazmino-dissent,aula-06.html,supporting,"Voto dissidente, ¶¶ 23–26: Pazmiño critica tratar a reeleição como direito autônomo e propõe partir do direito de eleger e ser eleito, com participação democrática; contraponto nominal e substantivo à maioria."
oc28-21,zaffaroni-dissent,aula-06.html,supporting,"Voto dissidente, seções 4–6 e 9–12: Zaffaroni contesta a procedência consultiva diante de contexto político boliviano e sustenta que a Corte só pode impor limites democráticos essenciais, não uma regra geral sobre reeleição; contraponto à maioria."
engelmann-bandeira-2017,estudos-caso,aula-06.html,background,Pré-requisito aula-02.html: o desenho e a legitimação das Cortes dão o vocabulário para examinar o TCP boliviano; pp. 906–923 contêm a comparação primária de trajetórias judiciais que sustenta esse vocabulário.
gelman-v-uruguay-2011,fondo-vi-3,aula-06.html,background,"Pré-requisito aula-05.html: a tensão entre soberania popular e proteção internacional de direitos é o parâmetro já desenvolvido para comparar o uso da Convenção na reeleição. Specific need: a seleção primária de Aula 05 é §§ 238–239 neste § VI.3, sobre referendo e limite interamericano; o índice S2 conserva o § VI.3 completo como unidade de 23.281 palavras, sem recorte menor."
gelman-v-uruguay-2011,puntos-resolutivos,aula-06.html,background,Pré-requisito aula-05.html: a tensão entre soberania popular e proteção internacional de direitos é o parâmetro já desenvolvido para comparar o uso da Convenção na reeleição; os pontos resolutivos 6 e 11 mostram a consequência doméstica da obrigação internacional.
gelman-v-uruguay-2011,voto-concurrente-vio-grossi,aula-06.html,background,"Pré-requisito aula-05.html: a tensão entre soberania popular e proteção internacional de direitos é o parâmetro já desenvolvido para comparar o uso da Convenção na reeleição; o voto concorrente, pp. 88–92, discute participação popular, democracia e Direito Internacional."
gelman-supervision-2013,considerando-003,aula-06.html,background,Pré-requisito aula-05.html: a tensão entre soberania popular e proteção internacional de direitos é o parâmetro já desenvolvido para comparar o uso da Convenção na reeleição; o considerando 3 afirma o dever de cumprimento integral das sentenças interamericanas.
gelman-supervision-2013,considerando-103,aula-06.html,background,Pré-requisito aula-05.html: a tensão entre soberania popular e proteção internacional de direitos é o parâmetro já desenvolvido para comparar o uso da Convenção na reeleição; o considerando 103 identifica a decisão interna que obstou o cumprimento de Gelman.
gelman-supervision-2013,considerando-104,aula-06.html,background,"Pré-requisito aula-05.html: a tensão entre soberania popular e proteção internacional de direitos é o parâmetro já desenvolvido para comparar o uso da Convenção na reeleição; o considerando 104 trata da força vinculante da sentença e das medidas internas de investigação, julgamento e sanção."
gelman-supervision-2013,dispositivo,aula-06.html,background,"Pré-requisito aula-05.html: a tensão entre soberania popular e proteção internacional de direitos é o parâmetro já desenvolvido para comparar o uso da Convenção na reeleição; pontos declarativos 2–3, pp. 31–34, qualificam o obstáculo ao cumprimento e exigem cumprimento estatal."
scj-uruguay-20-2013,mayoria-iii,aula-06.html,background,"Pré-requisito aula-05.html: a tensão entre soberania popular e proteção internacional de direitos é o parâmetro já desenvolvido para comparar o uso da Convenção na reeleição; seção III, pp. 6–14, expõe a posição da SCJ sobre eficácia da sentença e jurisprudência interamericanas."
scj-uruguay-20-2013,mayoria-vi,aula-06.html,background,"Pré-requisito aula-05.html: a tensão entre soberania popular e proteção internacional de direitos é o parâmetro já desenvolvido para comparar o uso da Convenção na reeleição; seção VI, pp. 18–22, fundamenta a resposta nacional em legalidade e irretroatividade penal."
scj-uruguay-20-2013,fallo-mayoria,aula-06.html,background,"Pré-requisito aula-05.html: a tensão entre soberania popular e proteção internacional de direitos é o parâmetro já desenvolvido para comparar o uso da Convenção na reeleição; a parte dispositiva, pp. 22–23, fixa o resultado da resposta judicial uruguaia."
scj-uruguay-20-2013,discordia-perez-manrique-v,aula-06.html,background,"Pré-requisito aula-05.html: a tensão entre soberania popular e proteção internacional de direitos é o parâmetro já desenvolvido para comparar o uso da Convenção na reeleição; seção V da discordância de Pérez Manrique, pp. 25–33, expõe a divergência substantiva sobre soberania e direitos humanos."
,,aula-07.html,no_book_covers,"A bibliografia básica do mapa é o artigo comparativo de Engelmann e Bandeira sobre autonomia judicial; não há livro-base cujo capítulo cubra diretamente o eixo, que exige aplicar o ECI a T-153/1998 e à ADPF 347."
engelmann-bandeira-2017,estudos-caso,aula-07.html,background,"Fechamento do pré-requisito aula-02: capítulo primário de Aula 02 (arquivo 03-estudos-caso.txt; ID exato do índice: estudos-caso), que compara trajetórias e autonomia das Cortes e oferece o contexto institucional necessário para discutir o papel da Corte no ECI."
engelmann-bandeira-2017,estudo-legitimidade,aula-07.html,supporting,"Engelmann e Bandeira, pp. 904–905, distinguem judicialização da política e fatores histórico-políticos de autonomia e legitimidade das Cortes; contextualiza o eixo sobre o papel judicial, sem substituir os critérios do ECI."
engelmann-bandeira-2017,consideracoes-finais,aula-07.html,supporting,"Engelmann e Bandeira, pp. 924–936, sintetizam diferenças de autonomia e recrutamento entre Cortes da região; oferece contexto comparado para avaliar a atuação e os limites institucionais da Corte."
los-muros-de-la-infamia,respuesta-judicial-reforma-estructural,aula-07.html,supporting,"Ariza e Iturralde, cap. 2, pp. 39–51, contrastam a resposta judicial individual com remédios dirigidos às deficiências estruturais do sistema penitenciário; dá linguagem comparativa para avaliar a escolha de ordens estruturais."
los-muros-de-la-infamia,lucha-contra-subdesarrollo,aula-07.html,supporting,"Ariza e Iturralde, cap. 2, pp. 52–71, examinam a adjudicação constitucional colombiana em matéria prisional após T-153/1998 e permitem confrontar a declaração estrutural com seus efeitos e limites."
adpf347-eci-article,2. Litígios estruturais e a concretização de direitos fundamentais,aula-07.html,supporting,"Kozicki e Van der Broocke, seção 2, pp. 150–157, situam a expansão judicial e os litígios estruturais como instrumentos de concretização de direitos; apoia o enquadramento do eixo sobre falhas sistêmicas."
adpf347-eci-article,3. O Estado de Coisas Inconstitucional na jurisprudência colombiana,aula-07.html,supporting,"Kozicki e Van der Broocke, seção 3, pp. 158–164, analisam a construção colombiana do ECI que informa T-153/1998; compara critérios e uso da intervenção estrutural."
adpf347-eci-article,5. O STF e o diálogo na superação do ECI do sistema,aula-07.html,supporting,"Kozicki e Van der Broocke, seção 5, pp. 171–175, discutem a ADPF 347, o modelo dialógico e audiências de monitoramento; apoia a avaliação do papel e dos limites da intervenção do STF."
slides-aula-07-eci,slides-aula-07-eci,aula-07.html,supporting,"Deck de 14/09, slides 1–40, organiza o tema do ECI e a negação estrutural de direitos para a aula; complementa as razões e ordens das decisões."
t-153-98,antecedentes-t137001,aula-07.html,primary,"Antecedentes, processo T-137001, §§ 1–3.3, registram a tutela individual por condições de encarceramento e as respostas institucionais; expõem o ponto de partida concreto que a Corte relaciona ao problema estrutural."
t-153-98,problema-juridico,aula-07.html,primary,"Fundamentos jurídicos, § 2, formula se as condições das prisões violam direitos fundamentais e se a tutela individual pode remediá-las; abre diretamente a passagem do caso individual ao eixo estrutural."
t-153-98,consideracion-51,aula-07.html,primary,"Fundamentos jurídicos, § 51, apresenta a função da Corte constitucional de proteger minorias com pouco acesso político e de convocar diferentes órgãos a enfrentar o ECI."
t-153-98,consideracion-53,aula-07.html,primary,"Fundamentos jurídicos, § 53, define o ECI por violações gerais e causas estruturais que exigem ação coordenada; aplica os critérios às violações prisionais e justifica ordens a órgãos competentes."
t-153-98,consideracion-55,aula-07.html,primary,"Fundamentos jurídicos, § 55, liga violações sistemáticas e crônicas à comunicação da Corte a autoridades executivas, legislativas e judiciais, delimitando uma resposta institucional plural."
t-153-98,consideracion-57,aula-07.html,primary,"Fundamentos jurídicos, § 57, justifica o dever de financiar condições prisionais dignas e pondera o custo público temporário, oferecendo a razão e o limite material discutidos para a intervenção."
t-153-98,consideracion-64,aula-07.html,primary,"Fundamentos jurídicos, § 64, reconhece a contribuição de guardas e presos e retoma mesas de trabalho e comitês de direitos humanos; mostra participação na resposta estrutural."
t-153-98,consideracion-65,aula-07.html,primary,"Fundamentos jurídicos, § 65, declara o ECI diante de omissões graves de várias autoridades e anuncia ordens para remediá-lo; é a conclusão judicial central do eixo."
t-153-98,decision,aula-07.html,primary,"Parte dispositiva, pontos 1–11, mostra as ordens concretas a múltiplos órgãos, o plano penitenciário, os prazos e a supervisão; completa a análise do alcance da intervenção."
adpf347-merits-2023,relatorio,aula-07.html,primary,"ADPF 347/DF, Relatório, PDF pp. 24–26: registra a sessão plenária de 09/09/2015, a declaração cautelar do ECI e a síntese das medidas deferidas; é o recorte indexado disponível da cautelar de 2015, cujo acórdão autônomo segue marcado como missing na shelf."
t-025-04,considerando-6-3-1,aula-08.html,primary,"No eixo sobre litígio estrutural, este trecho identifica a precariedade da capacidade institucional que exige coordenação entre órgãos para executar a política de atendimento."
t-025-04,considerando-7,aula-08.html,primary,Fixa a declaração do estado de coisas inconstitucional na política de deslocamento; dá o fundamento estrutural contra o qual se avaliam as ordens e o seguimento.
t-025-04,considerando-10,aula-08.html,primary,Reúne as ordens estruturais consideradas pela Corte e permite avaliar a extensão da intervenção e a distribuição de tarefas entre instituições.
t-025-04,dispositivo,aula-08.html,primary,Traz os comandos operativos da T-025/2004; as ordens do dispositivo permitem comparar a declaração estrutural com os deveres concretos impostos às autoridades.
auto-176-05,considerando-008,aula-08.html,primary,"No seguimento de T-025, avalia o cumprimento do esforço orçamentário e as posições das entidades envolvidas, mostrando como a Corte examina responsabilidades e execução."
auto-176-05,dispositivo,aula-08.html,primary,Contém ordens e prazos para informações e programação orçamentária no cumprimento de T-025; fonte primária para a etapa de acompanhamento.
auto-008-09,considerando-018,aula-08.html,primary,"Explicita critérios de superação do ECI, incluindo correção de causas estruturais, contribuição territorial e participação efetiva das pessoas deslocadas e da sociedade civil."
auto-008-09,considerando-019,aula-08.html,primary,"Define a necessidade de a entidade coordenadora avaliar cada componente crítico e o desempenho das entidades responsáveis, diretamente ligado à coordenação institucional."
auto-008-09,considerando-021,aula-08.html,primary,"Registra indicadores obrigatórios para medir avanço, estagnação ou retrocesso na superação do ECI; base para avaliar o monitoramento judicial."
auto-008-09,dispositivo,aula-08.html,primary,"Ordens 2, 5, 8–12 e 17, 19–20 concretizam coordenação, reformulação de políticas com participação, revisão de indicadores e verificação pública do seguimento."
t-153-98,antecedentes-t137001,aula-08.html,background,Pré-requisito Aula 07: os antecedentes dos §§ 1–3.3 mostram a tutela individual por condições prisionais e permitem contrastá-la com a resposta estrutural em T-025.
t-153-98,problema-juridico,aula-08.html,background,Pré-requisito Aula 07: o § 2 formula se a tutela individual pode remediar as condições prisionais; dá o ponto de partida para avaliar a passagem a ordens estruturais em T-025.
t-153-98,consideracion-51,aula-08.html,background,"Pré-requisito Aula 07: o § 51 trata da proteção de grupo com pouco acesso político e da convocação de vários órgãos, contexto para avaliar a ampliação da atuação judicial em Aula 08."
t-153-98,consideracion-53,aula-08.html,background,Pré-requisito Aula 07: o § 53 enuncia os critérios do ECI e a necessidade de ação coordenada; fornece o quadro conceitual que T-025 mobiliza.
t-153-98,consideracion-55,aula-08.html,background,Pré-requisito Aula 07: o § 55 liga violações crônicas a comunicação e ordens dirigidas a autoridades de diferentes poderes; permite comparar a pluralidade institucional das respostas.
t-153-98,consideracion-57,aula-08.html,background,Pré-requisito Aula 07: o § 57 relaciona a intervenção ao financiamento de condições dignas e ao custo público; oferece um limite material para avaliar ordens e coordenação.
t-153-98,consideracion-64,aula-08.html,background,Pré-requisito Aula 07: o § 64 registra participação de guardas e presos e mecanismos de trabalho conjunto; prepara a avaliação da participação no seguimento de T-025.
t-153-98,consideracion-65,aula-08.html,background,"Pré-requisito Aula 07: o § 65 conclui pela declaração do ECI diante de omissões de diversas autoridades e anuncia ordens, o antecedente colombiano para T-025."
t-153-98,decision,aula-08.html,background,"Pré-requisito Aula 07: os pontos 1–11 da parte dispositiva reúnem ordens a múltiplos órgãos, plano, prazos e supervisão; permitem comparar o precedente T-153 com as ordens e o seguimento de T-025."
adpf347-merits-2023,relatorio,aula-08.html,background,Pré-requisito Aula 07: este recorte primário registra a cautelar de 2015 na ADPF 347; carrega sua fase inicial para distingui-la dos itens de mérito e diálogo institucional da ementa usados em Aula 08.
adpf347-eci-article,2. Litígios estruturais e a concretização de direitos fundamentais,aula-08.html,supporting,"Recorta a seção conceitual sobre litígios estruturais e concretização de direitos fundamentais; oferece o quadro analítico para comparar intervenção judicial, coordenação e diálogo no eixo, sem substituir T-025 nem os autos."
adpf347-merits-2023,ementa-acordao,aula-08.html,supporting,"Recorte nos itens 3–5 e 9–12 da ementa/acórdão de mérito: processo estrutural bifásico e dialógico, participação, planos, homologação e monitoramento; não atribui à cautelar de 2015 os comandos posteriores."
,,aula-08.html,no_book_covers,O mapa do curso não identifica livro-base/básica essencial que cubra este eixo; Aula 08 se apoia nas decisões oficiais T-025/2004 e seus autos de seguimento.
re566471-official-docket,tema-6-docket-record,aula-09.html,primary,"A unidade oficial registra o leading case RE 566.471, o andamento e o início da tese do Tema 6 explicitamente nomeado no mapa; sustenta apenas o teor e o status registrados, pois não é o inteiro teor do acórdão."
sta175-official-search-record,official-search-result,aula-09.html,primary,"A unidade oficial de pesquisa identifica STA 175 AgR, caso nomeado no programa; seu alcance é apenas a identificação do registro (não há inteiro teor nem fundamento ou holding indexado), portanto não sustenta alegações de mérito."
adpf347-merits-2023,relatorio,aula-09.html,background,"Fechamento de pré-requisito aula-07.html: A passagem de demandas individuais a violações estruturais fornece o problema de acesso desigual às políticas de saúde, segundo a razão de pré-requisito do mapa. Unidade primária da aula anterior: ADPF 347/DF, Relatório, PDF pp. 24–26: registra a sessão plenária de 09/09/2015, a declaração cautelar do ECI e a síntese das medidas deferidas; é o recorte indexado disponível da cautelar de 2015, cujo acórdão autônomo segue marcado como missing na shelf."
auto-008-09,considerando-018,aula-09.html,background,"Fechamento de pré-requisito aula-08.html: Os critérios de participação, monitoramento e coordenação institucional permitem avaliar o diálogo nas decisões sobre o SUS, segundo a razão de pré-requisito do mapa. Unidade primária da aula anterior: Explicita critérios de superação do ECI, incluindo correção de causas estruturais, contribuição territorial e participação efetiva das pessoas deslocadas e da sociedade civil."
auto-008-09,considerando-019,aula-09.html,background,"Fechamento de pré-requisito aula-08.html: Os critérios de participação, monitoramento e coordenação institucional permitem avaliar o diálogo nas decisões sobre o SUS, segundo a razão de pré-requisito do mapa. Unidade primária da aula anterior: Define a necessidade de a entidade coordenadora avaliar cada componente crítico e o desempenho das entidades responsáveis, diretamente ligado à coordenação institucional."
auto-008-09,considerando-021,aula-09.html,background,"Fechamento de pré-requisito aula-08.html: Os critérios de participação, monitoramento e coordenação institucional permitem avaliar o diálogo nas decisões sobre o SUS, segundo a razão de pré-requisito do mapa. Unidade primária da aula anterior: Registra indicadores obrigatórios para medir avanço, estagnação ou retrocesso na superação do ECI; base para avaliar o monitoramento judicial."
auto-008-09,dispositivo,aula-09.html,background,"Fechamento de pré-requisito aula-08.html: Os critérios de participação, monitoramento e coordenação institucional permitem avaliar o diálogo nas decisões sobre o SUS, segundo a razão de pré-requisito do mapa. Unidade primária da aula anterior: Ordens 2, 5, 8–12 e 17, 19–20 concretizam coordenação, reformulação de políticas com participação, revisão de indicadores e verificação pública do seguimento."
auto-176-05,considerando-008,aula-09.html,background,"Fechamento de pré-requisito aula-08.html: Os critérios de participação, monitoramento e coordenação institucional permitem avaliar o diálogo nas decisões sobre o SUS, segundo a razão de pré-requisito do mapa. Unidade primária da aula anterior: No seguimento de T-025, avalia o cumprimento do esforço orçamentário e as posições das entidades envolvidas, mostrando como a Corte examina responsabilidades e execução."
auto-176-05,dispositivo,aula-09.html,background,"Fechamento de pré-requisito aula-08.html: Os critérios de participação, monitoramento e coordenação institucional permitem avaliar o diálogo nas decisões sobre o SUS, segundo a razão de pré-requisito do mapa. Unidade primária da aula anterior: Contém ordens e prazos para informações e programação orçamentária no cumprimento de T-025; fonte primária para a etapa de acompanhamento."
t-025-04,considerando-10,aula-09.html,background,"Fechamento de pré-requisito aula-08.html: Os critérios de participação, monitoramento e coordenação institucional permitem avaliar o diálogo nas decisões sobre o SUS, segundo a razão de pré-requisito do mapa. Unidade primária da aula anterior: Reúne as ordens estruturais consideradas pela Corte e permite avaliar a extensão da intervenção e a distribuição de tarefas entre instituições."
t-025-04,considerando-6-3-1,aula-09.html,background,"Fechamento de pré-requisito aula-08.html: Os critérios de participação, monitoramento e coordenação institucional permitem avaliar o diálogo nas decisões sobre o SUS, segundo a razão de pré-requisito do mapa. Unidade primária da aula anterior: No eixo sobre litígio estrutural, este trecho identifica a precariedade da capacidade institucional que exige coordenação entre órgãos para executar a política de atendimento."
t-025-04,considerando-7,aula-09.html,background,"Fechamento de pré-requisito aula-08.html: Os critérios de participação, monitoramento e coordenação institucional permitem avaliar o diálogo nas decisões sobre o SUS, segundo a razão de pré-requisito do mapa. Unidade primária da aula anterior: Fixa a declaração do estado de coisas inconstitucional na política de deslocamento; dá o fundamento estrutural contra o qual se avaliam as ordens e o seguimento."
t-025-04,dispositivo,aula-09.html,background,"Fechamento de pré-requisito aula-08.html: Os critérios de participação, monitoramento e coordenação institucional permitem avaliar o diálogo nas decisões sobre o SUS, segundo a razão de pré-requisito do mapa. Unidade primária da aula anterior: Traz os comandos operativos da T-025/2004; §§/ordens do dispositivo permitem comparar a declaração estrutural com os deveres concretos impostos às autoridades."
t-153-98,antecedentes-t137001,aula-09.html,background,"Fechamento de pré-requisito aula-07.html: A passagem de demandas individuais a violações estruturais fornece o problema de acesso desigual às políticas de saúde, segundo a razão de pré-requisito do mapa. Unidade primária da aula anterior: Antecedentes do processo T-137001 registram a tutela individual por condições de encarceramento e as respostas institucionais; expõem o ponto de partida concreto que a Corte relaciona ao problema estrutural."
t-153-98,consideracion-51,aula-09.html,background,"Fechamento de pré-requisito aula-07.html: A passagem de demandas individuais a violações estruturais fornece o problema de acesso desigual às políticas de saúde, segundo a razão de pré-requisito do mapa. Unidade primária da aula anterior: Fundamentos jurídicos, § 51, apresenta a função da Corte constitucional de proteger minorias com pouco acesso político e de convocar diferentes órgãos a enfrentar o ECI."
t-153-98,consideracion-53,aula-09.html,background,"Fechamento de pré-requisito aula-07.html: A passagem de demandas individuais a violações estruturais fornece o problema de acesso desigual às políticas de saúde, segundo a razão de pré-requisito do mapa. Unidade primária da aula anterior: Fundamentos jurídicos, § 53, define o ECI por violações gerais e causas estruturais que exigem ação coordenada; aplica os critérios às violações prisionais e justifica ordens a órgãos competentes."
t-153-98,consideracion-55,aula-09.html,background,"Fechamento de pré-requisito aula-07.html: A passagem de demandas individuais a violações estruturais fornece o problema de acesso desigual às políticas de saúde, segundo a razão de pré-requisito do mapa. Unidade primária da aula anterior: Fundamentos jurídicos, § 55, liga violações sistemáticas e crônicas à comunicação da Corte a autoridades executivas, legislativas e judiciais, delimitando uma resposta institucional plural."
t-153-98,consideracion-57,aula-09.html,background,"Fechamento de pré-requisito aula-07.html: A passagem de demandas individuais a violações estruturais fornece o problema de acesso desigual às políticas de saúde, segundo a razão de pré-requisito do mapa. Unidade primária da aula anterior: Fundamentos jurídicos, § 57, justifica o dever de financiar condições prisionais dignas e pondera o custo público temporário, oferecendo a razão e o limite material discutidos para a intervenção."
t-153-98,consideracion-64,aula-09.html,background,"Fechamento de pré-requisito aula-07.html: A passagem de demandas individuais a violações estruturais fornece o problema de acesso desigual às políticas de saúde, segundo a razão de pré-requisito do mapa. Unidade primária da aula anterior: Fundamentos jurídicos, § 64, reconhece a contribuição de guardas e presos e retoma mesas de trabalho e comitês de direitos humanos; mostra participação na resposta estrutural."
t-153-98,consideracion-65,aula-09.html,background,"Fechamento de pré-requisito aula-07.html: A passagem de demandas individuais a violações estruturais fornece o problema de acesso desigual às políticas de saúde, segundo a razão de pré-requisito do mapa. Unidade primária da aula anterior: Fundamentos jurídicos, § 65, declara o ECI diante de omissões graves de várias autoridades e anuncia ordens para remediá-lo; é a conclusão judicial central do eixo."
t-153-98,decision,aula-09.html,background,"Fechamento de pré-requisito aula-07.html: A passagem de demandas individuais a violações estruturais fornece o problema de acesso desigual às políticas de saúde, segundo a razão de pré-requisito do mapa. Unidade primária da aula anterior: Parte dispositiva, pontos 1–11, mostra as ordens concretas a múltiplos órgãos, o plano penitenciário, os prazos e a supervisão; completa a análise do alcance da intervenção."
t-153-98,problema-juridico,aula-09.html,background,"Fechamento de pré-requisito aula-07.html: A passagem de demandas individuais a violações estruturais fornece o problema de acesso desigual às políticas de saúde, segundo a razão de pré-requisito do mapa. Unidade primária da aula anterior: Fundamentos jurídicos, § 2, formula se as condições das prisões violam direitos fundamentais e se a tutela individual pode remediá-las; abre diretamente a passagem do caso individual ao eixo estrutural."
,,aula-09.html,no_book_covers,"O mapa registra que o curso não tem livros-base nem bibliografia complementar; sua única bibliografia-base é um artigo, sem capítulo de livro essencial indicado para o eixo de saúde."
,,revisao-atividade.html,no_book_covers,A página organiza os eixos já ensinados; o mapa não identifica livro-base essencial próprio para essa comparação transversal. Os capítulos primários das aulas pré-requisito entram apenas como background.
dossier-atividade-05-10,19-17-decisao-c-579-2013,revisao-atividade.html,supporting,"Dossiê, pp. 273–283, §§ 3, 8.4.7–8.4.9 e 9.3–9.9, com votos: recorte específico da seleção penal em C-579/2013, terceiro polo do exercício comparativo; não puxa as demais decisões colombianas."
c-579-13,decision,revisao-atividade.html,supporting,"Dispositivo oficial, pp. 357–358: fixa a exequibilidade condicionada do art. 1º, inciso 4º, do Acto Legislativo 01/2012; dá o resultado que a resposta transversal compara com a anistia e a maioria popular."
c-579-13,dissent-sierra,revisao-atividade.html,supporting,"Salvamento parcial de Mauricio González Cuervo, pp. 371–375: defende o caráter irrenunciável do dever de investigar, julgar e sancionar crimes graves; fornece a divergência sobre seleção penal e impunidade no exercício transversal."
gargarella-gelman,"II. LA CORTE INTERAMERICANA, LAS AMNISTÍAS Y LA DEMOCRACIA",revisao-atividade.html,supporting,"Seção II, pp. 3–11, comenta Gelman §§ 226 e 238–239 e confronta consultas populares com obrigações internacionais; oferece o contraponto teórico específico ao polo Gelman do exercício."
gargarella-gelman,III. SOBRE EL DERECHO DEMOCRÁTICO A REFLEXIONAR SOBRE EL CASTIGO,revisao-atividade.html,supporting,"Seção III, pp. 12–15, discute Gelman §§ 230–232, o dever de sancionar e alternativas ao castigo penal; ajuda a comparar a anistia uruguaia com os critérios de seleção em C-579/2013."
adpf153,ayres-britto,revisao-atividade.html,background,"Primária de aula-03.html levada como background: Use the separate vote’s discussion of the scope of Lei 6.683/79 and its conclusion (PDF pp. 140–146): Ayres Britto would exclude crimes in CF art. 5º, XLIII from the amnesty, a distinct dissent the mapped comparison must identify."
adpf153,decision-line,revisao-atividade.html,background,"Primária de aula-03.html levada como background: The official plenary record (PDF pp. 265–266) states the ADPF’s final result and names the two dissenting positions, fixing the holding and vote division required by the mapped outcome."
adpf153,ementa-acordao,revisao-atividade.html,background,"Primária de aula-03.html levada como background: Official STF ementa/acórdão (PDF pp. 1–4) identifies the ADPF and summarizes the majority’s treatment of Lei 6.683/79, the breadth and historical setting of the amnesty, and the invoked international torture norms; it supplies the mapped case’s holding and stated grounds."
adpf153,eros-grau,revisao-atividade.html,background,"Primária de aula-03.html levada como background: Use the relator’s vote at §§ 25–29 for the meaning of connected crimes and bilateral amnesty, §§ 42–43 for the timing and domestic reach of international instruments, and §§ 46–47 for institutional authority to revise the amnesty; these are the majority grounds directly tested by the eixo."
adpf153,lewandowski,revisao-atividade.html,background,"Primária de aula-03.html levada como background: Use vote sections 3–8 (PDF pp. 106–130), especially §§ 7–8, where the dissent addresses access to jurisdiction, the ICCPR/Corte IDH duty to investigate, prosecute and punish, and its narrower reading of the amnesty; this gives the mapped legal divergence and disposition."
adpf347-merits-2023,relatorio,revisao-atividade.html,background,"Primária de aula-07.html levada como background: ADPF 347/DF, Relatório, PDF pp. 24–26: registra a sessão plenária de 09/09/2015, a declaração cautelar do ECI e a síntese das medidas deferidas; é o recorte indexado disponível da cautelar de 2015, cujo acórdão autônomo segue marcado como missing na shelf."
auto-008-09,considerando-018,revisao-atividade.html,background,"Primária de aula-08.html levada como background: Explicita critérios de superação do ECI, incluindo correção de causas estruturais, contribuição territorial e participação efetiva das pessoas deslocadas e da sociedade civil."
auto-008-09,considerando-019,revisao-atividade.html,background,"Primária de aula-08.html levada como background: Define a necessidade de a entidade coordenadora avaliar cada componente crítico e o desempenho das entidades responsáveis, diretamente ligado à coordenação institucional."
auto-008-09,considerando-021,revisao-atividade.html,background,"Primária de aula-08.html levada como background: Registra indicadores obrigatórios para medir avanço, estagnação ou retrocesso na superação do ECI; base para avaliar o monitoramento judicial."
auto-008-09,dispositivo,revisao-atividade.html,background,"Primária de aula-08.html levada como background: Ordens 2, 5, 8–12 e 17, 19–20 concretizam coordenação, reformulação de políticas com participação, revisão de indicadores e verificação pública do seguimento."
auto-176-05,considerando-008,revisao-atividade.html,background,"Primária de aula-08.html levada como background: No seguimento de T-025, avalia o cumprimento do esforço orçamentário e as posições das entidades envolvidas, mostrando como a Corte examina responsabilidades e execução."
auto-176-05,dispositivo,revisao-atividade.html,background,Primária de aula-08.html levada como background: Contém ordens e prazos para informações e programação orçamentária no cumprimento de T-025; fonte primária para a etapa de acompanhamento.
engelmann-bandeira-2017,estudos-caso,revisao-atividade.html,background,"Primária de aula-02.html levada como background: Nas pp. 906–923, examina trajetórias histórico-políticas e percursos de 286 ministros das Cortes Superiores de Argentina, Brasil, Chile, Colômbia e Venezuela (1990–2015), núcleo comparativo da função mapeada."
gelman-supervision-2013,considerando-003,revisao-atividade.html,background,"Primária de aula-05.html levada como background: O considerando 3 afirma o dever de cumprimento integral das sentenças da Corte e sua implementação interna, premissa para distinguir votação doméstica e obrigação internacional."
gelman-supervision-2013,considerando-103,revisao-atividade.html,background,"Primária de aula-05.html levada como background: O considerando 103 qualifica a decisão da Suprema Corte uruguaia de 22/02/2013 como obstáculo ao cumprimento de Gelman, ligando decisão nacional e obrigação interamericana."
gelman-supervision-2013,considerando-104,revisao-atividade.html,background,"Primária de aula-05.html levada como background: O considerando 104 declara vinculante a sentença internacional em sua integralidade para todos os órgãos uruguaios e exige medidas de investigação, julgamento e sanção."
gelman-supervision-2013,dispositivo,revisao-atividade.html,background,Primária de aula-05.html levada como background: Usar especificamente o dispositivo
gelman-v-uruguay-2011,fondo-vi-3,revisao-atividade.html,background,"Primária de aula-05.html levada como background: Usar especificamente §§ 238–239: a Corte enfrenta o referendo de 1989 e o plebiscito de 2009 e formula o limite de direitos humanos à regra de maiorias, núcleo literal do eixo."
gelman-v-uruguay-2011,puntos-resolutivos,revisao-atividade.html,background,Primária de aula-05.html levada como background: Usar especificamente pontos resolutivos 6 e 11: ligam a interpretação da Lei de Caducidad às violações internacionais e à ordem para que ela não volte a obstruir investigação e sanção.
gelman-v-uruguay-2011,voto-concurrente-vio-grossi,revisao-atividade.html,background,"Primária de aula-05.html levada como background: O voto separado examina a atribuição ao Estado de atos de participação popular e se a democracia, por si, assegura respeito ao Direito Internacional; fornece a divergência interpretativa do caso."
oc28-21,v-principios-democracia-representativa,revisao-atividade.html,background,"Primária de aula-06.html levada como background: § V, ¶¶ 71–86 (em especial 71, 75, 78–86): a maioria explica que soberania eleitoral não remove limites jurídicos, relaciona alternância e não perpetuação no poder e preserva escolha estatal do sistema político sob compatibilidade convencional."
oc28-21,vi-a-reeleccion-como-derecho-autonomo,revisao-atividade.html,background,"Primária de aula-06.html levada como background: § VI.A, ¶¶ 92–102 (conclusão no ¶ 102): a Corte IDH conclui que a reeleição presidencial indefinida não é direito autônomo protegido; é o ponto de contraste direto com a fundamentação do TCP em direitos políticos."
oc28-21,vi-b-compatibilidad-prohibicion-derechos-politicos,revisao-atividade.html,background,"Primária de aula-06.html levada como background: § VI.B, ¶¶ 103–126 (conclusão no ¶ 126): a Corte aplica o art. 23 da Convenção e o exame de restrições para concluir que a proibição da reeleição indefinida é compatível com os direitos políticos."
oc28-21,vii-compatibilidad-obligaciones-ddhh,revisao-atividade.html,background,"Primária de aula-06.html levada como background: § VII, ¶¶ 127–148 (conclusões nos ¶¶ 146–148): a Corte conecta perpetuação no poder, salvaguardas democráticas e obrigações convencionais, concluindo que habilitar a reeleição presidencial indefinida contraria os princípios da democracia representativa e as obrigações interamericanas."
oc28-21,viii-opinion,revisao-atividade.html,background,"Primária de aula-06.html levada como background: § VIII, ¶ 149 e itens de opinião 1–4: fixa competência consultiva, ausência de direito autônomo à reeleição indefinida, compatibilidade de sua proibição e contrariedade de sua habilitação aos princípios democráticos e às obrigações interamericanas; registra os dois votos dissidentes."
re566471-official-docket,tema-6-docket-record,revisao-atividade.html,background,"Primária de aula-09.html levada como background: A unidade oficial registra o leading case RE 566.471, o andamento e o início da tese do Tema 6 explicitamente nomeado no mapa; sustenta apenas o teor e o status registrados, pois não é o inteiro teor do acórdão."
scj-uruguay-20-2013,discordia-perez-manrique-v,revisao-atividade.html,background,"Primária de aula-05.html levada como background: A seção V da discordância de Pérez Manrique traz sua posição substantiva sobre os arts. 2–3 e os limites da soberania estatal por direitos humanos, preservando a divergência exigida pelo resultado de aprendizagem."
scj-uruguay-20-2013,fallo-mayoria,revisao-atividade.html,background,"Primária de aula-05.html levada como background: A parte dispositiva fixa o resultado da SCJ 20/2013 sobre os arts. 1–3 da Lei 18.831, necessário para reconstruir com precisão a resposta judicial uruguaia."
scj-uruguay-20-2013,mayoria-iii,revisao-atividade.html,background,"Primária de aula-05.html levada como background: A seção III da maioria expõe a posição da SCJ sobre a eficácia da sentença e da jurisprudência interamericanas perante o controle constitucional nacional, contraste central do resultado de aprendizagem."
scj-uruguay-20-2013,mayoria-vi,revisao-atividade.html,background,"Primária de aula-05.html levada como background: A seção VI fundamenta a declaração de inconstitucionalidade dos arts. 2 e 3 da Lei 18.831 em legalidade e irretroatividade penal, mostrando o fundamento constitucional da decisão interna."
scp-0084-2017,iii-7-1-normas-constitucionales,revisao-atividade.html,background,"Primária de aula-06.html levada como background: § III.7.1, pp. 61–64: os parágrafos que classificam os arts. 26 e 28 da CPE como normas-princípio e os arts. 156, 168, 285.II e 288 como normas-regra resolvem a antinomia em favor da participação política e da soberania popular; razão constitucional central do TCP."
scp-0084-2017,iii-7-2-aplicacion-tratados,revisao-atividade.html,background,"Primária de aula-06.html levada como background: § III.7.2, pp. 64–74: a aplicação preferente do art. 23 da CADH e o controle de convencionalidade explicam o fundamento internacional usado pelo TCP para afastar os limites de reeleição; permite comparar a decisão nacional com a interpretação consultiva posterior."
scp-0084-2017,iii-7-3-igualdad-prohibicion,revisao-atividade.html,background,"Primária de aula-06.html levada como background: § III.7.3, pp. 74–79, especialmente pp. 75–78: a Corte aplica igualdade, art. 23 da CADH e proporcionalidade às restrições de candidatura, expondo por que considerou discriminatória e injustificada a limitação de reeleições."
scp-0084-2017,por-tanto,revisao-atividade.html,background,"Primária de aula-06.html levada como background: Parte dispositiva, pontos 1–2, p. 79: identifica exatamente a aplicação preferente do art. 23 sobre as frases constitucionais de limite e a inconstitucionalidade dos dispositivos da Lei do Regime Eleitoral; delimita o que o TCP decidiu, sem atribuir-lhe anulação do referendo."
sta175-official-search-record,official-search-result,revisao-atividade.html,background,"Primária de aula-09.html levada como background: A unidade oficial de pesquisa identifica STA 175 AgR, caso nomeado no programa; seu alcance é apenas a identificação do registro (não há inteiro teor nem fundamento ou holding indexado), portanto não sustenta alegações de mérito."
t-025-04,considerando-10,revisao-atividade.html,background,Primária de aula-08.html levada como background: Reúne as ordens estruturais consideradas pela Corte e permite avaliar a extensão da intervenção e a distribuição de tarefas entre instituições.
t-025-04,considerando-6-3-1,revisao-atividade.html,background,"Primária de aula-08.html levada como background: No eixo sobre litígio estrutural, este trecho identifica a precariedade da capacidade institucional que exige coordenação entre órgãos para executar a política de atendimento."
t-025-04,considerando-7,revisao-atividade.html,background,Primária de aula-08.html levada como background: Fixa a declaração do estado de coisas inconstitucional na política de deslocamento; dá o fundamento estrutural contra o qual se avaliam as ordens e o seguimento.
t-025-04,dispositivo,revisao-atividade.html,background,Primária de aula-08.html levada como background: Traz os comandos operativos da T-025/2004; as ordens do dispositivo permitem comparar a declaração estrutural com os deveres concretos impostos às autoridades.
t-153-98,antecedentes-t137001,revisao-atividade.html,background,"Primária de aula-07.html levada como background: Antecedentes, processo T-137001, §§ 1–3.3, registram a tutela individual por condições de encarceramento e as respostas institucionais; expõem o ponto de partida concreto que a Corte relaciona ao problema estrutural."
t-153-98,consideracion-51,revisao-atividade.html,background,"Primária de aula-07.html levada como background: Fundamentos jurídicos, § 51, apresenta a função da Corte constitucional de proteger minorias com pouco acesso político e de convocar diferentes órgãos a enfrentar o ECI."
t-153-98,consideracion-53,revisao-atividade.html,background,"Primária de aula-07.html levada como background: Fundamentos jurídicos, § 53, define o ECI por violações gerais e causas estruturais que exigem ação coordenada; aplica os critérios às violações prisionais e justifica ordens a órgãos competentes."
t-153-98,consideracion-55,revisao-atividade.html,background,"Primária de aula-07.html levada como background: Fundamentos jurídicos, § 55, liga violações sistemáticas e crônicas à comunicação da Corte a autoridades executivas, legislativas e judiciais, delimitando uma resposta institucional plural."
t-153-98,consideracion-57,revisao-atividade.html,background,"Primária de aula-07.html levada como background: Fundamentos jurídicos, § 57, justifica o dever de financiar condições prisionais dignas e pondera o custo público temporário, oferecendo a razão e o limite material discutidos para a intervenção."
t-153-98,consideracion-64,revisao-atividade.html,background,"Primária de aula-07.html levada como background: Fundamentos jurídicos, § 64, reconhece a contribuição de guardas e presos e retoma mesas de trabalho e comitês de direitos humanos; mostra participação na resposta estrutural."
t-153-98,consideracion-65,revisao-atividade.html,background,"Primária de aula-07.html levada como background: Fundamentos jurídicos, § 65, declara o ECI diante de omissões graves de várias autoridades e anuncia ordens para remediá-lo; é a conclusão judicial central do eixo."
t-153-98,decision,revisao-atividade.html,background,"Primária de aula-07.html levada como background: Parte dispositiva, pontos 1–11, mostra as ordens concretas a múltiplos órgãos, o plano penitenciário, os prazos e a supervisão; completa a análise do alcance da intervenção."
t-153-98,problema-juridico,revisao-atividade.html,background,"Primária de aula-07.html levada como background: Fundamentos jurídicos, § 2, formula se as condições das prisões violam direitos fundamentais e se a tutela individual pode remediá-las; abre diretamente a passagem do caso individual ao eixo estrutural."
act-legislativo-01-2012,Art. 2,,unused,No lesson-specific triage selected this indexed unit for its mapped syllabus or learning outcome.
act-legislativo-01-2012,Art. 3,,unused,No lesson-specific triage selected this indexed unit for its mapped syllabus or learning outcome.
act-legislativo-01-2012,Art. 4,,unused,No lesson-specific triage selected this indexed unit for its mapped syllabus or learning outcome.
act-legislativo-01-2017,Art. 1°,,unused,No lesson-specific triage selected this indexed unit for its mapped syllabus or learning outcome.
act-legislativo-01-2017,Art. 2,,unused,No lesson-specific triage selected this indexed unit for its mapped syllabus or learning outcome.
act-legislativo-01-2017,Art. 3,,unused,No lesson-specific triage selected this indexed unit for its mapped syllabus or learning outcome.
act-legislativo-01-2017,Art. 4,,unused,No lesson-specific triage selected this indexed unit for its mapped syllabus or learning outcome.
act-legislativo-01-2017,Art. 5,,unused,No lesson-specific triage selected this indexed unit for its mapped syllabus or learning outcome.
act-legislativo-01-2017,Art. TRANSITORIO 10,,unused,No lesson-specific triage selected this indexed unit for its mapped syllabus or learning outcome.
act-legislativo-01-2017,Art. TRANSITORIO 11,,unused,No lesson-specific triage selected this indexed unit for its mapped syllabus or learning outcome.
act-legislativo-01-2017,Art. TRANSITORIO 12,,unused,No lesson-specific triage selected this indexed unit for its mapped syllabus or learning outcome.
act-legislativo-01-2017,Art. TRANSITORIO 13,,unused,No lesson-specific triage selected this indexed unit for its mapped syllabus or learning outcome.
act-legislativo-01-2017,Art. TRANSITORIO 14,,unused,No lesson-specific triage selected this indexed unit for its mapped syllabus or learning outcome.
act-legislativo-01-2017,Art. TRANSITORIO 15,,unused,No lesson-specific triage selected this indexed unit for its mapped syllabus or learning outcome.
act-legislativo-01-2017,Art. TRANSITORIO 16,,unused,No lesson-specific triage selected this indexed unit for its mapped syllabus or learning outcome.
act-legislativo-01-2017,Art. TRANSITORIO 17,,unused,No lesson-specific triage selected this indexed unit for its mapped syllabus or learning outcome.
act-legislativo-01-2017,Art. TRANSITORIO 18,,unused,No lesson-specific triage selected this indexed unit for its mapped syllabus or learning outcome.
act-legislativo-01-2017,Art. TRANSITORIO 19,,unused,No lesson-specific triage selected this indexed unit for its mapped syllabus or learning outcome.
act-legislativo-01-2017,Art. TRANSITORIO 1°,,unused,No lesson-specific triage selected this indexed unit for its mapped syllabus or learning outcome.
act-legislativo-01-2017,Art. TRANSITORIO 20,,unused,No lesson-specific triage selected this indexed unit for its mapped syllabus or learning outcome.
act-legislativo-01-2017,Art. TRANSITORIO 21,,unused,No lesson-specific triage selected this indexed unit for its mapped syllabus or learning outcome.
act-legislativo-01-2017,Art. TRANSITORIO 22,,unused,No lesson-specific triage selected this indexed unit for its mapped syllabus or learning outcome.
act-legislativo-01-2017,Art. TRANSITORIO 23,,unused,No lesson-specific triage selected this indexed unit for its mapped syllabus or learning outcome.
act-legislativo-01-2017,Art. TRANSITORIO 24,,unused,No lesson-specific triage selected this indexed unit for its mapped syllabus or learning outcome.
act-legislativo-01-2017,Art. TRANSITORIO 25,,unused,No lesson-specific triage selected this indexed unit for its mapped syllabus or learning outcome.
act-legislativo-01-2017,Art. TRANSITORIO 26,,unused,No lesson-specific triage selected this indexed unit for its mapped syllabus or learning outcome.
act-legislativo-01-2017,Art. TRANSITORIO 27,,unused,No lesson-specific triage selected this indexed unit for its mapped syllabus or learning outcome.
act-legislativo-01-2017,Art. TRANSITORIO 2°,,unused,No lesson-specific triage selected this indexed unit for its mapped syllabus or learning outcome.
act-legislativo-01-2017,Art. TRANSITORIO 3°,,unused,No lesson-specific triage selected this indexed unit for its mapped syllabus or learning outcome.
act-legislativo-01-2017,Art. TRANSITORIO 4°,,unused,No lesson-specific triage selected this indexed unit for its mapped syllabus or learning outcome.
act-legislativo-01-2017,Art. TRANSITORIO 5,,unused,No lesson-specific triage selected this indexed unit for its mapped syllabus or learning outcome.
act-legislativo-01-2017,Art. TRANSITORIO 6°,,unused,No lesson-specific triage selected this indexed unit for its mapped syllabus or learning outcome.
act-legislativo-01-2017,Art. TRANSITORIO 8°,,unused,No lesson-specific triage selected this indexed unit for its mapped syllabus or learning outcome.
act-legislativo-01-2017,Art. TRANSITORIO 9,,unused,No lesson-specific triage selected this indexed unit for its mapped syllabus or learning outcome.
adpf153,ayres-britto-complemento,,unused,No lesson-specific triage selected this indexed unit for its mapped syllabus or learning outcome.
adpf347-eci-article,1. Introdução,,unused,No lesson-specific triage selected this indexed unit for its mapped syllabus or learning outcome.
adpf347-eci-article,"4. Novo Constitucionalismo Latino-Americano, Constitucionalismo",,unused,No lesson-specific triage selected this indexed unit for its mapped syllabus or learning outcome.
adpf347-eci-article,6. Conclusão,,unused,No lesson-specific triage selected this indexed unit for its mapped syllabus or learning outcome.
adpf347-merits-2023,antecipacao-voto,,unused,No lesson-specific triage selected this indexed unit for its mapped syllabus or learning outcome.
adpf347-merits-2023,antecipacao-voto-barroso,,unused,No lesson-specific triage selected this indexed unit for its mapped syllabus or learning outcome.
adpf347-merits-2023,antecipacao-voto-nunes-marques,,unused,No lesson-specific triage selected this indexed unit for its mapped syllabus or learning outcome.
adpf347-merits-2023,complemento-voto,,unused,No lesson-specific triage selected this indexed unit for its mapped syllabus or learning outcome.
adpf347-merits-2023,debate,,unused,No lesson-specific triage selected this indexed unit for its mapped syllabus or learning outcome.
adpf347-merits-2023,esclarecimento,,unused,No lesson-specific triage selected this indexed unit for its mapped syllabus or learning outcome.
adpf347-merits-2023,esclarecimento-final,,unused,No lesson-specific triage selected this indexed unit for its mapped syllabus or learning outcome.
adpf347-merits-2023,extrato-ata-0310,,unused,No lesson-specific triage selected this indexed unit for its mapped syllabus or learning outcome.
adpf347-merits-2023,extrato-ata-2021,,unused,No lesson-specific triage selected this indexed unit for its mapped syllabus or learning outcome.
adpf347-merits-2023,extrato-ata-final,,unused,No lesson-specific triage selected this indexed unit for its mapped syllabus or learning outcome.
adpf347-merits-2023,incidencias-voto,,unused,No lesson-specific triage selected this indexed unit for its mapped syllabus or learning outcome.
adpf347-merits-2023,proposta,,unused,No lesson-specific triage selected this indexed unit for its mapped syllabus or learning outcome.
adpf347-merits-2023,voto-alexandre-moraes,,unused,No lesson-specific triage selected this indexed unit for its mapped syllabus or learning outcome.
adpf347-merits-2023,voto-dias-toffoli,,unused,No lesson-specific triage selected this indexed unit for its mapped syllabus or learning outcome.
adpf347-merits-2023,voto-gilmar-mendes,,unused,No lesson-specific triage selected this indexed unit for its mapped syllabus or learning outcome.
adpf347-merits-2023,voto-luiz-fux,,unused,No lesson-specific triage selected this indexed unit for its mapped syllabus or learning outcome.
adpf347-merits-2023,voto-marco-aurelio,,unused,No lesson-specific triage selected this indexed unit for its mapped syllabus or learning outcome.
adpf347-merits-2023,voto-proposta,,unused,No lesson-specific triage selected this indexed unit for its mapped syllabus or learning outcome.
adpf347-merits-2023,voto-vista-barroso,,unused,No lesson-specific triage selected this indexed unit for its mapped syllabus or learning outcome.
adpf347-merits-2023,voto-vogal-1,,unused,No lesson-specific triage selected this indexed unit for its mapped syllabus or learning outcome.
adpf347-merits-2023,voto-vogal-2,,unused,No lesson-specific triage selected this indexed unit for its mapped syllabus or learning outcome.
adpf347-merits-2023,voto-vogal-3,,unused,No lesson-specific triage selected this indexed unit for its mapped syllabus or learning outcome.
adpf347-merits-2023,voto-vogal-4,,unused,No lesson-specific triage selected this indexed unit for its mapped syllabus or learning outcome.
auto-008-09,considerando-001,,unused,No lesson-specific triage selected this indexed unit for its mapped syllabus or learning outcome.
auto-008-09,considerando-002,,unused,No lesson-specific triage selected this indexed unit for its mapped syllabus or learning outcome.
auto-008-09,considerando-003,,unused,No lesson-specific triage selected this indexed unit for its mapped syllabus or learning outcome.
auto-008-09,considerando-004,,unused,No lesson-specific triage selected this indexed unit for its mapped syllabus or learning outcome.
auto-008-09,considerando-005,,unused,No lesson-specific triage selected this indexed unit for its mapped syllabus or learning outcome.
auto-008-09,considerando-006,,unused,No lesson-specific triage selected this indexed unit for its mapped syllabus or learning outcome.
auto-008-09,considerando-007,,unused,No lesson-specific triage selected this indexed unit for its mapped syllabus or learning outcome.
auto-008-09,considerando-008,,unused,No lesson-specific triage selected this indexed unit for its mapped syllabus or learning outcome.
auto-008-09,considerando-009,,unused,No lesson-specific triage selected this indexed unit for its mapped syllabus or learning outcome.
auto-008-09,considerando-010,,unused,No lesson-specific triage selected this indexed unit for its mapped syllabus or learning outcome.
auto-008-09,considerando-011,,unused,No lesson-specific triage selected this indexed unit for its mapped syllabus or learning outcome.
auto-008-09,considerando-012,,unused,No lesson-specific triage selected this indexed unit for its mapped syllabus or learning outcome.
auto-008-09,considerando-013,,unused,No lesson-specific triage selected this indexed unit for its mapped syllabus or learning outcome.
auto-008-09,considerando-014,,unused,No lesson-specific triage selected this indexed unit for its mapped syllabus or learning outcome.
auto-008-09,considerando-015,,unused,No lesson-specific triage selected this indexed unit for its mapped syllabus or learning outcome.
auto-008-09,considerando-016,,unused,No lesson-specific triage selected this indexed unit for its mapped syllabus or learning outcome.
auto-008-09,considerando-017,,unused,No lesson-specific triage selected this indexed unit for its mapped syllabus or learning outcome.
auto-008-09,considerando-020,,unused,No lesson-specific triage selected this indexed unit for its mapped syllabus or learning outcome.
auto-008-09,considerando-022,,unused,No lesson-specific triage selected this indexed unit for its mapped syllabus or learning outcome.
auto-008-09,considerando-023,,unused,No lesson-specific triage selected this indexed unit for its mapped syllabus or learning outcome.
auto-008-09,considerando-024,,unused,No lesson-specific triage selected this indexed unit for its mapped syllabus or learning outcome.
auto-008-09,considerando-025,,unused,No lesson-specific triage selected this indexed unit for its mapped syllabus or learning outcome.
auto-008-09,considerando-026,,unused,No lesson-specific triage selected this indexed unit for its mapped syllabus or learning outcome.
auto-008-09,considerando-027,,unused,No lesson-specific triage selected this indexed unit for its mapped syllabus or learning outcome.
auto-008-09,considerando-028,,unused,No lesson-specific triage selected this indexed unit for its mapped syllabus or learning outcome.
auto-008-09,considerando-029,,unused,No lesson-specific triage selected this indexed unit for its mapped syllabus or learning outcome.
auto-008-09,considerando-030,,unused,No lesson-specific triage selected this indexed unit for its mapped syllabus or learning outcome.
auto-008-09,considerando-031,,unused,No lesson-specific triage selected this indexed unit for its mapped syllabus or learning outcome.
auto-008-09,considerando-032,,unused,No lesson-specific triage selected this indexed unit for its mapped syllabus or learning outcome.
auto-008-09,considerando-033,,unused,No lesson-specific triage selected this indexed unit for its mapped syllabus or learning outcome.
auto-008-09,considerando-034,,unused,No lesson-specific triage selected this indexed unit for its mapped syllabus or learning outcome.
auto-008-09,considerando-035,,unused,No lesson-specific triage selected this indexed unit for its mapped syllabus or learning outcome.
auto-008-09,considerando-036,,unused,No lesson-specific triage selected this indexed unit for its mapped syllabus or learning outcome.
auto-008-09,considerando-037,,unused,No lesson-specific triage selected this indexed unit for its mapped syllabus or learning outcome.
auto-008-09,considerando-038,,unused,No lesson-specific triage selected this indexed unit for its mapped syllabus or learning outcome.
auto-008-09,considerando-039,,unused,No lesson-specific triage selected this indexed unit for its mapped syllabus or learning outcome.
auto-008-09,considerando-040,,unused,No lesson-specific triage selected this indexed unit for its mapped syllabus or learning outcome.
auto-008-09,considerando-041,,unused,No lesson-specific triage selected this indexed unit for its mapped syllabus or learning outcome.
auto-008-09,considerando-042,,unused,No lesson-specific triage selected this indexed unit for its mapped syllabus or learning outcome.
auto-008-09,considerando-043,,unused,No lesson-specific triage selected this indexed unit for its mapped syllabus or learning outcome.
auto-008-09,considerando-044,,unused,No lesson-specific triage selected this indexed unit for its mapped syllabus or learning outcome.
auto-008-09,considerando-045,,unused,No lesson-specific triage selected this indexed unit for its mapped syllabus or learning outcome.
auto-008-09,considerando-046,,unused,No lesson-specific triage selected this indexed unit for its mapped syllabus or learning outcome.
auto-008-09,considerando-047,,unused,No lesson-specific triage selected this indexed unit for its mapped syllabus or learning outcome.
auto-008-09,considerando-048,,unused,No lesson-specific triage selected this indexed unit for its mapped syllabus or learning outcome.
auto-008-09,considerando-049,,unused,No lesson-specific triage selected this indexed unit for its mapped syllabus or learning outcome.
auto-008-09,considerando-050,,unused,No lesson-specific triage selected this indexed unit for its mapped syllabus or learning outcome.
auto-008-09,considerando-051,,unused,No lesson-specific triage selected this indexed unit for its mapped syllabus or learning outcome.
auto-008-09,considerando-052,,unused,No lesson-specific triage selected this indexed unit for its mapped syllabus or learning outcome.
auto-008-09,considerando-053,,unused,No lesson-specific triage selected this indexed unit for its mapped syllabus or learning outcome.
auto-008-09,considerando-054,,unused,No lesson-specific triage selected this indexed unit for its mapped syllabus or learning outcome.
auto-008-09,considerando-055,,unused,No lesson-specific triage selected this indexed unit for its mapped syllabus or learning outcome.
auto-008-09,considerando-056,,unused,No lesson-specific triage selected this indexed unit for its mapped syllabus or learning outcome.
auto-008-09,considerando-057,,unused,No lesson-specific triage selected this indexed unit for its mapped syllabus or learning outcome.
auto-008-09,considerando-058,,unused,No lesson-specific triage selected this indexed unit for its mapped syllabus or learning outcome.
auto-008-09,considerando-059,,unused,No lesson-specific triage selected this indexed unit for its mapped syllabus or learning outcome.
auto-008-09,considerando-060,,unused,No lesson-specific triage selected this indexed unit for its mapped syllabus or learning outcome.
auto-008-09,considerando-061,,unused,No lesson-specific triage selected this indexed unit for its mapped syllabus or learning outcome.
auto-008-09,considerando-062,,unused,No lesson-specific triage selected this indexed unit for its mapped syllabus or learning outcome.
auto-008-09,considerando-063,,unused,No lesson-specific triage selected this indexed unit for its mapped syllabus or learning outcome.
auto-008-09,considerando-064,,unused,No lesson-specific triage selected this indexed unit for its mapped syllabus or learning outcome.
auto-008-09,considerando-065,,unused,No lesson-specific triage selected this indexed unit for its mapped syllabus or learning outcome.
auto-008-09,considerando-066,,unused,No lesson-specific triage selected this indexed unit for its mapped syllabus or learning outcome.
auto-008-09,considerando-067,,unused,No lesson-specific triage selected this indexed unit for its mapped syllabus or learning outcome.
auto-008-09,considerando-068,,unused,No lesson-specific triage selected this indexed unit for its mapped syllabus or learning outcome.
auto-008-09,considerando-069,,unused,No lesson-specific triage selected this indexed unit for its mapped syllabus or learning outcome.
auto-008-09,considerando-070,,unused,No lesson-specific triage selected this indexed unit for its mapped syllabus or learning outcome.
auto-008-09,considerando-071,,unused,No lesson-specific triage selected this indexed unit for its mapped syllabus or learning outcome.
auto-008-09,considerando-072,,unused,No lesson-specific triage selected this indexed unit for its mapped syllabus or learning outcome.
auto-008-09,considerando-073,,unused,No lesson-specific triage selected this indexed unit for its mapped syllabus or learning outcome.
auto-008-09,considerando-074,,unused,No lesson-specific triage selected this indexed unit for its mapped syllabus or learning outcome.
auto-008-09,considerando-075,,unused,No lesson-specific triage selected this indexed unit for its mapped syllabus or learning outcome.
auto-008-09,considerando-076,,unused,No lesson-specific triage selected this indexed unit for its mapped syllabus or learning outcome.
auto-008-09,considerando-077,,unused,No lesson-specific triage selected this indexed unit for its mapped syllabus or learning outcome.
auto-008-09,considerando-078,,unused,No lesson-specific triage selected this indexed unit for its mapped syllabus or learning outcome.
auto-008-09,considerando-079,,unused,No lesson-specific triage selected this indexed unit for its mapped syllabus or learning outcome.
auto-008-09,considerando-080,,unused,No lesson-specific triage selected this indexed unit for its mapped syllabus or learning outcome.
auto-008-09,considerando-081,,unused,No lesson-specific triage selected this indexed unit for its mapped syllabus or learning outcome.
auto-008-09,considerando-082,,unused,No lesson-specific triage selected this indexed unit for its mapped syllabus or learning outcome.
auto-008-09,considerando-083,,unused,No lesson-specific triage selected this indexed unit for its mapped syllabus or learning outcome.
auto-008-09,considerando-084,,unused,No lesson-specific triage selected this indexed unit for its mapped syllabus or learning outcome.
auto-008-09,considerando-085,,unused,No lesson-specific triage selected this indexed unit for its mapped syllabus or learning outcome.
auto-008-09,considerando-086,,unused,No lesson-specific triage selected this indexed unit for its mapped syllabus or learning outcome.
auto-008-09,considerando-087,,unused,No lesson-specific triage selected this indexed unit for its mapped syllabus or learning outcome.
auto-008-09,considerando-088,,unused,No lesson-specific triage selected this indexed unit for its mapped syllabus or learning outcome.
auto-008-09,considerando-089,,unused,No lesson-specific triage selected this indexed unit for its mapped syllabus or learning outcome.
auto-008-09,considerando-090,,unused,No lesson-specific triage selected this indexed unit for its mapped syllabus or learning outcome.
auto-008-09,considerando-091,,unused,No lesson-specific triage selected this indexed unit for its mapped syllabus or learning outcome.
auto-008-09,considerando-092,,unused,No lesson-specific triage selected this indexed unit for its mapped syllabus or learning outcome.
auto-008-09,considerando-093,,unused,No lesson-specific triage selected this indexed unit for its mapped syllabus or learning outcome.
auto-008-09,considerando-094,,unused,No lesson-specific triage selected this indexed unit for its mapped syllabus or learning outcome.
auto-008-09,considerando-095,,unused,No lesson-specific triage selected this indexed unit for its mapped syllabus or learning outcome.
auto-008-09,considerando-096,,unused,No lesson-specific triage selected this indexed unit for its mapped syllabus or learning outcome.
auto-008-09,considerando-097,,unused,No lesson-specific triage selected this indexed unit for its mapped syllabus or learning outcome.
auto-008-09,considerando-098,,unused,No lesson-specific triage selected this indexed unit for its mapped syllabus or learning outcome.
auto-008-09,considerando-099,,unused,No lesson-specific triage selected this indexed unit for its mapped syllabus or learning outcome.
auto-008-09,considerando-100,,unused,No lesson-specific triage selected this indexed unit for its mapped syllabus or learning outcome.
auto-008-09,considerando-101,,unused,No lesson-specific triage selected this indexed unit for its mapped syllabus or learning outcome.
auto-008-09,considerando-102,,unused,No lesson-specific triage selected this indexed unit for its mapped syllabus or learning outcome.
auto-008-09,considerando-103,,unused,No lesson-specific triage selected this indexed unit for its mapped syllabus or learning outcome.
auto-008-09,considerando-104,,unused,No lesson-specific triage selected this indexed unit for its mapped syllabus or learning outcome.
auto-008-09,considerando-105,,unused,No lesson-specific triage selected this indexed unit for its mapped syllabus or learning outcome.
auto-008-09,considerando-106,,unused,No lesson-specific triage selected this indexed unit for its mapped syllabus or learning outcome.
auto-008-09,considerando-107,,unused,No lesson-specific triage selected this indexed unit for its mapped syllabus or learning outcome.
auto-008-09,considerando-108,,unused,No lesson-specific triage selected this indexed unit for its mapped syllabus or learning outcome.
auto-008-09,considerando-109,,unused,No lesson-specific triage selected this indexed unit for its mapped syllabus or learning outcome.
auto-008-09,considerando-110,,unused,No lesson-specific triage selected this indexed unit for its mapped syllabus or learning outcome.
auto-008-09,considerando-111,,unused,No lesson-specific triage selected this indexed unit for its mapped syllabus or learning outcome.
auto-008-09,considerando-112,,unused,No lesson-specific triage selected this indexed unit for its mapped syllabus or learning outcome.
auto-008-09,considerando-113,,unused,No lesson-specific triage selected this indexed unit for its mapped syllabus or learning outcome.
auto-008-09,considerando-114,,unused,No lesson-specific triage selected this indexed unit for its mapped syllabus or learning outcome.
auto-008-09,considerando-115,,unused,No lesson-specific triage selected this indexed unit for its mapped syllabus or learning outcome.
auto-008-09,considerando-116,,unused,No lesson-specific triage selected this indexed unit for its mapped syllabus or learning outcome.
auto-008-09,considerando-117,,unused,No lesson-specific triage selected this indexed unit for its mapped syllabus or learning outcome.
auto-008-09,considerando-118,,unused,No lesson-specific triage selected this indexed unit for its mapped syllabus or learning outcome.
auto-008-09,considerando-119,,unused,No lesson-specific triage selected this indexed unit for its mapped syllabus or learning outcome.
auto-008-09,considerando-120,,unused,No lesson-specific triage selected this indexed unit for its mapped syllabus or learning outcome.
auto-008-09,considerando-121,,unused,No lesson-specific triage selected this indexed unit for its mapped syllabus or learning outcome.
auto-008-09,considerando-122,,unused,No lesson-specific triage selected this indexed unit for its mapped syllabus or learning outcome.
auto-008-09,considerando-123,,unused,No lesson-specific triage selected this indexed unit for its mapped syllabus or learning outcome.
auto-008-09,considerando-124,,unused,No lesson-specific triage selected this indexed unit for its mapped syllabus or learning outcome.
auto-008-09,considerando-125,,unused,No lesson-specific triage selected this indexed unit for its mapped syllabus or learning outcome.
auto-008-09,considerando-126,,unused,No lesson-specific triage selected this indexed unit for its mapped syllabus or learning outcome.
auto-008-09,considerando-127,,unused,No lesson-specific triage selected this indexed unit for its mapped syllabus or learning outcome.
auto-008-09,considerando-128,,unused,No lesson-specific triage selected this indexed unit for its mapped syllabus or learning outcome.
auto-008-09,considerando-129,,unused,No lesson-specific triage selected this indexed unit for its mapped syllabus or learning outcome.
auto-008-09,considerando-130,,unused,No lesson-specific triage selected this indexed unit for its mapped syllabus or learning outcome.
auto-008-09,considerando-131,,unused,No lesson-specific triage selected this indexed unit for its mapped syllabus or learning outcome.
auto-008-09,considerando-132,,unused,No lesson-specific triage selected this indexed unit for its mapped syllabus or learning outcome.
auto-008-09,considerando-133,,unused,No lesson-specific triage selected this indexed unit for its mapped syllabus or learning outcome.
auto-008-09,considerando-134,,unused,No lesson-specific triage selected this indexed unit for its mapped syllabus or learning outcome.
auto-008-09,considerando-135,,unused,No lesson-specific triage selected this indexed unit for its mapped syllabus or learning outcome.
auto-008-09,considerando-136,,unused,No lesson-specific triage selected this indexed unit for its mapped syllabus or learning outcome.
auto-008-09,considerando-137,,unused,No lesson-specific triage selected this indexed unit for its mapped syllabus or learning outcome.
auto-008-09,considerando-138,,unused,No lesson-specific triage selected this indexed unit for its mapped syllabus or learning outcome.
auto-008-09,considerando-139,,unused,No lesson-specific triage selected this indexed unit for its mapped syllabus or learning outcome.
auto-008-09,considerando-140,,unused,No lesson-specific triage selected this indexed unit for its mapped syllabus or learning outcome.
auto-008-09,considerando-141,,unused,No lesson-specific triage selected this indexed unit for its mapped syllabus or learning outcome.
auto-008-09,considerando-142,,unused,No lesson-specific triage selected this indexed unit for its mapped syllabus or learning outcome.
auto-008-09,considerando-143,,unused,No lesson-specific triage selected this indexed unit for its mapped syllabus or learning outcome.
auto-008-09,considerando-144,,unused,No lesson-specific triage selected this indexed unit for its mapped syllabus or learning outcome.
auto-008-09,considerando-145,,unused,No lesson-specific triage selected this indexed unit for its mapped syllabus or learning outcome.
auto-008-09,considerando-146,,unused,No lesson-specific triage selected this indexed unit for its mapped syllabus or learning outcome.
auto-008-09,considerando-147,,unused,No lesson-specific triage selected this indexed unit for its mapped syllabus or learning outcome.
auto-008-09,considerando-148,,unused,No lesson-specific triage selected this indexed unit for its mapped syllabus or learning outcome.
auto-008-09,considerando-149,,unused,No lesson-specific triage selected this indexed unit for its mapped syllabus or learning outcome.
auto-008-09,considerando-150,,unused,No lesson-specific triage selected this indexed unit for its mapped syllabus or learning outcome.
auto-008-09,considerando-151,,unused,No lesson-specific triage selected this indexed unit for its mapped syllabus or learning outcome.
auto-008-09,considerando-152,,unused,No lesson-specific triage selected this indexed unit for its mapped syllabus or learning outcome.
auto-008-09,considerando-153,,unused,No lesson-specific triage selected this indexed unit for its mapped syllabus or learning outcome.
auto-008-09,considerando-154,,unused,No lesson-specific triage selected this indexed unit for its mapped syllabus or learning outcome.
auto-008-09,considerando-155,,unused,No lesson-specific triage selected this indexed unit for its mapped syllabus or learning outcome.
auto-008-09,considerando-156,,unused,No lesson-specific triage selected this indexed unit for its mapped syllabus or learning outcome.
auto-008-09,considerando-157,,unused,No lesson-specific triage selected this indexed unit for its mapped syllabus or learning outcome.
auto-008-09,considerando-158,,unused,No lesson-specific triage selected this indexed unit for its mapped syllabus or learning outcome.
auto-008-09,considerando-159,,unused,No lesson-specific triage selected this indexed unit for its mapped syllabus or learning outcome.
auto-008-09,considerando-160,,unused,No lesson-specific triage selected this indexed unit for its mapped syllabus or learning outcome.
auto-008-09,considerando-161,,unused,No lesson-specific triage selected this indexed unit for its mapped syllabus or learning outcome.
auto-008-09,considerando-162,,unused,No lesson-specific triage selected this indexed unit for its mapped syllabus or learning outcome.
auto-008-09,considerando-163,,unused,No lesson-specific triage selected this indexed unit for its mapped syllabus or learning outcome.
auto-008-09,encabezado-y-sintesis,,unused,No lesson-specific triage selected this indexed unit for its mapped syllabus or learning outcome.
auto-008-09,firmas,,unused,No lesson-specific triage selected this indexed unit for its mapped syllabus or learning outcome.
auto-008-09,notas-y-referencias,,unused,No lesson-specific triage selected this indexed unit for its mapped syllabus or learning outcome.
auto-176-05,anexo,,unused,No lesson-specific triage selected this indexed unit for its mapped syllabus or learning outcome.
auto-176-05,antecedentes-y-hechos,,unused,No lesson-specific triage selected this indexed unit for its mapped syllabus or learning outcome.
auto-176-05,considerando-001,,unused,No lesson-specific triage selected this indexed unit for its mapped syllabus or learning outcome.
auto-176-05,considerando-002,,unused,No lesson-specific triage selected this indexed unit for its mapped syllabus or learning outcome.
auto-176-05,considerando-003,,unused,No lesson-specific triage selected this indexed unit for its mapped syllabus or learning outcome.
auto-176-05,considerando-004,,unused,No lesson-specific triage selected this indexed unit for its mapped syllabus or learning outcome.
auto-176-05,considerando-005,,unused,No lesson-specific triage selected this indexed unit for its mapped syllabus or learning outcome.
auto-176-05,considerando-006,,unused,No lesson-specific triage selected this indexed unit for its mapped syllabus or learning outcome.
auto-176-05,considerando-007,,unused,No lesson-specific triage selected this indexed unit for its mapped syllabus or learning outcome.
auto-176-05,considerando-009,,unused,No lesson-specific triage selected this indexed unit for its mapped syllabus or learning outcome.
auto-176-05,considerando-010,,unused,No lesson-specific triage selected this indexed unit for its mapped syllabus or learning outcome.
auto-176-05,considerando-011,,unused,No lesson-specific triage selected this indexed unit for its mapped syllabus or learning outcome.
auto-176-05,firmas,,unused,No lesson-specific triage selected this indexed unit for its mapped syllabus or learning outcome.
c-579-13,antecedentes,,unused,No lesson-specific triage selected this indexed unit for its mapped syllabus or learning outcome.
c-579-13,consideraciones-1,,unused,No lesson-specific triage selected this indexed unit for its mapped syllabus or learning outcome.
c-579-13,consideraciones-2,,unused,No lesson-specific triage selected this indexed unit for its mapped syllabus or learning outcome.
c-579-13,opinion-calle-rojas-vargas,,unused,No lesson-specific triage selected this indexed unit for its mapped syllabus or learning outcome.
c-579-13,opinion-mendoza,,unused,No lesson-specific triage selected this indexed unit for its mapped syllabus or learning outcome.
c-579-13,opinion-palacio,,unused,No lesson-specific triage selected this indexed unit for its mapped syllabus or learning outcome.
c-674-17,anexo-intervenciones,,unused,No lesson-specific triage selected this indexed unit for its mapped syllabus or learning outcome.
c-674-17,anexo-tramite-legislativo,,unused,No lesson-specific triage selected this indexed unit for its mapped syllabus or learning outcome.
c-674-17,antecedentes,,unused,No lesson-specific triage selected this indexed unit for its mapped syllabus or learning outcome.
c-674-17,competencia,,unused,No lesson-specific triage selected this indexed unit for its mapped syllabus or learning outcome.
c-674-17,control-formal,,unused,No lesson-specific triage selected this indexed unit for its mapped syllabus or learning outcome.
c-674-17,decision,,unused,No lesson-specific triage selected this indexed unit for its mapped syllabus or learning outcome.
c-674-17,juicio-sustitucion,,unused,No lesson-specific triage selected this indexed unit for its mapped syllabus or learning outcome.
c-674-17,opinion-linares,,unused,No lesson-specific triage selected this indexed unit for its mapped syllabus or learning outcome.
c-674-17,opinion-lizarazo,,unused,No lesson-specific triage selected this indexed unit for its mapped syllabus or learning outcome.
c-674-17,opinion-rojas,,unused,No lesson-specific triage selected this indexed unit for its mapped syllabus or learning outcome.
c-674-17,unidad-materia,,unused,No lesson-specific triage selected this indexed unit for its mapped syllabus or learning outcome.
c-694-15,admisibilidad-cargos,,unused,No lesson-specific triage selected this indexed unit for its mapped syllabus or learning outcome.
c-694-15,concepto-procurador,,unused,No lesson-specific triage selected this indexed unit for its mapped syllabus or learning outcome.
c-694-15,decision-parte-resolutiva,,unused,No lesson-specific triage selected this indexed unit for its mapped syllabus or learning outcome.
c-694-15,demanda-cargos,,unused,No lesson-specific triage selected this indexed unit for its mapped syllabus or learning outcome.
c-694-15,examen-cargos-1,,unused,No lesson-specific triage selected this indexed unit for its mapped syllabus or learning outcome.
c-694-15,examen-cargos-2,,unused,No lesson-specific triage selected this indexed unit for its mapped syllabus or learning outcome.
c-694-15,examen-cargos-3,,unused,No lesson-specific triage selected this indexed unit for its mapped syllabus or learning outcome.
c-694-15,intervenciones,,unused,No lesson-specific triage selected this indexed unit for its mapped syllabus or learning outcome.
c-694-15,justicia-transicional,,unused,No lesson-specific triage selected this indexed unit for its mapped syllabus or learning outcome.
c-694-15,normas-demandadas,,unused,No lesson-specific triage selected this indexed unit for its mapped syllabus or learning outcome.
c-694-15,priorizacion,,unused,No lesson-specific triage selected this indexed unit for its mapped syllabus or learning outcome.
c-694-15,reparacion-integral,,unused,No lesson-specific triage selected this indexed unit for its mapped syllabus or learning outcome.
c-694-15,sintese-contexto,,unused,No lesson-specific triage selected this indexed unit for its mapped syllabus or learning outcome.
corte-constitucional-colombiana,aclaracion-voto,,unused,No lesson-specific triage selected this indexed unit for its mapped syllabus or learning outcome.
corte-constitucional-colombiana,composicao-corte,,unused,No lesson-specific triage selected this indexed unit for its mapped syllabus or learning outcome.
corte-constitucional-colombiana,intervencao-cidada-especialistas,,unused,No lesson-specific triage selected this indexed unit for its mapped syllabus or learning outcome.
corte-constitucional-colombiana,mecanismos-processuais,,unused,No lesson-specific triage selected this indexed unit for its mapped syllabus or learning outcome.
corte-constitucional-colombiana,origem-corte-constituinte,,unused,No lesson-specific triage selected this indexed unit for its mapped syllabus or learning outcome.
corte-constitucional-colombiana,pagina-final-em-branco,,unused,No lesson-specific triage selected this indexed unit for its mapped syllabus or learning outcome.
corte-constitucional-colombiana,salvamento-voto,,unused,No lesson-specific triage selected this indexed unit for its mapped syllabus or learning outcome.
dossier-atividade-05-10,01-00-instrucoes,,unused,No lesson-specific triage selected this indexed unit for its mapped syllabus or learning outcome.
dossier-atividade-05-10,02-01-programa,,unused,No lesson-specific triage selected this indexed unit for its mapped syllabus or learning outcome.
dossier-atividade-05-10,04-03-transcricao-aula-10-08,,unused,No lesson-specific triage selected this indexed unit for its mapped syllabus or learning outcome.
dossier-atividade-05-10,05-04-slides-historia-constitucional,,unused,No lesson-specific triage selected this indexed unit for its mapped syllabus or learning outcome.
dossier-atividade-05-10,06-05-slides-cortes-constitucionais,,unused,No lesson-specific triage selected this indexed unit for its mapped syllabus or learning outcome.
dossier-atividade-05-10,07-06-slides-corte-constitucional-colombiana,,unused,No lesson-specific triage selected this indexed unit for its mapped syllabus or learning outcome.
dossier-atividade-05-10,08-07-slides-processo-de-paz,,unused,No lesson-specific triage selected this indexed unit for its mapped syllabus or learning outcome.
dossier-atividade-05-10,09-08-slides-justica-transicao,,unused,No lesson-specific triage selected this indexed unit for its mapped syllabus or learning outcome.
dossier-atividade-05-10,10-09-slides-estado-de-coisas,,unused,No lesson-specific triage selected this indexed unit for its mapped syllabus or learning outcome.
dossier-atividade-05-10,11-10-doutrina-engelmann-bandeira,,unused,No lesson-specific triage selected this indexed unit for its mapped syllabus or learning outcome.
dossier-atividade-05-10,12-11-doutrina-gargarella,,unused,No lesson-specific triage selected this indexed unit for its mapped syllabus or learning outcome.
dossier-atividade-05-10,13-12-doutrina-kozicki-broocke,,unused,No lesson-specific triage selected this indexed unit for its mapped syllabus or learning outcome.
dossier-atividade-05-10,14-13-doutrina-ariza,,unused,No lesson-specific triage selected this indexed unit for its mapped syllabus or learning outcome.
dossier-atividade-05-10,15-14-secao-decisoes,,unused,No lesson-specific triage selected this indexed unit for its mapped syllabus or learning outcome.
dossier-atividade-05-10,16-15-decisao-gelman,,unused,No lesson-specific triage selected this indexed unit for its mapped syllabus or learning outcome.
dossier-atividade-05-10,17-15-decisao-scj-20-2013,,unused,No lesson-specific triage selected this indexed unit for its mapped syllabus or learning outcome.
dossier-atividade-05-10,18-16-decisao-scj-65-2014,,unused,No lesson-specific triage selected this indexed unit for its mapped syllabus or learning outcome.
dossier-atividade-05-10,22-20-decisao-t-153-1998,,unused,No lesson-specific triage selected this indexed unit for its mapped syllabus or learning outcome.
dossier-atividade-05-10,23-21-decisao-adpf-347,,unused,No lesson-specific triage selected this indexed unit for its mapped syllabus or learning outcome.
dossier-atividade-05-10,24-22-legislacao-lei-6683,,unused,No lesson-specific triage selected this indexed unit for its mapped syllabus or learning outcome.
dossier-atividade-05-10,25-23-legislacao-acto-01-2012,,unused,No lesson-specific triage selected this indexed unit for its mapped syllabus or learning outcome.
dossier-atividade-05-10,26-24-legislacao-acto-01-2017,,unused,No lesson-specific triage selected this indexed unit for its mapped syllabus or learning outcome.
dossier-atividade-05-10,27-25-legislacao-ley-1592,,unused,No lesson-specific triage selected this indexed unit for its mapped syllabus or learning outcome.
engelmann-bandeira-2017,introducao,,unused,No lesson-specific triage selected this indexed unit for its mapped syllabus or learning outcome.
gargarella-gelman,Front matter,,unused,No lesson-specific triage selected this indexed unit for its mapped syllabus or learning outcome.
gargarella-gelman,I. INTRODUCCIÓN,,unused,No lesson-specific triage selected this indexed unit for its mapped syllabus or learning outcome.
gelman-supervision-2013,antecedentes-y-visto,,unused,No lesson-specific triage selected this indexed unit for its mapped syllabus or learning outcome.
gelman-supervision-2013,considerando-001,,unused,No lesson-specific triage selected this indexed unit for its mapped syllabus or learning outcome.
gelman-supervision-2013,considerando-002,,unused,No lesson-specific triage selected this indexed unit for its mapped syllabus or learning outcome.
gelman-supervision-2013,considerando-004,,unused,No lesson-specific triage selected this indexed unit for its mapped syllabus or learning outcome.
gelman-supervision-2013,considerando-005,,unused,No lesson-specific triage selected this indexed unit for its mapped syllabus or learning outcome.
gelman-supervision-2013,considerando-006,,unused,No lesson-specific triage selected this indexed unit for its mapped syllabus or learning outcome.
gelman-supervision-2013,considerando-007,,unused,No lesson-specific triage selected this indexed unit for its mapped syllabus or learning outcome.
gelman-supervision-2013,considerando-008,,unused,No lesson-specific triage selected this indexed unit for its mapped syllabus or learning outcome.
gelman-supervision-2013,considerando-009,,unused,No lesson-specific triage selected this indexed unit for its mapped syllabus or learning outcome.
gelman-supervision-2013,considerando-010,,unused,No lesson-specific triage selected this indexed unit for its mapped syllabus or learning outcome.
gelman-supervision-2013,considerando-011,,unused,No lesson-specific triage selected this indexed unit for its mapped syllabus or learning outcome.
gelman-supervision-2013,considerando-012,,unused,No lesson-specific triage selected this indexed unit for its mapped syllabus or learning outcome.
gelman-supervision-2013,considerando-013,,unused,No lesson-specific triage selected this indexed unit for its mapped syllabus or learning outcome.
gelman-supervision-2013,considerando-014,,unused,No lesson-specific triage selected this indexed unit for its mapped syllabus or learning outcome.
gelman-supervision-2013,considerando-015,,unused,No lesson-specific triage selected this indexed unit for its mapped syllabus or learning outcome.
gelman-supervision-2013,considerando-016,,unused,No lesson-specific triage selected this indexed unit for its mapped syllabus or learning outcome.
gelman-supervision-2013,considerando-017,,unused,No lesson-specific triage selected this indexed unit for its mapped syllabus or learning outcome.
gelman-supervision-2013,considerando-018,,unused,No lesson-specific triage selected this indexed unit for its mapped syllabus or learning outcome.
gelman-supervision-2013,considerando-019,,unused,No lesson-specific triage selected this indexed unit for its mapped syllabus or learning outcome.
gelman-supervision-2013,considerando-020,,unused,No lesson-specific triage selected this indexed unit for its mapped syllabus or learning outcome.
gelman-supervision-2013,considerando-021,,unused,No lesson-specific triage selected this indexed unit for its mapped syllabus or learning outcome.
gelman-supervision-2013,considerando-022,,unused,No lesson-specific triage selected this indexed unit for its mapped syllabus or learning outcome.
gelman-supervision-2013,considerando-023,,unused,No lesson-specific triage selected this indexed unit for its mapped syllabus or learning outcome.
gelman-supervision-2013,considerando-024,,unused,No lesson-specific triage selected this indexed unit for its mapped syllabus or learning outcome.
gelman-supervision-2013,considerando-025,,unused,No lesson-specific triage selected this indexed unit for its mapped syllabus or learning outcome.
gelman-supervision-2013,considerando-026,,unused,No lesson-specific triage selected this indexed unit for its mapped syllabus or learning outcome.
gelman-supervision-2013,considerando-027,,unused,No lesson-specific triage selected this indexed unit for its mapped syllabus or learning outcome.
gelman-supervision-2013,considerando-028,,unused,No lesson-specific triage selected this indexed unit for its mapped syllabus or learning outcome.
gelman-supervision-2013,considerando-029,,unused,No lesson-specific triage selected this indexed unit for its mapped syllabus or learning outcome.
gelman-supervision-2013,considerando-030,,unused,No lesson-specific triage selected this indexed unit for its mapped syllabus or learning outcome.
gelman-supervision-2013,considerando-031,,unused,No lesson-specific triage selected this indexed unit for its mapped syllabus or learning outcome.
gelman-supervision-2013,considerando-032,,unused,No lesson-specific triage selected this indexed unit for its mapped syllabus or learning outcome.
gelman-supervision-2013,considerando-033,,unused,No lesson-specific triage selected this indexed unit for its mapped syllabus or learning outcome.
gelman-supervision-2013,considerando-034,,unused,No lesson-specific triage selected this indexed unit for its mapped syllabus or learning outcome.
gelman-supervision-2013,considerando-035,,unused,No lesson-specific triage selected this indexed unit for its mapped syllabus or learning outcome.
gelman-supervision-2013,considerando-036,,unused,No lesson-specific triage selected this indexed unit for its mapped syllabus or learning outcome.
gelman-supervision-2013,considerando-037,,unused,No lesson-specific triage selected this indexed unit for its mapped syllabus or learning outcome.
gelman-supervision-2013,considerando-038,,unused,No lesson-specific triage selected this indexed unit for its mapped syllabus or learning outcome.
gelman-supervision-2013,considerando-039,,unused,No lesson-specific triage selected this indexed unit for its mapped syllabus or learning outcome.
gelman-supervision-2013,considerando-040,,unused,No lesson-specific triage selected this indexed unit for its mapped syllabus or learning outcome.
gelman-supervision-2013,considerando-041,,unused,No lesson-specific triage selected this indexed unit for its mapped syllabus or learning outcome.
gelman-supervision-2013,considerando-042,,unused,No lesson-specific triage selected this indexed unit for its mapped syllabus or learning outcome.
gelman-supervision-2013,considerando-043,,unused,No lesson-specific triage selected this indexed unit for its mapped syllabus or learning outcome.
gelman-supervision-2013,considerando-044,,unused,No lesson-specific triage selected this indexed unit for its mapped syllabus or learning outcome.
gelman-supervision-2013,considerando-045,,unused,No lesson-specific triage selected this indexed unit for its mapped syllabus or learning outcome.
gelman-supervision-2013,considerando-046,,unused,No lesson-specific triage selected this indexed unit for its mapped syllabus or learning outcome.
gelman-supervision-2013,considerando-047,,unused,No lesson-specific triage selected this indexed unit for its mapped syllabus or learning outcome.
gelman-supervision-2013,considerando-048,,unused,No lesson-specific triage selected this indexed unit for its mapped syllabus or learning outcome.
gelman-supervision-2013,considerando-049,,unused,No lesson-specific triage selected this indexed unit for its mapped syllabus or learning outcome.
gelman-supervision-2013,considerando-050,,unused,No lesson-specific triage selected this indexed unit for its mapped syllabus or learning outcome.
gelman-supervision-2013,considerando-051,,unused,No lesson-specific triage selected this indexed unit for its mapped syllabus or learning outcome.
gelman-supervision-2013,considerando-052,,unused,No lesson-specific triage selected this indexed unit for its mapped syllabus or learning outcome.
gelman-supervision-2013,considerando-053,,unused,No lesson-specific triage selected this indexed unit for its mapped syllabus or learning outcome.
gelman-supervision-2013,considerando-054,,unused,No lesson-specific triage selected this indexed unit for its mapped syllabus or learning outcome.
gelman-supervision-2013,considerando-055,,unused,No lesson-specific triage selected this indexed unit for its mapped syllabus or learning outcome.
gelman-supervision-2013,considerando-056,,unused,No lesson-specific triage selected this indexed unit for its mapped syllabus or learning outcome.
gelman-supervision-2013,considerando-057,,unused,No lesson-specific triage selected this indexed unit for its mapped syllabus or learning outcome.
gelman-supervision-2013,considerando-058,,unused,No lesson-specific triage selected this indexed unit for its mapped syllabus or learning outcome.
gelman-supervision-2013,considerando-059,,unused,No lesson-specific triage selected this indexed unit for its mapped syllabus or learning outcome.
gelman-supervision-2013,considerando-060,,unused,No lesson-specific triage selected this indexed unit for its mapped syllabus or learning outcome.
gelman-supervision-2013,considerando-061,,unused,No lesson-specific triage selected this indexed unit for its mapped syllabus or learning outcome.
gelman-supervision-2013,considerando-062,,unused,No lesson-specific triage selected this indexed unit for its mapped syllabus or learning outcome.
gelman-supervision-2013,considerando-063,,unused,No lesson-specific triage selected this indexed unit for its mapped syllabus or learning outcome.
gelman-supervision-2013,considerando-064,,unused,No lesson-specific triage selected this indexed unit for its mapped syllabus or learning outcome.
gelman-supervision-2013,considerando-065,,unused,No lesson-specific triage selected this indexed unit for its mapped syllabus or learning outcome.
gelman-supervision-2013,considerando-066,,unused,No lesson-specific triage selected this indexed unit for its mapped syllabus or learning outcome.
gelman-supervision-2013,considerando-067,,unused,No lesson-specific triage selected this indexed unit for its mapped syllabus or learning outcome.
gelman-supervision-2013,considerando-068,,unused,No lesson-specific triage selected this indexed unit for its mapped syllabus or learning outcome.
gelman-supervision-2013,considerando-069,,unused,No lesson-specific triage selected this indexed unit for its mapped syllabus or learning outcome.
gelman-supervision-2013,considerando-070,,unused,No lesson-specific triage selected this indexed unit for its mapped syllabus or learning outcome.
gelman-supervision-2013,considerando-071,,unused,No lesson-specific triage selected this indexed unit for its mapped syllabus or learning outcome.
gelman-supervision-2013,considerando-072,,unused,No lesson-specific triage selected this indexed unit for its mapped syllabus or learning outcome.
gelman-supervision-2013,considerando-073,,unused,No lesson-specific triage selected this indexed unit for its mapped syllabus or learning outcome.
gelman-supervision-2013,considerando-074,,unused,No lesson-specific triage selected this indexed unit for its mapped syllabus or learning outcome.
gelman-supervision-2013,considerando-075,,unused,No lesson-specific triage selected this indexed unit for its mapped syllabus or learning outcome.
gelman-supervision-2013,considerando-076,,unused,No lesson-specific triage selected this indexed unit for its mapped syllabus or learning outcome.
gelman-supervision-2013,considerando-077,,unused,No lesson-specific triage selected this indexed unit for its mapped syllabus or learning outcome.
gelman-supervision-2013,considerando-078,,unused,No lesson-specific triage selected this indexed unit for its mapped syllabus or learning outcome.
gelman-supervision-2013,considerando-079,,unused,No lesson-specific triage selected this indexed unit for its mapped syllabus or learning outcome.
gelman-supervision-2013,considerando-080,,unused,No lesson-specific triage selected this indexed unit for its mapped syllabus or learning outcome.
gelman-supervision-2013,considerando-081,,unused,No lesson-specific triage selected this indexed unit for its mapped syllabus or learning outcome.
gelman-supervision-2013,considerando-082,,unused,No lesson-specific triage selected this indexed unit for its mapped syllabus or learning outcome.
gelman-supervision-2013,considerando-083,,unused,No lesson-specific triage selected this indexed unit for its mapped syllabus or learning outcome.
gelman-supervision-2013,considerando-084,,unused,No lesson-specific triage selected this indexed unit for its mapped syllabus or learning outcome.
gelman-supervision-2013,considerando-085,,unused,No lesson-specific triage selected this indexed unit for its mapped syllabus or learning outcome.
gelman-supervision-2013,considerando-086,,unused,No lesson-specific triage selected this indexed unit for its mapped syllabus or learning outcome.
gelman-supervision-2013,considerando-087,,unused,No lesson-specific triage selected this indexed unit for its mapped syllabus or learning outcome.
gelman-supervision-2013,considerando-088,,unused,No lesson-specific triage selected this indexed unit for its mapped syllabus or learning outcome.
gelman-supervision-2013,considerando-089,,unused,No lesson-specific triage selected this indexed unit for its mapped syllabus or learning outcome.
gelman-supervision-2013,considerando-090,,unused,No lesson-specific triage selected this indexed unit for its mapped syllabus or learning outcome.
gelman-supervision-2013,considerando-091,,unused,No lesson-specific triage selected this indexed unit for its mapped syllabus or learning outcome.
gelman-supervision-2013,considerando-092,,unused,No lesson-specific triage selected this indexed unit for its mapped syllabus or learning outcome.
gelman-supervision-2013,considerando-093,,unused,No lesson-specific triage selected this indexed unit for its mapped syllabus or learning outcome.
gelman-supervision-2013,considerando-094,,unused,No lesson-specific triage selected this indexed unit for its mapped syllabus or learning outcome.
gelman-supervision-2013,considerando-095,,unused,No lesson-specific triage selected this indexed unit for its mapped syllabus or learning outcome.
gelman-supervision-2013,considerando-096,,unused,No lesson-specific triage selected this indexed unit for its mapped syllabus or learning outcome.
gelman-supervision-2013,considerando-097,,unused,No lesson-specific triage selected this indexed unit for its mapped syllabus or learning outcome.
gelman-supervision-2013,considerando-098,,unused,No lesson-specific triage selected this indexed unit for its mapped syllabus or learning outcome.
gelman-supervision-2013,considerando-099,,unused,No lesson-specific triage selected this indexed unit for its mapped syllabus or learning outcome.
gelman-supervision-2013,considerando-100,,unused,No lesson-specific triage selected this indexed unit for its mapped syllabus or learning outcome.
gelman-supervision-2013,considerando-101,,unused,No lesson-specific triage selected this indexed unit for its mapped syllabus or learning outcome.
gelman-supervision-2013,considerando-102,,unused,No lesson-specific triage selected this indexed unit for its mapped syllabus or learning outcome.
gelman-supervision-2013,voto-razonado-001,,unused,No lesson-specific triage selected this indexed unit for its mapped syllabus or learning outcome.
gelman-supervision-2013,voto-razonado-002,,unused,No lesson-specific triage selected this indexed unit for its mapped syllabus or learning outcome.
gelman-supervision-2013,voto-razonado-003,,unused,No lesson-specific triage selected this indexed unit for its mapped syllabus or learning outcome.
gelman-supervision-2013,voto-razonado-004,,unused,No lesson-specific triage selected this indexed unit for its mapped syllabus or learning outcome.
gelman-supervision-2013,voto-razonado-005,,unused,No lesson-specific triage selected this indexed unit for its mapped syllabus or learning outcome.
gelman-supervision-2013,voto-razonado-006,,unused,No lesson-specific triage selected this indexed unit for its mapped syllabus or learning outcome.
gelman-supervision-2013,voto-razonado-007,,unused,No lesson-specific triage selected this indexed unit for its mapped syllabus or learning outcome.
gelman-supervision-2013,voto-razonado-008,,unused,No lesson-specific triage selected this indexed unit for its mapped syllabus or learning outcome.
gelman-supervision-2013,voto-razonado-009,,unused,No lesson-specific triage selected this indexed unit for its mapped syllabus or learning outcome.
gelman-supervision-2013,voto-razonado-010,,unused,No lesson-specific triage selected this indexed unit for its mapped syllabus or learning outcome.
gelman-supervision-2013,voto-razonado-011,,unused,No lesson-specific triage selected this indexed unit for its mapped syllabus or learning outcome.
gelman-supervision-2013,voto-razonado-012,,unused,No lesson-specific triage selected this indexed unit for its mapped syllabus or learning outcome.
gelman-supervision-2013,voto-razonado-013,,unused,No lesson-specific triage selected this indexed unit for its mapped syllabus or learning outcome.
gelman-supervision-2013,voto-razonado-014,,unused,No lesson-specific triage selected this indexed unit for its mapped syllabus or learning outcome.
gelman-supervision-2013,voto-razonado-015,,unused,No lesson-specific triage selected this indexed unit for its mapped syllabus or learning outcome.
gelman-supervision-2013,voto-razonado-016,,unused,No lesson-specific triage selected this indexed unit for its mapped syllabus or learning outcome.
gelman-supervision-2013,voto-razonado-017,,unused,No lesson-specific triage selected this indexed unit for its mapped syllabus or learning outcome.
gelman-supervision-2013,voto-razonado-018,,unused,No lesson-specific triage selected this indexed unit for its mapped syllabus or learning outcome.
gelman-supervision-2013,voto-razonado-019,,unused,No lesson-specific triage selected this indexed unit for its mapped syllabus or learning outcome.
gelman-supervision-2013,voto-razonado-020,,unused,No lesson-specific triage selected this indexed unit for its mapped syllabus or learning outcome.
gelman-supervision-2013,voto-razonado-021,,unused,No lesson-specific triage selected this indexed unit for its mapped syllabus or learning outcome.
gelman-supervision-2013,voto-razonado-022,,unused,No lesson-specific triage selected this indexed unit for its mapped syllabus or learning outcome.
gelman-supervision-2013,voto-razonado-023,,unused,No lesson-specific triage selected this indexed unit for its mapped syllabus or learning outcome.
gelman-supervision-2013,voto-razonado-024,,unused,No lesson-specific triage selected this indexed unit for its mapped syllabus or learning outcome.
gelman-supervision-2013,voto-razonado-025,,unused,No lesson-specific triage selected this indexed unit for its mapped syllabus or learning outcome.
gelman-supervision-2013,voto-razonado-026,,unused,No lesson-specific triage selected this indexed unit for its mapped syllabus or learning outcome.
gelman-supervision-2013,voto-razonado-027,,unused,No lesson-specific triage selected this indexed unit for its mapped syllabus or learning outcome.
gelman-supervision-2013,voto-razonado-028,,unused,No lesson-specific triage selected this indexed unit for its mapped syllabus or learning outcome.
gelman-supervision-2013,voto-razonado-029,,unused,No lesson-specific triage selected this indexed unit for its mapped syllabus or learning outcome.
gelman-supervision-2013,voto-razonado-030,,unused,No lesson-specific triage selected this indexed unit for its mapped syllabus or learning outcome.
gelman-supervision-2013,voto-razonado-031,,unused,No lesson-specific triage selected this indexed unit for its mapped syllabus or learning outcome.
gelman-supervision-2013,voto-razonado-032,,unused,No lesson-specific triage selected this indexed unit for its mapped syllabus or learning outcome.
gelman-supervision-2013,voto-razonado-033,,unused,No lesson-specific triage selected this indexed unit for its mapped syllabus or learning outcome.
gelman-supervision-2013,voto-razonado-034,,unused,No lesson-specific triage selected this indexed unit for its mapped syllabus or learning outcome.
gelman-supervision-2013,voto-razonado-035,,unused,No lesson-specific triage selected this indexed unit for its mapped syllabus or learning outcome.
gelman-supervision-2013,voto-razonado-036,,unused,No lesson-specific triage selected this indexed unit for its mapped syllabus or learning outcome.
gelman-supervision-2013,voto-razonado-037,,unused,No lesson-specific triage selected this indexed unit for its mapped syllabus or learning outcome.
gelman-supervision-2013,voto-razonado-038,,unused,No lesson-specific triage selected this indexed unit for its mapped syllabus or learning outcome.
gelman-supervision-2013,voto-razonado-039,,unused,No lesson-specific triage selected this indexed unit for its mapped syllabus or learning outcome.
gelman-supervision-2013,voto-razonado-040,,unused,No lesson-specific triage selected this indexed unit for its mapped syllabus or learning outcome.
gelman-supervision-2013,voto-razonado-041,,unused,No lesson-specific triage selected this indexed unit for its mapped syllabus or learning outcome.
gelman-supervision-2013,voto-razonado-042,,unused,No lesson-specific triage selected this indexed unit for its mapped syllabus or learning outcome.
gelman-supervision-2013,voto-razonado-043,,unused,No lesson-specific triage selected this indexed unit for its mapped syllabus or learning outcome.
gelman-supervision-2013,voto-razonado-044,,unused,No lesson-specific triage selected this indexed unit for its mapped syllabus or learning outcome.
gelman-supervision-2013,voto-razonado-045,,unused,No lesson-specific triage selected this indexed unit for its mapped syllabus or learning outcome.
gelman-supervision-2013,voto-razonado-046,,unused,No lesson-specific triage selected this indexed unit for its mapped syllabus or learning outcome.
gelman-supervision-2013,voto-razonado-047,,unused,No lesson-specific triage selected this indexed unit for its mapped syllabus or learning outcome.
gelman-supervision-2013,voto-razonado-048,,unused,No lesson-specific triage selected this indexed unit for its mapped syllabus or learning outcome.
gelman-supervision-2013,voto-razonado-049,,unused,No lesson-specific triage selected this indexed unit for its mapped syllabus or learning outcome.
gelman-supervision-2013,voto-razonado-050,,unused,No lesson-specific triage selected this indexed unit for its mapped syllabus or learning outcome.
gelman-supervision-2013,voto-razonado-051,,unused,No lesson-specific triage selected this indexed unit for its mapped syllabus or learning outcome.
gelman-supervision-2013,voto-razonado-052,,unused,No lesson-specific triage selected this indexed unit for its mapped syllabus or learning outcome.
gelman-supervision-2013,voto-razonado-053,,unused,No lesson-specific triage selected this indexed unit for its mapped syllabus or learning outcome.
gelman-supervision-2013,voto-razonado-054,,unused,No lesson-specific triage selected this indexed unit for its mapped syllabus or learning outcome.
gelman-supervision-2013,voto-razonado-055,,unused,No lesson-specific triage selected this indexed unit for its mapped syllabus or learning outcome.
gelman-supervision-2013,voto-razonado-056,,unused,No lesson-specific triage selected this indexed unit for its mapped syllabus or learning outcome.
gelman-supervision-2013,voto-razonado-057,,unused,No lesson-specific triage selected this indexed unit for its mapped syllabus or learning outcome.
gelman-supervision-2013,voto-razonado-058,,unused,No lesson-specific triage selected this indexed unit for its mapped syllabus or learning outcome.
gelman-supervision-2013,voto-razonado-059,,unused,No lesson-specific triage selected this indexed unit for its mapped syllabus or learning outcome.
gelman-supervision-2013,voto-razonado-060,,unused,No lesson-specific triage selected this indexed unit for its mapped syllabus or learning outcome.
gelman-supervision-2013,voto-razonado-061,,unused,No lesson-specific triage selected this indexed unit for its mapped syllabus or learning outcome.
gelman-supervision-2013,voto-razonado-062,,unused,No lesson-specific triage selected this indexed unit for its mapped syllabus or learning outcome.
gelman-supervision-2013,voto-razonado-063,,unused,No lesson-specific triage selected this indexed unit for its mapped syllabus or learning outcome.
gelman-supervision-2013,voto-razonado-064,,unused,No lesson-specific triage selected this indexed unit for its mapped syllabus or learning outcome.
gelman-supervision-2013,voto-razonado-065,,unused,No lesson-specific triage selected this indexed unit for its mapped syllabus or learning outcome.
gelman-supervision-2013,voto-razonado-066,,unused,No lesson-specific triage selected this indexed unit for its mapped syllabus or learning outcome.
gelman-supervision-2013,voto-razonado-067,,unused,No lesson-specific triage selected this indexed unit for its mapped syllabus or learning outcome.
gelman-supervision-2013,voto-razonado-068,,unused,No lesson-specific triage selected this indexed unit for its mapped syllabus or learning outcome.
gelman-supervision-2013,voto-razonado-069,,unused,No lesson-specific triage selected this indexed unit for its mapped syllabus or learning outcome.
gelman-supervision-2013,voto-razonado-070,,unused,No lesson-specific triage selected this indexed unit for its mapped syllabus or learning outcome.
gelman-supervision-2013,voto-razonado-071,,unused,No lesson-specific triage selected this indexed unit for its mapped syllabus or learning outcome.
gelman-supervision-2013,voto-razonado-072,,unused,No lesson-specific triage selected this indexed unit for its mapped syllabus or learning outcome.
gelman-supervision-2013,voto-razonado-073,,unused,No lesson-specific triage selected this indexed unit for its mapped syllabus or learning outcome.
gelman-supervision-2013,voto-razonado-074,,unused,No lesson-specific triage selected this indexed unit for its mapped syllabus or learning outcome.
gelman-supervision-2013,voto-razonado-075,,unused,No lesson-specific triage selected this indexed unit for its mapped syllabus or learning outcome.
gelman-supervision-2013,voto-razonado-076,,unused,No lesson-specific triage selected this indexed unit for its mapped syllabus or learning outcome.
gelman-supervision-2013,voto-razonado-077,,unused,No lesson-specific triage selected this indexed unit for its mapped syllabus or learning outcome.
gelman-supervision-2013,voto-razonado-078,,unused,No lesson-specific triage selected this indexed unit for its mapped syllabus or learning outcome.
gelman-supervision-2013,voto-razonado-079,,unused,No lesson-specific triage selected this indexed unit for its mapped syllabus or learning outcome.
gelman-supervision-2013,voto-razonado-080,,unused,No lesson-specific triage selected this indexed unit for its mapped syllabus or learning outcome.
gelman-supervision-2013,voto-razonado-081,,unused,No lesson-specific triage selected this indexed unit for its mapped syllabus or learning outcome.
gelman-supervision-2013,voto-razonado-082,,unused,No lesson-specific triage selected this indexed unit for its mapped syllabus or learning outcome.
gelman-supervision-2013,voto-razonado-083,,unused,No lesson-specific triage selected this indexed unit for its mapped syllabus or learning outcome.
gelman-supervision-2013,voto-razonado-084,,unused,No lesson-specific triage selected this indexed unit for its mapped syllabus or learning outcome.
gelman-supervision-2013,voto-razonado-085,,unused,No lesson-specific triage selected this indexed unit for its mapped syllabus or learning outcome.
gelman-supervision-2013,voto-razonado-086,,unused,No lesson-specific triage selected this indexed unit for its mapped syllabus or learning outcome.
gelman-supervision-2013,voto-razonado-087,,unused,No lesson-specific triage selected this indexed unit for its mapped syllabus or learning outcome.
gelman-supervision-2013,voto-razonado-088,,unused,No lesson-specific triage selected this indexed unit for its mapped syllabus or learning outcome.
gelman-supervision-2013,voto-razonado-089,,unused,No lesson-specific triage selected this indexed unit for its mapped syllabus or learning outcome.
gelman-supervision-2013,voto-razonado-090,,unused,No lesson-specific triage selected this indexed unit for its mapped syllabus or learning outcome.
gelman-supervision-2013,voto-razonado-091,,unused,No lesson-specific triage selected this indexed unit for its mapped syllabus or learning outcome.
gelman-supervision-2013,voto-razonado-092,,unused,No lesson-specific triage selected this indexed unit for its mapped syllabus or learning outcome.
gelman-supervision-2013,voto-razonado-093,,unused,No lesson-specific triage selected this indexed unit for its mapped syllabus or learning outcome.
gelman-supervision-2013,voto-razonado-094,,unused,No lesson-specific triage selected this indexed unit for its mapped syllabus or learning outcome.
gelman-supervision-2013,voto-razonado-095,,unused,No lesson-specific triage selected this indexed unit for its mapped syllabus or learning outcome.
gelman-supervision-2013,voto-razonado-096,,unused,No lesson-specific triage selected this indexed unit for its mapped syllabus or learning outcome.
gelman-supervision-2013,voto-razonado-097,,unused,No lesson-specific triage selected this indexed unit for its mapped syllabus or learning outcome.
gelman-supervision-2013,voto-razonado-098,,unused,No lesson-specific triage selected this indexed unit for its mapped syllabus or learning outcome.
gelman-supervision-2013,voto-razonado-099,,unused,No lesson-specific triage selected this indexed unit for its mapped syllabus or learning outcome.
gelman-supervision-2013,voto-razonado-100,,unused,No lesson-specific triage selected this indexed unit for its mapped syllabus or learning outcome.
gelman-v-uruguay-2011,capa-sumario,,unused,No lesson-specific triage selected this indexed unit for its mapped syllabus or learning outcome.
gelman-v-uruguay-2011,competencia-reconocimiento,,unused,No lesson-specific triage selected this indexed unit for its mapped syllabus or learning outcome.
gelman-v-uruguay-2011,fondo-vi-1,,unused,No lesson-specific triage selected this indexed unit for its mapped syllabus or learning outcome.
gelman-v-uruguay-2011,fondo-vi-2,,unused,No lesson-specific triage selected this indexed unit for its mapped syllabus or learning outcome.
gelman-v-uruguay-2011,introduccion-controversia,,unused,No lesson-specific triage selected this indexed unit for its mapped syllabus or learning outcome.
gelman-v-uruguay-2011,procedimiento,,unused,No lesson-specific triage selected this indexed unit for its mapped syllabus or learning outcome.
gelman-v-uruguay-2011,prueba,,unused,No lesson-specific triage selected this indexed unit for its mapped syllabus or learning outcome.
gelman-v-uruguay-2011,reparaciones,,unused,No lesson-specific triage selected this indexed unit for its mapped syllabus or learning outcome.
gomes-lund-reference-only,i-introduction,,unused,No lesson-specific triage selected this indexed unit for its mapped syllabus or learning outcome.
gomes-lund-reference-only,ii-proceedings,,unused,No lesson-specific triage selected this indexed unit for its mapped syllabus or learning outcome.
gomes-lund-reference-only,iii-a-ratione-temporis,,unused,No lesson-specific triage selected this indexed unit for its mapped syllabus or learning outcome.
gomes-lund-reference-only,iii-b-legal-interest,,unused,No lesson-specific triage selected this indexed unit for its mapped syllabus or learning outcome.
gomes-lund-reference-only,iii-c-exhaustion,,unused,No lesson-specific triage selected this indexed unit for its mapped syllabus or learning outcome.
gomes-lund-reference-only,iii-context,,unused,No lesson-specific triage selected this indexed unit for its mapped syllabus or learning outcome.
gomes-lund-reference-only,iii-d-fourth-instance,,unused,No lesson-specific triage selected this indexed unit for its mapped syllabus or learning outcome.
gomes-lund-reference-only,iv-jurisdiction,,unused,No lesson-specific triage selected this indexed unit for its mapped syllabus or learning outcome.
gomes-lund-reference-only,ix-a-arguments,,unused,No lesson-specific triage selected this indexed unit for its mapped syllabus or learning outcome.
gomes-lund-reference-only,ix-b-access-facts,,unused,No lesson-specific triage selected this indexed unit for its mapped syllabus or learning outcome.
gomes-lund-reference-only,ix-c-expression,,unused,No lesson-specific triage selected this indexed unit for its mapped syllabus or learning outcome.
gomes-lund-reference-only,ix-context,,unused,No lesson-specific triage selected this indexed unit for its mapped syllabus or learning outcome.
gomes-lund-reference-only,ix-d-proceedings-information,,unused,No lesson-specific triage selected this indexed unit for its mapped syllabus or learning outcome.
gomes-lund-reference-only,ix-e-ordinary-action,,unused,No lesson-specific triage selected this indexed unit for its mapped syllabus or learning outcome.
gomes-lund-reference-only,ix-f-normative-framework,,unused,No lesson-specific triage selected this indexed unit for its mapped syllabus or learning outcome.
gomes-lund-reference-only,opinion-i-introduction,,unused,No lesson-specific triage selected this indexed unit for its mapped syllabus or learning outcome.
gomes-lund-reference-only,opinion-ii-courts,,unused,No lesson-specific triage selected this indexed unit for its mapped syllabus or learning outcome.
gomes-lund-reference-only,opinion-iii-domestic-law,,unused,No lesson-specific triage selected this indexed unit for its mapped syllabus or learning outcome.
gomes-lund-reference-only,opinion-v-crimes-against-humanity,,unused,No lesson-specific triage selected this indexed unit for its mapped syllabus or learning outcome.
gomes-lund-reference-only,opinion-vi-acknowledgement,,unused,No lesson-specific triage selected this indexed unit for its mapped syllabus or learning outcome.
gomes-lund-reference-only,opinion-vii-conclusion,,unused,No lesson-specific triage selected this indexed unit for its mapped syllabus or learning outcome.
gomes-lund-reference-only,reference-front-matter,,unused,No lesson-specific triage selected this indexed unit for its mapped syllabus or learning outcome.
gomes-lund-reference-only,v-a-evidence,,unused,No lesson-specific triage selected this indexed unit for its mapped syllabus or learning outcome.
gomes-lund-reference-only,v-b-documentary,,unused,No lesson-specific triage selected this indexed unit for its mapped syllabus or learning outcome.
gomes-lund-reference-only,v-c-declarations,,unused,No lesson-specific triage selected this indexed unit for its mapped syllabus or learning outcome.
gomes-lund-reference-only,v-context,,unused,No lesson-specific triage selected this indexed unit for its mapped syllabus or learning outcome.
gomes-lund-reference-only,vi-preliminary-considerations,,unused,No lesson-specific triage selected this indexed unit for its mapped syllabus or learning outcome.
gomes-lund-reference-only,vii-a-arguments,,unused,No lesson-specific triage selected this indexed unit for its mapped syllabus or learning outcome.
gomes-lund-reference-only,vii-b-disappearances-facts,,unused,No lesson-specific triage selected this indexed unit for its mapped syllabus or learning outcome.
gomes-lund-reference-only,vii-c-continuing-violation,,unused,No lesson-specific triage selected this indexed unit for its mapped syllabus or learning outcome.
gomes-lund-reference-only,vii-context,,unused,No lesson-specific triage selected this indexed unit for its mapped syllabus or learning outcome.
gomes-lund-reference-only,vii-d-guerrilha-members,,unused,No lesson-specific triage selected this indexed unit for its mapped syllabus or learning outcome.
gomes-lund-reference-only,viii-a-arguments,,unused,No lesson-specific triage selected this indexed unit for its mapped syllabus or learning outcome.
gomes-lund-reference-only,viii-context,,unused,No lesson-specific triage selected this indexed unit for its mapped syllabus or learning outcome.
gomes-lund-reference-only,x-a-arguments,,unused,No lesson-specific triage selected this indexed unit for its mapped syllabus or learning outcome.
gomes-lund-reference-only,x-b-considerations,,unused,No lesson-specific triage selected this indexed unit for its mapped syllabus or learning outcome.
gomes-lund-reference-only,xi-a-injured-party,,unused,No lesson-specific triage selected this indexed unit for its mapped syllabus or learning outcome.
gomes-lund-reference-only,xi-b-investigation,,unused,No lesson-specific triage selected this indexed unit for its mapped syllabus or learning outcome.
gomes-lund-reference-only,xi-c-other-measures,,unused,No lesson-specific triage selected this indexed unit for its mapped syllabus or learning outcome.
gomes-lund-reference-only,xi-context,,unused,No lesson-specific triage selected this indexed unit for its mapped syllabus or learning outcome.
gomes-lund-reference-only,xi-d-compensation-costs,,unused,No lesson-specific triage selected this indexed unit for its mapped syllabus or learning outcome.
lei-6683-1979,Art. 10,,unused,No lesson-specific triage selected this indexed unit for its mapped syllabus or learning outcome.
lei-6683-1979,Art. 11,,unused,No lesson-specific triage selected this indexed unit for its mapped syllabus or learning outcome.
lei-6683-1979,Art. 12,,unused,No lesson-specific triage selected this indexed unit for its mapped syllabus or learning outcome.
lei-6683-1979,Art. 13,,unused,No lesson-specific triage selected this indexed unit for its mapped syllabus or learning outcome.
lei-6683-1979,Art. 14,,unused,No lesson-specific triage selected this indexed unit for its mapped syllabus or learning outcome.
lei-6683-1979,Art. 15,,unused,No lesson-specific triage selected this indexed unit for its mapped syllabus or learning outcome.
lei-6683-1979,Art. 2º,,unused,No lesson-specific triage selected this indexed unit for its mapped syllabus or learning outcome.
lei-6683-1979,Art. 3º,,unused,No lesson-specific triage selected this indexed unit for its mapped syllabus or learning outcome.
lei-6683-1979,Art. 4º,,unused,No lesson-specific triage selected this indexed unit for its mapped syllabus or learning outcome.
lei-6683-1979,Art. 5º,,unused,No lesson-specific triage selected this indexed unit for its mapped syllabus or learning outcome.
lei-6683-1979,Art. 6º,,unused,No lesson-specific triage selected this indexed unit for its mapped syllabus or learning outcome.
lei-6683-1979,Art. 7º,,unused,No lesson-specific triage selected this indexed unit for its mapped syllabus or learning outcome.
lei-6683-1979,Art. 8º,,unused,No lesson-specific triage selected this indexed unit for its mapped syllabus or learning outcome.
lei-6683-1979,Art. 9º,,unused,No lesson-specific triage selected this indexed unit for its mapped syllabus or learning outcome.
ley-1592-2012,Art. 1,,unused,No lesson-specific triage selected this indexed unit for its mapped syllabus or learning outcome.
ley-1592-2012,Art. 11,,unused,No lesson-specific triage selected this indexed unit for its mapped syllabus or learning outcome.
ley-1592-2012,Art. 12,,unused,No lesson-specific triage selected this indexed unit for its mapped syllabus or learning outcome.
ley-1592-2012,Art. 13,,unused,No lesson-specific triage selected this indexed unit for its mapped syllabus or learning outcome.
ley-1592-2012,Art. 14,,unused,No lesson-specific triage selected this indexed unit for its mapped syllabus or learning outcome.
ley-1592-2012,Art. 15,,unused,No lesson-specific triage selected this indexed unit for its mapped syllabus or learning outcome.
ley-1592-2012,Art. 16,,unused,No lesson-specific triage selected this indexed unit for its mapped syllabus or learning outcome.
ley-1592-2012,Art. 17,,unused,No lesson-specific triage selected this indexed unit for its mapped syllabus or learning outcome.
ley-1592-2012,Art. 18,,unused,No lesson-specific triage selected this indexed unit for its mapped syllabus or learning outcome.
ley-1592-2012,Art. 19,,unused,No lesson-specific triage selected this indexed unit for its mapped syllabus or learning outcome.
ley-1592-2012,Art. 2,,unused,No lesson-specific triage selected this indexed unit for its mapped syllabus or learning outcome.
ley-1592-2012,Art. 20,,unused,No lesson-specific triage selected this indexed unit for its mapped syllabus or learning outcome.
ley-1592-2012,Art. 21,,unused,No lesson-specific triage selected this indexed unit for its mapped syllabus or learning outcome.
ley-1592-2012,Art. 22,,unused,No lesson-specific triage selected this indexed unit for its mapped syllabus or learning outcome.
ley-1592-2012,Art. 23,,unused,No lesson-specific triage selected this indexed unit for its mapped syllabus or learning outcome.
ley-1592-2012,Art. 24,,unused,No lesson-specific triage selected this indexed unit for its mapped syllabus or learning outcome.
ley-1592-2012,Art. 25,,unused,No lesson-specific triage selected this indexed unit for its mapped syllabus or learning outcome.
ley-1592-2012,Art. 26,,unused,No lesson-specific triage selected this indexed unit for its mapped syllabus or learning outcome.
ley-1592-2012,Art. 27,,unused,No lesson-specific triage selected this indexed unit for its mapped syllabus or learning outcome.
ley-1592-2012,Art. 28,,unused,No lesson-specific triage selected this indexed unit for its mapped syllabus or learning outcome.
ley-1592-2012,Art. 29,,unused,No lesson-specific triage selected this indexed unit for its mapped syllabus or learning outcome.
ley-1592-2012,Art. 3,,unused,No lesson-specific triage selected this indexed unit for its mapped syllabus or learning outcome.
ley-1592-2012,Art. 30,,unused,No lesson-specific triage selected this indexed unit for its mapped syllabus or learning outcome.
ley-1592-2012,Art. 31,,unused,No lesson-specific triage selected this indexed unit for its mapped syllabus or learning outcome.
ley-1592-2012,Art. 32,,unused,No lesson-specific triage selected this indexed unit for its mapped syllabus or learning outcome.
ley-1592-2012,Art. 33,,unused,No lesson-specific triage selected this indexed unit for its mapped syllabus or learning outcome.
ley-1592-2012,Art. 34,,unused,No lesson-specific triage selected this indexed unit for its mapped syllabus or learning outcome.
ley-1592-2012,Art. 35,,unused,No lesson-specific triage selected this indexed unit for its mapped syllabus or learning outcome.
ley-1592-2012,Art. 36,,unused,No lesson-specific triage selected this indexed unit for its mapped syllabus or learning outcome.
ley-1592-2012,Art. 37,,unused,No lesson-specific triage selected this indexed unit for its mapped syllabus or learning outcome.
ley-1592-2012,Art. 38,,unused,No lesson-specific triage selected this indexed unit for its mapped syllabus or learning outcome.
ley-1592-2012,Art. 39,,unused,No lesson-specific triage selected this indexed unit for its mapped syllabus or learning outcome.
ley-1592-2012,Art. 4,,unused,No lesson-specific triage selected this indexed unit for its mapped syllabus or learning outcome.
ley-1592-2012,Art. 40,,unused,No lesson-specific triage selected this indexed unit for its mapped syllabus or learning outcome.
ley-1592-2012,Art. 41,,unused,No lesson-specific triage selected this indexed unit for its mapped syllabus or learning outcome.
ley-1592-2012,Art. 5,,unused,No lesson-specific triage selected this indexed unit for its mapped syllabus or learning outcome.
ley-1592-2012,Art. 6,,unused,No lesson-specific triage selected this indexed unit for its mapped syllabus or learning outcome.
ley-1592-2012,Art. 7,,unused,No lesson-specific triage selected this indexed unit for its mapped syllabus or learning outcome.
ley-1592-2012,Art. 8,,unused,No lesson-specific triage selected this indexed unit for its mapped syllabus or learning outcome.
ley-1592-2012,Art. 9,,unused,No lesson-specific triage selected this indexed unit for its mapped syllabus or learning outcome.
los-muros-de-la-infamia,bibliografia,,unused,No lesson-specific triage selected this indexed unit for its mapped syllabus or learning outcome.
los-muros-de-la-infamia,capitulo-2-apertura,,unused,No lesson-specific triage selected this indexed unit for its mapped syllabus or learning outcome.
los-muros-de-la-infamia,dilema-de-la-reforma,,unused,No lesson-specific triage selected this indexed unit for its mapped syllabus or learning outcome.
los-muros-de-la-infamia,jueces-carceles-marginalidad,,unused,No lesson-specific triage selected this indexed unit for its mapped syllabus or learning outcome.
los-muros-de-la-infamia,litigio-y-reforma,,unused,No lesson-specific triage selected this indexed unit for its mapped syllabus or learning outcome.
los-muros-de-la-infamia,panorama-situacion-penitenciaria,,unused,No lesson-specific triage selected this indexed unit for its mapped syllabus or learning outcome.
los-muros-de-la-infamia,personas-presas-condiciones,,unused,No lesson-specific triage selected this indexed unit for its mapped syllabus or learning outcome.
los-muros-de-la-infamia,transformaciones-campo-penitenciario,,unused,No lesson-specific triage selected this indexed unit for its mapped syllabus or learning outcome.
moodle-adpf154,acordao-ementa,,unused,No lesson-specific triage selected this indexed unit for its mapped syllabus or learning outcome.
moodle-adpf154,debate,,unused,No lesson-specific triage selected this indexed unit for its mapped syllabus or learning outcome.
moodle-adpf154,esclarecimento-eros-grau,,unused,No lesson-specific triage selected this indexed unit for its mapped syllabus or learning outcome.
moodle-adpf154,esclarecimento-gilmar-mendes,,unused,No lesson-specific triage selected this indexed unit for its mapped syllabus or learning outcome.
moodle-adpf154,esclarecimento-marco-aurelio-1,,unused,No lesson-specific triage selected this indexed unit for its mapped syllabus or learning outcome.
moodle-adpf154,esclarecimento-marco-aurelio-2,,unused,No lesson-specific triage selected this indexed unit for its mapped syllabus or learning outcome.
moodle-adpf154,explicacao,,unused,No lesson-specific triage selected this indexed unit for its mapped syllabus or learning outcome.
moodle-adpf154,extrato-ata-1,,unused,No lesson-specific triage selected this indexed unit for its mapped syllabus or learning outcome.
moodle-adpf154,extrato-ata-2,,unused,No lesson-specific triage selected this indexed unit for its mapped syllabus or learning outcome.
moodle-adpf154,preliminar-ayres-britto,,unused,No lesson-specific triage selected this indexed unit for its mapped syllabus or learning outcome.
moodle-adpf154,preliminar-carmen-lucia,,unused,No lesson-specific triage selected this indexed unit for its mapped syllabus or learning outcome.
moodle-adpf154,preliminar-celso-de-mello,,unused,No lesson-specific triage selected this indexed unit for its mapped syllabus or learning outcome.
moodle-adpf154,preliminar-cezar-peluso,,unused,No lesson-specific triage selected this indexed unit for its mapped syllabus or learning outcome.
moodle-adpf154,preliminar-ellen-gracie,,unused,No lesson-specific triage selected this indexed unit for its mapped syllabus or learning outcome.
moodle-adpf154,preliminar-gilmar-mendes,,unused,No lesson-specific triage selected this indexed unit for its mapped syllabus or learning outcome.
moodle-adpf154,preliminar-marco-aurelio,,unused,No lesson-specific triage selected this indexed unit for its mapped syllabus or learning outcome.
moodle-adpf154,relatorio,,unused,No lesson-specific triage selected this indexed unit for its mapped syllabus or learning outcome.
moodle-adpf154,suspensao-julgamento,,unused,No lesson-specific triage selected this indexed unit for its mapped syllabus or learning outcome.
moodle-adpf154,voto-ayres-britto-1,,unused,No lesson-specific triage selected this indexed unit for its mapped syllabus or learning outcome.
moodle-adpf154,voto-ayres-britto-2,,unused,No lesson-specific triage selected this indexed unit for its mapped syllabus or learning outcome.
moodle-adpf154,voto-carmen-lucia,,unused,No lesson-specific triage selected this indexed unit for its mapped syllabus or learning outcome.
moodle-adpf154,voto-celso-de-mello,,unused,No lesson-specific triage selected this indexed unit for its mapped syllabus or learning outcome.
moodle-adpf154,voto-cezar-peluso,,unused,No lesson-specific triage selected this indexed unit for its mapped syllabus or learning outcome.
moodle-adpf154,voto-ellen-gracie,,unused,No lesson-specific triage selected this indexed unit for its mapped syllabus or learning outcome.
moodle-adpf154,voto-eros-grau,,unused,No lesson-specific triage selected this indexed unit for its mapped syllabus or learning outcome.
moodle-adpf154,voto-gilmar-mendes,,unused,No lesson-specific triage selected this indexed unit for its mapped syllabus or learning outcome.
moodle-adpf154,voto-marco-aurelio,,unused,No lesson-specific triage selected this indexed unit for its mapped syllabus or learning outcome.
moodle-adpf154,voto-ricardo-lewandowski,,unused,No lesson-specific triage selected this indexed unit for its mapped syllabus or learning outcome.
moodle-course-archive-2026-09,14-09-adpf-347-stf,,unused,No lesson-specific triage selected this indexed unit for its mapped syllabus or learning outcome.
moodle-course-archive-2026-09,14-09-ariza-libardo-jos-ituralde-manuel-los-muros-de-la-infamia-prisiones-en-colombia-y-en-america-latina-cap-tulo-2,,unused,No lesson-specific triage selected this indexed unit for its mapped syllabus or learning outcome.
moodle-course-archive-2026-09,14-09-kosicki-katya-van-der-broocke-bianca-a-adpf-347-e-o-estado-de-coisas-inconstitucional-ativismo-dial-gico-e-democratiza-o-do-controle-de-constitucionalidade-no-brasil,,unused,No lesson-specific triage selected this indexed unit for its mapped syllabus or learning outcome.
moodle-course-archive-2026-09,14-09-slides,,unused,No lesson-specific triage selected this indexed unit for its mapped syllabus or learning outcome.
moodle-course-archive-2026-09,14-09-t-153-ccc,,unused,No lesson-specific triage selected this indexed unit for its mapped syllabus or learning outcome.
moodle-course-archive-2026-09,17-08-a-constru-o-da-autonomia-pol-tica-do-judici-rio-na-am-rica-latina,,unused,No lesson-specific triage selected this indexed unit for its mapped syllabus or learning outcome.
moodle-course-archive-2026-09,17-08-cortes-constitucionais-al,,unused,No lesson-specific triage selected this indexed unit for its mapped syllabus or learning outcome.
moodle-course-archive-2026-09,17-08-elgelmann-fabiano-bandeira-j-lia-veiga-vieira-m,,unused,No lesson-specific triage selected this indexed unit for its mapped syllabus or learning outcome.
moodle-course-archive-2026-09,17-08-slides,,unused,No lesson-specific triage selected this indexed unit for its mapped syllabus or learning outcome.
moodle-course-archive-2026-09,24-08-adpf-153,,unused,No lesson-specific triage selected this indexed unit for its mapped syllabus or learning outcome.
moodle-course-archive-2026-09,24-08-c-579-13,,unused,No lesson-specific triage selected this indexed unit for its mapped syllabus or learning outcome.
moodle-course-archive-2026-09,24-08-c-674-17,,unused,No lesson-specific triage selected this indexed unit for its mapped syllabus or learning outcome.
moodle-course-archive-2026-09,24-08-c-694-15,,unused,No lesson-specific triage selected this indexed unit for its mapped syllabus or learning outcome.
moodle-course-archive-2026-09,24-08-lei-6683-79-lei-de-anistia-brasil,,unused,No lesson-specific triage selected this indexed unit for its mapped syllabus or learning outcome.
moodle-course-archive-2026-09,24-08-leis-col-mbia,,unused,No lesson-specific triage selected this indexed unit for its mapped syllabus or learning outcome.
moodle-course-archive-2026-09,24-08-slides-an-lise-decis-es-jt-brasil-e-col-mbia,,unused,No lesson-specific triage selected this indexed unit for its mapped syllabus or learning outcome.
moodle-course-archive-2026-09,24-08-slides-ccc,,unused,No lesson-specific triage selected this indexed unit for its mapped syllabus or learning outcome.
moodle-course-archive-2026-09,24-08-slides-processo-de-paz-col-mbia,,unused,No lesson-specific triage selected this indexed unit for its mapped syllabus or learning outcome.
moodle-course-archive-2026-09,31-08-caso-gelman-x-uruguai-cidh,,unused,No lesson-specific triage selected this indexed unit for its mapped syllabus or learning outcome.
moodle-course-archive-2026-09,31-08-gargarella-roberto-la-democracia-frente-a-los-cr-menes-masivos-una-reflexi-n-a-la-luz-del-caso-gelman,,unused,No lesson-specific triage selected this indexed unit for its mapped syllabus or learning outcome.
moodle-course-archive-2026-09,31-08-oc-28-2021,,unused,No lesson-specific triage selected this indexed unit for its mapped syllabus or learning outcome.
moodle-course-archive-2026-09,31-08-senten-a-tcp-bol-via,,unused,No lesson-specific triage selected this indexed unit for its mapped syllabus or learning outcome.
moodle-course-archive-2026-09,31-08-sentencia-20-2013-scj-uruguai,,unused,No lesson-specific triage selected this indexed unit for its mapped syllabus or learning outcome.
moodle-course-archive-2026-09,31-08-sentencia-65-2014,,unused,No lesson-specific triage selected this indexed unit for its mapped syllabus or learning outcome.
moodle-course-archive-2026-09,31-08-slides-corte-suprema-uruguai,,unused,No lesson-specific triage selected this indexed unit for its mapped syllabus or learning outcome.
moodle-course-archive-2026-09,31-08-slides-senten-as,,unused,No lesson-specific triage selected this indexed unit for its mapped syllabus or learning outcome.
moodle-course-archive-2026-09,31-08-slides-tcp,,unused,No lesson-specific triage selected this indexed unit for its mapped syllabus or learning outcome.
moodle-current-extract,section-0,,unused,No lesson-specific triage selected this indexed unit for its mapped syllabus or learning outcome.
moodle-current-extract,section-10,,unused,No lesson-specific triage selected this indexed unit for its mapped syllabus or learning outcome.
moodle-current-extract,section-11,,unused,No lesson-specific triage selected this indexed unit for its mapped syllabus or learning outcome.
moodle-current-extract,section-12,,unused,No lesson-specific triage selected this indexed unit for its mapped syllabus or learning outcome.
moodle-current-extract,section-13,,unused,No lesson-specific triage selected this indexed unit for its mapped syllabus or learning outcome.
moodle-current-extract,section-14,,unused,No lesson-specific triage selected this indexed unit for its mapped syllabus or learning outcome.
moodle-current-extract,section-15,,unused,No lesson-specific triage selected this indexed unit for its mapped syllabus or learning outcome.
moodle-current-extract,section-16,,unused,No lesson-specific triage selected this indexed unit for its mapped syllabus or learning outcome.
moodle-current-extract,section-17,,unused,No lesson-specific triage selected this indexed unit for its mapped syllabus or learning outcome.
moodle-current-extract,section-18,,unused,No lesson-specific triage selected this indexed unit for its mapped syllabus or learning outcome.
moodle-current-extract,section-19,,unused,No lesson-specific triage selected this indexed unit for its mapped syllabus or learning outcome.
moodle-current-extract,section-20,,unused,No lesson-specific triage selected this indexed unit for its mapped syllabus or learning outcome.
moodle-current-extract,section-21,,unused,No lesson-specific triage selected this indexed unit for its mapped syllabus or learning outcome.
moodle-current-extract,section-22,,unused,No lesson-specific triage selected this indexed unit for its mapped syllabus or learning outcome.
moodle-current-extract,section-23,,unused,No lesson-specific triage selected this indexed unit for its mapped syllabus or learning outcome.
moodle-current-extract,section-24,,unused,No lesson-specific triage selected this indexed unit for its mapped syllabus or learning outcome.
moodle-current-extract,section-25,,unused,No lesson-specific triage selected this indexed unit for its mapped syllabus or learning outcome.
moodle-current-extract,section-26,,unused,No lesson-specific triage selected this indexed unit for its mapped syllabus or learning outcome.
moodle-current-extract,section-27,,unused,No lesson-specific triage selected this indexed unit for its mapped syllabus or learning outcome.
moodle-current-extract,section-28,,unused,No lesson-specific triage selected this indexed unit for its mapped syllabus or learning outcome.
moodle-current-extract,section-29,,unused,No lesson-specific triage selected this indexed unit for its mapped syllabus or learning outcome.
moodle-current-extract,section-3,,unused,No lesson-specific triage selected this indexed unit for its mapped syllabus or learning outcome.
moodle-current-extract,section-30,,unused,No lesson-specific triage selected this indexed unit for its mapped syllabus or learning outcome.
moodle-current-extract,section-4,,unused,No lesson-specific triage selected this indexed unit for its mapped syllabus or learning outcome.
moodle-current-extract,section-5,,unused,No lesson-specific triage selected this indexed unit for its mapped syllabus or learning outcome.
moodle-current-extract,section-6,,unused,No lesson-specific triage selected this indexed unit for its mapped syllabus or learning outcome.
moodle-current-extract,section-7,,unused,No lesson-specific triage selected this indexed unit for its mapped syllabus or learning outcome.
moodle-current-extract,section-8,,unused,No lesson-specific triage selected this indexed unit for its mapped syllabus or learning outcome.
moodle-current-extract,section-9,,unused,No lesson-specific triage selected this indexed unit for its mapped syllabus or learning outcome.
moodle-legacy-engelmann,abstract,,unused,No lesson-specific triage selected this indexed unit for its mapped syllabus or learning outcome.
moodle-legacy-engelmann,argentina,,unused,No lesson-specific triage selected this indexed unit for its mapped syllabus or learning outcome.
moodle-legacy-engelmann,brasil,,unused,No lesson-specific triage selected this indexed unit for its mapped syllabus or learning outcome.
moodle-legacy-engelmann,chile,,unused,No lesson-specific triage selected this indexed unit for its mapped syllabus or learning outcome.
moodle-legacy-engelmann,colombia,,unused,No lesson-specific triage selected this indexed unit for its mapped syllabus or learning outcome.
moodle-legacy-engelmann,consideracoes-finais,,unused,No lesson-specific triage selected this indexed unit for its mapped syllabus or learning outcome.
moodle-legacy-engelmann,estudo-legitimidade,,unused,No lesson-specific triage selected this indexed unit for its mapped syllabus or learning outcome.
moodle-legacy-engelmann,estudos-de-caso,,unused,No lesson-specific triage selected this indexed unit for its mapped syllabus or learning outcome.
moodle-legacy-engelmann,introducao,,unused,No lesson-specific triage selected this indexed unit for its mapped syllabus or learning outcome.
moodle-legacy-engelmann,referencias,,unused,No lesson-specific triage selected this indexed unit for its mapped syllabus or learning outcome.
moodle-legacy-engelmann,venezuela,,unused,No lesson-specific triage selected this indexed unit for its mapped syllabus or learning outcome.
moodle-programa,05-10,,unused,No lesson-specific triage selected this indexed unit for its mapped syllabus or learning outcome.
moodle-programa,07-12,,unused,No lesson-specific triage selected this indexed unit for its mapped syllabus or learning outcome.
moodle-programa,09-11,,unused,No lesson-specific triage selected this indexed unit for its mapped syllabus or learning outcome.
moodle-programa,14-09,,unused,No lesson-specific triage selected this indexed unit for its mapped syllabus or learning outcome.
moodle-programa,14-12,,unused,No lesson-specific triage selected this indexed unit for its mapped syllabus or learning outcome.
moodle-programa,16-11,,unused,No lesson-specific triage selected this indexed unit for its mapped syllabus or learning outcome.
moodle-programa,19-10,,unused,No lesson-specific triage selected this indexed unit for its mapped syllabus or learning outcome.
moodle-programa,21-09,,unused,No lesson-specific triage selected this indexed unit for its mapped syllabus or learning outcome.
moodle-programa,21-12,,unused,No lesson-specific triage selected this indexed unit for its mapped syllabus or learning outcome.
moodle-programa,23-11,,unused,No lesson-specific triage selected this indexed unit for its mapped syllabus or learning outcome.
moodle-programa,24-08,,unused,No lesson-specific triage selected this indexed unit for its mapped syllabus or learning outcome.
moodle-programa,26-10,,unused,No lesson-specific triage selected this indexed unit for its mapped syllabus or learning outcome.
moodle-programa,28-09,,unused,No lesson-specific triage selected this indexed unit for its mapped syllabus or learning outcome.
moodle-programa,30-11,,unused,No lesson-specific triage selected this indexed unit for its mapped syllabus or learning outcome.
moodle-programa,31-08,,unused,No lesson-specific triage selected this indexed unit for its mapped syllabus or learning outcome.
moodle-programa,identificacao-do-programa,,unused,No lesson-specific triage selected this indexed unit for its mapped syllabus or learning outcome.
moodle-programa,observacao-do-scrape,,unused,No lesson-specific triage selected this indexed unit for its mapped syllabus or learning outcome.
moodle-provenance,provenance-metadata,,unused,No lesson-specific triage selected this indexed unit for its mapped syllabus or learning outcome.
oc28-21,front-matter,,unused,No lesson-specific triage selected this indexed unit for its mapped syllabus or learning outcome.
oc28-21,ii-procedimiento-ante-la-corte,,unused,No lesson-specific triage selected this indexed unit for its mapped syllabus or learning outcome.
oc28-21,iii-a-requisito-formal-disposiciones,,unused,No lesson-specific triage selected this indexed unit for its mapped syllabus or learning outcome.
oc28-21,iii-b-peticiones-en-tramite,,unused,No lesson-specific triage selected this indexed unit for its mapped syllabus or learning outcome.
oc28-21,iii-c-competencia-instrumentos,,unused,No lesson-specific triage selected this indexed unit for its mapped syllabus or learning outcome.
oc28-21,iii-e-formulacion-preguntas,,unused,No lesson-specific triage selected this indexed unit for its mapped syllabus or learning outcome.
oc28-21,iii-intro-competencia-admisibilidad,,unused,No lesson-specific triage selected this indexed unit for its mapped syllabus or learning outcome.
oc28-21,pazmino-dissent-copy,,unused,No lesson-specific triage selected this indexed unit for its mapped syllabus or learning outcome.
oc28-21,resumen-oficial,,unused,No lesson-specific triage selected this indexed unit for its mapped syllabus or learning outcome.
oc28-21,zaffaroni-dissent-copy,,unused,No lesson-specific triage selected this indexed unit for its mapped syllabus or learning outcome.
scj-uruguay-20-2013,discordia-perez-manrique-i,,unused,No lesson-specific triage selected this indexed unit for its mapped syllabus or learning outcome.
scj-uruguay-20-2013,discordia-perez-manrique-ii,,unused,No lesson-specific triage selected this indexed unit for its mapped syllabus or learning outcome.
scj-uruguay-20-2013,discordia-perez-manrique-iii,,unused,No lesson-specific triage selected this indexed unit for its mapped syllabus or learning outcome.
scj-uruguay-20-2013,discordia-perez-manrique-iv,,unused,No lesson-specific triage selected this indexed unit for its mapped syllabus or learning outcome.
scj-uruguay-20-2013,documento-inicial,,unused,No lesson-specific triage selected this indexed unit for its mapped syllabus or learning outcome.
scj-uruguay-20-2013,mayoria-i,,unused,No lesson-specific triage selected this indexed unit for its mapped syllabus or learning outcome.
scj-uruguay-20-2013,mayoria-ii,,unused,No lesson-specific triage selected this indexed unit for its mapped syllabus or learning outcome.
scj-uruguay-20-2013,mayoria-iv,,unused,No lesson-specific triage selected this indexed unit for its mapped syllabus or learning outcome.
scj-uruguay-20-2013,mayoria-v,,unused,No lesson-specific triage selected this indexed unit for its mapped syllabus or learning outcome.
scj-uruguay-20-2013,resultando-1,,unused,No lesson-specific triage selected this indexed unit for its mapped syllabus or learning outcome.
scj-uruguay-20-2013,resultando-2,,unused,No lesson-specific triage selected this indexed unit for its mapped syllabus or learning outcome.
scj-uruguay-20-2013,resultando-3,,unused,No lesson-specific triage selected this indexed unit for its mapped syllabus or learning outcome.
scj-uruguay-20-2013,resultando-4,,unused,No lesson-specific triage selected this indexed unit for its mapped syllabus or learning outcome.
scj-uruguay-20-2013,resultando-5,,unused,No lesson-specific triage selected this indexed unit for its mapped syllabus or learning outcome.
scj-uruguay-20-2013,resultando-6,,unused,No lesson-specific triage selected this indexed unit for its mapped syllabus or learning outcome.
scj-uruguay-20-2013,vistos,,unused,No lesson-specific triage selected this indexed unit for its mapped syllabus or learning outcome.
scj-uruguay-65-2014,fallo-mayoria,,unused,No lesson-specific triage selected this indexed unit for its mapped syllabus or learning outcome.
scj-uruguay-65-2014,mayoria-1,,unused,No lesson-specific triage selected this indexed unit for its mapped syllabus or learning outcome.
scj-uruguay-65-2014,mayoria-2,,unused,No lesson-specific triage selected this indexed unit for its mapped syllabus or learning outcome.
scj-uruguay-65-2014,mayoria-3,,unused,No lesson-specific triage selected this indexed unit for its mapped syllabus or learning outcome.
scj-uruguay-65-2014,mayoria-4,,unused,No lesson-specific triage selected this indexed unit for its mapped syllabus or learning outcome.
scj-uruguay-65-2014,mayoria-5,,unused,No lesson-specific triage selected this indexed unit for its mapped syllabus or learning outcome.
scj-uruguay-65-2014,mayoria-6,,unused,No lesson-specific triage selected this indexed unit for its mapped syllabus or learning outcome.
scj-uruguay-65-2014,mayoria-7,,unused,No lesson-specific triage selected this indexed unit for its mapped syllabus or learning outcome.
scj-uruguay-65-2014,resultando-i,,unused,No lesson-specific triage selected this indexed unit for its mapped syllabus or learning outcome.
scj-uruguay-65-2014,resultando-ii,,unused,No lesson-specific triage selected this indexed unit for its mapped syllabus or learning outcome.
scj-uruguay-65-2014,resultando-iii,,unused,No lesson-specific triage selected this indexed unit for its mapped syllabus or learning outcome.
scj-uruguay-65-2014,resultando-iv,,unused,No lesson-specific triage selected this indexed unit for its mapped syllabus or learning outcome.
scj-uruguay-65-2014,resultando-v,,unused,No lesson-specific triage selected this indexed unit for its mapped syllabus or learning outcome.
scj-uruguay-65-2014,resultando-vi,,unused,No lesson-specific triage selected this indexed unit for its mapped syllabus or learning outcome.
scj-uruguay-65-2014,vistos,,unused,No lesson-specific triage selected this indexed unit for its mapped syllabus or learning outcome.
scp-0084-2017,i-antecedentes,,unused,No lesson-specific triage selected this indexed unit for its mapped syllabus or learning outcome.
scp-0084-2017,ii-conclusiones,,unused,No lesson-specific triage selected this indexed unit for its mapped syllabus or learning outcome.
scp-0084-2017,iii-1-control-normativo,,unused,No lesson-specific triage selected this indexed unit for its mapped syllabus or learning outcome.
scp-0084-2017,iii-2-control-convencionalidad,,unused,No lesson-specific triage selected this indexed unit for its mapped syllabus or learning outcome.
scp-0084-2017,iii-3-aplicacion-directa,,unused,No lesson-specific triage selected this indexed unit for its mapped syllabus or learning outcome.
scp-0084-2017,iii-4-antinomias,,unused,No lesson-specific triage selected this indexed unit for its mapped syllabus or learning outcome.
scp-0084-2017,iii-5-igualdad,,unused,No lesson-specific triage selected this indexed unit for its mapped syllabus or learning outcome.
scp-0084-2017,iii-6-interpretacion,,unused,No lesson-specific triage selected this indexed unit for its mapped syllabus or learning outcome.
scp-0084-2017,iii-7-analisis,,unused,No lesson-specific triage selected this indexed unit for its mapped syllabus or learning outcome.
scp-0084-2017,iii-fundamentos,,unused,No lesson-specific triage selected this indexed unit for its mapped syllabus or learning outcome.
t-025-04,anexos-y-referencias,,unused,No lesson-specific triage selected this indexed unit for its mapped syllabus or learning outcome.
t-025-04,antecedentes-hechos,,unused,No lesson-specific triage selected this indexed unit for its mapped syllabus or learning outcome.
t-025-04,competencia,,unused,No lesson-specific triage selected this indexed unit for its mapped syllabus or learning outcome.
t-025-04,considerando-5-1,,unused,No lesson-specific triage selected this indexed unit for its mapped syllabus or learning outcome.
t-025-04,considerando-5-2,,unused,No lesson-specific triage selected this indexed unit for its mapped syllabus or learning outcome.
t-025-04,considerando-5-3,,unused,No lesson-specific triage selected this indexed unit for its mapped syllabus or learning outcome.
t-025-04,considerando-5-contexto,,unused,No lesson-specific triage selected this indexed unit for its mapped syllabus or learning outcome.
t-025-04,considerando-6-1,,unused,No lesson-specific triage selected this indexed unit for its mapped syllabus or learning outcome.
t-025-04,considerando-6-2,,unused,No lesson-specific triage selected this indexed unit for its mapped syllabus or learning outcome.
t-025-04,considerando-6-3-2,,unused,No lesson-specific triage selected this indexed unit for its mapped syllabus or learning outcome.
t-025-04,considerando-6-3-contexto,,unused,No lesson-specific triage selected this indexed unit for its mapped syllabus or learning outcome.
t-025-04,considerando-6-contexto,,unused,No lesson-specific triage selected this indexed unit for its mapped syllabus or learning outcome.
t-025-04,considerando-8,,unused,No lesson-specific triage selected this indexed unit for its mapped syllabus or learning outcome.
t-025-04,considerando-9,,unused,No lesson-specific triage selected this indexed unit for its mapped syllabus or learning outcome.
t-025-04,cuestion-juridica,,unused,No lesson-specific triage selected this indexed unit for its mapped syllabus or learning outcome.
t-025-04,decision-contexto,,unused,No lesson-specific triage selected this indexed unit for its mapped syllabus or learning outcome.
t-025-04,encabezado-y-sintesis,,unused,No lesson-specific triage selected this indexed unit for its mapped syllabus or learning outcome.
t-025-04,firmas,,unused,No lesson-specific triage selected this indexed unit for its mapped syllabus or learning outcome.
t-025-04,legitimacion,,unused,No lesson-specific triage selected this indexed unit for its mapped syllabus or learning outcome.
t-025-04,pruebas-solicitadas,,unused,No lesson-specific triage selected this indexed unit for its mapped syllabus or learning outcome.
t-025-04,resumen-argumento-decision,,unused,No lesson-specific triage selected this indexed unit for its mapped syllabus or learning outcome.
t-025-04,temeridad,,unused,No lesson-specific triage selected this indexed unit for its mapped syllabus or learning outcome.
t-153-98,antecedentes-t143950,,unused,No lesson-specific triage selected this indexed unit for its mapped syllabus or learning outcome.
t-153-98,consideracion-03,,unused,No lesson-specific triage selected this indexed unit for its mapped syllabus or learning outcome.
t-153-98,consideracion-04,,unused,No lesson-specific triage selected this indexed unit for its mapped syllabus or learning outcome.
t-153-98,consideracion-05,,unused,No lesson-specific triage selected this indexed unit for its mapped syllabus or learning outcome.
t-153-98,consideracion-06,,unused,No lesson-specific triage selected this indexed unit for its mapped syllabus or learning outcome.
t-153-98,consideracion-07,,unused,No lesson-specific triage selected this indexed unit for its mapped syllabus or learning outcome.
t-153-98,consideracion-08,,unused,No lesson-specific triage selected this indexed unit for its mapped syllabus or learning outcome.
t-153-98,consideracion-09,,unused,No lesson-specific triage selected this indexed unit for its mapped syllabus or learning outcome.
t-153-98,consideracion-10,,unused,No lesson-specific triage selected this indexed unit for its mapped syllabus or learning outcome.
t-153-98,consideracion-11,,unused,No lesson-specific triage selected this indexed unit for its mapped syllabus or learning outcome.
t-153-98,consideracion-12,,unused,No lesson-specific triage selected this indexed unit for its mapped syllabus or learning outcome.
t-153-98,consideracion-13,,unused,No lesson-specific triage selected this indexed unit for its mapped syllabus or learning outcome.
t-153-98,consideracion-14,,unused,No lesson-specific triage selected this indexed unit for its mapped syllabus or learning outcome.
t-153-98,consideracion-15,,unused,No lesson-specific triage selected this indexed unit for its mapped syllabus or learning outcome.
t-153-98,consideracion-16,,unused,No lesson-specific triage selected this indexed unit for its mapped syllabus or learning outcome.
t-153-98,consideracion-17,,unused,No lesson-specific triage selected this indexed unit for its mapped syllabus or learning outcome.
t-153-98,consideracion-18,,unused,No lesson-specific triage selected this indexed unit for its mapped syllabus or learning outcome.
t-153-98,consideracion-19,,unused,No lesson-specific triage selected this indexed unit for its mapped syllabus or learning outcome.
t-153-98,consideracion-20,,unused,No lesson-specific triage selected this indexed unit for its mapped syllabus or learning outcome.
t-153-98,consideracion-21,,unused,No lesson-specific triage selected this indexed unit for its mapped syllabus or learning outcome.
t-153-98,consideracion-22,,unused,No lesson-specific triage selected this indexed unit for its mapped syllabus or learning outcome.
t-153-98,consideracion-23,,unused,No lesson-specific triage selected this indexed unit for its mapped syllabus or learning outcome.
t-153-98,consideracion-24,,unused,No lesson-specific triage selected this indexed unit for its mapped syllabus or learning outcome.
t-153-98,consideracion-25,,unused,No lesson-specific triage selected this indexed unit for its mapped syllabus or learning outcome.
t-153-98,consideracion-26,,unused,No lesson-specific triage selected this indexed unit for its mapped syllabus or learning outcome.
t-153-98,consideracion-27,,unused,No lesson-specific triage selected this indexed unit for its mapped syllabus or learning outcome.
t-153-98,consideracion-28,,unused,No lesson-specific triage selected this indexed unit for its mapped syllabus or learning outcome.
t-153-98,consideracion-29,,unused,No lesson-specific triage selected this indexed unit for its mapped syllabus or learning outcome.
t-153-98,consideracion-30,,unused,No lesson-specific triage selected this indexed unit for its mapped syllabus or learning outcome.
t-153-98,consideracion-31,,unused,No lesson-specific triage selected this indexed unit for its mapped syllabus or learning outcome.
t-153-98,consideracion-32,,unused,No lesson-specific triage selected this indexed unit for its mapped syllabus or learning outcome.
t-153-98,consideracion-33,,unused,No lesson-specific triage selected this indexed unit for its mapped syllabus or learning outcome.
t-153-98,consideracion-34,,unused,No lesson-specific triage selected this indexed unit for its mapped syllabus or learning outcome.
t-153-98,consideracion-35,,unused,No lesson-specific triage selected this indexed unit for its mapped syllabus or learning outcome.
t-153-98,consideracion-36,,unused,No lesson-specific triage selected this indexed unit for its mapped syllabus or learning outcome.
t-153-98,consideracion-37,,unused,No lesson-specific triage selected this indexed unit for its mapped syllabus or learning outcome.
t-153-98,consideracion-38,,unused,No lesson-specific triage selected this indexed unit for its mapped syllabus or learning outcome.
t-153-98,consideracion-39,,unused,No lesson-specific triage selected this indexed unit for its mapped syllabus or learning outcome.
t-153-98,consideracion-40,,unused,No lesson-specific triage selected this indexed unit for its mapped syllabus or learning outcome.
t-153-98,consideracion-41,,unused,No lesson-specific triage selected this indexed unit for its mapped syllabus or learning outcome.
t-153-98,consideracion-42,,unused,No lesson-specific triage selected this indexed unit for its mapped syllabus or learning outcome.
t-153-98,consideracion-43,,unused,No lesson-specific triage selected this indexed unit for its mapped syllabus or learning outcome.
t-153-98,consideracion-44,,unused,No lesson-specific triage selected this indexed unit for its mapped syllabus or learning outcome.
t-153-98,consideracion-45,,unused,No lesson-specific triage selected this indexed unit for its mapped syllabus or learning outcome.
t-153-98,consideracion-46,,unused,No lesson-specific triage selected this indexed unit for its mapped syllabus or learning outcome.
t-153-98,consideracion-47,,unused,No lesson-specific triage selected this indexed unit for its mapped syllabus or learning outcome.
t-153-98,consideracion-48,,unused,No lesson-specific triage selected this indexed unit for its mapped syllabus or learning outcome.
t-153-98,consideracion-49,,unused,No lesson-specific triage selected this indexed unit for its mapped syllabus or learning outcome.
t-153-98,consideracion-50,,unused,No lesson-specific triage selected this indexed unit for its mapped syllabus or learning outcome.
t-153-98,consideracion-52,,unused,No lesson-specific triage selected this indexed unit for its mapped syllabus or learning outcome.
t-153-98,consideracion-54,,unused,No lesson-specific triage selected this indexed unit for its mapped syllabus or learning outcome.
t-153-98,consideracion-56,,unused,No lesson-specific triage selected this indexed unit for its mapped syllabus or learning outcome.
t-153-98,consideracion-58,,unused,No lesson-specific triage selected this indexed unit for its mapped syllabus or learning outcome.
t-153-98,consideracion-59,,unused,No lesson-specific triage selected this indexed unit for its mapped syllabus or learning outcome.
t-153-98,consideracion-60,,unused,No lesson-specific triage selected this indexed unit for its mapped syllabus or learning outcome.
t-153-98,consideracion-61,,unused,No lesson-specific triage selected this indexed unit for its mapped syllabus or learning outcome.
t-153-98,consideracion-62,,unused,No lesson-specific triage selected this indexed unit for its mapped syllabus or learning outcome.
t-153-98,consideracion-63,,unused,No lesson-specific triage selected this indexed unit for its mapped syllabus or learning outcome.
t-153-98,sumario-identificacion,,unused,No lesson-specific triage selected this indexed unit for its mapped syllabus or learning outcome.
adpf347-merits-2023,ementa-acordao,aula-07.html,primary,"Ementa e acórdão de mérito (PDF pp. 4–10): itens 3–5 e 9–12 fundamentam a solução estrutural bifásica e dialógica, a participação, os planos e o monitoramento; distingue a maioria de 2023 da cautelar de 2015."
adpf347-merits-2023,extrato-ata-final,aula-07.html,primary,"Extrato de ata final (PDF pp. 330–332): registra o dispositivo de 04/10/2023, prazos, homologação, supervisão, tese e resultado do julgamento, inclusive vencido parcialmente o relator e não votação do sucessor."
