role,path,sha256,format,text status
BASE-PEREIRA-CAIO-MARIO-III,"/Users/benecles/Desktop/UFRGS 2026-2/Teoria Geral dos Contratos/02 Livros/Instituições de Direito Civil - Vol. III - Contratos (PEREIRA, Caio Mário da Silva).epub",f3d3e1219527d5d8778ebe2490666ec839fa6c3bf310410cbed2ffe568722aa0,EPUB,"No local text extraction/OCR status established; ebook container present | AVAILABLE local text; Volume III, 2014 (EPUB metadata date 2014; older than course-map 26ª ed./2024). Edition-age caution."
BASE-VENOSA,/Users/benecles/Desktop/UFRGS 2026-2/Teoria Geral dos Contratos/02 Livros/Direito civil - Contratos - 17ª Edição (Sílvio de Salvo Venosa).epub,02bf3c145bed75d59c60fa76a125501cf104c0cf6ae7268ba5d7bd8d77556dff,EPUB,"No local text extraction/OCR status established; ebook container present | AVAILABLE local text; 17ª ed., 2016 (older than course-map 26ª ed./2025). Edition-age caution; current arts. 421/421-A need current statute."
course slide deck/source,/Users/benecles/Desktop/UFRGS 2026-2/Teoria Geral dos Contratos/Aula 2 - Slides 27 a 45.pdf,107ab7f02288e83604a3544be73d890764aef0e2b021f20e08df51b13b255e0d,PDF,PDF selectable text verified in prior slide audit; slide extraction available in prior prep where named
course slide deck/source,/Users/benecles/Desktop/UFRGS 2026-2/Teoria Geral dos Contratos/Slides - Aula 1 até 26.pdf,677dfdf4bffed950401686932913f9dd3afbbbedf92760894730cb13b3acc1fb,PDF,PDF selectable text verified in prior slide audit; slide extraction available in prior prep where named
course slide deck/source,/Users/benecles/Desktop/UFRGS 2026-2/Teoria Geral dos Contratos/Slides aula 10 Moodle.pdf,15614e2d389ba007038677d9ec2b8c448d36455294a3bc5b6a167a06645d43f8,PDF,PDF selectable text verified in prior slide audit; slide extraction available in prior prep where named
course slide deck/source,/Users/benecles/Desktop/UFRGS 2026-2/Teoria Geral dos Contratos/Slides Aula 3.pdf,33391e848d2ebddfacf5899effd8dc59717b99cb00f4ddc51cefa3f224978a7f,PDF,PDF selectable text verified in prior slide audit; slide extraction available in prior prep where named
course slide deck/source,/Users/benecles/Desktop/UFRGS 2026-2/Teoria Geral dos Contratos/Slides Aula 5 Moodle.pdf,a9f152ad99a641f65965b15df4e308da6a0d76b9fedf8154ec17e37453894de6,PDF,PDF selectable text verified in prior slide audit; slide extraction available in prior prep where named
course slide deck/source,/Users/benecles/Desktop/UFRGS 2026-2/Teoria Geral dos Contratos/Slides Exceção e Classificação.pdf,e03100eeda4cf3058b672a3158d0cd0b9deaae0184b6dac6a7089111d39a0210,PDF,PDF selectable text verified in prior slide audit; slide extraction available in prior prep where named
course slide deck/source,/Users/benecles/Desktop/UFRGS 2026-2/Teoria Geral dos Contratos/Slides extras Aula 7.pdf,a10a79c0fecff1c7cdc6686ddbcbce3a3931cab99ff7dd996a5b71fd73593462,PDF,PDF selectable text verified in prior slide audit; slide extraction available in prior prep where named
course slide deck/source,/Users/benecles/Desktop/UFRGS 2026-2/Teoria Geral dos Contratos/slides Moodle aula 9.pdf,dd6128618c189ff0d03cac9f6adecdd572a8add0ba70ff52916ce6e0f1f240c5,PDF,PDF selectable text verified in prior slide audit; slide extraction available in prior prep where named
course syllabus/plano,/Users/benecles/Desktop/UFRGS 2026-2/Teoria Geral dos Contratos/Teoria Geral dos Contratos - GVB - 2026.2.pdf,3f38e08c4ea46faf1dfca6be6c9cdeac423ad2eac62574c227ff5b06714db2f9,PDF,PDF selectable text verified in prior prep (sampled pages); existing local extraction may be in prep text
course syllabus/plano text,/Users/benecles/Developer/ordenacoes-filipinas-workshop-tgc-pipe-1/work/contract-prep/text/Teoria Geral dos Contratos - GVB - 2026.2.txt,fe2078d5cd4239f1f8901e0af0864c375e8ea62108a97cec3aacd39208b66453,plain text UTF-8,Locally extracted source text; related source path in main inventory: /Users/benecles/Desktop/UFRGS 2026-2/Teoria Geral dos Contratos/Moodle/2026-08-23 scrape/dir02023-contracts/Teoria Geral dos Contratos - GVB - 2026.2.pdf; derived text path retained separately.
course-provided reading/case/resource,/Users/benecles/Desktop/UFRGS 2026-2/Teoria Geral dos Contratos/0478e611a1fedd2c5b09bc5131d38092.pdf,d88ec948a6233d4ed32ecbbc9cb686e8de2319b513935814f0f00e52ddecdfd6,PDF,PDF; text-layer/OCR not rechecked in metadata-only inventory; prior intake says six PDFs had no selectable text on sampled pp. 1–2 (identity not asserted)
course-provided reading/case/resource,/Users/benecles/Desktop/UFRGS 2026-2/Teoria Geral dos Contratos/2. Extinção dos contratos.pdf,5b0b7d98bfb6ad4ced351390862b6629786506837fa288a75cffafdb16d1df7d,PDF,PDF; text-layer/OCR not rechecked in metadata-only inventory; prior intake says six PDFs had no selectable text on sampled pp. 1–2 (identity not asserted)
course-provided reading/case/resource,/Users/benecles/Desktop/UFRGS 2026-2/Teoria Geral dos Contratos/28-10-2014 (2)onerosidade excessiva a revisão Contratual no direito privado brasileiro (1).pdf,5a2d3ee7da28a360cf160bc2063070a2988cb66f35409435d1bb2c1708521d65,PDF,PDF; text-layer/OCR not rechecked in metadata-only inventory; prior intake says six PDFs had no selectable text on sampled pp. 1–2 (identity not asserted)
course-provided reading/case/resource,/Users/benecles/Desktop/UFRGS 2026-2/Teoria Geral dos Contratos/6587f7a11afbb5d91cc0aed59a2c63cf.pdf,4f944414c2350b1961d0911c46ad169c26a02640d9096505a0800f252e421f09,PDF,PDF; text-layer/OCR not rechecked in metadata-only inventory; prior intake says six PDFs had no selectable text on sampled pp. 1–2 (identity not asserted)
course-provided reading/case/resource,/Users/benecles/Desktop/UFRGS 2026-2/Teoria Geral dos Contratos/96c81d0b3d729239ff918ff76d83559a.pdf,4d503f89737c1ca2fdc30255bc7c14aa4d627ead53a8dfbea073bba912f3eab2,PDF,PDF; text-layer/OCR not rechecked in metadata-only inventory; prior intake says six PDFs had no selectable text on sampled pp. 1–2 (identity not asserted)
course-provided reading/case/resource,/Users/benecles/Desktop/UFRGS 2026-2/Teoria Geral dos Contratos/A aceitação pelo silencio. CISG Brasil e Portugal.pdf,e7a95396782390068029c962e0636d1931bc56d8fc39b9f027f9431f870ce725,PDF,PDF; text-layer/OCR not rechecked in metadata-only inventory; prior intake says six PDFs had no selectable text on sampled pp. 1–2 (identity not asserted)
course-provided reading/case/resource,/Users/benecles/Desktop/UFRGS 2026-2/Teoria Geral dos Contratos/Acórdão Exceção Inseguridade.pdf,737fe375341901e8b870ff93a3b9a5cf650b612d375c3490ed27abfbf8965de1,PDF,PDF; text-layer/OCR not rechecked in metadata-only inventory; prior intake says six PDFs had no selectable text on sampled pp. 1–2 (identity not asserted)
course-provided reading/case/resource,/Users/benecles/Desktop/UFRGS 2026-2/Teoria Geral dos Contratos/Acórdão Princípio da Boa-Fé Objetiva.pdf,76517b642ffa9a47f65b926b45b1d8d68799fcf2b601609c55af5d220399f5f7,PDF,PDF; text-layer/OCR not rechecked in metadata-only inventory; prior intake says six PDFs had no selectable text on sampled pp. 1–2 (identity not asserted)
course-provided reading/case/resource,/Users/benecles/Desktop/UFRGS 2026-2/Teoria Geral dos Contratos/AcórdãoTJDFLesão (1).pdf,f02a37983f25622e069ffd1bcca44bf0a683ec624b559c6c38d6c71f4cfec51a,PDF,PDF; text-layer/OCR not rechecked in metadata-only inventory; prior intake says six PDFs had no selectable text on sampled pp. 1–2 (identity not asserted)
course-provided reading/case/resource,/Users/benecles/Desktop/UFRGS 2026-2/Teoria Geral dos Contratos/Agência África é condenada por aliciar Zeca Pagodinho.pdf,8ceb5f61fd80fa472fc414e7e4b8978948fa3b4e9aac318568b08e364e79eefe,PDF,PDF; text-layer/OCR not rechecked in metadata-only inventory; prior intake says six PDFs had no selectable text on sampled pp. 1–2 (identity not asserted)
course-provided reading/case/resource,"/Users/benecles/Desktop/UFRGS 2026-2/Teoria Geral dos Contratos/AGUIAR JÚNIOR, Ruy Rosado de. Contratos relacionais, existenciais e de lucro..pdf",edd7a646ccf54a38751e305438d61e9bf77384516f505d88a760194d5cf021ba,PDF,PDF; text-layer/OCR not rechecked in metadata-only inventory; prior intake says six PDFs had no selectable text on sampled pp. 1–2 (identity not asserted)
course-provided reading/case/resource,/Users/benecles/Desktop/UFRGS 2026-2/Teoria Geral dos Contratos/Artigo - os três tempos do Código Civil de 1916 a boa-fé contratual.pdf,66495c557cb3a8c0dbd6ef4550707bd70be39aedac4ce372c8033a34a36fe47c,PDF,PDF; text-layer/OCR not rechecked in metadata-only inventory; prior intake says six PDFs had no selectable text on sampled pp. 1–2 (identity not asserted)
course-provided reading/case/resource,/Users/benecles/Desktop/UFRGS 2026-2/Teoria Geral dos Contratos/Artigo Função Social dos Contratos - Prof. Gerson Branco.pdf,67f1d5cdc89df7f112c08c7d4cf846294c719b9d0e237ea0d7045829a4ffcab9,PDF,PDF; text-layer/OCR not rechecked in metadata-only inventory; prior intake says six PDFs had no selectable text on sampled pp. 1–2 (identity not asserted)
course-provided reading/case/resource,/Users/benecles/Desktop/UFRGS 2026-2/Teoria Geral dos Contratos/Artigo O Destinatário FInal e o Consumidor Intermediário.pdf,3e93aef13c1fe659338d5838ad9ebe829b13c9b57c69dee3f679f2453744b921,PDF,PDF; text-layer/OCR not rechecked in metadata-only inventory; prior intake says six PDFs had no selectable text on sampled pp. 1–2 (identity not asserted)
course-provided reading/case/resource,/Users/benecles/Desktop/UFRGS 2026-2/Teoria Geral dos Contratos/Artigo Princípios Contratuais - Antonio Junqueira de Azevedo.pdf,202bcbb845415a7caf1b3525ee70caaacfd3896881fea19b89d672331795625d,PDF,PDF; text-layer/OCR not rechecked in metadata-only inventory; prior intake says six PDFs had no selectable text on sampled pp. 1–2 (identity not asserted)
course-provided reading/case/resource,/Users/benecles/Desktop/UFRGS 2026-2/Teoria Geral dos Contratos/Caso Disney - Notícia NBC News.pdf,09e4874400dd7e1753d8e4ef8496d36d3dd7b76fbc0e5ff96c27db3dcb316b9a,PDF,PDF; text-layer/OCR not rechecked in metadata-only inventory; prior intake says six PDFs had no selectable text on sampled pp. 1–2 (identity not asserted)
course-provided reading/case/resource,/Users/benecles/Desktop/UFRGS 2026-2/Teoria Geral dos Contratos/Conceito Contrato Judith Martins Costa.pdf,5a17fd9972856ebefa80cfcae43390c02da3435697d6a0b24485c79e4f3838bb,PDF,PDF; text-layer/OCR not rechecked in metadata-only inventory; prior intake says six PDFs had no selectable text on sampled pp. 1–2 (identity not asserted)
course-provided reading/case/resource,/Users/benecles/Desktop/UFRGS 2026-2/Teoria Geral dos Contratos/Francisco Marino. Revisão contratual_Trechos_v2.pdf,4055956d6e06055f29e65af8b824a2972fd4048a11ad0eb385e5596333d27bc5,PDF,PDF; text-layer/OCR not rechecked in metadata-only inventory; prior intake says six PDFs had no selectable text on sampled pp. 1–2 (identity not asserted)
course-provided reading/case/resource,"/Users/benecles/Desktop/UFRGS 2026-2/Teoria Geral dos Contratos/Luis Renato Ferreira da Silva, Cessão de Posição Contratual, Aula 6.pdf",59132bc7fd17065c00d43417cf5eceebadad6345a9af843684a9fcd67cfb4a31,PDF,PDF; text-layer/OCR not rechecked in metadata-only inventory; prior intake says six PDFs had no selectable text on sampled pp. 1–2 (identity not asserted)
course-provided reading/case/resource,/Users/benecles/Desktop/UFRGS 2026-2/Teoria Geral dos Contratos/Luis Renato Ferreira da Silva. Revisão dos Contratos.pdf,358cd8bcfa42ebe0b11b48d57715726899a4d899b54c29dd2d5855ecc5631d76,PDF,PDF; text-layer/OCR not rechecked in metadata-only inventory; prior intake says six PDFs had no selectable text on sampled pp. 1–2 (identity not asserted)
course-provided reading/case/resource,"/Users/benecles/Desktop/UFRGS 2026-2/Teoria Geral dos Contratos/MARTINS-COSTA, J. Impossibilidade de prestar e excessiva onerosidade superveniente na relação entre shopping center e seus lojistas..pdf",451a293a29311fd9dfbe159f5a3bcdf0d814b7d9c38aac18e5c91c0f930588f6,PDF,PDF; text-layer/OCR not rechecked in metadata-only inventory; prior intake says six PDFs had no selectable text on sampled pp. 1–2 (identity not asserted)
course-provided reading/case/resource,"/Users/benecles/Desktop/UFRGS 2026-2/Teoria Geral dos Contratos/MIRAGEM, Bruno. Contratos de consumo e tutela do consumidor vulnerável em relação aos efeitos da pandemia de coronavírus..pdf",62491a4115c2ebc75f3c33b2ecd991957dbc1e112bd1c7c06606b27b124857e1,PDF,PDF; text-layer/OCR not rechecked in metadata-only inventory; prior intake says six PDFs had no selectable text on sampled pp. 1–2 (identity not asserted)
course-provided reading/case/resource,/Users/benecles/Desktop/UFRGS 2026-2/Teoria Geral dos Contratos/Moodle Aula 6.pdf,057ecf0e4573cf9a39cee8cb3307d2e6259a4163b6237cca53fa8a9c18a23f8b,PDF,PDF; text-layer/OCR not rechecked in metadata-only inventory; prior intake says six PDFs had no selectable text on sampled pp. 1–2 (identity not asserted)
course-provided reading/case/resource,/Users/benecles/Desktop/UFRGS 2026-2/Teoria Geral dos Contratos/PONTES DE MIRANDA. Tratado de Direito Privado v. 25_trechos-3.pdf,8cf715ea30634954f9d309d7328b5608bbf6f952c9474d747945cbf7ff6a43ae,PDF,PDF; text-layer/OCR not rechecked in metadata-only inventory; prior intake says six PDFs had no selectable text on sampled pp. 1–2 (identity not asserted)
course-provided reading/case/resource,/Users/benecles/Desktop/UFRGS 2026-2/Teoria Geral dos Contratos/PONTES DE MIRANDA. Tratado de Direito Privado v. 25_trechos-4.pdf,6d2e11ac5a3a0343d338e044e400a9fbce3e283e2430341612c81c017fbbf5ab,PDF,PDF; text-layer/OCR not rechecked in metadata-only inventory; prior intake says six PDFs had no selectable text on sampled pp. 1–2 (identity not asserted)
course-provided reading/case/resource,/Users/benecles/Desktop/UFRGS 2026-2/Teoria Geral dos Contratos/PONTES DE MIRANDA. Tratado de Direito Privado v. 25_trechos-5.pdf,6c0315061182d0e20eeae83da3bff48f7ce758eab850ebf6ddd0d8bb0ea7249d,PDF,PDF; text-layer/OCR not rechecked in metadata-only inventory; prior intake says six PDFs had no selectable text on sampled pp. 1–2 (identity not asserted)
course-provided reading/case/resource,/Users/benecles/Desktop/UFRGS 2026-2/Teoria Geral dos Contratos/REsp - Caso Zeca Pagodinho.pdf,61d52672b02df628bde54be5bc520997d4b53ebffc2e0129d13c6730099b6113,PDF,PDF; text-layer/OCR not rechecked in metadata-only inventory; prior intake says six PDFs had no selectable text on sampled pp. 1–2 (identity not asserted)
course-provided reading/case/resource,/Users/benecles/Desktop/UFRGS 2026-2/Teoria Geral dos Contratos/REsp - contrato preliminar não pode ter eficácia maior que o definitivo.pdf,b7a7e0178402059a550d5c4f1817e4cea24666a871140eee7894dfb4f034464d,PDF,PDF; text-layer/OCR not rechecked in metadata-only inventory; prior intake says six PDFs had no selectable text on sampled pp. 1–2 (identity not asserted)
course-provided reading/case/resource,/Users/benecles/Desktop/UFRGS 2026-2/Teoria Geral dos Contratos/REsp - evicção.pdf,09a9b60553e5644b34c5cce252a9f4b3e3cea916a2470d64d0a569166ad862f5,PDF,PDF; text-layer/OCR not rechecked in metadata-only inventory; prior intake says six PDFs had no selectable text on sampled pp. 1–2 (identity not asserted)
course-provided reading/case/resource,/Users/benecles/Desktop/UFRGS 2026-2/Teoria Geral dos Contratos/REsp - exceptio non adimpleti contractus.pdf,906758d8ab3d14d566733e585d0bbe3d7df2d7effbc87c0fa44bb0b872907cbe,PDF,PDF; text-layer/OCR not rechecked in metadata-only inventory; prior intake says six PDFs had no selectable text on sampled pp. 1–2 (identity not asserted)
course-provided reading/case/resource,/Users/benecles/Desktop/UFRGS 2026-2/Teoria Geral dos Contratos/REsp - promessa de fato de terceiro.pdf,65a9d894e38633fb9d43d679abf076a7accb6e94a1ad9c8b002f2336018d1702,PDF,PDF; text-layer/OCR not rechecked in metadata-only inventory; prior intake says six PDFs had no selectable text on sampled pp. 1–2 (identity not asserted)
course-provided reading/case/resource,/Users/benecles/Desktop/UFRGS 2026-2/Teoria Geral dos Contratos/REsp - Responsabilidade Pré Contratual.pdf,933d9f9b9b9ce5916b18d990a3fe59b1f2b94669f29f36c1875fb9c42fb62f2d,PDF,PDF; text-layer/OCR not rechecked in metadata-only inventory; prior intake says six PDFs had no selectable text on sampled pp. 1–2 (identity not asserted)
course-provided reading/case/resource,/Users/benecles/Desktop/UFRGS 2026-2/Teoria Geral dos Contratos/RESP 1505002 - Eike.pdf,54ccb335d727818367830e5a1069df836fa662070faf12f0873cb3b7970e1eb9,PDF,PDF; text-layer/OCR not rechecked in metadata-only inventory; prior intake says six PDFs had no selectable text on sampled pp. 1–2 (identity not asserted)
course-provided reading/case/resource,/Users/benecles/Desktop/UFRGS 2026-2/Teoria Geral dos Contratos/REsp Função Social do Contrato.pdf,bba6b231cc139365bf399405ca3051906cf79c23d72c5e0d657eb4d3c2c6d26a,PDF,PDF; text-layer/OCR not rechecked in metadata-only inventory; prior intake says six PDFs had no selectable text on sampled pp. 1–2 (identity not asserted)
course-provided reading/case/resource,/Users/benecles/Desktop/UFRGS 2026-2/Teoria Geral dos Contratos/RESP-1040606_Distrato.pdf,0a45db43da4e0a75765e27d84114c2264341872ac6c188d8fa99494a441b2523,PDF,PDF; text-layer/OCR not rechecked in metadata-only inventory; prior intake says six PDFs had no selectable text on sampled pp. 1–2 (identity not asserted)
course-provided reading/case/resource,/Users/benecles/Desktop/UFRGS 2026-2/Teoria Geral dos Contratos/RESP-1112796_Denúncia e aviso prévio.pdf,5c40eeadd0f4a7c2e3b3ac33596024040984000952b2b3147442e6478e569484,PDF,PDF; text-layer/OCR not rechecked in metadata-only inventory; prior intake says six PDFs had no selectable text on sampled pp. 1–2 (identity not asserted)
course-provided reading/case/resource,/Users/benecles/Desktop/UFRGS 2026-2/Teoria Geral dos Contratos/RESP-15339-Assis.pdf,91bfbcc29b84b8ee6e15dca54e4d82e0c74a11f19df87ecf55500f27195518c0,PDF,PDF; text-layer/OCR not rechecked in metadata-only inventory; prior intake says six PDFs had no selectable text on sampled pp. 1–2 (identity not asserted)
course-provided reading/case/resource,/Users/benecles/Desktop/UFRGS 2026-2/Teoria Geral dos Contratos/RESP_1013976_SP_Interpretação art 112.pdf,0e46ecefb53810912f629a2d33c49510437e465e73b3fd6a7ec617dfcd260f56,PDF,PDF; text-layer/OCR not rechecked in metadata-only inventory; prior intake says six PDFs had no selectable text on sampled pp. 1–2 (identity not asserted)
course-provided reading/case/resource,/Users/benecles/Desktop/UFRGS 2026-2/Teoria Geral dos Contratos/RESP_1104363_PE_1263848847595.pdf,94738ae81e54f132b5673d1d8727fb58a2ddff0b1f4a4d94840f2ed184f44812,PDF,PDF; text-layer/OCR not rechecked in metadata-only inventory; prior intake says six PDFs had no selectable text on sampled pp. 1–2 (identity not asserted)
course-provided reading/case/resource,/Users/benecles/Desktop/UFRGS 2026-2/Teoria Geral dos Contratos/STJ - Consumidor PJ_ vulnerabilidade de empresas na relação de consumo.pdf,bc5bfacee5b320ffd70dcd17f8d288fa1df87d81c5f3e2f83237c74bcbdbf08a,PDF,PDF; text-layer/OCR not rechecked in metadata-only inventory; prior intake says six PDFs had no selectable text on sampled pp. 1–2 (identity not asserted)
course-provided reading/case/resource,/Users/benecles/Desktop/UFRGS 2026-2/Teoria Geral dos Contratos/STJ Ação Rescisória 7296 - interpretação literal.pdf,ba17c2a646ffa42d03c9d1dc9268a2088067dcfd82d09edf7b2923dd22960f72,PDF,PDF; text-layer/OCR not rechecked in metadata-only inventory; prior intake says six PDFs had no selectable text on sampled pp. 1–2 (identity not asserted)
course-provided reading/case/resource,/Users/benecles/Desktop/UFRGS 2026-2/Teoria Geral dos Contratos/STJ RESp 1.938.997 - interpretação restritiva.pdf,b72a164e83b3b9c90ff46828bff2d7ec6b2cb1f4a8d3ca2a31bddd36fd6948e2,PDF,PDF; text-layer/OCR not rechecked in metadata-only inventory; prior intake says six PDFs had no selectable text on sampled pp. 1–2 (identity not asserted)
course-provided reading/case/resource,/Users/benecles/Desktop/UFRGS 2026-2/Teoria Geral dos Contratos/STJ_AGINT-ARESP_1521140_d0e72.pdf,77236cddaed2e623c45d02fb87b1c2685d2ce3bec332a98b1863be41e989b7ae,PDF,PDF; text-layer/OCR not rechecked in metadata-only inventory; prior intake says six PDFs had no selectable text on sampled pp. 1–2 (identity not asserted)
course-provided reading/case/resource,/Users/benecles/Desktop/UFRGS 2026-2/Teoria Geral dos Contratos/STJ_AGINT-ARESP_1679541_Comportamento posterior - franquia.pdf,b2134e013728f55e691b824dd06da624d6640e1e7ea81fe628e8fefbad9b6bfe,PDF,PDF; text-layer/OCR not rechecked in metadata-only inventory; prior intake says six PDFs had no selectable text on sampled pp. 1–2 (identity not asserted)
course-provided reading/case/resource,/Users/benecles/Desktop/UFRGS 2026-2/Teoria Geral dos Contratos/STJ_AGINT-ARESP_2282332_73cdd.pdf,49ea146688ab829293fcd783d14645deeba4cfb292acdcb3037e48a7834165b1,PDF,PDF; text-layer/OCR not rechecked in metadata-only inventory; prior intake says six PDFs had no selectable text on sampled pp. 1–2 (identity not asserted)
course-provided reading/case/resource,/Users/benecles/Desktop/UFRGS 2026-2/Teoria Geral dos Contratos/STJ_AGINT-RESP_1736829_19f50.pdf,c3c554945d826a79e7903bcd1deb7793d4dfdc063ba1e6a11c2fbebe9c82d661,PDF,PDF; text-layer/OCR not rechecked in metadata-only inventory; prior intake says six PDFs had no selectable text on sampled pp. 1–2 (identity not asserted)
course-provided reading/case/resource,/Users/benecles/Desktop/UFRGS 2026-2/Teoria Geral dos Contratos/STJ_RESP_1907391_5edad.pdf,45bb9246d573497b89ca713f03381001477c99681439257ed7ecfb45e7e51455,PDF,PDF; text-layer/OCR not rechecked in metadata-only inventory; prior intake says six PDFs had no selectable text on sampled pp. 1–2 (identity not asserted)
course-provided reading/case/resource,"/Users/benecles/Desktop/UFRGS 2026-2/Teoria Geral dos Contratos/TERRA, Aline. Cláusula resolutiva expressa como instrumento privilegiado de gestão de riscos contratuais.pdf",085e9e05dc972b9f78c4e6b8b4175508b2abb7f2f7b6bd29a5f0aa8d80f64c80,PDF,PDF; text-layer/OCR not rechecked in metadata-only inventory; prior intake says six PDFs had no selectable text on sampled pp. 1–2 (identity not asserted)
course-provided reading/case/resource,/Users/benecles/Desktop/UFRGS 2026-2/Teoria Geral dos Contratos/TJSP AC 1000680-03.2021.8.26.0108 - comportamento posterior - cessão de quotas.pdf,9a467b31cea8756180b3f85cffc4751993c317b9fe82bd291df59fc302203ab0,PDF,PDF; text-layer/OCR not rechecked in metadata-only inventory; prior intake says six PDFs had no selectable text on sampled pp. 1–2 (identity not asserted)
course-provided reading/case/resource,"/Users/benecles/Desktop/UFRGS 2026-2/Teoria Geral dos Contratos/VERSIANI, Fernanda. Dever de informar versus dever de manter-se informado_ a boa-fé nos contratos..pdf",aa174654e92d0ba09bc058c97c7bea773ffbdff0ab3dab24b4cf6915c14d9bd4,PDF,PDF; text-layer/OCR not rechecked in metadata-only inventory; prior intake says six PDFs had no selectable text on sampled pp. 1–2 (identity not asserted)
course-provided reading/case/resource,"/Users/benecles/Desktop/UFRGS 2026-2/Teoria Geral dos Contratos/ZANINI, L. E. de A. Contratação na Sociedade Massificada..pdf",429ec6746734090e0d305a2575dd38ce6585b2fd9fed563c1b6fa07c05a93c2b,PDF,PDF; text-layer/OCR not rechecked in metadata-only inventory; prior intake says six PDFs had no selectable text on sampled pp. 1–2 (identity not asserted)
court decision/case text,/Users/benecles/Developer/ordenacoes-filipinas-workshop-tgc-pipe-1/work/contract-prep/text/Acórdão Exceção Inseguridade.txt,cd83a9d5da815ca303997ec5ef3d53f3f1a0f558c2e029ce6e45202446c379bb,plain text UTF-8,Locally extracted source text; related source path in main inventory: /Users/benecles/Desktop/UFRGS 2026-2/Teoria Geral dos Contratos/Moodle/2026-08-23 scrape/dir02023-contracts/Acórdão Exceção Inseguridade.pdf; derived text path retained separately.
court decision/case text,/Users/benecles/Developer/ordenacoes-filipinas-workshop-tgc-pipe-1/work/contract-prep/text/Acórdão Princípio da Boa-Fé Objetiva.txt,493c9afcd767f43d6d8e60cf88fdf22f06c94b00861d151cffa8be93285aefd9,plain text UTF-8,Locally extracted source text; related source path in main inventory: /Users/benecles/Desktop/UFRGS 2026-2/Teoria Geral dos Contratos/Moodle/2026-08-23 scrape/dir02023-contracts/Acórdão Princípio da Boa-Fé Objetiva.pdf; derived text path retained separately.
court decision/case text,/Users/benecles/Developer/ordenacoes-filipinas-workshop-tgc-pipe-1/work/contract-prep/text/AcórdãoTJDFLesão (1).txt,76a1cc072b0b7e4ceb94de0456f02bab085f5acc98bf1a31c643f2ecda29ac15,plain text UTF-8,Locally extracted source text; related source path in main inventory: /Users/benecles/Desktop/UFRGS 2026-2/Teoria Geral dos Contratos/Moodle/2026-08-23 scrape/dir02023-contracts/AcórdãoTJDFLesão (1).pdf; derived text path retained separately.
court decision/case text,/Users/benecles/Developer/ordenacoes-filipinas-workshop-tgc-pipe-1/work/contract-prep/text/ocr/resp-1104363-pe-1263848847595.txt,550e371a467949f4c49189b22ecb9cf0b6c546b8b253f8fa4ee95dae99122e62,plain text UTF-8,Tesseract OCR text output; related source path in main inventory: /Users/benecles/Desktop/UFRGS 2026-2/Teoria Geral dos Contratos/RESP_1104363_PE_1263848847595.pdf; derived text path retained separately.
court decision/case text,/Users/benecles/Developer/ordenacoes-filipinas-workshop-tgc-pipe-1/work/contract-prep/text/ocr/resp-15339-assis.txt,e01289d1ca08c5f8c3fc93d6bc81bb90ca3bef2f5b215b2a6b4e0bd855c862b2,plain text UTF-8,Tesseract OCR text output; related source path in main inventory: /Users/benecles/Desktop/UFRGS 2026-2/Teoria Geral dos Contratos/Moodle/2026-08-23 scrape/dir02023-contracts/RESP-15339-Assis.pdf; derived text path retained separately.
court decision/case text,/Users/benecles/Developer/ordenacoes-filipinas-workshop-tgc-pipe-1/work/contract-prep/text/ocr/stj-agint-aresp-1521140-d0e72.txt,2e133720151f59565f18b1c34317fc68bdca69dcbb588cece46b6cf5b501b97a,plain text UTF-8,Tesseract OCR text output; related source path in main inventory: /Users/benecles/Desktop/UFRGS 2026-2/Teoria Geral dos Contratos/STJ_AGINT-ARESP_1521140_d0e72.pdf; derived text path retained separately.
court decision/case text,/Users/benecles/Developer/ordenacoes-filipinas-workshop-tgc-pipe-1/work/contract-prep/text/ocr/stj-agint-aresp-2282332-73cdd.txt,43305d0f559360dbf84b869c5dd4eaad928d06f467a7176b4a6fda2bbcd1991e,plain text UTF-8,Tesseract OCR text output; related source path in main inventory: /Users/benecles/Desktop/UFRGS 2026-2/Teoria Geral dos Contratos/STJ_AGINT-ARESP_2282332_73cdd.pdf; derived text path retained separately.
court decision/case text,/Users/benecles/Developer/ordenacoes-filipinas-workshop-tgc-pipe-1/work/contract-prep/text/ocr/stj-agint-resp-1736829-19f50.txt,669a0a490f95ff79f50daa401ac414fa0b0d14f0f1d6fea644f2339213413925,plain text UTF-8,Tesseract OCR text output; related source path in main inventory: /Users/benecles/Desktop/UFRGS 2026-2/Teoria Geral dos Contratos/STJ_AGINT-RESP_1736829_19f50.pdf; derived text path retained separately.
court decision/case text,/Users/benecles/Developer/ordenacoes-filipinas-workshop-tgc-pipe-1/work/contract-prep/text/ocr/stj-resp-1907391-5edad.txt,59bda41622b369554ee7ad6bc3ff0e71922cb392d12d8a4768e5e0449340f7d0,plain text UTF-8,Tesseract OCR text output; related source path in main inventory: /Users/benecles/Desktop/UFRGS 2026-2/Teoria Geral dos Contratos/STJ_RESP_1907391_5edad.pdf; derived text path retained separately.
court decision/case text,/Users/benecles/Developer/ordenacoes-filipinas-workshop-tgc-pipe-1/work/contract-prep/text/REsp - Caso Zeca Pagodinho.txt,3c38c26a1228d2a921d60a227d38c73f9328650df875c498b4d0fb45414e1614,plain text UTF-8,Locally extracted source text; related source path in main inventory: /Users/benecles/Desktop/UFRGS 2026-2/Teoria Geral dos Contratos/Moodle/2026-08-23 scrape/dir02023-contracts/REsp - Caso Zeca Pagodinho.pdf; derived text path retained separately.
court decision/case text,/Users/benecles/Developer/ordenacoes-filipinas-workshop-tgc-pipe-1/work/contract-prep/text/REsp - contrato preliminar não pode ter eficácia maior que o definitivo.txt,a7e11a9d91372174efac2097a130d780ec5a29dd3b815bccb45c6402debdfde0,plain text UTF-8,Locally extracted source text; related source path in main inventory: /Users/benecles/Desktop/UFRGS 2026-2/Teoria Geral dos Contratos/Moodle/2026-08-23 scrape/dir02023-contracts/REsp - contrato preliminar não pode ter eficácia maior que o definitivo.pdf; derived text path retained separately.
court decision/case text,/Users/benecles/Developer/ordenacoes-filipinas-workshop-tgc-pipe-1/work/contract-prep/text/REsp - evicção.txt,b27731bd19468a2c68e8e9e0510aed0d6f58d489290ff0e9232b7201cc66a2d5,plain text UTF-8,Locally extracted source text; related source path in main inventory: /Users/benecles/Desktop/UFRGS 2026-2/Teoria Geral dos Contratos/Moodle/2026-08-23 scrape/dir02023-contracts/REsp - evicção.pdf; derived text path retained separately.
court decision/case text,/Users/benecles/Developer/ordenacoes-filipinas-workshop-tgc-pipe-1/work/contract-prep/text/REsp - exceptio non adimpleti contractus.txt,a04fb498bf6b1ee28746076cd5508edd75d0f4056eb6edb06149f564322c88e0,plain text UTF-8,Locally extracted source text; related source path in main inventory: /Users/benecles/Desktop/UFRGS 2026-2/Teoria Geral dos Contratos/Moodle/2026-08-23 scrape/dir02023-contracts/REsp - exceptio non adimpleti contractus.pdf; derived text path retained separately.
court decision/case text,/Users/benecles/Developer/ordenacoes-filipinas-workshop-tgc-pipe-1/work/contract-prep/text/REsp - promessa de fato de terceiro.txt,e4f897894be688768ae02d103b0f652fe82c1325bfe938185648ef9704516962,plain text UTF-8,Locally extracted source text; related source path in main inventory: /Users/benecles/Desktop/UFRGS 2026-2/Teoria Geral dos Contratos/Moodle/2026-08-23 scrape/dir02023-contracts/REsp - promessa de fato de terceiro.pdf; derived text path retained separately.
court decision/case text,/Users/benecles/Developer/ordenacoes-filipinas-workshop-tgc-pipe-1/work/contract-prep/text/REsp - Responsabilidade Pré Contratual.txt,0aaddffe565238dd050edb219eb1b74cb8d0b93fb6899ea5ba5a38a99c1aeb4c,plain text UTF-8,Locally extracted source text; related source path in main inventory: /Users/benecles/Desktop/UFRGS 2026-2/Teoria Geral dos Contratos/Moodle/2026-08-23 scrape/dir02023-contracts/REsp - Responsabilidade Pré Contratual.pdf; derived text path retained separately.
court decision/case text,/Users/benecles/Developer/ordenacoes-filipinas-workshop-tgc-pipe-1/work/contract-prep/text/RESP 1505002 - Eike.txt,e10e1b15bf6528f215b6df104eb4ec7a43d5d40f43183074ac0329cbc5020ae3,plain text UTF-8,Locally extracted source text; related source path in main inventory: /Users/benecles/Desktop/UFRGS 2026-2/Teoria Geral dos Contratos/Moodle/2026-08-23 scrape/dir02023-contracts/RESP 1505002 - Eike.pdf; derived text path retained separately.
court decision/case text,/Users/benecles/Developer/ordenacoes-filipinas-workshop-tgc-pipe-1/work/contract-prep/text/REsp Função Social do Contrato.txt,0def20676c06cdf2bb83b285dec1cb11d9b252b7b417b8dd320cd6c9730a21ad,plain text UTF-8,Locally extracted source text; related source path in main inventory: /Users/benecles/Desktop/UFRGS 2026-2/Teoria Geral dos Contratos/Moodle/2026-08-23 scrape/dir02023-contracts/REsp Função Social do Contrato.pdf; derived text path retained separately.
court decision/case text,/Users/benecles/Developer/ordenacoes-filipinas-workshop-tgc-pipe-1/work/contract-prep/text/RESP-1040606_Distrato.txt,28a7be7572294171ec6fddf09bbe7b82600c90af0cddf10d00239e4db61e05fe,plain text UTF-8,Locally extracted source text; related source path in main inventory: /Users/benecles/Desktop/UFRGS 2026-2/Teoria Geral dos Contratos/Moodle/2026-08-23 scrape/dir02023-contracts/RESP-1040606_Distrato.pdf; derived text path retained separately.
court decision/case text,/Users/benecles/Developer/ordenacoes-filipinas-workshop-tgc-pipe-1/work/contract-prep/text/RESP-1112796_Denúncia e aviso prévio.txt,6dbdeafb1f0794add71052ee32a10d1364638d7fde0848eefc7fddb1ab3549ba,plain text UTF-8,Locally extracted source text; related source path in main inventory: /Users/benecles/Desktop/UFRGS 2026-2/Teoria Geral dos Contratos/Moodle/2026-08-23 scrape/dir02023-contracts/RESP-1112796_Denúncia e aviso prévio.pdf; derived text path retained separately.
court decision/case text,/Users/benecles/Developer/ordenacoes-filipinas-workshop-tgc-pipe-1/work/contract-prep/text/RESP-15339-Assis.txt,ebb2c71ef2d4d1bd5e6523a737db556aad214db8181a5b8c83761f7bdb90a7ae,plain text UTF-8,Locally extracted source text; related source path in main inventory: /Users/benecles/Desktop/UFRGS 2026-2/Teoria Geral dos Contratos/Moodle/2026-08-23 scrape/dir02023-contracts/RESP-15339-Assis.pdf; derived text path retained separately.
court decision/case text,/Users/benecles/Developer/ordenacoes-filipinas-workshop-tgc-pipe-1/work/contract-prep/text/RESP_1013976_SP_Interpretação art 112.txt,265ae802bd8ce3273ce2d2ccd6578e6b35bc54176b97c74e52312b817fdc0abd,plain text UTF-8,Locally extracted source text; related source path in main inventory: /Users/benecles/Desktop/UFRGS 2026-2/Teoria Geral dos Contratos/Moodle/2026-08-23 scrape/dir02023-contracts/RESP_1013976_SP_Interpretação art 112.pdf; derived text path retained separately.
court decision/case text,/Users/benecles/Developer/ordenacoes-filipinas-workshop-tgc-pipe-1/work/contract-prep/text/RESP_1104363_PE_1263848847595.txt,009391559b2777d7003b4a8f2ac076416b66eee634361c208c85dae6d174cda0,plain text UTF-8,Locally extracted source text; related source path in main inventory: /Users/benecles/Desktop/UFRGS 2026-2/Teoria Geral dos Contratos/RESP_1104363_PE_1263848847595.pdf; derived text path retained separately.
court decision/case text,/Users/benecles/Developer/ordenacoes-filipinas-workshop-tgc-pipe-1/work/contract-prep/text/STJ - Consumidor PJ_ vulnerabilidade de empresas na relação de consumo.txt,fd7e4729807ac5be0f6c6118e8a9321f88d95d6289a2fb75537c052b3dac7953,plain text UTF-8,Locally extracted source text; related source path in main inventory: /Users/benecles/Desktop/UFRGS 2026-2/Teoria Geral dos Contratos/Moodle/2026-08-23 scrape/dir02023-contracts/STJ - Consumidor PJ_ vulnerabilidade de empresas na relação de consumo.pdf; derived text path retained separately.
court decision/case text,/Users/benecles/Developer/ordenacoes-filipinas-workshop-tgc-pipe-1/work/contract-prep/text/STJ Ação Rescisória 7296 - interpretação literal.txt,5aa878bacc73a818f65bef9895d1147bc755a5a04f49bca1e74b3190d4fbf1ce,plain text UTF-8,Locally extracted source text; related source path in main inventory: /Users/benecles/Desktop/UFRGS 2026-2/Teoria Geral dos Contratos/Moodle/2026-08-23 scrape/dir02023-contracts/STJ Ação Rescisória 7296 - interpretação literal.pdf; derived text path retained separately.
court decision/case text,/Users/benecles/Developer/ordenacoes-filipinas-workshop-tgc-pipe-1/work/contract-prep/text/STJ RESp 1.938.997 - interpretação restritiva.txt,a30ec9a65fb6e6418f9dc84def1283c8da9a5f94be8b69a2bca7d3607a96702c,plain text UTF-8,Locally extracted source text; related source path in main inventory: /Users/benecles/Desktop/UFRGS 2026-2/Teoria Geral dos Contratos/Moodle/2026-08-23 scrape/dir02023-contracts/STJ RESp 1.938.997 - interpretação restritiva.pdf; derived text path retained separately.
court decision/case text,/Users/benecles/Developer/ordenacoes-filipinas-workshop-tgc-pipe-1/work/contract-prep/text/STJ_AGINT-ARESP_1521140_d0e72.txt,4b4c54f636bfc670ea4d941d22ccdc1730c2d2bb16327cff15fac7d4d3d6ddd2,plain text UTF-8,Locally extracted source text; related source path in main inventory: /Users/benecles/Desktop/UFRGS 2026-2/Teoria Geral dos Contratos/STJ_AGINT-ARESP_1521140_d0e72.pdf; derived text path retained separately.
court decision/case text,/Users/benecles/Developer/ordenacoes-filipinas-workshop-tgc-pipe-1/work/contract-prep/text/STJ_AGINT-ARESP_1679541_Comportamento posterior - franquia.txt,eb89eb61935e6ca70f84debeee02f43462bb46bd074de4f0fd8e2ac99b3c66f5,plain text UTF-8,Locally extracted source text; related source path in main inventory: /Users/benecles/Desktop/UFRGS 2026-2/Teoria Geral dos Contratos/STJ_AGINT-ARESP_1679541_Comportamento posterior - franquia.pdf; derived text path retained separately.
court decision/case text,/Users/benecles/Developer/ordenacoes-filipinas-workshop-tgc-pipe-1/work/contract-prep/text/STJ_AGINT-ARESP_2282332_73cdd.txt,72babeb35d543219be557f8a5a73974b98a74a4a417117e9834d70f1384497c8,plain text UTF-8,Locally extracted source text; related source path in main inventory: /Users/benecles/Desktop/UFRGS 2026-2/Teoria Geral dos Contratos/STJ_AGINT-ARESP_2282332_73cdd.pdf; derived text path retained separately.
court decision/case text,/Users/benecles/Developer/ordenacoes-filipinas-workshop-tgc-pipe-1/work/contract-prep/text/STJ_AGINT-RESP_1736829_19f50.txt,cb7c7f5a50363e843bf55318c122a7f82614928eb2580384dc6aca3a963ef1cd,plain text UTF-8,Locally extracted source text; related source path in main inventory: /Users/benecles/Desktop/UFRGS 2026-2/Teoria Geral dos Contratos/STJ_AGINT-RESP_1736829_19f50.pdf; derived text path retained separately.
court decision/case text,/Users/benecles/Developer/ordenacoes-filipinas-workshop-tgc-pipe-1/work/contract-prep/text/STJ_RESP_1907391_5edad.txt,859aa658314fcc519a9b7aa9096bc94316446ca5d26eb9f1a5e9369030b02c86,plain text UTF-8,Locally extracted source text; related source path in main inventory: /Users/benecles/Desktop/UFRGS 2026-2/Teoria Geral dos Contratos/STJ_RESP_1907391_5edad.pdf; derived text path retained separately.
court decision/case text,/Users/benecles/Developer/ordenacoes-filipinas-workshop-tgc-pipe-1/work/contract-prep/text/TJSP AC 1000680-03.2021.8.26.0108 - comportamento posterior - cessão de quotas.txt,33d659648b376d63d7f97c124c1fe08530c3015ab6907eba6cfecf3209a7b23d,plain text UTF-8,Locally extracted source text; related source path in main inventory: /Users/benecles/Desktop/UFRGS 2026-2/Teoria Geral dos Contratos/Moodle/2026-08-23 scrape/dir02023-contracts/TJSP AC 1000680-03.2021.8.26.0108 - comportamento posterior - cessão de quotas.pdf; derived text path retained separately.
exercise answer-key text,/Users/benecles/Developer/ordenacoes-filipinas-workshop-tgc-pipe-1/work/contract-prep/text/Gabarito - Primeira Lista de Exercícios - TGC.txt,009391559b2777d7003b4a8f2ac076416b66eee634361c208c85dae6d174cda0,plain text UTF-8,Locally extracted source text; related source path in main inventory: /Users/benecles/Desktop/UFRGS 2026-2/Teoria Geral dos Contratos/Gabarito - Primeira Lista de Exercícios - TGC.pdf; derived text path retained separately.
exercise answer-key text,/Users/benecles/Developer/ordenacoes-filipinas-workshop-tgc-pipe-1/work/contract-prep/text/Gabarito - Questões Extra - TGC.txt,9478ac3ef61ae9df286d951edbfce4c24049f65e860f053ed9eb2c3fbd78d051,plain text UTF-8,Locally extracted source text; related source path in main inventory: /Users/benecles/Desktop/UFRGS 2026-2/Teoria Geral dos Contratos/Gabarito - Questões Extra - TGC.pdf; derived text path retained separately.
exercise answer-key text,/Users/benecles/Developer/ordenacoes-filipinas-workshop-tgc-pipe-1/work/contract-prep/text/ocr/gabarito-primeira-lista-de-exerc-icios-tgc.txt,eada2cd44ae18d35d62d8c401108048282d906f77110d9c08ca91577f152b8f0,plain text UTF-8,Tesseract OCR text output; related source path in main inventory: /Users/benecles/Desktop/UFRGS 2026-2/Teoria Geral dos Contratos/Gabarito - Primeira Lista de Exercícios - TGC.pdf; derived text path retained separately.
exercise answer-key text,/Users/benecles/Developer/ordenacoes-filipinas-workshop-tgc-pipe-1/work/contract-prep/text/ocr/gabarito-primeira-lista-de-exercicios-tgc.txt,5a2ab5f2a2c0993bdde8be6efe4c964feeafb739d295f505ce80eb321e3f9b20,plain text UTF-8,Tesseract OCR text output; related source path in main inventory: /Users/benecles/Desktop/UFRGS 2026-2/Teoria Geral dos Contratos/Gabarito - Primeira Lista de Exercícios - TGC.pdf; derived text path retained separately.
exercise answer-key text,/Users/benecles/Developer/ordenacoes-filipinas-workshop-tgc-pipe-1/work/contract-prep/text/ocr/gabarito-quest-oes-extra-tgc.txt,375eba8288dbe134304ad24715b859ad995eb85c2af3661e5f741c974dbde229,plain text UTF-8,Tesseract OCR text output; related source path in main inventory: /Users/benecles/Desktop/UFRGS 2026-2/Teoria Geral dos Contratos/Gabarito - Questões Extra - TGC.pdf; derived text path retained separately.
exercise answer-key text,/Users/benecles/Developer/ordenacoes-filipinas-workshop-tgc-pipe-1/work/contract-prep/text/ocr/gabarito-questoes-extra-tgc.txt,d908b8a0a08b24943d646a900150564e347b75fb9ddeb09be10eeeed56ef6370,plain text UTF-8,Tesseract OCR text output; related source path in main inventory: /Users/benecles/Desktop/UFRGS 2026-2/Teoria Geral dos Contratos/Gabarito - Questões Extra - TGC.pdf; derived text path retained separately.
"exercise, answer key, or past exam",/Users/benecles/Desktop/UFRGS 2026-2/Teoria Geral dos Contratos/Exercícios TGC -2026_2.pdf,68e498f3c287acc23c9c8a5112e935c6bab7e3aaac510b3398ec994367fb9cdd,PDF,PDF; text-layer/OCR not rechecked in metadata-only inventory; prior intake says six PDFs had no selectable text on sampled pp. 1–2 (identity not asserted)
"exercise, answer key, or past exam",/Users/benecles/Desktop/UFRGS 2026-2/Teoria Geral dos Contratos/Gabarito - Primeira Lista de Exercícios - TGC.pdf,7498735c97dc56ed150f20c009453a0c6f86dba9ff73669b92d51441ef4b2be4,PDF,PDF; text-layer/OCR not rechecked in metadata-only inventory; prior intake says six PDFs had no selectable text on sampled pp. 1–2 (identity not asserted)
"exercise, answer key, or past exam",/Users/benecles/Desktop/UFRGS 2026-2/Teoria Geral dos Contratos/Gabarito - Questões Extra - TGC.pdf,a36e5f38ab6d73036e453588a44ef1de035431aca4f683ce99fa8545e6af0d69,PDF,PDF; text-layer/OCR not rechecked in metadata-only inventory; prior intake says six PDFs had no selectable text on sampled pp. 1–2 (identity not asserted)
"exercise, answer key, or past exam",/Users/benecles/Desktop/UFRGS 2026-2/Teoria Geral dos Contratos/Questões Extra - TGC.pdf,d534978b910842286b7d7ae3fa5ab547d9f63111c14552ae76ec671f809d1563,PDF,PDF; text-layer/OCR not rechecked in metadata-only inventory; prior intake says six PDFs had no selectable text on sampled pp. 1–2 (identity not asserted)
exercise/question-bank text,/Users/benecles/Developer/ordenacoes-filipinas-workshop-tgc-pipe-1/work/contract-prep/text/Exercícios TGC -2026_2.txt,4a3290af9ebb980e686b94d26956d78df1647106b188e0931df1b9f6ddbf9e08,plain text UTF-8,Locally extracted source text; related source path in main inventory: /Users/benecles/Desktop/UFRGS 2026-2/Teoria Geral dos Contratos/Exercícios TGC -2026_2.pdf; derived text path retained separately.
exercise/question-bank text,/Users/benecles/Developer/ordenacoes-filipinas-workshop-tgc-pipe-1/work/contract-prep/text/ocr/quest-oes-extra-tgc.txt,55bd4c59f02fcf148901b443e1148a05b20c4e5995b80b94fe97baf8c8bb4337,plain text UTF-8,Tesseract OCR text output; related source path in main inventory: /Users/benecles/Desktop/UFRGS 2026-2/Teoria Geral dos Contratos/Questões Extra - TGC.pdf; derived text path retained separately.
exercise/question-bank text,/Users/benecles/Developer/ordenacoes-filipinas-workshop-tgc-pipe-1/work/contract-prep/text/ocr/questoes-extra-tgc.txt,c7b452d64b096f333e46a1d3d8675df9394a0ec98c9fd15fa867805640981375,plain text UTF-8,Tesseract OCR text output; related source path in main inventory: /Users/benecles/Desktop/UFRGS 2026-2/Teoria Geral dos Contratos/Questões Extra - TGC.pdf; derived text path retained separately.
exercise/question-bank text,/Users/benecles/Developer/ordenacoes-filipinas-workshop-tgc-pipe-1/work/contract-prep/text/Questões Extra - TGC.txt,7060584c3e59f0b2f12f34aa0b40faadf4aa5790a0459f3319852bcd63262cbb,plain text UTF-8,Locally extracted source text; related source path in main inventory: /Users/benecles/Desktop/UFRGS 2026-2/Teoria Geral dos Contratos/Questões Extra - TGC.pdf; derived text path retained separately.
EXTRA-ARTICLE-AGUIAR-JR-EXTINCAO-SEPARATE-FROM-BOOK,"/Users/benecles/Desktop/UFRGS 2026-2/Teoria Geral dos Contratos/AGUIAR JÚNIOR, Ruy Rosado de.A Extinção dos Contratos.pdf",129aaad43bc9bce839cd891cd8f66b3f1ed9080dbf429b4eab5c88e2e3d98a6f,PDF; PDF article,"PDF; text-layer/OCR not rechecked in metadata-only inventory; prior intake says six PDFs had no selectable text on sampled pp. 1–2 (identity not asserted) | AVAILABLE separate course article (not 1991 book); local text extract: /Users/benecles/Developer/ordenacoes-filipinas-workshop-tgc-pipe-1/work/contract-prep/text/AGUIAR JÚNIOR, Ruy Rosado de.A Extinção dos Contratos.txt (sha256 0d5d4319e7119276c658fb7c28ce3b29d36a835cff7e39802103e240f2f51894)."
EXTRA-ARTICLE-GERSON-BRANCO-SOLIDARIEDADE-SEPARATE-FROM-BOOK,"/Users/benecles/Desktop/UFRGS 2026-2/Teoria Geral dos Contratos/Moodle/2026-08-23 scrape/dir02023-contracts/BRANCO, Gerson. SOLIDARIEDADE SOCIAL E SOCIALIDADE NA DISCIPLINA DA LIBERDADE CONTRATUAL..pdf",ba59826b6ebd780b63d5958e26125a5d49762c835acbfd5e5effb8a1bf1bb191,PDF; PDF article,"PDF; text-layer/OCR not rechecked in metadata-only inventory; prior intake says six PDFs had no selectable text on sampled pp. 1–2 (identity not asserted) | AVAILABLE separate solo-authored article (not BRANCO/SILVA book); 29-page PDF. Existing local text extract: /Users/benecles/Developer/ordenacoes-filipinas-workshop-tgc-pipe-1/work/contract-prep/text/BRANCO, Gerson. SOLIDARIEDADE SOCIAL E SOCIALIDADE NA DISCIPLINA DA LIBERDADE CONTRATUAL..txt (sha256 6c58cdb155ccbb604be72e511996a33034fb82b0548fcd4844a65a99ee66634f). | Searchable PDF (29 pp.); local review identifies this as the same 2003 article “Solidariedade social e socialidade na disciplina da liberdade contratual”; contains pre-2019 CC art. 421 framing and is not itself a source for Lei 13.874/2019."
Gerson Branco searchable text extraction,/Users/benecles/Developer/ordenacoes-filipinas-workshop-tgc-pipe-1/work/contract-prep/text/Artigo Função Social dos Contratos - Prof. Gerson Branco.txt,6c58cdb155ccbb604be72e511996a33034fb82b0548fcd4844a65a99ee66634f,UTF-8 text; plain text UTF-8,UTF-8 extracted text; searchable; same 2003 article as the local PDF copies. Contains pre-2019 CC art. 421 framing and is not itself a source for Lei 13.874/2019. | Locally extracted source text; related source path in main inventory: /Users/benecles/Desktop/UFRGS 2026-2/Teoria Geral dos Contratos/Moodle/2026-08-23 scrape/dir02023-contracts/Artigo Função Social dos Contratos - Prof. Gerson Branco.pdf; derived text path retained separately.
Gerson Branco searchable text extraction (canonical filename),"/Users/benecles/Developer/ordenacoes-filipinas-workshop-tgc-pipe-1/work/contract-prep/text/BRANCO, Gerson. SOLIDARIEDADE SOCIAL E SOCIALIDADE NA DISCIPLINA DA LIBERDADE CONTRATUAL..txt",6c58cdb155ccbb604be72e511996a33034fb82b0548fcd4844a65a99ee66634f,UTF-8 text; plain text UTF-8,"UTF-8 extracted text; searchable; same 2003 article as the local PDF copies. Contains pre-2019 CC art. 421 framing and is not itself a source for Lei 13.874/2019. | Locally extracted source text; related source path in main inventory: /Users/benecles/Desktop/UFRGS 2026-2/Teoria Geral dos Contratos/Moodle/2026-08-23 scrape/dir02023-contracts/BRANCO, Gerson. SOLIDARIEDADE SOCIAL E SOCIALIDADE NA DISCIPLINA DA LIBERDADE CONTRATUAL..pdf; derived text path retained separately."
Gerson Branco source PDF (canonical filename),"/Users/benecles/Desktop/UFRGS 2026-2/Teoria Geral dos Contratos/BRANCO, Gerson. SOLIDARIEDADE SOCIAL E SOCIALIDADE NA DISCIPLINA DA LIBERDADE CONTRATUAL..pdf",ba59826b6ebd780b63d5958e26125a5d49762c835acbfd5e5effb8a1bf1bb191,PDF,PDF; text-layer/OCR not rechecked in metadata-only inventory; prior intake says six PDFs had no selectable text on sampled pp. 1–2 (identity not asserted) | Searchable PDF (29 pp.); local review identifies this as the same 2003 article “Solidariedade social e socialidade na disciplina da liberdade contratual”; contains pre-2019 CC art. 421 framing and is not itself a source for Lei 13.874/2019.
Gerson Branco source PDF (course-root copy),/Users/benecles/Desktop/UFRGS 2026-2/Teoria Geral dos Contratos/Artigo Função Social dos Contratos - Prof. Gerson Branco.pdf,67f1d5cdc89df7f112c08c7d4cf846294c719b9d0e237ea0d7045829a4ffcab9,PDF,Searchable PDF (29 pp.); local review identifies this as the same 2003 article “Solidariedade social e socialidade na disciplina da liberdade contratual”; contains pre-2019 CC art. 421 framing and is not itself a source for Lei 13.874/2019.
Gerson Branco source PDF (legacy Moodle canonical copy),/Users/benecles/Desktop/UFRGS 2026-2/Teoria Geral dos Contratos/Moodle/legacy scrape (date unknown)/DIR02023 - Teoria Geral dos Contratos/Artigos e Doutrina/005 - Artigo Prof. Gerson Branco - Solidariedade Social e Socialidade na Disciplina da Liberdade Contratual.pdf,ba59826b6ebd780b63d5958e26125a5d49762c835acbfd5e5effb8a1bf1bb191,PDF,PDF; text-layer/OCR not rechecked in metadata-only inventory; prior intake says six PDFs had no selectable text on sampled pp. 1–2 (identity not asserted) | Searchable PDF (29 pp.); local review identifies this as the same 2003 article “Solidariedade social e socialidade na disciplina da liberdade contratual”; contains pre-2019 CC art. 421 framing and is not itself a source for Lei 13.874/2019.
Gerson Branco source PDF (legacy Moodle copy),/Users/benecles/Desktop/UFRGS 2026-2/Teoria Geral dos Contratos/Moodle/legacy scrape (date unknown)/DIR02023 - Teoria Geral dos Contratos/Artigos e Doutrina/003 - Artigo Função Social do Contrato - Prof. Gerson Branco.pdf,67f1d5cdc89df7f112c08c7d4cf846294c719b9d0e237ea0d7045829a4ffcab9,PDF,PDF; text-layer/OCR not rechecked in metadata-only inventory; prior intake says six PDFs had no selectable text on sampled pp. 1–2 (identity not asserted) | Searchable PDF (29 pp.); local review identifies this as the same 2003 article “Solidariedade social e socialidade na disciplina da liberdade contratual”; contains pre-2019 CC art. 421 framing and is not itself a source for Lei 13.874/2019.
Gerson Branco source PDF (Moodle scrape copy),/Users/benecles/Desktop/UFRGS 2026-2/Teoria Geral dos Contratos/Moodle/2026-08-23 scrape/dir02023-contracts/Artigo Função Social dos Contratos - Prof. Gerson Branco.pdf,67f1d5cdc89df7f112c08c7d4cf846294c719b9d0e237ea0d7045829a4ffcab9,PDF,PDF; text-layer/OCR not rechecked in metadata-only inventory; prior intake says six PDFs had no selectable text on sampled pp. 1–2 (identity not asserted) | Searchable PDF (29 pp.); local review identifies this as the same 2003 article “Solidariedade social e socialidade na disciplina da liberdade contratual”; contains pre-2019 CC art. 421 framing and is not itself a source for Lei 13.874/2019.
"missing: current-edition basic essential Caio Mário (plan specifies 26th ed., 2024)","/Users/benecles/Desktop/UFRGS 2026-2/Teoria Geral dos Contratos/[not present] Caio Mário Instituições de Direito Civil vol. III, 26ª ed. 2024 ebook (plan link only)",missing,expected source class,online ebook link in syllabus; no local file
"missing: current-edition basic essential Venosa (plan specifies 26th ed., 2025/2026)","/Users/benecles/Desktop/UFRGS 2026-2/Teoria Geral dos Contratos/[not present] Venosa Direito Civil - Contratos, 26ª ed. 2025/2026 ebook (plan link only)",missing,expected source class,online ebook link in syllabus; no local file
missing: official answer key for current-term exams,/Users/benecles/Desktop/UFRGS 2026-2/Teoria Geral dos Contratos/[not present] official 2026-2 exam answer keys,missing,expected source class,expected assessment class; no official current-term key file located
missing: official current-term P1 exam paper,/Users/benecles/Desktop/UFRGS 2026-2/Teoria Geral dos Contratos/[not present] official P1 exam paper 2026-2,missing,expected source class,expected assessment class; no official exam file located
missing: official current-term P2 exam paper,/Users/benecles/Desktop/UFRGS 2026-2/Teoria Geral dos Contratos/[not present] official P2 exam paper 2026-2,missing,expected source class,expected assessment class; no official exam file located
missing: official recovery exam paper,/Users/benecles/Desktop/UFRGS 2026-2/Teoria Geral dos Contratos/[not present] official recovery exam paper 2026-2,missing,expected source class,expected assessment class; no official exam file located
Moodle archive provenance metadata,/Users/benecles/Desktop/UFRGS 2026-2/Teoria Geral dos Contratos/Moodle/legacy scrape/DIR02023 - Teoria Geral dos Contratos/PROVENANCE.tsv,67f42b8c4993d4cc6ba087511f18f4d502120e4e864a45c95a2b6b54f7008194,TSV,Plain-text provenance manifest; not read
Moodle course page archive,/Users/benecles/Desktop/UFRGS 2026-2/Teoria Geral dos Contratos/Curso: DIR02023 - Teoria Geral Dos Contratos - Turma D (2026:2) | Moodle - UFRGS.webarchive,fc1485f2aa8562fff106e7c79482356930d10f0afb63ae68cd2ee5bd674694f1,Safari WebArchive,"Prior Moodle map: parsed archive, saved HTML about 713 KB plus 32 page resources; linked downloads not embedded"
Moodle reading/article/book excerpt text,/Users/benecles/Developer/ordenacoes-filipinas-workshop-tgc-pipe-1/work/contract-prep/text/0478e611a1fedd2c5b09bc5131d38092.txt,cb7c7f5a50363e843bf55318c122a7f82614928eb2580384dc6aca3a963ef1cd,plain text UTF-8,Locally extracted source text; related source path in main inventory: /Users/benecles/Desktop/UFRGS 2026-2/Teoria Geral dos Contratos/0478e611a1fedd2c5b09bc5131d38092.pdf; derived text path retained separately.
Moodle reading/article/book excerpt text,/Users/benecles/Developer/ordenacoes-filipinas-workshop-tgc-pipe-1/work/contract-prep/text/2. Extinção dos contratos.txt,e480e8b0c7d55b56ed381c696b24266a89594c70e70910cc3e0e75cca5385965,plain text UTF-8,Locally extracted source text; related source path in main inventory: /Users/benecles/Desktop/UFRGS 2026-2/Teoria Geral dos Contratos/Moodle/2026-08-23 scrape/dir02023-contracts/2. Extinção dos contratos.pdf; derived text path retained separately.
Moodle reading/article/book excerpt text,/Users/benecles/Developer/ordenacoes-filipinas-workshop-tgc-pipe-1/work/contract-prep/text/28-10-2014 (2)onerosidade excessiva a revisão Contratual no direito privado brasileiro (1).txt,f2414d9869d9f6082830711ea4766451f91e20a3fd7f05ee82635f57263cb537,plain text UTF-8,Locally extracted source text; related source path in main inventory: /Users/benecles/Desktop/UFRGS 2026-2/Teoria Geral dos Contratos/Moodle/2026-08-23 scrape/dir02023-contracts/28-10-2014 (2)onerosidade excessiva a revisão Contratual no direito privado brasileiro (1).pdf; derived text path retained separately.
Moodle reading/article/book excerpt text,/Users/benecles/Developer/ordenacoes-filipinas-workshop-tgc-pipe-1/work/contract-prep/text/6587f7a11afbb5d91cc0aed59a2c63cf.txt,bfe719d1c68277189402336c3dfe046c0b89ae887c52c23466847efe4374a90a,plain text UTF-8,Locally extracted source text; related source path in main inventory: /Users/benecles/Desktop/UFRGS 2026-2/Teoria Geral dos Contratos/6587f7a11afbb5d91cc0aed59a2c63cf.pdf; derived text path retained separately.
Moodle reading/article/book excerpt text,/Users/benecles/Developer/ordenacoes-filipinas-workshop-tgc-pipe-1/work/contract-prep/text/96c81d0b3d729239ff918ff76d83559a.txt,bfe719d1c68277189402336c3dfe046c0b89ae887c52c23466847efe4374a90a,plain text UTF-8,Locally extracted source text; related source path in main inventory: /Users/benecles/Desktop/UFRGS 2026-2/Teoria Geral dos Contratos/96c81d0b3d729239ff918ff76d83559a.pdf; derived text path retained separately.
Moodle reading/article/book excerpt text,/Users/benecles/Developer/ordenacoes-filipinas-workshop-tgc-pipe-1/work/contract-prep/text/A aceitação pelo silencio. CISG Brasil e Portugal.txt,ebb2c71ef2d4d1bd5e6523a737db556aad214db8181a5b8c83761f7bdb90a7ae,plain text UTF-8,Locally extracted source text; related source path in main inventory: /Users/benecles/Desktop/UFRGS 2026-2/Teoria Geral dos Contratos/Moodle/2026-08-23 scrape/dir02023-contracts/A aceitação pelo silencio. CISG Brasil e Portugal.pdf; derived text path retained separately.
Moodle reading/article/book excerpt text,"/Users/benecles/Developer/ordenacoes-filipinas-workshop-tgc-pipe-1/work/contract-prep/text/AGUIAR JÚNIOR, Ruy Rosado de. Contratos relacionais, existenciais e de lucro..txt",5f46cd92813c3950b4e6e517dd0fb32f7a19f0fdfa0224bfb8328ebbc4b70ccf,plain text UTF-8,"Locally extracted source text; related source path in main inventory: /Users/benecles/Desktop/UFRGS 2026-2/Teoria Geral dos Contratos/Moodle/2026-08-23 scrape/dir02023-contracts/AGUIAR JÚNIOR, Ruy Rosado de. Contratos relacionais, existenciais e de lucro..pdf; derived text path retained separately."
Moodle reading/article/book excerpt text,"/Users/benecles/Developer/ordenacoes-filipinas-workshop-tgc-pipe-1/work/contract-prep/text/AGUIAR JÚNIOR, Ruy Rosado de.A Extinção dos Contratos.txt",0d5d4319e7119276c658fb7c28ce3b29d36a835cff7e39802103e240f2f51894,plain text UTF-8,"Locally extracted source text; related source path in main inventory: /Users/benecles/Desktop/UFRGS 2026-2/Teoria Geral dos Contratos/Moodle/2026-08-23 scrape/dir02023-contracts/AGUIAR JÚNIOR, Ruy Rosado de.A Extinção dos Contratos.pdf; derived text path retained separately."
Moodle reading/article/book excerpt text,/Users/benecles/Developer/ordenacoes-filipinas-workshop-tgc-pipe-1/work/contract-prep/text/Agência África é condenada por aliciar Zeca Pagodinho.txt,39c6783608a099d68f729bc029de6dc7e9c2cc5be17ccd6872c380290e1b5ece,plain text UTF-8,Locally extracted source text; related source path in main inventory: /Users/benecles/Desktop/UFRGS 2026-2/Teoria Geral dos Contratos/Moodle/2026-08-23 scrape/dir02023-contracts/Agência África é condenada por aliciar Zeca Pagodinho.pdf; derived text path retained separately.
Moodle reading/article/book excerpt text,/Users/benecles/Developer/ordenacoes-filipinas-workshop-tgc-pipe-1/work/contract-prep/text/Artigo - os três tempos do Código Civil de 1916 a boa-fé contratual.txt,2cd65404baba6d68246786a047e331c2c052f6226307d62a26694ff30e5eb369,plain text UTF-8,Locally extracted source text; related source path in main inventory: /Users/benecles/Desktop/UFRGS 2026-2/Teoria Geral dos Contratos/Artigo - os três tempos do Código Civil de 1916 a boa-fé contratual.pdf; derived text path retained separately.
Moodle reading/article/book excerpt text,/Users/benecles/Developer/ordenacoes-filipinas-workshop-tgc-pipe-1/work/contract-prep/text/Artigo O Destinatário FInal e o Consumidor Intermediário.txt,95dac486c79334f7ce658f626f1d48876dbbfd549e433e337e46cad1cdcd2f4a,plain text UTF-8,Locally extracted source text; related source path in main inventory: /Users/benecles/Desktop/UFRGS 2026-2/Teoria Geral dos Contratos/Moodle/2026-08-23 scrape/dir02023-contracts/Artigo O Destinatário FInal e o Consumidor Intermediário.pdf; derived text path retained separately.
Moodle reading/article/book excerpt text,/Users/benecles/Developer/ordenacoes-filipinas-workshop-tgc-pipe-1/work/contract-prep/text/Artigo Princípios Contratuais - Antonio Junqueira de Azevedo.txt,0e7ee28dc05618a33bde18b331b660fa9ee6074bf255d8bc6ac42009ba297432,plain text UTF-8,Locally extracted source text; related source path in main inventory: /Users/benecles/Desktop/UFRGS 2026-2/Teoria Geral dos Contratos/Moodle/2026-08-23 scrape/dir02023-contracts/Artigo Princípios Contratuais - Antonio Junqueira de Azevedo.pdf; derived text path retained separately.
Moodle reading/article/book excerpt text,/Users/benecles/Developer/ordenacoes-filipinas-workshop-tgc-pipe-1/work/contract-prep/text/Caso Disney - Notícia NBC News.txt,e13ba2416648b66f712c6b030da295fe41365ba6dde776efc29d772f23fafacd,plain text UTF-8,Locally extracted source text; related source path in main inventory: /Users/benecles/Desktop/UFRGS 2026-2/Teoria Geral dos Contratos/Moodle/2026-08-23 scrape/dir02023-contracts/Caso Disney - Notícia NBC News.pdf; derived text path retained separately.
Moodle reading/article/book excerpt text,/Users/benecles/Developer/ordenacoes-filipinas-workshop-tgc-pipe-1/work/contract-prep/text/Conceito Contrato Judith Martins Costa.txt,9fbc640e279dece4d4a230bfa4c0c0c748f27ee1e1d79e28add46faebcf6686f,plain text UTF-8,Locally extracted source text; related source path in main inventory: /Users/benecles/Desktop/UFRGS 2026-2/Teoria Geral dos Contratos/Moodle/2026-08-23 scrape/dir02023-contracts/Conceito Contrato Judith Martins Costa.pdf; derived text path retained separately.
Moodle reading/article/book excerpt text,/Users/benecles/Developer/ordenacoes-filipinas-workshop-tgc-pipe-1/work/contract-prep/text/Francisco Marino. Revisão contratual_Trechos_v2.txt,98c3689f37aa605365100f6c2597bfd2e83f4bd296667130b844228fd68bcfba,plain text UTF-8,Locally extracted source text; related source path in main inventory: /Users/benecles/Desktop/UFRGS 2026-2/Teoria Geral dos Contratos/Moodle/2026-08-23 scrape/dir02023-contracts/Francisco Marino. Revisão contratual_Trechos_v2.pdf; derived text path retained separately.
Moodle reading/article/book excerpt text,"/Users/benecles/Developer/ordenacoes-filipinas-workshop-tgc-pipe-1/work/contract-prep/text/Luis Renato Ferreira da Silva, Cessão de Posição Contratual, Aula 6.txt",cb7c7f5a50363e843bf55318c122a7f82614928eb2580384dc6aca3a963ef1cd,plain text UTF-8,"Locally extracted source text; related source path in main inventory: /Users/benecles/Desktop/UFRGS 2026-2/Teoria Geral dos Contratos/Moodle/2026-08-23 scrape/dir02023-contracts/Luis Renato Ferreira da Silva, Cessão de Posição Contratual, Aula 6.pdf; derived text path retained separately."
Moodle reading/article/book excerpt text,/Users/benecles/Developer/ordenacoes-filipinas-workshop-tgc-pipe-1/work/contract-prep/text/Luis Renato Ferreira da Silva. Revisão dos Contratos.txt,ffa6fefc20ca27912288504bf60fcfcc56fce6d8bf740e0b7423f11c94f20ee5,plain text UTF-8,Locally extracted source text; related source path in main inventory: /Users/benecles/Desktop/UFRGS 2026-2/Teoria Geral dos Contratos/Moodle/2026-08-23 scrape/dir02023-contracts/Luis Renato Ferreira da Silva. Revisão dos Contratos.pdf; derived text path retained separately.
Moodle reading/article/book excerpt text,"/Users/benecles/Developer/ordenacoes-filipinas-workshop-tgc-pipe-1/work/contract-prep/text/MARTINS-COSTA, J. Impossibilidade de prestar e excessiva onerosidade superveniente na relação entre shopping center e seus lojistas..txt",413e25bd374a0b4505ea9b20ebad60be6504573ea0a805dbec0c6a5cb40cefcd,plain text UTF-8,"Locally extracted source text; related source path in main inventory: /Users/benecles/Desktop/UFRGS 2026-2/Teoria Geral dos Contratos/Moodle/2026-08-23 scrape/dir02023-contracts/MARTINS-COSTA, J. Impossibilidade de prestar e excessiva onerosidade superveniente na relação entre shopping center e seus lojistas..pdf; derived text path retained separately."
Moodle reading/article/book excerpt text,"/Users/benecles/Developer/ordenacoes-filipinas-workshop-tgc-pipe-1/work/contract-prep/text/MIRAGEM, Bruno. Contratos de consumo e tutela do consumidor vulnerável em relação aos efeitos da pandemia de coronavírus..txt",81e3fc1b1aadc5f4f1d838f16e80e3a54c376a6b32ea0dae23b310aec39c93ad,plain text UTF-8,"Locally extracted source text; related source path in main inventory: /Users/benecles/Desktop/UFRGS 2026-2/Teoria Geral dos Contratos/Moodle/2026-08-23 scrape/dir02023-contracts/MIRAGEM, Bruno. Contratos de consumo e tutela do consumidor vulnerável em relação aos efeitos da pandemia de coronavírus..pdf; derived text path retained separately."
Moodle reading/article/book excerpt text,/Users/benecles/Developer/ordenacoes-filipinas-workshop-tgc-pipe-1/work/contract-prep/text/Moodle Aula 6.txt,93f2dd0bb7aa4236e29d5f5bd138fe191b6b4f22a8503390f5bdf7474cc5698e,plain text UTF-8,Locally extracted source text; related source path in main inventory: /Users/benecles/Desktop/UFRGS 2026-2/Teoria Geral dos Contratos/Moodle/2026-08-23 scrape/dir02023-contracts/Moodle Aula 6.pdf; derived text path retained separately.
Moodle reading/article/book excerpt text,/Users/benecles/Developer/ordenacoes-filipinas-workshop-tgc-pipe-1/work/contract-prep/text/ocr/0478e611a1fedd2c5b09bc5131d38092.txt,3802f148ab4a1b8437d153b169f6b9af41933159f9c99dd92542c24b97df59e7,plain text UTF-8,Tesseract OCR text output; related source path in main inventory: /Users/benecles/Desktop/UFRGS 2026-2/Teoria Geral dos Contratos/0478e611a1fedd2c5b09bc5131d38092.pdf; derived text path retained separately.
Moodle reading/article/book excerpt text,/Users/benecles/Developer/ordenacoes-filipinas-workshop-tgc-pipe-1/work/contract-prep/text/ocr/2-extinc-ao-dos-contratos.txt,e6ba8b7595b340c5abf3ba744bb608a07ba7e7e7bb181dd8eab1f5c147a519b4,plain text UTF-8,Tesseract OCR text output; related source path in main inventory: /Users/benecles/Desktop/UFRGS 2026-2/Teoria Geral dos Contratos/Moodle/2026-08-23 scrape/dir02023-contracts/2. Extinção dos contratos.pdf; derived text path retained separately.
Moodle reading/article/book excerpt text,/Users/benecles/Developer/ordenacoes-filipinas-workshop-tgc-pipe-1/work/contract-prep/text/ocr/28-10-2014-2-onerosidade-excessiva-a-revisao-contratual-no-direito-privado-brasileiro-1.txt,916d4492f7c8b24c9923834d033854de048cd8d98b796ec4a7325a3dc5044088,plain text UTF-8,Tesseract OCR text output; related source path in main inventory: /Users/benecles/Desktop/UFRGS 2026-2/Teoria Geral dos Contratos/Moodle/2026-08-23 scrape/dir02023-contracts/28-10-2014 (2)onerosidade excessiva a revisão Contratual no direito privado brasileiro (1).pdf; derived text path retained separately.
Moodle reading/article/book excerpt text,/Users/benecles/Developer/ordenacoes-filipinas-workshop-tgc-pipe-1/work/contract-prep/text/ocr/6587f7a11afbb5d91cc0aed59a2c63cf.txt,66e21fd3264fc4b8f627498e4f47e2001b4c20a5678943008565c703842d935d,plain text UTF-8,Tesseract OCR text output; related source path in main inventory: /Users/benecles/Desktop/UFRGS 2026-2/Teoria Geral dos Contratos/6587f7a11afbb5d91cc0aed59a2c63cf.pdf; derived text path retained separately.
Moodle reading/article/book excerpt text,/Users/benecles/Developer/ordenacoes-filipinas-workshop-tgc-pipe-1/work/contract-prep/text/ocr/96c81d0b3d729239ff918ff76d83559a.txt,755585acc12602e512eca1acd4cd4da46fd31bd50c152b4130c5b51e19bee5ff,plain text UTF-8,Tesseract OCR text output; related source path in main inventory: /Users/benecles/Desktop/UFRGS 2026-2/Teoria Geral dos Contratos/96c81d0b3d729239ff918ff76d83559a.pdf; derived text path retained separately.
Moodle reading/article/book excerpt text,/Users/benecles/Developer/ordenacoes-filipinas-workshop-tgc-pipe-1/work/contract-prep/text/ocr/a-aceitac-ao-pelo-silencio-cisg-brasil-e-portugal.txt,ad3ebcb462d9641ccf5b997556f0187f4a471fd9f6283bcb88e709fb4915dc09,plain text UTF-8,Tesseract OCR text output; related source path in main inventory: /Users/benecles/Desktop/UFRGS 2026-2/Teoria Geral dos Contratos/Moodle/2026-08-23 scrape/dir02023-contracts/A aceitação pelo silencio. CISG Brasil e Portugal.pdf; derived text path retained separately.
Moodle reading/article/book excerpt text,/Users/benecles/Developer/ordenacoes-filipinas-workshop-tgc-pipe-1/work/contract-prep/text/ocr/a-aceitacao-pelo-silencio-cisg-brasil-e-portugal.txt,b15c3a1ebee2fe2cfe32a62af0ec89dc2a25fa0c8968ac5df94bfede6543322f,plain text UTF-8,Tesseract OCR text output; related source path in main inventory: /Users/benecles/Desktop/UFRGS 2026-2/Teoria Geral dos Contratos/Moodle/2026-08-23 scrape/dir02023-contracts/A aceitação pelo silencio. CISG Brasil e Portugal.pdf; derived text path retained separately.
Moodle reading/article/book excerpt text,/Users/benecles/Developer/ordenacoes-filipinas-workshop-tgc-pipe-1/work/contract-prep/text/ocr/aguiar-j-unior-ruy-rosado-de-a-extinc-ao-dos-contratos.txt,67487a6cd8612414bd477c43d0640367e389678434f6567c2e83e64c5e3e2bc0,plain text UTF-8,"Tesseract OCR text output; related source path in main inventory: /Users/benecles/Desktop/UFRGS 2026-2/Teoria Geral dos Contratos/Moodle/2026-08-23 scrape/dir02023-contracts/AGUIAR JÚNIOR, Ruy Rosado de.A Extinção dos Contratos.pdf; derived text path retained separately."
Moodle reading/article/book excerpt text,/Users/benecles/Developer/ordenacoes-filipinas-workshop-tgc-pipe-1/work/contract-prep/text/ocr/aguiar-j-unior-ruy-rosado-de-contratos-relacionais-existenciais-e-de-lucro.txt,30cb5477e2c48ee4d48e0795650400e0ff265a927a676649614f9e42cece8652,plain text UTF-8,"Tesseract OCR text output; related source path in main inventory: /Users/benecles/Desktop/UFRGS 2026-2/Teoria Geral dos Contratos/Moodle/2026-08-23 scrape/dir02023-contracts/AGUIAR JÚNIOR, Ruy Rosado de. Contratos relacionais, existenciais e de lucro..pdf; derived text path retained separately."
Moodle reading/article/book excerpt text,/Users/benecles/Developer/ordenacoes-filipinas-workshop-tgc-pipe-1/work/contract-prep/text/ocr/aguiar-junior-ruy-rosado-de-a-extincao-dos-contratos.txt,feb4a38373d6149d6afdf7a91adabd0bf6194fbf6cc83ab192729b7e2bd60f18,plain text UTF-8,"Tesseract OCR text output; related source path in main inventory: /Users/benecles/Desktop/UFRGS 2026-2/Teoria Geral dos Contratos/Moodle/2026-08-23 scrape/dir02023-contracts/AGUIAR JÚNIOR, Ruy Rosado de.A Extinção dos Contratos.pdf; derived text path retained separately."
Moodle reading/article/book excerpt text,/Users/benecles/Developer/ordenacoes-filipinas-workshop-tgc-pipe-1/work/contract-prep/text/ocr/aguiar-junior-ruy-rosado-de-contratos-relacionais-existenciais-e-de-lucro.txt,3c0e8561677f7d34b5e27507035237771c486bf7366f11cb83989fb1ae7bb59b,plain text UTF-8,"Tesseract OCR text output; related source path in main inventory: /Users/benecles/Desktop/UFRGS 2026-2/Teoria Geral dos Contratos/Moodle/2026-08-23 scrape/dir02023-contracts/AGUIAR JÚNIOR, Ruy Rosado de. Contratos relacionais, existenciais e de lucro..pdf; derived text path retained separately."
Moodle reading/article/book excerpt text,/Users/benecles/Developer/ordenacoes-filipinas-workshop-tgc-pipe-1/work/contract-prep/text/ocr/francisco-marino-revisao-contratual-trechos-v2.txt,ce91ea3f9de94e8431b9d377707d84c5d6cad76a01a071d86582b4d89f1dd91b,plain text UTF-8,Tesseract OCR text output; related source path in main inventory: /Users/benecles/Desktop/UFRGS 2026-2/Teoria Geral dos Contratos/Moodle/2026-08-23 scrape/dir02023-contracts/Francisco Marino. Revisão contratual_Trechos_v2.pdf; derived text path retained separately.
Moodle reading/article/book excerpt text,/Users/benecles/Developer/ordenacoes-filipinas-workshop-tgc-pipe-1/work/contract-prep/text/ocr/luis-renato-ferreira-da-silva-cess-ao-de-posic-o-contratual-aula-6.txt,44eab6c3bfef3ee7b3e27d921a8a763c7617473544e3dfe398cca84fa3389530,plain text UTF-8,Tesseract OCR text output; source-derived text file; raw source match by basename was not resolved from filename metadata.
Moodle reading/article/book excerpt text,/Users/benecles/Developer/ordenacoes-filipinas-workshop-tgc-pipe-1/work/contract-prep/text/ocr/luis-renato-ferreira-da-silva-cessao-de-posicao-contratual-aula-6.txt,5b0589a790ddf1b8fa3bc08c97079b40d56f77ec2b88b9054906710994234ff0,plain text UTF-8,"Tesseract OCR text output; related source path in main inventory: /Users/benecles/Desktop/UFRGS 2026-2/Teoria Geral dos Contratos/Moodle/2026-08-23 scrape/dir02023-contracts/Luis Renato Ferreira da Silva, Cessão de Posição Contratual, Aula 6.pdf; derived text path retained separately."
Moodle reading/article/book excerpt text,/Users/benecles/Developer/ordenacoes-filipinas-workshop-tgc-pipe-1/work/contract-prep/text/ocr/pontes-de-miranda-tratado-de-direito-privado-v-25-trechos-1.txt,bc0d69966a656aebfde58643f4db08a1fd110a86ef9c77ceab665252d55bd8bf,plain text UTF-8,Tesseract OCR text output; related source path in main inventory: /Users/benecles/Desktop/UFRGS 2026-2/Teoria Geral dos Contratos/Moodle/2026-08-23 scrape/dir02023-contracts/PONTES DE MIRANDA. Tratado de Direito Privado v. 25_trechos-1.pdf; derived text path retained separately.
Moodle reading/article/book excerpt text,/Users/benecles/Developer/ordenacoes-filipinas-workshop-tgc-pipe-1/work/contract-prep/text/ocr/pontes-de-miranda-tratado-de-direito-privado-v-25-trechos-3.txt,ac325bfce3c3fab96fa0d95e91d15bcde94cce03cb838d9dcb214040ec4e4948,plain text UTF-8,Tesseract OCR text output; related source path in main inventory: /Users/benecles/Desktop/UFRGS 2026-2/Teoria Geral dos Contratos/Moodle/2026-08-23 scrape/dir02023-contracts/PONTES DE MIRANDA. Tratado de Direito Privado v. 25_trechos-3.pdf; derived text path retained separately.
Moodle reading/article/book excerpt text,/Users/benecles/Developer/ordenacoes-filipinas-workshop-tgc-pipe-1/work/contract-prep/text/ocr/pontes-de-miranda-tratado-de-direito-privado-v-25-trechos-4.txt,19f1cf683dcaab16287d013ab571acadb81ac4475f93d395062878b6d84da3b3,plain text UTF-8,Tesseract OCR text output; related source path in main inventory: /Users/benecles/Desktop/UFRGS 2026-2/Teoria Geral dos Contratos/Moodle/2026-08-23 scrape/dir02023-contracts/PONTES DE MIRANDA. Tratado de Direito Privado v. 25_trechos-4.pdf; derived text path retained separately.
Moodle reading/article/book excerpt text,/Users/benecles/Developer/ordenacoes-filipinas-workshop-tgc-pipe-1/work/contract-prep/text/ocr/pontes-de-miranda-tratado-de-direito-privado-v-25-trechos-5.txt,649c36bdc159e7bf107e4f3757c8eae50a5b58c5a37dfe73273a9e99f9a2d07b,plain text UTF-8,Tesseract OCR text output; related source path in main inventory: /Users/benecles/Desktop/UFRGS 2026-2/Teoria Geral dos Contratos/Moodle/2026-08-23 scrape/dir02023-contracts/PONTES DE MIRANDA. Tratado de Direito Privado v. 25_trechos-5.pdf; derived text path retained separately.
Moodle reading/article/book excerpt text,/Users/benecles/Developer/ordenacoes-filipinas-workshop-tgc-pipe-1/work/contract-prep/text/PONTES DE MIRANDA. Tratado de Direito Privado v. 25_trechos-1.txt,e72539cbd2b03bb3199404142936456750f35c4c05aba2fecdc6fbcf07308bec,plain text UTF-8,Locally extracted source text; related source path in main inventory: /Users/benecles/Desktop/UFRGS 2026-2/Teoria Geral dos Contratos/Moodle/2026-08-23 scrape/dir02023-contracts/PONTES DE MIRANDA. Tratado de Direito Privado v. 25_trechos-1.pdf; derived text path retained separately.
Moodle reading/article/book excerpt text,/Users/benecles/Developer/ordenacoes-filipinas-workshop-tgc-pipe-1/work/contract-prep/text/PONTES DE MIRANDA. Tratado de Direito Privado v. 25_trechos-3.txt,859aa658314fcc519a9b7aa9096bc94316446ca5d26eb9f1a5e9369030b02c86,plain text UTF-8,Locally extracted source text; related source path in main inventory: /Users/benecles/Desktop/UFRGS 2026-2/Teoria Geral dos Contratos/Moodle/2026-08-23 scrape/dir02023-contracts/PONTES DE MIRANDA. Tratado de Direito Privado v. 25_trechos-3.pdf; derived text path retained separately.
Moodle reading/article/book excerpt text,/Users/benecles/Developer/ordenacoes-filipinas-workshop-tgc-pipe-1/work/contract-prep/text/PONTES DE MIRANDA. Tratado de Direito Privado v. 25_trechos-4.txt,59c8d76fe1873f93e9e8ab511cb874584584c2210ce24708493f1eab8f9a7f31,plain text UTF-8,Locally extracted source text; related source path in main inventory: /Users/benecles/Desktop/UFRGS 2026-2/Teoria Geral dos Contratos/Moodle/2026-08-23 scrape/dir02023-contracts/PONTES DE MIRANDA. Tratado de Direito Privado v. 25_trechos-4.pdf; derived text path retained separately.
Moodle reading/article/book excerpt text,/Users/benecles/Developer/ordenacoes-filipinas-workshop-tgc-pipe-1/work/contract-prep/text/PONTES DE MIRANDA. Tratado de Direito Privado v. 25_trechos-5.txt,c30b0131124bde0ba2adde1d09c45eb953842cb9b556b82629a85c81db9652d6,plain text UTF-8,Locally extracted source text; related source path in main inventory: /Users/benecles/Desktop/UFRGS 2026-2/Teoria Geral dos Contratos/Moodle/2026-08-23 scrape/dir02023-contracts/PONTES DE MIRANDA. Tratado de Direito Privado v. 25_trechos-5.pdf; derived text path retained separately.
Moodle reading/article/book excerpt text,"/Users/benecles/Developer/ordenacoes-filipinas-workshop-tgc-pipe-1/work/contract-prep/text/TERRA, Aline. Cláusula resolutiva expressa como instrumento privilegiado de gestão de riscos contratuais.txt",dcdd12d9cc2d5a3037e712f9d7da221c2b0d8713d05e602d7786457dde2befcd,plain text UTF-8,"Locally extracted source text; related source path in main inventory: /Users/benecles/Desktop/UFRGS 2026-2/Teoria Geral dos Contratos/Moodle/2026-08-23 scrape/dir02023-contracts/TERRA, Aline. Cláusula resolutiva expressa como instrumento privilegiado de gestão de riscos contratuais.pdf; derived text path retained separately."
Moodle reading/article/book excerpt text,"/Users/benecles/Developer/ordenacoes-filipinas-workshop-tgc-pipe-1/work/contract-prep/text/VERSIANI, Fernanda. Dever de informar versus dever de manter-se informado_ a boa-fé nos contratos..txt",94b8cf1e57c5f3d34ca9f7a9f8c6c25bf52d910b1a471762de5eefc55d37ca36,plain text UTF-8,"Locally extracted source text; related source path in main inventory: /Users/benecles/Desktop/UFRGS 2026-2/Teoria Geral dos Contratos/VERSIANI, Fernanda. Dever de informar versus dever de manter-se informado_ a boa-fé nos contratos..pdf; derived text path retained separately."
Moodle reading/article/book excerpt text,"/Users/benecles/Developer/ordenacoes-filipinas-workshop-tgc-pipe-1/work/contract-prep/text/ZANINI, L. E. de A. Contratação na Sociedade Massificada..txt",18d6dc8b6cc4da9f1b72cb8c2ae5d1a15b7f94abfe3c7dddc642e1b49dd98014,plain text UTF-8,"Locally extracted source text; related source path in main inventory: /Users/benecles/Desktop/UFRGS 2026-2/Teoria Geral dos Contratos/Moodle/2026-08-23 scrape/dir02023-contracts/ZANINI, L. E. de A. Contratação na Sociedade Massificada..pdf; derived text path retained separately."
OCR slide-deck text,/Users/benecles/Developer/ordenacoes-filipinas-workshop-tgc-pipe-1/work/contract-prep/text/ocr/slides-aula-1-at-e-26.txt,8c124f56ded480e94a8fee0acb736c7e72690b17dc371902695712f386dfee7a,plain text UTF-8,Tesseract OCR text output; related source path in main inventory: /Users/benecles/Desktop/UFRGS 2026-2/Teoria Geral dos Contratos/Moodle/2026-08-23 scrape/dir02023-contracts/Slides - Aula 1 até 26.pdf; derived text path retained separately.
OCR slide-deck text,/Users/benecles/Developer/ordenacoes-filipinas-workshop-tgc-pipe-1/work/contract-prep/text/ocr/slides-aula-3.txt,9d2c7373d21f9bd858a6c90b4fe10da7192fde267db8902fbfd42667169ee10b,plain text UTF-8,Tesseract OCR text output; related source path in main inventory: /Users/benecles/Desktop/UFRGS 2026-2/Teoria Geral dos Contratos/Moodle/2026-08-23 scrape/dir02023-contracts/Slides Aula 3.pdf; derived text path retained separately.
peer-provided past exam/exercise or study aid,/Users/benecles/Desktop/UFRGS 2026-2/Teoria Geral dos Contratos/Colegas 2026-09-27/TGC anotações Beta Floriani (26_1).pdf,db01e751dfb854c0be1526f5bfecbc474afa5990fad90549351b9879a16b703b,PDF,PDF; text-layer/OCR not rechecked in metadata-only inventory; prior intake says six PDFs had no selectable text on sampled pp. 1–2 (identity not asserted)
peer-provided past exam/exercise or study aid,/Users/benecles/Desktop/UFRGS 2026-2/Teoria Geral dos Contratos/Colegas 2026-09-27/TGC anotações Carol Vidor (26_1).pdf,943b92a408e5b2c8e09e3479d943f2780fa6034329ab4720bcf1dd193fec46ea,PDF,PDF; text-layer/OCR not rechecked in metadata-only inventory; prior intake says six PDFs had no selectable text on sampled pp. 1–2 (identity not asserted)
peer-provided past exam/exercise or study aid,/Users/benecles/Desktop/UFRGS 2026-2/Teoria Geral dos Contratos/Colegas 2026-09-27/TGC aulas gravadas Fabiano Menke.pdf,d3f8d89020a245b9ab03f1b34d851bf6c779e43fda1143b39f47640b58ba61b1,PDF,PDF; text-layer/OCR not rechecked in metadata-only inventory; prior intake says six PDFs had no selectable text on sampled pp. 1–2 (identity not asserted)
peer-provided past exam/exercise or study aid,/Users/benecles/Desktop/UFRGS 2026-2/Teoria Geral dos Contratos/Colegas 2026-09-27/TGC P1 antiga gabarito - OCR tesseract.txt,89aa5db38b86b0842a1f8e99a3a33b5181a24b976f1400b4533fa0fef38131c5,TXT,"Plain text; existing source file, not read"
peer-provided past exam/exercise or study aid,/Users/benecles/Desktop/UFRGS 2026-2/Teoria Geral dos Contratos/Colegas 2026-09-27/TGC P1 antiga gabarito.pdf,84ffd34a2162708753cb5a1e2a6c1656c69672de6e89c15bfec34c6f0babd438,PDF,PDF; text-layer/OCR not rechecked in metadata-only inventory; prior intake says six PDFs had no selectable text on sampled pp. 1–2 (identity not asserted)
peer-provided past exam/exercise or study aid,/Users/benecles/Desktop/UFRGS 2026-2/Teoria Geral dos Contratos/Colegas 2026-09-27/TGC P1 antiga sem gabarito - OCR tesseract.txt,89aa5db38b86b0842a1f8e99a3a33b5181a24b976f1400b4533fa0fef38131c5,TXT,"Plain text; existing source file, not read"
peer-provided past exam/exercise or study aid,/Users/benecles/Desktop/UFRGS 2026-2/Teoria Geral dos Contratos/Colegas 2026-09-27/TGC P1 antiga sem gabarito.pdf,546f9812148e95b0aec1828734d2934475897b7fcae2057274fffd57177347b4,PDF,PDF; text-layer/OCR not rechecked in metadata-only inventory; prior intake says six PDFs had no selectable text on sampled pp. 1–2 (identity not asserted)
peer-provided past exam/exercise or study aid,/Users/benecles/Desktop/UFRGS 2026-2/Teoria Geral dos Contratos/Colegas 2026-09-27/TGC P1 lista de questões 1.pdf,68e498f3c287acc23c9c8a5112e935c6bab7e3aaac510b3398ec994367fb9cdd,PDF,PDF; text-layer/OCR not rechecked in metadata-only inventory; prior intake says six PDFs had no selectable text on sampled pp. 1–2 (identity not asserted)
peer-provided past exam/exercise or study aid,/Users/benecles/Desktop/UFRGS 2026-2/Teoria Geral dos Contratos/Colegas 2026-09-27/TGC P1 lista de questões 2 - OCR tesseract.txt,49992e05e81a23cef119477ee06ed0d1f3b882378cf777364d11756e7e8d5b99,TXT,"Plain text; existing source file, not read"
peer-provided past exam/exercise or study aid,/Users/benecles/Desktop/UFRGS 2026-2/Teoria Geral dos Contratos/Colegas 2026-09-27/TGC P1 lista de questões 2.pdf,d534978b910842286b7d7ae3fa5ab547d9f63111c14552ae76ec671f809d1563,PDF,PDF; text-layer/OCR not rechecked in metadata-only inventory; prior intake says six PDFs had no selectable text on sampled pp. 1–2 (identity not asserted)
peer-provided past exam/exercise or study aid,/Users/benecles/Desktop/UFRGS 2026-2/Teoria Geral dos Contratos/Colegas 2026-09-27/TGC tabela contratos.pdf,cdfc084595b998685a91e84b7acb892dadfd355e88de567a0c8bae90d9672757,PDF,PDF; text-layer/OCR not rechecked in metadata-only inventory; prior intake says six PDFs had no selectable text on sampled pp. 1–2 (identity not asserted)
required amendment atom: Lei 13.874/2019 art. 7º (CC arts. 421 and 421-A),MISSING (article-level extract),N/A,missing,Article-level extract not located. Whole-law availability note only: https://www.planalto.gov.br/ccivil_03/_ato2019-2022/2019/lei/l13874.htm; art. 7 amends CC art. 421 and adds art. 421-A. Whole law is not a shelf item.
required article atom: CC art. 107,MISSING (article-level extract),N/A,missing,Article-level extract not located. Whole consolidated CC availability note only: https://www.planalto.gov.br/ccivil_03/leis/2002/l10406compilada.htm; whole CC is not a shelf item. Live course article index: CC 107.
required article atom: CC art. 108,MISSING (article-level extract),N/A,missing,Article-level extract not located. Whole consolidated CC availability note only: https://www.planalto.gov.br/ccivil_03/leis/2002/l10406compilada.htm; whole CC is not a shelf item. Live course article index: CC 108.
required article atom: CC art. 109,MISSING (article-level extract),N/A,missing,Article-level extract not located. Whole consolidated CC availability note only: https://www.planalto.gov.br/ccivil_03/leis/2002/l10406compilada.htm; whole CC is not a shelf item. Live course article index: CC 109.
required article atom: CC art. 112,MISSING (article-level extract),N/A,missing,Article-level extract not located. Whole consolidated CC availability note only: https://www.planalto.gov.br/ccivil_03/leis/2002/l10406compilada.htm; whole CC is not a shelf item. Live course article index: CC 112.
required article atom: CC art. 113,MISSING (article-level extract),N/A,missing,Article-level extract not located. Whole consolidated CC availability note only: https://www.planalto.gov.br/ccivil_03/leis/2002/l10406compilada.htm; whole CC is not a shelf item. Live course article index: CC 113.
required article atom: CC art. 114,MISSING (article-level extract),N/A,missing,Article-level extract not located. Whole consolidated CC availability note only: https://www.planalto.gov.br/ccivil_03/leis/2002/l10406compilada.htm; whole CC is not a shelf item. Live course article index: CC 114.
required article atom: CC art. 157,MISSING (article-level extract),N/A,missing,Article-level extract not located. Whole consolidated CC availability note only: https://www.planalto.gov.br/ccivil_03/leis/2002/l10406compilada.htm; whole CC is not a shelf item. Live course article index: CC 157.
required article atom: CC art. 178,MISSING (article-level extract),N/A,missing,"Article-level extract not located. Whole consolidated CC availability note only: https://www.planalto.gov.br/ccivil_03/leis/2002/l10406compilada.htm; whole CC is not a shelf item. Live course article index: CC 178, II."
required article atom: CC art. 187,MISSING (article-level extract),N/A,missing,Article-level extract not located. Whole consolidated CC availability note only: https://www.planalto.gov.br/ccivil_03/leis/2002/l10406compilada.htm; whole CC is not a shelf item. Live course article index: CC 187.
required article atom: CC art. 234,MISSING (article-level extract),N/A,missing,Article-level extract not located. Whole consolidated CC availability note only: https://www.planalto.gov.br/ccivil_03/leis/2002/l10406compilada.htm; whole CC is not a shelf item. Live course article index: CC 234.
required article atom: CC art. 246,MISSING (article-level extract),N/A,missing,Article-level extract not located. Whole consolidated CC availability note only: https://www.planalto.gov.br/ccivil_03/leis/2002/l10406compilada.htm; whole CC is not a shelf item. Live course article index: CC 246.
required article atom: CC art. 286,MISSING (article-level extract),N/A,missing,Article-level extract not located. Whole consolidated CC availability note only: https://www.planalto.gov.br/ccivil_03/leis/2002/l10406compilada.htm; whole CC is not a shelf item. Live course article index: CC 286–298.
required article atom: CC art. 287,MISSING (article-level extract),N/A,missing,Article-level extract not located. Whole consolidated CC availability note only: https://www.planalto.gov.br/ccivil_03/leis/2002/l10406compilada.htm; whole CC is not a shelf item. Live course article index: CC 286–298.
required article atom: CC art. 288,MISSING (article-level extract),N/A,missing,Article-level extract not located. Whole consolidated CC availability note only: https://www.planalto.gov.br/ccivil_03/leis/2002/l10406compilada.htm; whole CC is not a shelf item. Live course article index: CC 286–298.
required article atom: CC art. 289,MISSING (article-level extract),N/A,missing,Article-level extract not located. Whole consolidated CC availability note only: https://www.planalto.gov.br/ccivil_03/leis/2002/l10406compilada.htm; whole CC is not a shelf item. Live course article index: CC 286–298.
required article atom: CC art. 290,MISSING (article-level extract),N/A,missing,Article-level extract not located. Whole consolidated CC availability note only: https://www.planalto.gov.br/ccivil_03/leis/2002/l10406compilada.htm; whole CC is not a shelf item. Live course article index: CC 286–298.
required article atom: CC art. 291,MISSING (article-level extract),N/A,missing,Article-level extract not located. Whole consolidated CC availability note only: https://www.planalto.gov.br/ccivil_03/leis/2002/l10406compilada.htm; whole CC is not a shelf item. Live course article index: CC 286–298.
required article atom: CC art. 292,MISSING (article-level extract),N/A,missing,Article-level extract not located. Whole consolidated CC availability note only: https://www.planalto.gov.br/ccivil_03/leis/2002/l10406compilada.htm; whole CC is not a shelf item. Live course article index: CC 286–298.
required article atom: CC art. 293,MISSING (article-level extract),N/A,missing,Article-level extract not located. Whole consolidated CC availability note only: https://www.planalto.gov.br/ccivil_03/leis/2002/l10406compilada.htm; whole CC is not a shelf item. Live course article index: CC 286–298.
required article atom: CC art. 294,MISSING (article-level extract),N/A,missing,Article-level extract not located. Whole consolidated CC availability note only: https://www.planalto.gov.br/ccivil_03/leis/2002/l10406compilada.htm; whole CC is not a shelf item. Live course article index: CC 286–298.
required article atom: CC art. 295,MISSING (article-level extract),N/A,missing,Article-level extract not located. Whole consolidated CC availability note only: https://www.planalto.gov.br/ccivil_03/leis/2002/l10406compilada.htm; whole CC is not a shelf item. Live course article index: CC 286–298.
required article atom: CC art. 296,MISSING (article-level extract),N/A,missing,Article-level extract not located. Whole consolidated CC availability note only: https://www.planalto.gov.br/ccivil_03/leis/2002/l10406compilada.htm; whole CC is not a shelf item. Live course article index: CC 286–298.
required article atom: CC art. 297,MISSING (article-level extract),N/A,missing,Article-level extract not located. Whole consolidated CC availability note only: https://www.planalto.gov.br/ccivil_03/leis/2002/l10406compilada.htm; whole CC is not a shelf item. Live course article index: CC 286–298.
required article atom: CC art. 298,MISSING (article-level extract),N/A,missing,Article-level extract not located. Whole consolidated CC availability note only: https://www.planalto.gov.br/ccivil_03/leis/2002/l10406compilada.htm; whole CC is not a shelf item. Live course article index: CC 286–298.
required article atom: CC art. 299,MISSING (article-level extract),N/A,missing,Article-level extract not located. Whole consolidated CC availability note only: https://www.planalto.gov.br/ccivil_03/leis/2002/l10406compilada.htm; whole CC is not a shelf item. Live course article index: CC 299.
required article atom: CC art. 300,MISSING (article-level extract),N/A,missing,Article-level extract not located. Whole consolidated CC availability note only: https://www.planalto.gov.br/ccivil_03/leis/2002/l10406compilada.htm; whole CC is not a shelf item. Live course article index: CC 300.
required article atom: CC art. 317,MISSING (article-level extract),N/A,missing,Article-level extract not located. Whole consolidated CC availability note only: https://www.planalto.gov.br/ccivil_03/leis/2002/l10406compilada.htm; whole CC is not a shelf item. Live course article index: CC 317.
required article atom: CC art. 392,MISSING (article-level extract),N/A,missing,Article-level extract not located. Whole consolidated CC availability note only: https://www.planalto.gov.br/ccivil_03/leis/2002/l10406compilada.htm; whole CC is not a shelf item. Live course article index: CC 392.
required article atom: CC art. 393,MISSING (article-level extract),N/A,missing,Article-level extract not located. Whole consolidated CC availability note only: https://www.planalto.gov.br/ccivil_03/leis/2002/l10406compilada.htm; whole CC is not a shelf item. Live course article index: CC 393.
required article atom: CC art. 394,MISSING (article-level extract),N/A,missing,Article-level extract not located. Whole consolidated CC availability note only: https://www.planalto.gov.br/ccivil_03/leis/2002/l10406compilada.htm; whole CC is not a shelf item. Live course article index: CC 394–396.
required article atom: CC art. 395,MISSING (article-level extract),N/A,missing,Article-level extract not located. Whole consolidated CC availability note only: https://www.planalto.gov.br/ccivil_03/leis/2002/l10406compilada.htm; whole CC is not a shelf item. Live course article index: CC 394–396.
required article atom: CC art. 396,MISSING (article-level extract),N/A,missing,Article-level extract not located. Whole consolidated CC availability note only: https://www.planalto.gov.br/ccivil_03/leis/2002/l10406compilada.htm; whole CC is not a shelf item. Live course article index: CC 394–396.
required article atom: CC art. 397,MISSING (article-level extract),N/A,missing,Article-level extract not located. Whole consolidated CC availability note only: https://www.planalto.gov.br/ccivil_03/leis/2002/l10406compilada.htm; whole CC is not a shelf item. Live course article index: CC 397.
required article atom: CC art. 399,MISSING (article-level extract),N/A,missing,Article-level extract not located. Whole consolidated CC availability note only: https://www.planalto.gov.br/ccivil_03/leis/2002/l10406compilada.htm; whole CC is not a shelf item. Live course article index: CC 399.
required article atom: CC art. 416,MISSING (article-level extract),N/A,missing,Article-level extract not located. Whole consolidated CC availability note only: https://www.planalto.gov.br/ccivil_03/leis/2002/l10406compilada.htm; whole CC is not a shelf item. Live course article index: CC 416.
required article atom: CC art. 417,MISSING (article-level extract),N/A,missing,Article-level extract not located. Whole consolidated CC availability note only: https://www.planalto.gov.br/ccivil_03/leis/2002/l10406compilada.htm; whole CC is not a shelf item. Live course article index: CC 417–419.
required article atom: CC art. 418,MISSING (article-level extract),N/A,missing,Article-level extract not located. Whole consolidated CC availability note only: https://www.planalto.gov.br/ccivil_03/leis/2002/l10406compilada.htm; whole CC is not a shelf item. Live course article index: CC 417–419.
required article atom: CC art. 419,MISSING (article-level extract),N/A,missing,Article-level extract not located. Whole consolidated CC availability note only: https://www.planalto.gov.br/ccivil_03/leis/2002/l10406compilada.htm; whole CC is not a shelf item. Live course article index: CC 417–419.
required article atom: CC art. 420,MISSING (article-level extract),N/A,missing,Article-level extract not located. Whole consolidated CC availability note only: https://www.planalto.gov.br/ccivil_03/leis/2002/l10406compilada.htm; whole CC is not a shelf item. Live course article index: CC 420.
required article atom: CC art. 421,MISSING (article-level extract),N/A,missing,Article-level extract not located. Whole consolidated CC availability note only: https://www.planalto.gov.br/ccivil_03/leis/2002/l10406compilada.htm; whole CC is not a shelf item. Live course article index: CC 421.
required article atom: CC art. 422,MISSING (article-level extract),N/A,missing,Article-level extract not located. Whole consolidated CC availability note only: https://www.planalto.gov.br/ccivil_03/leis/2002/l10406compilada.htm; whole CC is not a shelf item. Live course article index: CC 422.
required article atom: CC art. 423,MISSING (article-level extract),N/A,missing,Article-level extract not located. Whole consolidated CC availability note only: https://www.planalto.gov.br/ccivil_03/leis/2002/l10406compilada.htm; whole CC is not a shelf item. Live course article index: CC 423.
required article atom: CC art. 424,MISSING (article-level extract),N/A,missing,Article-level extract not located. Whole consolidated CC availability note only: https://www.planalto.gov.br/ccivil_03/leis/2002/l10406compilada.htm; whole CC is not a shelf item. Live course article index: CC 424.
required article atom: CC art. 425,MISSING (article-level extract),N/A,missing,Article-level extract not located. Whole consolidated CC availability note only: https://www.planalto.gov.br/ccivil_03/leis/2002/l10406compilada.htm; whole CC is not a shelf item. Live course article index: CC 425.
required article atom: CC art. 427,MISSING (article-level extract),N/A,missing,Article-level extract not located. Whole consolidated CC availability note only: https://www.planalto.gov.br/ccivil_03/leis/2002/l10406compilada.htm; whole CC is not a shelf item. Live course article index: CC 427.
required article atom: CC art. 428,MISSING (article-level extract),N/A,missing,Article-level extract not located. Whole consolidated CC availability note only: https://www.planalto.gov.br/ccivil_03/leis/2002/l10406compilada.htm; whole CC is not a shelf item. Live course article index: CC 428.
required article atom: CC art. 429,MISSING (article-level extract),N/A,missing,Article-level extract not located. Whole consolidated CC availability note only: https://www.planalto.gov.br/ccivil_03/leis/2002/l10406compilada.htm; whole CC is not a shelf item. Live course article index: CC 429.
required article atom: CC art. 430,MISSING (article-level extract),N/A,missing,Article-level extract not located. Whole consolidated CC availability note only: https://www.planalto.gov.br/ccivil_03/leis/2002/l10406compilada.htm; whole CC is not a shelf item. Live course article index: CC 430.
required article atom: CC art. 431,MISSING (article-level extract),N/A,missing,Article-level extract not located. Whole consolidated CC availability note only: https://www.planalto.gov.br/ccivil_03/leis/2002/l10406compilada.htm; whole CC is not a shelf item. Live course article index: CC 431.
required article atom: CC art. 432,MISSING (article-level extract),N/A,missing,Article-level extract not located. Whole consolidated CC availability note only: https://www.planalto.gov.br/ccivil_03/leis/2002/l10406compilada.htm; whole CC is not a shelf item. Live course article index: CC 432.
required article atom: CC art. 433,MISSING (article-level extract),N/A,missing,Article-level extract not located. Whole consolidated CC availability note only: https://www.planalto.gov.br/ccivil_03/leis/2002/l10406compilada.htm; whole CC is not a shelf item. Live course article index: CC 433.
required article atom: CC art. 434,MISSING (article-level extract),N/A,missing,Article-level extract not located. Whole consolidated CC availability note only: https://www.planalto.gov.br/ccivil_03/leis/2002/l10406compilada.htm; whole CC is not a shelf item. Live course article index: CC 434.
required article atom: CC art. 435,MISSING (article-level extract),N/A,missing,Article-level extract not located. Whole consolidated CC availability note only: https://www.planalto.gov.br/ccivil_03/leis/2002/l10406compilada.htm; whole CC is not a shelf item. Live course article index: CC 435.
required article atom: CC art. 436,MISSING (article-level extract),N/A,missing,Article-level extract not located. Whole consolidated CC availability note only: https://www.planalto.gov.br/ccivil_03/leis/2002/l10406compilada.htm; whole CC is not a shelf item. Live course article index: CC 436–438.
required article atom: CC art. 437,MISSING (article-level extract),N/A,missing,Article-level extract not located. Whole consolidated CC availability note only: https://www.planalto.gov.br/ccivil_03/leis/2002/l10406compilada.htm; whole CC is not a shelf item. Live course article index: CC 436–438.
required article atom: CC art. 438,MISSING (article-level extract),N/A,missing,Article-level extract not located. Whole consolidated CC availability note only: https://www.planalto.gov.br/ccivil_03/leis/2002/l10406compilada.htm; whole CC is not a shelf item. Live course article index: CC 436–438.
required article atom: CC art. 439,MISSING (article-level extract),N/A,missing,Article-level extract not located. Whole consolidated CC availability note only: https://www.planalto.gov.br/ccivil_03/leis/2002/l10406compilada.htm; whole CC is not a shelf item. Live course article index: CC 439–440.
required article atom: CC art. 440,MISSING (article-level extract),N/A,missing,Article-level extract not located. Whole consolidated CC availability note only: https://www.planalto.gov.br/ccivil_03/leis/2002/l10406compilada.htm; whole CC is not a shelf item. Live course article index: CC 439–440.
required article atom: CC art. 441,MISSING (article-level extract),N/A,missing,Article-level extract not located. Whole consolidated CC availability note only: https://www.planalto.gov.br/ccivil_03/leis/2002/l10406compilada.htm; whole CC is not a shelf item. Live course article index: CC 441–446.
required article atom: CC art. 442,MISSING (article-level extract),N/A,missing,Article-level extract not located. Whole consolidated CC availability note only: https://www.planalto.gov.br/ccivil_03/leis/2002/l10406compilada.htm; whole CC is not a shelf item. Live course article index: CC 441–446.
required article atom: CC art. 443,MISSING (article-level extract),N/A,missing,Article-level extract not located. Whole consolidated CC availability note only: https://www.planalto.gov.br/ccivil_03/leis/2002/l10406compilada.htm; whole CC is not a shelf item. Live course article index: CC 441–446.
required article atom: CC art. 444,MISSING (article-level extract),N/A,missing,Article-level extract not located. Whole consolidated CC availability note only: https://www.planalto.gov.br/ccivil_03/leis/2002/l10406compilada.htm; whole CC is not a shelf item. Live course article index: CC 441–446.
required article atom: CC art. 445,MISSING (article-level extract),N/A,missing,Article-level extract not located. Whole consolidated CC availability note only: https://www.planalto.gov.br/ccivil_03/leis/2002/l10406compilada.htm; whole CC is not a shelf item. Live course article index: CC 441–446.
required article atom: CC art. 446,MISSING (article-level extract),N/A,missing,Article-level extract not located. Whole consolidated CC availability note only: https://www.planalto.gov.br/ccivil_03/leis/2002/l10406compilada.htm; whole CC is not a shelf item. Live course article index: CC 441–446.
required article atom: CC art. 447,MISSING (article-level extract),N/A,missing,Article-level extract not located. Whole consolidated CC availability note only: https://www.planalto.gov.br/ccivil_03/leis/2002/l10406compilada.htm; whole CC is not a shelf item. Live course article index: CC 447–457.
required article atom: CC art. 448,MISSING (article-level extract),N/A,missing,Article-level extract not located. Whole consolidated CC availability note only: https://www.planalto.gov.br/ccivil_03/leis/2002/l10406compilada.htm; whole CC is not a shelf item. Live course article index: CC 447–457.
required article atom: CC art. 449,MISSING (article-level extract),N/A,missing,Article-level extract not located. Whole consolidated CC availability note only: https://www.planalto.gov.br/ccivil_03/leis/2002/l10406compilada.htm; whole CC is not a shelf item. Live course article index: CC 447–457.
required article atom: CC art. 450,MISSING (article-level extract),N/A,missing,Article-level extract not located. Whole consolidated CC availability note only: https://www.planalto.gov.br/ccivil_03/leis/2002/l10406compilada.htm; whole CC is not a shelf item. Live course article index: CC 447–457.
required article atom: CC art. 451,MISSING (article-level extract),N/A,missing,Article-level extract not located. Whole consolidated CC availability note only: https://www.planalto.gov.br/ccivil_03/leis/2002/l10406compilada.htm; whole CC is not a shelf item. Live course article index: CC 447–457.
required article atom: CC art. 452,MISSING (article-level extract),N/A,missing,Article-level extract not located. Whole consolidated CC availability note only: https://www.planalto.gov.br/ccivil_03/leis/2002/l10406compilada.htm; whole CC is not a shelf item. Live course article index: CC 447–457.
required article atom: CC art. 453,MISSING (article-level extract),N/A,missing,Article-level extract not located. Whole consolidated CC availability note only: https://www.planalto.gov.br/ccivil_03/leis/2002/l10406compilada.htm; whole CC is not a shelf item. Live course article index: CC 447–457.
required article atom: CC art. 454,MISSING (article-level extract),N/A,missing,Article-level extract not located. Whole consolidated CC availability note only: https://www.planalto.gov.br/ccivil_03/leis/2002/l10406compilada.htm; whole CC is not a shelf item. Live course article index: CC 447–457.
required article atom: CC art. 455,MISSING (article-level extract),N/A,missing,Article-level extract not located. Whole consolidated CC availability note only: https://www.planalto.gov.br/ccivil_03/leis/2002/l10406compilada.htm; whole CC is not a shelf item. Live course article index: CC 447–457.
required article atom: CC art. 456,MISSING (article-level extract),N/A,missing,Article-level extract not located. Whole consolidated CC availability note only: https://www.planalto.gov.br/ccivil_03/leis/2002/l10406compilada.htm; whole CC is not a shelf item. Live course article index: CC 447–457.
required article atom: CC art. 457,MISSING (article-level extract),N/A,missing,Article-level extract not located. Whole consolidated CC availability note only: https://www.planalto.gov.br/ccivil_03/leis/2002/l10406compilada.htm; whole CC is not a shelf item. Live course article index: CC 447–457.
required article atom: CC art. 458,MISSING (article-level extract),N/A,missing,Article-level extract not located. Whole consolidated CC availability note only: https://www.planalto.gov.br/ccivil_03/leis/2002/l10406compilada.htm; whole CC is not a shelf item. Live course article index: CC 458–461.
required article atom: CC art. 459,MISSING (article-level extract),N/A,missing,Article-level extract not located. Whole consolidated CC availability note only: https://www.planalto.gov.br/ccivil_03/leis/2002/l10406compilada.htm; whole CC is not a shelf item. Live course article index: CC 458–461.
required article atom: CC art. 460,MISSING (article-level extract),N/A,missing,Article-level extract not located. Whole consolidated CC availability note only: https://www.planalto.gov.br/ccivil_03/leis/2002/l10406compilada.htm; whole CC is not a shelf item. Live course article index: CC 458–461.
required article atom: CC art. 461,MISSING (article-level extract),N/A,missing,Article-level extract not located. Whole consolidated CC availability note only: https://www.planalto.gov.br/ccivil_03/leis/2002/l10406compilada.htm; whole CC is not a shelf item. Live course article index: CC 458–461.
required article atom: CC art. 462,MISSING (article-level extract),N/A,missing,Article-level extract not located. Whole consolidated CC availability note only: https://www.planalto.gov.br/ccivil_03/leis/2002/l10406compilada.htm; whole CC is not a shelf item. Live course article index: CC 462–466.
required article atom: CC art. 463,MISSING (article-level extract),N/A,missing,Article-level extract not located. Whole consolidated CC availability note only: https://www.planalto.gov.br/ccivil_03/leis/2002/l10406compilada.htm; whole CC is not a shelf item. Live course article index: CC 462–466.
required article atom: CC art. 464,MISSING (article-level extract),N/A,missing,Article-level extract not located. Whole consolidated CC availability note only: https://www.planalto.gov.br/ccivil_03/leis/2002/l10406compilada.htm; whole CC is not a shelf item. Live course article index: CC 462–466.
required article atom: CC art. 465,MISSING (article-level extract),N/A,missing,Article-level extract not located. Whole consolidated CC availability note only: https://www.planalto.gov.br/ccivil_03/leis/2002/l10406compilada.htm; whole CC is not a shelf item. Live course article index: CC 462–466.
required article atom: CC art. 466,MISSING (article-level extract),N/A,missing,Article-level extract not located. Whole consolidated CC availability note only: https://www.planalto.gov.br/ccivil_03/leis/2002/l10406compilada.htm; whole CC is not a shelf item. Live course article index: CC 462–466.
required article atom: CC art. 467,MISSING (article-level extract),N/A,missing,Article-level extract not located. Whole consolidated CC availability note only: https://www.planalto.gov.br/ccivil_03/leis/2002/l10406compilada.htm; whole CC is not a shelf item. Live course article index: CC 467–471.
required article atom: CC art. 468,MISSING (article-level extract),N/A,missing,Article-level extract not located. Whole consolidated CC availability note only: https://www.planalto.gov.br/ccivil_03/leis/2002/l10406compilada.htm; whole CC is not a shelf item. Live course article index: CC 467–471.
required article atom: CC art. 469,MISSING (article-level extract),N/A,missing,Article-level extract not located. Whole consolidated CC availability note only: https://www.planalto.gov.br/ccivil_03/leis/2002/l10406compilada.htm; whole CC is not a shelf item. Live course article index: CC 467–471.
required article atom: CC art. 470,MISSING (article-level extract),N/A,missing,Article-level extract not located. Whole consolidated CC availability note only: https://www.planalto.gov.br/ccivil_03/leis/2002/l10406compilada.htm; whole CC is not a shelf item. Live course article index: CC 467–471.
required article atom: CC art. 471,MISSING (article-level extract),N/A,missing,Article-level extract not located. Whole consolidated CC availability note only: https://www.planalto.gov.br/ccivil_03/leis/2002/l10406compilada.htm; whole CC is not a shelf item. Live course article index: CC 467–471.
required article atom: CC art. 472,MISSING (article-level extract),N/A,missing,Article-level extract not located. Whole consolidated CC availability note only: https://www.planalto.gov.br/ccivil_03/leis/2002/l10406compilada.htm; whole CC is not a shelf item. Live course article index: CC 472.
required article atom: CC art. 473,MISSING (article-level extract),N/A,missing,Article-level extract not located. Whole consolidated CC availability note only: https://www.planalto.gov.br/ccivil_03/leis/2002/l10406compilada.htm; whole CC is not a shelf item. Live course article index: CC 473.
required article atom: CC art. 474,MISSING (article-level extract),N/A,missing,Article-level extract not located. Whole consolidated CC availability note only: https://www.planalto.gov.br/ccivil_03/leis/2002/l10406compilada.htm; whole CC is not a shelf item. Live course article index: CC 474.
required article atom: CC art. 475,MISSING (article-level extract),N/A,missing,Article-level extract not located. Whole consolidated CC availability note only: https://www.planalto.gov.br/ccivil_03/leis/2002/l10406compilada.htm; whole CC is not a shelf item. Live course article index: CC 475.
required article atom: CC art. 476,MISSING (article-level extract),N/A,missing,Article-level extract not located. Whole consolidated CC availability note only: https://www.planalto.gov.br/ccivil_03/leis/2002/l10406compilada.htm; whole CC is not a shelf item. Live course article index: CC 476.
required article atom: CC art. 477,MISSING (article-level extract),N/A,missing,Article-level extract not located. Whole consolidated CC availability note only: https://www.planalto.gov.br/ccivil_03/leis/2002/l10406compilada.htm; whole CC is not a shelf item. Live course article index: CC 477.
required article atom: CC art. 478,MISSING (article-level extract),N/A,missing,Article-level extract not located. Whole consolidated CC availability note only: https://www.planalto.gov.br/ccivil_03/leis/2002/l10406compilada.htm; whole CC is not a shelf item. Live course article index: CC 478.
required article atom: CC art. 479,MISSING (article-level extract),N/A,missing,Article-level extract not located. Whole consolidated CC availability note only: https://www.planalto.gov.br/ccivil_03/leis/2002/l10406compilada.htm; whole CC is not a shelf item. Live course article index: CC 479.
required article atom: CC art. 480,MISSING (article-level extract),N/A,missing,Article-level extract not located. Whole consolidated CC availability note only: https://www.planalto.gov.br/ccivil_03/leis/2002/l10406compilada.htm; whole CC is not a shelf item. Live course article index: CC 480.
required article atom: CC art. 555,MISSING (article-level extract),N/A,missing,Article-level extract not located. Whole consolidated CC availability note only: https://www.planalto.gov.br/ccivil_03/leis/2002/l10406compilada.htm; whole CC is not a shelf item. Live course article index: CC 555.
required article atom: CC art. 682,MISSING (article-level extract),N/A,missing,Article-level extract not located. Whole consolidated CC availability note only: https://www.planalto.gov.br/ccivil_03/leis/2002/l10406compilada.htm; whole CC is not a shelf item. Live course article index: CC 682.
required article atom: CDC art. 2,MISSING (article-level extract),N/A,missing,Article-level extract not located. Whole consolidated CDC availability note only: https://www.planalto.gov.br/ccivil_03/leis/l8078compilado.htm; whole CDC is not a shelf item. Live course article index: CDC 2º.
required article atom: CDC art. 3,MISSING (article-level extract),N/A,missing,Article-level extract not located. Whole consolidated CDC availability note only: https://www.planalto.gov.br/ccivil_03/leis/l8078compilado.htm; whole CDC is not a shelf item. Live course article index: CDC 3º.
required article atom: CDC art. 30,MISSING (article-level extract),N/A,missing,Article-level extract not located. Whole consolidated CDC availability note only: https://www.planalto.gov.br/ccivil_03/leis/l8078compilado.htm; whole CDC is not a shelf item. Live course article index: CDC 30.
required article atom: CDC art. 35,MISSING (article-level extract),N/A,missing,Article-level extract not located. Whole consolidated CDC availability note only: https://www.planalto.gov.br/ccivil_03/leis/l8078compilado.htm; whole CDC is not a shelf item. Live course article index: CDC 35.
required article atom: CDC art. 4,MISSING (article-level extract),N/A,missing,"Article-level extract not located. Whole consolidated CDC availability note only: https://www.planalto.gov.br/ccivil_03/leis/l8078compilado.htm; whole CDC is not a shelf item. Live course article index: CDC 4º, I."
required article atom: CDC art. 47,MISSING (article-level extract),N/A,missing,Article-level extract not located. Whole consolidated CDC availability note only: https://www.planalto.gov.br/ccivil_03/leis/l8078compilado.htm; whole CDC is not a shelf item. Live course article index: CDC 47.
required article atom: CDC art. 51,MISSING (article-level extract),N/A,missing,Article-level extract not located. Whole consolidated CDC availability note only: https://www.planalto.gov.br/ccivil_03/leis/l8078compilado.htm; whole CDC is not a shelf item. Live course article index: CDC 51.
required article atom: CDC art. 6,MISSING (article-level extract),N/A,missing,"Article-level extract not located. Whole consolidated CDC availability note only: https://www.planalto.gov.br/ccivil_03/leis/l8078compilado.htm; whole CDC is not a shelf item. Live course article index: CDC 6º, V."
required article atom: CF/88 art. 170 (including incisos I–VIII),MISSING (article-level extract),N/A,missing,Article-level extract not located. Whole-CF availability note only: https://www.planalto.gov.br/ccivil_03/constituicao/constituicao.htm; cited in local Gerson Branco article text. Whole CF is not a shelf item.
required article atom: CF/88 art. 1º caput,MISSING (article-level extract),N/A,missing,Article-level extract not located. Whole-CF availability note only: https://www.planalto.gov.br/ccivil_03/constituicao/constituicao.htm; cited in local Gerson Branco article text. Whole CF is not a shelf item.
"required article atom: CF/88 art. 3º, I",MISSING (article-level extract),N/A,missing,Article-level extract not located. Whole-CF availability note only: https://www.planalto.gov.br/ccivil_03/constituicao/constituicao.htm; cited in local Gerson Branco article text. Whole CF is not a shelf item.
required article atom: CF/88 art. 5º caput,MISSING (article-level extract),N/A,missing,Article-level extract not located. Whole-CF availability note only: https://www.planalto.gov.br/ccivil_03/constituicao/constituicao.htm; cited in local Gerson Branco article text. Whole CF is not a shelf item.
"required article atom: CF/88 art. 5º, § 1º",MISSING (article-level extract),N/A,missing,Article-level extract not located. Whole-CF availability note only: https://www.planalto.gov.br/ccivil_03/constituicao/constituicao.htm; cited in local Gerson Branco article text. Whole CF is not a shelf item.
saved Moodle resource copy/archive duplicate,/Users/benecles/Desktop/UFRGS 2026-2/Teoria Geral dos Contratos/Moodle/2026-08-23 scrape/dir02023-contracts/2. Extinção dos contratos.pdf,5b0b7d98bfb6ad4ced351390862b6629786506837fa288a75cffafdb16d1df7d,PDF,PDF; text-layer/OCR not rechecked in metadata-only inventory; prior intake says six PDFs had no selectable text on sampled pp. 1–2 (identity not asserted)
saved Moodle resource copy/archive duplicate,/Users/benecles/Desktop/UFRGS 2026-2/Teoria Geral dos Contratos/Moodle/2026-08-23 scrape/dir02023-contracts/28-10-2014 (2)onerosidade excessiva a revisão Contratual no direito privado brasileiro (1).pdf,5a2d3ee7da28a360cf160bc2063070a2988cb66f35409435d1bb2c1708521d65,PDF,PDF; text-layer/OCR not rechecked in metadata-only inventory; prior intake says six PDFs had no selectable text on sampled pp. 1–2 (identity not asserted)
saved Moodle resource copy/archive duplicate,/Users/benecles/Desktop/UFRGS 2026-2/Teoria Geral dos Contratos/Moodle/2026-08-23 scrape/dir02023-contracts/A aceitação pelo silencio. CISG Brasil e Portugal.pdf,e7a95396782390068029c962e0636d1931bc56d8fc39b9f027f9431f870ce725,PDF,PDF; text-layer/OCR not rechecked in metadata-only inventory; prior intake says six PDFs had no selectable text on sampled pp. 1–2 (identity not asserted)
saved Moodle resource copy/archive duplicate,/Users/benecles/Desktop/UFRGS 2026-2/Teoria Geral dos Contratos/Moodle/2026-08-23 scrape/dir02023-contracts/Acórdão Exceção Inseguridade.pdf,737fe375341901e8b870ff93a3b9a5cf650b612d375c3490ed27abfbf8965de1,PDF,PDF; text-layer/OCR not rechecked in metadata-only inventory; prior intake says six PDFs had no selectable text on sampled pp. 1–2 (identity not asserted)
saved Moodle resource copy/archive duplicate,/Users/benecles/Desktop/UFRGS 2026-2/Teoria Geral dos Contratos/Moodle/2026-08-23 scrape/dir02023-contracts/AcórdãoTJDFLesão (1).pdf,f02a37983f25622e069ffd1bcca44bf0a683ec624b559c6c38d6c71f4cfec51a,PDF,PDF; text-layer/OCR not rechecked in metadata-only inventory; prior intake says six PDFs had no selectable text on sampled pp. 1–2 (identity not asserted)
saved Moodle resource copy/archive duplicate,/Users/benecles/Desktop/UFRGS 2026-2/Teoria Geral dos Contratos/Moodle/2026-08-23 scrape/dir02023-contracts/Acórdão Princípio da Boa-Fé Objetiva.pdf,76517b642ffa9a47f65b926b45b1d8d68799fcf2b601609c55af5d220399f5f7,PDF,PDF; text-layer/OCR not rechecked in metadata-only inventory; prior intake says six PDFs had no selectable text on sampled pp. 1–2 (identity not asserted)
saved Moodle resource copy/archive duplicate,/Users/benecles/Desktop/UFRGS 2026-2/Teoria Geral dos Contratos/Moodle/2026-08-23 scrape/dir02023-contracts/Agência África é condenada por aliciar Zeca Pagodinho.pdf,8ceb5f61fd80fa472fc414e7e4b8978948fa3b4e9aac318568b08e364e79eefe,PDF,PDF; text-layer/OCR not rechecked in metadata-only inventory; prior intake says six PDFs had no selectable text on sampled pp. 1–2 (identity not asserted)
saved Moodle resource copy/archive duplicate,"/Users/benecles/Desktop/UFRGS 2026-2/Teoria Geral dos Contratos/Moodle/2026-08-23 scrape/dir02023-contracts/AGUIAR JÚNIOR, Ruy Rosado de. Contratos relacionais, existenciais e de lucro..pdf",edd7a646ccf54a38751e305438d61e9bf77384516f505d88a760194d5cf021ba,PDF,PDF; text-layer/OCR not rechecked in metadata-only inventory; prior intake says six PDFs had no selectable text on sampled pp. 1–2 (identity not asserted)
saved Moodle resource copy/archive duplicate,"/Users/benecles/Desktop/UFRGS 2026-2/Teoria Geral dos Contratos/Moodle/2026-08-23 scrape/dir02023-contracts/AGUIAR JÚNIOR, Ruy Rosado de.A Extinção dos Contratos.pdf",129aaad43bc9bce839cd891cd8f66b3f1ed9080dbf429b4eab5c88e2e3d98a6f,PDF,PDF; text-layer/OCR not rechecked in metadata-only inventory; prior intake says six PDFs had no selectable text on sampled pp. 1–2 (identity not asserted)
saved Moodle resource copy/archive duplicate,/Users/benecles/Desktop/UFRGS 2026-2/Teoria Geral dos Contratos/Moodle/2026-08-23 scrape/dir02023-contracts/Artigo O Destinatário FInal e o Consumidor Intermediário.pdf,3e93aef13c1fe659338d5838ad9ebe829b13c9b57c69dee3f679f2453744b921,PDF,PDF; text-layer/OCR not rechecked in metadata-only inventory; prior intake says six PDFs had no selectable text on sampled pp. 1–2 (identity not asserted)
saved Moodle resource copy/archive duplicate,/Users/benecles/Desktop/UFRGS 2026-2/Teoria Geral dos Contratos/Moodle/2026-08-23 scrape/dir02023-contracts/Artigo Princípios Contratuais - Antonio Junqueira de Azevedo.pdf,202bcbb845415a7caf1b3525ee70caaacfd3896881fea19b89d672331795625d,PDF,PDF; text-layer/OCR not rechecked in metadata-only inventory; prior intake says six PDFs had no selectable text on sampled pp. 1–2 (identity not asserted)
saved Moodle resource copy/archive duplicate,/Users/benecles/Desktop/UFRGS 2026-2/Teoria Geral dos Contratos/Moodle/2026-08-23 scrape/dir02023-contracts/Aula 2 - Slides 27 a 45.pdf,107ab7f02288e83604a3544be73d890764aef0e2b021f20e08df51b13b255e0d,PDF,PDF selectable text verified in prior slide audit; slide extraction available in prior prep where named
saved Moodle resource copy/archive duplicate,/Users/benecles/Desktop/UFRGS 2026-2/Teoria Geral dos Contratos/Moodle/2026-08-23 scrape/dir02023-contracts/Caso Disney - Notícia NBC News.pdf,09e4874400dd7e1753d8e4ef8496d36d3dd7b76fbc0e5ff96c27db3dcb316b9a,PDF,PDF; text-layer/OCR not rechecked in metadata-only inventory; prior intake says six PDFs had no selectable text on sampled pp. 1–2 (identity not asserted)
saved Moodle resource copy/archive duplicate,/Users/benecles/Desktop/UFRGS 2026-2/Teoria Geral dos Contratos/Moodle/2026-08-23 scrape/dir02023-contracts/Conceito Contrato Judith Martins Costa.pdf,5a17fd9972856ebefa80cfcae43390c02da3435697d6a0b24485c79e4f3838bb,PDF,PDF; text-layer/OCR not rechecked in metadata-only inventory; prior intake says six PDFs had no selectable text on sampled pp. 1–2 (identity not asserted)
saved Moodle resource copy/archive duplicate,/Users/benecles/Desktop/UFRGS 2026-2/Teoria Geral dos Contratos/Moodle/2026-08-23 scrape/dir02023-contracts/Francisco Marino. Revisão contratual_Trechos_v2.pdf,4055956d6e06055f29e65af8b824a2972fd4048a11ad0eb385e5596333d27bc5,PDF,PDF; text-layer/OCR not rechecked in metadata-only inventory; prior intake says six PDFs had no selectable text on sampled pp. 1–2 (identity not asserted)
saved Moodle resource copy/archive duplicate,"/Users/benecles/Desktop/UFRGS 2026-2/Teoria Geral dos Contratos/Moodle/2026-08-23 scrape/dir02023-contracts/Luis Renato Ferreira da Silva, Cessão de Posição Contratual, Aula 6.pdf",59132bc7fd17065c00d43417cf5eceebadad6345a9af843684a9fcd67cfb4a31,PDF,PDF; text-layer/OCR not rechecked in metadata-only inventory; prior intake says six PDFs had no selectable text on sampled pp. 1–2 (identity not asserted)
saved Moodle resource copy/archive duplicate,/Users/benecles/Desktop/UFRGS 2026-2/Teoria Geral dos Contratos/Moodle/2026-08-23 scrape/dir02023-contracts/Luis Renato Ferreira da Silva. Revisão dos Contratos.pdf,358cd8bcfa42ebe0b11b48d57715726899a4d899b54c29dd2d5855ecc5631d76,PDF,PDF; text-layer/OCR not rechecked in metadata-only inventory; prior intake says six PDFs had no selectable text on sampled pp. 1–2 (identity not asserted)
saved Moodle resource copy/archive duplicate,"/Users/benecles/Desktop/UFRGS 2026-2/Teoria Geral dos Contratos/Moodle/2026-08-23 scrape/dir02023-contracts/MARTINS-COSTA, J. Impossibilidade de prestar e excessiva onerosidade superveniente na relação entre shopping center e seus lojistas..pdf",451a293a29311fd9dfbe159f5a3bcdf0d814b7d9c38aac18e5c91c0f930588f6,PDF,PDF; text-layer/OCR not rechecked in metadata-only inventory; prior intake says six PDFs had no selectable text on sampled pp. 1–2 (identity not asserted)
saved Moodle resource copy/archive duplicate,"/Users/benecles/Desktop/UFRGS 2026-2/Teoria Geral dos Contratos/Moodle/2026-08-23 scrape/dir02023-contracts/MIRAGEM, Bruno. Contratos de consumo e tutela do consumidor vulnerável em relação aos efeitos da pandemia de coronavírus..pdf",62491a4115c2ebc75f3c33b2ecd991957dbc1e112bd1c7c06606b27b124857e1,PDF,PDF; text-layer/OCR not rechecked in metadata-only inventory; prior intake says six PDFs had no selectable text on sampled pp. 1–2 (identity not asserted)
saved Moodle resource copy/archive duplicate,/Users/benecles/Desktop/UFRGS 2026-2/Teoria Geral dos Contratos/Moodle/2026-08-23 scrape/dir02023-contracts/Moodle Aula 6.pdf,057ecf0e4573cf9a39cee8cb3307d2e6259a4163b6237cca53fa8a9c18a23f8b,PDF,PDF; text-layer/OCR not rechecked in metadata-only inventory; prior intake says six PDFs had no selectable text on sampled pp. 1–2 (identity not asserted)
saved Moodle resource copy/archive duplicate,/Users/benecles/Desktop/UFRGS 2026-2/Teoria Geral dos Contratos/Moodle/2026-08-23 scrape/dir02023-contracts/PONTES DE MIRANDA. Tratado de Direito Privado v. 25_trechos-1.pdf,83e6d8ed3d6cf81ce1f5208ddf9b5a9cf7f3d4ea629492f234ba95802c24f912,PDF,PDF; text-layer/OCR not rechecked in metadata-only inventory; prior intake says six PDFs had no selectable text on sampled pp. 1–2 (identity not asserted)
saved Moodle resource copy/archive duplicate,/Users/benecles/Desktop/UFRGS 2026-2/Teoria Geral dos Contratos/Moodle/2026-08-23 scrape/dir02023-contracts/PONTES DE MIRANDA. Tratado de Direito Privado v. 25_trechos-3.pdf,8cf715ea30634954f9d309d7328b5608bbf6f952c9474d747945cbf7ff6a43ae,PDF,PDF; text-layer/OCR not rechecked in metadata-only inventory; prior intake says six PDFs had no selectable text on sampled pp. 1–2 (identity not asserted)
saved Moodle resource copy/archive duplicate,/Users/benecles/Desktop/UFRGS 2026-2/Teoria Geral dos Contratos/Moodle/2026-08-23 scrape/dir02023-contracts/PONTES DE MIRANDA. Tratado de Direito Privado v. 25_trechos-4.pdf,6d2e11ac5a3a0343d338e044e400a9fbce3e283e2430341612c81c017fbbf5ab,PDF,PDF; text-layer/OCR not rechecked in metadata-only inventory; prior intake says six PDFs had no selectable text on sampled pp. 1–2 (identity not asserted)
saved Moodle resource copy/archive duplicate,/Users/benecles/Desktop/UFRGS 2026-2/Teoria Geral dos Contratos/Moodle/2026-08-23 scrape/dir02023-contracts/PONTES DE MIRANDA. Tratado de Direito Privado v. 25_trechos-5.pdf,6c0315061182d0e20eeae83da3bff48f7ce758eab850ebf6ddd0d8bb0ea7249d,PDF,PDF; text-layer/OCR not rechecked in metadata-only inventory; prior intake says six PDFs had no selectable text on sampled pp. 1–2 (identity not asserted)
saved Moodle resource copy/archive duplicate,/Users/benecles/Desktop/UFRGS 2026-2/Teoria Geral dos Contratos/Moodle/2026-08-23 scrape/dir02023-contracts/REsp - Caso Zeca Pagodinho.pdf,61d52672b02df628bde54be5bc520997d4b53ebffc2e0129d13c6730099b6113,PDF,PDF; text-layer/OCR not rechecked in metadata-only inventory; prior intake says six PDFs had no selectable text on sampled pp. 1–2 (identity not asserted)
saved Moodle resource copy/archive duplicate,/Users/benecles/Desktop/UFRGS 2026-2/Teoria Geral dos Contratos/Moodle/2026-08-23 scrape/dir02023-contracts/REsp - contrato preliminar não pode ter eficácia maior que o definitivo.pdf,b7a7e0178402059a550d5c4f1817e4cea24666a871140eee7894dfb4f034464d,PDF,PDF; text-layer/OCR not rechecked in metadata-only inventory; prior intake says six PDFs had no selectable text on sampled pp. 1–2 (identity not asserted)
saved Moodle resource copy/archive duplicate,/Users/benecles/Desktop/UFRGS 2026-2/Teoria Geral dos Contratos/Moodle/2026-08-23 scrape/dir02023-contracts/REsp - evicção.pdf,09a9b60553e5644b34c5cce252a9f4b3e3cea916a2470d64d0a569166ad862f5,PDF,PDF; text-layer/OCR not rechecked in metadata-only inventory; prior intake says six PDFs had no selectable text on sampled pp. 1–2 (identity not asserted)
saved Moodle resource copy/archive duplicate,/Users/benecles/Desktop/UFRGS 2026-2/Teoria Geral dos Contratos/Moodle/2026-08-23 scrape/dir02023-contracts/REsp - exceptio non adimpleti contractus.pdf,906758d8ab3d14d566733e585d0bbe3d7df2d7effbc87c0fa44bb0b872907cbe,PDF,PDF; text-layer/OCR not rechecked in metadata-only inventory; prior intake says six PDFs had no selectable text on sampled pp. 1–2 (identity not asserted)
saved Moodle resource copy/archive duplicate,/Users/benecles/Desktop/UFRGS 2026-2/Teoria Geral dos Contratos/Moodle/2026-08-23 scrape/dir02023-contracts/REsp - promessa de fato de terceiro.pdf,65a9d894e38633fb9d43d679abf076a7accb6e94a1ad9c8b002f2336018d1702,PDF,PDF; text-layer/OCR not rechecked in metadata-only inventory; prior intake says six PDFs had no selectable text on sampled pp. 1–2 (identity not asserted)
saved Moodle resource copy/archive duplicate,/Users/benecles/Desktop/UFRGS 2026-2/Teoria Geral dos Contratos/Moodle/2026-08-23 scrape/dir02023-contracts/REsp - Responsabilidade Pré Contratual.pdf,933d9f9b9b9ce5916b18d990a3fe59b1f2b94669f29f36c1875fb9c42fb62f2d,PDF,PDF; text-layer/OCR not rechecked in metadata-only inventory; prior intake says six PDFs had no selectable text on sampled pp. 1–2 (identity not asserted)
saved Moodle resource copy/archive duplicate,/Users/benecles/Desktop/UFRGS 2026-2/Teoria Geral dos Contratos/Moodle/2026-08-23 scrape/dir02023-contracts/RESP 1505002 - Eike.pdf,54ccb335d727818367830e5a1069df836fa662070faf12f0873cb3b7970e1eb9,PDF,PDF; text-layer/OCR not rechecked in metadata-only inventory; prior intake says six PDFs had no selectable text on sampled pp. 1–2 (identity not asserted)
saved Moodle resource copy/archive duplicate,/Users/benecles/Desktop/UFRGS 2026-2/Teoria Geral dos Contratos/Moodle/2026-08-23 scrape/dir02023-contracts/REsp Função Social do Contrato.pdf,bba6b231cc139365bf399405ca3051906cf79c23d72c5e0d657eb4d3c2c6d26a,PDF,PDF; text-layer/OCR not rechecked in metadata-only inventory; prior intake says six PDFs had no selectable text on sampled pp. 1–2 (identity not asserted)
saved Moodle resource copy/archive duplicate,/Users/benecles/Desktop/UFRGS 2026-2/Teoria Geral dos Contratos/Moodle/2026-08-23 scrape/dir02023-contracts/RESP-1040606_Distrato.pdf,0a45db43da4e0a75765e27d84114c2264341872ac6c188d8fa99494a441b2523,PDF,PDF; text-layer/OCR not rechecked in metadata-only inventory; prior intake says six PDFs had no selectable text on sampled pp. 1–2 (identity not asserted)
saved Moodle resource copy/archive duplicate,/Users/benecles/Desktop/UFRGS 2026-2/Teoria Geral dos Contratos/Moodle/2026-08-23 scrape/dir02023-contracts/RESP-1112796_Denúncia e aviso prévio.pdf,5c40eeadd0f4a7c2e3b3ac33596024040984000952b2b3147442e6478e569484,PDF,PDF; text-layer/OCR not rechecked in metadata-only inventory; prior intake says six PDFs had no selectable text on sampled pp. 1–2 (identity not asserted)
saved Moodle resource copy/archive duplicate,/Users/benecles/Desktop/UFRGS 2026-2/Teoria Geral dos Contratos/Moodle/2026-08-23 scrape/dir02023-contracts/RESP-15339-Assis.pdf,91bfbcc29b84b8ee6e15dca54e4d82e0c74a11f19df87ecf55500f27195518c0,PDF,PDF; text-layer/OCR not rechecked in metadata-only inventory; prior intake says six PDFs had no selectable text on sampled pp. 1–2 (identity not asserted)
saved Moodle resource copy/archive duplicate,/Users/benecles/Desktop/UFRGS 2026-2/Teoria Geral dos Contratos/Moodle/2026-08-23 scrape/dir02023-contracts/RESP_1013976_SP_Interpretação art 112.pdf,0e46ecefb53810912f629a2d33c49510437e465e73b3fd6a7ec617dfcd260f56,PDF,PDF; text-layer/OCR not rechecked in metadata-only inventory; prior intake says six PDFs had no selectable text on sampled pp. 1–2 (identity not asserted)
saved Moodle resource copy/archive duplicate,/Users/benecles/Desktop/UFRGS 2026-2/Teoria Geral dos Contratos/Moodle/2026-08-23 scrape/dir02023-contracts/Slides - Aula 1 até 26.pdf,677dfdf4bffed950401686932913f9dd3afbbbedf92760894730cb13b3acc1fb,PDF,PDF selectable text verified in prior slide audit; slide extraction available in prior prep where named
saved Moodle resource copy/archive duplicate,/Users/benecles/Desktop/UFRGS 2026-2/Teoria Geral dos Contratos/Moodle/2026-08-23 scrape/dir02023-contracts/Slides aula 10 Moodle.pdf,15614e2d389ba007038677d9ec2b8c448d36455294a3bc5b6a167a06645d43f8,PDF,PDF selectable text verified in prior slide audit; slide extraction available in prior prep where named
saved Moodle resource copy/archive duplicate,/Users/benecles/Desktop/UFRGS 2026-2/Teoria Geral dos Contratos/Moodle/2026-08-23 scrape/dir02023-contracts/Slides Aula 3 (1).pdf,33391e848d2ebddfacf5899effd8dc59717b99cb00f4ddc51cefa3f224978a7f,PDF,PDF selectable text verified in prior slide audit; slide extraction available in prior prep where named
saved Moodle resource copy/archive duplicate,/Users/benecles/Desktop/UFRGS 2026-2/Teoria Geral dos Contratos/Moodle/2026-08-23 scrape/dir02023-contracts/Slides Aula 3.pdf,33391e848d2ebddfacf5899effd8dc59717b99cb00f4ddc51cefa3f224978a7f,PDF,PDF selectable text verified in prior slide audit; slide extraction available in prior prep where named
saved Moodle resource copy/archive duplicate,/Users/benecles/Desktop/UFRGS 2026-2/Teoria Geral dos Contratos/Moodle/2026-08-23 scrape/dir02023-contracts/Slides Aula 5 Moodle.pdf,a9f152ad99a641f65965b15df4e308da6a0d76b9fedf8154ec17e37453894de6,PDF,PDF selectable text verified in prior slide audit; slide extraction available in prior prep where named
saved Moodle resource copy/archive duplicate,/Users/benecles/Desktop/UFRGS 2026-2/Teoria Geral dos Contratos/Moodle/2026-08-23 scrape/dir02023-contracts/Slides Exceção e Classificação.pdf,e03100eeda4cf3058b672a3158d0cd0b9deaae0184b6dac6a7089111d39a0210,PDF,PDF selectable text verified in prior slide audit; slide extraction available in prior prep where named
saved Moodle resource copy/archive duplicate,/Users/benecles/Desktop/UFRGS 2026-2/Teoria Geral dos Contratos/Moodle/2026-08-23 scrape/dir02023-contracts/Slides extras Aula 7.pdf,a10a79c0fecff1c7cdc6686ddbcbce3a3931cab99ff7dd996a5b71fd73593462,PDF,PDF selectable text verified in prior slide audit; slide extraction available in prior prep where named
saved Moodle resource copy/archive duplicate,/Users/benecles/Desktop/UFRGS 2026-2/Teoria Geral dos Contratos/Moodle/2026-08-23 scrape/dir02023-contracts/slides Moodle aula 9.pdf,dd6128618c189ff0d03cac9f6adecdd572a8add0ba70ff52916ce6e0f1f240c5,PDF,PDF selectable text verified in prior slide audit; slide extraction available in prior prep where named
saved Moodle resource copy/archive duplicate,/Users/benecles/Desktop/UFRGS 2026-2/Teoria Geral dos Contratos/Moodle/2026-08-23 scrape/dir02023-contracts/STJ - Consumidor PJ_ vulnerabilidade de empresas na relação de consumo.pdf,bc5bfacee5b320ffd70dcd17f8d288fa1df87d81c5f3e2f83237c74bcbdbf08a,PDF,PDF; text-layer/OCR not rechecked in metadata-only inventory; prior intake says six PDFs had no selectable text on sampled pp. 1–2 (identity not asserted)
saved Moodle resource copy/archive duplicate,/Users/benecles/Desktop/UFRGS 2026-2/Teoria Geral dos Contratos/Moodle/2026-08-23 scrape/dir02023-contracts/STJ Ação Rescisória 7296 - interpretação literal.pdf,ba17c2a646ffa42d03c9d1dc9268a2088067dcfd82d09edf7b2923dd22960f72,PDF,PDF; text-layer/OCR not rechecked in metadata-only inventory; prior intake says six PDFs had no selectable text on sampled pp. 1–2 (identity not asserted)
saved Moodle resource copy/archive duplicate,/Users/benecles/Desktop/UFRGS 2026-2/Teoria Geral dos Contratos/Moodle/2026-08-23 scrape/dir02023-contracts/STJ RESp 1.938.997 - interpretação restritiva.pdf,b72a164e83b3b9c90ff46828bff2d7ec6b2cb1f4a8d3ca2a31bddd36fd6948e2,PDF,PDF; text-layer/OCR not rechecked in metadata-only inventory; prior intake says six PDFs had no selectable text on sampled pp. 1–2 (identity not asserted)
saved Moodle resource copy/archive duplicate,/Users/benecles/Desktop/UFRGS 2026-2/Teoria Geral dos Contratos/Moodle/2026-08-23 scrape/dir02023-contracts/Teoria Geral dos Contratos - GVB - 2026.2.pdf,3f38e08c4ea46faf1dfca6be6c9cdeac423ad2eac62574c227ff5b06714db2f9,PDF,PDF selectable text verified in prior prep (sampled pages); existing local extraction may be in prep text
saved Moodle resource copy/archive duplicate,"/Users/benecles/Desktop/UFRGS 2026-2/Teoria Geral dos Contratos/Moodle/2026-08-23 scrape/dir02023-contracts/TERRA, Aline. Cláusula resolutiva expressa como instrumento privilegiado de gestão de riscos contratuais.pdf",085e9e05dc972b9f78c4e6b8b4175508b2abb7f2f7b6bd29a5f0aa8d80f64c80,PDF,PDF; text-layer/OCR not rechecked in metadata-only inventory; prior intake says six PDFs had no selectable text on sampled pp. 1–2 (identity not asserted)
saved Moodle resource copy/archive duplicate,/Users/benecles/Desktop/UFRGS 2026-2/Teoria Geral dos Contratos/Moodle/2026-08-23 scrape/dir02023-contracts/TJSP AC 1000680-03.2021.8.26.0108 - comportamento posterior - cessão de quotas.pdf,9a467b31cea8756180b3f85cffc4751993c317b9fe82bd291df59fc302203ab0,PDF,PDF; text-layer/OCR not rechecked in metadata-only inventory; prior intake says six PDFs had no selectable text on sampled pp. 1–2 (identity not asserted)
saved Moodle resource copy/archive duplicate,"/Users/benecles/Desktop/UFRGS 2026-2/Teoria Geral dos Contratos/Moodle/2026-08-23 scrape/dir02023-contracts/ZANINI, L. E. de A. Contratação na Sociedade Massificada..pdf",429ec6746734090e0d305a2575dd38ce6585b2fd9fed563c1b6fa07c05a93c2b,PDF,PDF; text-layer/OCR not rechecked in metadata-only inventory; prior intake says six PDFs had no selectable text on sampled pp. 1–2 (identity not asserted)
saved Moodle resource copy/archive duplicate,/Users/benecles/Desktop/UFRGS 2026-2/Teoria Geral dos Contratos/Moodle/legacy scrape (date unknown)/DIR02023 - Teoria Geral dos Contratos/Administrativo/001 - Plano de Aula.pdf,3f38e08c4ea46faf1dfca6be6c9cdeac423ad2eac62574c227ff5b06714db2f9,PDF,PDF; text-layer/OCR not rechecked in metadata-only inventory; prior intake says six PDFs had no selectable text on sampled pp. 1–2 (identity not asserted)
saved Moodle resource copy/archive duplicate,/Users/benecles/Desktop/UFRGS 2026-2/Teoria Geral dos Contratos/Moodle/legacy scrape (date unknown)/DIR02023 - Teoria Geral dos Contratos/Artigos e Doutrina/001 - Artigo Conceito Contrato - Judith Martins Costa.pdf,5a17fd9972856ebefa80cfcae43390c02da3435697d6a0b24485c79e4f3838bb,PDF,PDF; text-layer/OCR not rechecked in metadata-only inventory; prior intake says six PDFs had no selectable text on sampled pp. 1–2 (identity not asserted)
saved Moodle resource copy/archive duplicate,/Users/benecles/Desktop/UFRGS 2026-2/Teoria Geral dos Contratos/Moodle/legacy scrape (date unknown)/DIR02023 - Teoria Geral dos Contratos/Artigos e Doutrina/002 - Artigo - O Destinatário Final e o -Consumidor Intermediário-.pdf,3e93aef13c1fe659338d5838ad9ebe829b13c9b57c69dee3f679f2453744b921,PDF,PDF; text-layer/OCR not rechecked in metadata-only inventory; prior intake says six PDFs had no selectable text on sampled pp. 1–2 (identity not asserted)
saved Moodle resource copy/archive duplicate,/Users/benecles/Desktop/UFRGS 2026-2/Teoria Geral dos Contratos/Moodle/legacy scrape (date unknown)/DIR02023 - Teoria Geral dos Contratos/Artigos e Doutrina/004 - Artigo Princípios Contratuais - Antonio Junqueira de Azevedo.pdf,202bcbb845415a7caf1b3525ee70caaacfd3896881fea19b89d672331795625d,PDF,PDF; text-layer/OCR not rechecked in metadata-only inventory; prior intake says six PDFs had no selectable text on sampled pp. 1–2 (identity not asserted)
saved Moodle resource copy/archive duplicate,/Users/benecles/Desktop/UFRGS 2026-2/Teoria Geral dos Contratos/Moodle/legacy scrape (date unknown)/DIR02023 - Teoria Geral dos Contratos/Artigos e Doutrina/006 - Artigo - Os Três Tempos do Código Civil de 1916- a boa-fé contratual.pdf,66495c557cb3a8c0dbd6ef4550707bd70be39aedac4ce372c8033a34a36fe47c,PDF,PDF; text-layer/OCR not rechecked in metadata-only inventory; prior intake says six PDFs had no selectable text on sampled pp. 1–2 (identity not asserted)
saved Moodle resource copy/archive duplicate,/Users/benecles/Desktop/UFRGS 2026-2/Teoria Geral dos Contratos/Moodle/legacy scrape (date unknown)/DIR02023 - Teoria Geral dos Contratos/Artigos e Doutrina/007 - Artigo Profa. Giovana Benetti - A aceitação pelo silencio. CISG Brasil e Portugal.pdf,e7a95396782390068029c962e0636d1931bc56d8fc39b9f027f9431f870ce725,PDF,PDF; text-layer/OCR not rechecked in metadata-only inventory; prior intake says six PDFs had no selectable text on sampled pp. 1–2 (identity not asserted)
saved Moodle resource copy/archive duplicate,/Users/benecles/Desktop/UFRGS 2026-2/Teoria Geral dos Contratos/Moodle/legacy scrape (date unknown)/DIR02023 - Teoria Geral dos Contratos/Artigos e Doutrina/008 - Artigo Fernanda Versiani - Dever de informar versus dever de manter-se informado- a boa-fé nos contratos.pdf,aa174654e92d0ba09bc058c97c7bea773ffbdff0ab3dab24b4cf6915c14d9bd4,PDF,PDF; text-layer/OCR not rechecked in metadata-only inventory; prior intake says six PDFs had no selectable text on sampled pp. 1–2 (identity not asserted)
saved Moodle resource copy/archive duplicate,"/Users/benecles/Desktop/UFRGS 2026-2/Teoria Geral dos Contratos/Moodle/legacy scrape (date unknown)/DIR02023 - Teoria Geral dos Contratos/Artigos e Doutrina/009 - Artigo Ruy Rosado de Aguiar Jr. - contratos relacionais, existenciais e de lucro..pdf",edd7a646ccf54a38751e305438d61e9bf77384516f505d88a760194d5cf021ba,PDF,PDF; text-layer/OCR not rechecked in metadata-only inventory; prior intake says six PDFs had no selectable text on sampled pp. 1–2 (identity not asserted)
saved Moodle resource copy/archive duplicate,"/Users/benecles/Desktop/UFRGS 2026-2/Teoria Geral dos Contratos/Moodle/legacy scrape (date unknown)/DIR02023 - Teoria Geral dos Contratos/Artigos e Doutrina/010 - Artigo ZANINI, L. E. de A. Contratação na Sociedade Massificada..pdf",429ec6746734090e0d305a2575dd38ce6585b2fd9fed563c1b6fa07c05a93c2b,PDF,PDF; text-layer/OCR not rechecked in metadata-only inventory; prior intake says six PDFs had no selectable text on sampled pp. 1–2 (identity not asserted)
saved Moodle resource copy/archive duplicate,/Users/benecles/Desktop/UFRGS 2026-2/Teoria Geral dos Contratos/Moodle/legacy scrape (date unknown)/DIR02023 - Teoria Geral dos Contratos/Artigos e Doutrina/011 - Artigo Prof. Bruno Miragem - Contratos de consumo e tutela do consumidor vulnerável em relação aos efeitos da pandemia d.pdf,62491a4115c2ebc75f3c33b2ecd991957dbc1e112bd1c7c06606b27b124857e1,PDF,PDF; text-layer/OCR not rechecked in metadata-only inventory; prior intake says six PDFs had no selectable text on sampled pp. 1–2 (identity not asserted)
saved Moodle resource copy/archive duplicate,"/Users/benecles/Desktop/UFRGS 2026-2/Teoria Geral dos Contratos/Moodle/legacy scrape (date unknown)/DIR02023 - Teoria Geral dos Contratos/Artigos e Doutrina/012 - Luis Renato Ferreira da Silva, Cessão de Posição Contratual.pdf",59132bc7fd17065c00d43417cf5eceebadad6345a9af843684a9fcd67cfb4a31,PDF,PDF; text-layer/OCR not rechecked in metadata-only inventory; prior intake says six PDFs had no selectable text on sampled pp. 1–2 (identity not asserted)
saved Moodle resource copy/archive duplicate,"/Users/benecles/Desktop/UFRGS 2026-2/Teoria Geral dos Contratos/Moodle/legacy scrape (date unknown)/DIR02023 - Teoria Geral dos Contratos/Artigos e Doutrina/013 - Artigo - Francisco Marino, Revisão Contratual.pdf",4055956d6e06055f29e65af8b824a2972fd4048a11ad0eb385e5596333d27bc5,PDF,PDF; text-layer/OCR not rechecked in metadata-only inventory; prior intake says six PDFs had no selectable text on sampled pp. 1–2 (identity not asserted)
saved Moodle resource copy/archive duplicate,/Users/benecles/Desktop/UFRGS 2026-2/Teoria Geral dos Contratos/Moodle/legacy scrape (date unknown)/DIR02023 - Teoria Geral dos Contratos/Artigos e Doutrina/014 - Artigo - Luis Renato Ferreira da Silva. Revisão dos Contratos.pdf,358cd8bcfa42ebe0b11b48d57715726899a4d899b54c29dd2d5855ecc5631d76,PDF,PDF; text-layer/OCR not rechecked in metadata-only inventory; prior intake says six PDFs had no selectable text on sampled pp. 1–2 (identity not asserted)
saved Moodle resource copy/archive duplicate,/Users/benecles/Desktop/UFRGS 2026-2/Teoria Geral dos Contratos/Moodle/legacy scrape (date unknown)/DIR02023 - Teoria Geral dos Contratos/Artigos e Doutrina/015 - Artigo - Onerosidade Excessiva à Revisão Contratual no Direito Privado Brasileiro.pdf,5a2d3ee7da28a360cf160bc2063070a2988cb66f35409435d1bb2c1708521d65,PDF,PDF; text-layer/OCR not rechecked in metadata-only inventory; prior intake says six PDFs had no selectable text on sampled pp. 1–2 (identity not asserted)
saved Moodle resource copy/archive duplicate,"/Users/benecles/Desktop/UFRGS 2026-2/Teoria Geral dos Contratos/Moodle/legacy scrape (date unknown)/DIR02023 - Teoria Geral dos Contratos/Artigos e Doutrina/016 - PONTES DE MIRANDA, Tratado de Direito Privado - Trecho I.pdf",83e6d8ed3d6cf81ce1f5208ddf9b5a9cf7f3d4ea629492f234ba95802c24f912,PDF,PDF; text-layer/OCR not rechecked in metadata-only inventory; prior intake says six PDFs had no selectable text on sampled pp. 1–2 (identity not asserted)
saved Moodle resource copy/archive duplicate,"/Users/benecles/Desktop/UFRGS 2026-2/Teoria Geral dos Contratos/Moodle/legacy scrape (date unknown)/DIR02023 - Teoria Geral dos Contratos/Artigos e Doutrina/017 - PONTES DE MIRANDA, Tratado de Direito Privado - Trecho II.pdf",8cf715ea30634954f9d309d7328b5608bbf6f952c9474d747945cbf7ff6a43ae,PDF,PDF; text-layer/OCR not rechecked in metadata-only inventory; prior intake says six PDFs had no selectable text on sampled pp. 1–2 (identity not asserted)
saved Moodle resource copy/archive duplicate,"/Users/benecles/Desktop/UFRGS 2026-2/Teoria Geral dos Contratos/Moodle/legacy scrape (date unknown)/DIR02023 - Teoria Geral dos Contratos/Artigos e Doutrina/018 - Artigo - TERRA, Aline. Cláusula resolutiva expressa como instrumento privilegiado de gestão de riscos contratuais.pdf",085e9e05dc972b9f78c4e6b8b4175508b2abb7f2f7b6bd29a5f0aa8d80f64c80,PDF,PDF; text-layer/OCR not rechecked in metadata-only inventory; prior intake says six PDFs had no selectable text on sampled pp. 1–2 (identity not asserted)
saved Moodle resource copy/archive duplicate,/Users/benecles/Desktop/UFRGS 2026-2/Teoria Geral dos Contratos/Moodle/legacy scrape (date unknown)/DIR02023 - Teoria Geral dos Contratos/Artigos e Doutrina/019 - Artigo Judith Martins Costa - Impossibilidade de prestar e excessiva onerosidade superveniente na relação entre shopping.pdf,451a293a29311fd9dfbe159f5a3bcdf0d814b7d9c38aac18e5c91c0f930588f6,PDF,PDF; text-layer/OCR not rechecked in metadata-only inventory; prior intake says six PDFs had no selectable text on sampled pp. 1–2 (identity not asserted)
saved Moodle resource copy/archive duplicate,/Users/benecles/Desktop/UFRGS 2026-2/Teoria Geral dos Contratos/Moodle/legacy scrape (date unknown)/DIR02023 - Teoria Geral dos Contratos/Artigos e Doutrina/020 - Artigo Ruy Rosado Aguiar Jr. - Extinção dos Contratos..pdf,129aaad43bc9bce839cd891cd8f66b3f1ed9080dbf429b4eab5c88e2e3d98a6f,PDF,PDF; text-layer/OCR not rechecked in metadata-only inventory; prior intake says six PDFs had no selectable text on sampled pp. 1–2 (identity not asserted)
saved Moodle resource copy/archive duplicate,/Users/benecles/Desktop/UFRGS 2026-2/Teoria Geral dos Contratos/Moodle/legacy scrape (date unknown)/DIR02023 - Teoria Geral dos Contratos/Artigos e Doutrina/021 - PONTES DE MIRANDA. Tratado de Direito Privado - Trecho V.pdf,6c0315061182d0e20eeae83da3bff48f7ce758eab850ebf6ddd0d8bb0ea7249d,PDF,PDF; text-layer/OCR not rechecked in metadata-only inventory; prior intake says six PDFs had no selectable text on sampled pp. 1–2 (identity not asserted)
saved Moodle resource copy/archive duplicate,/Users/benecles/Desktop/UFRGS 2026-2/Teoria Geral dos Contratos/Moodle/legacy scrape (date unknown)/DIR02023 - Teoria Geral dos Contratos/Artigos e Doutrina/022 - PONTES DE MIRANDA. Tratado de Direito Privado - Trecho IV.pdf,6d2e11ac5a3a0343d338e044e400a9fbce3e283e2430341612c81c017fbbf5ab,PDF,PDF; text-layer/OCR not rechecked in metadata-only inventory; prior intake says six PDFs had no selectable text on sampled pp. 1–2 (identity not asserted)
saved Moodle resource copy/archive duplicate,/Users/benecles/Desktop/UFRGS 2026-2/Teoria Geral dos Contratos/Moodle/legacy scrape (date unknown)/DIR02023 - Teoria Geral dos Contratos/Jurisprudencia/001 - STJ - Consumidor PJ_ vulnerabilidade de empresas na relação de consumo.pdf,bc5bfacee5b320ffd70dcd17f8d288fa1df87d81c5f3e2f83237c74bcbdbf08a,PDF,PDF; text-layer/OCR not rechecked in metadata-only inventory; prior intake says six PDFs had no selectable text on sampled pp. 1–2 (identity not asserted)
saved Moodle resource copy/archive duplicate,/Users/benecles/Desktop/UFRGS 2026-2/Teoria Geral dos Contratos/Moodle/legacy scrape (date unknown)/DIR02023 - Teoria Geral dos Contratos/Jurisprudencia/002 - REsp Função Social do Contrato.pdf,bba6b231cc139365bf399405ca3051906cf79c23d72c5e0d657eb4d3c2c6d26a,PDF,PDF; text-layer/OCR not rechecked in metadata-only inventory; prior intake says six PDFs had no selectable text on sampled pp. 1–2 (identity not asserted)
saved Moodle resource copy/archive duplicate,/Users/benecles/Desktop/UFRGS 2026-2/Teoria Geral dos Contratos/Moodle/legacy scrape (date unknown)/DIR02023 - Teoria Geral dos Contratos/Jurisprudencia/003 - REsp Caso Zeca Pagodinho.pdf,61d52672b02df628bde54be5bc520997d4b53ebffc2e0129d13c6730099b6113,PDF,PDF; text-layer/OCR not rechecked in metadata-only inventory; prior intake says six PDFs had no selectable text on sampled pp. 1–2 (identity not asserted)
saved Moodle resource copy/archive duplicate,/Users/benecles/Desktop/UFRGS 2026-2/Teoria Geral dos Contratos/Moodle/legacy scrape (date unknown)/DIR02023 - Teoria Geral dos Contratos/Jurisprudencia/004 - REsp Responsabilidade Pré-Contratual.pdf,933d9f9b9b9ce5916b18d990a3fe59b1f2b94669f29f36c1875fb9c42fb62f2d,PDF,PDF; text-layer/OCR not rechecked in metadata-only inventory; prior intake says six PDFs had no selectable text on sampled pp. 1–2 (identity not asserted)
saved Moodle resource copy/archive duplicate,/Users/benecles/Desktop/UFRGS 2026-2/Teoria Geral dos Contratos/Moodle/legacy scrape (date unknown)/DIR02023 - Teoria Geral dos Contratos/Jurisprudencia/005 - Acórdão Princípio da Boa-Fé Objetiva.pdf,76517b642ffa9a47f65b926b45b1d8d68799fcf2b601609c55af5d220399f5f7,PDF,PDF; text-layer/OCR not rechecked in metadata-only inventory; prior intake says six PDFs had no selectable text on sampled pp. 1–2 (identity not asserted)
saved Moodle resource copy/archive duplicate,/Users/benecles/Desktop/UFRGS 2026-2/Teoria Geral dos Contratos/Moodle/legacy scrape (date unknown)/DIR02023 - Teoria Geral dos Contratos/Jurisprudencia/006 - REsp Eike Batista.pdf,54ccb335d727818367830e5a1069df836fa662070faf12f0873cb3b7970e1eb9,PDF,PDF; text-layer/OCR not rechecked in metadata-only inventory; prior intake says six PDFs had no selectable text on sampled pp. 1–2 (identity not asserted)
saved Moodle resource copy/archive duplicate,/Users/benecles/Desktop/UFRGS 2026-2/Teoria Geral dos Contratos/Moodle/legacy scrape (date unknown)/DIR02023 - Teoria Geral dos Contratos/Jurisprudencia/007 - REsp Promessa de Fato de Terceiro.pdf,65a9d894e38633fb9d43d679abf076a7accb6e94a1ad9c8b002f2336018d1702,PDF,PDF; text-layer/OCR not rechecked in metadata-only inventory; prior intake says six PDFs had no selectable text on sampled pp. 1–2 (identity not asserted)
saved Moodle resource copy/archive duplicate,/Users/benecles/Desktop/UFRGS 2026-2/Teoria Geral dos Contratos/Moodle/legacy scrape (date unknown)/DIR02023 - Teoria Geral dos Contratos/Jurisprudencia/008 - REsp - Contrato preliminar não pode ter eficácia maior que o definitivo.pdf,b7a7e0178402059a550d5c4f1817e4cea24666a871140eee7894dfb4f034464d,PDF,PDF; text-layer/OCR not rechecked in metadata-only inventory; prior intake says six PDFs had no selectable text on sampled pp. 1–2 (identity not asserted)
saved Moodle resource copy/archive duplicate,/Users/benecles/Desktop/UFRGS 2026-2/Teoria Geral dos Contratos/Moodle/legacy scrape (date unknown)/DIR02023 - Teoria Geral dos Contratos/Jurisprudencia/009 - REsp Evicção.pdf,09a9b60553e5644b34c5cce252a9f4b3e3cea916a2470d64d0a569166ad862f5,PDF,PDF; text-layer/OCR not rechecked in metadata-only inventory; prior intake says six PDFs had no selectable text on sampled pp. 1–2 (identity not asserted)
saved Moodle resource copy/archive duplicate,/Users/benecles/Desktop/UFRGS 2026-2/Teoria Geral dos Contratos/Moodle/legacy scrape (date unknown)/DIR02023 - Teoria Geral dos Contratos/Jurisprudencia/010 - Acórdão TJRS - Exceção Inseguridade.pdf,737fe375341901e8b870ff93a3b9a5cf650b612d375c3490ed27abfbf8965de1,PDF,PDF; text-layer/OCR not rechecked in metadata-only inventory; prior intake says six PDFs had no selectable text on sampled pp. 1–2 (identity not asserted)
saved Moodle resource copy/archive duplicate,/Users/benecles/Desktop/UFRGS 2026-2/Teoria Geral dos Contratos/Moodle/legacy scrape (date unknown)/DIR02023 - Teoria Geral dos Contratos/Jurisprudencia/011 - REsp Exceptio Non Adimpleti Contractus.pdf,906758d8ab3d14d566733e585d0bbe3d7df2d7effbc87c0fa44bb0b872907cbe,PDF,PDF; text-layer/OCR not rechecked in metadata-only inventory; prior intake says six PDFs had no selectable text on sampled pp. 1–2 (identity not asserted)
saved Moodle resource copy/archive duplicate,/Users/benecles/Desktop/UFRGS 2026-2/Teoria Geral dos Contratos/Moodle/legacy scrape (date unknown)/DIR02023 - Teoria Geral dos Contratos/Jurisprudencia/012 - Acórdão TJSP Comportamento Posterior - Cessão de Quotas.pdf,9a467b31cea8756180b3f85cffc4751993c317b9fe82bd291df59fc302203ab0,PDF,PDF; text-layer/OCR not rechecked in metadata-only inventory; prior intake says six PDFs had no selectable text on sampled pp. 1–2 (identity not asserted)
saved Moodle resource copy/archive duplicate,/Users/benecles/Desktop/UFRGS 2026-2/Teoria Geral dos Contratos/Moodle/legacy scrape (date unknown)/DIR02023 - Teoria Geral dos Contratos/Jurisprudencia/013 - Acórdão STJ - Comportamento posterior- Franquia.pdf,b2134e013728f55e691b824dd06da624d6640e1e7ea81fe628e8fefbad9b6bfe,PDF,PDF; text-layer/OCR not rechecked in metadata-only inventory; prior intake says six PDFs had no selectable text on sampled pp. 1–2 (identity not asserted)
saved Moodle resource copy/archive duplicate,/Users/benecles/Desktop/UFRGS 2026-2/Teoria Geral dos Contratos/Moodle/legacy scrape (date unknown)/DIR02023 - Teoria Geral dos Contratos/Jurisprudencia/014 - Acórdão STJ - Interpretação Restritiva.pdf,b72a164e83b3b9c90ff46828bff2d7ec6b2cb1f4a8d3ca2a31bddd36fd6948e2,PDF,PDF; text-layer/OCR not rechecked in metadata-only inventory; prior intake says six PDFs had no selectable text on sampled pp. 1–2 (identity not asserted)
saved Moodle resource copy/archive duplicate,/Users/benecles/Desktop/UFRGS 2026-2/Teoria Geral dos Contratos/Moodle/legacy scrape (date unknown)/DIR02023 - Teoria Geral dos Contratos/Jurisprudencia/015 - Acórdão STJ - Interpretação Art. 112.pdf,0e46ecefb53810912f629a2d33c49510437e465e73b3fd6a7ec617dfcd260f56,PDF,PDF; text-layer/OCR not rechecked in metadata-only inventory; prior intake says six PDFs had no selectable text on sampled pp. 1–2 (identity not asserted)
saved Moodle resource copy/archive duplicate,/Users/benecles/Desktop/UFRGS 2026-2/Teoria Geral dos Contratos/Moodle/legacy scrape (date unknown)/DIR02023 - Teoria Geral dos Contratos/Jurisprudencia/016 - STJ Ação Rescisória - Interpretação Literal.pdf,ba17c2a646ffa42d03c9d1dc9268a2088067dcfd82d09edf7b2923dd22960f72,PDF,PDF; text-layer/OCR not rechecked in metadata-only inventory; prior intake says six PDFs had no selectable text on sampled pp. 1–2 (identity not asserted)
saved Moodle resource copy/archive duplicate,/Users/benecles/Desktop/UFRGS 2026-2/Teoria Geral dos Contratos/Moodle/legacy scrape (date unknown)/DIR02023 - Teoria Geral dos Contratos/Jurisprudencia/017 - STJ REsp 15.339-0.pdf,91bfbcc29b84b8ee6e15dca54e4d82e0c74a11f19df87ecf55500f27195518c0,PDF,PDF; text-layer/OCR not rechecked in metadata-only inventory; prior intake says six PDFs had no selectable text on sampled pp. 1–2 (identity not asserted)
saved Moodle resource copy/archive duplicate,/Users/benecles/Desktop/UFRGS 2026-2/Teoria Geral dos Contratos/Moodle/legacy scrape (date unknown)/DIR02023 - Teoria Geral dos Contratos/Jurisprudencia/018 - Acórdão TJDF - Lesão Contratual.pdf,f02a37983f25622e069ffd1bcca44bf0a683ec624b559c6c38d6c71f4cfec51a,PDF,PDF; text-layer/OCR not rechecked in metadata-only inventory; prior intake says six PDFs had no selectable text on sampled pp. 1–2 (identity not asserted)
saved Moodle resource copy/archive duplicate,/Users/benecles/Desktop/UFRGS 2026-2/Teoria Geral dos Contratos/Moodle/legacy scrape (date unknown)/DIR02023 - Teoria Geral dos Contratos/Jurisprudencia/019 - REsp 1040606 - Distrato.pdf,0a45db43da4e0a75765e27d84114c2264341872ac6c188d8fa99494a441b2523,PDF,PDF; text-layer/OCR not rechecked in metadata-only inventory; prior intake says six PDFs had no selectable text on sampled pp. 1–2 (identity not asserted)
saved Moodle resource copy/archive duplicate,/Users/benecles/Desktop/UFRGS 2026-2/Teoria Geral dos Contratos/Moodle/legacy scrape (date unknown)/DIR02023 - Teoria Geral dos Contratos/Jurisprudencia/020 - REsp 1112796 - Denúncia e Aviso Prévio.pdf,5c40eeadd0f4a7c2e3b3ac33596024040984000952b2b3147442e6478e569484,PDF,PDF; text-layer/OCR not rechecked in metadata-only inventory; prior intake says six PDFs had no selectable text on sampled pp. 1–2 (identity not asserted)
saved Moodle resource copy/archive duplicate,/Users/benecles/Desktop/UFRGS 2026-2/Teoria Geral dos Contratos/Moodle/legacy scrape (date unknown)/DIR02023 - Teoria Geral dos Contratos/Noticias/001 - Agência Nizan Guanaes é condenada por aliciar Zeca Pagodinho.pdf,8ceb5f61fd80fa472fc414e7e4b8978948fa3b4e9aac318568b08e364e79eefe,PDF,PDF; text-layer/OCR not rechecked in metadata-only inventory; prior intake says six PDFs had no selectable text on sampled pp. 1–2 (identity not asserted)
saved Moodle resource copy/archive duplicate,/Users/benecles/Desktop/UFRGS 2026-2/Teoria Geral dos Contratos/Moodle/legacy scrape (date unknown)/DIR02023 - Teoria Geral dos Contratos/Noticias/002 - Caso Disney - Notícia NBC News.pdf,09e4874400dd7e1753d8e4ef8496d36d3dd7b76fbc0e5ff96c27db3dcb316b9a,PDF,PDF; text-layer/OCR not rechecked in metadata-only inventory; prior intake says six PDFs had no selectable text on sampled pp. 1–2 (identity not asserted)
saved Moodle resource copy/archive duplicate,/Users/benecles/Desktop/UFRGS 2026-2/Teoria Geral dos Contratos/Moodle/legacy scrape (date unknown)/DIR02023 - Teoria Geral dos Contratos/Slides/001 - Slides - Aula 1 - p. 1 até 26.pdf,677dfdf4bffed950401686932913f9dd3afbbbedf92760894730cb13b3acc1fb,PDF,PDF selectable text verified in prior slide audit; slide extraction available in prior prep where named
saved Moodle resource copy/archive duplicate,/Users/benecles/Desktop/UFRGS 2026-2/Teoria Geral dos Contratos/Moodle/legacy scrape (date unknown)/DIR02023 - Teoria Geral dos Contratos/Slides/002 - Slides - Aula 2 - p. 27 até 45.pdf,107ab7f02288e83604a3544be73d890764aef0e2b021f20e08df51b13b255e0d,PDF,PDF selectable text verified in prior slide audit; slide extraction available in prior prep where named
saved Moodle resource copy/archive duplicate,/Users/benecles/Desktop/UFRGS 2026-2/Teoria Geral dos Contratos/Moodle/legacy scrape (date unknown)/DIR02023 - Teoria Geral dos Contratos/Slides/003 - Slides - Aula 3 - p. 1 a 31.pdf,33391e848d2ebddfacf5899effd8dc59717b99cb00f4ddc51cefa3f224978a7f,PDF,PDF selectable text verified in prior slide audit; slide extraction available in prior prep where named
saved Moodle resource copy/archive duplicate,/Users/benecles/Desktop/UFRGS 2026-2/Teoria Geral dos Contratos/Moodle/legacy scrape (date unknown)/DIR02023 - Teoria Geral dos Contratos/Slides/004 - Slides Incidentes na Formação dos Contratos.pdf,a9f152ad99a641f65965b15df4e308da6a0d76b9fedf8154ec17e37453894de6,PDF,PDF selectable text verified in prior slide audit; slide extraction available in prior prep where named
saved Moodle resource copy/archive duplicate,/Users/benecles/Desktop/UFRGS 2026-2/Teoria Geral dos Contratos/Moodle/legacy scrape (date unknown)/DIR02023 - Teoria Geral dos Contratos/Slides/005 - Slides extras Aula 7.pdf,a10a79c0fecff1c7cdc6686ddbcbce3a3931cab99ff7dd996a5b71fd73593462,PDF,PDF selectable text verified in prior slide audit; slide extraction available in prior prep where named
saved Moodle resource copy/archive duplicate,/Users/benecles/Desktop/UFRGS 2026-2/Teoria Geral dos Contratos/Moodle/legacy scrape (date unknown)/DIR02023 - Teoria Geral dos Contratos/Slides/006 - Slides Aula 6.pdf,057ecf0e4573cf9a39cee8cb3307d2e6259a4163b6237cca53fa8a9c18a23f8b,PDF,PDF selectable text verified in prior slide audit; slide extraction available in prior prep where named
saved Moodle resource copy/archive duplicate,/Users/benecles/Desktop/UFRGS 2026-2/Teoria Geral dos Contratos/Moodle/legacy scrape (date unknown)/DIR02023 - Teoria Geral dos Contratos/Slides/007 - Slides Aula 15.05.26.pdf,e03100eeda4cf3058b672a3158d0cd0b9deaae0184b6dac6a7089111d39a0210,PDF,PDF selectable text verified in prior slide audit; slide extraction available in prior prep where named
saved Moodle resource copy/archive duplicate,/Users/benecles/Desktop/UFRGS 2026-2/Teoria Geral dos Contratos/Moodle/legacy scrape (date unknown)/DIR02023 - Teoria Geral dos Contratos/Slides/008 - Slides - Aula 22.05.2026.pdf,dd6128618c189ff0d03cac9f6adecdd572a8add0ba70ff52916ce6e0f1f240c5,PDF,PDF selectable text verified in prior slide audit; slide extraction available in prior prep where named
saved Moodle resource copy/archive duplicate,/Users/benecles/Desktop/UFRGS 2026-2/Teoria Geral dos Contratos/Moodle/legacy scrape (date unknown)/DIR02023 - Teoria Geral dos Contratos/Slides/009 - Slides Cessão da posição contratual e revisão.pdf,15614e2d389ba007038677d9ec2b8c448d36455294a3bc5b6a167a06645d43f8,PDF,PDF selectable text verified in prior slide audit; slide extraction available in prior prep where named
saved Moodle resource copy/archive duplicate,/Users/benecles/Desktop/UFRGS 2026-2/Teoria Geral dos Contratos/Moodle/legacy scrape (date unknown)/DIR02023 - Teoria Geral dos Contratos/Slides/010 - Slides Aula Extinção dos Contratos.pdf,5b0b7d98bfb6ad4ced351390862b6629786506837fa288a75cffafdb16d1df7d,PDF,PDF selectable text verified in prior slide audit; slide extraction available in prior prep where named
slide-deck text extraction,/Users/benecles/Developer/ordenacoes-filipinas-workshop-tgc-pipe-1/work/contract-prep/text/Aula 2 - Slides 27 a 45.txt,00c62f1dca9ed7babc6447d7237dc9ea17c2cccaa015390e43640b2470bb0621,plain text UTF-8,Locally extracted source text; related source path in main inventory: /Users/benecles/Desktop/UFRGS 2026-2/Teoria Geral dos Contratos/Moodle/2026-08-23 scrape/dir02023-contracts/Aula 2 - Slides 27 a 45.pdf; derived text path retained separately.
slide-deck text extraction,/Users/benecles/Developer/ordenacoes-filipinas-workshop-tgc-pipe-1/work/contract-prep/text/Slides - Aula 1 até 26.txt,8c3310374c6718c6b13c7873366c20f49597741eca430f818968e6b996aa6e26,plain text UTF-8,Locally extracted source text; related source path in main inventory: /Users/benecles/Desktop/UFRGS 2026-2/Teoria Geral dos Contratos/Moodle/2026-08-23 scrape/dir02023-contracts/Slides - Aula 1 até 26.pdf; derived text path retained separately.
slide-deck text extraction,/Users/benecles/Developer/ordenacoes-filipinas-workshop-tgc-pipe-1/work/contract-prep/text/Slides aula 10 Moodle.txt,6127a6230ee18e1c88c6e2aa64bbbf3d3187049454b7744b592bc3d9ab7038a3,plain text UTF-8,Locally extracted source text; related source path in main inventory: /Users/benecles/Desktop/UFRGS 2026-2/Teoria Geral dos Contratos/Moodle/2026-08-23 scrape/dir02023-contracts/Slides aula 10 Moodle.pdf; derived text path retained separately.
slide-deck text extraction,/Users/benecles/Developer/ordenacoes-filipinas-workshop-tgc-pipe-1/work/contract-prep/text/Slides Aula 3.txt,c22457df42d91adff3078c54b4c0645524d34da40dd3d80d514d47d1e5c8cef7,plain text UTF-8,Locally extracted source text; related source path in main inventory: /Users/benecles/Desktop/UFRGS 2026-2/Teoria Geral dos Contratos/Moodle/2026-08-23 scrape/dir02023-contracts/Slides Aula 3.pdf; derived text path retained separately.
slide-deck text extraction,/Users/benecles/Developer/ordenacoes-filipinas-workshop-tgc-pipe-1/work/contract-prep/text/Slides Aula 5 Moodle.txt,da0f6873653040249a967bd1960a5fb01604334f3c0522c253caed669695f78e,plain text UTF-8,Locally extracted source text; related source path in main inventory: /Users/benecles/Desktop/UFRGS 2026-2/Teoria Geral dos Contratos/Moodle/2026-08-23 scrape/dir02023-contracts/Slides Aula 5 Moodle.pdf; derived text path retained separately.
slide-deck text extraction,/Users/benecles/Developer/ordenacoes-filipinas-workshop-tgc-pipe-1/work/contract-prep/text/Slides Exceção e Classificação.txt,02c75e25c6dda7041046f14b396f21189594e1922f49ca72c765dadc9fd002e7,plain text UTF-8,Locally extracted source text; related source path in main inventory: /Users/benecles/Desktop/UFRGS 2026-2/Teoria Geral dos Contratos/Moodle/2026-08-23 scrape/dir02023-contracts/Slides Exceção e Classificação.pdf; derived text path retained separately.
slide-deck text extraction,/Users/benecles/Developer/ordenacoes-filipinas-workshop-tgc-pipe-1/work/contract-prep/text/Slides extras Aula 7.txt,9757b41b3a280cb62c45df9ae6be53a504ea396c2d76b28d796896fb9060f778,plain text UTF-8,Locally extracted source text; related source path in main inventory: /Users/benecles/Desktop/UFRGS 2026-2/Teoria Geral dos Contratos/Moodle/2026-08-23 scrape/dir02023-contracts/Slides extras Aula 7.pdf; derived text path retained separately.
slide-deck text extraction,/Users/benecles/Developer/ordenacoes-filipinas-workshop-tgc-pipe-1/work/contract-prep/text/slides Moodle aula 9.txt,9719eb714b3c407c3d15d6d886b415c5080f47df317e98b85ffb154b9a22a470,plain text UTF-8,Locally extracted source text; related source path in main inventory: /Users/benecles/Desktop/UFRGS 2026-2/Teoria Geral dos Contratos/Moodle/2026-08-23 scrape/dir02023-contracts/slides Moodle aula 9.pdf; derived text path retained separately.
"student notes archive; supplementary, non-authoritative",/Users/benecles/Desktop/UFRGS 2026-2/Teoria Geral dos Contratos/Anotações/Obsidian Archive UFRGS/Teoria Geral dos Contratos/Almanaque - Institutos do direito contratual.md,28ada4694adf49c28033fd67fdfda4f254152f6f7f245903fdb4fd6b2ad59b88,MD,"Plain text; existing source file, not read"
"student notes archive; supplementary, non-authoritative",/Users/benecles/Desktop/UFRGS 2026-2/Teoria Geral dos Contratos/Anotações/Obsidian Archive UFRGS/Teoria Geral dos Contratos/AULA 01 - Conceito de Contrato.md,0d5dec4527ea0f8c2d4248f980e83aed3cbb79af25b34544d6e0194ed470922f,MD,"Plain text; existing source file, not read"
"student notes archive; supplementary, non-authoritative",/Users/benecles/Desktop/UFRGS 2026-2/Teoria Geral dos Contratos/Anotações/Obsidian Archive UFRGS/Teoria Geral dos Contratos/Aula 03 - Princípios da liberdade contratual.md,ccaacc5b2dbfd23400c3a734eb265bb38e90e075f4f3f056ba3e151efccb4440,MD,"Plain text; existing source file, not read"
"student notes archive; supplementary, non-authoritative",/Users/benecles/Desktop/UFRGS 2026-2/Teoria Geral dos Contratos/Anotações/Obsidian Archive UFRGS/Teoria Geral dos Contratos/AULA 04 - Princípio da Boa-fé Objetiva.md,9f9955b5d541ecb0cec79248b25b5bf05dee3934767689c087fad7486a550612,MD,"Plain text; existing source file, not read"
"student notes archive; supplementary, non-authoritative",/Users/benecles/Desktop/UFRGS 2026-2/Teoria Geral dos Contratos/Anotações/Obsidian Archive UFRGS/Teoria Geral dos Contratos/AULA 13.md,1e7561a2182018e3ec62235efe65cdf87480ae4d9f94ec34895a6391a4aeb405,MD,"Plain text; existing source file, not read"
"student notes archive; supplementary, non-authoritative","/Users/benecles/Desktop/UFRGS 2026-2/Teoria Geral dos Contratos/Anotações/Obsidian Archive UFRGS/Teoria Geral dos Contratos/Monitoria 1 - Formação dos contratos, oferta e aceitação.md",dfa9d680a4f76e1e28a887f34391dc06c4f763e6725daa8d821aa8a894a3d57e,MD,"Plain text; existing source file, not read"
"student notes archive; supplementary, non-authoritative",/Users/benecles/Desktop/UFRGS 2026-2/Teoria Geral dos Contratos/Anotações/Obsidian Archive UFRGS/Teoria Geral dos Contratos/Monitoria 10 - Compra e venda.md,f78c261f4acb84377d2434e631c40297bf4336600f9dd83820eb32408b983261,MD,"Plain text; existing source file, not read"
"student notes archive; supplementary, non-authoritative",/Users/benecles/Desktop/UFRGS 2026-2/Teoria Geral dos Contratos/Anotações/Obsidian Archive UFRGS/Teoria Geral dos Contratos/Monitoria 12 - Locação.md,a54329105da4631823228a320549c247bca263350d05c0711e850292ab2b7fb4,MD,"Plain text; existing source file, not read"
"student notes archive; supplementary, non-authoritative",/Users/benecles/Desktop/UFRGS 2026-2/Teoria Geral dos Contratos/Anotações/Obsidian Archive UFRGS/Teoria Geral dos Contratos/Monitoria 2 - Contratos típicos e atípicos.md,9afd6e7a23fac7e3fd8ddbad55957235b5a3cbeee0ce32d7d638cac69aff14eb,MD,"Plain text; existing source file, not read"
"student notes archive; supplementary, non-authoritative",/Users/benecles/Desktop/UFRGS 2026-2/Teoria Geral dos Contratos/Anotações/Obsidian Archive UFRGS/Teoria Geral dos Contratos/Monitoria 3 - Contratos gratuitos e onerosos.md,a7011b7ed6641b9714b1cc1d3606a08a8b49b0c2f0afaa7b6e06eb6a20ab1950,MD,"Plain text; existing source file, not read"
"student notes archive; supplementary, non-authoritative",/Users/benecles/Desktop/UFRGS 2026-2/Teoria Geral dos Contratos/Anotações/Obsidian Archive UFRGS/Teoria Geral dos Contratos/Monitoria 4 - Contratos sinalagmáticos.md,70ec09c130eb844ee4d3b02315fbf6fc471a4487dca209b078de83a2fcec5640,MD,"Plain text; existing source file, not read"
"student notes archive; supplementary, non-authoritative",/Users/benecles/Desktop/UFRGS 2026-2/Teoria Geral dos Contratos/Anotações/Obsidian Archive UFRGS/Teoria Geral dos Contratos/Monitoria 5 - Contratos aleatórios e hedge.md,e9a6134a33f8f9aba903b3fd5f002ad37b861bb5e30459e9d9edbe160d2ae8b2,MD,"Plain text; existing source file, not read"
"student notes archive; supplementary, non-authoritative",/Users/benecles/Desktop/UFRGS 2026-2/Teoria Geral dos Contratos/Anotações/Obsidian Archive UFRGS/Teoria Geral dos Contratos/Monitoria 6 - Boa-fé objetiva.md,bf9ee4d801819fc5daf60d73ba564bb7d186912a8c862e3ede1e1d57e177bf68,MD,"Plain text; existing source file, not read"
"student notes archive; supplementary, non-authoritative",/Users/benecles/Desktop/UFRGS 2026-2/Teoria Geral dos Contratos/Anotações/Obsidian Archive UFRGS/Teoria Geral dos Contratos/Monitoria 7 - Função social do contrato.md,a393730493a0c26751c2eb57395d5344283f66dcf3de6319c69ae33b6ab6b57a,MD,"Plain text; existing source file, not read"
"student notes archive; supplementary, non-authoritative",/Users/benecles/Desktop/UFRGS 2026-2/Teoria Geral dos Contratos/Anotações/Obsidian Archive UFRGS/Teoria Geral dos Contratos/Monitoria 8 - Responsabilidade pré-contratual.md,4f126c15d26015f62244a905fe42c6db9fd4307144fd54f06da3d293ebbafa6f,MD,"Plain text; existing source file, not read"
"student notes archive; supplementary, non-authoritative",/Users/benecles/Desktop/UFRGS 2026-2/Teoria Geral dos Contratos/Anotações/Obsidian Archive UFRGS/Teoria Geral dos Contratos/Monitoria 9 - Efeitos perante terceiros.md,7d5b15a3b5ad5f75b9cfb418d98932519b5e9b6d76dbd003727f8177969316f6,MD,"Plain text; existing source file, not read"
"student notes archive; supplementary, non-authoritative",/Users/benecles/Desktop/UFRGS 2026-2/Teoria Geral dos Contratos/Anotações/Obsidian Archive UFRGS/Teoria Geral dos Contratos/monitoria2.md,90b38f0d6e4ff6c4543865040d7b792018e7688eddf68a6e714b9fb19908a010,MD,"Plain text; existing source file, not read"
"student notes archive; supplementary, non-authoritative",/Users/benecles/Desktop/UFRGS 2026-2/Teoria Geral dos Contratos/Anotações/Obsidian Archive UFRGS/Teoria Geral dos Contratos/Problemas aplicados - Teoria Geral dos Contratos.md,7a9a315d88412247b8eb766c8df2e64617ce59514d238501fc04381e51735a2d,MD,"Plain text; existing source file, not read"
"student notes archive; supplementary, non-authoritative",/Users/benecles/Desktop/UFRGS 2026-2/Teoria Geral dos Contratos/Anotações/Obsidian Archive UFRGS/Teoria Geral dos Contratos/Revisão para a P1 - Teoria Geral dos Contratos.md,38ef511bd276469ae46ecc2ca87ac7327ec37525effb36b6467893fb085b609b,MD,"Plain text; existing source file, not read"
SUPP-AGUIAR-JR-EXTINCAO-1991-BOOK,NOT FOUND in searched local book/extract/course folders or Documents/Desktop,N/A,UNAVAILABLE,"MISSING exact 1991 book; course materials contain a separate article “A Extinção dos Contratos” (reported on its own row), not this book."
SUPP-BRANCO-SILVA-CONTROVERSIAS-2023-BOOK,NOT FOUND in searched local book/extract/course folders or Documents/Desktop,N/A,UNAVAILABLE,MISSING exact coauthored book. Gerson Branco solo article is separate and reported on its own row; not a book substitute.
SUPP-COUTO-E-SILVA-BOA-FE-1980,NOT FOUND in searched local book/extract/course folders or Documents/Desktop,N/A,UNAVAILABLE,MISSING cited chapter/article and collection text; no local text located.
SUPP-DA-GUIA-REMEDIOS-2023,NOT FOUND in searched local book/extract/course folders or Documents/Desktop,N/A,UNAVAILABLE,MISSING exact title/edition; no local text located.
SUPP-FRANCO-2011,NOT FOUND in searched local book/extract/course folders or Documents/Desktop,N/A,UNAVAILABLE,MISSING exact title/edition; no local text located.
SUPP-GOMES-CONTRATOS-28-2022,/Users/benecles/Desktop/UFRGS 2026-2/Teoria Geral dos Contratos/Colegas 2026-09-27/TGC Manual Contratos - Orlando Gomes.pdf,66d9c75fd1d29a7c1ecd781137f5a773f86d9b4ed534a72514e89a59f5b47d38,PDF,"PDF; text-layer/OCR not rechecked in metadata-only inventory; prior intake says six PDFs had no selectable text on sampled pp. 1–2 (identity not asserted) | MISMATCH candidate only: title pages identify 26ª ed., 2007, not cited 28ª ed., 2022; 648 pages, text selectable. Kept distinct; no peer summary substituted."
SUPP-MARTINS-COSTA-METODO-CONCRETACAO-2008,NOT FOUND in searched local book/extract/course folders or Documents/Desktop,N/A,UNAVAILABLE,MISSING exact cited chapter. Different Judith Martins-Costa course articles (“Conceito Contrato”; “Impossibilidade de prestar...”) are present and are not this work.
SUPP-NANNI-COMENTARIOS-2023,NOT FOUND in searched local book/extract/course folders or Documents/Desktop,N/A,UNAVAILABLE,MISSING exact title/edition; no local text located. Other Nanni arbitration articles are different works.
SUPP-NERY-INSTITUICOES-II-2022,NOT FOUND in searched local book/extract/course folders or Documents/Desktop,N/A,UNAVAILABLE,MISSING exact title/edition; no local text located.
SUPP-NERY-JUNIOR-CODIGO-CIVIL-COMENTADO-2022,NOT FOUND in searched local book/extract/course folders or Documents/Desktop,N/A,UNAVAILABLE,MISSING exact title/edition; no local text located.
SUPP-PINHEIRO-CONTRATOS-DIGITAIS-2016,NOT FOUND in searched local book/extract/course folders or Documents/Desktop,N/A,UNAVAILABLE,MISSING exact article; no local text located.
SUPP-PONTES-MIRANDA-TOMO-XXIII-2012,/Users/benecles/Desktop/UFRGS 2026-2/Teoria Geral dos Contratos/PONTES DE MIRANDA. Tratado de Direito Privado v. 25_trechos-1.pdf,83e6d8ed3d6cf81ce1f5208ddf9b5a9cf7f3d4ea629492f234ba95802c24f912,PDF; PDF fragment,"PDF; text-layer/OCR not rechecked in metadata-only inventory; prior intake says six PDFs had no selectable text on sampled pp. 1–2 (identity not asserted) | MISMATCH candidate only: local course extract is Tomo XXV, not cited Tomo XXIII (2012); related OCR/text at /Users/benecles/Developer/ordenacoes-filipinas-workshop-tgc-pipe-1/work/contract-prep/text/PONTES DE MIRANDA. Tratado de Direito Privado v. 25_trechos-1.txt. Do not substitute."
