source_id,chapter_id,lesson_id,role,why
BASE-PEREIRA-CAIO-MARIO-III,capitulo-xxxvii-part-01,aula-01.html,primary,"Primary: trata do conceito e da função econômica do contrato como negócio jurídico, correspondendo diretamente à linha da Aula 01."
BASE-PEREIRA-CAIO-MARIO-III,capitulo-xxxvii-part-02,aula-01.html,unused,"O capítulo «Capítulo XXXVII — N Oção G Eral De C Ontrato — parte 2» desenvolve matéria específica indicada no título «Capítulo XXXVII — N Oção G Eral De C Ontrato — parte 2»; fora do recorte geral definido para esta aula é um recorte posterior ou especial, fora da noção, das funções econômicas e do enquadramento CC/CDC da Aula 01."
BASE-PEREIRA-CAIO-MARIO-III,capitulo-xxxviii,aula-01.html,unused,"O capítulo «Capítulo XXXVIII — C Lassificação Dos C Ontratos» desenvolve classificação dos contratos e efeitos de cada categoria; Aulas 07–08 é um recorte posterior ou especial, fora da noção, das funções econômicas e do enquadramento CC/CDC da Aula 01."
BASE-PEREIRA-CAIO-MARIO-III,capitulo-xxxix,aula-01.html,unused,"O capítulo «Capítulo XXXIX — C Ontrato P Reliminar» desenvolve contrato preliminar e seus efeitos na formação; Aula 06 é um recorte posterior ou especial, fora da noção, das funções econômicas e do enquadramento CC/CDC da Aula 01."
BASE-PEREIRA-CAIO-MARIO-III,capitulo-xl,aula-01.html,unused,"O capítulo «Capítulo XL — A Rras» desenvolve arras confirmatórias e penitenciais na formação; Aula 06 é um recorte posterior ou especial, fora da noção, das funções econômicas e do enquadramento CC/CDC da Aula 01."
BASE-PEREIRA-CAIO-MARIO-III,capitulo-xli,aula-01.html,unused,"O capítulo «Capítulo XLI — R Elatividade Dos C Ontratos» desenvolve relatividade do vínculo e efeitos perante terceiros; esses efeitos relativos pertencem à Aula 02, enquanto a Aula 01 delimita conceito, função econômica, operação e enquadramento CC/CDC."
BASE-PEREIRA-CAIO-MARIO-III,capitulo-xlii,aula-01.html,unused,"O capítulo «Capítulo XLII — V Ícios R Edibitórios» desenvolve vícios redibitórios e garantias por defeitos ocultos; Aula 07 é um recorte posterior ou especial, fora da noção, das funções econômicas e do enquadramento CC/CDC da Aula 01."
BASE-PEREIRA-CAIO-MARIO-III,capitulo-xliii,aula-01.html,unused,"O capítulo «Capítulo XLIII — E Vicção» desenvolve evicção e garantia contra perda da coisa adquirida; Aula 07 é um recorte posterior ou especial, fora da noção, das funções econômicas e do enquadramento CC/CDC da Aula 01."
BASE-PEREIRA-CAIO-MARIO-III,capitulo-xliv,aula-01.html,unused,"O capítulo «Capítulo XLIV — E Xtinção Dos C Ontratos» desenvolve desfazimento e extinção do vínculo contratual; Aulas 15–17 é um recorte posterior ou especial, fora da noção, das funções econômicas e do enquadramento CC/CDC da Aula 01."
BASE-PEREIRA-CAIO-MARIO-III,capitulo-xlv,aula-01.html,unused,"O capítulo «Capítulo XLV — C Ompra E V Enda E T Roca» desenvolve matéria específica indicada no título «Capítulo XLV — C Ompra E V Enda E T Roca»; fora do recorte geral definido para esta aula é um recorte posterior ou especial, fora da noção, das funções econômicas e do enquadramento CC/CDC da Aula 01."
BASE-PEREIRA-CAIO-MARIO-III,capitulo-xlvi-part-01,aula-01.html,unused,"O capítulo «Capítulo XLVI — M Odalidades E Speciais De C Ompra E V Enda — parte 1» desenvolve matéria específica indicada no título «Capítulo XLVI — M Odalidades E Speciais De C Ompra E V Enda — parte 1»; fora do recorte geral definido para esta aula é um recorte posterior ou especial, fora da noção, das funções econômicas e do enquadramento CC/CDC da Aula 01."
BASE-PEREIRA-CAIO-MARIO-III,capitulo-xlvi-part-02,aula-01.html,unused,"O capítulo «Capítulo XLVI — M Odalidades E Speciais De C Ompra E V Enda — parte 2» desenvolve matéria específica indicada no título «Capítulo XLVI — M Odalidades E Speciais De C Ompra E V Enda — parte 2»; fora do recorte geral definido para esta aula é um recorte posterior ou especial, fora da noção, das funções econômicas e do enquadramento CC/CDC da Aula 01."
BASE-PEREIRA-CAIO-MARIO-III,capitulo-xlvii,aula-01.html,unused,"O capítulo «Capítulo XLVII — D Oação» desenvolve regime da espécie contratual doação; bloco de contratos especiais, fora dos princípios gerais da Aula 02 é um recorte posterior ou especial, fora da noção, das funções econômicas e do enquadramento CC/CDC da Aula 01."
BASE-PEREIRA-CAIO-MARIO-III,capitulo-xlviii-part-01,aula-01.html,unused,"O capítulo «Capítulo XLVIII — L Ocação De C Oisas — parte 1» desenvolve regime da espécie contratual locação de coisas; bloco de contratos especiais, fora dos princípios gerais da Aula 02 é um recorte posterior ou especial, fora da noção, das funções econômicas e do enquadramento CC/CDC da Aula 01."
BASE-PEREIRA-CAIO-MARIO-III,capitulo-xlviii-part-02,aula-01.html,unused,"O capítulo «Capítulo XLVIII — L Ocação De C Oisas — parte 2» desenvolve regime da espécie contratual locação de coisas; bloco de contratos especiais, fora dos princípios gerais da Aula 02 é um recorte posterior ou especial, fora da noção, das funções econômicas e do enquadramento CC/CDC da Aula 01."
BASE-PEREIRA-CAIO-MARIO-III,capitulo-xlix,aula-01.html,unused,"O capítulo «Capítulo XLIX — E Mpreitada – T Ransporte» desenvolve regime da espécie contratual empreitada; bloco de contratos especiais, fora dos princípios gerais da Aula 02 é um recorte posterior ou especial, fora da noção, das funções econômicas e do enquadramento CC/CDC da Aula 01."
BASE-PEREIRA-CAIO-MARIO-III,capitulo-l,aula-01.html,unused,"O capítulo «Capítulo L — E Mpréstimo» desenvolve regime da espécie contratual comodato ou mútuo; bloco de contratos especiais, fora dos princípios gerais da Aula 02 é um recorte posterior ou especial, fora da noção, das funções econômicas e do enquadramento CC/CDC da Aula 01."
BASE-PEREIRA-CAIO-MARIO-III,capitulo-li,aula-01.html,unused,"O capítulo «Capítulo LI — D Epósito» desenvolve regime da espécie contratual depósito; bloco de contratos especiais, fora dos princípios gerais da Aula 02 é um recorte posterior ou especial, fora da noção, das funções econômicas e do enquadramento CC/CDC da Aula 01."
BASE-PEREIRA-CAIO-MARIO-III,capitulo-lii,aula-01.html,unused,"O capítulo «Capítulo LII — P Restação De S Erviços – C Orretagem – C Omissão – A Gência , D Istribuição E “F Ranchising”» desenvolve regime da espécie contratual prestação de serviços; bloco de contratos especiais, fora dos princípios gerais da Aula 02 é um recorte posterior ou especial, fora da noção, das funções econômicas e do enquadramento CC/CDC da Aula 01."
BASE-PEREIRA-CAIO-MARIO-III,capitulo-liii,aula-01.html,unused,"O capítulo «Capítulo LIII — M Andato – G Estão De N Egócios» desenvolve gestão de negócios sem convenção contratual; fora do acordo contratual e dos princípios que regem o vínculo é um recorte posterior ou especial, fora da noção, das funções econômicas e do enquadramento CC/CDC da Aula 01."
BASE-PEREIRA-CAIO-MARIO-III,capitulo-liv,aula-01.html,unused,"O capítulo «Capítulo LIV — F Idúcia» desenvolve regime da espécie contratual fidúcia; bloco de contratos especiais, fora dos princípios gerais da Aula 02 é um recorte posterior ou especial, fora da noção, das funções econômicas e do enquadramento CC/CDC da Aula 01."
BASE-PEREIRA-CAIO-MARIO-III,capitulo-lv,aula-01.html,unused,"O capítulo «Capítulo LV — S Ociedade – P Arceria» desenvolve regime da espécie contratual sociedade; bloco de contratos especiais, fora dos princípios gerais da Aula 02 é um recorte posterior ou especial, fora da noção, das funções econômicas e do enquadramento CC/CDC da Aula 01."
BASE-PEREIRA-CAIO-MARIO-III,capitulo-lvi,aula-01.html,unused,"O capítulo «Capítulo LVI — E Dição – R Epresentação D Ramática» desenvolve regime da espécie contratual edição; bloco de contratos especiais, fora dos princípios gerais da Aula 02 é um recorte posterior ou especial, fora da noção, das funções econômicas e do enquadramento CC/CDC da Aula 01."
BASE-PEREIRA-CAIO-MARIO-III,capitulo-lvii,aula-01.html,unused,"O capítulo «Capítulo LVII — S Eguro» desenvolve regime da espécie contratual seguro; bloco de contratos especiais, fora dos princípios gerais da Aula 02 é um recorte posterior ou especial, fora da noção, das funções econômicas e do enquadramento CC/CDC da Aula 01."
BASE-PEREIRA-CAIO-MARIO-III,capitulo-lviii,aula-01.html,unused,"O capítulo «Capítulo LVIII — C Onstituição De R Enda» desenvolve regime da espécie contratual constituição de renda; bloco de contratos especiais, fora dos princípios gerais da Aula 02 é um recorte posterior ou especial, fora da noção, das funções econômicas e do enquadramento CC/CDC da Aula 01."
BASE-VENOSA,BASE-VENOSA-01,aula-01.html,primary,"Primary: desenvolve o contrato como negócio jurídico, suas funções e operação econômica, situando a noção no Código Civil e no Código do Consumidor, núcleo da linha da Aula 01."
BASE-VENOSA,BASE-VENOSA-02,aula-01.html,unused,"O capítulo «2 Princípios Gerais do Direito Contratual. Contrato de Adesão. Novas Manifestações Contratuais» desenvolve matéria específica indicada no título «2 Princípios Gerais do Direito Contratual. Contrato de Adesão. Novas Manifestações Contratuais»; fora do recorte geral definido para esta aula é um recorte posterior ou especial, fora da noção, das funções econômicas e do enquadramento CC/CDC da Aula 01."
BASE-VENOSA,BASE-VENOSA-03,aula-01.html,unused,"O capítulo «3 Classificação dos Contratos (I)» desenvolve classificação dos contratos e efeitos de cada categoria; Aulas 07–08 é um recorte posterior ou especial, fora da noção, das funções econômicas e do enquadramento CC/CDC da Aula 01."
BASE-VENOSA,BASE-VENOSA-04,aula-01.html,unused,"O capítulo «4 Classificação dos Contratos (II)» desenvolve classificação dos contratos e efeitos de cada categoria; Aulas 07–08 é um recorte posterior ou especial, fora da noção, das funções econômicas e do enquadramento CC/CDC da Aula 01."
BASE-VENOSA,BASE-VENOSA-05,aula-01.html,unused,"O capítulo «5 Classificação dos Contratos (III)» desenvolve classificação dos contratos e efeitos de cada categoria; Aulas 07–08 é um recorte posterior ou especial, fora da noção, das funções econômicas e do enquadramento CC/CDC da Aula 01."
BASE-VENOSA,BASE-VENOSA-06,aula-01.html,supporting,"Supporting: aplica a teoria dos negócios jurídicos aos contratos, relaciona existência, validade e eficácia e articula Código Civil e Código do Consumidor; ajuda a qualificar o contrato como negócio jurídico na Aula 01."
BASE-VENOSA,BASE-VENOSA-07,aula-01.html,unused,"O capítulo «7 Interpretação dos Contratos» desenvolve interpretação das declarações e do sentido contratual; Aulas 09–10 é um recorte posterior ou especial, fora da noção, das funções econômicas e do enquadramento CC/CDC da Aula 01."
BASE-VENOSA,BASE-VENOSA-08,aula-01.html,unused,"O capítulo «8 Teoria da Imprevisão. Revisão dos Contratos» desenvolve revisão por desequilíbrio ou fato superveniente; Aulas 11–13 é um recorte posterior ou especial, fora da noção, das funções econômicas e do enquadramento CC/CDC da Aula 01."
BASE-VENOSA,BASE-VENOSA-09,aula-01.html,unused,"O capítulo «9 Responsabilidade Contratual, Pré-contratual e Pós-contratual» desenvolve responsabilidade nas fases pré-contratual, contratual ou pós-contratual; Aulas 04 e 17 é um recorte posterior ou especial, fora da noção, das funções econômicas e do enquadramento CC/CDC da Aula 01."
BASE-VENOSA,BASE-VENOSA-10,aula-01.html,unused,"O capítulo «10 Relatividade dos Contratos. Efeitos com Relação a Terceiros» desenvolve relatividade do vínculo e efeitos perante terceiros; esses efeitos relativos pertencem à Aula 02, enquanto a Aula 01 delimita conceito, função econômica, operação e enquadramento CC/CDC."
BASE-VENOSA,BASE-VENOSA-11,aula-01.html,unused,"O capítulo «11 Desfazimento da Relação Contratual. Extinção dos Contratos» desenvolve desfazimento e extinção do vínculo contratual; Aulas 15–17 é um recorte posterior ou especial, fora da noção, das funções econômicas e do enquadramento CC/CDC da Aula 01."
BASE-VENOSA,BASE-VENOSA-12,aula-01.html,unused,"O capítulo «12 Formação e Conclusão dos Contratos» desenvolve tratativas, oferta, aceitação e conclusão do contrato; Aulas 04–06 é um recorte posterior ou especial, fora da noção, das funções econômicas e do enquadramento CC/CDC da Aula 01."
BASE-VENOSA,BASE-VENOSA-13,aula-01.html,unused,"O capítulo «13 Vícios Redibitórios» desenvolve vícios redibitórios e garantias por defeitos ocultos; Aula 07 é um recorte posterior ou especial, fora da noção, das funções econômicas e do enquadramento CC/CDC da Aula 01."
BASE-VENOSA,BASE-VENOSA-14,aula-01.html,unused,"O capítulo «14 Evicção» desenvolve evicção e garantia contra perda da coisa adquirida; Aula 07 é um recorte posterior ou especial, fora da noção, das funções econômicas e do enquadramento CC/CDC da Aula 01."
BASE-VENOSA,BASE-VENOSA-15,aula-01.html,unused,"O capítulo «15 Vontade Privada e Contratos Administrativos» desenvolve vontade privada no regime próprio dos contratos administrativos; regime administrativo, fora dos princípios gerais dos vínculos privados desta disciplina é um recorte posterior ou especial, fora da noção, das funções econômicas e do enquadramento CC/CDC da Aula 01."
BASE-VENOSA,BASE-VENOSA-16,aula-01.html,unused,"O capítulo «16 Arbitragem» desenvolve convenção arbitral e solução de controvérsias; tema processual complementar, não os princípios substantivos da Aula 02 é um recorte posterior ou especial, fora da noção, das funções econômicas e do enquadramento CC/CDC da Aula 01."
BASE-VENOSA,BASE-VENOSA-17,aula-01.html,unused,"O capítulo «17 Introdução ao Direito Especial dos Contratos» desenvolve introdução ao regime dos contratos especiais; bloco de contratos especiais, posterior à teoria geral é um recorte posterior ou especial, fora da noção, das funções econômicas e do enquadramento CC/CDC da Aula 01."
BASE-VENOSA,BASE-VENOSA-18-01,aula-01.html,unused,"O capítulo «18 Compra e Venda — 18.1 Conceito. Efeitos Obrigacionais do Contrato de Compra e Venda» desenvolve matéria específica indicada no título «18 Compra e Venda — 18.1 Conceito. Efeitos Obrigacionais do Contrato de Compra e Venda»; fora do recorte geral definido para esta aula é um recorte posterior ou especial, fora da noção, das funções econômicas e do enquadramento CC/CDC da Aula 01."
BASE-VENOSA,BASE-VENOSA-18-02,aula-01.html,unused,"O capítulo «18 Compra e Venda — 18.6 Venda Ad Corpus e Ad Mensuram» desenvolve matéria específica indicada no título «18 Compra e Venda — 18.6 Venda Ad Corpus e Ad Mensuram»; fora do recorte geral definido para esta aula é um recorte posterior ou especial, fora da noção, das funções econômicas e do enquadramento CC/CDC da Aula 01."
BASE-VENOSA,BASE-VENOSA-18-03,aula-01.html,unused,"O capítulo «18 Compra e Venda — 18.8.1 Incoterms» desenvolve matéria específica indicada no título «18 Compra e Venda — 18.8.1 Incoterms»; fora do recorte geral definido para esta aula é um recorte posterior ou especial, fora da noção, das funções econômicas e do enquadramento CC/CDC da Aula 01."
BASE-VENOSA,BASE-VENOSA-19-01,aula-01.html,unused,"O capítulo «19 Cláusulas Especiais da Compra e Venda — 19.1 Retrovenda» desenvolve matéria específica indicada no título «19 Cláusulas Especiais da Compra e Venda — 19.1 Retrovenda»; fora do recorte geral definido para esta aula é um recorte posterior ou especial, fora da noção, das funções econômicas e do enquadramento CC/CDC da Aula 01."
BASE-VENOSA,BASE-VENOSA-19-02,aula-01.html,unused,"O capítulo «19 Cláusulas Especiais da Compra e Venda — 19.8 Venda Mediante Poupança» desenvolve matéria específica indicada no título «19 Cláusulas Especiais da Compra e Venda — 19.8 Venda Mediante Poupança»; fora do recorte geral definido para esta aula é um recorte posterior ou especial, fora da noção, das funções econômicas e do enquadramento CC/CDC da Aula 01."
BASE-VENOSA,BASE-VENOSA-20,aula-01.html,unused,"O capítulo «20 Troca ou Permuta» desenvolve regime da espécie contratual troca ou permuta; bloco de contratos especiais, fora dos princípios gerais da Aula 02 é um recorte posterior ou especial, fora da noção, das funções econômicas e do enquadramento CC/CDC da Aula 01."
BASE-VENOSA,BASE-VENOSA-21,aula-01.html,unused,"O capítulo «21 Contrato Estimatório ou de Consignação» desenvolve matéria específica indicada no título «21 Contrato Estimatório ou de Consignação»; fora do recorte geral definido para esta aula é um recorte posterior ou especial, fora da noção, das funções econômicas e do enquadramento CC/CDC da Aula 01."
BASE-VENOSA,BASE-VENOSA-22-01,aula-01.html,unused,"O capítulo «22 Doação — 22.1 Conceito. Natureza Contratual. Conteúdo. Origens. Características» desenvolve regime da espécie contratual doação; bloco de contratos especiais, fora dos princípios gerais da Aula 02 é um recorte posterior ou especial, fora da noção, das funções econômicas e do enquadramento CC/CDC da Aula 01."
BASE-VENOSA,BASE-VENOSA-22-02,aula-01.html,unused,"O capítulo «22 Doação — 22.8.1 Prazo Decadencial da Ação Revogatória» desenvolve regime da espécie contratual doação; bloco de contratos especiais, fora dos princípios gerais da Aula 02 é um recorte posterior ou especial, fora da noção, das funções econômicas e do enquadramento CC/CDC da Aula 01."
BASE-VENOSA,BASE-VENOSA-23-01,aula-01.html,unused,"O capítulo «23 Locação de Coisas. Lei do Inquilinato — 23.1 Espécies. Conceitos. Natureza» desenvolve regime da espécie contratual locação de coisas; bloco de contratos especiais, fora dos princípios gerais da Aula 02 é um recorte posterior ou especial, fora da noção, das funções econômicas e do enquadramento CC/CDC da Aula 01."
BASE-VENOSA,BASE-VENOSA-23-02,aula-01.html,unused,"O capítulo «23 Locação de Coisas. Lei do Inquilinato — 23.3.10 Aluguel. Ação Revisional» desenvolve regime da espécie contratual locação de coisas; bloco de contratos especiais, fora dos princípios gerais da Aula 02 é um recorte posterior ou especial, fora da noção, das funções econômicas e do enquadramento CC/CDC da Aula 01."
BASE-VENOSA,BASE-VENOSA-24,aula-01.html,unused,"O capítulo «24 Empréstimo: Comodato» desenvolve regime da espécie contratual comodato ou mútuo; bloco de contratos especiais, fora dos princípios gerais da Aula 02 é um recorte posterior ou especial, fora da noção, das funções econômicas e do enquadramento CC/CDC da Aula 01."
BASE-VENOSA,BASE-VENOSA-25,aula-01.html,unused,"O capítulo «25 Empréstimo: Mútuo» desenvolve regime da espécie contratual comodato ou mútuo; bloco de contratos especiais, fora dos princípios gerais da Aula 02 é um recorte posterior ou especial, fora da noção, das funções econômicas e do enquadramento CC/CDC da Aula 01."
BASE-VENOSA,BASE-VENOSA-27,aula-01.html,unused,"O capítulo «27 Empreitada» desenvolve regime da espécie contratual empreitada; bloco de contratos especiais, fora dos princípios gerais da Aula 02 é um recorte posterior ou especial, fora da noção, das funções econômicas e do enquadramento CC/CDC da Aula 01."
BASE-VENOSA,BASE-VENOSA-28,aula-01.html,unused,"O capítulo «28 Depósito» desenvolve regime da espécie contratual depósito; bloco de contratos especiais, fora dos princípios gerais da Aula 02 é um recorte posterior ou especial, fora da noção, das funções econômicas e do enquadramento CC/CDC da Aula 01."
BASE-VENOSA,BASE-VENOSA-29-01,aula-01.html,unused,"O capítulo «29 Mandato — 29.1 Conceito. Natureza. Procuração. Representação e Mandato» desenvolve regime da espécie contratual mandato; bloco de contratos especiais, fora dos princípios gerais da Aula 02 é um recorte posterior ou especial, fora da noção, das funções econômicas e do enquadramento CC/CDC da Aula 01."
BASE-VENOSA,BASE-VENOSA-29-02,aula-01.html,unused,"O capítulo «29 Mandato — 29.7 Procuração em Causa Própria. Contrato Consigo Mesmo ou Autocontrato» desenvolve regime da espécie contratual mandato; bloco de contratos especiais, fora dos princípios gerais da Aula 02 é um recorte posterior ou especial, fora da noção, das funções econômicas e do enquadramento CC/CDC da Aula 01."
BASE-VENOSA,BASE-VENOSA-30,aula-01.html,unused,"O capítulo «30 Comissão» desenvolve regime da espécie contratual comissão; bloco de contratos especiais, fora dos princípios gerais da Aula 02 é um recorte posterior ou especial, fora da noção, das funções econômicas e do enquadramento CC/CDC da Aula 01."
BASE-VENOSA,BASE-VENOSA-31,aula-01.html,unused,"O capítulo «31 Agência e Distribuição» desenvolve regime da espécie contratual agência e distribuição; bloco de contratos especiais, fora dos princípios gerais da Aula 02 é um recorte posterior ou especial, fora da noção, das funções econômicas e do enquadramento CC/CDC da Aula 01."
BASE-VENOSA,BASE-VENOSA-32,aula-01.html,unused,"O capítulo «32 Corretagem» desenvolve regime da espécie contratual corretagem; bloco de contratos especiais, fora dos princípios gerais da Aula 02 é um recorte posterior ou especial, fora da noção, das funções econômicas e do enquadramento CC/CDC da Aula 01."
BASE-VENOSA,BASE-VENOSA-33-01,aula-01.html,unused,"O capítulo «33 Transporte — 33.1 Conceito. Origens» desenvolve regime da espécie contratual transporte; bloco de contratos especiais, fora dos princípios gerais da Aula 02 é um recorte posterior ou especial, fora da noção, das funções econômicas e do enquadramento CC/CDC da Aula 01."
BASE-VENOSA,BASE-VENOSA-33-02,aula-01.html,unused,"O capítulo «33 Transporte — 33.10 Bilhete de Passagem» desenvolve regime da espécie contratual transporte; bloco de contratos especiais, fora dos princípios gerais da Aula 02 é um recorte posterior ou especial, fora da noção, das funções econômicas e do enquadramento CC/CDC da Aula 01."
BASE-VENOSA,BASE-VENOSA-34-01,aula-01.html,unused,"O capítulo «34 Seguro — 34.1 Origens. Conceito» desenvolve regime da espécie contratual seguro; bloco de contratos especiais, fora dos princípios gerais da Aula 02 é um recorte posterior ou especial, fora da noção, das funções econômicas e do enquadramento CC/CDC da Aula 01."
BASE-VENOSA,BASE-VENOSA-34-02,aula-01.html,unused,"O capítulo «34 Seguro — 34.13 Sub-rogação» desenvolve regime da espécie contratual seguro; bloco de contratos especiais, fora dos princípios gerais da Aula 02 é um recorte posterior ou especial, fora da noção, das funções econômicas e do enquadramento CC/CDC da Aula 01."
BASE-VENOSA,BASE-VENOSA-35,aula-01.html,unused,"O capítulo «35 Constituição de Renda» desenvolve regime da espécie contratual constituição de renda; bloco de contratos especiais, fora dos princípios gerais da Aula 02 é um recorte posterior ou especial, fora da noção, das funções econômicas e do enquadramento CC/CDC da Aula 01."
BASE-VENOSA,BASE-VENOSA-36,aula-01.html,unused,"O capítulo «36 Jogo e Aposta» desenvolve regime da espécie contratual jogo e aposta; bloco de contratos especiais, fora dos princípios gerais da Aula 02 é um recorte posterior ou especial, fora da noção, das funções econômicas e do enquadramento CC/CDC da Aula 01."
BASE-VENOSA,BASE-VENOSA-37-01,aula-01.html,unused,"O capítulo «37 Fiança — 37.1 Conceito. Natureza. Modalidades» desenvolve regime da espécie contratual fiança; bloco de contratos especiais, fora dos princípios gerais da Aula 02 é um recorte posterior ou especial, fora da noção, das funções econômicas e do enquadramento CC/CDC da Aula 01."
BASE-VENOSA,BASE-VENOSA-37-02,aula-01.html,unused,"O capítulo «37 Fiança — 37.9 Extinção da Fiança» desenvolve desfazimento e extinção do vínculo contratual; Aulas 15–17 é um recorte posterior ou especial, fora da noção, das funções econômicas e do enquadramento CC/CDC da Aula 01."
BASE-VENOSA,BASE-VENOSA-38,aula-01.html,unused,"O capítulo «38 Dos Atos Unilaterais: Promessa de Recompensa. Concurso» desenvolve atos unilaterais, que não se formam pelo acordo contratual; fora do conceito bilateral de contrato e dos princípios do vínculo é um recorte posterior ou especial, fora da noção, das funções econômicas e do enquadramento CC/CDC da Aula 01."
BASE-VENOSA,BASE-VENOSA-39,aula-01.html,unused,"O capítulo «39 Dos Atos Unilaterais: Gestão de Negócios» desenvolve atos unilaterais, que não se formam pelo acordo contratual; fora do conceito bilateral de contrato e dos princípios do vínculo é um recorte posterior ou especial, fora da noção, das funções econômicas e do enquadramento CC/CDC da Aula 01."
BASE-VENOSA,BASE-VENOSA-40,aula-01.html,unused,"O capítulo «40 Fornecimento» desenvolve regime da espécie contratual fornecimento; bloco de contratos especiais, fora dos princípios gerais da Aula 02 é um recorte posterior ou especial, fora da noção, das funções econômicas e do enquadramento CC/CDC da Aula 01."
BASE-VENOSA,BASE-VENOSA-41,aula-01.html,unused,"O capítulo «41 Incorporação Imobiliária» desenvolve regime da espécie contratual incorporação imobiliária; bloco de contratos especiais, fora dos princípios gerais da Aula 02 é um recorte posterior ou especial, fora da noção, das funções econômicas e do enquadramento CC/CDC da Aula 01."
BASE-VENOSA,BASE-VENOSA-42,aula-01.html,unused,"O capítulo «42 Compromisso de Compra e Venda» desenvolve regime da espécie contratual compromisso de compra e venda; bloco de contratos especiais, fora dos princípios gerais da Aula 02 é um recorte posterior ou especial, fora da noção, das funções econômicas e do enquadramento CC/CDC da Aula 01."
BASE-VENOSA,BASE-VENOSA-43,aula-01.html,unused,"O capítulo «43 Garagem» desenvolve regime da espécie contratual garagem; bloco de contratos especiais, fora dos princípios gerais da Aula 02 é um recorte posterior ou especial, fora da noção, das funções econômicas e do enquadramento CC/CDC da Aula 01."
BASE-VENOSA,BASE-VENOSA-44,aula-01.html,unused,"O capítulo «44 Representação Comercial» desenvolve regime da espécie contratual representação comercial; bloco de contratos especiais, fora dos princípios gerais da Aula 02 é um recorte posterior ou especial, fora da noção, das funções econômicas e do enquadramento CC/CDC da Aula 01."
BASE-VENOSA,BASE-VENOSA-45,aula-01.html,unused,"O capítulo «45 Transferência de Tecnologia. Licença e Know-How» desenvolve regime da espécie contratual transferência de tecnologia; bloco de contratos especiais, fora dos princípios gerais da Aula 02 é um recorte posterior ou especial, fora da noção, das funções econômicas e do enquadramento CC/CDC da Aula 01."
BASE-VENOSA,BASE-VENOSA-46,aula-01.html,unused,"O capítulo «46 Franquia» desenvolve regime da espécie contratual franquia; bloco de contratos especiais, fora dos princípios gerais da Aula 02 é um recorte posterior ou especial, fora da noção, das funções econômicas e do enquadramento CC/CDC da Aula 01."
BASE-VENOSA,BASE-VENOSA-47,aula-01.html,unused,"O capítulo «47 Factoring (Faturização)» desenvolve regime da espécie contratual factoring; bloco de contratos especiais, fora dos princípios gerais da Aula 02 é um recorte posterior ou especial, fora da noção, das funções econômicas e do enquadramento CC/CDC da Aula 01."
BASE-VENOSA,BASE-VENOSA-48,aula-01.html,unused,"O capítulo «48 Leasing (Arrendamento Mercantil)» desenvolve regime da espécie contratual leasing; bloco de contratos especiais, fora dos princípios gerais da Aula 02 é um recorte posterior ou especial, fora da noção, das funções econômicas e do enquadramento CC/CDC da Aula 01."
BASE-VENOSA,BASE-VENOSA-49,aula-01.html,unused,"O capítulo «49 Sociedade» desenvolve regime da espécie contratual sociedade; bloco de contratos especiais, fora dos princípios gerais da Aula 02 é um recorte posterior ou especial, fora da noção, das funções econômicas e do enquadramento CC/CDC da Aula 01."
BASE-VENOSA,BASE-VENOSA-50,aula-01.html,unused,"O capítulo «50 Contratos Agrários: Arrendamento e Parceria» desenvolve regime da espécie contratual parceria; bloco de contratos especiais, fora dos princípios gerais da Aula 02 é um recorte posterior ou especial, fora da noção, das funções econômicas e do enquadramento CC/CDC da Aula 01."
BASE-VENOSA,BASE-VENOSA-51,aula-01.html,unused,"O capítulo «51 Contratos de Direitos Autorais» desenvolve regime da espécie contratual direitos autorais; bloco de contratos especiais, fora dos princípios gerais da Aula 02 é um recorte posterior ou especial, fora da noção, das funções econômicas e do enquadramento CC/CDC da Aula 01."
exercicios-tgc-2026-2,document,aula-01.html,unused,"A lista P1 formula casos sobre declaração, oferta e formação do contrato; é material de prática ou avaliação, fora do texto explicativo da linha desta aula e reservado ao slot de exercícios/provas do S4."
gabarito-primeira-lista-exercicios-tgc,document,aula-01.html,unused,"o arquivo é gabarito da primeira lista P1; é material de prática ou avaliação, fora do texto explicativo da linha desta aula e reservado ao slot de exercícios/provas do S4."
gabarito-questoes-extra-tgc,document,aula-01.html,unused,"o arquivo é gabarito das questões extras; é material de prática ou avaliação, fora do texto explicativo da linha desta aula e reservado ao slot de exercícios/provas do S4."
peer-p1-antiga-com-gabarito,document,aula-01.html,unused,"o arquivo é prova antiga de P1 com gabarito; é material de prática ou avaliação, fora do texto explicativo da linha desta aula e reservado ao slot de exercícios/provas do S4."
peer-p1-antiga-sem-gabarito,document,aula-01.html,unused,"o arquivo é prova antiga de P1 sem gabarito; é material de prática ou avaliação, fora do texto explicativo da linha desta aula e reservado ao slot de exercícios/provas do S4."
peer-p1-lista-questoes-1,document,aula-01.html,unused,"o arquivo reúne questões da primeira lista P1 sobre formação e princípios; é material de prática ou avaliação, fora do texto explicativo da linha desta aula e reservado ao slot de exercícios/provas do S4."
peer-p1-lista-questoes-2,document,aula-01.html,unused,"o arquivo reúne exercícios da segunda lista P1 sobre exceção e classificação; é material de prática ou avaliação, fora do texto explicativo da linha desta aula e reservado ao slot de exercícios/provas do S4."
questoes-extra-tgc,document,aula-01.html,unused,"o arquivo reúne questões extras de revisão; é material de prática ou avaliação, fora do texto explicativo da linha desta aula e reservado ao slot de exercícios/provas do S4."
slides-aula-1-26,deck,aula-01.html,unused,"O deck cobre conceito, negócio jurídico, operação econômica e contratos de consumo coincide com a linha da Aula 01; por ser deck, entra pelo slot dedicado de slides do S4, não no mapa S3."
slides-aula-10-moodle,deck,aula-01.html,unused,"O deck trata de cessão de posição e revisão contratual não é capítulo de conteúdo atribuído a esta linha do programa; por ser deck, entra pelo slot dedicado de slides do S4, não no mapa S3."
slides-aula-2-27-45,deck,aula-01.html,unused,"O deck cobre vulnerabilidade e contratos no direito do consumidor não é capítulo de conteúdo atribuído a esta linha do programa; por ser deck, entra pelo slot dedicado de slides do S4, não no mapa S3."
slides-aula-3,deck,aula-01.html,unused,"O deck cobre boa-fé, função social e início da formação contratual não é capítulo de conteúdo atribuído a esta linha do programa; por ser deck, entra pelo slot dedicado de slides do S4, não no mapa S3."
slides-aula-5-moodle,deck,aula-01.html,unused,"O deck cobre responsabilidade pré-contratual e incidentes da formação não é capítulo de conteúdo atribuído a esta linha do programa; por ser deck, entra pelo slot dedicado de slides do S4, não no mapa S3."
slides-excecao-classificacao,deck,aula-01.html,unused,"O deck cobre exceções ligadas à classificação dos contratos não é capítulo de conteúdo atribuído a esta linha do programa; por ser deck, entra pelo slot dedicado de slides do S4, não no mapa S3."
slides-extras-aula-7,deck,aula-01.html,unused,"O deck reúne exceções e classificação dos contratos não é capítulo de conteúdo atribuído a esta linha do programa; por ser deck, entra pelo slot dedicado de slides do S4, não no mapa S3."
slides-moodle-aula-9,deck,aula-01.html,unused,"O deck trata da interpretação dos contratos não é capítulo de conteúdo atribuído a esta linha do programa; por ser deck, entra pelo slot dedicado de slides do S4, não no mapa S3."
BASE-PEREIRA-CAIO-MARIO-III,capitulo-xxxvii-part-01,aula-02.html,primary,"Primary: o sumário e o texto tratam da autonomia da vontade e do princípio da obrigatoriedade, base direta para liberdade contratual e força vinculativa na Aula 02."
BASE-PEREIRA-CAIO-MARIO-III,capitulo-xxxvii-part-02,aula-02.html,unused,"O capítulo «Capítulo XXXVII — N Oção G Eral De C Ontrato — parte 2» desenvolve matéria específica indicada no título «Capítulo XXXVII — N Oção G Eral De C Ontrato — parte 2»; esse recorte não corresponde aos princípios gerais de liberdade contratual, força vinculativa e efeitos relativos previstos para a Aula 02."
BASE-PEREIRA-CAIO-MARIO-III,capitulo-xxxviii,aula-02.html,unused,"O capítulo «Capítulo XXXVIII — C Lassificação Dos C Ontratos» desenvolve classificação dos contratos e efeitos de cada categoria; esse recorte não corresponde aos princípios gerais de liberdade contratual, força vinculativa e efeitos relativos previstos para a Aula 02."
BASE-PEREIRA-CAIO-MARIO-III,capitulo-xxxix,aula-02.html,unused,"O capítulo «Capítulo XXXIX — C Ontrato P Reliminar» desenvolve contrato preliminar e seus efeitos na formação; esse recorte não corresponde aos princípios gerais de liberdade contratual, força vinculativa e efeitos relativos previstos para a Aula 02."
BASE-PEREIRA-CAIO-MARIO-III,capitulo-xl,aula-02.html,unused,"O capítulo «Capítulo XL — A Rras» desenvolve arras confirmatórias e penitenciais na formação; esse recorte não corresponde aos princípios gerais de liberdade contratual, força vinculativa e efeitos relativos previstos para a Aula 02."
BASE-PEREIRA-CAIO-MARIO-III,capitulo-xli,aula-02.html,primary,"Primary: desenvolve a relatividade do contrato e as hipóteses de efeitos perante terceiros, núcleo expresso na linha da Aula 02."
BASE-PEREIRA-CAIO-MARIO-III,capitulo-xlii,aula-02.html,unused,"O capítulo «Capítulo XLII — V Ícios R Edibitórios» desenvolve vícios redibitórios e garantias por defeitos ocultos; esse recorte não corresponde aos princípios gerais de liberdade contratual, força vinculativa e efeitos relativos previstos para a Aula 02."
BASE-PEREIRA-CAIO-MARIO-III,capitulo-xliii,aula-02.html,unused,"O capítulo «Capítulo XLIII — E Vicção» desenvolve evicção e garantia contra perda da coisa adquirida; esse recorte não corresponde aos princípios gerais de liberdade contratual, força vinculativa e efeitos relativos previstos para a Aula 02."
BASE-PEREIRA-CAIO-MARIO-III,capitulo-xliv,aula-02.html,unused,"O capítulo «Capítulo XLIV — E Xtinção Dos C Ontratos» desenvolve desfazimento e extinção do vínculo contratual; esse recorte não corresponde aos princípios gerais de liberdade contratual, força vinculativa e efeitos relativos previstos para a Aula 02."
BASE-PEREIRA-CAIO-MARIO-III,capitulo-xlv,aula-02.html,unused,"O capítulo «Capítulo XLV — C Ompra E V Enda E T Roca» desenvolve matéria específica indicada no título «Capítulo XLV — C Ompra E V Enda E T Roca»; esse recorte não corresponde aos princípios gerais de liberdade contratual, força vinculativa e efeitos relativos previstos para a Aula 02."
BASE-PEREIRA-CAIO-MARIO-III,capitulo-xlvi-part-01,aula-02.html,unused,"O capítulo «Capítulo XLVI — M Odalidades E Speciais De C Ompra E V Enda — parte 1» desenvolve matéria específica indicada no título «Capítulo XLVI — M Odalidades E Speciais De C Ompra E V Enda — parte 1»; esse recorte não corresponde aos princípios gerais de liberdade contratual, força vinculativa e efeitos relativos previstos para a Aula 02."
BASE-PEREIRA-CAIO-MARIO-III,capitulo-xlvi-part-02,aula-02.html,unused,"O capítulo «Capítulo XLVI — M Odalidades E Speciais De C Ompra E V Enda — parte 2» desenvolve matéria específica indicada no título «Capítulo XLVI — M Odalidades E Speciais De C Ompra E V Enda — parte 2»; esse recorte não corresponde aos princípios gerais de liberdade contratual, força vinculativa e efeitos relativos previstos para a Aula 02."
BASE-PEREIRA-CAIO-MARIO-III,capitulo-xlvii,aula-02.html,unused,"O capítulo «Capítulo XLVII — D Oação» desenvolve regime da espécie contratual doação; esse recorte não corresponde aos princípios gerais de liberdade contratual, força vinculativa e efeitos relativos previstos para a Aula 02."
BASE-PEREIRA-CAIO-MARIO-III,capitulo-xlviii-part-01,aula-02.html,unused,"O capítulo «Capítulo XLVIII — L Ocação De C Oisas — parte 1» desenvolve regime da espécie contratual locação de coisas; esse recorte não corresponde aos princípios gerais de liberdade contratual, força vinculativa e efeitos relativos previstos para a Aula 02."
BASE-PEREIRA-CAIO-MARIO-III,capitulo-xlviii-part-02,aula-02.html,unused,"O capítulo «Capítulo XLVIII — L Ocação De C Oisas — parte 2» desenvolve regime da espécie contratual locação de coisas; esse recorte não corresponde aos princípios gerais de liberdade contratual, força vinculativa e efeitos relativos previstos para a Aula 02."
BASE-PEREIRA-CAIO-MARIO-III,capitulo-xlix,aula-02.html,unused,"O capítulo «Capítulo XLIX — E Mpreitada – T Ransporte» desenvolve regime da espécie contratual empreitada; esse recorte não corresponde aos princípios gerais de liberdade contratual, força vinculativa e efeitos relativos previstos para a Aula 02."
BASE-PEREIRA-CAIO-MARIO-III,capitulo-l,aula-02.html,unused,"O capítulo «Capítulo L — E Mpréstimo» desenvolve regime da espécie contratual comodato ou mútuo; esse recorte não corresponde aos princípios gerais de liberdade contratual, força vinculativa e efeitos relativos previstos para a Aula 02."
BASE-PEREIRA-CAIO-MARIO-III,capitulo-li,aula-02.html,unused,"O capítulo «Capítulo LI — D Epósito» desenvolve regime da espécie contratual depósito; esse recorte não corresponde aos princípios gerais de liberdade contratual, força vinculativa e efeitos relativos previstos para a Aula 02."
BASE-PEREIRA-CAIO-MARIO-III,capitulo-lii,aula-02.html,unused,"O capítulo «Capítulo LII — P Restação De S Erviços – C Orretagem – C Omissão – A Gência , D Istribuição E “F Ranchising”» desenvolve regime da espécie contratual prestação de serviços; esse recorte não corresponde aos princípios gerais de liberdade contratual, força vinculativa e efeitos relativos previstos para a Aula 02."
BASE-PEREIRA-CAIO-MARIO-III,capitulo-liii,aula-02.html,unused,"O capítulo «Capítulo LIII — M Andato – G Estão De N Egócios» desenvolve gestão de negócios sem convenção contratual; esse recorte não corresponde aos princípios gerais de liberdade contratual, força vinculativa e efeitos relativos previstos para a Aula 02."
BASE-PEREIRA-CAIO-MARIO-III,capitulo-liv,aula-02.html,unused,"O capítulo «Capítulo LIV — F Idúcia» desenvolve regime da espécie contratual fidúcia; esse recorte não corresponde aos princípios gerais de liberdade contratual, força vinculativa e efeitos relativos previstos para a Aula 02."
BASE-PEREIRA-CAIO-MARIO-III,capitulo-lv,aula-02.html,unused,"O capítulo «Capítulo LV — S Ociedade – P Arceria» desenvolve regime da espécie contratual sociedade; esse recorte não corresponde aos princípios gerais de liberdade contratual, força vinculativa e efeitos relativos previstos para a Aula 02."
BASE-PEREIRA-CAIO-MARIO-III,capitulo-lvi,aula-02.html,unused,"O capítulo «Capítulo LVI — E Dição – R Epresentação D Ramática» desenvolve regime da espécie contratual edição; esse recorte não corresponde aos princípios gerais de liberdade contratual, força vinculativa e efeitos relativos previstos para a Aula 02."
BASE-PEREIRA-CAIO-MARIO-III,capitulo-lvii,aula-02.html,unused,"O capítulo «Capítulo LVII — S Eguro» desenvolve regime da espécie contratual seguro; esse recorte não corresponde aos princípios gerais de liberdade contratual, força vinculativa e efeitos relativos previstos para a Aula 02."
BASE-PEREIRA-CAIO-MARIO-III,capitulo-lviii,aula-02.html,unused,"O capítulo «Capítulo LVIII — C Onstituição De R Enda» desenvolve regime da espécie contratual constituição de renda; esse recorte não corresponde aos princípios gerais de liberdade contratual, força vinculativa e efeitos relativos previstos para a Aula 02."
BASE-VENOSA,BASE-VENOSA-01,aula-02.html,unused,"O capítulo «1 Universo das Relações Contratuais» desenvolve matéria específica indicada no título «1 Universo das Relações Contratuais»; esse recorte não corresponde aos princípios gerais de liberdade contratual, força vinculativa e efeitos relativos previstos para a Aula 02."
BASE-VENOSA,BASE-VENOSA-01,aula-02.html,background,Pré-requisito herdado de S0 — aula-01.html: Os princípios regulam o contrato já identificado como negócio jurídico entre partes..
BASE-VENOSA,BASE-VENOSA-02,aula-02.html,primary,"Primary: as seções examinadas tratam de liberdade contratual, força obrigatória e relatividade, termos centrais da linha da Aula 02."
BASE-VENOSA,BASE-VENOSA-03,aula-02.html,unused,"O capítulo «3 Classificação dos Contratos (I)» desenvolve classificação dos contratos e efeitos de cada categoria; esse recorte não corresponde aos princípios gerais de liberdade contratual, força vinculativa e efeitos relativos previstos para a Aula 02."
BASE-VENOSA,BASE-VENOSA-04,aula-02.html,unused,"O capítulo «4 Classificação dos Contratos (II)» desenvolve classificação dos contratos e efeitos de cada categoria; esse recorte não corresponde aos princípios gerais de liberdade contratual, força vinculativa e efeitos relativos previstos para a Aula 02."
BASE-VENOSA,BASE-VENOSA-05,aula-02.html,unused,"O capítulo «5 Classificação dos Contratos (III)» desenvolve classificação dos contratos e efeitos de cada categoria; esse recorte não corresponde aos princípios gerais de liberdade contratual, força vinculativa e efeitos relativos previstos para a Aula 02."
BASE-VENOSA,BASE-VENOSA-06,aula-02.html,unused,"O capítulo «6 Elementos do Contrato» desenvolve elementos, requisitos de validade e eficácia do contrato; conceito e enquadramento do contrato são a base da Aula 01, enquanto a Aula 02 aplica liberdade, força vinculativa e efeitos relativos ao vínculo já identificado."
BASE-VENOSA,BASE-VENOSA-07,aula-02.html,unused,"O capítulo «7 Interpretação dos Contratos» desenvolve interpretação das declarações e do sentido contratual; esse recorte não corresponde aos princípios gerais de liberdade contratual, força vinculativa e efeitos relativos previstos para a Aula 02."
BASE-VENOSA,BASE-VENOSA-08,aula-02.html,unused,"O capítulo «8 Teoria da Imprevisão. Revisão dos Contratos» desenvolve revisão por desequilíbrio ou fato superveniente; esse recorte não corresponde aos princípios gerais de liberdade contratual, força vinculativa e efeitos relativos previstos para a Aula 02."
BASE-VENOSA,BASE-VENOSA-09,aula-02.html,unused,"O capítulo «9 Responsabilidade Contratual, Pré-contratual e Pós-contratual» desenvolve responsabilidade nas fases pré-contratual, contratual ou pós-contratual; esse recorte não corresponde aos princípios gerais de liberdade contratual, força vinculativa e efeitos relativos previstos para a Aula 02."
BASE-VENOSA,BASE-VENOSA-10,aula-02.html,primary,"Primary: examina a relatividade do contrato e seus efeitos perante terceiros, correspondendo diretamente aos efeitos relativos da Aula 02."
BASE-VENOSA,BASE-VENOSA-11,aula-02.html,unused,"O capítulo «11 Desfazimento da Relação Contratual. Extinção dos Contratos» desenvolve desfazimento e extinção do vínculo contratual; esse recorte não corresponde aos princípios gerais de liberdade contratual, força vinculativa e efeitos relativos previstos para a Aula 02."
BASE-VENOSA,BASE-VENOSA-12,aula-02.html,unused,"O capítulo «12 Formação e Conclusão dos Contratos» desenvolve tratativas, oferta, aceitação e conclusão do contrato; esse recorte não corresponde aos princípios gerais de liberdade contratual, força vinculativa e efeitos relativos previstos para a Aula 02."
BASE-VENOSA,BASE-VENOSA-13,aula-02.html,unused,"O capítulo «13 Vícios Redibitórios» desenvolve vícios redibitórios e garantias por defeitos ocultos; esse recorte não corresponde aos princípios gerais de liberdade contratual, força vinculativa e efeitos relativos previstos para a Aula 02."
BASE-VENOSA,BASE-VENOSA-14,aula-02.html,unused,"O capítulo «14 Evicção» desenvolve evicção e garantia contra perda da coisa adquirida; esse recorte não corresponde aos princípios gerais de liberdade contratual, força vinculativa e efeitos relativos previstos para a Aula 02."
BASE-VENOSA,BASE-VENOSA-15,aula-02.html,unused,"O capítulo «15 Vontade Privada e Contratos Administrativos» desenvolve vontade privada no regime próprio dos contratos administrativos; esse recorte não corresponde aos princípios gerais de liberdade contratual, força vinculativa e efeitos relativos previstos para a Aula 02."
BASE-VENOSA,BASE-VENOSA-16,aula-02.html,unused,"O capítulo «16 Arbitragem» desenvolve convenção arbitral e solução de controvérsias; esse recorte não corresponde aos princípios gerais de liberdade contratual, força vinculativa e efeitos relativos previstos para a Aula 02."
BASE-VENOSA,BASE-VENOSA-17,aula-02.html,unused,"O capítulo «17 Introdução ao Direito Especial dos Contratos» desenvolve introdução ao regime dos contratos especiais; esse recorte não corresponde aos princípios gerais de liberdade contratual, força vinculativa e efeitos relativos previstos para a Aula 02."
BASE-VENOSA,BASE-VENOSA-18-01,aula-02.html,unused,"O capítulo «18 Compra e Venda — 18.1 Conceito. Efeitos Obrigacionais do Contrato de Compra e Venda» desenvolve matéria específica indicada no título «18 Compra e Venda — 18.1 Conceito. Efeitos Obrigacionais do Contrato de Compra e Venda»; esse recorte não corresponde aos princípios gerais de liberdade contratual, força vinculativa e efeitos relativos previstos para a Aula 02."
BASE-VENOSA,BASE-VENOSA-18-02,aula-02.html,unused,"O capítulo «18 Compra e Venda — 18.6 Venda Ad Corpus e Ad Mensuram» desenvolve matéria específica indicada no título «18 Compra e Venda — 18.6 Venda Ad Corpus e Ad Mensuram»; esse recorte não corresponde aos princípios gerais de liberdade contratual, força vinculativa e efeitos relativos previstos para a Aula 02."
BASE-VENOSA,BASE-VENOSA-18-03,aula-02.html,unused,"O capítulo «18 Compra e Venda — 18.8.1 Incoterms» desenvolve matéria específica indicada no título «18 Compra e Venda — 18.8.1 Incoterms»; esse recorte não corresponde aos princípios gerais de liberdade contratual, força vinculativa e efeitos relativos previstos para a Aula 02."
BASE-VENOSA,BASE-VENOSA-19-01,aula-02.html,unused,"O capítulo «19 Cláusulas Especiais da Compra e Venda — 19.1 Retrovenda» desenvolve matéria específica indicada no título «19 Cláusulas Especiais da Compra e Venda — 19.1 Retrovenda»; esse recorte não corresponde aos princípios gerais de liberdade contratual, força vinculativa e efeitos relativos previstos para a Aula 02."
BASE-VENOSA,BASE-VENOSA-19-02,aula-02.html,unused,"O capítulo «19 Cláusulas Especiais da Compra e Venda — 19.8 Venda Mediante Poupança» desenvolve matéria específica indicada no título «19 Cláusulas Especiais da Compra e Venda — 19.8 Venda Mediante Poupança»; esse recorte não corresponde aos princípios gerais de liberdade contratual, força vinculativa e efeitos relativos previstos para a Aula 02."
BASE-VENOSA,BASE-VENOSA-20,aula-02.html,unused,"O capítulo «20 Troca ou Permuta» desenvolve regime da espécie contratual troca ou permuta; esse recorte não corresponde aos princípios gerais de liberdade contratual, força vinculativa e efeitos relativos previstos para a Aula 02."
BASE-VENOSA,BASE-VENOSA-21,aula-02.html,unused,"O capítulo «21 Contrato Estimatório ou de Consignação» desenvolve matéria específica indicada no título «21 Contrato Estimatório ou de Consignação»; esse recorte não corresponde aos princípios gerais de liberdade contratual, força vinculativa e efeitos relativos previstos para a Aula 02."
BASE-VENOSA,BASE-VENOSA-22-01,aula-02.html,unused,"O capítulo «22 Doação — 22.1 Conceito. Natureza Contratual. Conteúdo. Origens. Características» desenvolve regime da espécie contratual doação; esse recorte não corresponde aos princípios gerais de liberdade contratual, força vinculativa e efeitos relativos previstos para a Aula 02."
BASE-VENOSA,BASE-VENOSA-22-02,aula-02.html,unused,"O capítulo «22 Doação — 22.8.1 Prazo Decadencial da Ação Revogatória» desenvolve regime da espécie contratual doação; esse recorte não corresponde aos princípios gerais de liberdade contratual, força vinculativa e efeitos relativos previstos para a Aula 02."
BASE-VENOSA,BASE-VENOSA-23-01,aula-02.html,unused,"O capítulo «23 Locação de Coisas. Lei do Inquilinato — 23.1 Espécies. Conceitos. Natureza» desenvolve regime da espécie contratual locação de coisas; esse recorte não corresponde aos princípios gerais de liberdade contratual, força vinculativa e efeitos relativos previstos para a Aula 02."
BASE-VENOSA,BASE-VENOSA-23-02,aula-02.html,unused,"O capítulo «23 Locação de Coisas. Lei do Inquilinato — 23.3.10 Aluguel. Ação Revisional» desenvolve regime da espécie contratual locação de coisas; esse recorte não corresponde aos princípios gerais de liberdade contratual, força vinculativa e efeitos relativos previstos para a Aula 02."
BASE-VENOSA,BASE-VENOSA-24,aula-02.html,unused,"O capítulo «24 Empréstimo: Comodato» desenvolve regime da espécie contratual comodato ou mútuo; esse recorte não corresponde aos princípios gerais de liberdade contratual, força vinculativa e efeitos relativos previstos para a Aula 02."
BASE-VENOSA,BASE-VENOSA-25,aula-02.html,unused,"O capítulo «25 Empréstimo: Mútuo» desenvolve regime da espécie contratual comodato ou mútuo; esse recorte não corresponde aos princípios gerais de liberdade contratual, força vinculativa e efeitos relativos previstos para a Aula 02."
BASE-VENOSA,BASE-VENOSA-27,aula-02.html,unused,"O capítulo «27 Empreitada» desenvolve regime da espécie contratual empreitada; esse recorte não corresponde aos princípios gerais de liberdade contratual, força vinculativa e efeitos relativos previstos para a Aula 02."
BASE-VENOSA,BASE-VENOSA-28,aula-02.html,unused,"O capítulo «28 Depósito» desenvolve regime da espécie contratual depósito; esse recorte não corresponde aos princípios gerais de liberdade contratual, força vinculativa e efeitos relativos previstos para a Aula 02."
BASE-VENOSA,BASE-VENOSA-29-01,aula-02.html,unused,"O capítulo «29 Mandato — 29.1 Conceito. Natureza. Procuração. Representação e Mandato» desenvolve regime da espécie contratual mandato; esse recorte não corresponde aos princípios gerais de liberdade contratual, força vinculativa e efeitos relativos previstos para a Aula 02."
BASE-VENOSA,BASE-VENOSA-29-02,aula-02.html,unused,"O capítulo «29 Mandato — 29.7 Procuração em Causa Própria. Contrato Consigo Mesmo ou Autocontrato» desenvolve regime da espécie contratual mandato; esse recorte não corresponde aos princípios gerais de liberdade contratual, força vinculativa e efeitos relativos previstos para a Aula 02."
BASE-VENOSA,BASE-VENOSA-30,aula-02.html,unused,"O capítulo «30 Comissão» desenvolve regime da espécie contratual comissão; esse recorte não corresponde aos princípios gerais de liberdade contratual, força vinculativa e efeitos relativos previstos para a Aula 02."
BASE-VENOSA,BASE-VENOSA-31,aula-02.html,unused,"O capítulo «31 Agência e Distribuição» desenvolve regime da espécie contratual agência e distribuição; esse recorte não corresponde aos princípios gerais de liberdade contratual, força vinculativa e efeitos relativos previstos para a Aula 02."
BASE-VENOSA,BASE-VENOSA-32,aula-02.html,unused,"O capítulo «32 Corretagem» desenvolve regime da espécie contratual corretagem; esse recorte não corresponde aos princípios gerais de liberdade contratual, força vinculativa e efeitos relativos previstos para a Aula 02."
BASE-VENOSA,BASE-VENOSA-33-01,aula-02.html,unused,"O capítulo «33 Transporte — 33.1 Conceito. Origens» desenvolve regime da espécie contratual transporte; esse recorte não corresponde aos princípios gerais de liberdade contratual, força vinculativa e efeitos relativos previstos para a Aula 02."
BASE-VENOSA,BASE-VENOSA-33-02,aula-02.html,unused,"O capítulo «33 Transporte — 33.10 Bilhete de Passagem» desenvolve regime da espécie contratual transporte; esse recorte não corresponde aos princípios gerais de liberdade contratual, força vinculativa e efeitos relativos previstos para a Aula 02."
BASE-VENOSA,BASE-VENOSA-34-01,aula-02.html,unused,"O capítulo «34 Seguro — 34.1 Origens. Conceito» desenvolve regime da espécie contratual seguro; esse recorte não corresponde aos princípios gerais de liberdade contratual, força vinculativa e efeitos relativos previstos para a Aula 02."
BASE-VENOSA,BASE-VENOSA-34-02,aula-02.html,unused,"O capítulo «34 Seguro — 34.13 Sub-rogação» desenvolve regime da espécie contratual seguro; esse recorte não corresponde aos princípios gerais de liberdade contratual, força vinculativa e efeitos relativos previstos para a Aula 02."
BASE-VENOSA,BASE-VENOSA-35,aula-02.html,unused,"O capítulo «35 Constituição de Renda» desenvolve regime da espécie contratual constituição de renda; esse recorte não corresponde aos princípios gerais de liberdade contratual, força vinculativa e efeitos relativos previstos para a Aula 02."
BASE-VENOSA,BASE-VENOSA-36,aula-02.html,unused,"O capítulo «36 Jogo e Aposta» desenvolve regime da espécie contratual jogo e aposta; esse recorte não corresponde aos princípios gerais de liberdade contratual, força vinculativa e efeitos relativos previstos para a Aula 02."
BASE-VENOSA,BASE-VENOSA-37-01,aula-02.html,unused,"O capítulo «37 Fiança — 37.1 Conceito. Natureza. Modalidades» desenvolve regime da espécie contratual fiança; esse recorte não corresponde aos princípios gerais de liberdade contratual, força vinculativa e efeitos relativos previstos para a Aula 02."
BASE-VENOSA,BASE-VENOSA-37-02,aula-02.html,unused,"O capítulo «37 Fiança — 37.9 Extinção da Fiança» desenvolve desfazimento e extinção do vínculo contratual; esse recorte não corresponde aos princípios gerais de liberdade contratual, força vinculativa e efeitos relativos previstos para a Aula 02."
BASE-VENOSA,BASE-VENOSA-38,aula-02.html,unused,"O capítulo «38 Dos Atos Unilaterais: Promessa de Recompensa. Concurso» desenvolve atos unilaterais, que não se formam pelo acordo contratual; esse recorte não corresponde aos princípios gerais de liberdade contratual, força vinculativa e efeitos relativos previstos para a Aula 02."
BASE-VENOSA,BASE-VENOSA-39,aula-02.html,unused,"O capítulo «39 Dos Atos Unilaterais: Gestão de Negócios» desenvolve atos unilaterais, que não se formam pelo acordo contratual; esse recorte não corresponde aos princípios gerais de liberdade contratual, força vinculativa e efeitos relativos previstos para a Aula 02."
BASE-VENOSA,BASE-VENOSA-40,aula-02.html,unused,"O capítulo «40 Fornecimento» desenvolve regime da espécie contratual fornecimento; esse recorte não corresponde aos princípios gerais de liberdade contratual, força vinculativa e efeitos relativos previstos para a Aula 02."
BASE-VENOSA,BASE-VENOSA-41,aula-02.html,unused,"O capítulo «41 Incorporação Imobiliária» desenvolve regime da espécie contratual incorporação imobiliária; esse recorte não corresponde aos princípios gerais de liberdade contratual, força vinculativa e efeitos relativos previstos para a Aula 02."
BASE-VENOSA,BASE-VENOSA-42,aula-02.html,unused,"O capítulo «42 Compromisso de Compra e Venda» desenvolve regime da espécie contratual compromisso de compra e venda; esse recorte não corresponde aos princípios gerais de liberdade contratual, força vinculativa e efeitos relativos previstos para a Aula 02."
BASE-VENOSA,BASE-VENOSA-43,aula-02.html,unused,"O capítulo «43 Garagem» desenvolve regime da espécie contratual garagem; esse recorte não corresponde aos princípios gerais de liberdade contratual, força vinculativa e efeitos relativos previstos para a Aula 02."
BASE-VENOSA,BASE-VENOSA-44,aula-02.html,unused,"O capítulo «44 Representação Comercial» desenvolve regime da espécie contratual representação comercial; esse recorte não corresponde aos princípios gerais de liberdade contratual, força vinculativa e efeitos relativos previstos para a Aula 02."
BASE-VENOSA,BASE-VENOSA-45,aula-02.html,unused,"O capítulo «45 Transferência de Tecnologia. Licença e Know-How» desenvolve regime da espécie contratual transferência de tecnologia; esse recorte não corresponde aos princípios gerais de liberdade contratual, força vinculativa e efeitos relativos previstos para a Aula 02."
BASE-VENOSA,BASE-VENOSA-46,aula-02.html,unused,"O capítulo «46 Franquia» desenvolve regime da espécie contratual franquia; esse recorte não corresponde aos princípios gerais de liberdade contratual, força vinculativa e efeitos relativos previstos para a Aula 02."
BASE-VENOSA,BASE-VENOSA-47,aula-02.html,unused,"O capítulo «47 Factoring (Faturização)» desenvolve regime da espécie contratual factoring; esse recorte não corresponde aos princípios gerais de liberdade contratual, força vinculativa e efeitos relativos previstos para a Aula 02."
BASE-VENOSA,BASE-VENOSA-48,aula-02.html,unused,"O capítulo «48 Leasing (Arrendamento Mercantil)» desenvolve regime da espécie contratual leasing; esse recorte não corresponde aos princípios gerais de liberdade contratual, força vinculativa e efeitos relativos previstos para a Aula 02."
BASE-VENOSA,BASE-VENOSA-49,aula-02.html,unused,"O capítulo «49 Sociedade» desenvolve regime da espécie contratual sociedade; esse recorte não corresponde aos princípios gerais de liberdade contratual, força vinculativa e efeitos relativos previstos para a Aula 02."
BASE-VENOSA,BASE-VENOSA-50,aula-02.html,unused,"O capítulo «50 Contratos Agrários: Arrendamento e Parceria» desenvolve regime da espécie contratual parceria; esse recorte não corresponde aos princípios gerais de liberdade contratual, força vinculativa e efeitos relativos previstos para a Aula 02."
BASE-VENOSA,BASE-VENOSA-51,aula-02.html,unused,"O capítulo «51 Contratos de Direitos Autorais» desenvolve regime da espécie contratual direitos autorais; esse recorte não corresponde aos princípios gerais de liberdade contratual, força vinculativa e efeitos relativos previstos para a Aula 02."
exercicios-tgc-2026-2,document,aula-02.html,unused,"A lista P1 formula casos sobre declaração, oferta e formação do contrato; é material de prática ou avaliação, fora do texto explicativo da linha desta aula e reservado ao slot de exercícios/provas do S4."
gabarito-primeira-lista-exercicios-tgc,document,aula-02.html,unused,"o arquivo é gabarito da primeira lista P1; é material de prática ou avaliação, fora do texto explicativo da linha desta aula e reservado ao slot de exercícios/provas do S4."
gabarito-questoes-extra-tgc,document,aula-02.html,unused,"o arquivo é gabarito das questões extras; é material de prática ou avaliação, fora do texto explicativo da linha desta aula e reservado ao slot de exercícios/provas do S4."
peer-p1-antiga-com-gabarito,document,aula-02.html,unused,"o arquivo é prova antiga de P1 com gabarito; é material de prática ou avaliação, fora do texto explicativo da linha desta aula e reservado ao slot de exercícios/provas do S4."
peer-p1-antiga-sem-gabarito,document,aula-02.html,unused,"o arquivo é prova antiga de P1 sem gabarito; é material de prática ou avaliação, fora do texto explicativo da linha desta aula e reservado ao slot de exercícios/provas do S4."
peer-p1-lista-questoes-1,document,aula-02.html,unused,"o arquivo reúne questões da primeira lista P1 sobre formação e princípios; é material de prática ou avaliação, fora do texto explicativo da linha desta aula e reservado ao slot de exercícios/provas do S4."
peer-p1-lista-questoes-2,document,aula-02.html,unused,"o arquivo reúne exercícios da segunda lista P1 sobre exceção e classificação; é material de prática ou avaliação, fora do texto explicativo da linha desta aula e reservado ao slot de exercícios/provas do S4."
questoes-extra-tgc,document,aula-02.html,unused,"o arquivo reúne questões extras de revisão; é material de prática ou avaliação, fora do texto explicativo da linha desta aula e reservado ao slot de exercícios/provas do S4."
slides-aula-1-26,deck,aula-02.html,unused,"O deck cobre conceito, negócio jurídico, operação econômica e contratos de consumo não é capítulo de conteúdo atribuído a esta linha do programa; por ser deck, entra pelo slot dedicado de slides do S4, não no mapa S3."
slides-aula-10-moodle,deck,aula-02.html,unused,"O deck trata de cessão de posição e revisão contratual não é capítulo de conteúdo atribuído a esta linha do programa; por ser deck, entra pelo slot dedicado de slides do S4, não no mapa S3."
slides-aula-2-27-45,deck,aula-02.html,unused,"O deck cobre vulnerabilidade e contratos no direito do consumidor desloca o foco para relações de consumo, sem desenvolver liberdade, força vinculativa e efeitos relativos; por ser deck, entra pelo slot dedicado de slides do S4, não no mapa S3."
slides-aula-3,deck,aula-02.html,unused,"O deck cobre boa-fé, função social e início da formação contratual avança para boa-fé e função social, recorte da Aula 03; por ser deck, entra pelo slot dedicado de slides do S4, não no mapa S3."
slides-aula-5-moodle,deck,aula-02.html,unused,"O deck cobre responsabilidade pré-contratual e incidentes da formação não é capítulo de conteúdo atribuído a esta linha do programa; por ser deck, entra pelo slot dedicado de slides do S4, não no mapa S3."
slides-excecao-classificacao,deck,aula-02.html,unused,"O deck cobre exceções ligadas à classificação dos contratos não é capítulo de conteúdo atribuído a esta linha do programa; por ser deck, entra pelo slot dedicado de slides do S4, não no mapa S3."
slides-extras-aula-7,deck,aula-02.html,unused,"O deck reúne exceções e classificação dos contratos não é capítulo de conteúdo atribuído a esta linha do programa; por ser deck, entra pelo slot dedicado de slides do S4, não no mapa S3."
slides-moodle-aula-9,deck,aula-02.html,unused,"O deck trata da interpretação dos contratos não é capítulo de conteúdo atribuído a esta linha do programa; por ser deck, entra pelo slot dedicado de slides do S4, não no mapa S3."
BASE-PEREIRA-CAIO-MARIO-III,capitulo-xxxvii-part-01,aula-03.html,primary,"A seção 185 trata diretamente da função social e da intervenção sobre o equilíbrio econômico; capítulo-base essencial, sem pretensão de atualizar lei posterior."
BASE-PEREIRA-CAIO-MARIO-III,capitulo-xxxvii-part-02,aula-03.html,primary,"A seção 185-A é dedicada à boa-fé objetiva, diretamente no recorte da aula; capítulo-base essencial, sem pretensão de atualizar lei posterior."
BASE-PEREIRA-CAIO-MARIO-III,capitulo-xxxviii,aula-03.html,unused,"O capítulo geral também trata de formação por tempo e lugar, mas esse recorte específico é da Aula 05; esta linha concentra função social, boa-fé objetiva e equilíbrio econômico."
BASE-PEREIRA-CAIO-MARIO-III,capitulo-xxxix,aula-03.html,unused,"O recorte é “Capítulo XXXIX — C Ontrato P Reliminar”; esta linha trata de função social, boa-fé objetiva e equilíbrio econômico, não desse tema específico."
BASE-PEREIRA-CAIO-MARIO-III,capitulo-xl,aula-03.html,unused,"O recorte é “Capítulo XL — A Rras”; esta linha trata de função social, boa-fé objetiva e equilíbrio econômico, não desse tema específico."
BASE-PEREIRA-CAIO-MARIO-III,capitulo-xli,aula-03.html,unused,"O recorte é “Capítulo XLI — R Elatividade Dos C Ontratos”; esta linha trata de função social, boa-fé objetiva e equilíbrio econômico, não desse tema específico."
BASE-PEREIRA-CAIO-MARIO-III,capitulo-xli,aula-03.html,background,Pré-requisito herdado de S0 — aula-02.html: Função social e boa-fé delimitam a liberdade e a força vinculativa estudadas antes..
BASE-PEREIRA-CAIO-MARIO-III,capitulo-xlii,aula-03.html,unused,"O recorte é “Capítulo XLII — V Ícios R Edibitórios”; esta linha trata de função social, boa-fé objetiva e equilíbrio econômico, não desse tema específico."
BASE-PEREIRA-CAIO-MARIO-III,capitulo-xliii,aula-03.html,unused,"O recorte é “Capítulo XLIII — E Vicção”; esta linha trata de função social, boa-fé objetiva e equilíbrio econômico, não desse tema específico."
BASE-PEREIRA-CAIO-MARIO-III,capitulo-xliv,aula-03.html,unused,"O recorte é “Capítulo XLIV — E Xtinção Dos C Ontratos”; esta linha trata de função social, boa-fé objetiva e equilíbrio econômico, não desse tema específico."
BASE-PEREIRA-CAIO-MARIO-III,capitulo-xlv,aula-03.html,unused,"O recorte é “Capítulo XLV — C Ompra E V Enda E T Roca”; esta linha trata de função social, boa-fé objetiva e equilíbrio econômico, não desse tema específico."
BASE-PEREIRA-CAIO-MARIO-III,capitulo-xlvi-part-01,aula-03.html,unused,"O recorte é “Capítulo XLVI — M Odalidades E Speciais De C Ompra E V Enda — parte 1”; esta linha trata de função social, boa-fé objetiva e equilíbrio econômico, não desse tema específico."
BASE-PEREIRA-CAIO-MARIO-III,capitulo-xlvi-part-02,aula-03.html,unused,"O recorte é “Capítulo XLVI — M Odalidades E Speciais De C Ompra E V Enda — parte 2”; esta linha trata de função social, boa-fé objetiva e equilíbrio econômico, não desse tema específico."
BASE-PEREIRA-CAIO-MARIO-III,capitulo-xlvii,aula-03.html,unused,"O recorte é “Capítulo XLVII — D Oação”; esta linha trata de função social, boa-fé objetiva e equilíbrio econômico, não desse tema específico."
BASE-PEREIRA-CAIO-MARIO-III,capitulo-xlviii-part-01,aula-03.html,unused,"O recorte é “Capítulo XLVIII — L Ocação De C Oisas — parte 1”; esta linha trata de função social, boa-fé objetiva e equilíbrio econômico, não desse tema específico."
BASE-PEREIRA-CAIO-MARIO-III,capitulo-xlviii-part-02,aula-03.html,unused,"O recorte é “Capítulo XLVIII — L Ocação De C Oisas — parte 2”; esta linha trata de função social, boa-fé objetiva e equilíbrio econômico, não desse tema específico."
BASE-PEREIRA-CAIO-MARIO-III,capitulo-xlix,aula-03.html,unused,"O recorte é “Capítulo XLIX — E Mpreitada – T Ransporte”; esta linha trata de função social, boa-fé objetiva e equilíbrio econômico, não desse tema específico."
BASE-PEREIRA-CAIO-MARIO-III,capitulo-l,aula-03.html,unused,"O recorte é “Capítulo L — E Mpréstimo”; esta linha trata de função social, boa-fé objetiva e equilíbrio econômico, não desse tema específico."
BASE-PEREIRA-CAIO-MARIO-III,capitulo-li,aula-03.html,unused,"O recorte é “Capítulo LI — D Epósito”; esta linha trata de função social, boa-fé objetiva e equilíbrio econômico, não desse tema específico."
BASE-PEREIRA-CAIO-MARIO-III,capitulo-lii,aula-03.html,unused,"O recorte é “Capítulo LII — P Restação De S Erviços – C Orretagem – C Omissão – A Gência , D Istribuição E “F Ranchising””; esta linha trata de função social, boa-fé objetiva e equilíbrio econômico, não desse tema específico."
BASE-PEREIRA-CAIO-MARIO-III,capitulo-liii,aula-03.html,unused,"O recorte é “Capítulo LIII — M Andato – G Estão De N Egócios”; esta linha trata de função social, boa-fé objetiva e equilíbrio econômico, não desse tema específico."
BASE-PEREIRA-CAIO-MARIO-III,capitulo-liv,aula-03.html,unused,"O recorte é “Capítulo LIV — F Idúcia”; esta linha trata de função social, boa-fé objetiva e equilíbrio econômico, não desse tema específico."
BASE-PEREIRA-CAIO-MARIO-III,capitulo-lv,aula-03.html,unused,"O recorte é “Capítulo LV — S Ociedade – P Arceria”; esta linha trata de função social, boa-fé objetiva e equilíbrio econômico, não desse tema específico."
BASE-PEREIRA-CAIO-MARIO-III,capitulo-lvi,aula-03.html,unused,"O recorte é “Capítulo LVI — E Dição – R Epresentação D Ramática”; esta linha trata de função social, boa-fé objetiva e equilíbrio econômico, não desse tema específico."
BASE-PEREIRA-CAIO-MARIO-III,capitulo-lvii,aula-03.html,unused,"O recorte é “Capítulo LVII — S Eguro”; esta linha trata de função social, boa-fé objetiva e equilíbrio econômico, não desse tema específico."
BASE-PEREIRA-CAIO-MARIO-III,capitulo-lviii,aula-03.html,unused,"O recorte é “Capítulo LVIII — C Onstituição De R Enda”; esta linha trata de função social, boa-fé objetiva e equilíbrio econômico, não desse tema específico."
BASE-VENOSA,BASE-VENOSA-01,aula-03.html,unused,"O recorte é “1 Universo das Relações Contratuais”; esta linha trata de função social, boa-fé objetiva e equilíbrio econômico, não desse tema específico."
BASE-VENOSA,BASE-VENOSA-01,aula-03.html,background,Pré-requisito herdado de S0 — aula-01.html: É preciso identificar a operação contratual à qual esses princípios se aplicam..
BASE-VENOSA,BASE-VENOSA-02,aula-03.html,primary,"Desenvolve função social e boa-fé objetiva entre os princípios contratuais e considera o equilíbrio econômico; fonte doutrinária anterior a 2019, sem atualizar a redação legal."
BASE-VENOSA,BASE-VENOSA-03,aula-03.html,unused,"O recorte é “3 Classificação dos Contratos (I)”; esta linha trata de função social, boa-fé objetiva e equilíbrio econômico, não desse tema específico."
BASE-VENOSA,BASE-VENOSA-04,aula-03.html,unused,"O recorte é “4 Classificação dos Contratos (II)”; esta linha trata de função social, boa-fé objetiva e equilíbrio econômico, não desse tema específico."
BASE-VENOSA,BASE-VENOSA-05,aula-03.html,unused,"O recorte é “5 Classificação dos Contratos (III)”; esta linha trata de função social, boa-fé objetiva e equilíbrio econômico, não desse tema específico."
BASE-VENOSA,BASE-VENOSA-06,aula-03.html,unused,"O recorte é “6 Elementos do Contrato”; esta linha trata de função social, boa-fé objetiva e equilíbrio econômico, não desse tema específico."
BASE-VENOSA,BASE-VENOSA-07,aula-03.html,unused,"O recorte é “7 Interpretação dos Contratos”; esta linha trata de função social, boa-fé objetiva e equilíbrio econômico, não desse tema específico."
BASE-VENOSA,BASE-VENOSA-08,aula-03.html,unused,"A teoria da imprevisão e a revisão tratam do desequilíbrio superveniente (Aula 12); esta linha aborda função social, boa-fé objetiva e equilíbrio econômico no plano principiológico."
BASE-VENOSA,BASE-VENOSA-09,aula-03.html,unused,Responsabilidade pré-contratual e ruptura das tratativas pertencem à linha das fases contratuais (Aula 04); aqui o recorte é principiológico.
BASE-VENOSA,BASE-VENOSA-10,aula-03.html,unused,"O recorte é “10 Relatividade dos Contratos. Efeitos com Relação a Terceiros”; esta linha trata de função social, boa-fé objetiva e equilíbrio econômico, não desse tema específico."
BASE-VENOSA,BASE-VENOSA-10,aula-03.html,background,Pré-requisito herdado de S0 — aula-02.html: Função social e boa-fé delimitam a liberdade e a força vinculativa estudadas antes..
BASE-VENOSA,BASE-VENOSA-11,aula-03.html,unused,"O recorte é “11 Desfazimento da Relação Contratual. Extinção dos Contratos”; esta linha trata de função social, boa-fé objetiva e equilíbrio econômico, não desse tema específico."
BASE-VENOSA,BASE-VENOSA-12,aula-03.html,unused,"Formação e conclusão desenvolvem tratativas e formação (Aulas 04–05); não são o foco principiológico de função social, boa-fé objetiva e equilíbrio econômico."
BASE-VENOSA,BASE-VENOSA-13,aula-03.html,unused,"O recorte é “13 Vícios Redibitórios”; esta linha trata de função social, boa-fé objetiva e equilíbrio econômico, não desse tema específico."
BASE-VENOSA,BASE-VENOSA-14,aula-03.html,unused,"O recorte é “14 Evicção”; esta linha trata de função social, boa-fé objetiva e equilíbrio econômico, não desse tema específico."
BASE-VENOSA,BASE-VENOSA-15,aula-03.html,unused,"O recorte é “15 Vontade Privada e Contratos Administrativos”; esta linha trata de função social, boa-fé objetiva e equilíbrio econômico, não desse tema específico."
BASE-VENOSA,BASE-VENOSA-16,aula-03.html,unused,"O recorte é “16 Arbitragem”; esta linha trata de função social, boa-fé objetiva e equilíbrio econômico, não desse tema específico."
BASE-VENOSA,BASE-VENOSA-17,aula-03.html,unused,"O recorte é “17 Introdução ao Direito Especial dos Contratos”; esta linha trata de função social, boa-fé objetiva e equilíbrio econômico, não desse tema específico."
BASE-VENOSA,BASE-VENOSA-18-01,aula-03.html,unused,"O recorte é “18 Compra e Venda — 18.1 Conceito. Efeitos Obrigacionais do Contrato de Compra e Venda”; esta linha trata de função social, boa-fé objetiva e equilíbrio econômico, não desse tema específico."
BASE-VENOSA,BASE-VENOSA-18-02,aula-03.html,unused,"O recorte é “18 Compra e Venda — 18.6 Venda Ad Corpus e Ad Mensuram”; esta linha trata de função social, boa-fé objetiva e equilíbrio econômico, não desse tema específico."
BASE-VENOSA,BASE-VENOSA-18-03,aula-03.html,unused,"O recorte é “18 Compra e Venda — 18.8.1 Incoterms”; esta linha trata de função social, boa-fé objetiva e equilíbrio econômico, não desse tema específico."
BASE-VENOSA,BASE-VENOSA-19-01,aula-03.html,unused,"O recorte é “19 Cláusulas Especiais da Compra e Venda — 19.1 Retrovenda”; esta linha trata de função social, boa-fé objetiva e equilíbrio econômico, não desse tema específico."
BASE-VENOSA,BASE-VENOSA-19-02,aula-03.html,unused,"O recorte é “19 Cláusulas Especiais da Compra e Venda — 19.8 Venda Mediante Poupança”; esta linha trata de função social, boa-fé objetiva e equilíbrio econômico, não desse tema específico."
BASE-VENOSA,BASE-VENOSA-20,aula-03.html,unused,"O recorte é “20 Troca ou Permuta”; esta linha trata de função social, boa-fé objetiva e equilíbrio econômico, não desse tema específico."
BASE-VENOSA,BASE-VENOSA-21,aula-03.html,unused,"O recorte é “21 Contrato Estimatório ou de Consignação”; esta linha trata de função social, boa-fé objetiva e equilíbrio econômico, não desse tema específico."
BASE-VENOSA,BASE-VENOSA-22-01,aula-03.html,unused,"O recorte é “22 Doação — 22.1 Conceito. Natureza Contratual. Conteúdo. Origens. Características”; esta linha trata de função social, boa-fé objetiva e equilíbrio econômico, não desse tema específico."
BASE-VENOSA,BASE-VENOSA-22-02,aula-03.html,unused,"O recorte é “22 Doação — 22.8.1 Prazo Decadencial da Ação Revogatória”; esta linha trata de função social, boa-fé objetiva e equilíbrio econômico, não desse tema específico."
BASE-VENOSA,BASE-VENOSA-23-01,aula-03.html,unused,"O recorte é “23 Locação de Coisas. Lei do Inquilinato — 23.1 Espécies. Conceitos. Natureza”; esta linha trata de função social, boa-fé objetiva e equilíbrio econômico, não desse tema específico."
BASE-VENOSA,BASE-VENOSA-23-02,aula-03.html,unused,"O recorte é “23 Locação de Coisas. Lei do Inquilinato — 23.3.10 Aluguel. Ação Revisional”; esta linha trata de função social, boa-fé objetiva e equilíbrio econômico, não desse tema específico."
BASE-VENOSA,BASE-VENOSA-24,aula-03.html,unused,"O recorte é “24 Empréstimo: Comodato”; esta linha trata de função social, boa-fé objetiva e equilíbrio econômico, não desse tema específico."
BASE-VENOSA,BASE-VENOSA-25,aula-03.html,unused,"O recorte é “25 Empréstimo: Mútuo”; esta linha trata de função social, boa-fé objetiva e equilíbrio econômico, não desse tema específico."
BASE-VENOSA,BASE-VENOSA-27,aula-03.html,unused,"O recorte é “27 Empreitada”; esta linha trata de função social, boa-fé objetiva e equilíbrio econômico, não desse tema específico."
BASE-VENOSA,BASE-VENOSA-28,aula-03.html,unused,"O recorte é “28 Depósito”; esta linha trata de função social, boa-fé objetiva e equilíbrio econômico, não desse tema específico."
BASE-VENOSA,BASE-VENOSA-29-01,aula-03.html,unused,"O recorte é “29 Mandato — 29.1 Conceito. Natureza. Procuração. Representação e Mandato”; esta linha trata de função social, boa-fé objetiva e equilíbrio econômico, não desse tema específico."
BASE-VENOSA,BASE-VENOSA-29-02,aula-03.html,unused,"O recorte é “29 Mandato — 29.7 Procuração em Causa Própria. Contrato Consigo Mesmo ou Autocontrato”; esta linha trata de função social, boa-fé objetiva e equilíbrio econômico, não desse tema específico."
BASE-VENOSA,BASE-VENOSA-30,aula-03.html,unused,"O recorte é “30 Comissão”; esta linha trata de função social, boa-fé objetiva e equilíbrio econômico, não desse tema específico."
BASE-VENOSA,BASE-VENOSA-31,aula-03.html,unused,"O recorte é “31 Agência e Distribuição”; esta linha trata de função social, boa-fé objetiva e equilíbrio econômico, não desse tema específico."
BASE-VENOSA,BASE-VENOSA-32,aula-03.html,unused,"O recorte é “32 Corretagem”; esta linha trata de função social, boa-fé objetiva e equilíbrio econômico, não desse tema específico."
BASE-VENOSA,BASE-VENOSA-33-01,aula-03.html,unused,"O recorte é “33 Transporte — 33.1 Conceito. Origens”; esta linha trata de função social, boa-fé objetiva e equilíbrio econômico, não desse tema específico."
BASE-VENOSA,BASE-VENOSA-33-02,aula-03.html,unused,"O recorte é “33 Transporte — 33.10 Bilhete de Passagem”; esta linha trata de função social, boa-fé objetiva e equilíbrio econômico, não desse tema específico."
BASE-VENOSA,BASE-VENOSA-34-01,aula-03.html,unused,"O recorte é “34 Seguro — 34.1 Origens. Conceito”; esta linha trata de função social, boa-fé objetiva e equilíbrio econômico, não desse tema específico."
BASE-VENOSA,BASE-VENOSA-34-02,aula-03.html,unused,"O recorte é “34 Seguro — 34.13 Sub-rogação”; esta linha trata de função social, boa-fé objetiva e equilíbrio econômico, não desse tema específico."
BASE-VENOSA,BASE-VENOSA-35,aula-03.html,unused,"O recorte é “35 Constituição de Renda”; esta linha trata de função social, boa-fé objetiva e equilíbrio econômico, não desse tema específico."
BASE-VENOSA,BASE-VENOSA-36,aula-03.html,unused,"O recorte é “36 Jogo e Aposta”; esta linha trata de função social, boa-fé objetiva e equilíbrio econômico, não desse tema específico."
BASE-VENOSA,BASE-VENOSA-37-01,aula-03.html,unused,"O recorte é “37 Fiança — 37.1 Conceito. Natureza. Modalidades”; esta linha trata de função social, boa-fé objetiva e equilíbrio econômico, não desse tema específico."
BASE-VENOSA,BASE-VENOSA-37-02,aula-03.html,unused,"O recorte é “37 Fiança — 37.9 Extinção da Fiança”; esta linha trata de função social, boa-fé objetiva e equilíbrio econômico, não desse tema específico."
BASE-VENOSA,BASE-VENOSA-38,aula-03.html,unused,"O recorte é “38 Dos Atos Unilaterais: Promessa de Recompensa. Concurso”; esta linha trata de função social, boa-fé objetiva e equilíbrio econômico, não desse tema específico."
BASE-VENOSA,BASE-VENOSA-39,aula-03.html,unused,"O recorte é “39 Dos Atos Unilaterais: Gestão de Negócios”; esta linha trata de função social, boa-fé objetiva e equilíbrio econômico, não desse tema específico."
BASE-VENOSA,BASE-VENOSA-40,aula-03.html,unused,"O recorte é “40 Fornecimento”; esta linha trata de função social, boa-fé objetiva e equilíbrio econômico, não desse tema específico."
BASE-VENOSA,BASE-VENOSA-41,aula-03.html,unused,"O recorte é “41 Incorporação Imobiliária”; esta linha trata de função social, boa-fé objetiva e equilíbrio econômico, não desse tema específico."
BASE-VENOSA,BASE-VENOSA-42,aula-03.html,unused,"O recorte é “42 Compromisso de Compra e Venda”; esta linha trata de função social, boa-fé objetiva e equilíbrio econômico, não desse tema específico."
BASE-VENOSA,BASE-VENOSA-43,aula-03.html,unused,"O recorte é “43 Garagem”; esta linha trata de função social, boa-fé objetiva e equilíbrio econômico, não desse tema específico."
BASE-VENOSA,BASE-VENOSA-44,aula-03.html,unused,"O recorte é “44 Representação Comercial”; esta linha trata de função social, boa-fé objetiva e equilíbrio econômico, não desse tema específico."
BASE-VENOSA,BASE-VENOSA-45,aula-03.html,unused,"O recorte é “45 Transferência de Tecnologia. Licença e Know-How”; esta linha trata de função social, boa-fé objetiva e equilíbrio econômico, não desse tema específico."
BASE-VENOSA,BASE-VENOSA-46,aula-03.html,unused,"O recorte é “46 Franquia”; esta linha trata de função social, boa-fé objetiva e equilíbrio econômico, não desse tema específico."
BASE-VENOSA,BASE-VENOSA-47,aula-03.html,unused,"O recorte é “47 Factoring (Faturização)”; esta linha trata de função social, boa-fé objetiva e equilíbrio econômico, não desse tema específico."
BASE-VENOSA,BASE-VENOSA-48,aula-03.html,unused,"O recorte é “48 Leasing (Arrendamento Mercantil)”; esta linha trata de função social, boa-fé objetiva e equilíbrio econômico, não desse tema específico."
BASE-VENOSA,BASE-VENOSA-49,aula-03.html,unused,"O recorte é “49 Sociedade”; esta linha trata de função social, boa-fé objetiva e equilíbrio econômico, não desse tema específico."
BASE-VENOSA,BASE-VENOSA-50,aula-03.html,unused,"O recorte é “50 Contratos Agrários: Arrendamento e Parceria”; esta linha trata de função social, boa-fé objetiva e equilíbrio econômico, não desse tema específico."
BASE-VENOSA,BASE-VENOSA-51,aula-03.html,unused,"O recorte é “51 Contratos de Direitos Autorais”; esta linha trata de função social, boa-fé objetiva e equilíbrio econômico, não desse tema específico."
exercicios-tgc-2026-2,document,aula-03.html,unused,"Material de exercícios/gabarito “Exercícios TGC 2026.2”; treino e respostas entram pelo slot S4 de exercícios, não como capítulo conceitual desta linha (função social, boa-fé objetiva e equilíbrio econômico)."
gabarito-primeira-lista-exercicios-tgc,document,aula-03.html,unused,"Material de exercícios/gabarito “Gabarito Primeira Lista de Exercícios TGC”; treino e respostas entram pelo slot S4 de exercícios, não como capítulo conceitual desta linha (função social, boa-fé objetiva e equilíbrio econômico)."
gabarito-questoes-extra-tgc,document,aula-03.html,unused,"Material de exercícios/gabarito “Gabarito Questões Extra TGC”; treino e respostas entram pelo slot S4 de exercícios, não como capítulo conceitual desta linha (função social, boa-fé objetiva e equilíbrio econômico)."
peer-p1-antiga-com-gabarito,document,aula-03.html,unused,"Prova ou material de estudo de colega “Prova antiga da P1 com gabarito”; avaliação de cobertura ampla é matéria do slot S4 de provas, não capítulo conceitual desta linha (função social, boa-fé objetiva e equilíbrio econômico)."
peer-p1-antiga-sem-gabarito,document,aula-03.html,unused,"Prova ou material de estudo de colega “Prova antiga da P1 sem gabarito”; avaliação de cobertura ampla é matéria do slot S4 de provas, não capítulo conceitual desta linha (função social, boa-fé objetiva e equilíbrio econômico)."
peer-p1-lista-questoes-1,document,aula-03.html,unused,"Material de exercícios/gabarito “Primeira lista de questões para a P1”; treino e respostas entram pelo slot S4 de exercícios, não como capítulo conceitual desta linha (função social, boa-fé objetiva e equilíbrio econômico)."
peer-p1-lista-questoes-2,document,aula-03.html,unused,"Material de exercícios/gabarito “Segunda lista de exercícios para a P1”; treino e respostas entram pelo slot S4 de exercícios, não como capítulo conceitual desta linha (função social, boa-fé objetiva e equilíbrio econômico)."
questoes-extra-tgc,document,aula-03.html,unused,"Material de exercícios/gabarito “Questões Extra TGC”; treino e respostas entram pelo slot S4 de exercícios, não como capítulo conceitual desta linha (função social, boa-fé objetiva e equilíbrio econômico)."
slides-aula-1-26,deck,aula-03.html,unused,"Deck de slides “Slides da Aula 1, páginas 1 a 26”; slides entram pelo slot dedicado S4, não como capítulo de leitura S3 para função social, boa-fé objetiva e equilíbrio econômico."
slides-aula-10-moodle,deck,aula-03.html,unused,"Deck de slides “Slides da Aula 10”; slides entram pelo slot dedicado S4, não como capítulo de leitura S3 para função social, boa-fé objetiva e equilíbrio econômico."
slides-aula-2-27-45,deck,aula-03.html,unused,"Deck de slides “Slides da Aula 2, páginas 27 a 45”; slides entram pelo slot dedicado S4, não como capítulo de leitura S3 para função social, boa-fé objetiva e equilíbrio econômico."
slides-aula-3,deck,aula-03.html,unused,"Deck de princípios contratuais, correspondente à linha temática; entra pelo slot dedicado de slides S4, não como capítulo-fonte S3."
slides-aula-5-moodle,deck,aula-03.html,unused,"Deck de slides “Slides da Aula 5 Moodle”; slides entram pelo slot dedicado S4, não como capítulo de leitura S3 para função social, boa-fé objetiva e equilíbrio econômico."
slides-excecao-classificacao,deck,aula-03.html,unused,"Deck de slides “Slides: Exceção e Classificação”; slides entram pelo slot dedicado S4, não como capítulo de leitura S3 para função social, boa-fé objetiva e equilíbrio econômico."
slides-extras-aula-7,deck,aula-03.html,unused,"Deck de slides “Slides extras da Aula 7”; slides entram pelo slot dedicado S4, não como capítulo de leitura S3 para função social, boa-fé objetiva e equilíbrio econômico."
slides-moodle-aula-9,deck,aula-03.html,unused,"Deck de slides “Slides da Aula 9 Moodle”; slides entram pelo slot dedicado S4, não como capítulo de leitura S3 para função social, boa-fé objetiva e equilíbrio econômico."
BASE-PEREIRA-CAIO-MARIO-III,capitulo-xxxvii-part-01,aula-04.html,unused,"O trecho aborda formação sobretudo por tempo e lugar, conteúdo da Aula 05; não desenvolve o percurso de tratativas, execução e ruptura desleal desta linha."
BASE-PEREIRA-CAIO-MARIO-III,capitulo-xxxvii-part-01,aula-04.html,background,Pré-requisito herdado de S0 — aula-01.html: Reconhecer quando há contrato pressupõe saber o que é o negócio contratual.; aula-03.html: A responsabilidade nas tratativas depende da boa-fé objetiva..
BASE-PEREIRA-CAIO-MARIO-III,capitulo-xxxvii-part-02,aula-04.html,unused,"O trecho aborda formação sobretudo por tempo e lugar, conteúdo da Aula 05; não desenvolve o percurso de tratativas, execução e ruptura desleal desta linha."
BASE-PEREIRA-CAIO-MARIO-III,capitulo-xxxvii-part-02,aula-04.html,background,Pré-requisito herdado de S0 — aula-03.html: A responsabilidade nas tratativas depende da boa-fé objetiva..
BASE-PEREIRA-CAIO-MARIO-III,capitulo-xxxviii,aula-04.html,unused,"O trecho aborda formação sobretudo por tempo e lugar, conteúdo da Aula 05; não desenvolve o percurso de tratativas, execução e ruptura desleal desta linha."
BASE-PEREIRA-CAIO-MARIO-III,capitulo-xxxix,aula-04.html,unused,Contrato preliminar e seus efeitos são incidentes próprios da Aula 06; esta linha cobre as fases do processo contratual e a ruptura das tratativas.
BASE-PEREIRA-CAIO-MARIO-III,capitulo-xl,aula-04.html,unused,"O recorte é “Capítulo XL — A Rras”; a linha desta aula trata de tratativas, formação, execução e ruptura desleal, não desse tema específico."
BASE-PEREIRA-CAIO-MARIO-III,capitulo-xli,aula-04.html,unused,"O recorte é “Capítulo XLI — R Elatividade Dos C Ontratos”; a linha desta aula trata de tratativas, formação, execução e ruptura desleal, não desse tema específico."
BASE-PEREIRA-CAIO-MARIO-III,capitulo-xlii,aula-04.html,unused,"O recorte é “Capítulo XLII — V Ícios R Edibitórios”; a linha desta aula trata de tratativas, formação, execução e ruptura desleal, não desse tema específico."
BASE-PEREIRA-CAIO-MARIO-III,capitulo-xliii,aula-04.html,unused,"O recorte é “Capítulo XLIII — E Vicção”; a linha desta aula trata de tratativas, formação, execução e ruptura desleal, não desse tema específico."
BASE-PEREIRA-CAIO-MARIO-III,capitulo-xliv,aula-04.html,unused,"O recorte é “Capítulo XLIV — E Xtinção Dos C Ontratos”; a linha desta aula trata de tratativas, formação, execução e ruptura desleal, não desse tema específico."
BASE-PEREIRA-CAIO-MARIO-III,capitulo-xlv,aula-04.html,unused,"O recorte é “Capítulo XLV — C Ompra E V Enda E T Roca”; a linha desta aula trata de tratativas, formação, execução e ruptura desleal, não desse tema específico."
BASE-PEREIRA-CAIO-MARIO-III,capitulo-xlvi-part-01,aula-04.html,unused,"O recorte é “Capítulo XLVI — M Odalidades E Speciais De C Ompra E V Enda — parte 1”; a linha desta aula trata de tratativas, formação, execução e ruptura desleal, não desse tema específico."
BASE-PEREIRA-CAIO-MARIO-III,capitulo-xlvi-part-02,aula-04.html,unused,"O recorte é “Capítulo XLVI — M Odalidades E Speciais De C Ompra E V Enda — parte 2”; a linha desta aula trata de tratativas, formação, execução e ruptura desleal, não desse tema específico."
BASE-PEREIRA-CAIO-MARIO-III,capitulo-xlvii,aula-04.html,unused,"O recorte é “Capítulo XLVII — D Oação”; a linha desta aula trata de tratativas, formação, execução e ruptura desleal, não desse tema específico."
BASE-PEREIRA-CAIO-MARIO-III,capitulo-xlviii-part-01,aula-04.html,unused,"O recorte é “Capítulo XLVIII — L Ocação De C Oisas — parte 1”; a linha desta aula trata de tratativas, formação, execução e ruptura desleal, não desse tema específico."
BASE-PEREIRA-CAIO-MARIO-III,capitulo-xlviii-part-02,aula-04.html,unused,"O recorte é “Capítulo XLVIII — L Ocação De C Oisas — parte 2”; a linha desta aula trata de tratativas, formação, execução e ruptura desleal, não desse tema específico."
BASE-PEREIRA-CAIO-MARIO-III,capitulo-xlix,aula-04.html,unused,"O recorte é “Capítulo XLIX — E Mpreitada – T Ransporte”; a linha desta aula trata de tratativas, formação, execução e ruptura desleal, não desse tema específico."
BASE-PEREIRA-CAIO-MARIO-III,capitulo-l,aula-04.html,unused,"O recorte é “Capítulo L — E Mpréstimo”; a linha desta aula trata de tratativas, formação, execução e ruptura desleal, não desse tema específico."
BASE-PEREIRA-CAIO-MARIO-III,capitulo-li,aula-04.html,unused,"O recorte é “Capítulo LI — D Epósito”; a linha desta aula trata de tratativas, formação, execução e ruptura desleal, não desse tema específico."
BASE-PEREIRA-CAIO-MARIO-III,capitulo-lii,aula-04.html,unused,"O recorte é “Capítulo LII — P Restação De S Erviços – C Orretagem – C Omissão – A Gência , D Istribuição E “F Ranchising””; a linha desta aula trata de tratativas, formação, execução e ruptura desleal, não desse tema específico."
BASE-PEREIRA-CAIO-MARIO-III,capitulo-liii,aula-04.html,unused,"O recorte é “Capítulo LIII — M Andato – G Estão De N Egócios”; a linha desta aula trata de tratativas, formação, execução e ruptura desleal, não desse tema específico."
BASE-PEREIRA-CAIO-MARIO-III,capitulo-liv,aula-04.html,unused,"O recorte é “Capítulo LIV — F Idúcia”; a linha desta aula trata de tratativas, formação, execução e ruptura desleal, não desse tema específico."
BASE-PEREIRA-CAIO-MARIO-III,capitulo-lv,aula-04.html,unused,"O recorte é “Capítulo LV — S Ociedade – P Arceria”; a linha desta aula trata de tratativas, formação, execução e ruptura desleal, não desse tema específico."
BASE-PEREIRA-CAIO-MARIO-III,capitulo-lvi,aula-04.html,unused,"O recorte é “Capítulo LVI — E Dição – R Epresentação D Ramática”; a linha desta aula trata de tratativas, formação, execução e ruptura desleal, não desse tema específico."
BASE-PEREIRA-CAIO-MARIO-III,capitulo-lvii,aula-04.html,unused,"O recorte é “Capítulo LVII — S Eguro”; a linha desta aula trata de tratativas, formação, execução e ruptura desleal, não desse tema específico."
BASE-PEREIRA-CAIO-MARIO-III,capitulo-lviii,aula-04.html,unused,"O recorte é “Capítulo LVIII — C Onstituição De R Enda”; a linha desta aula trata de tratativas, formação, execução e ruptura desleal, não desse tema específico."
BASE-VENOSA,BASE-VENOSA-01,aula-04.html,unused,"O recorte é “1 Universo das Relações Contratuais”; a linha desta aula trata de tratativas, formação, execução e ruptura desleal, não desse tema específico."
BASE-VENOSA,BASE-VENOSA-01,aula-04.html,background,Pré-requisito herdado de S0 — aula-01.html: Reconhecer quando há contrato pressupõe saber o que é o negócio contratual..
BASE-VENOSA,BASE-VENOSA-02,aula-04.html,unused,"O capítulo se concentra nos princípios contratuais da Aula 03; embora mencione boa-fé nas tratativas, não desenvolve as fases e excede o limite de apoio por item."
BASE-VENOSA,BASE-VENOSA-02,aula-04.html,background,Pré-requisito herdado de S0 — aula-03.html: A responsabilidade nas tratativas depende da boa-fé objetiva..
BASE-VENOSA,BASE-VENOSA-03,aula-04.html,unused,"O recorte é “3 Classificação dos Contratos (I)”; a linha desta aula trata de tratativas, formação, execução e ruptura desleal, não desse tema específico."
BASE-VENOSA,BASE-VENOSA-04,aula-04.html,unused,"O recorte é “4 Classificação dos Contratos (II)”; a linha desta aula trata de tratativas, formação, execução e ruptura desleal, não desse tema específico."
BASE-VENOSA,BASE-VENOSA-05,aula-04.html,unused,"O recorte é “5 Classificação dos Contratos (III)”; a linha desta aula trata de tratativas, formação, execução e ruptura desleal, não desse tema específico."
BASE-VENOSA,BASE-VENOSA-06,aula-04.html,unused,"Elementos do contrato tratam dos requisitos do negócio; a linha desta aula organiza as fases de tratativas, formação e execução, não os requisitos de validade."
BASE-VENOSA,BASE-VENOSA-07,aula-04.html,unused,Interpretação dos contratos é matéria das Aulas 09–10; não descreve o processo de formação nem as fases pré-contratual e executiva desta linha.
BASE-VENOSA,BASE-VENOSA-08,aula-04.html,unused,"Imprevisão e revisão cuidam do desequilíbrio superveniente (Aula 12), não das tratativas, formação e execução que estruturam esta linha."
BASE-VENOSA,BASE-VENOSA-09,aula-04.html,supporting,"Examina tratativas e ruptura injustificada das negociações sob boa-fé, material que concretiza a fase pré-contratual e a ruptura desleal do outcome."
BASE-VENOSA,BASE-VENOSA-10,aula-04.html,unused,"O recorte é “10 Relatividade dos Contratos. Efeitos com Relação a Terceiros”; a linha desta aula trata de tratativas, formação, execução e ruptura desleal, não desse tema específico."
BASE-VENOSA,BASE-VENOSA-11,aula-04.html,unused,"Desfazimento e extinção pertencem às Aulas 15–17; esta linha recorta o processo até a formação e a execução, inclusive a ruptura antes do vínculo."
BASE-VENOSA,BASE-VENOSA-12,aula-04.html,primary,"Desenvolve as tratativas, a formação e o percurso contratual, incluindo fases pré-contratual e pós-contratual; corresponde ao contrato como processo e às fases contratuais."
BASE-VENOSA,BASE-VENOSA-13,aula-04.html,unused,"O recorte é “13 Vícios Redibitórios”; a linha desta aula trata de tratativas, formação, execução e ruptura desleal, não desse tema específico."
BASE-VENOSA,BASE-VENOSA-14,aula-04.html,unused,"O recorte é “14 Evicção”; a linha desta aula trata de tratativas, formação, execução e ruptura desleal, não desse tema específico."
BASE-VENOSA,BASE-VENOSA-15,aula-04.html,unused,"O recorte é “15 Vontade Privada e Contratos Administrativos”; a linha desta aula trata de tratativas, formação, execução e ruptura desleal, não desse tema específico."
BASE-VENOSA,BASE-VENOSA-16,aula-04.html,unused,"O recorte é “16 Arbitragem”; a linha desta aula trata de tratativas, formação, execução e ruptura desleal, não desse tema específico."
BASE-VENOSA,BASE-VENOSA-17,aula-04.html,unused,"O recorte é “17 Introdução ao Direito Especial dos Contratos”; a linha desta aula trata de tratativas, formação, execução e ruptura desleal, não desse tema específico."
BASE-VENOSA,BASE-VENOSA-18-01,aula-04.html,unused,"O recorte é “18 Compra e Venda — 18.1 Conceito. Efeitos Obrigacionais do Contrato de Compra e Venda”; a linha desta aula trata de tratativas, formação, execução e ruptura desleal, não desse tema específico."
BASE-VENOSA,BASE-VENOSA-18-02,aula-04.html,unused,"O recorte é “18 Compra e Venda — 18.6 Venda Ad Corpus e Ad Mensuram”; a linha desta aula trata de tratativas, formação, execução e ruptura desleal, não desse tema específico."
BASE-VENOSA,BASE-VENOSA-18-03,aula-04.html,unused,"O recorte é “18 Compra e Venda — 18.8.1 Incoterms”; a linha desta aula trata de tratativas, formação, execução e ruptura desleal, não desse tema específico."
BASE-VENOSA,BASE-VENOSA-19-01,aula-04.html,unused,"O recorte é “19 Cláusulas Especiais da Compra e Venda — 19.1 Retrovenda”; a linha desta aula trata de tratativas, formação, execução e ruptura desleal, não desse tema específico."
BASE-VENOSA,BASE-VENOSA-19-02,aula-04.html,unused,"O recorte é “19 Cláusulas Especiais da Compra e Venda — 19.8 Venda Mediante Poupança”; a linha desta aula trata de tratativas, formação, execução e ruptura desleal, não desse tema específico."
BASE-VENOSA,BASE-VENOSA-20,aula-04.html,unused,"O recorte é “20 Troca ou Permuta”; a linha desta aula trata de tratativas, formação, execução e ruptura desleal, não desse tema específico."
BASE-VENOSA,BASE-VENOSA-21,aula-04.html,unused,"O recorte é “21 Contrato Estimatório ou de Consignação”; a linha desta aula trata de tratativas, formação, execução e ruptura desleal, não desse tema específico."
BASE-VENOSA,BASE-VENOSA-22-01,aula-04.html,unused,"O recorte é “22 Doação — 22.1 Conceito. Natureza Contratual. Conteúdo. Origens. Características”; a linha desta aula trata de tratativas, formação, execução e ruptura desleal, não desse tema específico."
BASE-VENOSA,BASE-VENOSA-22-02,aula-04.html,unused,"O recorte é “22 Doação — 22.8.1 Prazo Decadencial da Ação Revogatória”; a linha desta aula trata de tratativas, formação, execução e ruptura desleal, não desse tema específico."
BASE-VENOSA,BASE-VENOSA-23-01,aula-04.html,unused,"O recorte é “23 Locação de Coisas. Lei do Inquilinato — 23.1 Espécies. Conceitos. Natureza”; a linha desta aula trata de tratativas, formação, execução e ruptura desleal, não desse tema específico."
BASE-VENOSA,BASE-VENOSA-23-02,aula-04.html,unused,"O recorte é “23 Locação de Coisas. Lei do Inquilinato — 23.3.10 Aluguel. Ação Revisional”; a linha desta aula trata de tratativas, formação, execução e ruptura desleal, não desse tema específico."
BASE-VENOSA,BASE-VENOSA-24,aula-04.html,unused,"O recorte é “24 Empréstimo: Comodato”; a linha desta aula trata de tratativas, formação, execução e ruptura desleal, não desse tema específico."
BASE-VENOSA,BASE-VENOSA-25,aula-04.html,unused,"O recorte é “25 Empréstimo: Mútuo”; a linha desta aula trata de tratativas, formação, execução e ruptura desleal, não desse tema específico."
BASE-VENOSA,BASE-VENOSA-27,aula-04.html,unused,"O recorte é “27 Empreitada”; a linha desta aula trata de tratativas, formação, execução e ruptura desleal, não desse tema específico."
BASE-VENOSA,BASE-VENOSA-28,aula-04.html,unused,"O recorte é “28 Depósito”; a linha desta aula trata de tratativas, formação, execução e ruptura desleal, não desse tema específico."
BASE-VENOSA,BASE-VENOSA-29-01,aula-04.html,unused,"O recorte é “29 Mandato — 29.1 Conceito. Natureza. Procuração. Representação e Mandato”; a linha desta aula trata de tratativas, formação, execução e ruptura desleal, não desse tema específico."
BASE-VENOSA,BASE-VENOSA-29-02,aula-04.html,unused,"O recorte é “29 Mandato — 29.7 Procuração em Causa Própria. Contrato Consigo Mesmo ou Autocontrato”; a linha desta aula trata de tratativas, formação, execução e ruptura desleal, não desse tema específico."
BASE-VENOSA,BASE-VENOSA-30,aula-04.html,unused,"O recorte é “30 Comissão”; a linha desta aula trata de tratativas, formação, execução e ruptura desleal, não desse tema específico."
BASE-VENOSA,BASE-VENOSA-31,aula-04.html,unused,"O recorte é “31 Agência e Distribuição”; a linha desta aula trata de tratativas, formação, execução e ruptura desleal, não desse tema específico."
BASE-VENOSA,BASE-VENOSA-32,aula-04.html,unused,"O recorte é “32 Corretagem”; a linha desta aula trata de tratativas, formação, execução e ruptura desleal, não desse tema específico."
BASE-VENOSA,BASE-VENOSA-33-01,aula-04.html,unused,"O recorte é “33 Transporte — 33.1 Conceito. Origens”; a linha desta aula trata de tratativas, formação, execução e ruptura desleal, não desse tema específico."
BASE-VENOSA,BASE-VENOSA-33-02,aula-04.html,unused,"O recorte é “33 Transporte — 33.10 Bilhete de Passagem”; a linha desta aula trata de tratativas, formação, execução e ruptura desleal, não desse tema específico."
BASE-VENOSA,BASE-VENOSA-34-01,aula-04.html,unused,"O recorte é “34 Seguro — 34.1 Origens. Conceito”; a linha desta aula trata de tratativas, formação, execução e ruptura desleal, não desse tema específico."
BASE-VENOSA,BASE-VENOSA-34-02,aula-04.html,unused,"O recorte é “34 Seguro — 34.13 Sub-rogação”; a linha desta aula trata de tratativas, formação, execução e ruptura desleal, não desse tema específico."
BASE-VENOSA,BASE-VENOSA-35,aula-04.html,unused,"O recorte é “35 Constituição de Renda”; a linha desta aula trata de tratativas, formação, execução e ruptura desleal, não desse tema específico."
BASE-VENOSA,BASE-VENOSA-36,aula-04.html,unused,"O recorte é “36 Jogo e Aposta”; a linha desta aula trata de tratativas, formação, execução e ruptura desleal, não desse tema específico."
BASE-VENOSA,BASE-VENOSA-37-01,aula-04.html,unused,"O recorte é “37 Fiança — 37.1 Conceito. Natureza. Modalidades”; a linha desta aula trata de tratativas, formação, execução e ruptura desleal, não desse tema específico."
BASE-VENOSA,BASE-VENOSA-37-02,aula-04.html,unused,"O recorte é “37 Fiança — 37.9 Extinção da Fiança”; a linha desta aula trata de tratativas, formação, execução e ruptura desleal, não desse tema específico."
BASE-VENOSA,BASE-VENOSA-38,aula-04.html,unused,"O recorte é “38 Dos Atos Unilaterais: Promessa de Recompensa. Concurso”; a linha desta aula trata de tratativas, formação, execução e ruptura desleal, não desse tema específico."
BASE-VENOSA,BASE-VENOSA-39,aula-04.html,unused,"O recorte é “39 Dos Atos Unilaterais: Gestão de Negócios”; a linha desta aula trata de tratativas, formação, execução e ruptura desleal, não desse tema específico."
BASE-VENOSA,BASE-VENOSA-40,aula-04.html,unused,"O recorte é “40 Fornecimento”; a linha desta aula trata de tratativas, formação, execução e ruptura desleal, não desse tema específico."
BASE-VENOSA,BASE-VENOSA-41,aula-04.html,unused,"O recorte é “41 Incorporação Imobiliária”; a linha desta aula trata de tratativas, formação, execução e ruptura desleal, não desse tema específico."
BASE-VENOSA,BASE-VENOSA-42,aula-04.html,unused,"O recorte é “42 Compromisso de Compra e Venda”; a linha desta aula trata de tratativas, formação, execução e ruptura desleal, não desse tema específico."
BASE-VENOSA,BASE-VENOSA-43,aula-04.html,unused,"O recorte é “43 Garagem”; a linha desta aula trata de tratativas, formação, execução e ruptura desleal, não desse tema específico."
BASE-VENOSA,BASE-VENOSA-44,aula-04.html,unused,"O recorte é “44 Representação Comercial”; a linha desta aula trata de tratativas, formação, execução e ruptura desleal, não desse tema específico."
BASE-VENOSA,BASE-VENOSA-45,aula-04.html,unused,"O recorte é “45 Transferência de Tecnologia. Licença e Know-How”; a linha desta aula trata de tratativas, formação, execução e ruptura desleal, não desse tema específico."
BASE-VENOSA,BASE-VENOSA-46,aula-04.html,unused,"O recorte é “46 Franquia”; a linha desta aula trata de tratativas, formação, execução e ruptura desleal, não desse tema específico."
BASE-VENOSA,BASE-VENOSA-47,aula-04.html,unused,"O recorte é “47 Factoring (Faturização)”; a linha desta aula trata de tratativas, formação, execução e ruptura desleal, não desse tema específico."
BASE-VENOSA,BASE-VENOSA-48,aula-04.html,unused,"O recorte é “48 Leasing (Arrendamento Mercantil)”; a linha desta aula trata de tratativas, formação, execução e ruptura desleal, não desse tema específico."
BASE-VENOSA,BASE-VENOSA-49,aula-04.html,unused,"O recorte é “49 Sociedade”; a linha desta aula trata de tratativas, formação, execução e ruptura desleal, não desse tema específico."
BASE-VENOSA,BASE-VENOSA-50,aula-04.html,unused,"O recorte é “50 Contratos Agrários: Arrendamento e Parceria”; a linha desta aula trata de tratativas, formação, execução e ruptura desleal, não desse tema específico."
BASE-VENOSA,BASE-VENOSA-51,aula-04.html,unused,"O recorte é “51 Contratos de Direitos Autorais”; a linha desta aula trata de tratativas, formação, execução e ruptura desleal, não desse tema específico."
exercicios-tgc-2026-2,document,aula-04.html,unused,"Material de exercícios/gabarito “Exercícios TGC 2026.2”; treino e respostas entram pelo slot S4 de exercícios, não como capítulo conceitual desta linha (tratativas, formação, execução e ruptura desleal nas fases contratuais)."
gabarito-primeira-lista-exercicios-tgc,document,aula-04.html,unused,"Material de exercícios/gabarito “Gabarito Primeira Lista de Exercícios TGC”; treino e respostas entram pelo slot S4 de exercícios, não como capítulo conceitual desta linha (tratativas, formação, execução e ruptura desleal nas fases contratuais)."
gabarito-questoes-extra-tgc,document,aula-04.html,unused,"Material de exercícios/gabarito “Gabarito Questões Extra TGC”; treino e respostas entram pelo slot S4 de exercícios, não como capítulo conceitual desta linha (tratativas, formação, execução e ruptura desleal nas fases contratuais)."
peer-p1-antiga-com-gabarito,document,aula-04.html,unused,"Prova ou material de estudo de colega “Prova antiga da P1 com gabarito”; avaliação de cobertura ampla é matéria do slot S4 de provas, não capítulo conceitual desta linha (tratativas, formação, execução e ruptura desleal nas fases contratuais)."
peer-p1-antiga-sem-gabarito,document,aula-04.html,unused,"Prova ou material de estudo de colega “Prova antiga da P1 sem gabarito”; avaliação de cobertura ampla é matéria do slot S4 de provas, não capítulo conceitual desta linha (tratativas, formação, execução e ruptura desleal nas fases contratuais)."
peer-p1-lista-questoes-1,document,aula-04.html,unused,"Material de exercícios/gabarito “Primeira lista de questões para a P1”; treino e respostas entram pelo slot S4 de exercícios, não como capítulo conceitual desta linha (tratativas, formação, execução e ruptura desleal nas fases contratuais)."
peer-p1-lista-questoes-2,document,aula-04.html,unused,"Material de exercícios/gabarito “Segunda lista de exercícios para a P1”; treino e respostas entram pelo slot S4 de exercícios, não como capítulo conceitual desta linha (tratativas, formação, execução e ruptura desleal nas fases contratuais)."
questoes-extra-tgc,document,aula-04.html,unused,"Material de exercícios/gabarito “Questões Extra TGC”; treino e respostas entram pelo slot S4 de exercícios, não como capítulo conceitual desta linha (tratativas, formação, execução e ruptura desleal nas fases contratuais)."
slides-aula-1-26,deck,aula-04.html,unused,"Deck de slides “Slides da Aula 1, páginas 1 a 26”; slides entram pelo slot dedicado S4, não como capítulo de leitura S3 para tratativas, formação, execução e ruptura desleal nas fases contratuais."
slides-aula-10-moodle,deck,aula-04.html,unused,"Deck de slides “Slides da Aula 10”; slides entram pelo slot dedicado S4, não como capítulo de leitura S3 para tratativas, formação, execução e ruptura desleal nas fases contratuais."
slides-aula-2-27-45,deck,aula-04.html,unused,"Deck de slides “Slides da Aula 2, páginas 27 a 45”; slides entram pelo slot dedicado S4, não como capítulo de leitura S3 para tratativas, formação, execução e ruptura desleal nas fases contratuais."
slides-aula-3,deck,aula-04.html,unused,"Deck de slides “Slides da Aula 3”; slides entram pelo slot dedicado S4, não como capítulo de leitura S3 para tratativas, formação, execução e ruptura desleal nas fases contratuais."
slides-aula-5-moodle,deck,aula-04.html,unused,"Deck de slides “Slides da Aula 5 Moodle”; slides entram pelo slot dedicado S4, não como capítulo de leitura S3 para tratativas, formação, execução e ruptura desleal nas fases contratuais."
slides-excecao-classificacao,deck,aula-04.html,unused,"Deck de slides “Slides: Exceção e Classificação”; slides entram pelo slot dedicado S4, não como capítulo de leitura S3 para tratativas, formação, execução e ruptura desleal nas fases contratuais."
slides-extras-aula-7,deck,aula-04.html,unused,"Deck de slides “Slides extras da Aula 7”; slides entram pelo slot dedicado S4, não como capítulo de leitura S3 para tratativas, formação, execução e ruptura desleal nas fases contratuais."
slides-moodle-aula-9,deck,aula-04.html,unused,"Deck de slides “Slides da Aula 9 Moodle”; slides entram pelo slot dedicado S4, não como capítulo de leitura S3 para tratativas, formação, execução e ruptura desleal nas fases contratuais."
BASE-PEREIRA-CAIO-MARIO-III,capitulo-xxxvii-part-01,aula-05.html,primary,"A seção 188 trata diretamente da formação por proposta e aceitação e fixa tempo e lugar da celebração, coincidindo com o recorte da Aula 05."
BASE-PEREIRA-CAIO-MARIO-III,capitulo-xxxvii-part-02,aula-05.html,unused,O capítulo trata de interpretação dos contratos; seu objeto não é a formação por oferta e aceitação nem o lugar e momento de formação delimitados na Aula 05.
BASE-PEREIRA-CAIO-MARIO-III,capitulo-xxxviii,aula-05.html,unused,O capítulo trata de classificação dos contratos; seu objeto não é a formação por oferta e aceitação nem o lugar e momento de formação delimitados na Aula 05.
BASE-PEREIRA-CAIO-MARIO-III,capitulo-xxxix,aula-05.html,unused,O capítulo trata de o tema «C Ontrato P Reliminar»; seu objeto não é a formação por oferta e aceitação nem o lugar e momento de formação delimitados na Aula 05.
BASE-PEREIRA-CAIO-MARIO-III,capitulo-xl,aula-05.html,unused,O capítulo trata de o tema «A Rras»; seu objeto não é a formação por oferta e aceitação nem o lugar e momento de formação delimitados na Aula 05.
BASE-PEREIRA-CAIO-MARIO-III,capitulo-xli,aula-05.html,unused,O capítulo trata de o tema «R Elatividade Dos C Ontratos»; seu objeto não é a formação por oferta e aceitação nem o lugar e momento de formação delimitados na Aula 05.
BASE-PEREIRA-CAIO-MARIO-III,capitulo-xlii,aula-05.html,unused,O capítulo trata de vícios redibitórios; seu objeto não é a formação por oferta e aceitação nem o lugar e momento de formação delimitados na Aula 05.
BASE-PEREIRA-CAIO-MARIO-III,capitulo-xliii,aula-05.html,unused,O capítulo trata de evicção; seu objeto não é a formação por oferta e aceitação nem o lugar e momento de formação delimitados na Aula 05.
BASE-PEREIRA-CAIO-MARIO-III,capitulo-xliv,aula-05.html,unused,O capítulo trata de extinção dos contratos; seu objeto não é a formação por oferta e aceitação nem o lugar e momento de formação delimitados na Aula 05.
BASE-PEREIRA-CAIO-MARIO-III,capitulo-xlv,aula-05.html,unused,O capítulo trata de o tema «C Ompra E V Enda E T Roca»; seu objeto não é a formação por oferta e aceitação nem o lugar e momento de formação delimitados na Aula 05.
BASE-PEREIRA-CAIO-MARIO-III,capitulo-xlvi-part-01,aula-05.html,unused,O capítulo trata de o tema «M Odalidades E Speciais De C Ompra E V Enda — parte 1»; seu objeto não é a formação por oferta e aceitação nem o lugar e momento de formação delimitados na Aula 05.
BASE-PEREIRA-CAIO-MARIO-III,capitulo-xlvi-part-02,aula-05.html,unused,O capítulo trata de o tema «M Odalidades E Speciais De C Ompra E V Enda — parte 2»; seu objeto não é a formação por oferta e aceitação nem o lugar e momento de formação delimitados na Aula 05.
BASE-PEREIRA-CAIO-MARIO-III,capitulo-xlvii,aula-05.html,unused,O capítulo trata de o tema «D Oação»; seu objeto não é a formação por oferta e aceitação nem o lugar e momento de formação delimitados na Aula 05.
BASE-PEREIRA-CAIO-MARIO-III,capitulo-xlviii-part-01,aula-05.html,unused,O capítulo trata de o tema «L Ocação De C Oisas — parte 1»; seu objeto não é a formação por oferta e aceitação nem o lugar e momento de formação delimitados na Aula 05.
BASE-PEREIRA-CAIO-MARIO-III,capitulo-xlviii-part-02,aula-05.html,unused,O capítulo trata de o tema «L Ocação De C Oisas — parte 2»; seu objeto não é a formação por oferta e aceitação nem o lugar e momento de formação delimitados na Aula 05.
BASE-PEREIRA-CAIO-MARIO-III,capitulo-xlix,aula-05.html,unused,O capítulo trata de o tema «E Mpreitada – T Ransporte»; seu objeto não é a formação por oferta e aceitação nem o lugar e momento de formação delimitados na Aula 05.
BASE-PEREIRA-CAIO-MARIO-III,capitulo-l,aula-05.html,unused,O capítulo trata de o tema «E Mpréstimo»; seu objeto não é a formação por oferta e aceitação nem o lugar e momento de formação delimitados na Aula 05.
BASE-PEREIRA-CAIO-MARIO-III,capitulo-li,aula-05.html,unused,O capítulo trata de o tema «D Epósito»; seu objeto não é a formação por oferta e aceitação nem o lugar e momento de formação delimitados na Aula 05.
BASE-PEREIRA-CAIO-MARIO-III,capitulo-lii,aula-05.html,unused,"O capítulo trata de o tema «P Restação De S Erviços – C Orretagem – C Omissão – A Gência , D Istribuição E “F Ranchising”»; seu objeto não é a formação por oferta e aceitação nem o lugar e momento de formação delimitados na Aula 05."
BASE-PEREIRA-CAIO-MARIO-III,capitulo-liii,aula-05.html,unused,O capítulo trata de o tema «M Andato – G Estão De N Egócios»; seu objeto não é a formação por oferta e aceitação nem o lugar e momento de formação delimitados na Aula 05.
BASE-PEREIRA-CAIO-MARIO-III,capitulo-liv,aula-05.html,unused,O capítulo trata de o tema «F Idúcia»; seu objeto não é a formação por oferta e aceitação nem o lugar e momento de formação delimitados na Aula 05.
BASE-PEREIRA-CAIO-MARIO-III,capitulo-lv,aula-05.html,unused,O capítulo trata de o tema «S Ociedade – P Arceria»; seu objeto não é a formação por oferta e aceitação nem o lugar e momento de formação delimitados na Aula 05.
BASE-PEREIRA-CAIO-MARIO-III,capitulo-lvi,aula-05.html,unused,O capítulo trata de o tema «E Dição – R Epresentação D Ramática»; seu objeto não é a formação por oferta e aceitação nem o lugar e momento de formação delimitados na Aula 05.
BASE-PEREIRA-CAIO-MARIO-III,capitulo-lvii,aula-05.html,unused,O capítulo trata de o tema «S Eguro»; seu objeto não é a formação por oferta e aceitação nem o lugar e momento de formação delimitados na Aula 05.
BASE-PEREIRA-CAIO-MARIO-III,capitulo-lviii,aula-05.html,unused,O capítulo trata de o tema «C Onstituição De R Enda»; seu objeto não é a formação por oferta e aceitação nem o lugar e momento de formação delimitados na Aula 05.
BASE-VENOSA,BASE-VENOSA-01,aula-05.html,unused,O capítulo trata de panorama das relações contratuais; seu objeto não é a formação por oferta e aceitação nem o lugar e momento de formação delimitados na Aula 05.
BASE-VENOSA,BASE-VENOSA-02,aula-05.html,unused,"O capítulo trata de princípios gerais, adesão e manifestações contratuais; seu objeto não é a formação por oferta e aceitação nem o lugar e momento de formação delimitados na Aula 05."
BASE-VENOSA,BASE-VENOSA-03,aula-05.html,unused,O capítulo trata de classificação dos contratos (I); seu objeto não é a formação por oferta e aceitação nem o lugar e momento de formação delimitados na Aula 05.
BASE-VENOSA,BASE-VENOSA-04,aula-05.html,unused,O capítulo trata de classificação dos contratos (II); seu objeto não é a formação por oferta e aceitação nem o lugar e momento de formação delimitados na Aula 05.
BASE-VENOSA,BASE-VENOSA-05,aula-05.html,unused,O capítulo trata de classificação dos contratos (III); seu objeto não é a formação por oferta e aceitação nem o lugar e momento de formação delimitados na Aula 05.
BASE-VENOSA,BASE-VENOSA-06,aula-05.html,unused,O capítulo trata de elementos e requisitos do contrato; seu objeto não é a formação por oferta e aceitação nem o lugar e momento de formação delimitados na Aula 05.
BASE-VENOSA,BASE-VENOSA-07,aula-05.html,unused,O capítulo trata de interpretação dos contratos; seu objeto não é a formação por oferta e aceitação nem o lugar e momento de formação delimitados na Aula 05.
BASE-VENOSA,BASE-VENOSA-08,aula-05.html,unused,O capítulo trata de imprevisão e revisão dos contratos; seu objeto não é a formação por oferta e aceitação nem o lugar e momento de formação delimitados na Aula 05.
BASE-VENOSA,BASE-VENOSA-09,aula-05.html,unused,"O capítulo trata de responsabilidade contratual, pré-contratual e pós-contratual; seu objeto não é a formação por oferta e aceitação nem o lugar e momento de formação delimitados na Aula 05."
BASE-VENOSA,BASE-VENOSA-10,aula-05.html,unused,O capítulo trata de o tema «10 Relatividade dos Contratos. Efeitos com Relação a Terceiros»; seu objeto não é a formação por oferta e aceitação nem o lugar e momento de formação delimitados na Aula 05.
BASE-VENOSA,BASE-VENOSA-11,aula-05.html,unused,O capítulo trata de desfazimento e extinção dos contratos; seu objeto não é a formação por oferta e aceitação nem o lugar e momento de formação delimitados na Aula 05.
BASE-VENOSA,BASE-VENOSA-12,aula-05.html,primary,"O capítulo de formação e conclusão aborda proposta, aceitação, o momento entre ausentes e o lugar da celebração, cobrindo a linha da Aula 05."
BASE-VENOSA,BASE-VENOSA-13,aula-05.html,unused,O capítulo trata de vícios redibitórios; seu objeto não é a formação por oferta e aceitação nem o lugar e momento de formação delimitados na Aula 05.
BASE-VENOSA,BASE-VENOSA-14,aula-05.html,unused,O capítulo trata de evicção; seu objeto não é a formação por oferta e aceitação nem o lugar e momento de formação delimitados na Aula 05.
BASE-VENOSA,BASE-VENOSA-15,aula-05.html,unused,O capítulo trata de vontade privada e contratos administrativos; seu objeto não é a formação por oferta e aceitação nem o lugar e momento de formação delimitados na Aula 05.
BASE-VENOSA,BASE-VENOSA-16,aula-05.html,unused,O capítulo trata de arbitragem; seu objeto não é a formação por oferta e aceitação nem o lugar e momento de formação delimitados na Aula 05.
BASE-VENOSA,BASE-VENOSA-17,aula-05.html,unused,O capítulo trata de introdução aos contratos especiais; seu objeto não é a formação por oferta e aceitação nem o lugar e momento de formação delimitados na Aula 05.
BASE-VENOSA,BASE-VENOSA-18-01,aula-05.html,unused,O capítulo trata de o contrato especial «Compra e Venda — 18.1 Conceito. Efeitos Obrigacionais do Contrato de Compra e Venda»; seu objeto não é a formação por oferta e aceitação nem o lugar e momento de formação delimitados na Aula 05.
BASE-VENOSA,BASE-VENOSA-18-02,aula-05.html,unused,O capítulo trata de o contrato especial «Compra e Venda — 18.6 Venda Ad Corpus e Ad Mensuram»; seu objeto não é a formação por oferta e aceitação nem o lugar e momento de formação delimitados na Aula 05.
BASE-VENOSA,BASE-VENOSA-18-03,aula-05.html,unused,O capítulo trata de o contrato especial «Compra e Venda — 18.8.1 Incoterms»; seu objeto não é a formação por oferta e aceitação nem o lugar e momento de formação delimitados na Aula 05.
BASE-VENOSA,BASE-VENOSA-19-01,aula-05.html,unused,O capítulo trata de o contrato especial «Cláusulas Especiais da Compra e Venda — 19.1 Retrovenda»; seu objeto não é a formação por oferta e aceitação nem o lugar e momento de formação delimitados na Aula 05.
BASE-VENOSA,BASE-VENOSA-19-02,aula-05.html,unused,O capítulo trata de o contrato especial «Cláusulas Especiais da Compra e Venda — 19.8 Venda Mediante Poupança»; seu objeto não é a formação por oferta e aceitação nem o lugar e momento de formação delimitados na Aula 05.
BASE-VENOSA,BASE-VENOSA-20,aula-05.html,unused,O capítulo trata de o contrato especial «Troca ou Permuta»; seu objeto não é a formação por oferta e aceitação nem o lugar e momento de formação delimitados na Aula 05.
BASE-VENOSA,BASE-VENOSA-21,aula-05.html,unused,O capítulo trata de o contrato especial «Contrato Estimatório ou de Consignação»; seu objeto não é a formação por oferta e aceitação nem o lugar e momento de formação delimitados na Aula 05.
BASE-VENOSA,BASE-VENOSA-22-01,aula-05.html,unused,O capítulo trata de o contrato especial «Doação — 22.1 Conceito. Natureza Contratual. Conteúdo. Origens. Características»; seu objeto não é a formação por oferta e aceitação nem o lugar e momento de formação delimitados na Aula 05.
BASE-VENOSA,BASE-VENOSA-22-02,aula-05.html,unused,O capítulo trata de o contrato especial «Doação — 22.8.1 Prazo Decadencial da Ação Revogatória»; seu objeto não é a formação por oferta e aceitação nem o lugar e momento de formação delimitados na Aula 05.
BASE-VENOSA,BASE-VENOSA-23-01,aula-05.html,unused,O capítulo trata de o contrato especial «Locação de Coisas. Lei do Inquilinato — 23.1 Espécies. Conceitos. Natureza»; seu objeto não é a formação por oferta e aceitação nem o lugar e momento de formação delimitados na Aula 05.
BASE-VENOSA,BASE-VENOSA-23-02,aula-05.html,unused,O capítulo trata de o contrato especial «Locação de Coisas. Lei do Inquilinato — 23.3.10 Aluguel. Ação Revisional»; seu objeto não é a formação por oferta e aceitação nem o lugar e momento de formação delimitados na Aula 05.
BASE-VENOSA,BASE-VENOSA-24,aula-05.html,unused,O capítulo trata de o contrato especial «Empréstimo: Comodato»; seu objeto não é a formação por oferta e aceitação nem o lugar e momento de formação delimitados na Aula 05.
BASE-VENOSA,BASE-VENOSA-25,aula-05.html,unused,O capítulo trata de o contrato especial «Empréstimo: Mútuo»; seu objeto não é a formação por oferta e aceitação nem o lugar e momento de formação delimitados na Aula 05.
BASE-VENOSA,BASE-VENOSA-27,aula-05.html,unused,O capítulo trata de o contrato especial «Empreitada»; seu objeto não é a formação por oferta e aceitação nem o lugar e momento de formação delimitados na Aula 05.
BASE-VENOSA,BASE-VENOSA-28,aula-05.html,unused,O capítulo trata de o contrato especial «Depósito»; seu objeto não é a formação por oferta e aceitação nem o lugar e momento de formação delimitados na Aula 05.
BASE-VENOSA,BASE-VENOSA-29-01,aula-05.html,unused,O capítulo trata de o contrato especial «Mandato — 29.1 Conceito. Natureza. Procuração. Representação e Mandato»; seu objeto não é a formação por oferta e aceitação nem o lugar e momento de formação delimitados na Aula 05.
BASE-VENOSA,BASE-VENOSA-29-02,aula-05.html,unused,O capítulo trata de o contrato especial «Mandato — 29.7 Procuração em Causa Própria. Contrato Consigo Mesmo ou Autocontrato»; seu objeto não é a formação por oferta e aceitação nem o lugar e momento de formação delimitados na Aula 05.
BASE-VENOSA,BASE-VENOSA-30,aula-05.html,unused,O capítulo trata de o contrato especial «Comissão»; seu objeto não é a formação por oferta e aceitação nem o lugar e momento de formação delimitados na Aula 05.
BASE-VENOSA,BASE-VENOSA-31,aula-05.html,unused,O capítulo trata de o contrato especial «Agência e Distribuição»; seu objeto não é a formação por oferta e aceitação nem o lugar e momento de formação delimitados na Aula 05.
BASE-VENOSA,BASE-VENOSA-32,aula-05.html,unused,O capítulo trata de o contrato especial «Corretagem»; seu objeto não é a formação por oferta e aceitação nem o lugar e momento de formação delimitados na Aula 05.
BASE-VENOSA,BASE-VENOSA-33-01,aula-05.html,unused,O capítulo trata de o contrato especial «Transporte — 33.1 Conceito. Origens»; seu objeto não é a formação por oferta e aceitação nem o lugar e momento de formação delimitados na Aula 05.
BASE-VENOSA,BASE-VENOSA-33-02,aula-05.html,unused,O capítulo trata de o contrato especial «Transporte — 33.10 Bilhete de Passagem»; seu objeto não é a formação por oferta e aceitação nem o lugar e momento de formação delimitados na Aula 05.
BASE-VENOSA,BASE-VENOSA-34-01,aula-05.html,unused,O capítulo trata de o contrato especial «Seguro — 34.1 Origens. Conceito»; seu objeto não é a formação por oferta e aceitação nem o lugar e momento de formação delimitados na Aula 05.
BASE-VENOSA,BASE-VENOSA-34-02,aula-05.html,unused,O capítulo trata de o contrato especial «Seguro — 34.13 Sub-rogação»; seu objeto não é a formação por oferta e aceitação nem o lugar e momento de formação delimitados na Aula 05.
BASE-VENOSA,BASE-VENOSA-35,aula-05.html,unused,O capítulo trata de o contrato especial «Constituição de Renda»; seu objeto não é a formação por oferta e aceitação nem o lugar e momento de formação delimitados na Aula 05.
BASE-VENOSA,BASE-VENOSA-36,aula-05.html,unused,O capítulo trata de o contrato especial «Jogo e Aposta»; seu objeto não é a formação por oferta e aceitação nem o lugar e momento de formação delimitados na Aula 05.
BASE-VENOSA,BASE-VENOSA-37-01,aula-05.html,unused,O capítulo trata de o contrato especial «Fiança — 37.1 Conceito. Natureza. Modalidades»; seu objeto não é a formação por oferta e aceitação nem o lugar e momento de formação delimitados na Aula 05.
BASE-VENOSA,BASE-VENOSA-37-02,aula-05.html,unused,O capítulo trata de o contrato especial «Fiança — 37.9 Extinção da Fiança»; seu objeto não é a formação por oferta e aceitação nem o lugar e momento de formação delimitados na Aula 05.
BASE-VENOSA,BASE-VENOSA-38,aula-05.html,unused,O capítulo trata de o contrato especial «Dos Atos Unilaterais: Promessa de Recompensa. Concurso»; seu objeto não é a formação por oferta e aceitação nem o lugar e momento de formação delimitados na Aula 05.
BASE-VENOSA,BASE-VENOSA-39,aula-05.html,unused,O capítulo trata de o contrato especial «Dos Atos Unilaterais: Gestão de Negócios»; seu objeto não é a formação por oferta e aceitação nem o lugar e momento de formação delimitados na Aula 05.
BASE-VENOSA,BASE-VENOSA-40,aula-05.html,unused,O capítulo trata de o contrato especial «Fornecimento»; seu objeto não é a formação por oferta e aceitação nem o lugar e momento de formação delimitados na Aula 05.
BASE-VENOSA,BASE-VENOSA-41,aula-05.html,unused,O capítulo trata de o contrato especial «Incorporação Imobiliária»; seu objeto não é a formação por oferta e aceitação nem o lugar e momento de formação delimitados na Aula 05.
BASE-VENOSA,BASE-VENOSA-42,aula-05.html,unused,O capítulo trata de o contrato especial «Compromisso de Compra e Venda»; seu objeto não é a formação por oferta e aceitação nem o lugar e momento de formação delimitados na Aula 05.
BASE-VENOSA,BASE-VENOSA-43,aula-05.html,unused,O capítulo trata de o contrato especial «Garagem»; seu objeto não é a formação por oferta e aceitação nem o lugar e momento de formação delimitados na Aula 05.
BASE-VENOSA,BASE-VENOSA-44,aula-05.html,unused,O capítulo trata de o contrato especial «Representação Comercial»; seu objeto não é a formação por oferta e aceitação nem o lugar e momento de formação delimitados na Aula 05.
BASE-VENOSA,BASE-VENOSA-45,aula-05.html,unused,O capítulo trata de o contrato especial «Transferência de Tecnologia. Licença e Know-How»; seu objeto não é a formação por oferta e aceitação nem o lugar e momento de formação delimitados na Aula 05.
BASE-VENOSA,BASE-VENOSA-46,aula-05.html,unused,O capítulo trata de o contrato especial «Franquia»; seu objeto não é a formação por oferta e aceitação nem o lugar e momento de formação delimitados na Aula 05.
BASE-VENOSA,BASE-VENOSA-47,aula-05.html,unused,O capítulo trata de o contrato especial «Factoring (Faturização)»; seu objeto não é a formação por oferta e aceitação nem o lugar e momento de formação delimitados na Aula 05.
BASE-VENOSA,BASE-VENOSA-48,aula-05.html,unused,O capítulo trata de o contrato especial «Leasing (Arrendamento Mercantil)»; seu objeto não é a formação por oferta e aceitação nem o lugar e momento de formação delimitados na Aula 05.
BASE-VENOSA,BASE-VENOSA-49,aula-05.html,unused,O capítulo trata de o contrato especial «Sociedade»; seu objeto não é a formação por oferta e aceitação nem o lugar e momento de formação delimitados na Aula 05.
BASE-VENOSA,BASE-VENOSA-50,aula-05.html,unused,O capítulo trata de o contrato especial «Contratos Agrários: Arrendamento e Parceria»; seu objeto não é a formação por oferta e aceitação nem o lugar e momento de formação delimitados na Aula 05.
BASE-VENOSA,BASE-VENOSA-51,aula-05.html,unused,O capítulo trata de o contrato especial «Contratos de Direitos Autorais»; seu objeto não é a formação por oferta e aceitação nem o lugar e momento de formação delimitados na Aula 05.
exercicios-tgc-2026-2,document,aula-05.html,unused,"Questões, prova ou gabarito servem à avaliação; ficam fora dos capítulos S3 porque esse material entra pelos slots dedicados de exercícios do S4."
gabarito-primeira-lista-exercicios-tgc,document,aula-05.html,unused,"Questões, prova ou gabarito servem à avaliação; ficam fora dos capítulos S3 porque esse material entra pelos slots dedicados de exercícios do S4."
gabarito-questoes-extra-tgc,document,aula-05.html,unused,"Questões, prova ou gabarito servem à avaliação; ficam fora dos capítulos S3 porque esse material entra pelos slots dedicados de exercícios do S4."
peer-p1-antiga-com-gabarito,document,aula-05.html,unused,"Questões, prova ou gabarito servem à avaliação; ficam fora dos capítulos S3 porque esse material entra pelos slots dedicados de exercícios do S4."
peer-p1-antiga-sem-gabarito,document,aula-05.html,unused,"Questões, prova ou gabarito servem à avaliação; ficam fora dos capítulos S3 porque esse material entra pelos slots dedicados de exercícios do S4."
peer-p1-lista-questoes-1,document,aula-05.html,unused,"Questões, prova ou gabarito servem à avaliação; ficam fora dos capítulos S3 porque esse material entra pelos slots dedicados de exercícios do S4."
peer-p1-lista-questoes-2,document,aula-05.html,unused,"Questões, prova ou gabarito servem à avaliação; ficam fora dos capítulos S3 porque esse material entra pelos slots dedicados de exercícios do S4."
questoes-extra-tgc,document,aula-05.html,unused,"Questões, prova ou gabarito servem à avaliação; ficam fora dos capítulos S3 porque esse material entra pelos slots dedicados de exercícios do S4."
slides-aula-1-26,deck,aula-05.html,unused,Material de slides; fica fora da seleção de capítulos S3 porque o conteúdo de apresentação entra pelo slot dedicado de slides do S4.
slides-aula-10-moodle,deck,aula-05.html,unused,Material de slides; fica fora da seleção de capítulos S3 porque o conteúdo de apresentação entra pelo slot dedicado de slides do S4.
slides-aula-2-27-45,deck,aula-05.html,unused,Material de slides; fica fora da seleção de capítulos S3 porque o conteúdo de apresentação entra pelo slot dedicado de slides do S4.
slides-aula-3,deck,aula-05.html,unused,Material de slides; fica fora da seleção de capítulos S3 porque o conteúdo de apresentação entra pelo slot dedicado de slides do S4.
slides-aula-5-moodle,deck,aula-05.html,unused,Material de slides; fica fora da seleção de capítulos S3 porque o conteúdo de apresentação entra pelo slot dedicado de slides do S4.
slides-excecao-classificacao,deck,aula-05.html,unused,Material de slides; fica fora da seleção de capítulos S3 porque o conteúdo de apresentação entra pelo slot dedicado de slides do S4.
slides-extras-aula-7,deck,aula-05.html,unused,Material de slides; fica fora da seleção de capítulos S3 porque o conteúdo de apresentação entra pelo slot dedicado de slides do S4.
slides-moodle-aula-9,deck,aula-05.html,unused,Material de slides; fica fora da seleção de capítulos S3 porque o conteúdo de apresentação entra pelo slot dedicado de slides do S4.
BASE-PEREIRA-CAIO-MARIO-III,capitulo-xxxvii-part-01,aula-06.html,unused,"O capítulo trata de o tema «N Oção G Eral De C Ontrato — parte 1»; não desenvolve pessoa a declarar, promessa de fato de terceiro, contrato preliminar ou arras, figuras delimitadas na Aula 06."
BASE-PEREIRA-CAIO-MARIO-III,capitulo-xxxvii-part-01,aula-06.html,background,Pré-requisito herdado de S0 — aula-02.html: As figuras com terceiros alteram ou tensionam os efeitos relativos do contrato.; aula-05.html: A comparação dos incidentes exige reconhecer quando proposta e aceitação criam o vínculo..
BASE-PEREIRA-CAIO-MARIO-III,capitulo-xxxvii-part-02,aula-06.html,unused,"O capítulo trata de interpretação dos contratos; não desenvolve pessoa a declarar, promessa de fato de terceiro, contrato preliminar ou arras, figuras delimitadas na Aula 06."
BASE-PEREIRA-CAIO-MARIO-III,capitulo-xxxviii,aula-06.html,unused,"O capítulo trata de classificação dos contratos; não desenvolve pessoa a declarar, promessa de fato de terceiro, contrato preliminar ou arras, figuras delimitadas na Aula 06."
BASE-PEREIRA-CAIO-MARIO-III,capitulo-xxxix,aula-06.html,primary,"Capítulo dedicado ao contrato preliminar, figura expressamente incluída entre os incidentes da Aula 06."
BASE-PEREIRA-CAIO-MARIO-III,capitulo-xl,aula-06.html,primary,"Capítulo dedicado às arras, figura expressamente incluída entre os incidentes da Aula 06."
BASE-PEREIRA-CAIO-MARIO-III,capitulo-xli,aula-06.html,primary,"O sumário trata da prestação de fato de terceiro e do contrato com pessoa a declarar, duas figuras expressas da Aula 06."
BASE-PEREIRA-CAIO-MARIO-III,capitulo-xlii,aula-06.html,unused,"O capítulo trata de vícios redibitórios; não desenvolve pessoa a declarar, promessa de fato de terceiro, contrato preliminar ou arras, figuras delimitadas na Aula 06."
BASE-PEREIRA-CAIO-MARIO-III,capitulo-xliii,aula-06.html,unused,"O capítulo trata de evicção; não desenvolve pessoa a declarar, promessa de fato de terceiro, contrato preliminar ou arras, figuras delimitadas na Aula 06."
BASE-PEREIRA-CAIO-MARIO-III,capitulo-xliv,aula-06.html,unused,"O capítulo trata de extinção dos contratos; não desenvolve pessoa a declarar, promessa de fato de terceiro, contrato preliminar ou arras, figuras delimitadas na Aula 06."
BASE-PEREIRA-CAIO-MARIO-III,capitulo-xlv,aula-06.html,unused,"O capítulo trata de o tema «C Ompra E V Enda E T Roca»; não desenvolve pessoa a declarar, promessa de fato de terceiro, contrato preliminar ou arras, figuras delimitadas na Aula 06."
BASE-PEREIRA-CAIO-MARIO-III,capitulo-xlvi-part-01,aula-06.html,unused,"O capítulo trata de o tema «M Odalidades E Speciais De C Ompra E V Enda — parte 1»; não desenvolve pessoa a declarar, promessa de fato de terceiro, contrato preliminar ou arras, figuras delimitadas na Aula 06."
BASE-PEREIRA-CAIO-MARIO-III,capitulo-xlvi-part-02,aula-06.html,unused,"O capítulo trata de o tema «M Odalidades E Speciais De C Ompra E V Enda — parte 2»; não desenvolve pessoa a declarar, promessa de fato de terceiro, contrato preliminar ou arras, figuras delimitadas na Aula 06."
BASE-PEREIRA-CAIO-MARIO-III,capitulo-xlvii,aula-06.html,unused,"O capítulo trata de o tema «D Oação»; não desenvolve pessoa a declarar, promessa de fato de terceiro, contrato preliminar ou arras, figuras delimitadas na Aula 06."
BASE-PEREIRA-CAIO-MARIO-III,capitulo-xlviii-part-01,aula-06.html,unused,"O capítulo trata de o tema «L Ocação De C Oisas — parte 1»; não desenvolve pessoa a declarar, promessa de fato de terceiro, contrato preliminar ou arras, figuras delimitadas na Aula 06."
BASE-PEREIRA-CAIO-MARIO-III,capitulo-xlviii-part-02,aula-06.html,unused,"O capítulo trata de o tema «L Ocação De C Oisas — parte 2»; não desenvolve pessoa a declarar, promessa de fato de terceiro, contrato preliminar ou arras, figuras delimitadas na Aula 06."
BASE-PEREIRA-CAIO-MARIO-III,capitulo-xlix,aula-06.html,unused,"O capítulo trata de o tema «E Mpreitada – T Ransporte»; não desenvolve pessoa a declarar, promessa de fato de terceiro, contrato preliminar ou arras, figuras delimitadas na Aula 06."
BASE-PEREIRA-CAIO-MARIO-III,capitulo-l,aula-06.html,unused,"O capítulo trata de o tema «E Mpréstimo»; não desenvolve pessoa a declarar, promessa de fato de terceiro, contrato preliminar ou arras, figuras delimitadas na Aula 06."
BASE-PEREIRA-CAIO-MARIO-III,capitulo-li,aula-06.html,unused,"O capítulo trata de o tema «D Epósito»; não desenvolve pessoa a declarar, promessa de fato de terceiro, contrato preliminar ou arras, figuras delimitadas na Aula 06."
BASE-PEREIRA-CAIO-MARIO-III,capitulo-lii,aula-06.html,unused,"O capítulo trata de o tema «P Restação De S Erviços – C Orretagem – C Omissão – A Gência , D Istribuição E “F Ranchising”»; não desenvolve pessoa a declarar, promessa de fato de terceiro, contrato preliminar ou arras, figuras delimitadas na Aula 06."
BASE-PEREIRA-CAIO-MARIO-III,capitulo-liii,aula-06.html,unused,"O capítulo trata de o tema «M Andato – G Estão De N Egócios»; não desenvolve pessoa a declarar, promessa de fato de terceiro, contrato preliminar ou arras, figuras delimitadas na Aula 06."
BASE-PEREIRA-CAIO-MARIO-III,capitulo-liv,aula-06.html,unused,"O capítulo trata de o tema «F Idúcia»; não desenvolve pessoa a declarar, promessa de fato de terceiro, contrato preliminar ou arras, figuras delimitadas na Aula 06."
BASE-PEREIRA-CAIO-MARIO-III,capitulo-lv,aula-06.html,unused,"O capítulo trata de o tema «S Ociedade – P Arceria»; não desenvolve pessoa a declarar, promessa de fato de terceiro, contrato preliminar ou arras, figuras delimitadas na Aula 06."
BASE-PEREIRA-CAIO-MARIO-III,capitulo-lvi,aula-06.html,unused,"O capítulo trata de o tema «E Dição – R Epresentação D Ramática»; não desenvolve pessoa a declarar, promessa de fato de terceiro, contrato preliminar ou arras, figuras delimitadas na Aula 06."
BASE-PEREIRA-CAIO-MARIO-III,capitulo-lvii,aula-06.html,unused,"O capítulo trata de o tema «S Eguro»; não desenvolve pessoa a declarar, promessa de fato de terceiro, contrato preliminar ou arras, figuras delimitadas na Aula 06."
BASE-PEREIRA-CAIO-MARIO-III,capitulo-lviii,aula-06.html,unused,"O capítulo trata de o tema «C Onstituição De R Enda»; não desenvolve pessoa a declarar, promessa de fato de terceiro, contrato preliminar ou arras, figuras delimitadas na Aula 06."
BASE-VENOSA,BASE-VENOSA-01,aula-06.html,unused,"O capítulo trata de panorama das relações contratuais; não desenvolve pessoa a declarar, promessa de fato de terceiro, contrato preliminar ou arras, figuras delimitadas na Aula 06."
BASE-VENOSA,BASE-VENOSA-02,aula-06.html,unused,"O capítulo trata de princípios gerais, adesão e manifestações contratuais; não desenvolve pessoa a declarar, promessa de fato de terceiro, contrato preliminar ou arras, figuras delimitadas na Aula 06."
BASE-VENOSA,BASE-VENOSA-02,aula-06.html,background,Pré-requisito herdado de S0 — aula-02.html: As figuras com terceiros alteram ou tensionam os efeitos relativos do contrato..
BASE-VENOSA,BASE-VENOSA-03,aula-06.html,unused,"O capítulo trata de classificação dos contratos (I); não desenvolve pessoa a declarar, promessa de fato de terceiro, contrato preliminar ou arras, figuras delimitadas na Aula 06."
BASE-VENOSA,BASE-VENOSA-04,aula-06.html,unused,"O capítulo trata de classificação dos contratos (II); não desenvolve pessoa a declarar, promessa de fato de terceiro, contrato preliminar ou arras, figuras delimitadas na Aula 06."
BASE-VENOSA,BASE-VENOSA-05,aula-06.html,unused,"O capítulo trata de classificação dos contratos (III); não desenvolve pessoa a declarar, promessa de fato de terceiro, contrato preliminar ou arras, figuras delimitadas na Aula 06."
BASE-VENOSA,BASE-VENOSA-06,aula-06.html,unused,"O capítulo trata de elementos e requisitos do contrato; não desenvolve pessoa a declarar, promessa de fato de terceiro, contrato preliminar ou arras, figuras delimitadas na Aula 06."
BASE-VENOSA,BASE-VENOSA-07,aula-06.html,unused,"O capítulo trata de interpretação dos contratos; não desenvolve pessoa a declarar, promessa de fato de terceiro, contrato preliminar ou arras, figuras delimitadas na Aula 06."
BASE-VENOSA,BASE-VENOSA-08,aula-06.html,unused,"O capítulo trata de imprevisão e revisão dos contratos; não desenvolve pessoa a declarar, promessa de fato de terceiro, contrato preliminar ou arras, figuras delimitadas na Aula 06."
BASE-VENOSA,BASE-VENOSA-09,aula-06.html,unused,"O capítulo trata de responsabilidade contratual, pré-contratual e pós-contratual; não desenvolve pessoa a declarar, promessa de fato de terceiro, contrato preliminar ou arras, figuras delimitadas na Aula 06."
BASE-VENOSA,BASE-VENOSA-10,aula-06.html,primary,"O capítulo examina promessa de fato de terceiro e pessoa a declarar, permitindo distinguir os dois incidentes previstos na Aula 06."
BASE-VENOSA,BASE-VENOSA-11,aula-06.html,unused,"O capítulo trata de desfazimento e extinção dos contratos; não desenvolve pessoa a declarar, promessa de fato de terceiro, contrato preliminar ou arras, figuras delimitadas na Aula 06."
BASE-VENOSA,BASE-VENOSA-12,aula-06.html,primary,A seção sobre contratos preliminares é diretamente pertinente a uma das figuras expressas na Aula 06.
BASE-VENOSA,BASE-VENOSA-13,aula-06.html,unused,"O capítulo trata de vícios redibitórios; não desenvolve pessoa a declarar, promessa de fato de terceiro, contrato preliminar ou arras, figuras delimitadas na Aula 06."
BASE-VENOSA,BASE-VENOSA-14,aula-06.html,unused,"O capítulo trata de evicção; não desenvolve pessoa a declarar, promessa de fato de terceiro, contrato preliminar ou arras, figuras delimitadas na Aula 06."
BASE-VENOSA,BASE-VENOSA-15,aula-06.html,unused,"O capítulo trata de vontade privada e contratos administrativos; não desenvolve pessoa a declarar, promessa de fato de terceiro, contrato preliminar ou arras, figuras delimitadas na Aula 06."
BASE-VENOSA,BASE-VENOSA-16,aula-06.html,unused,"O capítulo trata de arbitragem; não desenvolve pessoa a declarar, promessa de fato de terceiro, contrato preliminar ou arras, figuras delimitadas na Aula 06."
BASE-VENOSA,BASE-VENOSA-17,aula-06.html,unused,"O capítulo trata de introdução aos contratos especiais; não desenvolve pessoa a declarar, promessa de fato de terceiro, contrato preliminar ou arras, figuras delimitadas na Aula 06."
BASE-VENOSA,BASE-VENOSA-18-01,aula-06.html,unused,"O capítulo trata de o contrato especial «Compra e Venda — 18.1 Conceito. Efeitos Obrigacionais do Contrato de Compra e Venda»; não desenvolve pessoa a declarar, promessa de fato de terceiro, contrato preliminar ou arras, figuras delimitadas na Aula 06."
BASE-VENOSA,BASE-VENOSA-18-02,aula-06.html,unused,"O capítulo trata de o contrato especial «Compra e Venda — 18.6 Venda Ad Corpus e Ad Mensuram»; não desenvolve pessoa a declarar, promessa de fato de terceiro, contrato preliminar ou arras, figuras delimitadas na Aula 06."
BASE-VENOSA,BASE-VENOSA-18-03,aula-06.html,unused,"O capítulo trata de o contrato especial «Compra e Venda — 18.8.1 Incoterms»; não desenvolve pessoa a declarar, promessa de fato de terceiro, contrato preliminar ou arras, figuras delimitadas na Aula 06."
BASE-VENOSA,BASE-VENOSA-19-01,aula-06.html,unused,"O capítulo trata de o contrato especial «Cláusulas Especiais da Compra e Venda — 19.1 Retrovenda»; não desenvolve pessoa a declarar, promessa de fato de terceiro, contrato preliminar ou arras, figuras delimitadas na Aula 06."
BASE-VENOSA,BASE-VENOSA-19-02,aula-06.html,unused,"O capítulo trata de o contrato especial «Cláusulas Especiais da Compra e Venda — 19.8 Venda Mediante Poupança»; não desenvolve pessoa a declarar, promessa de fato de terceiro, contrato preliminar ou arras, figuras delimitadas na Aula 06."
BASE-VENOSA,BASE-VENOSA-20,aula-06.html,unused,"O capítulo trata de o contrato especial «Troca ou Permuta»; não desenvolve pessoa a declarar, promessa de fato de terceiro, contrato preliminar ou arras, figuras delimitadas na Aula 06."
BASE-VENOSA,BASE-VENOSA-21,aula-06.html,unused,"O capítulo trata de o contrato especial «Contrato Estimatório ou de Consignação»; não desenvolve pessoa a declarar, promessa de fato de terceiro, contrato preliminar ou arras, figuras delimitadas na Aula 06."
BASE-VENOSA,BASE-VENOSA-22-01,aula-06.html,unused,"O capítulo trata de o contrato especial «Doação — 22.1 Conceito. Natureza Contratual. Conteúdo. Origens. Características»; não desenvolve pessoa a declarar, promessa de fato de terceiro, contrato preliminar ou arras, figuras delimitadas na Aula 06."
BASE-VENOSA,BASE-VENOSA-22-02,aula-06.html,unused,"O capítulo trata de o contrato especial «Doação — 22.8.1 Prazo Decadencial da Ação Revogatória»; não desenvolve pessoa a declarar, promessa de fato de terceiro, contrato preliminar ou arras, figuras delimitadas na Aula 06."
BASE-VENOSA,BASE-VENOSA-23-01,aula-06.html,unused,"O capítulo trata de o contrato especial «Locação de Coisas. Lei do Inquilinato — 23.1 Espécies. Conceitos. Natureza»; não desenvolve pessoa a declarar, promessa de fato de terceiro, contrato preliminar ou arras, figuras delimitadas na Aula 06."
BASE-VENOSA,BASE-VENOSA-23-02,aula-06.html,unused,"O capítulo trata de o contrato especial «Locação de Coisas. Lei do Inquilinato — 23.3.10 Aluguel. Ação Revisional»; não desenvolve pessoa a declarar, promessa de fato de terceiro, contrato preliminar ou arras, figuras delimitadas na Aula 06."
BASE-VENOSA,BASE-VENOSA-24,aula-06.html,unused,"O capítulo trata de o contrato especial «Empréstimo: Comodato»; não desenvolve pessoa a declarar, promessa de fato de terceiro, contrato preliminar ou arras, figuras delimitadas na Aula 06."
BASE-VENOSA,BASE-VENOSA-25,aula-06.html,unused,"O capítulo trata de o contrato especial «Empréstimo: Mútuo»; não desenvolve pessoa a declarar, promessa de fato de terceiro, contrato preliminar ou arras, figuras delimitadas na Aula 06."
BASE-VENOSA,BASE-VENOSA-27,aula-06.html,unused,"O capítulo trata de o contrato especial «Empreitada»; não desenvolve pessoa a declarar, promessa de fato de terceiro, contrato preliminar ou arras, figuras delimitadas na Aula 06."
BASE-VENOSA,BASE-VENOSA-28,aula-06.html,unused,"O capítulo trata de o contrato especial «Depósito»; não desenvolve pessoa a declarar, promessa de fato de terceiro, contrato preliminar ou arras, figuras delimitadas na Aula 06."
BASE-VENOSA,BASE-VENOSA-29-01,aula-06.html,unused,"O capítulo trata de o contrato especial «Mandato — 29.1 Conceito. Natureza. Procuração. Representação e Mandato»; não desenvolve pessoa a declarar, promessa de fato de terceiro, contrato preliminar ou arras, figuras delimitadas na Aula 06."
BASE-VENOSA,BASE-VENOSA-29-02,aula-06.html,unused,"O capítulo trata de o contrato especial «Mandato — 29.7 Procuração em Causa Própria. Contrato Consigo Mesmo ou Autocontrato»; não desenvolve pessoa a declarar, promessa de fato de terceiro, contrato preliminar ou arras, figuras delimitadas na Aula 06."
BASE-VENOSA,BASE-VENOSA-30,aula-06.html,unused,"O capítulo trata de o contrato especial «Comissão»; não desenvolve pessoa a declarar, promessa de fato de terceiro, contrato preliminar ou arras, figuras delimitadas na Aula 06."
BASE-VENOSA,BASE-VENOSA-31,aula-06.html,unused,"O capítulo trata de o contrato especial «Agência e Distribuição»; não desenvolve pessoa a declarar, promessa de fato de terceiro, contrato preliminar ou arras, figuras delimitadas na Aula 06."
BASE-VENOSA,BASE-VENOSA-32,aula-06.html,unused,"O capítulo trata de o contrato especial «Corretagem»; não desenvolve pessoa a declarar, promessa de fato de terceiro, contrato preliminar ou arras, figuras delimitadas na Aula 06."
BASE-VENOSA,BASE-VENOSA-33-01,aula-06.html,unused,"O capítulo trata de o contrato especial «Transporte — 33.1 Conceito. Origens»; não desenvolve pessoa a declarar, promessa de fato de terceiro, contrato preliminar ou arras, figuras delimitadas na Aula 06."
BASE-VENOSA,BASE-VENOSA-33-02,aula-06.html,unused,"O capítulo trata de o contrato especial «Transporte — 33.10 Bilhete de Passagem»; não desenvolve pessoa a declarar, promessa de fato de terceiro, contrato preliminar ou arras, figuras delimitadas na Aula 06."
BASE-VENOSA,BASE-VENOSA-34-01,aula-06.html,unused,"O capítulo trata de o contrato especial «Seguro — 34.1 Origens. Conceito»; não desenvolve pessoa a declarar, promessa de fato de terceiro, contrato preliminar ou arras, figuras delimitadas na Aula 06."
BASE-VENOSA,BASE-VENOSA-34-02,aula-06.html,unused,"O capítulo trata de o contrato especial «Seguro — 34.13 Sub-rogação»; não desenvolve pessoa a declarar, promessa de fato de terceiro, contrato preliminar ou arras, figuras delimitadas na Aula 06."
BASE-VENOSA,BASE-VENOSA-35,aula-06.html,unused,"O capítulo trata de o contrato especial «Constituição de Renda»; não desenvolve pessoa a declarar, promessa de fato de terceiro, contrato preliminar ou arras, figuras delimitadas na Aula 06."
BASE-VENOSA,BASE-VENOSA-36,aula-06.html,unused,"O capítulo trata de o contrato especial «Jogo e Aposta»; não desenvolve pessoa a declarar, promessa de fato de terceiro, contrato preliminar ou arras, figuras delimitadas na Aula 06."
BASE-VENOSA,BASE-VENOSA-37-01,aula-06.html,unused,"O capítulo trata de o contrato especial «Fiança — 37.1 Conceito. Natureza. Modalidades»; não desenvolve pessoa a declarar, promessa de fato de terceiro, contrato preliminar ou arras, figuras delimitadas na Aula 06."
BASE-VENOSA,BASE-VENOSA-37-02,aula-06.html,unused,"O capítulo trata de o contrato especial «Fiança — 37.9 Extinção da Fiança»; não desenvolve pessoa a declarar, promessa de fato de terceiro, contrato preliminar ou arras, figuras delimitadas na Aula 06."
BASE-VENOSA,BASE-VENOSA-38,aula-06.html,unused,"O capítulo trata de o contrato especial «Dos Atos Unilaterais: Promessa de Recompensa. Concurso»; não desenvolve pessoa a declarar, promessa de fato de terceiro, contrato preliminar ou arras, figuras delimitadas na Aula 06."
BASE-VENOSA,BASE-VENOSA-39,aula-06.html,unused,"O capítulo trata de o contrato especial «Dos Atos Unilaterais: Gestão de Negócios»; não desenvolve pessoa a declarar, promessa de fato de terceiro, contrato preliminar ou arras, figuras delimitadas na Aula 06."
BASE-VENOSA,BASE-VENOSA-40,aula-06.html,unused,"O capítulo trata de o contrato especial «Fornecimento»; não desenvolve pessoa a declarar, promessa de fato de terceiro, contrato preliminar ou arras, figuras delimitadas na Aula 06."
BASE-VENOSA,BASE-VENOSA-41,aula-06.html,unused,"O capítulo trata de o contrato especial «Incorporação Imobiliária»; não desenvolve pessoa a declarar, promessa de fato de terceiro, contrato preliminar ou arras, figuras delimitadas na Aula 06."
BASE-VENOSA,BASE-VENOSA-42,aula-06.html,supporting,O compromisso de compra e venda é apresentado como aplicação do contrato preliminar e ajuda a reconhecer essa figura da Aula 06 em um caso contratual específico.
BASE-VENOSA,BASE-VENOSA-43,aula-06.html,unused,"O capítulo trata de o contrato especial «Garagem»; não desenvolve pessoa a declarar, promessa de fato de terceiro, contrato preliminar ou arras, figuras delimitadas na Aula 06."
BASE-VENOSA,BASE-VENOSA-44,aula-06.html,unused,"O capítulo trata de o contrato especial «Representação Comercial»; não desenvolve pessoa a declarar, promessa de fato de terceiro, contrato preliminar ou arras, figuras delimitadas na Aula 06."
BASE-VENOSA,BASE-VENOSA-45,aula-06.html,unused,"O capítulo trata de o contrato especial «Transferência de Tecnologia. Licença e Know-How»; não desenvolve pessoa a declarar, promessa de fato de terceiro, contrato preliminar ou arras, figuras delimitadas na Aula 06."
BASE-VENOSA,BASE-VENOSA-46,aula-06.html,unused,"O capítulo trata de o contrato especial «Franquia»; não desenvolve pessoa a declarar, promessa de fato de terceiro, contrato preliminar ou arras, figuras delimitadas na Aula 06."
BASE-VENOSA,BASE-VENOSA-47,aula-06.html,unused,"O capítulo trata de o contrato especial «Factoring (Faturização)»; não desenvolve pessoa a declarar, promessa de fato de terceiro, contrato preliminar ou arras, figuras delimitadas na Aula 06."
BASE-VENOSA,BASE-VENOSA-48,aula-06.html,unused,"O capítulo trata de o contrato especial «Leasing (Arrendamento Mercantil)»; não desenvolve pessoa a declarar, promessa de fato de terceiro, contrato preliminar ou arras, figuras delimitadas na Aula 06."
BASE-VENOSA,BASE-VENOSA-49,aula-06.html,unused,"O capítulo trata de o contrato especial «Sociedade»; não desenvolve pessoa a declarar, promessa de fato de terceiro, contrato preliminar ou arras, figuras delimitadas na Aula 06."
BASE-VENOSA,BASE-VENOSA-50,aula-06.html,unused,"O capítulo trata de o contrato especial «Contratos Agrários: Arrendamento e Parceria»; não desenvolve pessoa a declarar, promessa de fato de terceiro, contrato preliminar ou arras, figuras delimitadas na Aula 06."
BASE-VENOSA,BASE-VENOSA-51,aula-06.html,unused,"O capítulo trata de o contrato especial «Contratos de Direitos Autorais»; não desenvolve pessoa a declarar, promessa de fato de terceiro, contrato preliminar ou arras, figuras delimitadas na Aula 06."
exercicios-tgc-2026-2,document,aula-06.html,unused,"Questões, prova ou gabarito servem à avaliação; ficam fora dos capítulos S3 porque esse material entra pelos slots dedicados de exercícios do S4."
gabarito-primeira-lista-exercicios-tgc,document,aula-06.html,unused,"Questões, prova ou gabarito servem à avaliação; ficam fora dos capítulos S3 porque esse material entra pelos slots dedicados de exercícios do S4."
gabarito-questoes-extra-tgc,document,aula-06.html,unused,"Questões, prova ou gabarito servem à avaliação; ficam fora dos capítulos S3 porque esse material entra pelos slots dedicados de exercícios do S4."
peer-p1-antiga-com-gabarito,document,aula-06.html,unused,"Questões, prova ou gabarito servem à avaliação; ficam fora dos capítulos S3 porque esse material entra pelos slots dedicados de exercícios do S4."
peer-p1-antiga-sem-gabarito,document,aula-06.html,unused,"Questões, prova ou gabarito servem à avaliação; ficam fora dos capítulos S3 porque esse material entra pelos slots dedicados de exercícios do S4."
peer-p1-lista-questoes-1,document,aula-06.html,unused,"Questões, prova ou gabarito servem à avaliação; ficam fora dos capítulos S3 porque esse material entra pelos slots dedicados de exercícios do S4."
peer-p1-lista-questoes-2,document,aula-06.html,unused,"Questões, prova ou gabarito servem à avaliação; ficam fora dos capítulos S3 porque esse material entra pelos slots dedicados de exercícios do S4."
questoes-extra-tgc,document,aula-06.html,unused,"Questões, prova ou gabarito servem à avaliação; ficam fora dos capítulos S3 porque esse material entra pelos slots dedicados de exercícios do S4."
slides-aula-1-26,deck,aula-06.html,unused,Material de slides; fica fora da seleção de capítulos S3 porque o conteúdo de apresentação entra pelo slot dedicado de slides do S4.
slides-aula-10-moodle,deck,aula-06.html,unused,Material de slides; fica fora da seleção de capítulos S3 porque o conteúdo de apresentação entra pelo slot dedicado de slides do S4.
slides-aula-2-27-45,deck,aula-06.html,unused,Material de slides; fica fora da seleção de capítulos S3 porque o conteúdo de apresentação entra pelo slot dedicado de slides do S4.
slides-aula-3,deck,aula-06.html,unused,Material de slides; fica fora da seleção de capítulos S3 porque o conteúdo de apresentação entra pelo slot dedicado de slides do S4.
slides-aula-5-moodle,deck,aula-06.html,unused,Material de slides; fica fora da seleção de capítulos S3 porque o conteúdo de apresentação entra pelo slot dedicado de slides do S4.
slides-excecao-classificacao,deck,aula-06.html,unused,Material de slides; fica fora da seleção de capítulos S3 porque o conteúdo de apresentação entra pelo slot dedicado de slides do S4.
slides-extras-aula-7,deck,aula-06.html,unused,Material de slides; fica fora da seleção de capítulos S3 porque o conteúdo de apresentação entra pelo slot dedicado de slides do S4.
slides-moodle-aula-9,deck,aula-06.html,unused,Material de slides; fica fora da seleção de capítulos S3 porque o conteúdo de apresentação entra pelo slot dedicado de slides do S4.
BASE-PEREIRA-CAIO-MARIO-III,capitulo-xxxvii-part-01,aula-07.html,unused,"Noção geral e funções do contrato: matéria introdutória sobre o conceito e as funções do contrato, anterior aos critérios de classificação da Aula 07."
BASE-PEREIRA-CAIO-MARIO-III,capitulo-xxxvii-part-01,aula-07.html,background,Pré-requisito herdado de S0 — aula-01.html: Classificar exige primeiro reconhecer o vínculo e as prestações que o compõem.; aula-02.html: Os efeitos relativos ajudam a distinguir um contrato isolado de vínculos coligados ou conexos..
BASE-PEREIRA-CAIO-MARIO-III,capitulo-xxxvii-part-02,aula-07.html,unused,"Noção geral do contrato: matéria introdutória sobre o conceito e as funções do contrato, anterior aos critérios de classificação da Aula 07."
BASE-PEREIRA-CAIO-MARIO-III,capitulo-xxxviii,aula-07.html,primary,"Classificação dos contratos: trata bilaterais/unilaterais, onerosos/gratuitos, comutativos/aleatórios, mistos e coligados, correspondendo aos eixos da Aula 07."
BASE-PEREIRA-CAIO-MARIO-III,capitulo-xxxix,aula-07.html,unused,"Contrato preliminar: figura da formação contratual tratada nas Aulas 04–06, fora do recorte classificatório da Aula 07."
BASE-PEREIRA-CAIO-MARIO-III,capitulo-xl,aula-07.html,unused,"Arras: figura da formação contratual tratada nas Aulas 04–06, fora do recorte classificatório da Aula 07."
BASE-PEREIRA-CAIO-MARIO-III,capitulo-xli,aula-07.html,unused,Relatividade dos contratos: a relatividade é princípio de Aula 02; o capítulo não desenvolve os quatro eixos classificatórios da Aula 07.
BASE-PEREIRA-CAIO-MARIO-III,capitulo-xli,aula-07.html,background,Pré-requisito herdado de S0 — aula-02.html: Os efeitos relativos ajudam a distinguir um contrato isolado de vínculos coligados ou conexos..
BASE-PEREIRA-CAIO-MARIO-III,capitulo-xlii,aula-07.html,supporting,Vícios redibitórios: detalha requisitos e efeitos da garantia mencionada na classificação da Aula 07; capítulo com 3.616 palavras.
BASE-PEREIRA-CAIO-MARIO-III,capitulo-xliii,aula-07.html,supporting,Evicção: detalha a garantia por perda jurídica referida na Aula 07; complemento com 4.066 palavras.
BASE-PEREIRA-CAIO-MARIO-III,capitulo-xliv,aula-07.html,supporting,Exceptio non adimpleti contractus: a seção 215 desenvolve a defesa ligada à interdependência das prestações bilaterais indicada na Aula 07.
BASE-PEREIRA-CAIO-MARIO-III,capitulo-xlv,aula-07.html,unused,"Compra e venda e troca: disciplina de espécies contratuais particulares, sem desenvolvimento dos critérios gerais da Aula 07."
BASE-PEREIRA-CAIO-MARIO-III,capitulo-xlvi-part-01,aula-07.html,unused,"Modalidades especiais de compra e venda: disciplina de espécies contratuais particulares, sem desenvolvimento dos critérios gerais da Aula 07."
BASE-PEREIRA-CAIO-MARIO-III,capitulo-xlvi-part-02,aula-07.html,unused,"Modalidades especiais de compra e venda: disciplina de espécies contratuais particulares, sem desenvolvimento dos critérios gerais da Aula 07."
BASE-PEREIRA-CAIO-MARIO-III,capitulo-xlvii,aula-07.html,unused,"Doação: disciplina de espécies contratuais particulares, sem desenvolvimento dos critérios gerais da Aula 07."
BASE-PEREIRA-CAIO-MARIO-III,capitulo-xlviii-part-01,aula-07.html,unused,"Locação de coisas: disciplina de espécies contratuais particulares, sem desenvolvimento dos critérios gerais da Aula 07."
BASE-PEREIRA-CAIO-MARIO-III,capitulo-xlviii-part-02,aula-07.html,unused,"Locação de coisas: disciplina de espécies contratuais particulares, sem desenvolvimento dos critérios gerais da Aula 07."
BASE-PEREIRA-CAIO-MARIO-III,capitulo-xlix,aula-07.html,unused,"Empreitada e transporte: disciplina de espécies contratuais particulares, sem desenvolvimento dos critérios gerais da Aula 07."
BASE-PEREIRA-CAIO-MARIO-III,capitulo-l,aula-07.html,unused,"Empréstimo: disciplina de espécies contratuais particulares, sem desenvolvimento dos critérios gerais da Aula 07."
BASE-PEREIRA-CAIO-MARIO-III,capitulo-li,aula-07.html,unused,"Depósito: disciplina de espécies contratuais particulares, sem desenvolvimento dos critérios gerais da Aula 07."
BASE-PEREIRA-CAIO-MARIO-III,capitulo-lii,aula-07.html,unused,"Prestação de serviços, corretagem, comissão, agência e franquia: disciplina de espécies contratuais particulares, sem desenvolvimento dos critérios gerais da Aula 07."
BASE-PEREIRA-CAIO-MARIO-III,capitulo-liii,aula-07.html,unused,"Mandato e gestão de negócios: disciplina de espécies contratuais particulares, sem desenvolvimento dos critérios gerais da Aula 07."
BASE-PEREIRA-CAIO-MARIO-III,capitulo-liv,aula-07.html,unused,"Fidúcia: disciplina de espécies contratuais particulares, sem desenvolvimento dos critérios gerais da Aula 07."
BASE-PEREIRA-CAIO-MARIO-III,capitulo-lv,aula-07.html,unused,"Sociedade e parceria: disciplina de espécies contratuais particulares, sem desenvolvimento dos critérios gerais da Aula 07."
BASE-PEREIRA-CAIO-MARIO-III,capitulo-lvi,aula-07.html,unused,"Edição e representação dramática: disciplina de espécies contratuais particulares, sem desenvolvimento dos critérios gerais da Aula 07."
BASE-PEREIRA-CAIO-MARIO-III,capitulo-lvii,aula-07.html,unused,"Seguro: disciplina de espécies contratuais particulares, sem desenvolvimento dos critérios gerais da Aula 07."
BASE-PEREIRA-CAIO-MARIO-III,capitulo-lviii,aula-07.html,unused,"Constituição de renda: disciplina de espécies contratuais particulares, sem desenvolvimento dos critérios gerais da Aula 07."
BASE-VENOSA,BASE-VENOSA-01,aula-07.html,unused,Universo das relações contratuais: introdução geral sem desenvolvimento dos critérios classificatórios previstos na Aula 07.
BASE-VENOSA,BASE-VENOSA-01,aula-07.html,background,Pré-requisito herdado de S0 — aula-01.html: Classificar exige primeiro reconhecer o vínculo e as prestações que o compõem..
BASE-VENOSA,BASE-VENOSA-02,aula-07.html,unused,"Princípios gerais, adesão e novas manifestações: conteúdo das Aulas 02–03 e 08, sem o recorte classificatório da Aula 07."
BASE-VENOSA,BASE-VENOSA-02,aula-07.html,background,Pré-requisito herdado de S0 — aula-02.html: Os efeitos relativos ajudam a distinguir um contrato isolado de vínculos coligados ou conexos..
BASE-VENOSA,BASE-VENOSA-03,aula-07.html,primary,"Classificação dos contratos: desenvolve bilaterais/unilaterais e exceptio non adimpleti contractus, expressamente previstos na Aula 07."
BASE-VENOSA,BASE-VENOSA-04,aula-07.html,primary,"Classificação dos contratos: aborda onerosos/gratuitos, comutativos/aleatórios, vícios redibitórios, evicção e contratos mistos/conexos, nos termos da Aula 07."
BASE-VENOSA,BASE-VENOSA-05,aula-07.html,unused,"Classificação III trata consensuais/reais, formais, principais/acessórios e execução; esses critérios pertencem à Aula 08."
BASE-VENOSA,BASE-VENOSA-06,aula-07.html,unused,"Elementos do contrato: capítulo sobre os requisitos do negócio, não sobre as classes contratuais da Aula 07."
BASE-VENOSA,BASE-VENOSA-07,aula-07.html,unused,"Interpretação dos contratos: matéria própria, sem desenvolver os critérios de classificação da Aula 07."
BASE-VENOSA,BASE-VENOSA-08,aula-07.html,unused,"Imprevisão e revisão: consequências da alteração das circunstâncias, não os critérios classificatórios da Aula 07."
BASE-VENOSA,BASE-VENOSA-09,aula-07.html,unused,Responsabilidade contratual e pré/pós-contratual: tema distinto das categorias contratuais da Aula 07.
BASE-VENOSA,BASE-VENOSA-10,aula-07.html,unused,Relatividade e efeitos perante terceiros: princípio tratado na Aula 02; não desenvolve as categorias da Aula 07.
BASE-VENOSA,BASE-VENOSA-10,aula-07.html,background,Pré-requisito herdado de S0 — aula-02.html: Os efeitos relativos ajudam a distinguir um contrato isolado de vínculos coligados ou conexos..
BASE-VENOSA,BASE-VENOSA-11,aula-07.html,unused,Desfazimento e extinção: capítulo de resolução/resilição; a referência lateral à exceptio não acrescenta tratamento classificatório à Aula 07.
BASE-VENOSA,BASE-VENOSA-12,aula-07.html,unused,Formação e conclusão: matéria das Aulas 04–06; a menção à insegurança não desenvolve a exceção de inseguridade do recorte da Aula 07.
BASE-VENOSA,BASE-VENOSA-13,aula-07.html,primary,Vícios redibitórios: capítulo específico desenvolve o efeito referido na Aula 07 junto à distinção entre contratos comutativos e aleatórios.
BASE-VENOSA,BASE-VENOSA-14,aula-07.html,primary,Evicção: capítulo específico desenvolve a garantia referida na Aula 07 junto à distinção entre contratos onerosos e gratuitos.
BASE-VENOSA,BASE-VENOSA-15,aula-07.html,unused,"Vontade privada e contratos administrativos: disciplina setorial, sem desenvolvimento das classificações da Aula 07."
BASE-VENOSA,BASE-VENOSA-16,aula-07.html,unused,"Arbitragem: método de solução de controvérsias, fora dos critérios de classificação da Aula 07."
BASE-VENOSA,BASE-VENOSA-17,aula-07.html,unused,"Introdução aos contratos especiais: passagem para espécies contratuais, não para a classificação geral da Aula 07."
BASE-VENOSA,BASE-VENOSA-18-01,aula-07.html,unused,18 Compra e Venda: capítulo de espécie contratual especial; menções incidentais a categorias não substituem o tratamento geral da Aula 07.
BASE-VENOSA,BASE-VENOSA-18-02,aula-07.html,unused,18 Compra e Venda: capítulo de espécie contratual especial; menções incidentais a categorias não substituem o tratamento geral da Aula 07.
BASE-VENOSA,BASE-VENOSA-18-03,aula-07.html,unused,18 Compra e Venda: capítulo de espécie contratual especial; menções incidentais a categorias não substituem o tratamento geral da Aula 07.
BASE-VENOSA,BASE-VENOSA-19-01,aula-07.html,unused,19 Cláusulas Especiais da Compra e Venda: capítulo de espécie contratual especial; menções incidentais a categorias não substituem o tratamento geral da Aula 07.
BASE-VENOSA,BASE-VENOSA-19-02,aula-07.html,unused,19 Cláusulas Especiais da Compra e Venda: capítulo de espécie contratual especial; menções incidentais a categorias não substituem o tratamento geral da Aula 07.
BASE-VENOSA,BASE-VENOSA-20,aula-07.html,unused,20 Troca ou Permuta: capítulo de espécie contratual especial; menções incidentais a categorias não substituem o tratamento geral da Aula 07.
BASE-VENOSA,BASE-VENOSA-21,aula-07.html,unused,21 Contrato Estimatório ou de Consignação: capítulo de espécie contratual especial; menções incidentais a categorias não substituem o tratamento geral da Aula 07.
BASE-VENOSA,BASE-VENOSA-22-01,aula-07.html,unused,22 Doação: capítulo de espécie contratual especial; menções incidentais a categorias não substituem o tratamento geral da Aula 07.
BASE-VENOSA,BASE-VENOSA-22-02,aula-07.html,unused,22 Doação: capítulo de espécie contratual especial; menções incidentais a categorias não substituem o tratamento geral da Aula 07.
BASE-VENOSA,BASE-VENOSA-23-01,aula-07.html,unused,Lei do Inquilinato: capítulo de espécie contratual especial; menções incidentais a categorias não substituem o tratamento geral da Aula 07.
BASE-VENOSA,BASE-VENOSA-23-02,aula-07.html,unused,Lei do Inquilinato: capítulo de espécie contratual especial; menções incidentais a categorias não substituem o tratamento geral da Aula 07.
BASE-VENOSA,BASE-VENOSA-24,aula-07.html,unused,24 Empréstimo: Comodato: capítulo de espécie contratual especial; menções incidentais a categorias não substituem o tratamento geral da Aula 07.
BASE-VENOSA,BASE-VENOSA-25,aula-07.html,unused,25 Empréstimo: Mútuo: capítulo de espécie contratual especial; menções incidentais a categorias não substituem o tratamento geral da Aula 07.
BASE-VENOSA,BASE-VENOSA-27,aula-07.html,unused,27 Empreitada: capítulo de espécie contratual especial; menções incidentais a categorias não substituem o tratamento geral da Aula 07.
BASE-VENOSA,BASE-VENOSA-28,aula-07.html,unused,28 Depósito: capítulo de espécie contratual especial; menções incidentais a categorias não substituem o tratamento geral da Aula 07.
BASE-VENOSA,BASE-VENOSA-29-01,aula-07.html,unused,29 Mandato: capítulo de espécie contratual especial; menções incidentais a categorias não substituem o tratamento geral da Aula 07.
BASE-VENOSA,BASE-VENOSA-29-02,aula-07.html,unused,29 Mandato: capítulo de espécie contratual especial; menções incidentais a categorias não substituem o tratamento geral da Aula 07.
BASE-VENOSA,BASE-VENOSA-30,aula-07.html,unused,30 Comissão: capítulo de espécie contratual especial; menções incidentais a categorias não substituem o tratamento geral da Aula 07.
BASE-VENOSA,BASE-VENOSA-31,aula-07.html,unused,31 Agência e Distribuição: capítulo de espécie contratual especial; menções incidentais a categorias não substituem o tratamento geral da Aula 07.
BASE-VENOSA,BASE-VENOSA-32,aula-07.html,unused,32 Corretagem: capítulo de espécie contratual especial; menções incidentais a categorias não substituem o tratamento geral da Aula 07.
BASE-VENOSA,BASE-VENOSA-33-01,aula-07.html,unused,33 Transporte: capítulo de espécie contratual especial; menções incidentais a categorias não substituem o tratamento geral da Aula 07.
BASE-VENOSA,BASE-VENOSA-33-02,aula-07.html,unused,33 Transporte: capítulo de espécie contratual especial; menções incidentais a categorias não substituem o tratamento geral da Aula 07.
BASE-VENOSA,BASE-VENOSA-34-01,aula-07.html,unused,34 Seguro: capítulo de espécie contratual especial; menções incidentais a categorias não substituem o tratamento geral da Aula 07.
BASE-VENOSA,BASE-VENOSA-34-02,aula-07.html,unused,34 Seguro: capítulo de espécie contratual especial; menções incidentais a categorias não substituem o tratamento geral da Aula 07.
BASE-VENOSA,BASE-VENOSA-35,aula-07.html,unused,35 Constituição de Renda: capítulo de espécie contratual especial; menções incidentais a categorias não substituem o tratamento geral da Aula 07.
BASE-VENOSA,BASE-VENOSA-36,aula-07.html,unused,36 Jogo e Aposta: capítulo de espécie contratual especial; menções incidentais a categorias não substituem o tratamento geral da Aula 07.
BASE-VENOSA,BASE-VENOSA-37-01,aula-07.html,unused,37 Fiança: capítulo de espécie contratual especial; menções incidentais a categorias não substituem o tratamento geral da Aula 07.
BASE-VENOSA,BASE-VENOSA-37-02,aula-07.html,unused,37 Fiança: capítulo de espécie contratual especial; menções incidentais a categorias não substituem o tratamento geral da Aula 07.
BASE-VENOSA,BASE-VENOSA-38,aula-07.html,unused,38 Dos Atos Unilaterais: Promessa de Recompensa. Concurso: capítulo de espécie contratual especial; menções incidentais a categorias não substituem o tratamento geral da Aula 07.
BASE-VENOSA,BASE-VENOSA-39,aula-07.html,unused,39 Dos Atos Unilaterais: Gestão de Negócios: capítulo de espécie contratual especial; menções incidentais a categorias não substituem o tratamento geral da Aula 07.
BASE-VENOSA,BASE-VENOSA-40,aula-07.html,unused,40 Fornecimento: capítulo de espécie contratual especial; menções incidentais a categorias não substituem o tratamento geral da Aula 07.
BASE-VENOSA,BASE-VENOSA-41,aula-07.html,unused,41 Incorporação Imobiliária: capítulo de espécie contratual especial; menções incidentais a categorias não substituem o tratamento geral da Aula 07.
BASE-VENOSA,BASE-VENOSA-42,aula-07.html,unused,42 Compromisso de Compra e Venda: capítulo de espécie contratual especial; menções incidentais a categorias não substituem o tratamento geral da Aula 07.
BASE-VENOSA,BASE-VENOSA-43,aula-07.html,unused,43 Garagem: capítulo de espécie contratual especial; menções incidentais a categorias não substituem o tratamento geral da Aula 07.
BASE-VENOSA,BASE-VENOSA-44,aula-07.html,unused,44 Representação Comercial: capítulo de espécie contratual especial; menções incidentais a categorias não substituem o tratamento geral da Aula 07.
BASE-VENOSA,BASE-VENOSA-45,aula-07.html,unused,45 Transferência de Tecnologia. Licença e Know-How: capítulo de espécie contratual especial; menções incidentais a categorias não substituem o tratamento geral da Aula 07.
BASE-VENOSA,BASE-VENOSA-46,aula-07.html,unused,46 Franquia: capítulo de espécie contratual especial; menções incidentais a categorias não substituem o tratamento geral da Aula 07.
BASE-VENOSA,BASE-VENOSA-47,aula-07.html,unused,47 Factoring (Faturização): capítulo de espécie contratual especial; menções incidentais a categorias não substituem o tratamento geral da Aula 07.
BASE-VENOSA,BASE-VENOSA-48,aula-07.html,unused,48 Leasing (Arrendamento Mercantil): capítulo de espécie contratual especial; menções incidentais a categorias não substituem o tratamento geral da Aula 07.
BASE-VENOSA,BASE-VENOSA-49,aula-07.html,unused,49 Sociedade: capítulo de espécie contratual especial; menções incidentais a categorias não substituem o tratamento geral da Aula 07.
BASE-VENOSA,BASE-VENOSA-50,aula-07.html,unused,50 Contratos Agrários: Arrendamento e Parceria: capítulo de espécie contratual especial; menções incidentais a categorias não substituem o tratamento geral da Aula 07.
BASE-VENOSA,BASE-VENOSA-51,aula-07.html,unused,51 Contratos de Direitos Autorais: capítulo de espécie contratual especial; menções incidentais a categorias não substituem o tratamento geral da Aula 07.
exercicios-tgc-2026-2,document,aula-07.html,unused,Exercícios TGC 2026.2: questões de prática reservadas ao slot S4; não são fonte doutrinária no S3.
gabarito-primeira-lista-exercicios-tgc,document,aula-07.html,unused,Gabarito Primeira Lista de Exercícios TGC: gabarito de exercícios reservado ao slot S4; não é fonte doutrinária no S3.
gabarito-questoes-extra-tgc,document,aula-07.html,unused,Gabarito Questões Extra TGC: gabarito de exercícios reservado ao slot S4; não é fonte doutrinária no S3.
peer-p1-antiga-com-gabarito,document,aula-07.html,unused,"Prova antiga da P1 com gabarito: prova/lista compartilhada de turma anterior, reservada ao slot S4 de avaliação; não é leitura doutrinária do S3."
peer-p1-antiga-sem-gabarito,document,aula-07.html,unused,"Prova antiga da P1 sem gabarito: prova/lista compartilhada de turma anterior, reservada ao slot S4 de avaliação; não é leitura doutrinária do S3."
peer-p1-lista-questoes-1,document,aula-07.html,unused,"Primeira lista de questões para a P1: prova/lista compartilhada de turma anterior, reservada ao slot S4 de avaliação; não é leitura doutrinária do S3."
peer-p1-lista-questoes-2,document,aula-07.html,unused,"Segunda lista de exercícios para a P1: prova/lista compartilhada de turma anterior, reservada ao slot S4 de avaliação; não é leitura doutrinária do S3."
questoes-extra-tgc,document,aula-07.html,unused,Questões Extra TGC: questões de prática reservadas ao slot S4; não são fonte doutrinária no S3.
slides-aula-1-26,deck,aula-07.html,unused,"Slides da Aula 1, páginas 1 a 26: material de slides reservado ao slot S4; não entra como leitura doutrinária no S3."
slides-aula-10-moodle,deck,aula-07.html,unused,Slides da Aula 10: material de slides reservado ao slot S4; não entra como leitura doutrinária no S3.
slides-aula-2-27-45,deck,aula-07.html,unused,"Slides da Aula 2, páginas 27 a 45: material de slides reservado ao slot S4; não entra como leitura doutrinária no S3."
slides-aula-3,deck,aula-07.html,unused,Slides da Aula 3: material de slides reservado ao slot S4; não entra como leitura doutrinária no S3.
slides-aula-5-moodle,deck,aula-07.html,unused,Slides da Aula 5 Moodle: material de slides reservado ao slot S4; não entra como leitura doutrinária no S3.
slides-excecao-classificacao,deck,aula-07.html,unused,Slides: Exceção e Classificação: material de slides reservado ao slot S4; não entra como leitura doutrinária no S3.
slides-extras-aula-7,deck,aula-07.html,unused,Slides extras da Aula 7: material de slides reservado ao slot S4; não entra como leitura doutrinária no S3.
slides-moodle-aula-9,deck,aula-07.html,unused,Slides da Aula 9 Moodle: material de slides reservado ao slot S4; não entra como leitura doutrinária no S3.
BASE-PEREIRA-CAIO-MARIO-III,capitulo-xxxvii-part-01,aula-08.html,unused,"O capítulo desenvolve noção geral e função do contrato; não examina os critérios de classificação da Aula 08, tratados no capítulo XXXVIII."
BASE-PEREIRA-CAIO-MARIO-III,capitulo-xxxvii-part-01,aula-08.html,background,"Pré-requisito herdado de S0 — aula-05.html: A distinção entre consensual, formal e real parte do momento de formação do vínculo.."
BASE-PEREIRA-CAIO-MARIO-III,capitulo-xxxvii-part-02,aula-08.html,unused,"O capítulo desenvolve continuação da noção geral de contrato; não examina os critérios de classificação da Aula 08, tratados no capítulo XXXVIII."
BASE-PEREIRA-CAIO-MARIO-III,capitulo-xxxviii,aula-08.html,primary,"O sumário e os §§ 191, 195 e 197 tratam de contratos consensuais/formais/reais, execução imediata/diferida/sucessiva e adesão, eixos da Aula 08."
BASE-PEREIRA-CAIO-MARIO-III,capitulo-xxxix,aula-08.html,unused,"O capítulo desenvolve contrato preliminar; não examina os critérios de classificação da Aula 08, tratados no capítulo XXXVIII."
BASE-PEREIRA-CAIO-MARIO-III,capitulo-xl,aula-08.html,unused,"O capítulo desenvolve arras; não examina os critérios de classificação da Aula 08, tratados no capítulo XXXVIII."
BASE-PEREIRA-CAIO-MARIO-III,capitulo-xli,aula-08.html,unused,"O capítulo desenvolve relatividade dos contratos; não examina os critérios de classificação da Aula 08, tratados no capítulo XXXVIII."
BASE-PEREIRA-CAIO-MARIO-III,capitulo-xlii,aula-08.html,unused,"O capítulo desenvolve vícios redibitórios; não examina os critérios de classificação da Aula 08, tratados no capítulo XXXVIII."
BASE-PEREIRA-CAIO-MARIO-III,capitulo-xliii,aula-08.html,unused,"O capítulo desenvolve evicção; não examina os critérios de classificação da Aula 08, tratados no capítulo XXXVIII."
BASE-PEREIRA-CAIO-MARIO-III,capitulo-xliv,aula-08.html,unused,"O capítulo desenvolve extinção dos contratos; não examina os critérios de classificação da Aula 08, tratados no capítulo XXXVIII."
BASE-PEREIRA-CAIO-MARIO-III,capitulo-xlv,aula-08.html,unused,"O capítulo desenvolve compra e venda e troca; não examina os critérios de classificação da Aula 08, tratados no capítulo XXXVIII."
BASE-PEREIRA-CAIO-MARIO-III,capitulo-xlvi-part-01,aula-08.html,unused,"O capítulo desenvolve modalidades especiais da compra e venda; não examina os critérios de classificação da Aula 08, tratados no capítulo XXXVIII."
BASE-PEREIRA-CAIO-MARIO-III,capitulo-xlvi-part-02,aula-08.html,unused,"O capítulo desenvolve modalidades especiais da compra e venda; não examina os critérios de classificação da Aula 08, tratados no capítulo XXXVIII."
BASE-PEREIRA-CAIO-MARIO-III,capitulo-xlvii,aula-08.html,unused,"O capítulo desenvolve doação; não examina os critérios de classificação da Aula 08, tratados no capítulo XXXVIII."
BASE-PEREIRA-CAIO-MARIO-III,capitulo-xlviii-part-01,aula-08.html,unused,"O capítulo desenvolve locação de coisas; não examina os critérios de classificação da Aula 08, tratados no capítulo XXXVIII."
BASE-PEREIRA-CAIO-MARIO-III,capitulo-xlviii-part-02,aula-08.html,unused,"O capítulo desenvolve locação de coisas; não examina os critérios de classificação da Aula 08, tratados no capítulo XXXVIII."
BASE-PEREIRA-CAIO-MARIO-III,capitulo-xlix,aula-08.html,unused,"O capítulo desenvolve empreitada e transporte; não examina os critérios de classificação da Aula 08, tratados no capítulo XXXVIII."
BASE-PEREIRA-CAIO-MARIO-III,capitulo-l,aula-08.html,unused,"O capítulo desenvolve empréstimo; não examina os critérios de classificação da Aula 08, tratados no capítulo XXXVIII."
BASE-PEREIRA-CAIO-MARIO-III,capitulo-li,aula-08.html,unused,"O capítulo desenvolve depósito; não examina os critérios de classificação da Aula 08, tratados no capítulo XXXVIII."
BASE-PEREIRA-CAIO-MARIO-III,capitulo-lii,aula-08.html,unused,"O capítulo desenvolve prestação de serviços e intermediação; não examina os critérios de classificação da Aula 08, tratados no capítulo XXXVIII."
BASE-PEREIRA-CAIO-MARIO-III,capitulo-liii,aula-08.html,unused,"O capítulo desenvolve mandato e gestão de negócios; não examina os critérios de classificação da Aula 08, tratados no capítulo XXXVIII."
BASE-PEREIRA-CAIO-MARIO-III,capitulo-liv,aula-08.html,unused,"O capítulo desenvolve fidúcia; não examina os critérios de classificação da Aula 08, tratados no capítulo XXXVIII."
BASE-PEREIRA-CAIO-MARIO-III,capitulo-lv,aula-08.html,unused,"O capítulo desenvolve sociedade e parceria; não examina os critérios de classificação da Aula 08, tratados no capítulo XXXVIII."
BASE-PEREIRA-CAIO-MARIO-III,capitulo-lvi,aula-08.html,unused,"O capítulo desenvolve edição e representação dramática; não examina os critérios de classificação da Aula 08, tratados no capítulo XXXVIII."
BASE-PEREIRA-CAIO-MARIO-III,capitulo-lvii,aula-08.html,unused,"O capítulo desenvolve seguro; não examina os critérios de classificação da Aula 08, tratados no capítulo XXXVIII."
BASE-PEREIRA-CAIO-MARIO-III,capitulo-lviii,aula-08.html,unused,"O capítulo desenvolve constituição de renda; não examina os critérios de classificação da Aula 08, tratados no capítulo XXXVIII."
BASE-VENOSA,BASE-VENOSA-01,aula-08.html,unused,"O capítulo trata de universo das relações contratuais, tema distinto dos critérios de classificação contratual da Aula 08."
BASE-VENOSA,BASE-VENOSA-02,aula-08.html,primary,"A seção 2.5 distingue negociação paritária, cláusulas predispostas e contrato de adesão, cobrindo diretamente esse eixo da Aula 08."
BASE-VENOSA,BASE-VENOSA-03,aula-08.html,unused,"O capítulo se concentra em classificações por bilateralidade, onerosidade e risco, recorte da Aula 07; não cobre os eixos específicos de forma, acessoriedade, duração e paridade/adesão desta aula."
BASE-VENOSA,BASE-VENOSA-03,aula-08.html,background,Pré-requisito herdado de S0 — aula-07.html: A segunda parte aplica o mesmo método de classificação a outros eixos do contrato..
BASE-VENOSA,BASE-VENOSA-04,aula-08.html,unused,"O capítulo se concentra em contratos gratuitos/onerosos, comutativos/aleatórios e típicos/atípicos, recorte da Aula 07; não cobre os eixos específicos de forma, acessoriedade, duração e paridade/adesão desta aula."
BASE-VENOSA,BASE-VENOSA-04,aula-08.html,background,Pré-requisito herdado de S0 — aula-07.html: A segunda parte aplica o mesmo método de classificação a outros eixos do contrato..
BASE-VENOSA,BASE-VENOSA-05,aula-08.html,primary,"O capítulo aborda contratos consensuais/reais, formais, principais/acessórios e instantâneos/de duração, critérios expressos no programa."
BASE-VENOSA,BASE-VENOSA-06,aula-08.html,unused,"O capítulo trata de elementos do contrato, tema distinto dos critérios de classificação contratual da Aula 08."
BASE-VENOSA,BASE-VENOSA-07,aula-08.html,unused,"O capítulo trata de interpretação dos contratos, tema distinto dos critérios de classificação contratual da Aula 08."
BASE-VENOSA,BASE-VENOSA-08,aula-08.html,unused,"O capítulo trata de imprevisão e revisão dos contratos, tema distinto dos critérios de classificação contratual da Aula 08."
BASE-VENOSA,BASE-VENOSA-09,aula-08.html,unused,"O capítulo trata de responsabilidade contratual, pré-contratual e pós-contratual, tema distinto dos critérios de classificação contratual da Aula 08."
BASE-VENOSA,BASE-VENOSA-10,aula-08.html,unused,"O capítulo trata de relatividade e efeitos perante terceiros, tema distinto dos critérios de classificação contratual da Aula 08."
BASE-VENOSA,BASE-VENOSA-11,aula-08.html,unused,"O capítulo trata de desfazimento e extinção dos contratos, tema distinto dos critérios de classificação contratual da Aula 08."
BASE-VENOSA,BASE-VENOSA-12,aula-08.html,unused,"O capítulo trata de formação e conclusão dos contratos, tema distinto dos critérios de classificação contratual da Aula 08."
BASE-VENOSA,BASE-VENOSA-12,aula-08.html,background,"Pré-requisito herdado de S0 — aula-05.html: A distinção entre consensual, formal e real parte do momento de formação do vínculo.."
BASE-VENOSA,BASE-VENOSA-13,aula-08.html,unused,"O capítulo trata de vícios redibitórios, tema distinto dos critérios de classificação contratual da Aula 08."
BASE-VENOSA,BASE-VENOSA-13,aula-08.html,background,Pré-requisito herdado de S0 — aula-07.html: A segunda parte aplica o mesmo método de classificação a outros eixos do contrato..
BASE-VENOSA,BASE-VENOSA-14,aula-08.html,unused,"O capítulo trata de evicção, tema distinto dos critérios de classificação contratual da Aula 08."
BASE-VENOSA,BASE-VENOSA-14,aula-08.html,background,Pré-requisito herdado de S0 — aula-07.html: A segunda parte aplica o mesmo método de classificação a outros eixos do contrato..
BASE-VENOSA,BASE-VENOSA-15,aula-08.html,unused,"O capítulo trata de vontade privada e contratos administrativos, tema distinto dos critérios de classificação contratual da Aula 08."
BASE-VENOSA,BASE-VENOSA-16,aula-08.html,unused,"O capítulo trata de arbitragem, tema distinto dos critérios de classificação contratual da Aula 08."
BASE-VENOSA,BASE-VENOSA-17,aula-08.html,unused,"O capítulo trata de introdução aos contratos especiais, tema distinto dos critérios de classificação contratual da Aula 08."
BASE-VENOSA,BASE-VENOSA-18-01,aula-08.html,unused,"O capítulo trata de compra e venda: conceito e efeitos, tema distinto dos critérios de classificação contratual da Aula 08."
BASE-VENOSA,BASE-VENOSA-18-02,aula-08.html,unused,"O capítulo trata de venda ad corpus e ad mensuram, tema distinto dos critérios de classificação contratual da Aula 08."
BASE-VENOSA,BASE-VENOSA-18-03,aula-08.html,unused,"O capítulo trata de Incoterms na compra e venda, tema distinto dos critérios de classificação contratual da Aula 08."
BASE-VENOSA,BASE-VENOSA-19-01,aula-08.html,unused,"O capítulo trata de cláusulas especiais de compra e venda: retrovenda, tema distinto dos critérios de classificação contratual da Aula 08."
BASE-VENOSA,BASE-VENOSA-19-02,aula-08.html,unused,"O capítulo trata de cláusulas especiais da compra e venda, tema distinto dos critérios de classificação contratual da Aula 08."
BASE-VENOSA,BASE-VENOSA-20,aula-08.html,unused,"O capítulo trata de troca ou permuta, tema distinto dos critérios de classificação contratual da Aula 08."
BASE-VENOSA,BASE-VENOSA-21,aula-08.html,unused,"O capítulo trata de contrato estimatório ou consignação, tema distinto dos critérios de classificação contratual da Aula 08."
BASE-VENOSA,BASE-VENOSA-22-01,aula-08.html,unused,"O capítulo trata de doação: conceito e natureza, tema distinto dos critérios de classificação contratual da Aula 08."
BASE-VENOSA,BASE-VENOSA-22-02,aula-08.html,unused,"O capítulo trata de revogação da doação, tema distinto dos critérios de classificação contratual da Aula 08."
BASE-VENOSA,BASE-VENOSA-23-01,aula-08.html,unused,"O capítulo trata de locação de coisas e Lei do Inquilinato, tema distinto dos critérios de classificação contratual da Aula 08."
BASE-VENOSA,BASE-VENOSA-23-02,aula-08.html,unused,"O capítulo trata de aluguel e ação revisional, tema distinto dos critérios de classificação contratual da Aula 08."
BASE-VENOSA,BASE-VENOSA-24,aula-08.html,supporting,O comodato concretiza o contrato real: a entrega da coisa integra a formação; serve de exemplo ao eixo real/consensual.
BASE-VENOSA,BASE-VENOSA-25,aula-08.html,unused,"O capítulo trata de mútuo, tema distinto dos critérios de classificação contratual da Aula 08."
BASE-VENOSA,BASE-VENOSA-27,aula-08.html,unused,"O capítulo trata de empreitada, tema distinto dos critérios de classificação contratual da Aula 08."
BASE-VENOSA,BASE-VENOSA-28,aula-08.html,supporting,"O depósito é apresentado como contrato real que se aperfeiçoa com a entrega, exemplo material do critério de formação."
BASE-VENOSA,BASE-VENOSA-29-01,aula-08.html,unused,"O capítulo trata de mandato e representação, tema distinto dos critérios de classificação contratual da Aula 08."
BASE-VENOSA,BASE-VENOSA-29-02,aula-08.html,unused,"O capítulo trata de procuração em causa própria e autocontrato, tema distinto dos critérios de classificação contratual da Aula 08."
BASE-VENOSA,BASE-VENOSA-30,aula-08.html,unused,"O capítulo trata de comissão, tema distinto dos critérios de classificação contratual da Aula 08."
BASE-VENOSA,BASE-VENOSA-31,aula-08.html,unused,"O capítulo trata de agência e distribuição, tema distinto dos critérios de classificação contratual da Aula 08."
BASE-VENOSA,BASE-VENOSA-32,aula-08.html,unused,"O capítulo trata de corretagem, tema distinto dos critérios de classificação contratual da Aula 08."
BASE-VENOSA,BASE-VENOSA-33-01,aula-08.html,unused,"O capítulo trata de transporte: conceito, tema distinto dos critérios de classificação contratual da Aula 08."
BASE-VENOSA,BASE-VENOSA-33-02,aula-08.html,unused,"O capítulo trata de transporte de passageiros, tema distinto dos critérios de classificação contratual da Aula 08."
BASE-VENOSA,BASE-VENOSA-34-01,aula-08.html,unused,"O capítulo trata de seguro: conceito, tema distinto dos critérios de classificação contratual da Aula 08."
BASE-VENOSA,BASE-VENOSA-34-02,aula-08.html,unused,"O capítulo trata de sub-rogação no seguro, tema distinto dos critérios de classificação contratual da Aula 08."
BASE-VENOSA,BASE-VENOSA-35,aula-08.html,unused,"O capítulo trata de constituição de renda, tema distinto dos critérios de classificação contratual da Aula 08."
BASE-VENOSA,BASE-VENOSA-36,aula-08.html,unused,"O capítulo trata de jogo e aposta, tema distinto dos critérios de classificação contratual da Aula 08."
BASE-VENOSA,BASE-VENOSA-37-01,aula-08.html,supporting,"A fiança é descrita como obrigação acessória de garantia, exemplo direto da relação entre contrato principal e acessório."
BASE-VENOSA,BASE-VENOSA-37-02,aula-08.html,unused,"O capítulo trata de extinção da fiança, não sua função acessória; a função acessória da fiança está no capítulo 37.1 selecionado como apoio."
BASE-VENOSA,BASE-VENOSA-38,aula-08.html,unused,"O capítulo trata de promessa de recompensa e concurso, tema distinto dos critérios de classificação contratual da Aula 08."
BASE-VENOSA,BASE-VENOSA-39,aula-08.html,unused,"O capítulo trata de gestão de negócios, tema distinto dos critérios de classificação contratual da Aula 08."
BASE-VENOSA,BASE-VENOSA-40,aula-08.html,unused,"O capítulo trata de fornecimento, tema distinto dos critérios de classificação contratual da Aula 08."
BASE-VENOSA,BASE-VENOSA-41,aula-08.html,unused,"O capítulo trata de incorporação imobiliária, tema distinto dos critérios de classificação contratual da Aula 08."
BASE-VENOSA,BASE-VENOSA-42,aula-08.html,unused,"O capítulo trata de compromisso de compra e venda, tema distinto dos critérios de classificação contratual da Aula 08."
BASE-VENOSA,BASE-VENOSA-43,aula-08.html,unused,"O capítulo trata de garagem, tema distinto dos critérios de classificação contratual da Aula 08."
BASE-VENOSA,BASE-VENOSA-44,aula-08.html,unused,"O capítulo trata de representação comercial, tema distinto dos critérios de classificação contratual da Aula 08."
BASE-VENOSA,BASE-VENOSA-45,aula-08.html,unused,"O capítulo trata de transferência de tecnologia e licença, tema distinto dos critérios de classificação contratual da Aula 08."
BASE-VENOSA,BASE-VENOSA-46,aula-08.html,unused,"O capítulo trata de franquia, tema distinto dos critérios de classificação contratual da Aula 08."
BASE-VENOSA,BASE-VENOSA-47,aula-08.html,unused,"O capítulo trata de factoring, tema distinto dos critérios de classificação contratual da Aula 08."
BASE-VENOSA,BASE-VENOSA-48,aula-08.html,unused,"O capítulo trata de leasing, tema distinto dos critérios de classificação contratual da Aula 08."
BASE-VENOSA,BASE-VENOSA-49,aula-08.html,unused,"O capítulo trata de sociedade, tema distinto dos critérios de classificação contratual da Aula 08."
BASE-VENOSA,BASE-VENOSA-50,aula-08.html,unused,"O capítulo trata de contratos agrários, tema distinto dos critérios de classificação contratual da Aula 08."
BASE-VENOSA,BASE-VENOSA-51,aula-08.html,unused,"O capítulo trata de contratos de direitos autorais, tema distinto dos critérios de classificação contratual da Aula 08."
exercicios-tgc-2026-2,document,aula-08.html,unused,"Exercícios TGC 2026.2 é exercício de curso; atividades ficam nos slots S4, fora da seleção de leituras S3."
gabarito-primeira-lista-exercicios-tgc,document,aula-08.html,unused,"Gabarito Primeira Lista de Exercícios TGC é gabarito de exercícios; respostas ficam nos slots S4, fora da seleção de leituras S3."
gabarito-questoes-extra-tgc,document,aula-08.html,unused,"Gabarito Questões Extra TGC é gabarito de exercícios; respostas ficam nos slots S4, fora da seleção de leituras S3."
peer-p1-antiga-com-gabarito,document,aula-08.html,unused,"Prova antiga da P1 com gabarito é prova antiga; avaliações ficam nos slots S4, fora da seleção de leituras S3."
peer-p1-antiga-sem-gabarito,document,aula-08.html,unused,"Prova antiga da P1 sem gabarito é prova antiga; avaliações ficam nos slots S4, fora da seleção de leituras S3."
peer-p1-lista-questoes-1,document,aula-08.html,unused,"Primeira lista de questões para a P1 é lista de questões; exercícios ficam nos slots S4, fora da seleção de leituras S3."
peer-p1-lista-questoes-2,document,aula-08.html,unused,"Segunda lista de exercícios para a P1 é lista de questões; exercícios ficam nos slots S4, fora da seleção de leituras S3."
questoes-extra-tgc,document,aula-08.html,unused,"Questões Extra TGC é lista de questões; exercícios ficam nos slots S4, fora da seleção de leituras S3."
slides-aula-1-26,deck,aula-08.html,unused,"Slides da Aula 1, páginas 1 a 26 é material de aula; slides ficam nos slots S4, enquanto S3 seleciona leituras por capítulo."
slides-aula-10-moodle,deck,aula-08.html,unused,"Slides da Aula 10 é material de aula; slides ficam nos slots S4, enquanto S3 seleciona leituras por capítulo."
slides-aula-2-27-45,deck,aula-08.html,unused,"Slides da Aula 2, páginas 27 a 45 é material de aula; slides ficam nos slots S4, enquanto S3 seleciona leituras por capítulo."
slides-aula-3,deck,aula-08.html,unused,"Slides da Aula 3 é material de aula; slides ficam nos slots S4, enquanto S3 seleciona leituras por capítulo."
slides-aula-5-moodle,deck,aula-08.html,unused,"Slides da Aula 5 Moodle é material de aula; slides ficam nos slots S4, enquanto S3 seleciona leituras por capítulo."
slides-excecao-classificacao,deck,aula-08.html,unused,"Slides: Exceção e Classificação é material de aula; slides ficam nos slots S4, enquanto S3 seleciona leituras por capítulo."
slides-extras-aula-7,deck,aula-08.html,unused,"Slides extras da Aula 7 é material de aula; slides ficam nos slots S4, enquanto S3 seleciona leituras por capítulo."
slides-moodle-aula-9,deck,aula-08.html,unused,"Slides da Aula 9 Moodle é material de aula; slides ficam nos slots S4, enquanto S3 seleciona leituras por capítulo."
BASE-PEREIRA-CAIO-MARIO-III,capitulo-xxxvii-part-01,aula-09.html,unused,"Cap. XXXVII, parte 1, cobre noção geral, princípios e formação (n. 184–188); a seção de interpretação contratual (n. 189) está na parte 2."
BASE-PEREIRA-CAIO-MARIO-III,capitulo-xxxvii-part-01,aula-09.html,background,Pré-requisito herdado de S0 — aula-01.html: Interpretar o contrato exige reconhecer as declarações que compõem o negócio jurídico.; aula-03.html: A boa-fé objetiva orienta a leitura do comportamento e da confiança gerada.; aula-05.html: Oferta e aceitação fornecem as declarações iniciais cujo sentido será interpretado..
BASE-PEREIRA-CAIO-MARIO-III,capitulo-xxxvii-part-02,aula-09.html,primary,"Interpretação dos contratos (n. 189): vontade declarada, intenção, boa-fé, usos e regras para adesão; 3.691 palavras. Com Venosa 07, a bibliografia básica essencial soma 10.522 palavras."
BASE-PEREIRA-CAIO-MARIO-III,capitulo-xxxviii,aula-09.html,unused,"cap. XXXVIII: C Lassificação Dos C Ontratos: o capítulo trata esse tema contratual específico, sem desenvolver a interpretação dos contratos da Aula 09."
BASE-PEREIRA-CAIO-MARIO-III,capitulo-xxxix,aula-09.html,unused,"cap. XXXIX: C Ontrato P Reliminar: o capítulo trata esse tema contratual específico, sem desenvolver a interpretação dos contratos da Aula 09."
BASE-PEREIRA-CAIO-MARIO-III,capitulo-xl,aula-09.html,unused,"cap. XL: A Rras: o capítulo trata esse tema contratual específico, sem desenvolver a interpretação dos contratos da Aula 09."
BASE-PEREIRA-CAIO-MARIO-III,capitulo-xli,aula-09.html,unused,"cap. XLI: R Elatividade Dos C Ontratos: o capítulo trata esse tema contratual específico, sem desenvolver a interpretação dos contratos da Aula 09."
BASE-PEREIRA-CAIO-MARIO-III,capitulo-xlii,aula-09.html,unused,"cap. XLII: V Ícios R Edibitórios: o capítulo trata esse tema contratual específico, sem desenvolver a interpretação dos contratos da Aula 09."
BASE-PEREIRA-CAIO-MARIO-III,capitulo-xliii,aula-09.html,unused,"cap. XLIII: E Vicção: o capítulo trata esse tema contratual específico, sem desenvolver a interpretação dos contratos da Aula 09."
BASE-PEREIRA-CAIO-MARIO-III,capitulo-xliv,aula-09.html,unused,"cap. XLIV: E Xtinção Dos C Ontratos: o capítulo trata esse tema contratual específico, sem desenvolver a interpretação dos contratos da Aula 09."
BASE-PEREIRA-CAIO-MARIO-III,capitulo-xlv,aula-09.html,unused,"cap. XLV: C Ompra E V Enda E T Roca: o capítulo trata esse tema contratual específico, sem desenvolver a interpretação dos contratos da Aula 09."
BASE-PEREIRA-CAIO-MARIO-III,capitulo-xlvi-part-01,aula-09.html,unused,"cap. XLVI: M Odalidades E Speciais De C Ompra E V Enda: parte 1: o capítulo trata esse tema contratual específico, sem desenvolver a interpretação dos contratos da Aula 09."
BASE-PEREIRA-CAIO-MARIO-III,capitulo-xlvi-part-02,aula-09.html,unused,"cap. XLVI: M Odalidades E Speciais De C Ompra E V Enda: parte 2: o capítulo trata esse tema contratual específico, sem desenvolver a interpretação dos contratos da Aula 09."
BASE-PEREIRA-CAIO-MARIO-III,capitulo-xlvii,aula-09.html,unused,"cap. XLVII: D Oação: o capítulo trata esse tema contratual específico, sem desenvolver a interpretação dos contratos da Aula 09."
BASE-PEREIRA-CAIO-MARIO-III,capitulo-xlviii-part-01,aula-09.html,unused,"cap. XLVIII: L Ocação De C Oisas: parte 1: o capítulo trata esse tema contratual específico, sem desenvolver a interpretação dos contratos da Aula 09."
BASE-PEREIRA-CAIO-MARIO-III,capitulo-xlviii-part-02,aula-09.html,unused,"cap. XLVIII: L Ocação De C Oisas: parte 2: o capítulo trata esse tema contratual específico, sem desenvolver a interpretação dos contratos da Aula 09."
BASE-PEREIRA-CAIO-MARIO-III,capitulo-xlix,aula-09.html,unused,"cap. XLIX: E Mpreitada – T Ransporte: o capítulo trata esse tema contratual específico, sem desenvolver a interpretação dos contratos da Aula 09."
BASE-PEREIRA-CAIO-MARIO-III,capitulo-l,aula-09.html,unused,"cap. L: E Mpréstimo: o capítulo trata esse tema contratual específico, sem desenvolver a interpretação dos contratos da Aula 09."
BASE-PEREIRA-CAIO-MARIO-III,capitulo-li,aula-09.html,unused,"cap. LI: D Epósito: o capítulo trata esse tema contratual específico, sem desenvolver a interpretação dos contratos da Aula 09."
BASE-PEREIRA-CAIO-MARIO-III,capitulo-lii,aula-09.html,unused,"cap. LII: P Restação De S Erviços – C Orretagem – C Omissão – A Gência , D Istribuição E “F Ranchising”: o capítulo trata esse tema contratual específico, sem desenvolver a interpretação dos contratos da Aula 09."
BASE-PEREIRA-CAIO-MARIO-III,capitulo-liii,aula-09.html,unused,"cap. LIII: M Andato – G Estão De N Egócios: o capítulo trata esse tema contratual específico, sem desenvolver a interpretação dos contratos da Aula 09."
BASE-PEREIRA-CAIO-MARIO-III,capitulo-liv,aula-09.html,unused,"cap. LIV: F Idúcia: o capítulo trata esse tema contratual específico, sem desenvolver a interpretação dos contratos da Aula 09."
BASE-PEREIRA-CAIO-MARIO-III,capitulo-lv,aula-09.html,unused,"cap. LV: S Ociedade – P Arceria: o capítulo trata esse tema contratual específico, sem desenvolver a interpretação dos contratos da Aula 09."
BASE-PEREIRA-CAIO-MARIO-III,capitulo-lvi,aula-09.html,unused,"cap. LVI: E Dição – R Epresentação D Ramática: o capítulo trata esse tema contratual específico, sem desenvolver a interpretação dos contratos da Aula 09."
BASE-PEREIRA-CAIO-MARIO-III,capitulo-lvii,aula-09.html,unused,"cap. LVII: S Eguro: o capítulo trata esse tema contratual específico, sem desenvolver a interpretação dos contratos da Aula 09."
BASE-PEREIRA-CAIO-MARIO-III,capitulo-lviii,aula-09.html,unused,"cap. LVIII: C Onstituição De R Enda: o capítulo trata esse tema contratual específico, sem desenvolver a interpretação dos contratos da Aula 09."
BASE-VENOSA,BASE-VENOSA-01,aula-09.html,unused,"Universo das Relações Contratuais: o capítulo trata esse tema contratual específico, sem desenvolver a interpretação dos contratos da Aula 09."
BASE-VENOSA,BASE-VENOSA-01,aula-09.html,background,Pré-requisito herdado de S0 — aula-01.html: Interpretar o contrato exige reconhecer as declarações que compõem o negócio jurídico..
BASE-VENOSA,BASE-VENOSA-02,aula-09.html,unused,"Princípios gerais, boa-fé hermenêutica e cláusulas de adesão poderiam apoiar a leitura; 10.202 palavras excedem o teto de 10.000 por item de apoio."
BASE-VENOSA,BASE-VENOSA-02,aula-09.html,background,Pré-requisito herdado de S0 — aula-03.html: A boa-fé objetiva orienta a leitura do comportamento e da confiança gerada..
BASE-VENOSA,BASE-VENOSA-03,aula-09.html,unused,"Classificação dos Contratos (I): o capítulo trata esse tema contratual específico, sem desenvolver a interpretação dos contratos da Aula 09."
BASE-VENOSA,BASE-VENOSA-04,aula-09.html,unused,"Classificação dos Contratos (II): o capítulo trata esse tema contratual específico, sem desenvolver a interpretação dos contratos da Aula 09."
BASE-VENOSA,BASE-VENOSA-05,aula-09.html,unused,"Classificação dos Contratos (III): o capítulo trata esse tema contratual específico, sem desenvolver a interpretação dos contratos da Aula 09."
BASE-VENOSA,BASE-VENOSA-06,aula-09.html,unused,"Elementos do contrato trata de requisitos e posições contratuais; a única referência localizada a interpretação é incidental, na sub-rogação da locação."
BASE-VENOSA,BASE-VENOSA-07,aula-09.html,primary,"Interpretação dos contratos: examina sentido interpretativo, texto, contexto, usos e comportamento posterior; 6.831 palavras. Parte da bibliografia básica essencial."
BASE-VENOSA,BASE-VENOSA-08,aula-09.html,unused,"Teoria da Imprevisão. Revisão dos Contratos: o capítulo trata esse tema contratual específico, sem desenvolver a interpretação dos contratos da Aula 09."
BASE-VENOSA,BASE-VENOSA-09,aula-09.html,unused,"Responsabilidade contratual, pré e pós-contratual trata de inadimplemento e deveres laterais; não expõe as regras de interpretação do acordo."
BASE-VENOSA,BASE-VENOSA-10,aula-09.html,unused,Relatividade e efeitos perante terceiros é o foco; a interpretação surge apenas incidentalmente ao discutir a promessa de fato de terceiro.
BASE-VENOSA,BASE-VENOSA-11,aula-09.html,unused,"Desfazimento da Relação Contratual. Extinção dos Contratos: o capítulo trata esse tema contratual específico, sem desenvolver a interpretação dos contratos da Aula 09."
BASE-VENOSA,BASE-VENOSA-12,aula-09.html,unused,"Formação e Conclusão dos Contratos: o capítulo trata esse tema contratual específico, sem desenvolver a interpretação dos contratos da Aula 09."
BASE-VENOSA,BASE-VENOSA-12,aula-09.html,background,Pré-requisito herdado de S0 — aula-05.html: Oferta e aceitação fornecem as declarações iniciais cujo sentido será interpretado..
BASE-VENOSA,BASE-VENOSA-13,aula-09.html,unused,"Vícios Redibitórios: o capítulo trata esse tema contratual específico, sem desenvolver a interpretação dos contratos da Aula 09."
BASE-VENOSA,BASE-VENOSA-14,aula-09.html,unused,"Evicção: o capítulo trata esse tema contratual específico, sem desenvolver a interpretação dos contratos da Aula 09."
BASE-VENOSA,BASE-VENOSA-15,aula-09.html,unused,"Vontade Privada e Contratos Administrativos: o capítulo trata esse tema contratual específico, sem desenvolver a interpretação dos contratos da Aula 09."
BASE-VENOSA,BASE-VENOSA-16,aula-09.html,unused,"Arbitragem: o capítulo trata esse tema contratual específico, sem desenvolver a interpretação dos contratos da Aula 09."
BASE-VENOSA,BASE-VENOSA-17,aula-09.html,unused,"Introdução ao Direito Especial dos Contratos: o capítulo trata esse tema contratual específico, sem desenvolver a interpretação dos contratos da Aula 09."
BASE-VENOSA,BASE-VENOSA-18-01,aula-09.html,unused,"Compra e Venda: 18.1 Conceito. Efeitos Obrigacionais do Contrato de Compra e Venda: o capítulo trata esse tema contratual específico, sem desenvolver a interpretação dos contratos da Aula 09."
BASE-VENOSA,BASE-VENOSA-18-02,aula-09.html,unused,"Compra e Venda: 18.6 Venda Ad Corpus e Ad Mensuram: o capítulo trata esse tema contratual específico, sem desenvolver a interpretação dos contratos da Aula 09."
BASE-VENOSA,BASE-VENOSA-18-03,aula-09.html,unused,"Compra e Venda: 18.8.1 Incoterms: o capítulo trata esse tema contratual específico, sem desenvolver a interpretação dos contratos da Aula 09."
BASE-VENOSA,BASE-VENOSA-19-01,aula-09.html,unused,"Cláusulas Especiais da Compra e Venda: 19.1 Retrovenda: o capítulo trata esse tema contratual específico, sem desenvolver a interpretação dos contratos da Aula 09."
BASE-VENOSA,BASE-VENOSA-19-02,aula-09.html,unused,"Cláusulas Especiais da Compra e Venda: 19.8 Venda Mediante Poupança: o capítulo trata esse tema contratual específico, sem desenvolver a interpretação dos contratos da Aula 09."
BASE-VENOSA,BASE-VENOSA-20,aula-09.html,unused,"Troca ou Permuta: o capítulo trata esse tema contratual específico, sem desenvolver a interpretação dos contratos da Aula 09."
BASE-VENOSA,BASE-VENOSA-21,aula-09.html,unused,"Contrato Estimatório ou de Consignação: o capítulo trata esse tema contratual específico, sem desenvolver a interpretação dos contratos da Aula 09."
BASE-VENOSA,BASE-VENOSA-22-01,aula-09.html,unused,"Doação: 22.1 Conceito. Natureza Contratual. Conteúdo. Origens. Características: o capítulo trata esse tema contratual específico, sem desenvolver a interpretação dos contratos da Aula 09."
BASE-VENOSA,BASE-VENOSA-22-02,aula-09.html,unused,"Doação: 22.8.1 Prazo Decadencial da Ação Revogatória: o capítulo trata esse tema contratual específico, sem desenvolver a interpretação dos contratos da Aula 09."
BASE-VENOSA,BASE-VENOSA-23-01,aula-09.html,unused,"Locação de Coisas. Lei do Inquilinato: 23.1 Espécies. Conceitos. Natureza: o capítulo trata esse tema contratual específico, sem desenvolver a interpretação dos contratos da Aula 09."
BASE-VENOSA,BASE-VENOSA-23-02,aula-09.html,unused,"Locação de Coisas. Lei do Inquilinato: 23.3.10 Aluguel. Ação Revisional: o capítulo trata esse tema contratual específico, sem desenvolver a interpretação dos contratos da Aula 09."
BASE-VENOSA,BASE-VENOSA-24,aula-09.html,unused,"Empréstimo: Comodato: o capítulo trata esse tema contratual específico, sem desenvolver a interpretação dos contratos da Aula 09."
BASE-VENOSA,BASE-VENOSA-25,aula-09.html,unused,"Empréstimo: Mútuo: o capítulo trata esse tema contratual específico, sem desenvolver a interpretação dos contratos da Aula 09."
BASE-VENOSA,BASE-VENOSA-27,aula-09.html,unused,"Empreitada: o capítulo trata esse tema contratual específico, sem desenvolver a interpretação dos contratos da Aula 09."
BASE-VENOSA,BASE-VENOSA-28,aula-09.html,unused,"Depósito: o capítulo trata esse tema contratual específico, sem desenvolver a interpretação dos contratos da Aula 09."
BASE-VENOSA,BASE-VENOSA-29-01,aula-09.html,unused,"Mandato: 29.1 Conceito. Natureza. Procuração. Representação e Mandato: o capítulo trata esse tema contratual específico, sem desenvolver a interpretação dos contratos da Aula 09."
BASE-VENOSA,BASE-VENOSA-29-02,aula-09.html,unused,"Mandato: 29.7 Procuração em Causa Própria. Contrato Consigo Mesmo ou Autocontrato: o capítulo trata esse tema contratual específico, sem desenvolver a interpretação dos contratos da Aula 09."
BASE-VENOSA,BASE-VENOSA-30,aula-09.html,unused,"Comissão: o capítulo trata esse tema contratual específico, sem desenvolver a interpretação dos contratos da Aula 09."
BASE-VENOSA,BASE-VENOSA-31,aula-09.html,unused,"Agência e Distribuição: o capítulo trata esse tema contratual específico, sem desenvolver a interpretação dos contratos da Aula 09."
BASE-VENOSA,BASE-VENOSA-32,aula-09.html,unused,"Corretagem: o capítulo trata esse tema contratual específico, sem desenvolver a interpretação dos contratos da Aula 09."
BASE-VENOSA,BASE-VENOSA-33-01,aula-09.html,unused,"Transporte: 33.1 Conceito. Origens: o capítulo trata esse tema contratual específico, sem desenvolver a interpretação dos contratos da Aula 09."
BASE-VENOSA,BASE-VENOSA-33-02,aula-09.html,unused,"Transporte: 33.10 Bilhete de Passagem: o capítulo trata esse tema contratual específico, sem desenvolver a interpretação dos contratos da Aula 09."
BASE-VENOSA,BASE-VENOSA-34-01,aula-09.html,unused,"Seguro: 34.1 Origens. Conceito: o capítulo trata esse tema contratual específico, sem desenvolver a interpretação dos contratos da Aula 09."
BASE-VENOSA,BASE-VENOSA-34-02,aula-09.html,unused,"Seguro: 34.13 Sub-rogação: o capítulo trata esse tema contratual específico, sem desenvolver a interpretação dos contratos da Aula 09."
BASE-VENOSA,BASE-VENOSA-35,aula-09.html,unused,"Constituição de Renda: o capítulo trata esse tema contratual específico, sem desenvolver a interpretação dos contratos da Aula 09."
BASE-VENOSA,BASE-VENOSA-36,aula-09.html,unused,"Jogo e Aposta: o capítulo trata esse tema contratual específico, sem desenvolver a interpretação dos contratos da Aula 09."
BASE-VENOSA,BASE-VENOSA-37-01,aula-09.html,unused,"Fiança: 37.1 Conceito. Natureza. Modalidades: o capítulo trata esse tema contratual específico, sem desenvolver a interpretação dos contratos da Aula 09."
BASE-VENOSA,BASE-VENOSA-37-02,aula-09.html,unused,"Fiança: 37.9 Extinção da Fiança: o capítulo trata esse tema contratual específico, sem desenvolver a interpretação dos contratos da Aula 09."
BASE-VENOSA,BASE-VENOSA-38,aula-09.html,unused,"Dos Atos Unilaterais: Promessa de Recompensa. Concurso: o capítulo trata esse tema contratual específico, sem desenvolver a interpretação dos contratos da Aula 09."
BASE-VENOSA,BASE-VENOSA-39,aula-09.html,unused,"Dos Atos Unilaterais: Gestão de Negócios: o capítulo trata esse tema contratual específico, sem desenvolver a interpretação dos contratos da Aula 09."
BASE-VENOSA,BASE-VENOSA-40,aula-09.html,unused,"Fornecimento: o capítulo trata esse tema contratual específico, sem desenvolver a interpretação dos contratos da Aula 09."
BASE-VENOSA,BASE-VENOSA-41,aula-09.html,unused,"Incorporação Imobiliária: o capítulo trata esse tema contratual específico, sem desenvolver a interpretação dos contratos da Aula 09."
BASE-VENOSA,BASE-VENOSA-42,aula-09.html,unused,"Compromisso de Compra e Venda: o capítulo trata esse tema contratual específico, sem desenvolver a interpretação dos contratos da Aula 09."
BASE-VENOSA,BASE-VENOSA-43,aula-09.html,unused,"Garagem: o capítulo trata esse tema contratual específico, sem desenvolver a interpretação dos contratos da Aula 09."
BASE-VENOSA,BASE-VENOSA-44,aula-09.html,unused,"Representação Comercial: o capítulo trata esse tema contratual específico, sem desenvolver a interpretação dos contratos da Aula 09."
BASE-VENOSA,BASE-VENOSA-45,aula-09.html,unused,"Transferência de Tecnologia. Licença e Know-How: o capítulo trata esse tema contratual específico, sem desenvolver a interpretação dos contratos da Aula 09."
BASE-VENOSA,BASE-VENOSA-46,aula-09.html,unused,"Franquia: o capítulo trata esse tema contratual específico, sem desenvolver a interpretação dos contratos da Aula 09."
BASE-VENOSA,BASE-VENOSA-47,aula-09.html,unused,"Factoring (Faturização): o capítulo trata esse tema contratual específico, sem desenvolver a interpretação dos contratos da Aula 09."
BASE-VENOSA,BASE-VENOSA-48,aula-09.html,unused,"Leasing (Arrendamento Mercantil): o capítulo trata esse tema contratual específico, sem desenvolver a interpretação dos contratos da Aula 09."
BASE-VENOSA,BASE-VENOSA-49,aula-09.html,unused,"Sociedade: o capítulo trata esse tema contratual específico, sem desenvolver a interpretação dos contratos da Aula 09."
BASE-VENOSA,BASE-VENOSA-50,aula-09.html,unused,"Contratos Agrários: Arrendamento e Parceria: o capítulo trata esse tema contratual específico, sem desenvolver a interpretação dos contratos da Aula 09."
BASE-VENOSA,BASE-VENOSA-51,aula-09.html,unused,"Contratos de Direitos Autorais: o capítulo trata esse tema contratual específico, sem desenvolver a interpretação dos contratos da Aula 09."
exercicios-tgc-2026-2,document,aula-09.html,unused,"Exercícios TGC 2026.2: questões, prova ou gabarito; materiais de prática/avaliação ficam nos slots S4."
gabarito-primeira-lista-exercicios-tgc,document,aula-09.html,unused,"Gabarito Primeira Lista de Exercícios TGC: questões, prova ou gabarito; materiais de prática/avaliação ficam nos slots S4."
gabarito-questoes-extra-tgc,document,aula-09.html,unused,"Gabarito Questões Extra TGC: questões, prova ou gabarito; materiais de prática/avaliação ficam nos slots S4."
peer-p1-antiga-com-gabarito,document,aula-09.html,unused,"Prova antiga da P1 com gabarito: questões, prova ou gabarito; materiais de prática/avaliação ficam nos slots S4."
peer-p1-antiga-sem-gabarito,document,aula-09.html,unused,"Prova antiga da P1 sem gabarito: questões, prova ou gabarito; materiais de prática/avaliação ficam nos slots S4."
peer-p1-lista-questoes-1,document,aula-09.html,unused,"Primeira lista de questões para a P1: questões, prova ou gabarito; materiais de prática/avaliação ficam nos slots S4."
peer-p1-lista-questoes-2,document,aula-09.html,unused,"Segunda lista de exercícios para a P1: questões, prova ou gabarito; materiais de prática/avaliação ficam nos slots S4."
questoes-extra-tgc,document,aula-09.html,unused,"Questões Extra TGC: questões, prova ou gabarito; materiais de prática/avaliação ficam nos slots S4."
slides-aula-1-26,deck,aula-09.html,unused,"Slides da Aula 1, páginas 1 a 26: material de slides reservado aos slots S4; não é leitura teórica da Aula 09."
slides-aula-10-moodle,deck,aula-09.html,unused,Slides da Aula 10: material de slides reservado aos slots S4; não é leitura teórica da Aula 09.
slides-aula-2-27-45,deck,aula-09.html,unused,"Slides da Aula 2, páginas 27 a 45: material de slides reservado aos slots S4; não é leitura teórica da Aula 09."
slides-aula-3,deck,aula-09.html,unused,Slides da Aula 3: material de slides reservado aos slots S4; não é leitura teórica da Aula 09.
slides-aula-5-moodle,deck,aula-09.html,unused,Slides da Aula 5 Moodle: material de slides reservado aos slots S4; não é leitura teórica da Aula 09.
slides-excecao-classificacao,deck,aula-09.html,unused,Slides: Exceção e Classificação: material de slides reservado aos slots S4; não é leitura teórica da Aula 09.
slides-extras-aula-7,deck,aula-09.html,unused,Slides extras da Aula 7: material de slides reservado aos slots S4; não é leitura teórica da Aula 09.
slides-moodle-aula-9,deck,aula-09.html,unused,Slides da Aula 9 Moodle: material de slides reservado aos slots S4; não é leitura teórica da Aula 09.
BASE-PEREIRA-CAIO-MARIO-III,capitulo-xxxvii-part-01,aula-10.html,unused,"A parte inicial desenvolve noção, princípios e formação contratual; a interpretação aparece apenas no sumário e é tratada na parte 2."
BASE-PEREIRA-CAIO-MARIO-III,capitulo-xxxvii-part-01,aula-10.html,background,Pré-requisito herdado de S0 — aula-01.html: O regime de consumo exige identificar a relação de consumo desde o conceito de contrato..
BASE-PEREIRA-CAIO-MARIO-III,capitulo-xxxvii-part-02,aula-10.html,primary,"Interpretação contratual, interpretação restritiva de negócios benéficos (art. 114), cláusulas de adesão (art. 423) e leitura favorável ao consumidor (CDC, art. 47): desenvolvimento direto dos três termos do recorte (3.691 palavras)."
BASE-PEREIRA-CAIO-MARIO-III,capitulo-xxxviii,aula-10.html,supporting,A classificação identifica contratos benéficos e de adesão e enuncia as regras interpretativas dos arts. 114 e 423; ajuda a reconhecer as categorias sobre as quais incide a aula (6.692 palavras).
BASE-PEREIRA-CAIO-MARIO-III,capitulo-xxxix,aula-10.html,unused,"Desenvolve contrato preliminar e formação do vínculo; esse recorte não acrescenta regra de interpretação especial para negócios benéficos, adesão ou consumo."
BASE-PEREIRA-CAIO-MARIO-III,capitulo-xl,aula-10.html,unused,"Desenvolve arras confirmatórias e penitenciais; esse recorte não acrescenta regra de interpretação especial para negócios benéficos, adesão ou consumo."
BASE-PEREIRA-CAIO-MARIO-III,capitulo-xli,aula-10.html,unused,"Desenvolve relatividade dos contratos e efeitos perante terceiros; esse recorte não acrescenta regra de interpretação especial para negócios benéficos, adesão ou consumo."
BASE-PEREIRA-CAIO-MARIO-III,capitulo-xlii,aula-10.html,unused,"Desenvolve vícios redibitórios e garantias por defeitos; esse recorte não acrescenta regra de interpretação especial para negócios benéficos, adesão ou consumo."
BASE-PEREIRA-CAIO-MARIO-III,capitulo-xliii,aula-10.html,unused,"Desenvolve evicção; esse recorte não acrescenta regra de interpretação especial para negócios benéficos, adesão ou consumo."
BASE-PEREIRA-CAIO-MARIO-III,capitulo-xliv,aula-10.html,unused,"Desenvolve extinção dos contratos; esse recorte não acrescenta regra de interpretação especial para negócios benéficos, adesão ou consumo."
BASE-PEREIRA-CAIO-MARIO-III,capitulo-xlv,aula-10.html,unused,"Desenvolve compra e venda e troca; esse recorte não acrescenta regra de interpretação especial para negócios benéficos, adesão ou consumo."
BASE-PEREIRA-CAIO-MARIO-III,capitulo-xlvi-part-01,aula-10.html,unused,"Desenvolve modalidades especiais de compra e venda; esse recorte não acrescenta regra de interpretação especial para negócios benéficos, adesão ou consumo."
BASE-PEREIRA-CAIO-MARIO-III,capitulo-xlvi-part-02,aula-10.html,unused,"Desenvolve modalidades especiais de compra e venda; esse recorte não acrescenta regra de interpretação especial para negócios benéficos, adesão ou consumo."
BASE-PEREIRA-CAIO-MARIO-III,capitulo-xlvii,aula-10.html,unused,"Detalha a doação como espécie de negócio gratuito; a aula trabalha a regra geral do art. 114, já desenvolvida nos capítulos de interpretação."
BASE-PEREIRA-CAIO-MARIO-III,capitulo-xlviii-part-01,aula-10.html,unused,"Desenvolve locação de coisas; esse recorte não acrescenta regra de interpretação especial para negócios benéficos, adesão ou consumo."
BASE-PEREIRA-CAIO-MARIO-III,capitulo-xlviii-part-02,aula-10.html,unused,"Desenvolve locação de coisas; esse recorte não acrescenta regra de interpretação especial para negócios benéficos, adesão ou consumo."
BASE-PEREIRA-CAIO-MARIO-III,capitulo-xlix,aula-10.html,unused,"Desenvolve empreitada e transporte; esse recorte não acrescenta regra de interpretação especial para negócios benéficos, adesão ou consumo."
BASE-PEREIRA-CAIO-MARIO-III,capitulo-l,aula-10.html,unused,"Desenvolve empréstimo; esse recorte não acrescenta regra de interpretação especial para negócios benéficos, adesão ou consumo."
BASE-PEREIRA-CAIO-MARIO-III,capitulo-li,aula-10.html,unused,"Desenvolve depósito; esse recorte não acrescenta regra de interpretação especial para negócios benéficos, adesão ou consumo."
BASE-PEREIRA-CAIO-MARIO-III,capitulo-lii,aula-10.html,unused,"Desenvolve prestação de serviços, corretagem, comissão, agência e distribuição; esse recorte não acrescenta regra de interpretação especial para negócios benéficos, adesão ou consumo."
BASE-PEREIRA-CAIO-MARIO-III,capitulo-liii,aula-10.html,unused,"Desenvolve mandato e gestão de negócios; esse recorte não acrescenta regra de interpretação especial para negócios benéficos, adesão ou consumo."
BASE-PEREIRA-CAIO-MARIO-III,capitulo-liv,aula-10.html,unused,"Desenvolve fidúcia; esse recorte não acrescenta regra de interpretação especial para negócios benéficos, adesão ou consumo."
BASE-PEREIRA-CAIO-MARIO-III,capitulo-lv,aula-10.html,unused,"Desenvolve sociedade e parceria; esse recorte não acrescenta regra de interpretação especial para negócios benéficos, adesão ou consumo."
BASE-PEREIRA-CAIO-MARIO-III,capitulo-lvi,aula-10.html,unused,"Desenvolve edição e representação dramática; esse recorte não acrescenta regra de interpretação especial para negócios benéficos, adesão ou consumo."
BASE-PEREIRA-CAIO-MARIO-III,capitulo-lvii,aula-10.html,unused,"Desenvolve seguro; esse recorte não acrescenta regra de interpretação especial para negócios benéficos, adesão ou consumo."
BASE-PEREIRA-CAIO-MARIO-III,capitulo-lviii,aula-10.html,unused,"Desenvolve constituição de renda; esse recorte não acrescenta regra de interpretação especial para negócios benéficos, adesão ou consumo."
BASE-VENOSA,BASE-VENOSA-01,aula-10.html,unused,"É um panorama geral das relações contratuais; a referência ao CDC, art. 47, surge em ementa isolada, sem desenvolver a regra interpretativa."
BASE-VENOSA,BASE-VENOSA-01,aula-10.html,background,Pré-requisito herdado de S0 — aula-01.html: O regime de consumo exige identificar a relação de consumo desde o conceito de contrato..
BASE-VENOSA,BASE-VENOSA-02,aula-10.html,primary,A seção 2.5.2 trata do contrato de adesão e da interpretação favorável ao aderente (art. 423); corresponde diretamente à regra especial da aula (10.202 palavras).
BASE-VENOSA,BASE-VENOSA-03,aula-10.html,unused,"Classifica contratos por reciprocidade e onerosidade; as referências ao CDC aparecem em julgados, sem desenvolver a regra de interpretação consumerista."
BASE-VENOSA,BASE-VENOSA-04,aula-10.html,unused,"A classificação II menciona a interpretação restritiva dos negócios benéficos (art. 114), mas a regra é desenvolvida nos capítulos de interpretação e de fiança; o restante trata de outros eixos classificatórios."
BASE-VENOSA,BASE-VENOSA-05,aula-10.html,unused,Classifica contratos por classificação dos contratos (iii); o capítulo não desenvolve as regras interpretativas especiais da Aula 10.
BASE-VENOSA,BASE-VENOSA-05,aula-10.html,background,Pré-requisito herdado de S0 — aula-08.html: O contrato de adesão precisa ser reconhecido antes da regra especial de interpretação..
BASE-VENOSA,BASE-VENOSA-06,aula-10.html,unused,"O foco é Elementos do Contrato; essa espécie ou disciplina contratual não acrescenta regra interpretativa especial para benefício, adesão ou consumo."
BASE-VENOSA,BASE-VENOSA-07,aula-10.html,primary,"Capítulo dedicado à interpretação dos contratos; desenvolve os arts. 114, 423 e 47 para negócios benéficos, adesão e consumo (6.831 palavras)."
BASE-VENOSA,BASE-VENOSA-08,aula-10.html,unused,Trata da imprevisão e revisão por fatos supervenientes; referências ao CDC acompanham esse tema e não desenvolvem a interpretação especial da Aula 10.
BASE-VENOSA,BASE-VENOSA-09,aula-10.html,unused,"Trata de Responsabilidade Contratual, Pré-contratual e Pós-contratual; o tema não desenvolve as regras de interpretação especial por benefício, adesão ou consumo da Aula 10."
BASE-VENOSA,BASE-VENOSA-10,aula-10.html,unused,"O foco é Relatividade dos Contratos. Efeitos com Relação a Terceiros; essa espécie ou disciplina contratual não acrescenta regra interpretativa especial para benefício, adesão ou consumo."
BASE-VENOSA,BASE-VENOSA-11,aula-10.html,unused,"Cuida do desfazimento e da extinção da relação; as citações consumeristas estão ligadas a casos de extinção, não às regras hermenêuticas do recorte."
BASE-VENOSA,BASE-VENOSA-12,aula-10.html,unused,"O foco é Formação e Conclusão dos Contratos; essa espécie ou disciplina contratual não acrescenta regra interpretativa especial para benefício, adesão ou consumo."
BASE-VENOSA,BASE-VENOSA-13,aula-10.html,unused,"Trata de Vícios Redibitórios; o tema não desenvolve as regras de interpretação especial por benefício, adesão ou consumo da Aula 10."
BASE-VENOSA,BASE-VENOSA-14,aula-10.html,unused,"Trata de Evicção; o tema não desenvolve as regras de interpretação especial por benefício, adesão ou consumo da Aula 10."
BASE-VENOSA,BASE-VENOSA-15,aula-10.html,unused,"O foco é Vontade Privada e Contratos Administrativos; essa espécie ou disciplina contratual não acrescenta regra interpretativa especial para benefício, adesão ou consumo."
BASE-VENOSA,BASE-VENOSA-16,aula-10.html,unused,"O foco é arbitragem; embora cite a interpretação consumerista da cláusula compromissória, o capítulo excede o teto de 10.000 palavras para apoio (12.729)."
BASE-VENOSA,BASE-VENOSA-17,aula-10.html,unused,"O foco é Introdução ao Direito Especial dos Contratos; essa espécie ou disciplina contratual não acrescenta regra interpretativa especial para benefício, adesão ou consumo."
BASE-VENOSA,BASE-VENOSA-18-01,aula-10.html,unused,"O foco é Compra e Venda; essa espécie ou disciplina contratual não acrescenta regra interpretativa especial para benefício, adesão ou consumo."
BASE-VENOSA,BASE-VENOSA-18-02,aula-10.html,unused,"O foco é Compra e Venda; essa espécie ou disciplina contratual não acrescenta regra interpretativa especial para benefício, adesão ou consumo."
BASE-VENOSA,BASE-VENOSA-18-03,aula-10.html,unused,"O foco é Compra e Venda; essa espécie ou disciplina contratual não acrescenta regra interpretativa especial para benefício, adesão ou consumo."
BASE-VENOSA,BASE-VENOSA-19-01,aula-10.html,unused,"O foco é Cláusulas Especiais da Compra e Venda; essa espécie ou disciplina contratual não acrescenta regra interpretativa especial para benefício, adesão ou consumo."
BASE-VENOSA,BASE-VENOSA-19-02,aula-10.html,unused,"O foco é Cláusulas Especiais da Compra e Venda; essa espécie ou disciplina contratual não acrescenta regra interpretativa especial para benefício, adesão ou consumo."
BASE-VENOSA,BASE-VENOSA-20,aula-10.html,unused,"Trata de Troca ou Permuta; o tema não desenvolve as regras de interpretação especial por benefício, adesão ou consumo da Aula 10."
BASE-VENOSA,BASE-VENOSA-21,aula-10.html,unused,"O foco é Contrato Estimatório ou de Consignação; essa espécie ou disciplina contratual não acrescenta regra interpretativa especial para benefício, adesão ou consumo."
BASE-VENOSA,BASE-VENOSA-22-01,aula-10.html,unused,"Expõe conceito, natureza e modalidades da doação; a regra interpretativa geral para negócios benéficos está nos capítulos de interpretação."
BASE-VENOSA,BASE-VENOSA-22-02,aula-10.html,unused,Concentra-se em revogação e prazo decadencial da doação; as alusões ao art. 114 aparecem em julgados e o capítulo excede o teto de apoio (10.863 palavras).
BASE-VENOSA,BASE-VENOSA-23-01,aula-10.html,unused,"O foco é Locação de Coisas. Lei do Inquilinato; essa espécie ou disciplina contratual não acrescenta regra interpretativa especial para benefício, adesão ou consumo."
BASE-VENOSA,BASE-VENOSA-23-02,aula-10.html,unused,"O foco é Locação de Coisas. Lei do Inquilinato; essa espécie ou disciplina contratual não acrescenta regra interpretativa especial para benefício, adesão ou consumo."
BASE-VENOSA,BASE-VENOSA-24,aula-10.html,unused,"O foco é Empréstimo: Comodato; essa espécie ou disciplina contratual não acrescenta regra interpretativa especial para benefício, adesão ou consumo."
BASE-VENOSA,BASE-VENOSA-25,aula-10.html,unused,"O foco é Empréstimo: Mútuo; essa espécie ou disciplina contratual não acrescenta regra interpretativa especial para benefício, adesão ou consumo."
BASE-VENOSA,BASE-VENOSA-27,aula-10.html,unused,"Trata de Empreitada; o tema não desenvolve as regras de interpretação especial por benefício, adesão ou consumo da Aula 10."
BASE-VENOSA,BASE-VENOSA-28,aula-10.html,unused,"O foco é Depósito; essa espécie ou disciplina contratual não acrescenta regra interpretativa especial para benefício, adesão ou consumo."
BASE-VENOSA,BASE-VENOSA-29-01,aula-10.html,unused,"O foco é Mandato; essa espécie ou disciplina contratual não acrescenta regra interpretativa especial para benefício, adesão ou consumo."
BASE-VENOSA,BASE-VENOSA-29-02,aula-10.html,unused,"O foco é Mandato; essa espécie ou disciplina contratual não acrescenta regra interpretativa especial para benefício, adesão ou consumo."
BASE-VENOSA,BASE-VENOSA-30,aula-10.html,unused,"O foco é Comissão; essa espécie ou disciplina contratual não acrescenta regra interpretativa especial para benefício, adesão ou consumo."
BASE-VENOSA,BASE-VENOSA-31,aula-10.html,unused,"O foco é Agência e Distribuição; essa espécie ou disciplina contratual não acrescenta regra interpretativa especial para benefício, adesão ou consumo."
BASE-VENOSA,BASE-VENOSA-32,aula-10.html,unused,"Trata de Corretagem; o tema não desenvolve as regras de interpretação especial por benefício, adesão ou consumo da Aula 10."
BASE-VENOSA,BASE-VENOSA-33-01,aula-10.html,unused,"O foco é Transporte; essa espécie ou disciplina contratual não acrescenta regra interpretativa especial para benefício, adesão ou consumo."
BASE-VENOSA,BASE-VENOSA-33-02,aula-10.html,unused,"O foco é Transporte; essa espécie ou disciplina contratual não acrescenta regra interpretativa especial para benefício, adesão ou consumo."
BASE-VENOSA,BASE-VENOSA-34-01,aula-10.html,unused,"Desenvolve a disciplina do seguro; a interpretação favorável ao segurado/consumidor aparece em ementa, mas o capítulo excede o teto de apoio (14.516 palavras)."
BASE-VENOSA,BASE-VENOSA-34-02,aula-10.html,unused,"Trata da sub-rogação no seguro; não desenvolve as regras interpretativas para contratos benéficos, de adesão ou de consumo."
BASE-VENOSA,BASE-VENOSA-35,aula-10.html,unused,"Trata de Constituição de Renda; o tema não desenvolve as regras de interpretação especial por benefício, adesão ou consumo da Aula 10."
BASE-VENOSA,BASE-VENOSA-36,aula-10.html,unused,"Trata de Jogo e Aposta; o tema não desenvolve as regras de interpretação especial por benefício, adesão ou consumo da Aula 10."
BASE-VENOSA,BASE-VENOSA-37-01,aula-10.html,primary,"A fiança civil é examinada como contrato em regra gratuito; o texto liga expressamente o art. 114 à interpretação restritiva do art. 819, aplicando a regra dos negócios benéficos (7.642 palavras)."
BASE-VENOSA,BASE-VENOSA-37-02,aula-10.html,supporting,"Reúne decisões que aplicam interpretação restritiva da fiança, inclusive pelos arts. 114 e 819; acrescenta casos de aplicação da regra para contrato benéfico (8.696 palavras)."
BASE-VENOSA,BASE-VENOSA-38,aula-10.html,unused,"Trata de Dos Atos Unilaterais: Promessa de Recompensa. Concurso; o tema não desenvolve as regras de interpretação especial por benefício, adesão ou consumo da Aula 10."
BASE-VENOSA,BASE-VENOSA-39,aula-10.html,unused,"Trata de Dos Atos Unilaterais: Gestão de Negócios; o tema não desenvolve as regras de interpretação especial por benefício, adesão ou consumo da Aula 10."
BASE-VENOSA,BASE-VENOSA-40,aula-10.html,unused,Define o fornecimento como contrato atípico e sua execução periódica; não trata da interpretação favorável ao consumidor do art. 47.
BASE-VENOSA,BASE-VENOSA-41,aula-10.html,unused,"Trata de Incorporação Imobiliária; o tema não desenvolve as regras de interpretação especial por benefício, adesão ou consumo da Aula 10."
BASE-VENOSA,BASE-VENOSA-42,aula-10.html,unused,"O foco é Compromisso de Compra e Venda; essa espécie ou disciplina contratual não acrescenta regra interpretativa especial para benefício, adesão ou consumo."
BASE-VENOSA,BASE-VENOSA-43,aula-10.html,unused,"O foco é Garagem; essa espécie ou disciplina contratual não acrescenta regra interpretativa especial para benefício, adesão ou consumo."
BASE-VENOSA,BASE-VENOSA-44,aula-10.html,unused,"O foco é Representação Comercial; essa espécie ou disciplina contratual não acrescenta regra interpretativa especial para benefício, adesão ou consumo."
BASE-VENOSA,BASE-VENOSA-45,aula-10.html,unused,"Trata de Transferência de Tecnologia. Licença e Know-How; o tema não desenvolve as regras de interpretação especial por benefício, adesão ou consumo da Aula 10."
BASE-VENOSA,BASE-VENOSA-46,aula-10.html,unused,"O foco é Franquia; essa espécie ou disciplina contratual não acrescenta regra interpretativa especial para benefício, adesão ou consumo."
BASE-VENOSA,BASE-VENOSA-47,aula-10.html,unused,"O foco é Factoring (Faturização); essa espécie ou disciplina contratual não acrescenta regra interpretativa especial para benefício, adesão ou consumo."
BASE-VENOSA,BASE-VENOSA-48,aula-10.html,unused,"O foco é Leasing (Arrendamento Mercantil); essa espécie ou disciplina contratual não acrescenta regra interpretativa especial para benefício, adesão ou consumo."
BASE-VENOSA,BASE-VENOSA-49,aula-10.html,unused,"O foco é Sociedade; essa espécie ou disciplina contratual não acrescenta regra interpretativa especial para benefício, adesão ou consumo."
BASE-VENOSA,BASE-VENOSA-50,aula-10.html,unused,"O foco é Contratos Agrários: Arrendamento e Parceria; essa espécie ou disciplina contratual não acrescenta regra interpretativa especial para benefício, adesão ou consumo."
BASE-VENOSA,BASE-VENOSA-51,aula-10.html,unused,"O foco é Contratos de Direitos Autorais; essa espécie ou disciplina contratual não acrescenta regra interpretativa especial para benefício, adesão ou consumo."
exercicios-tgc-2026-2,document,aula-10.html,unused,"«Exercícios TGC 2026.2» é material de exercício ou avaliação, reservado ao slot S4; não é capítulo de leitura para Aula 10."
gabarito-primeira-lista-exercicios-tgc,document,aula-10.html,unused,"«Gabarito Primeira Lista de Exercícios TGC» é gabarito sem texto recuperado (0 palavras); material avaliativo reservado ao S4, indisponível para leitura S3."
gabarito-questoes-extra-tgc,document,aula-10.html,unused,"«Gabarito Questões Extra TGC» é gabarito sem texto recuperado (0 palavras); material avaliativo reservado ao S4, indisponível para leitura S3."
peer-p1-antiga-com-gabarito,document,aula-10.html,unused,"«Prova antiga da P1 com gabarito» é material de exercício ou avaliação, reservado ao slot S4; não é capítulo de leitura para Aula 10."
peer-p1-antiga-sem-gabarito,document,aula-10.html,unused,"«Prova antiga da P1 sem gabarito» é material de exercício ou avaliação, reservado ao slot S4; não é capítulo de leitura para Aula 10."
peer-p1-lista-questoes-1,document,aula-10.html,unused,"«Primeira lista de questões para a P1» é material de exercício ou avaliação, reservado ao slot S4; não é capítulo de leitura para Aula 10."
peer-p1-lista-questoes-2,document,aula-10.html,unused,"«Segunda lista de exercícios para a P1» é material de exercício ou avaliação, reservado ao slot S4; não é capítulo de leitura para Aula 10."
questoes-extra-tgc,document,aula-10.html,unused,"«Questões Extra TGC» é gabarito sem texto recuperado (0 palavras); material avaliativo reservado ao S4, indisponível para leitura S3."
slides-aula-1-26,deck,aula-10.html,unused,"Deck «Slides da Aula 1, páginas 1 a 26» é material visual reservado ao slot S4 de slides; S3 atribui capítulos de leitura textual."
slides-aula-10-moodle,deck,aula-10.html,unused,Deck da própria Aula 10; material de slides fica no slot S4 e não entra como leitura textual na matriz S3.
slides-aula-2-27-45,deck,aula-10.html,unused,"Deck «Slides da Aula 2, páginas 27 a 45» é material visual reservado ao slot S4 de slides; S3 atribui capítulos de leitura textual."
slides-aula-3,deck,aula-10.html,unused,Deck «Slides da Aula 3» é material visual reservado ao slot S4 de slides; S3 atribui capítulos de leitura textual.
slides-aula-5-moodle,deck,aula-10.html,unused,Deck «Slides da Aula 5 Moodle» é material visual reservado ao slot S4 de slides; S3 atribui capítulos de leitura textual.
slides-excecao-classificacao,deck,aula-10.html,unused,Deck «Slides: Exceção e Classificação» é material visual reservado ao slot S4 de slides; S3 atribui capítulos de leitura textual.
slides-extras-aula-7,deck,aula-10.html,unused,Deck «Slides extras da Aula 7» é material visual reservado ao slot S4 de slides; S3 atribui capítulos de leitura textual.
slides-moodle-aula-9,deck,aula-10.html,unused,Deck «Slides da Aula 9 Moodle» é material visual reservado ao slot S4 de slides; S3 atribui capítulos de leitura textual.
BASE-PEREIRA-CAIO-MARIO-III,capitulo-xxxvii-part-01,aula-11.html,unused,"O capítulo trata de conceito, princípios gerais e requisitos do contrato; não desenvolve cláusula abusiva nem lesão como defeitos presentes na celebração, temas delimitados na Aula 11."
BASE-PEREIRA-CAIO-MARIO-III,capitulo-xxxvii-part-01,aula-11.html,background,Pré-requisito herdado de S0 — aula-01.html: A cláusula abusiva em consumo pressupõe identificar essa modalidade de relação.; aula-03.html: O equilíbrio econômico e a boa-fé informam a avaliação do defeito inicial..
BASE-PEREIRA-CAIO-MARIO-III,capitulo-xxxvii-part-02,aula-11.html,unused,"O capítulo trata de interpretação dos contratos; não desenvolve cláusula abusiva nem lesão como defeitos presentes na celebração, temas delimitados na Aula 11."
BASE-PEREIRA-CAIO-MARIO-III,capitulo-xxxvii-part-02,aula-11.html,background,Pré-requisito herdado de S0 — aula-03.html: O equilíbrio econômico e a boa-fé informam a avaliação do defeito inicial..
BASE-PEREIRA-CAIO-MARIO-III,capitulo-xxxviii,aula-11.html,unused,O capítulo se ocupa da classificação e só menciona lesão ao limitar sua incidência em contratos aleatórios; não desenvolve cláusula abusiva nem o defeito de origem que delimita a Aula 11.
BASE-PEREIRA-CAIO-MARIO-III,capitulo-xxxviii,aula-11.html,background,Pré-requisito herdado de S0 — aula-08.html: A adesão é uma das formas contratuais relevantes para avaliar cláusulas abusivas..
BASE-PEREIRA-CAIO-MARIO-III,capitulo-xxxix,aula-11.html,unused,"O capítulo trata de contrato preliminar; não desenvolve cláusula abusiva nem lesão como defeitos presentes na celebração, temas delimitados na Aula 11."
BASE-PEREIRA-CAIO-MARIO-III,capitulo-xl,aula-11.html,unused,"O capítulo trata de arras; não desenvolve cláusula abusiva nem lesão como defeitos presentes na celebração, temas delimitados na Aula 11."
BASE-PEREIRA-CAIO-MARIO-III,capitulo-xli,aula-11.html,unused,"O capítulo trata de relatividade e efeitos dos contratos perante terceiros; não desenvolve cláusula abusiva nem lesão como defeitos presentes na celebração, temas delimitados na Aula 11."
BASE-PEREIRA-CAIO-MARIO-III,capitulo-xlii,aula-11.html,unused,"O capítulo trata de vícios redibitórios; não desenvolve cláusula abusiva nem lesão como defeitos presentes na celebração, temas delimitados na Aula 11."
BASE-PEREIRA-CAIO-MARIO-III,capitulo-xliii,aula-11.html,unused,"O capítulo trata de evicção; não desenvolve cláusula abusiva nem lesão como defeitos presentes na celebração, temas delimitados na Aula 11."
BASE-PEREIRA-CAIO-MARIO-III,capitulo-xliv,aula-11.html,unused,"O capítulo trata de extinção dos contratos; não desenvolve cláusula abusiva nem lesão como defeitos presentes na celebração, temas delimitados na Aula 11."
BASE-PEREIRA-CAIO-MARIO-III,capitulo-xlv,aula-11.html,unused,"O capítulo trata de compra e venda e troca; não desenvolve cláusula abusiva nem lesão como defeitos presentes na celebração, temas delimitados na Aula 11."
BASE-PEREIRA-CAIO-MARIO-III,capitulo-xlvi-part-01,aula-11.html,unused,"O capítulo trata de modalidades especiais de compra e venda (parte 1); não desenvolve cláusula abusiva nem lesão como defeitos presentes na celebração, temas delimitados na Aula 11."
BASE-PEREIRA-CAIO-MARIO-III,capitulo-xlvi-part-02,aula-11.html,unused,"O capítulo trata de modalidades especiais de compra e venda (parte 2); não desenvolve cláusula abusiva nem lesão como defeitos presentes na celebração, temas delimitados na Aula 11."
BASE-PEREIRA-CAIO-MARIO-III,capitulo-xlvii,aula-11.html,unused,"O capítulo trata de doação; não desenvolve cláusula abusiva nem lesão como defeitos presentes na celebração, temas delimitados na Aula 11."
BASE-PEREIRA-CAIO-MARIO-III,capitulo-xlviii-part-01,aula-11.html,unused,"O capítulo trata de locação de coisas (parte 1); não desenvolve cláusula abusiva nem lesão como defeitos presentes na celebração, temas delimitados na Aula 11."
BASE-PEREIRA-CAIO-MARIO-III,capitulo-xlviii-part-02,aula-11.html,unused,"O capítulo trata de locação de coisas (parte 2); não desenvolve cláusula abusiva nem lesão como defeitos presentes na celebração, temas delimitados na Aula 11."
BASE-PEREIRA-CAIO-MARIO-III,capitulo-xlix,aula-11.html,unused,"O capítulo trata de empreitada e transporte; não desenvolve cláusula abusiva nem lesão como defeitos presentes na celebração, temas delimitados na Aula 11."
BASE-PEREIRA-CAIO-MARIO-III,capitulo-l,aula-11.html,unused,"O capítulo trata de empréstimo; não desenvolve cláusula abusiva nem lesão como defeitos presentes na celebração, temas delimitados na Aula 11."
BASE-PEREIRA-CAIO-MARIO-III,capitulo-li,aula-11.html,unused,"O capítulo trata de depósito; não desenvolve cláusula abusiva nem lesão como defeitos presentes na celebração, temas delimitados na Aula 11."
BASE-PEREIRA-CAIO-MARIO-III,capitulo-lii,aula-11.html,unused,"O capítulo trata de prestação de serviços, corretagem, comissão, agência, distribuição e franquia; não desenvolve cláusula abusiva nem lesão como defeitos presentes na celebração, temas delimitados na Aula 11."
BASE-PEREIRA-CAIO-MARIO-III,capitulo-liii,aula-11.html,unused,"O capítulo trata de mandato e gestão de negócios; não desenvolve cláusula abusiva nem lesão como defeitos presentes na celebração, temas delimitados na Aula 11."
BASE-PEREIRA-CAIO-MARIO-III,capitulo-liv,aula-11.html,unused,"O capítulo trata de fidúcia; não desenvolve cláusula abusiva nem lesão como defeitos presentes na celebração, temas delimitados na Aula 11."
BASE-PEREIRA-CAIO-MARIO-III,capitulo-lv,aula-11.html,unused,"O capítulo trata de sociedade e parceria; não desenvolve cláusula abusiva nem lesão como defeitos presentes na celebração, temas delimitados na Aula 11."
BASE-PEREIRA-CAIO-MARIO-III,capitulo-lvi,aula-11.html,unused,"O capítulo trata de edição e representação dramática; não desenvolve cláusula abusiva nem lesão como defeitos presentes na celebração, temas delimitados na Aula 11."
BASE-PEREIRA-CAIO-MARIO-III,capitulo-lvii,aula-11.html,unused,"O capítulo trata de seguro; não desenvolve cláusula abusiva nem lesão como defeitos presentes na celebração, temas delimitados na Aula 11."
BASE-PEREIRA-CAIO-MARIO-III,capitulo-lviii,aula-11.html,unused,"O capítulo trata de constituição de renda; não desenvolve cláusula abusiva nem lesão como defeitos presentes na celebração, temas delimitados na Aula 11."
BASE-VENOSA,BASE-VENOSA-01,aula-11.html,supporting,"A discussão da relação de consumo relaciona lesão, vantagem exagerada e cláusulas abusivas; complementa a análise dos defeitos presentes na celebração."
BASE-VENOSA,BASE-VENOSA-02,aula-11.html,primary,"A seção sobre contratos de adesão e cláusulas predispostas discute diretamente cláusulas abusivas, tópico expresso da Aula 11."
BASE-VENOSA,BASE-VENOSA-03,aula-11.html,unused,"O capítulo trata de classificação dos contratos (I); não desenvolve cláusula abusiva nem lesão como defeitos presentes na celebração, temas delimitados na Aula 11."
BASE-VENOSA,BASE-VENOSA-04,aula-11.html,unused,"O capítulo trata de classificação dos contratos (II); não desenvolve cláusula abusiva nem lesão como defeitos presentes na celebração, temas delimitados na Aula 11."
BASE-VENOSA,BASE-VENOSA-05,aula-11.html,unused,"O capítulo trata de classificação dos contratos (III); não desenvolve cláusula abusiva nem lesão como defeitos presentes na celebração, temas delimitados na Aula 11."
BASE-VENOSA,BASE-VENOSA-05,aula-11.html,background,Pré-requisito herdado de S0 — aula-08.html: A adesão é uma das formas contratuais relevantes para avaliar cláusulas abusivas..
BASE-VENOSA,BASE-VENOSA-06,aula-11.html,primary,"A seção 6.6 trata expressamente de lesão e práticas abusivas no Código do Consumidor, correspondendo aos defeitos de origem da Aula 11."
BASE-VENOSA,BASE-VENOSA-07,aula-11.html,unused,"O capítulo trata de interpretação dos contratos; não desenvolve cláusula abusiva nem lesão como defeitos presentes na celebração, temas delimitados na Aula 11."
BASE-VENOSA,BASE-VENOSA-08,aula-11.html,unused,O capítulo trata da imprevisão e de fatos supervenientes; a Aula 11 recorta cláusulas abusivas e lesão já presentes na celebração.
BASE-VENOSA,BASE-VENOSA-09,aula-11.html,unused,"O capítulo trata de responsabilidade contratual, pré-contratual e pós-contratual; não desenvolve cláusula abusiva nem lesão como defeitos presentes na celebração, temas delimitados na Aula 11."
BASE-VENOSA,BASE-VENOSA-10,aula-11.html,unused,"O capítulo trata de relatividade dos contratos e efeitos perante terceiros; não desenvolve cláusula abusiva nem lesão como defeitos presentes na celebração, temas delimitados na Aula 11."
BASE-VENOSA,BASE-VENOSA-11,aula-11.html,unused,"O capítulo trata de desfazimento da relação e extinção dos contratos; não desenvolve cláusula abusiva nem lesão como defeitos presentes na celebração, temas delimitados na Aula 11."
BASE-VENOSA,BASE-VENOSA-12,aula-11.html,unused,"O capítulo trata de formação e conclusão dos contratos; não desenvolve cláusula abusiva nem lesão como defeitos presentes na celebração, temas delimitados na Aula 11."
BASE-VENOSA,BASE-VENOSA-13,aula-11.html,unused,"O capítulo trata de vícios redibitórios; não desenvolve cláusula abusiva nem lesão como defeitos presentes na celebração, temas delimitados na Aula 11."
BASE-VENOSA,BASE-VENOSA-14,aula-11.html,unused,"O capítulo trata de evicção; não desenvolve cláusula abusiva nem lesão como defeitos presentes na celebração, temas delimitados na Aula 11."
BASE-VENOSA,BASE-VENOSA-15,aula-11.html,unused,"O capítulo trata de vontade privada e contratos administrativos; não desenvolve cláusula abusiva nem lesão como defeitos presentes na celebração, temas delimitados na Aula 11."
BASE-VENOSA,BASE-VENOSA-16,aula-11.html,unused,"O capítulo trata de arbitragem; não desenvolve cláusula abusiva nem lesão como defeitos presentes na celebração, temas delimitados na Aula 11."
BASE-VENOSA,BASE-VENOSA-17,aula-11.html,unused,"O capítulo trata de introdução aos contratos especiais; não desenvolve cláusula abusiva nem lesão como defeitos presentes na celebração, temas delimitados na Aula 11."
BASE-VENOSA,BASE-VENOSA-18-01,aula-11.html,unused,"O capítulo trata de o contrato especial «Compra e Venda — 18.1 Conceito. Efeitos Obrigacionais do Contrato de Compra e Venda»; não desenvolve cláusula abusiva nem lesão como defeitos presentes na celebração, temas delimitados na Aula 11."
BASE-VENOSA,BASE-VENOSA-18-02,aula-11.html,unused,"O capítulo trata de o contrato especial «Compra e Venda — 18.6 Venda Ad Corpus e Ad Mensuram»; não desenvolve cláusula abusiva nem lesão como defeitos presentes na celebração, temas delimitados na Aula 11."
BASE-VENOSA,BASE-VENOSA-18-03,aula-11.html,unused,"O capítulo trata de o contrato especial «Compra e Venda — 18.8.1 Incoterms»; não desenvolve cláusula abusiva nem lesão como defeitos presentes na celebração, temas delimitados na Aula 11."
BASE-VENOSA,BASE-VENOSA-19-01,aula-11.html,unused,"O capítulo trata de o contrato especial «Cláusulas Especiais da Compra e Venda — 19.1 Retrovenda»; não desenvolve cláusula abusiva nem lesão como defeitos presentes na celebração, temas delimitados na Aula 11."
BASE-VENOSA,BASE-VENOSA-19-02,aula-11.html,unused,"O capítulo trata de o contrato especial «Cláusulas Especiais da Compra e Venda — 19.8 Venda Mediante Poupança»; não desenvolve cláusula abusiva nem lesão como defeitos presentes na celebração, temas delimitados na Aula 11."
BASE-VENOSA,BASE-VENOSA-20,aula-11.html,unused,"O capítulo trata de o contrato especial «Troca ou Permuta»; não desenvolve cláusula abusiva nem lesão como defeitos presentes na celebração, temas delimitados na Aula 11."
BASE-VENOSA,BASE-VENOSA-21,aula-11.html,unused,"O capítulo trata de o contrato especial «Contrato Estimatório ou de Consignação»; não desenvolve cláusula abusiva nem lesão como defeitos presentes na celebração, temas delimitados na Aula 11."
BASE-VENOSA,BASE-VENOSA-22-01,aula-11.html,unused,"O capítulo trata de o contrato especial «Doação — 22.1 Conceito. Natureza Contratual. Conteúdo. Origens. Características»; não desenvolve cláusula abusiva nem lesão como defeitos presentes na celebração, temas delimitados na Aula 11."
BASE-VENOSA,BASE-VENOSA-22-02,aula-11.html,unused,"O capítulo trata de o contrato especial «Doação — 22.8.1 Prazo Decadencial da Ação Revogatória»; não desenvolve cláusula abusiva nem lesão como defeitos presentes na celebração, temas delimitados na Aula 11."
BASE-VENOSA,BASE-VENOSA-23-01,aula-11.html,unused,"O capítulo trata de o contrato especial «Locação de Coisas. Lei do Inquilinato — 23.1 Espécies. Conceitos. Natureza»; não desenvolve cláusula abusiva nem lesão como defeitos presentes na celebração, temas delimitados na Aula 11."
BASE-VENOSA,BASE-VENOSA-23-02,aula-11.html,unused,"O capítulo trata de o contrato especial «Locação de Coisas. Lei do Inquilinato — 23.3.10 Aluguel. Ação Revisional»; não desenvolve cláusula abusiva nem lesão como defeitos presentes na celebração, temas delimitados na Aula 11."
BASE-VENOSA,BASE-VENOSA-24,aula-11.html,unused,"O capítulo trata de o contrato especial «Empréstimo: Comodato»; não desenvolve cláusula abusiva nem lesão como defeitos presentes na celebração, temas delimitados na Aula 11."
BASE-VENOSA,BASE-VENOSA-25,aula-11.html,unused,"O capítulo trata de o contrato especial «Empréstimo: Mútuo»; não desenvolve cláusula abusiva nem lesão como defeitos presentes na celebração, temas delimitados na Aula 11."
BASE-VENOSA,BASE-VENOSA-27,aula-11.html,unused,"O capítulo trata de o contrato especial «Empreitada»; não desenvolve cláusula abusiva nem lesão como defeitos presentes na celebração, temas delimitados na Aula 11."
BASE-VENOSA,BASE-VENOSA-28,aula-11.html,unused,"O capítulo trata de o contrato especial «Depósito»; não desenvolve cláusula abusiva nem lesão como defeitos presentes na celebração, temas delimitados na Aula 11."
BASE-VENOSA,BASE-VENOSA-29-01,aula-11.html,unused,"O capítulo trata de o contrato especial «Mandato — 29.1 Conceito. Natureza. Procuração. Representação e Mandato»; não desenvolve cláusula abusiva nem lesão como defeitos presentes na celebração, temas delimitados na Aula 11."
BASE-VENOSA,BASE-VENOSA-29-02,aula-11.html,unused,"O capítulo trata de o contrato especial «Mandato — 29.7 Procuração em Causa Própria. Contrato Consigo Mesmo ou Autocontrato»; não desenvolve cláusula abusiva nem lesão como defeitos presentes na celebração, temas delimitados na Aula 11."
BASE-VENOSA,BASE-VENOSA-30,aula-11.html,unused,"O capítulo trata de o contrato especial «Comissão»; não desenvolve cláusula abusiva nem lesão como defeitos presentes na celebração, temas delimitados na Aula 11."
BASE-VENOSA,BASE-VENOSA-31,aula-11.html,unused,"O capítulo trata de o contrato especial «Agência e Distribuição»; não desenvolve cláusula abusiva nem lesão como defeitos presentes na celebração, temas delimitados na Aula 11."
BASE-VENOSA,BASE-VENOSA-32,aula-11.html,unused,"O capítulo trata de o contrato especial «Corretagem»; não desenvolve cláusula abusiva nem lesão como defeitos presentes na celebração, temas delimitados na Aula 11."
BASE-VENOSA,BASE-VENOSA-33-01,aula-11.html,unused,"O capítulo trata de o contrato especial «Transporte — 33.1 Conceito. Origens»; não desenvolve cláusula abusiva nem lesão como defeitos presentes na celebração, temas delimitados na Aula 11."
BASE-VENOSA,BASE-VENOSA-33-02,aula-11.html,unused,"O capítulo trata de o contrato especial «Transporte — 33.10 Bilhete de Passagem»; não desenvolve cláusula abusiva nem lesão como defeitos presentes na celebração, temas delimitados na Aula 11."
BASE-VENOSA,BASE-VENOSA-34-01,aula-11.html,unused,"O capítulo trata de o contrato especial «Seguro — 34.1 Origens. Conceito»; não desenvolve cláusula abusiva nem lesão como defeitos presentes na celebração, temas delimitados na Aula 11."
BASE-VENOSA,BASE-VENOSA-34-02,aula-11.html,unused,"O capítulo trata de o contrato especial «Seguro — 34.13 Sub-rogação»; não desenvolve cláusula abusiva nem lesão como defeitos presentes na celebração, temas delimitados na Aula 11."
BASE-VENOSA,BASE-VENOSA-35,aula-11.html,unused,"O capítulo trata de o contrato especial «Constituição de Renda»; não desenvolve cláusula abusiva nem lesão como defeitos presentes na celebração, temas delimitados na Aula 11."
BASE-VENOSA,BASE-VENOSA-36,aula-11.html,unused,"O capítulo trata de o contrato especial «Jogo e Aposta»; não desenvolve cláusula abusiva nem lesão como defeitos presentes na celebração, temas delimitados na Aula 11."
BASE-VENOSA,BASE-VENOSA-37-01,aula-11.html,unused,"O capítulo trata de o contrato especial «Fiança — 37.1 Conceito. Natureza. Modalidades»; não desenvolve cláusula abusiva nem lesão como defeitos presentes na celebração, temas delimitados na Aula 11."
BASE-VENOSA,BASE-VENOSA-37-02,aula-11.html,unused,"O capítulo trata de o contrato especial «Fiança — 37.9 Extinção da Fiança»; não desenvolve cláusula abusiva nem lesão como defeitos presentes na celebração, temas delimitados na Aula 11."
BASE-VENOSA,BASE-VENOSA-38,aula-11.html,unused,"O capítulo trata de o contrato especial «Dos Atos Unilaterais: Promessa de Recompensa. Concurso»; não desenvolve cláusula abusiva nem lesão como defeitos presentes na celebração, temas delimitados na Aula 11."
BASE-VENOSA,BASE-VENOSA-39,aula-11.html,unused,"O capítulo trata de o contrato especial «Dos Atos Unilaterais: Gestão de Negócios»; não desenvolve cláusula abusiva nem lesão como defeitos presentes na celebração, temas delimitados na Aula 11."
BASE-VENOSA,BASE-VENOSA-40,aula-11.html,unused,"O capítulo trata de o contrato especial «Fornecimento»; não desenvolve cláusula abusiva nem lesão como defeitos presentes na celebração, temas delimitados na Aula 11."
BASE-VENOSA,BASE-VENOSA-41,aula-11.html,unused,"O capítulo trata de o contrato especial «Incorporação Imobiliária»; não desenvolve cláusula abusiva nem lesão como defeitos presentes na celebração, temas delimitados na Aula 11."
BASE-VENOSA,BASE-VENOSA-42,aula-11.html,unused,"O capítulo trata de o contrato especial «Compromisso de Compra e Venda»; não desenvolve cláusula abusiva nem lesão como defeitos presentes na celebração, temas delimitados na Aula 11."
BASE-VENOSA,BASE-VENOSA-43,aula-11.html,unused,"O capítulo trata de o contrato especial «Garagem»; não desenvolve cláusula abusiva nem lesão como defeitos presentes na celebração, temas delimitados na Aula 11."
BASE-VENOSA,BASE-VENOSA-44,aula-11.html,unused,"O capítulo trata de o contrato especial «Representação Comercial»; não desenvolve cláusula abusiva nem lesão como defeitos presentes na celebração, temas delimitados na Aula 11."
BASE-VENOSA,BASE-VENOSA-45,aula-11.html,unused,"O capítulo trata de o contrato especial «Transferência de Tecnologia. Licença e Know-How»; não desenvolve cláusula abusiva nem lesão como defeitos presentes na celebração, temas delimitados na Aula 11."
BASE-VENOSA,BASE-VENOSA-46,aula-11.html,unused,"O capítulo trata de o contrato especial «Franquia»; não desenvolve cláusula abusiva nem lesão como defeitos presentes na celebração, temas delimitados na Aula 11."
BASE-VENOSA,BASE-VENOSA-47,aula-11.html,unused,"O capítulo trata de o contrato especial «Factoring (Faturização)»; não desenvolve cláusula abusiva nem lesão como defeitos presentes na celebração, temas delimitados na Aula 11."
BASE-VENOSA,BASE-VENOSA-48,aula-11.html,unused,"O capítulo trata de o contrato especial «Leasing (Arrendamento Mercantil)»; não desenvolve cláusula abusiva nem lesão como defeitos presentes na celebração, temas delimitados na Aula 11."
BASE-VENOSA,BASE-VENOSA-49,aula-11.html,unused,"O capítulo trata de o contrato especial «Sociedade»; não desenvolve cláusula abusiva nem lesão como defeitos presentes na celebração, temas delimitados na Aula 11."
BASE-VENOSA,BASE-VENOSA-50,aula-11.html,unused,"O capítulo trata de o contrato especial «Contratos Agrários: Arrendamento e Parceria»; não desenvolve cláusula abusiva nem lesão como defeitos presentes na celebração, temas delimitados na Aula 11."
BASE-VENOSA,BASE-VENOSA-51,aula-11.html,unused,"O capítulo trata de o contrato especial «Contratos de Direitos Autorais»; não desenvolve cláusula abusiva nem lesão como defeitos presentes na celebração, temas delimitados na Aula 11."
exercicios-tgc-2026-2,document,aula-11.html,unused,"Questões, prova ou gabarito são material de avaliação, fora dos capítulos S3 porque entram pelos slots dedicados de exercícios do S4."
gabarito-primeira-lista-exercicios-tgc,document,aula-11.html,unused,"Questões, prova ou gabarito são material de avaliação, fora dos capítulos S3 porque entram pelos slots dedicados de exercícios do S4."
gabarito-questoes-extra-tgc,document,aula-11.html,unused,"Questões, prova ou gabarito são material de avaliação, fora dos capítulos S3 porque entram pelos slots dedicados de exercícios do S4."
peer-p1-antiga-com-gabarito,document,aula-11.html,unused,"Questões, prova ou gabarito são material de avaliação, fora dos capítulos S3 porque entram pelos slots dedicados de exercícios do S4."
peer-p1-antiga-sem-gabarito,document,aula-11.html,unused,"Questões, prova ou gabarito são material de avaliação, fora dos capítulos S3 porque entram pelos slots dedicados de exercícios do S4."
peer-p1-lista-questoes-1,document,aula-11.html,unused,"Questões, prova ou gabarito são material de avaliação, fora dos capítulos S3 porque entram pelos slots dedicados de exercícios do S4."
peer-p1-lista-questoes-2,document,aula-11.html,unused,"Questões, prova ou gabarito são material de avaliação, fora dos capítulos S3 porque entram pelos slots dedicados de exercícios do S4."
questoes-extra-tgc,document,aula-11.html,unused,"Questões, prova ou gabarito são material de avaliação, fora dos capítulos S3 porque entram pelos slots dedicados de exercícios do S4."
slides-aula-1-26,deck,aula-11.html,unused,Material de slides; fica fora da seleção de capítulos S3 porque as apresentações entram pelo slot dedicado de slides do S4.
slides-aula-10-moodle,deck,aula-11.html,unused,Material de slides; fica fora da seleção de capítulos S3 porque as apresentações entram pelo slot dedicado de slides do S4.
slides-aula-2-27-45,deck,aula-11.html,unused,Material de slides; fica fora da seleção de capítulos S3 porque as apresentações entram pelo slot dedicado de slides do S4.
slides-aula-3,deck,aula-11.html,unused,Material de slides; fica fora da seleção de capítulos S3 porque as apresentações entram pelo slot dedicado de slides do S4.
slides-aula-5-moodle,deck,aula-11.html,unused,Material de slides; fica fora da seleção de capítulos S3 porque as apresentações entram pelo slot dedicado de slides do S4.
slides-excecao-classificacao,deck,aula-11.html,unused,Material de slides; fica fora da seleção de capítulos S3 porque as apresentações entram pelo slot dedicado de slides do S4.
slides-extras-aula-7,deck,aula-11.html,unused,Material de slides; fica fora da seleção de capítulos S3 porque as apresentações entram pelo slot dedicado de slides do S4.
slides-moodle-aula-9,deck,aula-11.html,unused,Material de slides; fica fora da seleção de capítulos S3 porque as apresentações entram pelo slot dedicado de slides do S4.
BASE-PEREIRA-CAIO-MARIO-III,capitulo-xxxvii-part-01,aula-12.html,unused,"O capítulo menciona a imprevisão apenas ao tratar de princípios e intervenção no contrato; não desenvolve fatos supervenientes, riscos assumidos e requisitos de revisão da Aula 12."
BASE-PEREIRA-CAIO-MARIO-III,capitulo-xxxvii-part-01,aula-12.html,background,Pré-requisito herdado de S0 — aula-02.html: A revisão superveniente é exceção à força vinculativa do contrato.; aula-03.html: O equilíbrio econômico explica por que a prestação alterada merece exame..
BASE-PEREIRA-CAIO-MARIO-III,capitulo-xxxvii-part-02,aula-12.html,unused,"O capítulo trata de interpretação dos contratos; não aborda fato superveniente imprevisível, riscos assumidos nem revisão ou resolução por imprevisão, recortes da Aula 12."
BASE-PEREIRA-CAIO-MARIO-III,capitulo-xxxvii-part-02,aula-12.html,background,Pré-requisito herdado de S0 — aula-03.html: O equilíbrio econômico explica por que a prestação alterada merece exame..
BASE-PEREIRA-CAIO-MARIO-III,capitulo-xxxviii,aula-12.html,supporting,"A classificação entre contratos comutativos e aleatórios esclarece quais riscos integram a álea assumida, aspecto usado no teste de imprevisão da Aula 12."
BASE-PEREIRA-CAIO-MARIO-III,capitulo-xxxix,aula-12.html,unused,"O capítulo trata de contrato preliminar; não aborda fato superveniente imprevisível, riscos assumidos nem revisão ou resolução por imprevisão, recortes da Aula 12."
BASE-PEREIRA-CAIO-MARIO-III,capitulo-xl,aula-12.html,unused,"O capítulo trata de arras; não aborda fato superveniente imprevisível, riscos assumidos nem revisão ou resolução por imprevisão, recortes da Aula 12."
BASE-PEREIRA-CAIO-MARIO-III,capitulo-xli,aula-12.html,unused,"O capítulo trata de relatividade e efeitos dos contratos perante terceiros; não aborda fato superveniente imprevisível, riscos assumidos nem revisão ou resolução por imprevisão, recortes da Aula 12."
BASE-PEREIRA-CAIO-MARIO-III,capitulo-xli,aula-12.html,background,Pré-requisito herdado de S0 — aula-02.html: A revisão superveniente é exceção à força vinculativa do contrato..
BASE-PEREIRA-CAIO-MARIO-III,capitulo-xlii,aula-12.html,unused,"O capítulo trata de vícios redibitórios; não aborda fato superveniente imprevisível, riscos assumidos nem revisão ou resolução por imprevisão, recortes da Aula 12."
BASE-PEREIRA-CAIO-MARIO-III,capitulo-xliii,aula-12.html,unused,"O capítulo trata de evicção; não aborda fato superveniente imprevisível, riscos assumidos nem revisão ou resolução por imprevisão, recortes da Aula 12."
BASE-PEREIRA-CAIO-MARIO-III,capitulo-xliv,aula-12.html,primary,"A seção 216 trata da resolução por onerosidade excessiva e da teoria da imprevisão, incidindo diretamente no recorte da Aula 12."
BASE-PEREIRA-CAIO-MARIO-III,capitulo-xlv,aula-12.html,unused,"O capítulo trata de compra e venda e troca; não aborda fato superveniente imprevisível, riscos assumidos nem revisão ou resolução por imprevisão, recortes da Aula 12."
BASE-PEREIRA-CAIO-MARIO-III,capitulo-xlvi-part-01,aula-12.html,unused,"O capítulo trata de modalidades especiais de compra e venda (parte 1); não aborda fato superveniente imprevisível, riscos assumidos nem revisão ou resolução por imprevisão, recortes da Aula 12."
BASE-PEREIRA-CAIO-MARIO-III,capitulo-xlvi-part-02,aula-12.html,unused,"O capítulo trata de modalidades especiais de compra e venda (parte 2); não aborda fato superveniente imprevisível, riscos assumidos nem revisão ou resolução por imprevisão, recortes da Aula 12."
BASE-PEREIRA-CAIO-MARIO-III,capitulo-xlvii,aula-12.html,unused,"O capítulo trata de doação; não aborda fato superveniente imprevisível, riscos assumidos nem revisão ou resolução por imprevisão, recortes da Aula 12."
BASE-PEREIRA-CAIO-MARIO-III,capitulo-xlviii-part-01,aula-12.html,unused,"O capítulo trata de locação de coisas (parte 1); não aborda fato superveniente imprevisível, riscos assumidos nem revisão ou resolução por imprevisão, recortes da Aula 12."
BASE-PEREIRA-CAIO-MARIO-III,capitulo-xlviii-part-02,aula-12.html,unused,"O capítulo trata de locação de coisas (parte 2); não aborda fato superveniente imprevisível, riscos assumidos nem revisão ou resolução por imprevisão, recortes da Aula 12."
BASE-PEREIRA-CAIO-MARIO-III,capitulo-xlix,aula-12.html,unused,"O capítulo trata de empreitada e transporte; não aborda fato superveniente imprevisível, riscos assumidos nem revisão ou resolução por imprevisão, recortes da Aula 12."
BASE-PEREIRA-CAIO-MARIO-III,capitulo-l,aula-12.html,unused,"O capítulo trata de empréstimo; não aborda fato superveniente imprevisível, riscos assumidos nem revisão ou resolução por imprevisão, recortes da Aula 12."
BASE-PEREIRA-CAIO-MARIO-III,capitulo-li,aula-12.html,unused,"O capítulo trata de depósito; não aborda fato superveniente imprevisível, riscos assumidos nem revisão ou resolução por imprevisão, recortes da Aula 12."
BASE-PEREIRA-CAIO-MARIO-III,capitulo-lii,aula-12.html,unused,"O capítulo trata de prestação de serviços, corretagem, comissão, agência, distribuição e franquia; não aborda fato superveniente imprevisível, riscos assumidos nem revisão ou resolução por imprevisão, recortes da Aula 12."
BASE-PEREIRA-CAIO-MARIO-III,capitulo-liii,aula-12.html,unused,"O capítulo trata de mandato e gestão de negócios; não aborda fato superveniente imprevisível, riscos assumidos nem revisão ou resolução por imprevisão, recortes da Aula 12."
BASE-PEREIRA-CAIO-MARIO-III,capitulo-liv,aula-12.html,unused,"O capítulo trata de fidúcia; não aborda fato superveniente imprevisível, riscos assumidos nem revisão ou resolução por imprevisão, recortes da Aula 12."
BASE-PEREIRA-CAIO-MARIO-III,capitulo-lv,aula-12.html,unused,"O capítulo trata de sociedade e parceria; não aborda fato superveniente imprevisível, riscos assumidos nem revisão ou resolução por imprevisão, recortes da Aula 12."
BASE-PEREIRA-CAIO-MARIO-III,capitulo-lvi,aula-12.html,unused,"O capítulo trata de edição e representação dramática; não aborda fato superveniente imprevisível, riscos assumidos nem revisão ou resolução por imprevisão, recortes da Aula 12."
BASE-PEREIRA-CAIO-MARIO-III,capitulo-lvii,aula-12.html,unused,"O capítulo trata de seguro; não aborda fato superveniente imprevisível, riscos assumidos nem revisão ou resolução por imprevisão, recortes da Aula 12."
BASE-PEREIRA-CAIO-MARIO-III,capitulo-lviii,aula-12.html,unused,"O capítulo trata de constituição de renda; não aborda fato superveniente imprevisível, riscos assumidos nem revisão ou resolução por imprevisão, recortes da Aula 12."
BASE-VENOSA,BASE-VENOSA-01,aula-12.html,unused,"O capítulo aborda cláusulas abusivas e lesão no contexto de consumo na origem do vínculo; a Aula 12 exige fato superveniente, risco assumido e imprevisão."
BASE-VENOSA,BASE-VENOSA-02,aula-12.html,unused,O foco em princípios e adesão não desenvolve fato superveniente nem os requisitos de revisão por imprevisão da Aula 12.
BASE-VENOSA,BASE-VENOSA-02,aula-12.html,background,Pré-requisito herdado de S0 — aula-02.html: A revisão superveniente é exceção à força vinculativa do contrato.; aula-03.html: O equilíbrio econômico explica por que a prestação alterada merece exame.; aula-08.html: Execução diferida ou continuada importa para a revisão por fato superveniente.; aula-11.html: É preciso separar desequilíbrio posterior de lesão ou abusividade presentes na origem..
BASE-VENOSA,BASE-VENOSA-03,aula-12.html,unused,"O capítulo trata de classificação dos contratos (I); não aborda fato superveniente imprevisível, riscos assumidos nem revisão ou resolução por imprevisão, recortes da Aula 12."
BASE-VENOSA,BASE-VENOSA-03,aula-12.html,background,Pré-requisito herdado de S0 — aula-07.html: A classificação como aleatório altera o tratamento dos riscos assumidos..
BASE-VENOSA,BASE-VENOSA-04,aula-12.html,unused,"O capítulo trata de classificação dos contratos (II); não aborda fato superveniente imprevisível, riscos assumidos nem revisão ou resolução por imprevisão, recortes da Aula 12."
BASE-VENOSA,BASE-VENOSA-04,aula-12.html,background,Pré-requisito herdado de S0 — aula-07.html: A classificação como aleatório altera o tratamento dos riscos assumidos..
BASE-VENOSA,BASE-VENOSA-05,aula-12.html,unused,"O capítulo trata de classificação dos contratos (III); não aborda fato superveniente imprevisível, riscos assumidos nem revisão ou resolução por imprevisão, recortes da Aula 12."
BASE-VENOSA,BASE-VENOSA-05,aula-12.html,background,Pré-requisito herdado de S0 — aula-08.html: Execução diferida ou continuada importa para a revisão por fato superveniente..
BASE-VENOSA,BASE-VENOSA-06,aula-12.html,unused,O capítulo trata de lesão e práticas abusivas na celebração; a Aula 12 separa esses defeitos iniciais da imprevisão superveniente.
BASE-VENOSA,BASE-VENOSA-06,aula-12.html,background,Pré-requisito herdado de S0 — aula-11.html: É preciso separar desequilíbrio posterior de lesão ou abusividade presentes na origem..
BASE-VENOSA,BASE-VENOSA-07,aula-12.html,unused,"O capítulo trata de interpretação dos contratos; não aborda fato superveniente imprevisível, riscos assumidos nem revisão ou resolução por imprevisão, recortes da Aula 12."
BASE-VENOSA,BASE-VENOSA-08,aula-12.html,primary,"Capítulo dedicado à teoria da imprevisão, aos requisitos da revisão judicial e a seus efeitos, cobrindo a linha da Aula 12."
BASE-VENOSA,BASE-VENOSA-09,aula-12.html,unused,"O capítulo trata de responsabilidade contratual, pré-contratual e pós-contratual; não aborda fato superveniente imprevisível, riscos assumidos nem revisão ou resolução por imprevisão, recortes da Aula 12."
BASE-VENOSA,BASE-VENOSA-10,aula-12.html,unused,"O capítulo trata de relatividade dos contratos e efeitos perante terceiros; não aborda fato superveniente imprevisível, riscos assumidos nem revisão ou resolução por imprevisão, recortes da Aula 12."
BASE-VENOSA,BASE-VENOSA-10,aula-12.html,background,Pré-requisito herdado de S0 — aula-02.html: A revisão superveniente é exceção à força vinculativa do contrato..
BASE-VENOSA,BASE-VENOSA-11,aula-12.html,unused,"O capítulo trata de desfazimento da relação e extinção dos contratos; não aborda fato superveniente imprevisível, riscos assumidos nem revisão ou resolução por imprevisão, recortes da Aula 12."
BASE-VENOSA,BASE-VENOSA-12,aula-12.html,unused,"O capítulo trata de formação e conclusão dos contratos; não aborda fato superveniente imprevisível, riscos assumidos nem revisão ou resolução por imprevisão, recortes da Aula 12."
BASE-VENOSA,BASE-VENOSA-13,aula-12.html,unused,"O capítulo trata de vícios redibitórios; não aborda fato superveniente imprevisível, riscos assumidos nem revisão ou resolução por imprevisão, recortes da Aula 12."
BASE-VENOSA,BASE-VENOSA-13,aula-12.html,background,Pré-requisito herdado de S0 — aula-07.html: A classificação como aleatório altera o tratamento dos riscos assumidos..
BASE-VENOSA,BASE-VENOSA-14,aula-12.html,unused,"O capítulo trata de evicção; não aborda fato superveniente imprevisível, riscos assumidos nem revisão ou resolução por imprevisão, recortes da Aula 12."
BASE-VENOSA,BASE-VENOSA-14,aula-12.html,background,Pré-requisito herdado de S0 — aula-07.html: A classificação como aleatório altera o tratamento dos riscos assumidos..
BASE-VENOSA,BASE-VENOSA-15,aula-12.html,unused,"O capítulo trata de vontade privada e contratos administrativos; não aborda fato superveniente imprevisível, riscos assumidos nem revisão ou resolução por imprevisão, recortes da Aula 12."
BASE-VENOSA,BASE-VENOSA-16,aula-12.html,unused,"O capítulo trata de arbitragem; não aborda fato superveniente imprevisível, riscos assumidos nem revisão ou resolução por imprevisão, recortes da Aula 12."
BASE-VENOSA,BASE-VENOSA-17,aula-12.html,unused,"O capítulo trata de introdução aos contratos especiais; não aborda fato superveniente imprevisível, riscos assumidos nem revisão ou resolução por imprevisão, recortes da Aula 12."
BASE-VENOSA,BASE-VENOSA-18-01,aula-12.html,unused,"O capítulo trata de o contrato especial «Compra e Venda — 18.1 Conceito. Efeitos Obrigacionais do Contrato de Compra e Venda»; não aborda fato superveniente imprevisível, riscos assumidos nem revisão ou resolução por imprevisão, recortes da Aula 12."
BASE-VENOSA,BASE-VENOSA-18-02,aula-12.html,unused,"O capítulo trata de o contrato especial «Compra e Venda — 18.6 Venda Ad Corpus e Ad Mensuram»; não aborda fato superveniente imprevisível, riscos assumidos nem revisão ou resolução por imprevisão, recortes da Aula 12."
BASE-VENOSA,BASE-VENOSA-18-03,aula-12.html,unused,"O capítulo trata de o contrato especial «Compra e Venda — 18.8.1 Incoterms»; não aborda fato superveniente imprevisível, riscos assumidos nem revisão ou resolução por imprevisão, recortes da Aula 12."
BASE-VENOSA,BASE-VENOSA-19-01,aula-12.html,unused,"O capítulo trata de o contrato especial «Cláusulas Especiais da Compra e Venda — 19.1 Retrovenda»; não aborda fato superveniente imprevisível, riscos assumidos nem revisão ou resolução por imprevisão, recortes da Aula 12."
BASE-VENOSA,BASE-VENOSA-19-02,aula-12.html,unused,"O capítulo trata de o contrato especial «Cláusulas Especiais da Compra e Venda — 19.8 Venda Mediante Poupança»; não aborda fato superveniente imprevisível, riscos assumidos nem revisão ou resolução por imprevisão, recortes da Aula 12."
BASE-VENOSA,BASE-VENOSA-20,aula-12.html,unused,"O capítulo trata de o contrato especial «Troca ou Permuta»; não aborda fato superveniente imprevisível, riscos assumidos nem revisão ou resolução por imprevisão, recortes da Aula 12."
BASE-VENOSA,BASE-VENOSA-21,aula-12.html,unused,"O capítulo trata de o contrato especial «Contrato Estimatório ou de Consignação»; não aborda fato superveniente imprevisível, riscos assumidos nem revisão ou resolução por imprevisão, recortes da Aula 12."
BASE-VENOSA,BASE-VENOSA-22-01,aula-12.html,unused,"O capítulo trata de o contrato especial «Doação — 22.1 Conceito. Natureza Contratual. Conteúdo. Origens. Características»; não aborda fato superveniente imprevisível, riscos assumidos nem revisão ou resolução por imprevisão, recortes da Aula 12."
BASE-VENOSA,BASE-VENOSA-22-02,aula-12.html,unused,"O capítulo trata de o contrato especial «Doação — 22.8.1 Prazo Decadencial da Ação Revogatória»; não aborda fato superveniente imprevisível, riscos assumidos nem revisão ou resolução por imprevisão, recortes da Aula 12."
BASE-VENOSA,BASE-VENOSA-23-01,aula-12.html,unused,"O capítulo trata de o contrato especial «Locação de Coisas. Lei do Inquilinato — 23.1 Espécies. Conceitos. Natureza»; não aborda fato superveniente imprevisível, riscos assumidos nem revisão ou resolução por imprevisão, recortes da Aula 12."
BASE-VENOSA,BASE-VENOSA-23-02,aula-12.html,unused,"O capítulo trata de o contrato especial «Locação de Coisas. Lei do Inquilinato — 23.3.10 Aluguel. Ação Revisional»; não aborda fato superveniente imprevisível, riscos assumidos nem revisão ou resolução por imprevisão, recortes da Aula 12."
BASE-VENOSA,BASE-VENOSA-24,aula-12.html,unused,"O capítulo trata de o contrato especial «Empréstimo: Comodato»; não aborda fato superveniente imprevisível, riscos assumidos nem revisão ou resolução por imprevisão, recortes da Aula 12."
BASE-VENOSA,BASE-VENOSA-25,aula-12.html,unused,"O capítulo trata de o contrato especial «Empréstimo: Mútuo»; não aborda fato superveniente imprevisível, riscos assumidos nem revisão ou resolução por imprevisão, recortes da Aula 12."
BASE-VENOSA,BASE-VENOSA-27,aula-12.html,unused,"O capítulo trata de o contrato especial «Empreitada»; não aborda fato superveniente imprevisível, riscos assumidos nem revisão ou resolução por imprevisão, recortes da Aula 12."
BASE-VENOSA,BASE-VENOSA-28,aula-12.html,unused,"O capítulo trata de o contrato especial «Depósito»; não aborda fato superveniente imprevisível, riscos assumidos nem revisão ou resolução por imprevisão, recortes da Aula 12."
BASE-VENOSA,BASE-VENOSA-29-01,aula-12.html,unused,"O capítulo trata de o contrato especial «Mandato — 29.1 Conceito. Natureza. Procuração. Representação e Mandato»; não aborda fato superveniente imprevisível, riscos assumidos nem revisão ou resolução por imprevisão, recortes da Aula 12."
BASE-VENOSA,BASE-VENOSA-29-02,aula-12.html,unused,"O capítulo trata de o contrato especial «Mandato — 29.7 Procuração em Causa Própria. Contrato Consigo Mesmo ou Autocontrato»; não aborda fato superveniente imprevisível, riscos assumidos nem revisão ou resolução por imprevisão, recortes da Aula 12."
BASE-VENOSA,BASE-VENOSA-30,aula-12.html,unused,"O capítulo trata de o contrato especial «Comissão»; não aborda fato superveniente imprevisível, riscos assumidos nem revisão ou resolução por imprevisão, recortes da Aula 12."
BASE-VENOSA,BASE-VENOSA-31,aula-12.html,unused,"O capítulo trata de o contrato especial «Agência e Distribuição»; não aborda fato superveniente imprevisível, riscos assumidos nem revisão ou resolução por imprevisão, recortes da Aula 12."
BASE-VENOSA,BASE-VENOSA-32,aula-12.html,unused,"O capítulo trata de o contrato especial «Corretagem»; não aborda fato superveniente imprevisível, riscos assumidos nem revisão ou resolução por imprevisão, recortes da Aula 12."
BASE-VENOSA,BASE-VENOSA-33-01,aula-12.html,unused,"O capítulo trata de o contrato especial «Transporte — 33.1 Conceito. Origens»; não aborda fato superveniente imprevisível, riscos assumidos nem revisão ou resolução por imprevisão, recortes da Aula 12."
BASE-VENOSA,BASE-VENOSA-33-02,aula-12.html,unused,"O capítulo trata de o contrato especial «Transporte — 33.10 Bilhete de Passagem»; não aborda fato superveniente imprevisível, riscos assumidos nem revisão ou resolução por imprevisão, recortes da Aula 12."
BASE-VENOSA,BASE-VENOSA-34-01,aula-12.html,unused,"O capítulo trata de o contrato especial «Seguro — 34.1 Origens. Conceito»; não aborda fato superveniente imprevisível, riscos assumidos nem revisão ou resolução por imprevisão, recortes da Aula 12."
BASE-VENOSA,BASE-VENOSA-34-02,aula-12.html,unused,"O capítulo trata de o contrato especial «Seguro — 34.13 Sub-rogação»; não aborda fato superveniente imprevisível, riscos assumidos nem revisão ou resolução por imprevisão, recortes da Aula 12."
BASE-VENOSA,BASE-VENOSA-35,aula-12.html,unused,"O capítulo trata de o contrato especial «Constituição de Renda»; não aborda fato superveniente imprevisível, riscos assumidos nem revisão ou resolução por imprevisão, recortes da Aula 12."
BASE-VENOSA,BASE-VENOSA-36,aula-12.html,unused,"O capítulo trata de o contrato especial «Jogo e Aposta»; não aborda fato superveniente imprevisível, riscos assumidos nem revisão ou resolução por imprevisão, recortes da Aula 12."
BASE-VENOSA,BASE-VENOSA-37-01,aula-12.html,unused,"O capítulo trata de o contrato especial «Fiança — 37.1 Conceito. Natureza. Modalidades»; não aborda fato superveniente imprevisível, riscos assumidos nem revisão ou resolução por imprevisão, recortes da Aula 12."
BASE-VENOSA,BASE-VENOSA-37-02,aula-12.html,unused,"O capítulo trata de o contrato especial «Fiança — 37.9 Extinção da Fiança»; não aborda fato superveniente imprevisível, riscos assumidos nem revisão ou resolução por imprevisão, recortes da Aula 12."
BASE-VENOSA,BASE-VENOSA-38,aula-12.html,unused,"O capítulo trata de o contrato especial «Dos Atos Unilaterais: Promessa de Recompensa. Concurso»; não aborda fato superveniente imprevisível, riscos assumidos nem revisão ou resolução por imprevisão, recortes da Aula 12."
BASE-VENOSA,BASE-VENOSA-39,aula-12.html,unused,"O capítulo trata de o contrato especial «Dos Atos Unilaterais: Gestão de Negócios»; não aborda fato superveniente imprevisível, riscos assumidos nem revisão ou resolução por imprevisão, recortes da Aula 12."
BASE-VENOSA,BASE-VENOSA-40,aula-12.html,unused,"O capítulo trata de o contrato especial «Fornecimento»; não aborda fato superveniente imprevisível, riscos assumidos nem revisão ou resolução por imprevisão, recortes da Aula 12."
BASE-VENOSA,BASE-VENOSA-41,aula-12.html,unused,"O capítulo trata de o contrato especial «Incorporação Imobiliária»; não aborda fato superveniente imprevisível, riscos assumidos nem revisão ou resolução por imprevisão, recortes da Aula 12."
BASE-VENOSA,BASE-VENOSA-42,aula-12.html,unused,"O capítulo trata de o contrato especial «Compromisso de Compra e Venda»; não aborda fato superveniente imprevisível, riscos assumidos nem revisão ou resolução por imprevisão, recortes da Aula 12."
BASE-VENOSA,BASE-VENOSA-43,aula-12.html,unused,"O capítulo trata de o contrato especial «Garagem»; não aborda fato superveniente imprevisível, riscos assumidos nem revisão ou resolução por imprevisão, recortes da Aula 12."
BASE-VENOSA,BASE-VENOSA-44,aula-12.html,unused,"O capítulo trata de o contrato especial «Representação Comercial»; não aborda fato superveniente imprevisível, riscos assumidos nem revisão ou resolução por imprevisão, recortes da Aula 12."
BASE-VENOSA,BASE-VENOSA-45,aula-12.html,unused,"O capítulo trata de o contrato especial «Transferência de Tecnologia. Licença e Know-How»; não aborda fato superveniente imprevisível, riscos assumidos nem revisão ou resolução por imprevisão, recortes da Aula 12."
BASE-VENOSA,BASE-VENOSA-46,aula-12.html,unused,"O capítulo trata de o contrato especial «Franquia»; não aborda fato superveniente imprevisível, riscos assumidos nem revisão ou resolução por imprevisão, recortes da Aula 12."
BASE-VENOSA,BASE-VENOSA-47,aula-12.html,unused,"O capítulo trata de o contrato especial «Factoring (Faturização)»; não aborda fato superveniente imprevisível, riscos assumidos nem revisão ou resolução por imprevisão, recortes da Aula 12."
BASE-VENOSA,BASE-VENOSA-48,aula-12.html,unused,"O capítulo trata de o contrato especial «Leasing (Arrendamento Mercantil)»; não aborda fato superveniente imprevisível, riscos assumidos nem revisão ou resolução por imprevisão, recortes da Aula 12."
BASE-VENOSA,BASE-VENOSA-49,aula-12.html,unused,"O capítulo trata de o contrato especial «Sociedade»; não aborda fato superveniente imprevisível, riscos assumidos nem revisão ou resolução por imprevisão, recortes da Aula 12."
BASE-VENOSA,BASE-VENOSA-50,aula-12.html,unused,"O capítulo trata de o contrato especial «Contratos Agrários: Arrendamento e Parceria»; não aborda fato superveniente imprevisível, riscos assumidos nem revisão ou resolução por imprevisão, recortes da Aula 12."
BASE-VENOSA,BASE-VENOSA-51,aula-12.html,unused,"O capítulo trata de o contrato especial «Contratos de Direitos Autorais»; não aborda fato superveniente imprevisível, riscos assumidos nem revisão ou resolução por imprevisão, recortes da Aula 12."
exercicios-tgc-2026-2,document,aula-12.html,unused,"Questões, prova ou gabarito são material de avaliação, fora dos capítulos S3 porque entram pelos slots dedicados de exercícios do S4."
gabarito-primeira-lista-exercicios-tgc,document,aula-12.html,unused,"Questões, prova ou gabarito são material de avaliação, fora dos capítulos S3 porque entram pelos slots dedicados de exercícios do S4."
gabarito-questoes-extra-tgc,document,aula-12.html,unused,"Questões, prova ou gabarito são material de avaliação, fora dos capítulos S3 porque entram pelos slots dedicados de exercícios do S4."
peer-p1-antiga-com-gabarito,document,aula-12.html,unused,"Questões, prova ou gabarito são material de avaliação, fora dos capítulos S3 porque entram pelos slots dedicados de exercícios do S4."
peer-p1-antiga-sem-gabarito,document,aula-12.html,unused,"Questões, prova ou gabarito são material de avaliação, fora dos capítulos S3 porque entram pelos slots dedicados de exercícios do S4."
peer-p1-lista-questoes-1,document,aula-12.html,unused,"Questões, prova ou gabarito são material de avaliação, fora dos capítulos S3 porque entram pelos slots dedicados de exercícios do S4."
peer-p1-lista-questoes-2,document,aula-12.html,unused,"Questões, prova ou gabarito são material de avaliação, fora dos capítulos S3 porque entram pelos slots dedicados de exercícios do S4."
questoes-extra-tgc,document,aula-12.html,unused,"Questões, prova ou gabarito são material de avaliação, fora dos capítulos S3 porque entram pelos slots dedicados de exercícios do S4."
slides-aula-1-26,deck,aula-12.html,unused,Material de slides; fica fora da seleção de capítulos S3 porque as apresentações entram pelo slot dedicado de slides do S4.
slides-aula-10-moodle,deck,aula-12.html,unused,Material de slides; fica fora da seleção de capítulos S3 porque as apresentações entram pelo slot dedicado de slides do S4.
slides-aula-2-27-45,deck,aula-12.html,unused,Material de slides; fica fora da seleção de capítulos S3 porque as apresentações entram pelo slot dedicado de slides do S4.
slides-aula-3,deck,aula-12.html,unused,Material de slides; fica fora da seleção de capítulos S3 porque as apresentações entram pelo slot dedicado de slides do S4.
slides-aula-5-moodle,deck,aula-12.html,unused,Material de slides; fica fora da seleção de capítulos S3 porque as apresentações entram pelo slot dedicado de slides do S4.
slides-excecao-classificacao,deck,aula-12.html,unused,Material de slides; fica fora da seleção de capítulos S3 porque as apresentações entram pelo slot dedicado de slides do S4.
slides-extras-aula-7,deck,aula-12.html,unused,Material de slides; fica fora da seleção de capítulos S3 porque as apresentações entram pelo slot dedicado de slides do S4.
slides-moodle-aula-9,deck,aula-12.html,unused,Material de slides; fica fora da seleção de capítulos S3 porque as apresentações entram pelo slot dedicado de slides do S4.
BASE-PEREIRA-CAIO-MARIO-III,capitulo-xxxvii-part-01,aula-13.html,unused,"Noção geral e princípios do contrato: contém referência ou aplicação pontual de imprevisão/revisão, mas não expõe as causas gerais nem a quebra da base comum da Aula 13."
BASE-PEREIRA-CAIO-MARIO-III,capitulo-xxxvii-part-01,aula-13.html,background,Pré-requisito herdado de S0 — aula-05.html: A base comum é identificada nas declarações e circunstâncias da formação..
BASE-PEREIRA-CAIO-MARIO-III,capitulo-xxxvii-part-02,aula-13.html,unused,"Noção geral do contrato: disciplina tema próprio de sua unidade, sem desenvolver as causas gerais de revisão nem a quebra da base comum da Aula 13."
BASE-PEREIRA-CAIO-MARIO-III,capitulo-xxxvii-part-02,aula-13.html,background,Pré-requisito herdado de S0 — aula-09.html: A interpretação do contexto revela se o fim frustrado era comum às partes..
BASE-PEREIRA-CAIO-MARIO-III,capitulo-xxxviii,aula-13.html,unused,"Classificação dos contratos: contém referência ou aplicação pontual de imprevisão/revisão, mas não expõe as causas gerais nem a quebra da base comum da Aula 13."
BASE-PEREIRA-CAIO-MARIO-III,capitulo-xxxix,aula-13.html,unused,"Contrato preliminar: cuida da formação contratual, sem tratar das causas de revisão ou da quebra da base comum da Aula 13."
BASE-PEREIRA-CAIO-MARIO-III,capitulo-xl,aula-13.html,unused,"Arras: cuida da formação contratual, sem tratar das causas de revisão ou da quebra da base comum da Aula 13."
BASE-PEREIRA-CAIO-MARIO-III,capitulo-xli,aula-13.html,unused,"Relatividade dos contratos: disciplina os efeitos perante terceiros, sem abordar as causas de revisão ou a quebra da base comum da Aula 13."
BASE-PEREIRA-CAIO-MARIO-III,capitulo-xlii,aula-13.html,unused,"Vícios redibitórios: disciplina tema próprio de sua unidade, sem desenvolver as causas gerais de revisão nem a quebra da base comum da Aula 13."
BASE-PEREIRA-CAIO-MARIO-III,capitulo-xliii,aula-13.html,unused,"Evicção: disciplina tema próprio de sua unidade, sem desenvolver as causas gerais de revisão nem a quebra da base comum da Aula 13."
BASE-PEREIRA-CAIO-MARIO-III,capitulo-xliv,aula-13.html,primary,"Revisão dos contratos: a seção 216 trata da resolução por onerosidade excessiva e da teoria da imprevisão; também apresenta a teoria da base do negócio jurídico, termo central da Aula 13."
BASE-PEREIRA-CAIO-MARIO-III,capitulo-xlv,aula-13.html,unused,"Compra e venda e troca: disciplina tema próprio de sua unidade, sem desenvolver as causas gerais de revisão nem a quebra da base comum da Aula 13."
BASE-PEREIRA-CAIO-MARIO-III,capitulo-xlvi-part-01,aula-13.html,unused,"Modalidades especiais de compra e venda: disciplina tema próprio de sua unidade, sem desenvolver as causas gerais de revisão nem a quebra da base comum da Aula 13."
BASE-PEREIRA-CAIO-MARIO-III,capitulo-xlvi-part-02,aula-13.html,unused,"Modalidades especiais de compra e venda: disciplina tema próprio de sua unidade, sem desenvolver as causas gerais de revisão nem a quebra da base comum da Aula 13."
BASE-PEREIRA-CAIO-MARIO-III,capitulo-xlvii,aula-13.html,unused,"Doação: disciplina tema próprio de sua unidade, sem desenvolver as causas gerais de revisão nem a quebra da base comum da Aula 13."
BASE-PEREIRA-CAIO-MARIO-III,capitulo-xlviii-part-01,aula-13.html,unused,"Locação de coisas: contém referência ou aplicação pontual de imprevisão/revisão, mas não expõe as causas gerais nem a quebra da base comum da Aula 13."
BASE-PEREIRA-CAIO-MARIO-III,capitulo-xlviii-part-02,aula-13.html,unused,"Locação de coisas: contém referência ou aplicação pontual de imprevisão/revisão, mas não expõe as causas gerais nem a quebra da base comum da Aula 13."
BASE-PEREIRA-CAIO-MARIO-III,capitulo-xlix,aula-13.html,unused,"Empreitada e transporte: contém referência ou aplicação pontual de imprevisão/revisão, mas não expõe as causas gerais nem a quebra da base comum da Aula 13."
BASE-PEREIRA-CAIO-MARIO-III,capitulo-l,aula-13.html,unused,"Empréstimo: disciplina tema próprio de sua unidade, sem desenvolver as causas gerais de revisão nem a quebra da base comum da Aula 13."
BASE-PEREIRA-CAIO-MARIO-III,capitulo-li,aula-13.html,unused,"Depósito: disciplina tema próprio de sua unidade, sem desenvolver as causas gerais de revisão nem a quebra da base comum da Aula 13."
BASE-PEREIRA-CAIO-MARIO-III,capitulo-lii,aula-13.html,unused,"Prestação de serviços, corretagem, comissão, agência e franquia: disciplina tema próprio de sua unidade, sem desenvolver as causas gerais de revisão nem a quebra da base comum da Aula 13."
BASE-PEREIRA-CAIO-MARIO-III,capitulo-liii,aula-13.html,unused,"Mandato e gestão de negócios: disciplina tema próprio de sua unidade, sem desenvolver as causas gerais de revisão nem a quebra da base comum da Aula 13."
BASE-PEREIRA-CAIO-MARIO-III,capitulo-liv,aula-13.html,unused,"Fidúcia: disciplina tema próprio de sua unidade, sem desenvolver as causas gerais de revisão nem a quebra da base comum da Aula 13."
BASE-PEREIRA-CAIO-MARIO-III,capitulo-lv,aula-13.html,unused,"Sociedade e parceria: disciplina tema próprio de sua unidade, sem desenvolver as causas gerais de revisão nem a quebra da base comum da Aula 13."
BASE-PEREIRA-CAIO-MARIO-III,capitulo-lvi,aula-13.html,unused,"Edição e representação dramática: disciplina tema próprio de sua unidade, sem desenvolver as causas gerais de revisão nem a quebra da base comum da Aula 13."
BASE-PEREIRA-CAIO-MARIO-III,capitulo-lvii,aula-13.html,unused,"Seguro: disciplina tema próprio de sua unidade, sem desenvolver as causas gerais de revisão nem a quebra da base comum da Aula 13."
BASE-PEREIRA-CAIO-MARIO-III,capitulo-lviii,aula-13.html,unused,"Constituição de renda: disciplina tema próprio de sua unidade, sem desenvolver as causas gerais de revisão nem a quebra da base comum da Aula 13."
BASE-VENOSA,BASE-VENOSA-01,aula-13.html,unused,"Universo das Relações Contratuais: disciplina a espécie contratual indicada no título, sem desenvolver as causas gerais de revisão nem a quebra da base comum da Aula 13."
BASE-VENOSA,BASE-VENOSA-02,aula-13.html,unused,"Princípios Gerais do Direito Contratual. Contrato de Adesão. Novas Manifestações Contratuais: contém referência ou aplicação pontual de imprevisão/revisão, mas não expõe as causas gerais nem a quebra da base comum da Aula 13."
BASE-VENOSA,BASE-VENOSA-03,aula-13.html,unused,"Classificação dos Contratos (I): organiza categorias contratuais, tema distinto das causas de revisão e da quebra da base comum da Aula 13."
BASE-VENOSA,BASE-VENOSA-04,aula-13.html,unused,"Classificação dos Contratos (II): contém referência ou aplicação pontual de imprevisão/revisão, mas não expõe as causas gerais nem a quebra da base comum da Aula 13."
BASE-VENOSA,BASE-VENOSA-05,aula-13.html,unused,"Classificação dos Contratos (III): contém referência ou aplicação pontual de imprevisão/revisão, mas não expõe as causas gerais nem a quebra da base comum da Aula 13."
BASE-VENOSA,BASE-VENOSA-06,aula-13.html,unused,"Elementos do Contrato: disciplina a espécie contratual indicada no título, sem desenvolver as causas gerais de revisão nem a quebra da base comum da Aula 13."
BASE-VENOSA,BASE-VENOSA-07,aula-13.html,unused,"Interpretação dos Contratos: disciplina a espécie contratual indicada no título, sem desenvolver as causas gerais de revisão nem a quebra da base comum da Aula 13."
BASE-VENOSA,BASE-VENOSA-07,aula-13.html,background,Pré-requisito herdado de S0 — aula-09.html: A interpretação do contexto revela se o fim frustrado era comum às partes..
BASE-VENOSA,BASE-VENOSA-08,aula-13.html,primary,"Revisão dos contratos: desenvolve requisitos da teoria da imprevisão, alteração de circunstâncias, causas para revisão e efeitos, cobrindo o tema da Aula 13."
BASE-VENOSA,BASE-VENOSA-09,aula-13.html,unused,"Responsabilidade Contratual, Pré-contratual e Pós-contratual: disciplina a espécie contratual indicada no título, sem desenvolver as causas gerais de revisão nem a quebra da base comum da Aula 13."
BASE-VENOSA,BASE-VENOSA-10,aula-13.html,unused,"Relatividade dos Contratos. Efeitos com Relação a Terceiros: disciplina a espécie contratual indicada no título, sem desenvolver as causas gerais de revisão nem a quebra da base comum da Aula 13."
BASE-VENOSA,BASE-VENOSA-11,aula-13.html,unused,"Desfazimento da Relação Contratual. Extinção dos Contratos: disciplina a espécie contratual indicada no título, sem desenvolver as causas gerais de revisão nem a quebra da base comum da Aula 13."
BASE-VENOSA,BASE-VENOSA-12,aula-13.html,unused,"Formação e Conclusão dos Contratos: disciplina a espécie contratual indicada no título, sem desenvolver as causas gerais de revisão nem a quebra da base comum da Aula 13."
BASE-VENOSA,BASE-VENOSA-12,aula-13.html,background,Pré-requisito herdado de S0 — aula-05.html: A base comum é identificada nas declarações e circunstâncias da formação..
BASE-VENOSA,BASE-VENOSA-13,aula-13.html,unused,"Vícios Redibitórios: disciplina a espécie contratual indicada no título, sem desenvolver as causas gerais de revisão nem a quebra da base comum da Aula 13."
BASE-VENOSA,BASE-VENOSA-14,aula-13.html,unused,"Evicção: disciplina a espécie contratual indicada no título, sem desenvolver as causas gerais de revisão nem a quebra da base comum da Aula 13."
BASE-VENOSA,BASE-VENOSA-15,aula-13.html,unused,"Vontade Privada e Contratos Administrativos: contém referência ou aplicação pontual de imprevisão/revisão, mas não expõe as causas gerais nem a quebra da base comum da Aula 13."
BASE-VENOSA,BASE-VENOSA-16,aula-13.html,unused,"Arbitragem: disciplina a espécie contratual indicada no título, sem desenvolver as causas gerais de revisão nem a quebra da base comum da Aula 13."
BASE-VENOSA,BASE-VENOSA-17,aula-13.html,unused,"Introdução ao Direito Especial dos Contratos: disciplina a espécie contratual indicada no título, sem desenvolver as causas gerais de revisão nem a quebra da base comum da Aula 13."
BASE-VENOSA,BASE-VENOSA-18-01,aula-13.html,unused,"Compra e Venda: disciplina a espécie contratual indicada no título, sem desenvolver as causas gerais de revisão nem a quebra da base comum da Aula 13."
BASE-VENOSA,BASE-VENOSA-18-02,aula-13.html,unused,"Compra e Venda: disciplina a espécie contratual indicada no título, sem desenvolver as causas gerais de revisão nem a quebra da base comum da Aula 13."
BASE-VENOSA,BASE-VENOSA-18-03,aula-13.html,unused,"Compra e Venda: contém referência ou aplicação pontual de imprevisão/revisão, mas não expõe as causas gerais nem a quebra da base comum da Aula 13."
BASE-VENOSA,BASE-VENOSA-19-01,aula-13.html,unused,"Cláusulas Especiais da Compra e Venda: disciplina a espécie contratual indicada no título, sem desenvolver as causas gerais de revisão nem a quebra da base comum da Aula 13."
BASE-VENOSA,BASE-VENOSA-19-02,aula-13.html,unused,"Cláusulas Especiais da Compra e Venda: disciplina a espécie contratual indicada no título, sem desenvolver as causas gerais de revisão nem a quebra da base comum da Aula 13."
BASE-VENOSA,BASE-VENOSA-20,aula-13.html,unused,"Troca ou Permuta: disciplina a espécie contratual indicada no título, sem desenvolver as causas gerais de revisão nem a quebra da base comum da Aula 13."
BASE-VENOSA,BASE-VENOSA-21,aula-13.html,unused,"Contrato Estimatório ou de Consignação: disciplina a espécie contratual indicada no título, sem desenvolver as causas gerais de revisão nem a quebra da base comum da Aula 13."
BASE-VENOSA,BASE-VENOSA-22-01,aula-13.html,unused,"Doação: contém referência ou aplicação pontual de imprevisão/revisão, mas não expõe as causas gerais nem a quebra da base comum da Aula 13."
BASE-VENOSA,BASE-VENOSA-22-02,aula-13.html,unused,"Doação: disciplina a espécie contratual indicada no título, sem desenvolver as causas gerais de revisão nem a quebra da base comum da Aula 13."
BASE-VENOSA,BASE-VENOSA-23-01,aula-13.html,unused,"Locação de Coisas. Lei do Inquilinato: disciplina a espécie contratual indicada no título, sem desenvolver as causas gerais de revisão nem a quebra da base comum da Aula 13."
BASE-VENOSA,BASE-VENOSA-23-02,aula-13.html,unused,"Locação de Coisas. Lei do Inquilinato: disciplina a espécie contratual indicada no título, sem desenvolver as causas gerais de revisão nem a quebra da base comum da Aula 13."
BASE-VENOSA,BASE-VENOSA-24,aula-13.html,unused,"Empréstimo: Comodato: disciplina a espécie contratual indicada no título, sem desenvolver as causas gerais de revisão nem a quebra da base comum da Aula 13."
BASE-VENOSA,BASE-VENOSA-25,aula-13.html,unused,"Empréstimo: Mútuo: disciplina a espécie contratual indicada no título, sem desenvolver as causas gerais de revisão nem a quebra da base comum da Aula 13."
BASE-VENOSA,BASE-VENOSA-27,aula-13.html,unused,"Empreitada: contém referência ou aplicação pontual de imprevisão/revisão, mas não expõe as causas gerais nem a quebra da base comum da Aula 13."
BASE-VENOSA,BASE-VENOSA-28,aula-13.html,unused,"Depósito: disciplina a espécie contratual indicada no título, sem desenvolver as causas gerais de revisão nem a quebra da base comum da Aula 13."
BASE-VENOSA,BASE-VENOSA-29-01,aula-13.html,unused,"Mandato: disciplina a espécie contratual indicada no título, sem desenvolver as causas gerais de revisão nem a quebra da base comum da Aula 13."
BASE-VENOSA,BASE-VENOSA-29-02,aula-13.html,unused,"Mandato: disciplina a espécie contratual indicada no título, sem desenvolver as causas gerais de revisão nem a quebra da base comum da Aula 13."
BASE-VENOSA,BASE-VENOSA-30,aula-13.html,unused,"Comissão: disciplina a espécie contratual indicada no título, sem desenvolver as causas gerais de revisão nem a quebra da base comum da Aula 13."
BASE-VENOSA,BASE-VENOSA-31,aula-13.html,unused,"Agência e Distribuição: disciplina a espécie contratual indicada no título, sem desenvolver as causas gerais de revisão nem a quebra da base comum da Aula 13."
BASE-VENOSA,BASE-VENOSA-32,aula-13.html,unused,"Corretagem: disciplina a espécie contratual indicada no título, sem desenvolver as causas gerais de revisão nem a quebra da base comum da Aula 13."
BASE-VENOSA,BASE-VENOSA-33-01,aula-13.html,unused,"Transporte: disciplina a espécie contratual indicada no título, sem desenvolver as causas gerais de revisão nem a quebra da base comum da Aula 13."
BASE-VENOSA,BASE-VENOSA-33-02,aula-13.html,unused,"Transporte: disciplina a espécie contratual indicada no título, sem desenvolver as causas gerais de revisão nem a quebra da base comum da Aula 13."
BASE-VENOSA,BASE-VENOSA-34-01,aula-13.html,unused,"Seguro: disciplina a espécie contratual indicada no título, sem desenvolver as causas gerais de revisão nem a quebra da base comum da Aula 13."
BASE-VENOSA,BASE-VENOSA-34-02,aula-13.html,unused,"Seguro: disciplina a espécie contratual indicada no título, sem desenvolver as causas gerais de revisão nem a quebra da base comum da Aula 13."
BASE-VENOSA,BASE-VENOSA-35,aula-13.html,unused,"Constituição de Renda: disciplina a espécie contratual indicada no título, sem desenvolver as causas gerais de revisão nem a quebra da base comum da Aula 13."
BASE-VENOSA,BASE-VENOSA-36,aula-13.html,unused,"Jogo e Aposta: disciplina a espécie contratual indicada no título, sem desenvolver as causas gerais de revisão nem a quebra da base comum da Aula 13."
BASE-VENOSA,BASE-VENOSA-37-01,aula-13.html,unused,"Fiança: disciplina a espécie contratual indicada no título, sem desenvolver as causas gerais de revisão nem a quebra da base comum da Aula 13."
BASE-VENOSA,BASE-VENOSA-37-02,aula-13.html,unused,"Fiança: disciplina a espécie contratual indicada no título, sem desenvolver as causas gerais de revisão nem a quebra da base comum da Aula 13."
BASE-VENOSA,BASE-VENOSA-38,aula-13.html,unused,"Dos Atos Unilaterais: Promessa de Recompensa. Concurso: disciplina a espécie contratual indicada no título, sem desenvolver as causas gerais de revisão nem a quebra da base comum da Aula 13."
BASE-VENOSA,BASE-VENOSA-39,aula-13.html,unused,"Dos Atos Unilaterais: Gestão de Negócios: disciplina a espécie contratual indicada no título, sem desenvolver as causas gerais de revisão nem a quebra da base comum da Aula 13."
BASE-VENOSA,BASE-VENOSA-40,aula-13.html,unused,"Fornecimento: disciplina a espécie contratual indicada no título, sem desenvolver as causas gerais de revisão nem a quebra da base comum da Aula 13."
BASE-VENOSA,BASE-VENOSA-41,aula-13.html,unused,"Incorporação Imobiliária: contém referência ou aplicação pontual de imprevisão/revisão, mas não expõe as causas gerais nem a quebra da base comum da Aula 13."
BASE-VENOSA,BASE-VENOSA-42,aula-13.html,unused,"Compromisso de Compra e Venda: disciplina a espécie contratual indicada no título, sem desenvolver as causas gerais de revisão nem a quebra da base comum da Aula 13."
BASE-VENOSA,BASE-VENOSA-43,aula-13.html,unused,"Garagem: disciplina a espécie contratual indicada no título, sem desenvolver as causas gerais de revisão nem a quebra da base comum da Aula 13."
BASE-VENOSA,BASE-VENOSA-44,aula-13.html,unused,"Representação Comercial: disciplina a espécie contratual indicada no título, sem desenvolver as causas gerais de revisão nem a quebra da base comum da Aula 13."
BASE-VENOSA,BASE-VENOSA-45,aula-13.html,unused,"Transferência de Tecnologia. Licença e Know-How: disciplina a espécie contratual indicada no título, sem desenvolver as causas gerais de revisão nem a quebra da base comum da Aula 13."
BASE-VENOSA,BASE-VENOSA-46,aula-13.html,unused,"Franquia: disciplina a espécie contratual indicada no título, sem desenvolver as causas gerais de revisão nem a quebra da base comum da Aula 13."
BASE-VENOSA,BASE-VENOSA-47,aula-13.html,unused,"Factoring (Faturização): disciplina a espécie contratual indicada no título, sem desenvolver as causas gerais de revisão nem a quebra da base comum da Aula 13."
BASE-VENOSA,BASE-VENOSA-48,aula-13.html,unused,"Leasing (Arrendamento Mercantil): disciplina a espécie contratual indicada no título, sem desenvolver as causas gerais de revisão nem a quebra da base comum da Aula 13."
BASE-VENOSA,BASE-VENOSA-49,aula-13.html,unused,"Sociedade: disciplina a espécie contratual indicada no título, sem desenvolver as causas gerais de revisão nem a quebra da base comum da Aula 13."
BASE-VENOSA,BASE-VENOSA-50,aula-13.html,unused,"Contratos Agrários: Arrendamento e Parceria: disciplina a espécie contratual indicada no título, sem desenvolver as causas gerais de revisão nem a quebra da base comum da Aula 13."
BASE-VENOSA,BASE-VENOSA-51,aula-13.html,unused,"Contratos de Direitos Autorais: disciplina a espécie contratual indicada no título, sem desenvolver as causas gerais de revisão nem a quebra da base comum da Aula 13."
exercicios-tgc-2026-2,document,aula-13.html,unused,Exercícios TGC 2026.2: questões de prática reservadas ao slot S4; não são fonte doutrinária no S3.
gabarito-primeira-lista-exercicios-tgc,document,aula-13.html,unused,Gabarito Primeira Lista de Exercícios TGC: gabarito de exercícios reservado ao slot S4; não é fonte doutrinária no S3.
gabarito-questoes-extra-tgc,document,aula-13.html,unused,Gabarito Questões Extra TGC: gabarito de exercícios reservado ao slot S4; não é fonte doutrinária no S3.
peer-p1-antiga-com-gabarito,document,aula-13.html,unused,"Prova antiga da P1 com gabarito: prova/lista compartilhada de turma anterior, reservada ao slot S4 de avaliação; não é leitura doutrinária do S3."
peer-p1-antiga-sem-gabarito,document,aula-13.html,unused,"Prova antiga da P1 sem gabarito: prova/lista compartilhada de turma anterior, reservada ao slot S4 de avaliação; não é leitura doutrinária do S3."
peer-p1-lista-questoes-1,document,aula-13.html,unused,"Primeira lista de questões para a P1: prova/lista compartilhada de turma anterior, reservada ao slot S4 de avaliação; não é leitura doutrinária do S3."
peer-p1-lista-questoes-2,document,aula-13.html,unused,"Segunda lista de exercícios para a P1: prova/lista compartilhada de turma anterior, reservada ao slot S4 de avaliação; não é leitura doutrinária do S3."
questoes-extra-tgc,document,aula-13.html,unused,Questões Extra TGC: questões de prática reservadas ao slot S4; não são fonte doutrinária no S3.
slides-aula-1-26,deck,aula-13.html,unused,"Slides da Aula 1, páginas 1 a 26: material de slides reservado ao slot S4; não entra como leitura doutrinária no S3."
slides-aula-10-moodle,deck,aula-13.html,unused,Slides da Aula 10: material de slides reservado ao slot S4; não entra como leitura doutrinária no S3.
slides-aula-2-27-45,deck,aula-13.html,unused,"Slides da Aula 2, páginas 27 a 45: material de slides reservado ao slot S4; não entra como leitura doutrinária no S3."
slides-aula-3,deck,aula-13.html,unused,Slides da Aula 3: material de slides reservado ao slot S4; não entra como leitura doutrinária no S3.
slides-aula-5-moodle,deck,aula-13.html,unused,Slides da Aula 5 Moodle: material de slides reservado ao slot S4; não entra como leitura doutrinária no S3.
slides-excecao-classificacao,deck,aula-13.html,unused,Slides: Exceção e Classificação: material de slides reservado ao slot S4; não entra como leitura doutrinária no S3.
slides-extras-aula-7,deck,aula-13.html,unused,Slides extras da Aula 7: material de slides reservado ao slot S4; não entra como leitura doutrinária no S3.
slides-moodle-aula-9,deck,aula-13.html,unused,Slides da Aula 9 Moodle: material de slides reservado ao slot S4; não entra como leitura doutrinária no S3.
BASE-PEREIRA-CAIO-MARIO-III,capitulo-xxxvii-part-01,aula-14.html,unused,"Noção geral e princípios do contrato: disciplina matéria própria ou espécie contratual, sem estabelecer o regime geral de anuência e efeitos da cessão da Aula 14."
BASE-PEREIRA-CAIO-MARIO-III,capitulo-xxxvii-part-01,aula-14.html,background,Pré-requisito herdado de S0 — aula-01.html: É preciso distinguir o contrato como vínculo da prestação isolada que nele circula.; aula-02.html: A relatividade identifica as partes antes e depois da cessão..
BASE-PEREIRA-CAIO-MARIO-III,capitulo-xxxvii-part-02,aula-14.html,unused,"Noção geral do contrato: disciplina matéria própria ou espécie contratual, sem estabelecer o regime geral de anuência e efeitos da cessão da Aula 14."
BASE-PEREIRA-CAIO-MARIO-III,capitulo-xxxviii,aula-14.html,unused,Classificação dos contratos: classifica contratos; não desenvolve anuência do cedido nem os efeitos da cessão de posição previstos na Aula 14.
BASE-PEREIRA-CAIO-MARIO-III,capitulo-xxxviii,aula-14.html,background,Pré-requisito herdado de S0 — aula-08.html: A execução continuada ajuda a reconhecer posições contratuais ainda em curso..
BASE-PEREIRA-CAIO-MARIO-III,capitulo-xxxix,aula-14.html,unused,"Contrato preliminar: cuida da entrada ou preparação do vínculo, não da transferência posterior da posição contratual já formada."
BASE-PEREIRA-CAIO-MARIO-III,capitulo-xxxix,aula-14.html,background,Pré-requisito herdado de S0 — aula-06.html: A cessão precisa ser separada das figuras de ingresso de terceiros na formação..
BASE-PEREIRA-CAIO-MARIO-III,capitulo-xl,aula-14.html,unused,"Arras: cuida da entrada ou preparação do vínculo, não da transferência posterior da posição contratual já formada."
BASE-PEREIRA-CAIO-MARIO-III,capitulo-xl,aula-14.html,background,Pré-requisito herdado de S0 — aula-06.html: A cessão precisa ser separada das figuras de ingresso de terceiros na formação..
BASE-PEREIRA-CAIO-MARIO-III,capitulo-xli,aula-14.html,unused,"Relatividade dos contratos: trata do alcance dos efeitos perante terceiros, mas não do regime de transferência integral da posição contratual da Aula 14."
BASE-PEREIRA-CAIO-MARIO-III,capitulo-xli,aula-14.html,background,Pré-requisito herdado de S0 — aula-02.html: A relatividade identifica as partes antes e depois da cessão.; aula-06.html: A cessão precisa ser separada das figuras de ingresso de terceiros na formação..
BASE-PEREIRA-CAIO-MARIO-III,capitulo-xlii,aula-14.html,unused,"Vícios redibitórios: disciplina matéria própria ou espécie contratual, sem estabelecer o regime geral de anuência e efeitos da cessão da Aula 14."
BASE-PEREIRA-CAIO-MARIO-III,capitulo-xliii,aula-14.html,unused,"Evicção: disciplina matéria própria ou espécie contratual, sem estabelecer o regime geral de anuência e efeitos da cessão da Aula 14."
BASE-PEREIRA-CAIO-MARIO-III,capitulo-xliv,aula-14.html,unused,"Extinção dos contratos e revisão por onerosidade excessiva: disciplina matéria própria ou espécie contratual, sem estabelecer o regime geral de anuência e efeitos da cessão da Aula 14."
BASE-PEREIRA-CAIO-MARIO-III,capitulo-xlv,aula-14.html,unused,"Compra e venda e troca: disciplina matéria própria ou espécie contratual, sem estabelecer o regime geral de anuência e efeitos da cessão da Aula 14."
BASE-PEREIRA-CAIO-MARIO-III,capitulo-xlvi-part-01,aula-14.html,unused,"Modalidades especiais de compra e venda: disciplina matéria própria ou espécie contratual, sem estabelecer o regime geral de anuência e efeitos da cessão da Aula 14."
BASE-PEREIRA-CAIO-MARIO-III,capitulo-xlvi-part-02,aula-14.html,unused,"Modalidades especiais de compra e venda: disciplina matéria própria ou espécie contratual, sem estabelecer o regime geral de anuência e efeitos da cessão da Aula 14."
BASE-PEREIRA-CAIO-MARIO-III,capitulo-xlvii,aula-14.html,unused,"Doação: disciplina matéria própria ou espécie contratual, sem estabelecer o regime geral de anuência e efeitos da cessão da Aula 14."
BASE-PEREIRA-CAIO-MARIO-III,capitulo-xlviii-part-01,aula-14.html,unused,"Locação de coisas: disciplina matéria própria ou espécie contratual, sem estabelecer o regime geral de anuência e efeitos da cessão da Aula 14."
BASE-PEREIRA-CAIO-MARIO-III,capitulo-xlviii-part-02,aula-14.html,unused,"Locação de coisas: disciplina matéria própria ou espécie contratual, sem estabelecer o regime geral de anuência e efeitos da cessão da Aula 14."
BASE-PEREIRA-CAIO-MARIO-III,capitulo-xlix,aula-14.html,unused,"Empreitada e transporte: disciplina matéria própria ou espécie contratual, sem estabelecer o regime geral de anuência e efeitos da cessão da Aula 14."
BASE-PEREIRA-CAIO-MARIO-III,capitulo-l,aula-14.html,unused,"Empréstimo: disciplina matéria própria ou espécie contratual, sem estabelecer o regime geral de anuência e efeitos da cessão da Aula 14."
BASE-PEREIRA-CAIO-MARIO-III,capitulo-li,aula-14.html,unused,"Depósito: disciplina matéria própria ou espécie contratual, sem estabelecer o regime geral de anuência e efeitos da cessão da Aula 14."
BASE-PEREIRA-CAIO-MARIO-III,capitulo-lii,aula-14.html,unused,"Prestação de serviços, corretagem, comissão, agência e franquia: disciplina matéria própria ou espécie contratual, sem estabelecer o regime geral de anuência e efeitos da cessão da Aula 14."
BASE-PEREIRA-CAIO-MARIO-III,capitulo-liii,aula-14.html,unused,"Mandato e gestão de negócios: disciplina matéria própria ou espécie contratual, sem estabelecer o regime geral de anuência e efeitos da cessão da Aula 14."
BASE-PEREIRA-CAIO-MARIO-III,capitulo-liv,aula-14.html,unused,"Fidúcia: disciplina matéria própria ou espécie contratual, sem estabelecer o regime geral de anuência e efeitos da cessão da Aula 14."
BASE-PEREIRA-CAIO-MARIO-III,capitulo-lv,aula-14.html,unused,"Sociedade e parceria: disciplina matéria própria ou espécie contratual, sem estabelecer o regime geral de anuência e efeitos da cessão da Aula 14."
BASE-PEREIRA-CAIO-MARIO-III,capitulo-lvi,aula-14.html,unused,"Edição e representação dramática: disciplina matéria própria ou espécie contratual, sem estabelecer o regime geral de anuência e efeitos da cessão da Aula 14."
BASE-PEREIRA-CAIO-MARIO-III,capitulo-lvii,aula-14.html,unused,"Seguro: disciplina matéria própria ou espécie contratual, sem estabelecer o regime geral de anuência e efeitos da cessão da Aula 14."
BASE-PEREIRA-CAIO-MARIO-III,capitulo-lviii,aula-14.html,unused,"Constituição de renda: disciplina matéria própria ou espécie contratual, sem estabelecer o regime geral de anuência e efeitos da cessão da Aula 14."
BASE-VENOSA,BASE-VENOSA-01,aula-14.html,unused,"Universo das Relações Contratuais: disciplina matéria própria ou espécie contratual, sem estabelecer o regime geral de anuência e efeitos da cessão da Aula 14."
BASE-VENOSA,BASE-VENOSA-01,aula-14.html,background,Pré-requisito herdado de S0 — aula-01.html: É preciso distinguir o contrato como vínculo da prestação isolada que nele circula..
BASE-VENOSA,BASE-VENOSA-02,aula-14.html,unused,"Princípios Gerais do Direito Contratual. Contrato de Adesão. Novas Manifestações Contratuais: disciplina matéria própria ou espécie contratual, sem estabelecer o regime geral de anuência e efeitos da cessão da Aula 14."
BASE-VENOSA,BASE-VENOSA-02,aula-14.html,background,Pré-requisito herdado de S0 — aula-02.html: A relatividade identifica as partes antes e depois da cessão.; aula-08.html: A execução continuada ajuda a reconhecer posições contratuais ainda em curso..
BASE-VENOSA,BASE-VENOSA-03,aula-14.html,supporting,"Cessão de posição contratual: explica que a transferência exige a vontade dos contratantes originários e do cessionário, esclarecendo a anuência como negócio trilateral."
BASE-VENOSA,BASE-VENOSA-04,aula-14.html,unused,Classificação dos Contratos (II): classifica contratos; não desenvolve anuência do cedido nem os efeitos da cessão de posição previstos na Aula 14.
BASE-VENOSA,BASE-VENOSA-05,aula-14.html,primary,"Cessão de posição contratual: a seção 5.9 caracteriza o negócio trilateral, exige a participação das três partes e explica que o cessionário assume a posição enquanto o cedente sai do vínculo, cobrindo anuência e efeitos da transferência."
BASE-VENOSA,BASE-VENOSA-06,aula-14.html,unused,"Elementos do Contrato: disciplina matéria própria ou espécie contratual, sem estabelecer o regime geral de anuência e efeitos da cessão da Aula 14."
BASE-VENOSA,BASE-VENOSA-07,aula-14.html,unused,"Interpretação dos Contratos: disciplina matéria própria ou espécie contratual, sem estabelecer o regime geral de anuência e efeitos da cessão da Aula 14."
BASE-VENOSA,BASE-VENOSA-08,aula-14.html,unused,"Teoria da Imprevisão. Revisão dos Contratos: disciplina matéria própria ou espécie contratual, sem estabelecer o regime geral de anuência e efeitos da cessão da Aula 14."
BASE-VENOSA,BASE-VENOSA-09,aula-14.html,unused,"Responsabilidade Contratual, Pré-contratual e Pós-contratual: disciplina matéria própria ou espécie contratual, sem estabelecer o regime geral de anuência e efeitos da cessão da Aula 14."
BASE-VENOSA,BASE-VENOSA-10,aula-14.html,supporting,"Cessão de posição contratual: distingue a cessão do contrato para pessoa a declarar e explicita a exigência de negócio trilateral, ajudando a identificar a substituição de parte."
BASE-VENOSA,BASE-VENOSA-11,aula-14.html,unused,"Desfazimento da Relação Contratual. Extinção dos Contratos: disciplina matéria própria ou espécie contratual, sem estabelecer o regime geral de anuência e efeitos da cessão da Aula 14."
BASE-VENOSA,BASE-VENOSA-12,aula-14.html,unused,"Formação e Conclusão dos Contratos: cuida da entrada ou preparação do vínculo, não da transferência posterior da posição contratual já formada."
BASE-VENOSA,BASE-VENOSA-12,aula-14.html,background,Pré-requisito herdado de S0 — aula-06.html: A cessão precisa ser separada das figuras de ingresso de terceiros na formação..
BASE-VENOSA,BASE-VENOSA-13,aula-14.html,unused,"Vícios Redibitórios: disciplina matéria própria ou espécie contratual, sem estabelecer o regime geral de anuência e efeitos da cessão da Aula 14."
BASE-VENOSA,BASE-VENOSA-14,aula-14.html,unused,"Evicção: disciplina matéria própria ou espécie contratual, sem estabelecer o regime geral de anuência e efeitos da cessão da Aula 14."
BASE-VENOSA,BASE-VENOSA-15,aula-14.html,unused,"Vontade Privada e Contratos Administrativos: menciona cessão apenas em aplicação setorial, sem desenvolver o regime geral de anuência e transferência da Aula 14."
BASE-VENOSA,BASE-VENOSA-16,aula-14.html,unused,"Arbitragem: disciplina matéria própria ou espécie contratual, sem estabelecer o regime geral de anuência e efeitos da cessão da Aula 14."
BASE-VENOSA,BASE-VENOSA-17,aula-14.html,unused,"Introdução ao Direito Especial dos Contratos: disciplina matéria própria ou espécie contratual, sem estabelecer o regime geral de anuência e efeitos da cessão da Aula 14."
BASE-VENOSA,BASE-VENOSA-18-01,aula-14.html,unused,"Compra e Venda: disciplina matéria própria ou espécie contratual, sem estabelecer o regime geral de anuência e efeitos da cessão da Aula 14."
BASE-VENOSA,BASE-VENOSA-18-02,aula-14.html,unused,"Compra e Venda: disciplina matéria própria ou espécie contratual, sem estabelecer o regime geral de anuência e efeitos da cessão da Aula 14."
BASE-VENOSA,BASE-VENOSA-18-03,aula-14.html,unused,"Compra e Venda: disciplina matéria própria ou espécie contratual, sem estabelecer o regime geral de anuência e efeitos da cessão da Aula 14."
BASE-VENOSA,BASE-VENOSA-19-01,aula-14.html,unused,"Cláusulas Especiais da Compra e Venda: disciplina matéria própria ou espécie contratual, sem estabelecer o regime geral de anuência e efeitos da cessão da Aula 14."
BASE-VENOSA,BASE-VENOSA-19-02,aula-14.html,unused,"Cláusulas Especiais da Compra e Venda: menciona cessão apenas em aplicação setorial, sem desenvolver o regime geral de anuência e transferência da Aula 14."
BASE-VENOSA,BASE-VENOSA-20,aula-14.html,unused,"Troca ou Permuta: menciona cessão apenas em aplicação setorial, sem desenvolver o regime geral de anuência e transferência da Aula 14."
BASE-VENOSA,BASE-VENOSA-21,aula-14.html,unused,"Contrato Estimatório ou de Consignação: disciplina matéria própria ou espécie contratual, sem estabelecer o regime geral de anuência e efeitos da cessão da Aula 14."
BASE-VENOSA,BASE-VENOSA-22-01,aula-14.html,unused,"Doação: disciplina matéria própria ou espécie contratual, sem estabelecer o regime geral de anuência e efeitos da cessão da Aula 14."
BASE-VENOSA,BASE-VENOSA-22-02,aula-14.html,unused,"Doação: disciplina matéria própria ou espécie contratual, sem estabelecer o regime geral de anuência e efeitos da cessão da Aula 14."
BASE-VENOSA,BASE-VENOSA-23-01,aula-14.html,unused,"Locação de Coisas. Lei do Inquilinato: aplica a cessão de posição a uma espécie contratual particular, sem teoria geral de anuência e efeitos; excede 10.000 palavras por item de apoio."
BASE-VENOSA,BASE-VENOSA-23-02,aula-14.html,unused,"Locação de Coisas. Lei do Inquilinato: disciplina matéria própria ou espécie contratual, sem estabelecer o regime geral de anuência e efeitos da cessão da Aula 14."
BASE-VENOSA,BASE-VENOSA-24,aula-14.html,unused,"Empréstimo: Comodato: disciplina matéria própria ou espécie contratual, sem estabelecer o regime geral de anuência e efeitos da cessão da Aula 14."
BASE-VENOSA,BASE-VENOSA-25,aula-14.html,unused,"Empréstimo: Mútuo: disciplina matéria própria ou espécie contratual, sem estabelecer o regime geral de anuência e efeitos da cessão da Aula 14."
BASE-VENOSA,BASE-VENOSA-27,aula-14.html,unused,"Empreitada: aplica a cessão de posição a uma espécie contratual particular, sem teoria geral de anuência e efeitos; excede 10.000 palavras por item de apoio."
BASE-VENOSA,BASE-VENOSA-28,aula-14.html,unused,"Depósito: disciplina matéria própria ou espécie contratual, sem estabelecer o regime geral de anuência e efeitos da cessão da Aula 14."
BASE-VENOSA,BASE-VENOSA-29-01,aula-14.html,unused,"Mandato: disciplina matéria própria ou espécie contratual, sem estabelecer o regime geral de anuência e efeitos da cessão da Aula 14."
BASE-VENOSA,BASE-VENOSA-29-02,aula-14.html,unused,"Mandato: disciplina matéria própria ou espécie contratual, sem estabelecer o regime geral de anuência e efeitos da cessão da Aula 14."
BASE-VENOSA,BASE-VENOSA-30,aula-14.html,unused,"Comissão: disciplina matéria própria ou espécie contratual, sem estabelecer o regime geral de anuência e efeitos da cessão da Aula 14."
BASE-VENOSA,BASE-VENOSA-31,aula-14.html,unused,"Agência e Distribuição: disciplina matéria própria ou espécie contratual, sem estabelecer o regime geral de anuência e efeitos da cessão da Aula 14."
BASE-VENOSA,BASE-VENOSA-32,aula-14.html,unused,"Corretagem: disciplina matéria própria ou espécie contratual, sem estabelecer o regime geral de anuência e efeitos da cessão da Aula 14."
BASE-VENOSA,BASE-VENOSA-33-01,aula-14.html,unused,"Transporte: disciplina matéria própria ou espécie contratual, sem estabelecer o regime geral de anuência e efeitos da cessão da Aula 14."
BASE-VENOSA,BASE-VENOSA-33-02,aula-14.html,unused,"Transporte: disciplina matéria própria ou espécie contratual, sem estabelecer o regime geral de anuência e efeitos da cessão da Aula 14."
BASE-VENOSA,BASE-VENOSA-34-01,aula-14.html,unused,"Seguro: aplica a cessão de posição a uma espécie contratual particular, sem teoria geral de anuência e efeitos; excede 10.000 palavras por item de apoio."
BASE-VENOSA,BASE-VENOSA-34-02,aula-14.html,unused,"Seguro: disciplina matéria própria ou espécie contratual, sem estabelecer o regime geral de anuência e efeitos da cessão da Aula 14."
BASE-VENOSA,BASE-VENOSA-35,aula-14.html,unused,"Constituição de Renda: disciplina matéria própria ou espécie contratual, sem estabelecer o regime geral de anuência e efeitos da cessão da Aula 14."
BASE-VENOSA,BASE-VENOSA-36,aula-14.html,unused,"Jogo e Aposta: disciplina matéria própria ou espécie contratual, sem estabelecer o regime geral de anuência e efeitos da cessão da Aula 14."
BASE-VENOSA,BASE-VENOSA-37-01,aula-14.html,unused,"Fiança: disciplina matéria própria ou espécie contratual, sem estabelecer o regime geral de anuência e efeitos da cessão da Aula 14."
BASE-VENOSA,BASE-VENOSA-37-02,aula-14.html,unused,"Fiança: disciplina matéria própria ou espécie contratual, sem estabelecer o regime geral de anuência e efeitos da cessão da Aula 14."
BASE-VENOSA,BASE-VENOSA-38,aula-14.html,unused,"Dos Atos Unilaterais: Promessa de Recompensa. Concurso: disciplina matéria própria ou espécie contratual, sem estabelecer o regime geral de anuência e efeitos da cessão da Aula 14."
BASE-VENOSA,BASE-VENOSA-39,aula-14.html,unused,"Dos Atos Unilaterais: Gestão de Negócios: disciplina matéria própria ou espécie contratual, sem estabelecer o regime geral de anuência e efeitos da cessão da Aula 14."
BASE-VENOSA,BASE-VENOSA-40,aula-14.html,unused,"Fornecimento: disciplina matéria própria ou espécie contratual, sem estabelecer o regime geral de anuência e efeitos da cessão da Aula 14."
BASE-VENOSA,BASE-VENOSA-41,aula-14.html,unused,"Incorporação Imobiliária: aplica a cessão de posição a uma espécie contratual particular, sem teoria geral de anuência e efeitos; excede 10.000 palavras por item de apoio."
BASE-VENOSA,BASE-VENOSA-42,aula-14.html,unused,"Compromisso de Compra e Venda: disciplina matéria própria ou espécie contratual, sem estabelecer o regime geral de anuência e efeitos da cessão da Aula 14."
BASE-VENOSA,BASE-VENOSA-43,aula-14.html,unused,"Garagem: disciplina matéria própria ou espécie contratual, sem estabelecer o regime geral de anuência e efeitos da cessão da Aula 14."
BASE-VENOSA,BASE-VENOSA-44,aula-14.html,unused,"Representação Comercial: disciplina matéria própria ou espécie contratual, sem estabelecer o regime geral de anuência e efeitos da cessão da Aula 14."
BASE-VENOSA,BASE-VENOSA-45,aula-14.html,unused,"Transferência de Tecnologia. Licença e Know-How: disciplina matéria própria ou espécie contratual, sem estabelecer o regime geral de anuência e efeitos da cessão da Aula 14."
BASE-VENOSA,BASE-VENOSA-46,aula-14.html,unused,"Franquia: disciplina matéria própria ou espécie contratual, sem estabelecer o regime geral de anuência e efeitos da cessão da Aula 14."
BASE-VENOSA,BASE-VENOSA-47,aula-14.html,unused,"Factoring (Faturização): disciplina matéria própria ou espécie contratual, sem estabelecer o regime geral de anuência e efeitos da cessão da Aula 14."
BASE-VENOSA,BASE-VENOSA-48,aula-14.html,unused,"Leasing (Arrendamento Mercantil): disciplina matéria própria ou espécie contratual, sem estabelecer o regime geral de anuência e efeitos da cessão da Aula 14."
BASE-VENOSA,BASE-VENOSA-49,aula-14.html,unused,"Sociedade: disciplina matéria própria ou espécie contratual, sem estabelecer o regime geral de anuência e efeitos da cessão da Aula 14."
BASE-VENOSA,BASE-VENOSA-50,aula-14.html,unused,"Contratos Agrários: Arrendamento e Parceria: disciplina matéria própria ou espécie contratual, sem estabelecer o regime geral de anuência e efeitos da cessão da Aula 14."
BASE-VENOSA,BASE-VENOSA-51,aula-14.html,unused,"Contratos de Direitos Autorais: disciplina matéria própria ou espécie contratual, sem estabelecer o regime geral de anuência e efeitos da cessão da Aula 14."
exercicios-tgc-2026-2,document,aula-14.html,unused,Exercícios TGC 2026.2: questões de prática reservadas ao slot S4; não são fonte doutrinária no S3.
gabarito-primeira-lista-exercicios-tgc,document,aula-14.html,unused,Gabarito Primeira Lista de Exercícios TGC: gabarito de exercícios reservado ao slot S4; não é fonte doutrinária no S3.
gabarito-questoes-extra-tgc,document,aula-14.html,unused,Gabarito Questões Extra TGC: gabarito de exercícios reservado ao slot S4; não é fonte doutrinária no S3.
peer-p1-antiga-com-gabarito,document,aula-14.html,unused,"Prova antiga da P1 com gabarito: prova/lista compartilhada de turma anterior, reservada ao slot S4 de avaliação; não é leitura doutrinária do S3."
peer-p1-antiga-sem-gabarito,document,aula-14.html,unused,"Prova antiga da P1 sem gabarito: prova/lista compartilhada de turma anterior, reservada ao slot S4 de avaliação; não é leitura doutrinária do S3."
peer-p1-lista-questoes-1,document,aula-14.html,unused,"Primeira lista de questões para a P1: prova/lista compartilhada de turma anterior, reservada ao slot S4 de avaliação; não é leitura doutrinária do S3."
peer-p1-lista-questoes-2,document,aula-14.html,unused,"Segunda lista de exercícios para a P1: prova/lista compartilhada de turma anterior, reservada ao slot S4 de avaliação; não é leitura doutrinária do S3."
questoes-extra-tgc,document,aula-14.html,unused,Questões Extra TGC: questões de prática reservadas ao slot S4; não são fonte doutrinária no S3.
slides-aula-1-26,deck,aula-14.html,unused,"Slides da Aula 1, páginas 1 a 26: material de slides reservado ao slot S4; não entra como leitura doutrinária no S3."
slides-aula-10-moodle,deck,aula-14.html,unused,Slides da Aula 10: material de slides reservado ao slot S4; não entra como leitura doutrinária no S3.
slides-aula-2-27-45,deck,aula-14.html,unused,"Slides da Aula 2, páginas 27 a 45: material de slides reservado ao slot S4; não entra como leitura doutrinária no S3."
slides-aula-3,deck,aula-14.html,unused,Slides da Aula 3: material de slides reservado ao slot S4; não entra como leitura doutrinária no S3.
slides-aula-5-moodle,deck,aula-14.html,unused,Slides da Aula 5 Moodle: material de slides reservado ao slot S4; não entra como leitura doutrinária no S3.
slides-excecao-classificacao,deck,aula-14.html,unused,Slides: Exceção e Classificação: material de slides reservado ao slot S4; não entra como leitura doutrinária no S3.
slides-extras-aula-7,deck,aula-14.html,unused,Slides extras da Aula 7: material de slides reservado ao slot S4; não entra como leitura doutrinária no S3.
slides-moodle-aula-9,deck,aula-14.html,unused,Slides da Aula 9 Moodle: material de slides reservado ao slot S4; não entra como leitura doutrinária no S3.
BASE-PEREIRA-CAIO-MARIO-III,capitulo-xxxvii-part-01,aula-15.html,unused,"cap. XXXVII: N Oção G Eral De C Ontrato: parte 1: o capítulo trata esse tema específico, sem desenvolver cumprimento e impossibilidade superveniente de prestar da Aula 15."
BASE-PEREIRA-CAIO-MARIO-III,capitulo-xxxvii-part-01,aula-15.html,background,Pré-requisito herdado de S0 — aula-01.html: Extinguir o vínculo pressupõe saber quais prestações o contrato cria..
BASE-PEREIRA-CAIO-MARIO-III,capitulo-xxxvii-part-02,aula-15.html,unused,"cap. XXXVII: N Oção G Eral De C Ontrato: parte 2: o capítulo trata esse tema específico, sem desenvolver cumprimento e impossibilidade superveniente de prestar da Aula 15."
BASE-PEREIRA-CAIO-MARIO-III,capitulo-xxxviii,aula-15.html,unused,"cap. XXXVIII: C Lassificação Dos C Ontratos: o capítulo trata esse tema específico, sem desenvolver cumprimento e impossibilidade superveniente de prestar da Aula 15."
BASE-PEREIRA-CAIO-MARIO-III,capitulo-xxxviii,aula-15.html,background,Pré-requisito herdado de S0 — aula-08.html: O modo de execução altera a análise de cumprimento e impossibilidade..
BASE-PEREIRA-CAIO-MARIO-III,capitulo-xxxix,aula-15.html,unused,"cap. XXXIX: C Ontrato P Reliminar: o capítulo trata esse tema específico, sem desenvolver cumprimento e impossibilidade superveniente de prestar da Aula 15."
BASE-PEREIRA-CAIO-MARIO-III,capitulo-xl,aula-15.html,unused,"cap. XL: A Rras: o capítulo trata esse tema específico, sem desenvolver cumprimento e impossibilidade superveniente de prestar da Aula 15."
BASE-PEREIRA-CAIO-MARIO-III,capitulo-xli,aula-15.html,unused,"cap. XLI: R Elatividade Dos C Ontratos: o capítulo trata esse tema específico, sem desenvolver cumprimento e impossibilidade superveniente de prestar da Aula 15."
BASE-PEREIRA-CAIO-MARIO-III,capitulo-xlii,aula-15.html,unused,"cap. XLII: V Ícios R Edibitórios: o capítulo trata esse tema específico, sem desenvolver cumprimento e impossibilidade superveniente de prestar da Aula 15."
BASE-PEREIRA-CAIO-MARIO-III,capitulo-xliii,aula-15.html,unused,"cap. XLIII: E Vicção: o capítulo trata esse tema específico, sem desenvolver cumprimento e impossibilidade superveniente de prestar da Aula 15."
BASE-PEREIRA-CAIO-MARIO-III,capitulo-xliv,aula-15.html,supporting,"Extinção dos contratos: o cap. XLIV concentra-se em resilição, cláusula resolutiva e onerosidade, mas traz exemplo de impossibilidade de execução sem culpa em contrato intuitu personae; apoio parcial (7.054 palavras)."
BASE-PEREIRA-CAIO-MARIO-III,capitulo-xlv,aula-15.html,unused,"cap. XLV: C Ompra E V Enda E T Roca: o capítulo trata esse tema específico, sem desenvolver cumprimento e impossibilidade superveniente de prestar da Aula 15."
BASE-PEREIRA-CAIO-MARIO-III,capitulo-xlvi-part-01,aula-15.html,unused,"cap. XLVI: M Odalidades E Speciais De C Ompra E V Enda: parte 1: o capítulo trata esse tema específico, sem desenvolver cumprimento e impossibilidade superveniente de prestar da Aula 15."
BASE-PEREIRA-CAIO-MARIO-III,capitulo-xlvi-part-02,aula-15.html,unused,"cap. XLVI: M Odalidades E Speciais De C Ompra E V Enda: parte 2: o capítulo trata esse tema específico, sem desenvolver cumprimento e impossibilidade superveniente de prestar da Aula 15."
BASE-PEREIRA-CAIO-MARIO-III,capitulo-xlvii,aula-15.html,unused,"cap. XLVII: D Oação: o capítulo trata esse tema específico, sem desenvolver cumprimento e impossibilidade superveniente de prestar da Aula 15."
BASE-PEREIRA-CAIO-MARIO-III,capitulo-xlviii-part-01,aula-15.html,unused,"cap. XLVIII: L Ocação De C Oisas: parte 1: o capítulo trata esse tema específico, sem desenvolver cumprimento e impossibilidade superveniente de prestar da Aula 15."
BASE-PEREIRA-CAIO-MARIO-III,capitulo-xlviii-part-02,aula-15.html,unused,"cap. XLVIII: L Ocação De C Oisas: parte 2: o capítulo trata esse tema específico, sem desenvolver cumprimento e impossibilidade superveniente de prestar da Aula 15."
BASE-PEREIRA-CAIO-MARIO-III,capitulo-xlix,aula-15.html,unused,"cap. XLIX: E Mpreitada – T Ransporte: o capítulo trata esse tema específico, sem desenvolver cumprimento e impossibilidade superveniente de prestar da Aula 15."
BASE-PEREIRA-CAIO-MARIO-III,capitulo-l,aula-15.html,unused,"cap. L: E Mpréstimo: o capítulo trata esse tema específico, sem desenvolver cumprimento e impossibilidade superveniente de prestar da Aula 15."
BASE-PEREIRA-CAIO-MARIO-III,capitulo-li,aula-15.html,unused,"cap. LI: D Epósito: o capítulo trata esse tema específico, sem desenvolver cumprimento e impossibilidade superveniente de prestar da Aula 15."
BASE-PEREIRA-CAIO-MARIO-III,capitulo-lii,aula-15.html,unused,"cap. LII: P Restação De S Erviços – C Orretagem – C Omissão – A Gência , D Istribuição E “F Ranchising”: o capítulo trata esse tema específico, sem desenvolver cumprimento e impossibilidade superveniente de prestar da Aula 15."
BASE-PEREIRA-CAIO-MARIO-III,capitulo-liii,aula-15.html,unused,"cap. LIII: M Andato – G Estão De N Egócios: o capítulo trata esse tema específico, sem desenvolver cumprimento e impossibilidade superveniente de prestar da Aula 15."
BASE-PEREIRA-CAIO-MARIO-III,capitulo-liv,aula-15.html,unused,"cap. LIV: F Idúcia: o capítulo trata esse tema específico, sem desenvolver cumprimento e impossibilidade superveniente de prestar da Aula 15."
BASE-PEREIRA-CAIO-MARIO-III,capitulo-lv,aula-15.html,unused,"cap. LV: S Ociedade – P Arceria: o capítulo trata esse tema específico, sem desenvolver cumprimento e impossibilidade superveniente de prestar da Aula 15."
BASE-PEREIRA-CAIO-MARIO-III,capitulo-lvi,aula-15.html,unused,"cap. LVI: E Dição – R Epresentação D Ramática: o capítulo trata esse tema específico, sem desenvolver cumprimento e impossibilidade superveniente de prestar da Aula 15."
BASE-PEREIRA-CAIO-MARIO-III,capitulo-lvii,aula-15.html,unused,"cap. LVII: S Eguro: o capítulo trata esse tema específico, sem desenvolver cumprimento e impossibilidade superveniente de prestar da Aula 15."
BASE-PEREIRA-CAIO-MARIO-III,capitulo-lviii,aula-15.html,unused,"cap. LVIII: C Onstituição De R Enda: o capítulo trata esse tema específico, sem desenvolver cumprimento e impossibilidade superveniente de prestar da Aula 15."
BASE-VENOSA,BASE-VENOSA-01,aula-15.html,unused,"Universo das Relações Contratuais: o capítulo trata esse tema específico, sem desenvolver cumprimento e impossibilidade superveniente de prestar da Aula 15."
BASE-VENOSA,BASE-VENOSA-01,aula-15.html,background,Pré-requisito herdado de S0 — aula-01.html: Extinguir o vínculo pressupõe saber quais prestações o contrato cria..
BASE-VENOSA,BASE-VENOSA-02,aula-15.html,unused,"Princípios Gerais do Direito Contratual. Contrato de Adesão. Novas Manifestações Contratuais: o capítulo trata esse tema específico, sem desenvolver cumprimento e impossibilidade superveniente de prestar da Aula 15."
BASE-VENOSA,BASE-VENOSA-02,aula-15.html,background,Pré-requisito herdado de S0 — aula-08.html: O modo de execução altera a análise de cumprimento e impossibilidade..
BASE-VENOSA,BASE-VENOSA-03,aula-15.html,unused,"Classificação dos Contratos (I): o capítulo trata esse tema específico, sem desenvolver cumprimento e impossibilidade superveniente de prestar da Aula 15."
BASE-VENOSA,BASE-VENOSA-04,aula-15.html,unused,"Classificação dos Contratos (II): o capítulo trata esse tema específico, sem desenvolver cumprimento e impossibilidade superveniente de prestar da Aula 15."
BASE-VENOSA,BASE-VENOSA-05,aula-15.html,supporting,"Classificação III, seção 5.4, distingue execução instantânea, diferida e duradoura; ajuda a situar cumprimento e impossibilidade conforme o modo de execução (9.582 palavras)."
BASE-VENOSA,BASE-VENOSA-06,aula-15.html,unused,"Elementos do Contrato: o capítulo trata esse tema específico, sem desenvolver cumprimento e impossibilidade superveniente de prestar da Aula 15."
BASE-VENOSA,BASE-VENOSA-07,aula-15.html,unused,"Interpretação dos Contratos: o capítulo trata esse tema específico, sem desenvolver cumprimento e impossibilidade superveniente de prestar da Aula 15."
BASE-VENOSA,BASE-VENOSA-08,aula-15.html,supporting,Teoria da imprevisão examina onerosidade excessiva e resolução/revisão; ajuda a distingui-las da impossibilidade de prestar (6.860 palavras).
BASE-VENOSA,BASE-VENOSA-09,aula-15.html,unused,"Responsabilidade Contratual, Pré-contratual e Pós-contratual: o capítulo trata esse tema específico, sem desenvolver cumprimento e impossibilidade superveniente de prestar da Aula 15."
BASE-VENOSA,BASE-VENOSA-10,aula-15.html,unused,"Relatividade dos Contratos. Efeitos com Relação a Terceiros: o capítulo trata esse tema específico, sem desenvolver cumprimento e impossibilidade superveniente de prestar da Aula 15."
BASE-VENOSA,BASE-VENOSA-11,aula-15.html,primary,"Extinção dos contratos: diferencia a extinção da obrigação pelo pagamento e examina impossibilidade de cumprir sem culpa, além dos modos de desfazimento; 8.555 palavras."
BASE-VENOSA,BASE-VENOSA-12,aula-15.html,unused,"Formação e Conclusão dos Contratos: o capítulo trata esse tema específico, sem desenvolver cumprimento e impossibilidade superveniente de prestar da Aula 15."
BASE-VENOSA,BASE-VENOSA-13,aula-15.html,unused,"Vícios Redibitórios: o capítulo trata esse tema específico, sem desenvolver cumprimento e impossibilidade superveniente de prestar da Aula 15."
BASE-VENOSA,BASE-VENOSA-14,aula-15.html,unused,"Evicção: o capítulo trata esse tema específico, sem desenvolver cumprimento e impossibilidade superveniente de prestar da Aula 15."
BASE-VENOSA,BASE-VENOSA-15,aula-15.html,unused,"Vontade Privada e Contratos Administrativos: o capítulo trata esse tema específico, sem desenvolver cumprimento e impossibilidade superveniente de prestar da Aula 15."
BASE-VENOSA,BASE-VENOSA-16,aula-15.html,unused,"Arbitragem: o capítulo trata esse tema específico, sem desenvolver cumprimento e impossibilidade superveniente de prestar da Aula 15."
BASE-VENOSA,BASE-VENOSA-17,aula-15.html,unused,"Introdução ao Direito Especial dos Contratos: o capítulo trata esse tema específico, sem desenvolver cumprimento e impossibilidade superveniente de prestar da Aula 15."
BASE-VENOSA,BASE-VENOSA-18-01,aula-15.html,unused,"Compra e Venda: 18.1 Conceito. Efeitos Obrigacionais do Contrato de Compra e Venda: o capítulo trata esse tema específico, sem desenvolver cumprimento e impossibilidade superveniente de prestar da Aula 15."
BASE-VENOSA,BASE-VENOSA-18-02,aula-15.html,unused,"Compra e Venda: 18.6 Venda Ad Corpus e Ad Mensuram: o capítulo trata esse tema específico, sem desenvolver cumprimento e impossibilidade superveniente de prestar da Aula 15."
BASE-VENOSA,BASE-VENOSA-18-03,aula-15.html,unused,"Compra e Venda: 18.8.1 Incoterms: o capítulo trata esse tema específico, sem desenvolver cumprimento e impossibilidade superveniente de prestar da Aula 15."
BASE-VENOSA,BASE-VENOSA-19-01,aula-15.html,unused,"Cláusulas Especiais da Compra e Venda: 19.1 Retrovenda: o capítulo trata esse tema específico, sem desenvolver cumprimento e impossibilidade superveniente de prestar da Aula 15."
BASE-VENOSA,BASE-VENOSA-19-02,aula-15.html,unused,"Cláusulas Especiais da Compra e Venda: 19.8 Venda Mediante Poupança: o capítulo trata esse tema específico, sem desenvolver cumprimento e impossibilidade superveniente de prestar da Aula 15."
BASE-VENOSA,BASE-VENOSA-20,aula-15.html,unused,"Troca ou Permuta: o capítulo trata esse tema específico, sem desenvolver cumprimento e impossibilidade superveniente de prestar da Aula 15."
BASE-VENOSA,BASE-VENOSA-21,aula-15.html,unused,"Contrato Estimatório ou de Consignação: o capítulo trata esse tema específico, sem desenvolver cumprimento e impossibilidade superveniente de prestar da Aula 15."
BASE-VENOSA,BASE-VENOSA-22-01,aula-15.html,unused,"Doação: 22.1 Conceito. Natureza Contratual. Conteúdo. Origens. Características: o capítulo trata esse tema específico, sem desenvolver cumprimento e impossibilidade superveniente de prestar da Aula 15."
BASE-VENOSA,BASE-VENOSA-22-02,aula-15.html,unused,"Doação: 22.8.1 Prazo Decadencial da Ação Revogatória: o capítulo trata esse tema específico, sem desenvolver cumprimento e impossibilidade superveniente de prestar da Aula 15."
BASE-VENOSA,BASE-VENOSA-23-01,aula-15.html,unused,"Locação de Coisas. Lei do Inquilinato: 23.1 Espécies. Conceitos. Natureza: o capítulo trata esse tema específico, sem desenvolver cumprimento e impossibilidade superveniente de prestar da Aula 15."
BASE-VENOSA,BASE-VENOSA-23-02,aula-15.html,unused,"Locação de Coisas. Lei do Inquilinato: 23.3.10 Aluguel. Ação Revisional: o capítulo trata esse tema específico, sem desenvolver cumprimento e impossibilidade superveniente de prestar da Aula 15."
BASE-VENOSA,BASE-VENOSA-24,aula-15.html,unused,"Empréstimo: Comodato: o capítulo trata esse tema específico, sem desenvolver cumprimento e impossibilidade superveniente de prestar da Aula 15."
BASE-VENOSA,BASE-VENOSA-25,aula-15.html,unused,"Empréstimo: Mútuo: o capítulo trata esse tema específico, sem desenvolver cumprimento e impossibilidade superveniente de prestar da Aula 15."
BASE-VENOSA,BASE-VENOSA-27,aula-15.html,unused,"Empreitada: o capítulo trata esse tema específico, sem desenvolver cumprimento e impossibilidade superveniente de prestar da Aula 15."
BASE-VENOSA,BASE-VENOSA-28,aula-15.html,unused,"Depósito: o capítulo trata esse tema específico, sem desenvolver cumprimento e impossibilidade superveniente de prestar da Aula 15."
BASE-VENOSA,BASE-VENOSA-29-01,aula-15.html,unused,"Mandato: 29.1 Conceito. Natureza. Procuração. Representação e Mandato: o capítulo trata esse tema específico, sem desenvolver cumprimento e impossibilidade superveniente de prestar da Aula 15."
BASE-VENOSA,BASE-VENOSA-29-02,aula-15.html,unused,"Mandato: 29.7 Procuração em Causa Própria. Contrato Consigo Mesmo ou Autocontrato: o capítulo trata esse tema específico, sem desenvolver cumprimento e impossibilidade superveniente de prestar da Aula 15."
BASE-VENOSA,BASE-VENOSA-30,aula-15.html,unused,"Comissão: o capítulo trata esse tema específico, sem desenvolver cumprimento e impossibilidade superveniente de prestar da Aula 15."
BASE-VENOSA,BASE-VENOSA-31,aula-15.html,unused,"Agência e Distribuição: o capítulo trata esse tema específico, sem desenvolver cumprimento e impossibilidade superveniente de prestar da Aula 15."
BASE-VENOSA,BASE-VENOSA-32,aula-15.html,unused,"Corretagem: o capítulo trata esse tema específico, sem desenvolver cumprimento e impossibilidade superveniente de prestar da Aula 15."
BASE-VENOSA,BASE-VENOSA-33-01,aula-15.html,unused,"Transporte: 33.1 Conceito. Origens: o capítulo trata esse tema específico, sem desenvolver cumprimento e impossibilidade superveniente de prestar da Aula 15."
BASE-VENOSA,BASE-VENOSA-33-02,aula-15.html,unused,"Transporte: 33.10 Bilhete de Passagem: o capítulo trata esse tema específico, sem desenvolver cumprimento e impossibilidade superveniente de prestar da Aula 15."
BASE-VENOSA,BASE-VENOSA-34-01,aula-15.html,unused,"Seguro: 34.1 Origens. Conceito: o capítulo trata esse tema específico, sem desenvolver cumprimento e impossibilidade superveniente de prestar da Aula 15."
BASE-VENOSA,BASE-VENOSA-34-02,aula-15.html,unused,"Seguro: 34.13 Sub-rogação: o capítulo trata esse tema específico, sem desenvolver cumprimento e impossibilidade superveniente de prestar da Aula 15."
BASE-VENOSA,BASE-VENOSA-35,aula-15.html,unused,"Constituição de Renda: o capítulo trata esse tema específico, sem desenvolver cumprimento e impossibilidade superveniente de prestar da Aula 15."
BASE-VENOSA,BASE-VENOSA-36,aula-15.html,unused,"Jogo e Aposta: o capítulo trata esse tema específico, sem desenvolver cumprimento e impossibilidade superveniente de prestar da Aula 15."
BASE-VENOSA,BASE-VENOSA-37-01,aula-15.html,unused,"Fiança: 37.1 Conceito. Natureza. Modalidades: o capítulo trata esse tema específico, sem desenvolver cumprimento e impossibilidade superveniente de prestar da Aula 15."
BASE-VENOSA,BASE-VENOSA-37-02,aula-15.html,unused,"Fiança: 37.9 Extinção da Fiança: o capítulo trata esse tema específico, sem desenvolver cumprimento e impossibilidade superveniente de prestar da Aula 15."
BASE-VENOSA,BASE-VENOSA-38,aula-15.html,unused,"Dos Atos Unilaterais: Promessa de Recompensa. Concurso: o capítulo trata esse tema específico, sem desenvolver cumprimento e impossibilidade superveniente de prestar da Aula 15."
BASE-VENOSA,BASE-VENOSA-39,aula-15.html,unused,"Dos Atos Unilaterais: Gestão de Negócios: o capítulo trata esse tema específico, sem desenvolver cumprimento e impossibilidade superveniente de prestar da Aula 15."
BASE-VENOSA,BASE-VENOSA-40,aula-15.html,unused,"Fornecimento: o capítulo trata esse tema específico, sem desenvolver cumprimento e impossibilidade superveniente de prestar da Aula 15."
BASE-VENOSA,BASE-VENOSA-41,aula-15.html,unused,"Incorporação Imobiliária: o capítulo trata esse tema específico, sem desenvolver cumprimento e impossibilidade superveniente de prestar da Aula 15."
BASE-VENOSA,BASE-VENOSA-42,aula-15.html,unused,"Compromisso de Compra e Venda: o capítulo trata esse tema específico, sem desenvolver cumprimento e impossibilidade superveniente de prestar da Aula 15."
BASE-VENOSA,BASE-VENOSA-43,aula-15.html,unused,"Garagem: o capítulo trata esse tema específico, sem desenvolver cumprimento e impossibilidade superveniente de prestar da Aula 15."
BASE-VENOSA,BASE-VENOSA-44,aula-15.html,unused,"Representação Comercial: o capítulo trata esse tema específico, sem desenvolver cumprimento e impossibilidade superveniente de prestar da Aula 15."
BASE-VENOSA,BASE-VENOSA-45,aula-15.html,unused,"Transferência de Tecnologia. Licença e Know-How: o capítulo trata esse tema específico, sem desenvolver cumprimento e impossibilidade superveniente de prestar da Aula 15."
BASE-VENOSA,BASE-VENOSA-46,aula-15.html,unused,"Franquia: o capítulo trata esse tema específico, sem desenvolver cumprimento e impossibilidade superveniente de prestar da Aula 15."
BASE-VENOSA,BASE-VENOSA-47,aula-15.html,unused,"Factoring (Faturização): o capítulo trata esse tema específico, sem desenvolver cumprimento e impossibilidade superveniente de prestar da Aula 15."
BASE-VENOSA,BASE-VENOSA-48,aula-15.html,unused,"Leasing (Arrendamento Mercantil): o capítulo trata esse tema específico, sem desenvolver cumprimento e impossibilidade superveniente de prestar da Aula 15."
BASE-VENOSA,BASE-VENOSA-49,aula-15.html,unused,"Sociedade: o capítulo trata esse tema específico, sem desenvolver cumprimento e impossibilidade superveniente de prestar da Aula 15."
BASE-VENOSA,BASE-VENOSA-50,aula-15.html,unused,"Contratos Agrários: Arrendamento e Parceria: o capítulo trata esse tema específico, sem desenvolver cumprimento e impossibilidade superveniente de prestar da Aula 15."
BASE-VENOSA,BASE-VENOSA-51,aula-15.html,unused,"Contratos de Direitos Autorais: o capítulo trata esse tema específico, sem desenvolver cumprimento e impossibilidade superveniente de prestar da Aula 15."
exercicios-tgc-2026-2,document,aula-15.html,unused,"Exercícios TGC 2026.2: exercício, prova ou gabarito; material de prática/avaliação fica nos slots S4."
gabarito-primeira-lista-exercicios-tgc,document,aula-15.html,unused,"Gabarito Primeira Lista de Exercícios TGC: exercício, prova ou gabarito; material de prática/avaliação fica nos slots S4."
gabarito-questoes-extra-tgc,document,aula-15.html,unused,"Gabarito Questões Extra TGC: exercício, prova ou gabarito; material de prática/avaliação fica nos slots S4."
peer-p1-antiga-com-gabarito,document,aula-15.html,unused,"Prova antiga da P1 com gabarito: exercício, prova ou gabarito; material de prática/avaliação fica nos slots S4."
peer-p1-antiga-sem-gabarito,document,aula-15.html,unused,"Prova antiga da P1 sem gabarito: exercício, prova ou gabarito; material de prática/avaliação fica nos slots S4."
peer-p1-lista-questoes-1,document,aula-15.html,unused,"Primeira lista de questões para a P1: exercício, prova ou gabarito; material de prática/avaliação fica nos slots S4."
peer-p1-lista-questoes-2,document,aula-15.html,unused,"Segunda lista de exercícios para a P1: exercício, prova ou gabarito; material de prática/avaliação fica nos slots S4."
questoes-extra-tgc,document,aula-15.html,unused,"Questões Extra TGC: exercício, prova ou gabarito; material de prática/avaliação fica nos slots S4."
slides-aula-1-26,deck,aula-15.html,unused,"Slides da Aula 1, páginas 1 a 26: slides reservados aos slots S4; não servem como capítulo teórico de cumprimento e impossibilidade superveniente de prestar."
slides-aula-10-moodle,deck,aula-15.html,unused,Slides da Aula 10: slides reservados aos slots S4; não servem como capítulo teórico de cumprimento e impossibilidade superveniente de prestar.
slides-aula-2-27-45,deck,aula-15.html,unused,"Slides da Aula 2, páginas 27 a 45: slides reservados aos slots S4; não servem como capítulo teórico de cumprimento e impossibilidade superveniente de prestar."
slides-aula-3,deck,aula-15.html,unused,Slides da Aula 3: slides reservados aos slots S4; não servem como capítulo teórico de cumprimento e impossibilidade superveniente de prestar.
slides-aula-5-moodle,deck,aula-15.html,unused,Slides da Aula 5 Moodle: slides reservados aos slots S4; não servem como capítulo teórico de cumprimento e impossibilidade superveniente de prestar.
slides-excecao-classificacao,deck,aula-15.html,unused,Slides: Exceção e Classificação: slides reservados aos slots S4; não servem como capítulo teórico de cumprimento e impossibilidade superveniente de prestar.
slides-extras-aula-7,deck,aula-15.html,unused,Slides extras da Aula 7: slides reservados aos slots S4; não servem como capítulo teórico de cumprimento e impossibilidade superveniente de prestar.
slides-moodle-aula-9,deck,aula-15.html,unused,Slides da Aula 9 Moodle: slides reservados aos slots S4; não servem como capítulo teórico de cumprimento e impossibilidade superveniente de prestar.
BASE-PEREIRA-CAIO-MARIO-III,capitulo-xxxvii-part-01,aula-16.html,unused,"cap. XXXVII: N Oção G Eral De C Ontrato: parte 1: o capítulo trata esse tema específico, sem desenvolver distrato e denúncia unilateral da Aula 16."
BASE-PEREIRA-CAIO-MARIO-III,capitulo-xxxvii-part-01,aula-16.html,background,Pré-requisito herdado de S0 — aula-02.html: Distrato e denúncia alteram a força vinculativa por vontade das partes ou de uma delas.; aula-03.html: A boa-fé informa limites e aviso na denúncia unilateral..
BASE-PEREIRA-CAIO-MARIO-III,capitulo-xxxvii-part-02,aula-16.html,unused,"cap. XXXVII: N Oção G Eral De C Ontrato: parte 2: o capítulo trata esse tema específico, sem desenvolver distrato e denúncia unilateral da Aula 16."
BASE-PEREIRA-CAIO-MARIO-III,capitulo-xxxvii-part-02,aula-16.html,background,Pré-requisito herdado de S0 — aula-03.html: A boa-fé informa limites e aviso na denúncia unilateral..
BASE-PEREIRA-CAIO-MARIO-III,capitulo-xxxviii,aula-16.html,unused,"cap. XXXVIII: C Lassificação Dos C Ontratos: o capítulo trata esse tema específico, sem desenvolver distrato e denúncia unilateral da Aula 16."
BASE-PEREIRA-CAIO-MARIO-III,capitulo-xxxviii,aula-16.html,background,Pré-requisito herdado de S0 — aula-08.html: A duração e execução do contrato condicionam a denúncia e seus efeitos..
BASE-PEREIRA-CAIO-MARIO-III,capitulo-xxxix,aula-16.html,unused,"cap. XXXIX: C Ontrato P Reliminar: o capítulo trata esse tema específico, sem desenvolver distrato e denúncia unilateral da Aula 16."
BASE-PEREIRA-CAIO-MARIO-III,capitulo-xl,aula-16.html,unused,"cap. XL: A Rras: o capítulo trata esse tema específico, sem desenvolver distrato e denúncia unilateral da Aula 16."
BASE-PEREIRA-CAIO-MARIO-III,capitulo-xli,aula-16.html,unused,"cap. XLI: R Elatividade Dos C Ontratos: o capítulo trata esse tema específico, sem desenvolver distrato e denúncia unilateral da Aula 16."
BASE-PEREIRA-CAIO-MARIO-III,capitulo-xli,aula-16.html,background,Pré-requisito herdado de S0 — aula-02.html: Distrato e denúncia alteram a força vinculativa por vontade das partes ou de uma delas..
BASE-PEREIRA-CAIO-MARIO-III,capitulo-xlii,aula-16.html,unused,"cap. XLII: V Ícios R Edibitórios: o capítulo trata esse tema específico, sem desenvolver distrato e denúncia unilateral da Aula 16."
BASE-PEREIRA-CAIO-MARIO-III,capitulo-xliii,aula-16.html,unused,"cap. XLIII: E Vicção: o capítulo trata esse tema específico, sem desenvolver distrato e denúncia unilateral da Aula 16."
BASE-PEREIRA-CAIO-MARIO-III,capitulo-xliv,aula-16.html,primary,"Extinção dos contratos: cobre resilição bilateral (distrato), resilição unilateral (denúncia) e seus efeitos; 7.054 palavras."
BASE-PEREIRA-CAIO-MARIO-III,capitulo-xlv,aula-16.html,unused,"cap. XLV: C Ompra E V Enda E T Roca: o capítulo trata esse tema específico, sem desenvolver distrato e denúncia unilateral da Aula 16."
BASE-PEREIRA-CAIO-MARIO-III,capitulo-xlvi-part-01,aula-16.html,unused,"cap. XLVI: M Odalidades E Speciais De C Ompra E V Enda: parte 1: o capítulo trata esse tema específico, sem desenvolver distrato e denúncia unilateral da Aula 16."
BASE-PEREIRA-CAIO-MARIO-III,capitulo-xlvi-part-02,aula-16.html,unused,"cap. XLVI: M Odalidades E Speciais De C Ompra E V Enda: parte 2: o capítulo trata esse tema específico, sem desenvolver distrato e denúncia unilateral da Aula 16."
BASE-PEREIRA-CAIO-MARIO-III,capitulo-xlvii,aula-16.html,unused,"cap. XLVII: D Oação: o capítulo trata esse tema específico, sem desenvolver distrato e denúncia unilateral da Aula 16."
BASE-PEREIRA-CAIO-MARIO-III,capitulo-xlviii-part-01,aula-16.html,unused,"cap. XLVIII: L Ocação De C Oisas: parte 1: o capítulo trata esse tema específico, sem desenvolver distrato e denúncia unilateral da Aula 16."
BASE-PEREIRA-CAIO-MARIO-III,capitulo-xlviii-part-02,aula-16.html,unused,"cap. XLVIII: L Ocação De C Oisas: parte 2: o capítulo trata esse tema específico, sem desenvolver distrato e denúncia unilateral da Aula 16."
BASE-PEREIRA-CAIO-MARIO-III,capitulo-xlix,aula-16.html,unused,"cap. XLIX: E Mpreitada – T Ransporte: o capítulo trata esse tema específico, sem desenvolver distrato e denúncia unilateral da Aula 16."
BASE-PEREIRA-CAIO-MARIO-III,capitulo-l,aula-16.html,unused,"cap. L: E Mpréstimo: o capítulo trata esse tema específico, sem desenvolver distrato e denúncia unilateral da Aula 16."
BASE-PEREIRA-CAIO-MARIO-III,capitulo-li,aula-16.html,unused,"cap. LI: D Epósito: o capítulo trata esse tema específico, sem desenvolver distrato e denúncia unilateral da Aula 16."
BASE-PEREIRA-CAIO-MARIO-III,capitulo-lii,aula-16.html,unused,"cap. LII: P Restação De S Erviços – C Orretagem – C Omissão – A Gência , D Istribuição E “F Ranchising”: o capítulo trata esse tema específico, sem desenvolver distrato e denúncia unilateral da Aula 16."
BASE-PEREIRA-CAIO-MARIO-III,capitulo-liii,aula-16.html,unused,"cap. LIII: M Andato – G Estão De N Egócios: o capítulo trata esse tema específico, sem desenvolver distrato e denúncia unilateral da Aula 16."
BASE-PEREIRA-CAIO-MARIO-III,capitulo-liv,aula-16.html,unused,"cap. LIV: F Idúcia: o capítulo trata esse tema específico, sem desenvolver distrato e denúncia unilateral da Aula 16."
BASE-PEREIRA-CAIO-MARIO-III,capitulo-lv,aula-16.html,unused,"cap. LV: S Ociedade – P Arceria: o capítulo trata esse tema específico, sem desenvolver distrato e denúncia unilateral da Aula 16."
BASE-PEREIRA-CAIO-MARIO-III,capitulo-lvi,aula-16.html,unused,"cap. LVI: E Dição – R Epresentação D Ramática: o capítulo trata esse tema específico, sem desenvolver distrato e denúncia unilateral da Aula 16."
BASE-PEREIRA-CAIO-MARIO-III,capitulo-lvii,aula-16.html,unused,"cap. LVII: S Eguro: o capítulo trata esse tema específico, sem desenvolver distrato e denúncia unilateral da Aula 16."
BASE-PEREIRA-CAIO-MARIO-III,capitulo-lviii,aula-16.html,unused,"cap. LVIII: C Onstituição De R Enda: o capítulo trata esse tema específico, sem desenvolver distrato e denúncia unilateral da Aula 16."
BASE-VENOSA,BASE-VENOSA-01,aula-16.html,unused,"Universo das Relações Contratuais: o capítulo trata esse tema específico, sem desenvolver distrato e denúncia unilateral da Aula 16."
BASE-VENOSA,BASE-VENOSA-02,aula-16.html,unused,"Princípios Gerais do Direito Contratual. Contrato de Adesão. Novas Manifestações Contratuais: o capítulo trata esse tema específico, sem desenvolver distrato e denúncia unilateral da Aula 16."
BASE-VENOSA,BASE-VENOSA-02,aula-16.html,background,Pré-requisito herdado de S0 — aula-02.html: Distrato e denúncia alteram a força vinculativa por vontade das partes ou de uma delas.; aula-03.html: A boa-fé informa limites e aviso na denúncia unilateral.; aula-08.html: A duração e execução do contrato condicionam a denúncia e seus efeitos..
BASE-VENOSA,BASE-VENOSA-03,aula-16.html,unused,"Classificação dos Contratos (I): o capítulo trata esse tema específico, sem desenvolver distrato e denúncia unilateral da Aula 16."
BASE-VENOSA,BASE-VENOSA-04,aula-16.html,unused,"Classificação dos Contratos (II): o capítulo trata esse tema específico, sem desenvolver distrato e denúncia unilateral da Aula 16."
BASE-VENOSA,BASE-VENOSA-05,aula-16.html,supporting,"Classificação III, seção 5.4, trata duração contratual, denúncia unilateral e prazo compatível com investimentos; complemento direto à saída por denúncia (9.582 palavras)."
BASE-VENOSA,BASE-VENOSA-06,aula-16.html,unused,"Elementos do Contrato: o capítulo trata esse tema específico, sem desenvolver distrato e denúncia unilateral da Aula 16."
BASE-VENOSA,BASE-VENOSA-07,aula-16.html,unused,"Interpretação dos Contratos: o capítulo trata esse tema específico, sem desenvolver distrato e denúncia unilateral da Aula 16."
BASE-VENOSA,BASE-VENOSA-08,aula-16.html,unused,"Teoria da Imprevisão. Revisão dos Contratos: o capítulo trata esse tema específico, sem desenvolver distrato e denúncia unilateral da Aula 16."
BASE-VENOSA,BASE-VENOSA-09,aula-16.html,unused,"Responsabilidade Contratual, Pré-contratual e Pós-contratual: o capítulo trata esse tema específico, sem desenvolver distrato e denúncia unilateral da Aula 16."
BASE-VENOSA,BASE-VENOSA-10,aula-16.html,unused,"Relatividade dos Contratos. Efeitos com Relação a Terceiros: o capítulo trata esse tema específico, sem desenvolver distrato e denúncia unilateral da Aula 16."
BASE-VENOSA,BASE-VENOSA-10,aula-16.html,background,Pré-requisito herdado de S0 — aula-02.html: Distrato e denúncia alteram a força vinculativa por vontade das partes ou de uma delas..
BASE-VENOSA,BASE-VENOSA-11,aula-16.html,primary,"Extinção dos contratos: trata resilição, distrato e denúncia unilateral, incluindo aviso e efeitos; 8.555 palavras."
BASE-VENOSA,BASE-VENOSA-12,aula-16.html,unused,"Formação e Conclusão dos Contratos: o capítulo trata esse tema específico, sem desenvolver distrato e denúncia unilateral da Aula 16."
BASE-VENOSA,BASE-VENOSA-13,aula-16.html,unused,"Vícios Redibitórios: o capítulo trata esse tema específico, sem desenvolver distrato e denúncia unilateral da Aula 16."
BASE-VENOSA,BASE-VENOSA-14,aula-16.html,unused,"Evicção: o capítulo trata esse tema específico, sem desenvolver distrato e denúncia unilateral da Aula 16."
BASE-VENOSA,BASE-VENOSA-15,aula-16.html,unused,"Vontade Privada e Contratos Administrativos: o capítulo trata esse tema específico, sem desenvolver distrato e denúncia unilateral da Aula 16."
BASE-VENOSA,BASE-VENOSA-16,aula-16.html,unused,"Arbitragem: o capítulo trata esse tema específico, sem desenvolver distrato e denúncia unilateral da Aula 16."
BASE-VENOSA,BASE-VENOSA-17,aula-16.html,unused,"Introdução ao Direito Especial dos Contratos: o capítulo trata esse tema específico, sem desenvolver distrato e denúncia unilateral da Aula 16."
BASE-VENOSA,BASE-VENOSA-18-01,aula-16.html,unused,"Compra e Venda: 18.1 Conceito. Efeitos Obrigacionais do Contrato de Compra e Venda: o capítulo trata esse tema específico, sem desenvolver distrato e denúncia unilateral da Aula 16."
BASE-VENOSA,BASE-VENOSA-18-02,aula-16.html,unused,"Compra e Venda: 18.6 Venda Ad Corpus e Ad Mensuram: o capítulo trata esse tema específico, sem desenvolver distrato e denúncia unilateral da Aula 16."
BASE-VENOSA,BASE-VENOSA-18-03,aula-16.html,unused,"Compra e Venda: 18.8.1 Incoterms: o capítulo trata esse tema específico, sem desenvolver distrato e denúncia unilateral da Aula 16."
BASE-VENOSA,BASE-VENOSA-19-01,aula-16.html,unused,"Cláusulas Especiais da Compra e Venda: 19.1 Retrovenda: o capítulo trata esse tema específico, sem desenvolver distrato e denúncia unilateral da Aula 16."
BASE-VENOSA,BASE-VENOSA-19-02,aula-16.html,unused,"Cláusulas Especiais da Compra e Venda: 19.8 Venda Mediante Poupança: o capítulo trata esse tema específico, sem desenvolver distrato e denúncia unilateral da Aula 16."
BASE-VENOSA,BASE-VENOSA-20,aula-16.html,unused,"Troca ou Permuta: o capítulo trata esse tema específico, sem desenvolver distrato e denúncia unilateral da Aula 16."
BASE-VENOSA,BASE-VENOSA-21,aula-16.html,unused,"Contrato Estimatório ou de Consignação: o capítulo trata esse tema específico, sem desenvolver distrato e denúncia unilateral da Aula 16."
BASE-VENOSA,BASE-VENOSA-22-01,aula-16.html,unused,"Doação: 22.1 Conceito. Natureza Contratual. Conteúdo. Origens. Características: o capítulo trata esse tema específico, sem desenvolver distrato e denúncia unilateral da Aula 16."
BASE-VENOSA,BASE-VENOSA-22-02,aula-16.html,unused,"Doação: 22.8.1 Prazo Decadencial da Ação Revogatória: o capítulo trata esse tema específico, sem desenvolver distrato e denúncia unilateral da Aula 16."
BASE-VENOSA,BASE-VENOSA-23-01,aula-16.html,unused,"Locação de Coisas. Lei do Inquilinato: 23.1 Espécies. Conceitos. Natureza: o capítulo trata esse tema específico, sem desenvolver distrato e denúncia unilateral da Aula 16."
BASE-VENOSA,BASE-VENOSA-23-02,aula-16.html,unused,"Locação de Coisas. Lei do Inquilinato: 23.3.10 Aluguel. Ação Revisional: o capítulo trata esse tema específico, sem desenvolver distrato e denúncia unilateral da Aula 16."
BASE-VENOSA,BASE-VENOSA-24,aula-16.html,unused,"Empréstimo: Comodato: o capítulo trata esse tema específico, sem desenvolver distrato e denúncia unilateral da Aula 16."
BASE-VENOSA,BASE-VENOSA-25,aula-16.html,unused,"Empréstimo: Mútuo: o capítulo trata esse tema específico, sem desenvolver distrato e denúncia unilateral da Aula 16."
BASE-VENOSA,BASE-VENOSA-27,aula-16.html,unused,"Empreitada: o capítulo trata esse tema específico, sem desenvolver distrato e denúncia unilateral da Aula 16."
BASE-VENOSA,BASE-VENOSA-28,aula-16.html,unused,"Depósito: o capítulo trata esse tema específico, sem desenvolver distrato e denúncia unilateral da Aula 16."
BASE-VENOSA,BASE-VENOSA-29-01,aula-16.html,unused,"Mandato: 29.1 Conceito. Natureza. Procuração. Representação e Mandato: o capítulo trata esse tema específico, sem desenvolver distrato e denúncia unilateral da Aula 16."
BASE-VENOSA,BASE-VENOSA-29-02,aula-16.html,unused,"Mandato: 29.7 Procuração em Causa Própria. Contrato Consigo Mesmo ou Autocontrato: o capítulo trata esse tema específico, sem desenvolver distrato e denúncia unilateral da Aula 16."
BASE-VENOSA,BASE-VENOSA-30,aula-16.html,unused,"Comissão: o capítulo trata esse tema específico, sem desenvolver distrato e denúncia unilateral da Aula 16."
BASE-VENOSA,BASE-VENOSA-31,aula-16.html,unused,"Agência e Distribuição: o capítulo trata esse tema específico, sem desenvolver distrato e denúncia unilateral da Aula 16."
BASE-VENOSA,BASE-VENOSA-32,aula-16.html,unused,"Corretagem: o capítulo trata esse tema específico, sem desenvolver distrato e denúncia unilateral da Aula 16."
BASE-VENOSA,BASE-VENOSA-33-01,aula-16.html,unused,"Transporte: 33.1 Conceito. Origens: o capítulo trata esse tema específico, sem desenvolver distrato e denúncia unilateral da Aula 16."
BASE-VENOSA,BASE-VENOSA-33-02,aula-16.html,unused,"Transporte: 33.10 Bilhete de Passagem: o capítulo trata esse tema específico, sem desenvolver distrato e denúncia unilateral da Aula 16."
BASE-VENOSA,BASE-VENOSA-34-01,aula-16.html,unused,"Seguro: 34.1 Origens. Conceito: o capítulo trata esse tema específico, sem desenvolver distrato e denúncia unilateral da Aula 16."
BASE-VENOSA,BASE-VENOSA-34-02,aula-16.html,unused,"Seguro: 34.13 Sub-rogação: o capítulo trata esse tema específico, sem desenvolver distrato e denúncia unilateral da Aula 16."
BASE-VENOSA,BASE-VENOSA-35,aula-16.html,unused,"Constituição de Renda: o capítulo trata esse tema específico, sem desenvolver distrato e denúncia unilateral da Aula 16."
BASE-VENOSA,BASE-VENOSA-36,aula-16.html,unused,"Jogo e Aposta: o capítulo trata esse tema específico, sem desenvolver distrato e denúncia unilateral da Aula 16."
BASE-VENOSA,BASE-VENOSA-37-01,aula-16.html,unused,"Fiança: 37.1 Conceito. Natureza. Modalidades: o capítulo trata esse tema específico, sem desenvolver distrato e denúncia unilateral da Aula 16."
BASE-VENOSA,BASE-VENOSA-37-02,aula-16.html,unused,"Fiança: 37.9 Extinção da Fiança: o capítulo trata esse tema específico, sem desenvolver distrato e denúncia unilateral da Aula 16."
BASE-VENOSA,BASE-VENOSA-38,aula-16.html,unused,"Dos Atos Unilaterais: Promessa de Recompensa. Concurso: o capítulo trata esse tema específico, sem desenvolver distrato e denúncia unilateral da Aula 16."
BASE-VENOSA,BASE-VENOSA-39,aula-16.html,unused,"Dos Atos Unilaterais: Gestão de Negócios: o capítulo trata esse tema específico, sem desenvolver distrato e denúncia unilateral da Aula 16."
BASE-VENOSA,BASE-VENOSA-40,aula-16.html,unused,"Fornecimento: o capítulo trata esse tema específico, sem desenvolver distrato e denúncia unilateral da Aula 16."
BASE-VENOSA,BASE-VENOSA-41,aula-16.html,unused,"Incorporação Imobiliária: o capítulo trata esse tema específico, sem desenvolver distrato e denúncia unilateral da Aula 16."
BASE-VENOSA,BASE-VENOSA-42,aula-16.html,unused,"Compromisso de Compra e Venda: o capítulo trata esse tema específico, sem desenvolver distrato e denúncia unilateral da Aula 16."
BASE-VENOSA,BASE-VENOSA-43,aula-16.html,unused,"Garagem: o capítulo trata esse tema específico, sem desenvolver distrato e denúncia unilateral da Aula 16."
BASE-VENOSA,BASE-VENOSA-44,aula-16.html,unused,"Representação Comercial: o capítulo trata esse tema específico, sem desenvolver distrato e denúncia unilateral da Aula 16."
BASE-VENOSA,BASE-VENOSA-45,aula-16.html,unused,"Transferência de Tecnologia. Licença e Know-How: o capítulo trata esse tema específico, sem desenvolver distrato e denúncia unilateral da Aula 16."
BASE-VENOSA,BASE-VENOSA-46,aula-16.html,unused,"Franquia: o capítulo trata esse tema específico, sem desenvolver distrato e denúncia unilateral da Aula 16."
BASE-VENOSA,BASE-VENOSA-47,aula-16.html,unused,"Factoring (Faturização): o capítulo trata esse tema específico, sem desenvolver distrato e denúncia unilateral da Aula 16."
BASE-VENOSA,BASE-VENOSA-48,aula-16.html,unused,"Leasing (Arrendamento Mercantil): o capítulo trata esse tema específico, sem desenvolver distrato e denúncia unilateral da Aula 16."
BASE-VENOSA,BASE-VENOSA-49,aula-16.html,unused,"Sociedade: o capítulo trata esse tema específico, sem desenvolver distrato e denúncia unilateral da Aula 16."
BASE-VENOSA,BASE-VENOSA-50,aula-16.html,unused,"Contratos Agrários: Arrendamento e Parceria: o capítulo trata esse tema específico, sem desenvolver distrato e denúncia unilateral da Aula 16."
BASE-VENOSA,BASE-VENOSA-51,aula-16.html,unused,"Contratos de Direitos Autorais: o capítulo trata esse tema específico, sem desenvolver distrato e denúncia unilateral da Aula 16."
exercicios-tgc-2026-2,document,aula-16.html,unused,"Exercícios TGC 2026.2: exercício, prova ou gabarito; material de prática/avaliação fica nos slots S4."
gabarito-primeira-lista-exercicios-tgc,document,aula-16.html,unused,"Gabarito Primeira Lista de Exercícios TGC: exercício, prova ou gabarito; material de prática/avaliação fica nos slots S4."
gabarito-questoes-extra-tgc,document,aula-16.html,unused,"Gabarito Questões Extra TGC: exercício, prova ou gabarito; material de prática/avaliação fica nos slots S4."
peer-p1-antiga-com-gabarito,document,aula-16.html,unused,"Prova antiga da P1 com gabarito: exercício, prova ou gabarito; material de prática/avaliação fica nos slots S4."
peer-p1-antiga-sem-gabarito,document,aula-16.html,unused,"Prova antiga da P1 sem gabarito: exercício, prova ou gabarito; material de prática/avaliação fica nos slots S4."
peer-p1-lista-questoes-1,document,aula-16.html,unused,"Primeira lista de questões para a P1: exercício, prova ou gabarito; material de prática/avaliação fica nos slots S4."
peer-p1-lista-questoes-2,document,aula-16.html,unused,"Segunda lista de exercícios para a P1: exercício, prova ou gabarito; material de prática/avaliação fica nos slots S4."
questoes-extra-tgc,document,aula-16.html,unused,"Questões Extra TGC: exercício, prova ou gabarito; material de prática/avaliação fica nos slots S4."
slides-aula-1-26,deck,aula-16.html,unused,"Slides da Aula 1, páginas 1 a 26: slides reservados aos slots S4; não servem como capítulo teórico de distrato e denúncia unilateral."
slides-aula-10-moodle,deck,aula-16.html,unused,Slides da Aula 10: slides reservados aos slots S4; não servem como capítulo teórico de distrato e denúncia unilateral.
slides-aula-2-27-45,deck,aula-16.html,unused,"Slides da Aula 2, páginas 27 a 45: slides reservados aos slots S4; não servem como capítulo teórico de distrato e denúncia unilateral."
slides-aula-3,deck,aula-16.html,unused,Slides da Aula 3: slides reservados aos slots S4; não servem como capítulo teórico de distrato e denúncia unilateral.
slides-aula-5-moodle,deck,aula-16.html,unused,Slides da Aula 5 Moodle: slides reservados aos slots S4; não servem como capítulo teórico de distrato e denúncia unilateral.
slides-excecao-classificacao,deck,aula-16.html,unused,Slides: Exceção e Classificação: slides reservados aos slots S4; não servem como capítulo teórico de distrato e denúncia unilateral.
slides-extras-aula-7,deck,aula-16.html,unused,Slides extras da Aula 7: slides reservados aos slots S4; não servem como capítulo teórico de distrato e denúncia unilateral.
slides-moodle-aula-9,deck,aula-16.html,unused,Slides da Aula 9 Moodle: slides reservados aos slots S4; não servem como capítulo teórico de distrato e denúncia unilateral.
BASE-PEREIRA-CAIO-MARIO-III,capitulo-xxxvii-part-01,aula-17.html,unused,"cap. XXXVII: N Oção G Eral De C Ontrato: parte 1: o capítulo trata esse tema específico, sem desenvolver mora, cumprimento defeituoso e inadimplemento definitivo da Aula 17."
BASE-PEREIRA-CAIO-MARIO-III,capitulo-xxxvii-part-01,aula-17.html,background,"Pré-requisito herdado de S0 — aula-02.html: O inadimplemento é medido contra a obrigação vinculante assumida.; aula-03.html: A boa-fé informa cooperação, relevância do descumprimento e exercício do remédio.."
BASE-PEREIRA-CAIO-MARIO-III,capitulo-xxxvii-part-02,aula-17.html,unused,"cap. XXXVII: N Oção G Eral De C Ontrato: parte 2: o capítulo trata esse tema específico, sem desenvolver mora, cumprimento defeituoso e inadimplemento definitivo da Aula 17."
BASE-PEREIRA-CAIO-MARIO-III,capitulo-xxxvii-part-02,aula-17.html,background,"Pré-requisito herdado de S0 — aula-03.html: A boa-fé informa cooperação, relevância do descumprimento e exercício do remédio.."
BASE-PEREIRA-CAIO-MARIO-III,capitulo-xxxviii,aula-17.html,unused,"cap. XXXVIII: C Lassificação Dos C Ontratos: o capítulo trata esse tema específico, sem desenvolver mora, cumprimento defeituoso e inadimplemento definitivo da Aula 17."
BASE-PEREIRA-CAIO-MARIO-III,capitulo-xxxviii,aula-17.html,background,Pré-requisito herdado de S0 — aula-07.html: A exceptio e a bilateralidade orientam a reação à falta da contraprestação.; aula-08.html: A execução imediata ou continuada altera o significado da mora e da ruptura..
BASE-PEREIRA-CAIO-MARIO-III,capitulo-xxxix,aula-17.html,unused,"cap. XXXIX: C Ontrato P Reliminar: o capítulo trata esse tema específico, sem desenvolver mora, cumprimento defeituoso e inadimplemento definitivo da Aula 17."
BASE-PEREIRA-CAIO-MARIO-III,capitulo-xl,aula-17.html,unused,"cap. XL: A Rras: o capítulo trata esse tema específico, sem desenvolver mora, cumprimento defeituoso e inadimplemento definitivo da Aula 17."
BASE-PEREIRA-CAIO-MARIO-III,capitulo-xli,aula-17.html,unused,"cap. XLI: R Elatividade Dos C Ontratos: o capítulo trata esse tema específico, sem desenvolver mora, cumprimento defeituoso e inadimplemento definitivo da Aula 17."
BASE-PEREIRA-CAIO-MARIO-III,capitulo-xli,aula-17.html,background,Pré-requisito herdado de S0 — aula-02.html: O inadimplemento é medido contra a obrigação vinculante assumida..
BASE-PEREIRA-CAIO-MARIO-III,capitulo-xlii,aula-17.html,unused,"cap. XLII: V Ícios R Edibitórios: o capítulo trata esse tema específico, sem desenvolver mora, cumprimento defeituoso e inadimplemento definitivo da Aula 17."
BASE-PEREIRA-CAIO-MARIO-III,capitulo-xliii,aula-17.html,unused,"cap. XLIII: E Vicção: o capítulo trata esse tema específico, sem desenvolver mora, cumprimento defeituoso e inadimplemento definitivo da Aula 17."
BASE-PEREIRA-CAIO-MARIO-III,capitulo-xliv,aula-17.html,primary,"Extinção dos contratos: cobre cláusula resolutiva, exceção do contrato não cumprido e resolução por falta da prestação; 7.054 palavras."
BASE-PEREIRA-CAIO-MARIO-III,capitulo-xlv,aula-17.html,unused,"cap. XLV: C Ompra E V Enda E T Roca: o capítulo trata esse tema específico, sem desenvolver mora, cumprimento defeituoso e inadimplemento definitivo da Aula 17."
BASE-PEREIRA-CAIO-MARIO-III,capitulo-xlvi-part-01,aula-17.html,unused,"cap. XLVI: M Odalidades E Speciais De C Ompra E V Enda: parte 1: o capítulo trata esse tema específico, sem desenvolver mora, cumprimento defeituoso e inadimplemento definitivo da Aula 17."
BASE-PEREIRA-CAIO-MARIO-III,capitulo-xlvi-part-02,aula-17.html,unused,"cap. XLVI: M Odalidades E Speciais De C Ompra E V Enda: parte 2: o capítulo trata esse tema específico, sem desenvolver mora, cumprimento defeituoso e inadimplemento definitivo da Aula 17."
BASE-PEREIRA-CAIO-MARIO-III,capitulo-xlvii,aula-17.html,unused,"cap. XLVII: D Oação: o capítulo trata esse tema específico, sem desenvolver mora, cumprimento defeituoso e inadimplemento definitivo da Aula 17."
BASE-PEREIRA-CAIO-MARIO-III,capitulo-xlviii-part-01,aula-17.html,unused,"cap. XLVIII: L Ocação De C Oisas: parte 1: o capítulo trata esse tema específico, sem desenvolver mora, cumprimento defeituoso e inadimplemento definitivo da Aula 17."
BASE-PEREIRA-CAIO-MARIO-III,capitulo-xlviii-part-02,aula-17.html,unused,"cap. XLVIII: L Ocação De C Oisas: parte 2: o capítulo trata esse tema específico, sem desenvolver mora, cumprimento defeituoso e inadimplemento definitivo da Aula 17."
BASE-PEREIRA-CAIO-MARIO-III,capitulo-xlix,aula-17.html,unused,"cap. XLIX: E Mpreitada – T Ransporte: o capítulo trata esse tema específico, sem desenvolver mora, cumprimento defeituoso e inadimplemento definitivo da Aula 17."
BASE-PEREIRA-CAIO-MARIO-III,capitulo-l,aula-17.html,unused,"cap. L: E Mpréstimo: o capítulo trata esse tema específico, sem desenvolver mora, cumprimento defeituoso e inadimplemento definitivo da Aula 17."
BASE-PEREIRA-CAIO-MARIO-III,capitulo-li,aula-17.html,unused,"cap. LI: D Epósito: o capítulo trata esse tema específico, sem desenvolver mora, cumprimento defeituoso e inadimplemento definitivo da Aula 17."
BASE-PEREIRA-CAIO-MARIO-III,capitulo-lii,aula-17.html,unused,"cap. LII: P Restação De S Erviços – C Orretagem – C Omissão – A Gência , D Istribuição E “F Ranchising”: o capítulo trata esse tema específico, sem desenvolver mora, cumprimento defeituoso e inadimplemento definitivo da Aula 17."
BASE-PEREIRA-CAIO-MARIO-III,capitulo-liii,aula-17.html,unused,"cap. LIII: M Andato – G Estão De N Egócios: o capítulo trata esse tema específico, sem desenvolver mora, cumprimento defeituoso e inadimplemento definitivo da Aula 17."
BASE-PEREIRA-CAIO-MARIO-III,capitulo-liv,aula-17.html,unused,"cap. LIV: F Idúcia: o capítulo trata esse tema específico, sem desenvolver mora, cumprimento defeituoso e inadimplemento definitivo da Aula 17."
BASE-PEREIRA-CAIO-MARIO-III,capitulo-lv,aula-17.html,unused,"cap. LV: S Ociedade – P Arceria: o capítulo trata esse tema específico, sem desenvolver mora, cumprimento defeituoso e inadimplemento definitivo da Aula 17."
BASE-PEREIRA-CAIO-MARIO-III,capitulo-lvi,aula-17.html,unused,"cap. LVI: E Dição – R Epresentação D Ramática: o capítulo trata esse tema específico, sem desenvolver mora, cumprimento defeituoso e inadimplemento definitivo da Aula 17."
BASE-PEREIRA-CAIO-MARIO-III,capitulo-lvii,aula-17.html,unused,"cap. LVII: S Eguro: o capítulo trata esse tema específico, sem desenvolver mora, cumprimento defeituoso e inadimplemento definitivo da Aula 17."
BASE-PEREIRA-CAIO-MARIO-III,capitulo-lviii,aula-17.html,unused,"cap. LVIII: C Onstituição De R Enda: o capítulo trata esse tema específico, sem desenvolver mora, cumprimento defeituoso e inadimplemento definitivo da Aula 17."
BASE-VENOSA,BASE-VENOSA-01,aula-17.html,unused,"Universo das Relações Contratuais: o capítulo trata esse tema específico, sem desenvolver mora, cumprimento defeituoso e inadimplemento definitivo da Aula 17."
BASE-VENOSA,BASE-VENOSA-02,aula-17.html,unused,"Princípios Gerais do Direito Contratual. Contrato de Adesão. Novas Manifestações Contratuais: o capítulo trata esse tema específico, sem desenvolver mora, cumprimento defeituoso e inadimplemento definitivo da Aula 17."
BASE-VENOSA,BASE-VENOSA-02,aula-17.html,background,"Pré-requisito herdado de S0 — aula-02.html: O inadimplemento é medido contra a obrigação vinculante assumida.; aula-03.html: A boa-fé informa cooperação, relevância do descumprimento e exercício do remédio.; aula-08.html: A execução imediata ou continuada altera o significado da mora e da ruptura.."
BASE-VENOSA,BASE-VENOSA-03,aula-17.html,supporting,"Classificação I trata bilateralidade, exceção do contrato não cumprido e cláusula resolutória, úteis para escolher a reação à falta de contraprestação (8.662 palavras)."
BASE-VENOSA,BASE-VENOSA-04,aula-17.html,unused,"Classificação dos Contratos (II): o capítulo trata esse tema específico, sem desenvolver mora, cumprimento defeituoso e inadimplemento definitivo da Aula 17."
BASE-VENOSA,BASE-VENOSA-04,aula-17.html,background,Pré-requisito herdado de S0 — aula-07.html: A exceptio e a bilateralidade orientam a reação à falta da contraprestação..
BASE-VENOSA,BASE-VENOSA-05,aula-17.html,supporting,"Classificação III, seção 5.4, relaciona execução instantânea/duradoura à avaliação do cumprimento e da ruptura, ponto expresso no escopo da Aula 17 (9.582 palavras)."
BASE-VENOSA,BASE-VENOSA-06,aula-17.html,unused,"Elementos do Contrato: o capítulo trata esse tema específico, sem desenvolver mora, cumprimento defeituoso e inadimplemento definitivo da Aula 17."
BASE-VENOSA,BASE-VENOSA-07,aula-17.html,unused,"Interpretação dos Contratos: o capítulo trata esse tema específico, sem desenvolver mora, cumprimento defeituoso e inadimplemento definitivo da Aula 17."
BASE-VENOSA,BASE-VENOSA-08,aula-17.html,unused,"Teoria da Imprevisão. Revisão dos Contratos: o capítulo trata esse tema específico, sem desenvolver mora, cumprimento defeituoso e inadimplemento definitivo da Aula 17."
BASE-VENOSA,BASE-VENOSA-08,aula-17.html,background,Pré-requisito herdado de S0 — aula-12.html: É preciso separar inadimplemento de desequilíbrio superveniente sem culpa..
BASE-VENOSA,BASE-VENOSA-09,aula-17.html,supporting,"Responsabilidade contratual trata deveres, inadimplemento e consequências indenizatórias; complementa a distinção entre mora e descumprimento definitivo (5.827 palavras)."
BASE-VENOSA,BASE-VENOSA-10,aula-17.html,unused,"Relatividade dos Contratos. Efeitos com Relação a Terceiros: o capítulo trata esse tema específico, sem desenvolver mora, cumprimento defeituoso e inadimplemento definitivo da Aula 17."
BASE-VENOSA,BASE-VENOSA-10,aula-17.html,background,Pré-requisito herdado de S0 — aula-02.html: O inadimplemento é medido contra a obrigação vinculante assumida..
BASE-VENOSA,BASE-VENOSA-11,aula-17.html,primary,"Extinção dos contratos: trata resolução por inadimplemento, cláusula resolutória, mora e inadimplemento antecipado; 8.555 palavras."
BASE-VENOSA,BASE-VENOSA-12,aula-17.html,unused,"Formação e Conclusão dos Contratos: o capítulo trata esse tema específico, sem desenvolver mora, cumprimento defeituoso e inadimplemento definitivo da Aula 17."
BASE-VENOSA,BASE-VENOSA-13,aula-17.html,unused,"Vícios Redibitórios: o capítulo trata esse tema específico, sem desenvolver mora, cumprimento defeituoso e inadimplemento definitivo da Aula 17."
BASE-VENOSA,BASE-VENOSA-13,aula-17.html,background,Pré-requisito herdado de S0 — aula-07.html: A exceptio e a bilateralidade orientam a reação à falta da contraprestação..
BASE-VENOSA,BASE-VENOSA-14,aula-17.html,unused,"Evicção: o capítulo trata esse tema específico, sem desenvolver mora, cumprimento defeituoso e inadimplemento definitivo da Aula 17."
BASE-VENOSA,BASE-VENOSA-14,aula-17.html,background,Pré-requisito herdado de S0 — aula-07.html: A exceptio e a bilateralidade orientam a reação à falta da contraprestação..
BASE-VENOSA,BASE-VENOSA-15,aula-17.html,unused,"Vontade Privada e Contratos Administrativos: o capítulo trata esse tema específico, sem desenvolver mora, cumprimento defeituoso e inadimplemento definitivo da Aula 17."
BASE-VENOSA,BASE-VENOSA-16,aula-17.html,unused,"Arbitragem: o capítulo trata esse tema específico, sem desenvolver mora, cumprimento defeituoso e inadimplemento definitivo da Aula 17."
BASE-VENOSA,BASE-VENOSA-17,aula-17.html,unused,"Introdução ao Direito Especial dos Contratos: o capítulo trata esse tema específico, sem desenvolver mora, cumprimento defeituoso e inadimplemento definitivo da Aula 17."
BASE-VENOSA,BASE-VENOSA-18-01,aula-17.html,unused,"Compra e Venda: 18.1 Conceito. Efeitos Obrigacionais do Contrato de Compra e Venda: o capítulo trata esse tema específico, sem desenvolver mora, cumprimento defeituoso e inadimplemento definitivo da Aula 17."
BASE-VENOSA,BASE-VENOSA-18-02,aula-17.html,unused,"Compra e Venda: 18.6 Venda Ad Corpus e Ad Mensuram: o capítulo trata esse tema específico, sem desenvolver mora, cumprimento defeituoso e inadimplemento definitivo da Aula 17."
BASE-VENOSA,BASE-VENOSA-18-03,aula-17.html,unused,"Compra e Venda: 18.8.1 Incoterms: o capítulo trata esse tema específico, sem desenvolver mora, cumprimento defeituoso e inadimplemento definitivo da Aula 17."
BASE-VENOSA,BASE-VENOSA-19-01,aula-17.html,unused,"Cláusulas Especiais da Compra e Venda: 19.1 Retrovenda: o capítulo trata esse tema específico, sem desenvolver mora, cumprimento defeituoso e inadimplemento definitivo da Aula 17."
BASE-VENOSA,BASE-VENOSA-19-02,aula-17.html,unused,"Cláusulas Especiais da Compra e Venda: 19.8 Venda Mediante Poupança: o capítulo trata esse tema específico, sem desenvolver mora, cumprimento defeituoso e inadimplemento definitivo da Aula 17."
BASE-VENOSA,BASE-VENOSA-20,aula-17.html,unused,"Troca ou Permuta: o capítulo trata esse tema específico, sem desenvolver mora, cumprimento defeituoso e inadimplemento definitivo da Aula 17."
BASE-VENOSA,BASE-VENOSA-21,aula-17.html,unused,"Contrato Estimatório ou de Consignação: o capítulo trata esse tema específico, sem desenvolver mora, cumprimento defeituoso e inadimplemento definitivo da Aula 17."
BASE-VENOSA,BASE-VENOSA-22-01,aula-17.html,unused,"Doação: 22.1 Conceito. Natureza Contratual. Conteúdo. Origens. Características: o capítulo trata esse tema específico, sem desenvolver mora, cumprimento defeituoso e inadimplemento definitivo da Aula 17."
BASE-VENOSA,BASE-VENOSA-22-02,aula-17.html,unused,"Doação: 22.8.1 Prazo Decadencial da Ação Revogatória: o capítulo trata esse tema específico, sem desenvolver mora, cumprimento defeituoso e inadimplemento definitivo da Aula 17."
BASE-VENOSA,BASE-VENOSA-23-01,aula-17.html,unused,"Locação de Coisas. Lei do Inquilinato: 23.1 Espécies. Conceitos. Natureza: o capítulo trata esse tema específico, sem desenvolver mora, cumprimento defeituoso e inadimplemento definitivo da Aula 17."
BASE-VENOSA,BASE-VENOSA-23-02,aula-17.html,unused,"Locação de Coisas. Lei do Inquilinato: 23.3.10 Aluguel. Ação Revisional: o capítulo trata esse tema específico, sem desenvolver mora, cumprimento defeituoso e inadimplemento definitivo da Aula 17."
BASE-VENOSA,BASE-VENOSA-24,aula-17.html,unused,"Empréstimo: Comodato: o capítulo trata esse tema específico, sem desenvolver mora, cumprimento defeituoso e inadimplemento definitivo da Aula 17."
BASE-VENOSA,BASE-VENOSA-25,aula-17.html,unused,"Empréstimo: Mútuo: o capítulo trata esse tema específico, sem desenvolver mora, cumprimento defeituoso e inadimplemento definitivo da Aula 17."
BASE-VENOSA,BASE-VENOSA-27,aula-17.html,unused,"Empreitada: o capítulo trata esse tema específico, sem desenvolver mora, cumprimento defeituoso e inadimplemento definitivo da Aula 17."
BASE-VENOSA,BASE-VENOSA-28,aula-17.html,unused,"Depósito: o capítulo trata esse tema específico, sem desenvolver mora, cumprimento defeituoso e inadimplemento definitivo da Aula 17."
BASE-VENOSA,BASE-VENOSA-29-01,aula-17.html,unused,"Mandato: 29.1 Conceito. Natureza. Procuração. Representação e Mandato: o capítulo trata esse tema específico, sem desenvolver mora, cumprimento defeituoso e inadimplemento definitivo da Aula 17."
BASE-VENOSA,BASE-VENOSA-29-02,aula-17.html,unused,"Mandato: 29.7 Procuração em Causa Própria. Contrato Consigo Mesmo ou Autocontrato: o capítulo trata esse tema específico, sem desenvolver mora, cumprimento defeituoso e inadimplemento definitivo da Aula 17."
BASE-VENOSA,BASE-VENOSA-30,aula-17.html,unused,"Comissão: o capítulo trata esse tema específico, sem desenvolver mora, cumprimento defeituoso e inadimplemento definitivo da Aula 17."
BASE-VENOSA,BASE-VENOSA-31,aula-17.html,unused,"Agência e Distribuição: o capítulo trata esse tema específico, sem desenvolver mora, cumprimento defeituoso e inadimplemento definitivo da Aula 17."
BASE-VENOSA,BASE-VENOSA-32,aula-17.html,unused,"Corretagem: o capítulo trata esse tema específico, sem desenvolver mora, cumprimento defeituoso e inadimplemento definitivo da Aula 17."
BASE-VENOSA,BASE-VENOSA-33-01,aula-17.html,unused,"Transporte: 33.1 Conceito. Origens: o capítulo trata esse tema específico, sem desenvolver mora, cumprimento defeituoso e inadimplemento definitivo da Aula 17."
BASE-VENOSA,BASE-VENOSA-33-02,aula-17.html,unused,"Transporte: 33.10 Bilhete de Passagem: o capítulo trata esse tema específico, sem desenvolver mora, cumprimento defeituoso e inadimplemento definitivo da Aula 17."
BASE-VENOSA,BASE-VENOSA-34-01,aula-17.html,unused,"Seguro: 34.1 Origens. Conceito: o capítulo trata esse tema específico, sem desenvolver mora, cumprimento defeituoso e inadimplemento definitivo da Aula 17."
BASE-VENOSA,BASE-VENOSA-34-02,aula-17.html,unused,"Seguro: 34.13 Sub-rogação: o capítulo trata esse tema específico, sem desenvolver mora, cumprimento defeituoso e inadimplemento definitivo da Aula 17."
BASE-VENOSA,BASE-VENOSA-35,aula-17.html,unused,"Constituição de Renda: o capítulo trata esse tema específico, sem desenvolver mora, cumprimento defeituoso e inadimplemento definitivo da Aula 17."
BASE-VENOSA,BASE-VENOSA-36,aula-17.html,unused,"Jogo e Aposta: o capítulo trata esse tema específico, sem desenvolver mora, cumprimento defeituoso e inadimplemento definitivo da Aula 17."
BASE-VENOSA,BASE-VENOSA-37-01,aula-17.html,unused,"Fiança: 37.1 Conceito. Natureza. Modalidades: o capítulo trata esse tema específico, sem desenvolver mora, cumprimento defeituoso e inadimplemento definitivo da Aula 17."
BASE-VENOSA,BASE-VENOSA-37-02,aula-17.html,unused,"Fiança: 37.9 Extinção da Fiança: o capítulo trata esse tema específico, sem desenvolver mora, cumprimento defeituoso e inadimplemento definitivo da Aula 17."
BASE-VENOSA,BASE-VENOSA-38,aula-17.html,unused,"Dos Atos Unilaterais: Promessa de Recompensa. Concurso: o capítulo trata esse tema específico, sem desenvolver mora, cumprimento defeituoso e inadimplemento definitivo da Aula 17."
BASE-VENOSA,BASE-VENOSA-39,aula-17.html,unused,"Dos Atos Unilaterais: Gestão de Negócios: o capítulo trata esse tema específico, sem desenvolver mora, cumprimento defeituoso e inadimplemento definitivo da Aula 17."
BASE-VENOSA,BASE-VENOSA-40,aula-17.html,unused,"Fornecimento: o capítulo trata esse tema específico, sem desenvolver mora, cumprimento defeituoso e inadimplemento definitivo da Aula 17."
BASE-VENOSA,BASE-VENOSA-41,aula-17.html,unused,"Incorporação Imobiliária: o capítulo trata esse tema específico, sem desenvolver mora, cumprimento defeituoso e inadimplemento definitivo da Aula 17."
BASE-VENOSA,BASE-VENOSA-42,aula-17.html,unused,"Compromisso de Compra e Venda: o capítulo trata esse tema específico, sem desenvolver mora, cumprimento defeituoso e inadimplemento definitivo da Aula 17."
BASE-VENOSA,BASE-VENOSA-43,aula-17.html,unused,"Garagem: o capítulo trata esse tema específico, sem desenvolver mora, cumprimento defeituoso e inadimplemento definitivo da Aula 17."
BASE-VENOSA,BASE-VENOSA-44,aula-17.html,unused,"Representação Comercial: o capítulo trata esse tema específico, sem desenvolver mora, cumprimento defeituoso e inadimplemento definitivo da Aula 17."
BASE-VENOSA,BASE-VENOSA-45,aula-17.html,unused,"Transferência de Tecnologia. Licença e Know-How: o capítulo trata esse tema específico, sem desenvolver mora, cumprimento defeituoso e inadimplemento definitivo da Aula 17."
BASE-VENOSA,BASE-VENOSA-46,aula-17.html,unused,"Franquia: o capítulo trata esse tema específico, sem desenvolver mora, cumprimento defeituoso e inadimplemento definitivo da Aula 17."
BASE-VENOSA,BASE-VENOSA-47,aula-17.html,unused,"Factoring (Faturização): o capítulo trata esse tema específico, sem desenvolver mora, cumprimento defeituoso e inadimplemento definitivo da Aula 17."
BASE-VENOSA,BASE-VENOSA-48,aula-17.html,unused,"Leasing (Arrendamento Mercantil): o capítulo trata esse tema específico, sem desenvolver mora, cumprimento defeituoso e inadimplemento definitivo da Aula 17."
BASE-VENOSA,BASE-VENOSA-49,aula-17.html,unused,"Sociedade: o capítulo trata esse tema específico, sem desenvolver mora, cumprimento defeituoso e inadimplemento definitivo da Aula 17."
BASE-VENOSA,BASE-VENOSA-50,aula-17.html,unused,"Contratos Agrários: Arrendamento e Parceria: o capítulo trata esse tema específico, sem desenvolver mora, cumprimento defeituoso e inadimplemento definitivo da Aula 17."
BASE-VENOSA,BASE-VENOSA-51,aula-17.html,unused,"Contratos de Direitos Autorais: o capítulo trata esse tema específico, sem desenvolver mora, cumprimento defeituoso e inadimplemento definitivo da Aula 17."
exercicios-tgc-2026-2,document,aula-17.html,unused,"Exercícios TGC 2026.2: exercício, prova ou gabarito; material de prática/avaliação fica nos slots S4."
gabarito-primeira-lista-exercicios-tgc,document,aula-17.html,unused,"Gabarito Primeira Lista de Exercícios TGC: exercício, prova ou gabarito; material de prática/avaliação fica nos slots S4."
gabarito-questoes-extra-tgc,document,aula-17.html,unused,"Gabarito Questões Extra TGC: exercício, prova ou gabarito; material de prática/avaliação fica nos slots S4."
peer-p1-antiga-com-gabarito,document,aula-17.html,unused,"Prova antiga da P1 com gabarito: exercício, prova ou gabarito; material de prática/avaliação fica nos slots S4."
peer-p1-antiga-sem-gabarito,document,aula-17.html,unused,"Prova antiga da P1 sem gabarito: exercício, prova ou gabarito; material de prática/avaliação fica nos slots S4."
peer-p1-lista-questoes-1,document,aula-17.html,unused,"Primeira lista de questões para a P1: exercício, prova ou gabarito; material de prática/avaliação fica nos slots S4."
peer-p1-lista-questoes-2,document,aula-17.html,unused,"Segunda lista de exercícios para a P1: exercício, prova ou gabarito; material de prática/avaliação fica nos slots S4."
questoes-extra-tgc,document,aula-17.html,unused,"Questões Extra TGC: exercício, prova ou gabarito; material de prática/avaliação fica nos slots S4."
slides-aula-1-26,deck,aula-17.html,unused,"Slides da Aula 1, páginas 1 a 26: slides reservados aos slots S4; não servem como capítulo teórico de mora, cumprimento defeituoso e inadimplemento definitivo."
slides-aula-10-moodle,deck,aula-17.html,unused,"Slides da Aula 10: slides reservados aos slots S4; não servem como capítulo teórico de mora, cumprimento defeituoso e inadimplemento definitivo."
slides-aula-2-27-45,deck,aula-17.html,unused,"Slides da Aula 2, páginas 27 a 45: slides reservados aos slots S4; não servem como capítulo teórico de mora, cumprimento defeituoso e inadimplemento definitivo."
slides-aula-3,deck,aula-17.html,unused,"Slides da Aula 3: slides reservados aos slots S4; não servem como capítulo teórico de mora, cumprimento defeituoso e inadimplemento definitivo."
slides-aula-5-moodle,deck,aula-17.html,unused,"Slides da Aula 5 Moodle: slides reservados aos slots S4; não servem como capítulo teórico de mora, cumprimento defeituoso e inadimplemento definitivo."
slides-excecao-classificacao,deck,aula-17.html,unused,"Slides: Exceção e Classificação: slides reservados aos slots S4; não servem como capítulo teórico de mora, cumprimento defeituoso e inadimplemento definitivo."
slides-extras-aula-7,deck,aula-17.html,unused,"Slides extras da Aula 7: slides reservados aos slots S4; não servem como capítulo teórico de mora, cumprimento defeituoso e inadimplemento definitivo."
slides-moodle-aula-9,deck,aula-17.html,unused,"Slides da Aula 9 Moodle: slides reservados aos slots S4; não servem como capítulo teórico de mora, cumprimento defeituoso e inadimplemento definitivo."
